ID,Complex NLC,From NLC,From ASC,From Station,From Node,To NLC,To ASC,To Station,To Node,Movement,Total,Early     ,AM Peak   ,Midday    ,PM Peak   ,Evening   ,Late      ,0500-0515,0515-0530,0530-0545,0545-0600,0600-0615,0615-0630,0630-0645,0645-0700,0700-0715,0715-0730,0730-0745,0745-0800,0800-0815,0815-0830,0830-0845,0845-0900,0900-0915,0915-0930,0930-0945,0945-1000,1000-1015,1015-1030,1030-1045,1045-1100,1100-1115,1115-1130,1130-1145,1145-1200,1200-1215,1215-1230,1230-1245,1245-1300,1300-1315,1315-1330,1330-1345,1345-1400,1400-1415,1415-1430,1430-1445,1445-1500,1500-1515,1515-1530,1530-1545,1545-1600,1600-1615,1615-1630,1630-1645,1645-1700,1700-1715,1715-1730,1730-1745,1745-1800,1800-1815,1815-1830,1830-1845,1845-1900,1900-1915,1915-1930,1930-1945,1945-2000,2000-2015,2015-2030,2030-2045,2045-2100,2100-2115,2115-2130,2130-2145,2145-2200,2200-2215,2215-2230,2230-2245,2245-2300,2300-2315,2315-2330,2330-2345,2345-0000,0000-0015,0015-0030,0030-0045,0045-0100,0100-0115,0115-0130,0130-0145,0145-0200,0200-0215,0215-0230,0230-0245,0245-0300,0300-0315,0315-0330,0330-0345,0345-0400,0400-0415,0415-0430,0430-0445,0445-0500
30101>30110,511,511,BSTu,Baker Street,EntEx,511,BSTu,Baker Street,Bakerloo // NB,Enter-Board,1628.703919250001,11.37453127,76.08544958000002,470.1417817,651.2120858,287.194027,132.6960439000001,0.0,0.06647855000000001,0.22309447,1.38189221,1.77405613,2.12815629,2.66492154,3.13593208,3.00074874,4.25775962,5.05831886,7.151519860000001,8.745173000000001,8.734857600000002,8.348691800000001,8.197414900000002,6.4741733,5.208412300000001,5.317173400000001,5.5912062,6.003068560000001,6.859836360000001,8.514733760000002,9.644459460000002,10.88642146,12.1205651,13.2997683,13.5399467,14.3364055,15.1078023,17.7790104,18.3374396,19.2219228,19.0617878,19.9174148,18.69966100000001,19.1882344,20.3892256,22.876418,23.8365904,28.6879136,36.4935722,43.91148279999999,51.4281008,56.5631328,56.77067640000001,58.9515,58.42751320000001,57.58254220000001,57.66764140000001,60.5687988,55.09788440000001,52.3943506,49.063225,46.5663408,41.55848020000001,37.4778268,33.17282460000001,28.4433328,23.88638060000001,21.2786634,20.241926,19.4128572,19.0549756,20.8892284,20.5659748,21.310792,21.4592448,20.545339,20.2445818,19.0811204,17.1122875,14.4989321,12.5068968,8.344594740000002,6.323814940000001,5.01262304,3.485137840000001,2.76262894,1.8589406,0.9191461999999999,0.0,0.0,0,0,0,0,0,0,0,0,0,0,0.0,0.0,0.0
30101>30111,511,511,BSTu,Baker Street,EntEx,511,BSTu,Baker Street,Bakerloo // SB,Enter-Board,5128.111247600001,34.61776770000001,528.9510978000001,1857.9389938,1887.3188856,630.8414588,188.4430439,0.0,0.8938053200000001,1.54202912,2.16763566,4.161255860000002,6.02099626,7.895166940000001,11.93687854,17.2121754,20.5833836,27.7952108,38.2522448,48.94261340000001,57.460666,60.7060216,63.63057760000001,58.46694360000002,50.1774606,42.8169594,42.906841,41.6647998,44.69289300000001,48.99490960000001,53.92176600000001,58.22389920000001,62.55578080000001,69.80044960000001,75.77400800000002,80.8548708,85.148798,87.25985100000003,82.818937,79.63530000000002,79.74758200000002,77.90709100000001,76.6249712,77.5598452,79.3826722,81.3315002,84.81022720000001,90.846676,100.82341,114.107052,123.451704,135.438748,143.9728840000001,155.487324,161.157248,172.090622,176.08557,183.65743,177.021678,167.57901,154.363242,141.9019188,118.5632108,100.2699474,85.23144420000001,69.64026500000001,56.33108220000001,50.11960380000001,46.29304660000001,42.2241838,39.480259,37.4810518,34.09971779999999,35.0045792,34.66627800000001,32.342994,28.6509164,29.0812692,24.1368344,20.7594073,16.9663467,14.7066944,9.72927046,6.205144460000001,3.511754760000001,1.77366136,0.5787504600000001,0.0,0.0,0.0,0,0,0,0,0,0,0,0,0,0,0.0,0.0,0.0
30101>30120,511,511,BSTu,Baker Street,EntEx,511,BSTu,Baker Street,H&C and Circle // EB,Enter-Board,5427.428347899999,122.0843829,929.2007920000001,1836.061869,1550.8760208,698.1359253999999,291.0693578,5.8060273,6.6588277,8.268104899999999,10.6026989,14.6721459,17.4645944,25.0593068,33.552677,38.854461,44.194505,65.6031756,82.0512828,94.9350354,108.091154,108.241566,100.647878,87.40077800000002,74.13624800000002,62.22916740000001,62.81554080000001,57.15253800000001,58.26049159999999,58.990802,60.3291066,60.95725120000001,62.38361300000001,63.32366140000001,66.2020002,66.0103074,67.9352214,70.85309559999999,73.02662360000002,73.33100040000002,75.7911062,74.4640442,75.224151,77.796837,82.69650899999998,90.376926,97.79261,102.016309,104.970831,107.782735,108.3940982,111.3478922,108.1419642,122.4248302,128.0997322,132.684813,138.163717,153.4881480000001,146.32238,142.17277,135.826048,125.091192,107.112534,93.246797,84.195999,75.15443300000003,66.672881,61.0100838,54.945276,50.34987200000001,46.5136832,44.1541844,40.7424876,41.4046092,39.74561920000001,38.73316879999999,36.40409860000001,36.9427896,32.5981256,29.7522048,27.492324,25.9440406,20.8731756,16.0905202,11.369869,6.781497000000001,2.6354574,0.1186134,0.0,0.0,0,0,0,0,0,0,0,0,0,0,1.7778244,1.7778244,1.7778244
30101>30121,511,511,BSTu,Baker Street,EntEx,511,BSTu,Baker Street,H&C and Circle // WB,Enter-Board,2896.375170423999,28.10710242400001,288.6815789,976.1803456,999.4305096000002,456.5328618000001,147.4427721,1.292295648,1.686927168,2.116150468,2.52929616,3.06042386,3.817140620000001,5.189072700000001,8.415795800000001,13.4020349,17.017307,20.9134612,24.7021532,26.792738,28.07060580000001,27.6934064,27.884938,27.1404196,26.271825,23.7628822,25.0298076,25.795694,25.7597398,26.8796982,28.6896332,28.4377418,28.7347694,31.8636704,33.3419358,34.7110326,35.9087438,36.938316,35.78165600000001,35.214145,35.18536080000001,35.36254560000001,37.44794760000001,40.80303960000001,43.85048760000001,46.7600084,51.1663824,57.994653,62.926591,71.8513996,84.77515400000001,93.80918800000002,91.007666,93.04759800000002,89.4307912,83.43405520000002,81.01323440000002,83.65935440000001,86.1206564,83.45703320000001,76.44134059999999,72.9448624,65.06472980000001,55.9417266,51.53826979999999,49.67752760000001,42.556922,41.2503532,36.51252360000001,33.9371342,31.5400418,29.4722208,28.5038938,28.361143,27.24110540000001,25.2015996,23.480201,20.5643812,17.4574378,15.2716208,12.93497060000001,10.31333332,8.02852846,5.65618304,3.8810881,2.2783493,1.24130278,0.59309584,0.54068026,0.0,0,0,0,0,0,0,0,0,0,0,0.0,0.0,0.0
30101>30122,511,511,BSTu,Baker Street,EntEx,511,BSTu,Baker Street,Jubilee // NB,Enter-Board,2007.06275786,6.44433048,141.08806238,632.5862986000001,694.0859266000001,375.124874,157.7332658,0.21689376,0.47385802,0.5453729,0.6552666520000001,0.908419752,0.828578612,0.931541932,1.884398852,4.958122299999999,9.3991914,13.75611198,16.785274,17.8910322,16.8201384,13.57297106,10.44052778,8.823544780000002,8.89993938,9.19822658,10.54298252,11.9149596,13.517381,14.7705766,16.2360228,16.6026608,17.72614040000001,17.552742,18.3897782,21.6100408,23.0950476,24.46476800000001,26.4559282,27.014132,24.1584068,24.1911296,24.6027614,25.9286076,27.6672478,30.29572000000001,34.0488126,38.8248838,44.4388554,50.18174500000001,58.89795060000001,62.217188,62.512052,62.18449,60.806551,56.6662442,55.03642240000001,56.5606684,56.9252634,56.9577164,57.2814796,55.2949356,51.6429156,46.4471934,41.375409,34.865012,33.07606699999999,30.1788832,28.3883666,28.6038294,27.9982398,27.2757034,26.290041,25.6433506,24.9827786,23.9298108,21.73398760000001,19.4519474,17.9613846,14.5116434,14.5103392,12.3363672,10.69387044,8.95477004,6.930400840000001,3.33153104,2.08066504,1.3065482,0.0,0.0,0,0,0,0,0,0,0,0,0,0,0.0,0.0,0.0
30101>30123,511,511,BSTu,Baker Street,EntEx,511,BSTu,Baker Street,Jubilee // SB,Enter-Board,9300.4078428,145.9403604,1418.9782856,3060.739164,3019.306626000001,1221.722488,433.7209188,4.2667056,5.4921498,7.354139999999999,11.404966,15.281193,20.8327224,33.1839994,48.1244842,62.18444220000001,74.551416,96.85520300000002,120.1414418,138.7103668,151.7745428,156.461962,156.061524,137.682818,117.998136,104.310054,102.246379,90.103025,90.255515,93.9831158,96.74266259999999,95.84300759999999,101.2025216,108.9801056,115.9077128,119.652178,123.58742,129.906582,129.520296,127.26553,128.187176,126.57399,123.706076,125.914462,131.668254,141.744992,152.8703,163.062594,169.281346,185.24575,189.534552,204.22873,215.582896,243.344436,251.618706,273.256816,284.713072,299.483174,290.277054,279.99477,256.12537,228.165474,192.516128,163.24907,140.088134,125.196158,111.751576,102.68077,94.74979599999999,89.59652,83.6744752,80.4066992,77.07306319999999,77.49693520000001,75.75929119999998,70.97131200000003,64.8018416,62.5542426,55.5958734,47.0144202,39.6640542,33.8420896,23.9516134,15.41745076,10.25341796,6.158997960000002,2.75169696,0.74390816,0.0,0.0,0,0,0,0,0,0,0,0,0,0,0.0,0.0,0.0
30101>30124,511,511,BSTu,Baker Street,EntEx,511,BSTu,Baker Street,Metropolitan // NB,Enter-Board,3895.184141740001,27.86451002,190.69314892,905.3146328,1622.2641612,808.0744596,340.9732292,1.74447212,2.01392504,2.46268112,3.4189398,3.69507162,3.72851976,4.891137580000001,5.909762980000001,7.784762300000001,10.96884102,15.89257202,20.43387008,24.0796024,23.4595616,21.1809476,17.1236128,13.3614318,10.7960967,12.1652201,13.4466305,14.6682375,15.7234979,17.7126622,19.7280182,20.9893774,22.4358348,24.98804620000001,27.30969240000001,28.3820508,31.02053380000001,34.4786924,35.42251080000001,35.3999116,37.1096426,38.52180079999999,40.9529356,44.62295880000001,48.30237020000001,52.5418002,54.11041820000001,55.9197946,58.71414420000001,67.75810279999999,78.50159880000002,89.29749920000002,101.2334208,111.329794,129.278958,135.276746,145.76591,155.798904,166.971362,156.6942680000001,151.765294,147.372704,131.4793012,113.4924892,98.4102472,89.1797032,74.27703360000002,68.0032264,61.27197099999999,59.384491,53.70911579999999,50.81057240000001,45.8346488,46.276071,47.42489000000001,45.11034920000001,41.7445856,41.01252160000001,39.04205580000001,32.6681828,28.8870094,27.908518,24.9025954,18.7634982,15.585115,12.1572224,7.365560400000001,3.967744600000001,1.8582708,0.0,0,0,0,0,0,0,0,0,0,0,0.0,0.0,0.0
30101>30125,511,511,BSTu,Baker Street,EntEx,511,BSTu,Baker Street,Metropolitan // SB,Enter-Board,6278.537363900002,104.4059197,1441.2449906,1668.8579192,2223.7551684,673.3414094,166.9319566,0.0,0.9421174999999999,2.12424058,5.04094138,12.38174178,17.37192738,27.16857248,39.3763786,49.69073380000001,59.23277540000001,88.4247398,113.5117672,141.838024,167.732814,175.048252,175.749644,152.8521468,129.4759428,99.9398642,87.74828659999999,66.39610139999999,66.6633346,58.05102520000001,59.42925020000001,58.3835558,57.0271814,54.7286414,57.49079200000001,56.99747360000001,58.29110360000001,58.60023680000001,60.2457968,59.37887560000001,64.41504760000001,63.97096560000001,63.5304908,65.3741248,68.6693428,71.30253359999999,78.97802759999999,87.3926808,93.512168,113.582738,126.4464312,139.4932172,157.8794212,180.607536,188.469042,206.357042,220.47807,225.016032,221.028368,209.136298,184.674346,157.8440900000001,132.771706,107.392548,89.05330800000002,75.06849799999999,65.19107679999999,56.0729434,50.13897540000001,45.0963594,42.1320254,38.61141000000001,35.5327394,35.0198378,34.0316878,31.7262168,29.8933426,28.9031316,24.2433492,19.933418,14.754255,10.1615578,5.038496800000001,2.2781888,0.0,0.0,0.0,0.0,0.0,0.0,0,0,0,0,0,0,0,0,0,0,0.0,0.0,0.0
30110>30101,511,511,BSTu,Baker Street,Bakerloo // NB,511,BSTu,Baker Street,EntEx,Alight-Exit,3706.365963300002,83.70063720000002,1281.4438938,1348.9097018,570.374367,273.3938666,148.5434969,0.0,1.4906827,2.6186481,3.2465342,7.5976892,13.6792242,22.1762391,32.89161970000001,45.9436408,60.6528978,76.1211748,91.68832320000001,115.6695612,136.802538,144.998352,152.1256,145.565154,125.065624,100.262442,86.548586,71.83509099999998,66.69536900000001,63.919769,65.95392220000001,64.50715300000002,61.10764280000001,56.683474,55.66694920000001,56.08486540000001,56.6518786,56.50432540000001,58.46289780000001,58.1536938,58.71966440000001,56.67148140000001,55.88888580000001,55.46821620000001,55.67574939999999,50.825332,48.3141374,47.3402694,44.61881260000001,41.7067688,41.4533532,45.0000512,46.8067758,47.0798378,47.92942720000001,50.2731292,48.87266279999999,49.03508260000001,51.115891,50.96612500000001,47.71758200000001,44.8211024,40.7567,34.9100266,30.41325000000001,27.5623114,24.2015864,21.593899,20.5005068,19.1231434,18.3446144,18.1584606,18.2238792,19.238532,21.1236568,23.1604278,23.715837,22.7665608,21.0369718,17.36863046,13.30143866,9.84655218,7.33576234,4.54225806,2.9805766,1.621397,0.7147646800000002,0.15231952,0.0,0.0,0,0,0,0,0,0,0,0,0,0,0.0,0.0,0.0
30110>30120,511,511,BSTu,Baker Street,Bakerloo // NB,511,BSTu,Baker Street,H&C and Circle // EB,Alight-Interchange-Board,25.40400059600001,1.9383306784,3.4166501586,10.1717080988,3.4559872202,2.694678582,3.726645858,0.0,0.34496596,0.3508625256,0.3641827336,0.3641827336,0.3902006176,0.0490053998,0.0749307082,0.06161050019999999,0.06161050019999999,0.0721628782,0.085132562,0.195903368,0.271298314,0.332658274,0.449143632,0.601646076,0.4992113020000001,0.423816356,0.362456396,0.209400776,0.147355406,0.2083069,0.265243296,0.389824466,0.5718186860000001,0.512749738,0.497174624,0.470258172,0.4298554620000001,0.34325335,0.439974958,0.42075814,0.479525,0.547264952,0.51904574,0.423488088,0.4450302800000001,0.546318096,0.5358894040000001,0.5479671540000001,0.5016004496,0.4200256476,0.2995793136,0.2312055436,0.3001551476,0.297229344,0.290944486,0.228898632,0.1603450086,0.1182286046,0.2124911746,0.2625326066,0.4178065026000001,0.4947845280000001,0.441365642,0.444950472,0.39490904,0.29201002,0.210469668,0.17623737,0.115300326,0.167114926,0.1217194812,0.1317835172,0.1639175232,0.2421626072,0.2341036312,0.249808202,0.350445334,0.431670286,0.35223672,0.34391434,0.4652759000000001,0.441541292,0.3462327120000001,0.3105108380000001,0.275077594,0.1234496,0.03648304,0.0,0.0,0.0,0,0,0,0,0,0,0,0,0,0,0.0,0.0,0.0
30110>30121,511,511,BSTu,Baker Street,Bakerloo // NB,511,BSTu,Baker Street,H&C and Circle // WB,Alight-Interchange-Board,1258.83366273,8.98999035,176.82553488,286.9381705,348.3477112,244.6337118,193.098544,0.0,0.032596714,0.090994746,0.203465506,0.4347532660000001,0.951933326,2.079327312,5.19691948,7.011073720000002,8.10328002,10.49487536,14.01195346,15.72766786,17.35126826,18.7470932,20.4473076,18.453092,17.3524984,15.422695,13.70273,10.9441122,9.195255099999999,7.1701129,7.9833265,8.8561543,9.016063699999998,10.2245484,10.812036,10.3248596,10.2010146,10.1495448,10.677244,11.2624526,11.8228834,12.5248226,12.9847406,13.4196394,13.5610968,13.9865482,14.6969606,15.7801758,16.0052778,15.889911,19.4493896,22.6114654,24.457614,25.4932948,27.490652,29.6498894,30.7588764,31.63126440000001,32.9171218,34.7511776,32.17223060000001,28.7644734,27.6496514,25.7537796,22.5692084,19.9879606,17.714061,16.6926736,17.2316872,17.1828686,17.85546800000001,20.9000048,21.76886620000001,22.1142016,24.8629322,27.7592968,28.4952396,28.2806294,27.6984128,23.8913178,18.9989422,14.5201534,10.2578044,6.45930056,3.95488616,1.78743516,0.7356499599999999,0.25947576,0.0,0.0,0,0,0,0,0,0,0,0,0,0,0.0,0.0,0.0
30110>30122,511,511,BSTu,Baker Street,Bakerloo // NB,511,BSTu,Baker Street,Jubilee // NB,Alight-Interchange-Board,2692.904218799999,30.54239988,198.51219632,495.4541302,742.7185708000001,677.6387532000001,548.0381684000001,0.0,0.13258652,1.32522224,3.01960824,4.00893816,4.975289360000001,7.95471304,9.12604232,12.28098192,15.912405,21.25206540000001,22.1323192,23.43783500000001,21.4714906,19.290684,15.723741,13.6364774,11.888324,10.6349218,10.850951,10.2322584,9.9722834,10.0246238,10.6334294,10.8872034,11.7035962,12.4850338,13.5791448,14.2291306,14.693025,15.8744428,17.1400232,18.3413164,20.0447768,21.4089174,23.0639582,25.491721,27.25128560000001,29.7862042,31.123539,32.01222560000001,34.5092874,39.2385174,41.7281864,49.230531,52.56022239999999,57.22608140000001,56.47759680000001,62.42077440000001,61.7341154,65.88325400000001,65.436589,70.439477,66.6658498,68.27281880000001,66.3712608,62.17651679999999,58.09969,58.25481380000001,55.8291558,52.70677579999999,54.38601380000001,54.465084,54.1403442,51.98921660000001,53.6720466,57.9123826,64.00671320000001,70.21330640000001,72.62874400000003,71.56873,69.87426400000001,62.72563880000001,53.55819880000001,43.92058820000001,38.89236180000001,28.1145512,18.1543324,9.4988264,6.800011,2.0886154,0.0,0.0,0,0,0,0,0,0,0,0,0,0,0.0,0.0,0.0
30110>30123,511,511,BSTu,Baker Street,Bakerloo // NB,511,BSTu,Baker Street,Jubilee // SB,Alight-Interchange-Board,71.54230845282173,1.292773352,8.620949402,27.09988807200001,23.58402245,8.585289184,2.35938599282172,0.0,0.0,0.08181250000000001,0.20183388,0.226310094,0.258050438,0.289192486,0.2355739540000001,0.134926088,0.1279782992,0.1240709392,0.1752627772000001,0.4960466692000001,0.8771809951999999,1.16000273,1.394240506,1.434227212,1.168837868,0.8622882159999999,0.665887102,0.511998562,0.55113911,0.6082580280000001,0.8303069600000001,0.9207755459999999,1.099068826,1.086069066,1.155273772,1.056921812,1.025708874,1.054767994,1.144465094,1.116349474,1.134220194,1.15771557,1.012256904,0.948581164,0.9542125840000001,0.9781885840000001,1.120930254,1.24299426,1.57452038,2.34322124,2.47194382,2.63491074,2.81771442,2.7654134,2.33277904,2.50294524,2.23242472,2.00231512,1.71581265,1.39236525,1.02366833,0.99390747,1.16976607,1.27910234,1.20745566,1.135641346,1.073495586,0.7858887920000001,0.5826125120000001,0.5339606400000001,0.5046345999999999,0.423012292,0.355165142,0.356257626,0.348062648,0.32227269,0.326634286,0.35903315,0.356499826,0.297694866,0.234931469564344,0.199041962764344,0.112901004764344,0.04930604736434401,0.03655749736434401,0.03655746580000001,0.0197261646,0.0082295626,0.0,0.0,0,0,0,0,0,0,0,0,0,0,0.0,0.0,0.0
30110>30124,511,511,BSTu,Baker Street,Bakerloo // NB,511,BSTu,Baker Street,Metropolitan // NB,Alight-Interchange-Board,5377.003265100001,44.1102997,156.1137966,965.6442099999999,1760.4129048,1356.407802,1094.314252,0.0,1.38144054,2.16837894,3.641812620000001,5.58378022,8.789765820000001,10.60048808,11.94463348,13.5038968,13.605495,14.6595642,13.358516,14.6645652,13.4485842,14.1477358,12.6257408,12.87408,10.8367572,11.276318,11.1125434,10.0498048,10.2468342,12.9683986,14.5000262,16.8259776,19.2997154,21.4018514,23.1204248,25.1553608,25.6987966,28.5544876,33.59500740000001,36.1627034,39.5116914,45.30084340000001,49.420554,53.31651899999999,59.246811,63.1423426,68.3923586,74.2282328,75.52292279999998,75.73974480000003,84.2428008,96.0816388,107.59306,119.717574,135.07563,146.083406,158.259652,165.33944,178.319742,178.621034,175.215932,159.429056,140.67674,129.003002,115.492822,104.1288,93.21103199999999,104.402994,101.182172,108.112534,111.65776,121.28651,117.412624,120.61868,129.898872,145.526176,146.160794,141.46651,139.613428,126.65999,102.870326,87.685474,78.34220479999999,54.6483956,34.68735359999999,21.4954196,12.6189656,2.5392148,0.0,0.0,0,0,0,0,0,0,0,0,0,0,0.0,0.0,0.0
30110>30125,511,511,BSTu,Baker Street,Bakerloo // NB,511,BSTu,Baker Street,Metropolitan // SB,Alight-Interchange-Board,89.6173746149475,0.3980542835790001,11.5482491853685,33.330091316,23.56202592,13.203169504,7.575784406000002,0.0,0.0,0.0,0.0,0.0054878008,0.0810294408,0.08103168098949999,0.2305053609895001,0.5795386409895,0.9154699401895,0.9045324201895002,1.00463915,1.026603902,0.782414608,0.768191208,1.148685088,1.199351158,1.095375754,1.118894008,1.004553308,0.690062948,0.802259308,0.98194422,1.08004506,1.33371208,1.265183644,1.198882072,1.270017212,1.276679812,1.067714992,1.335600048,1.57312292,1.5632984,1.5273101,1.65247148,1.65240102,1.47022298,1.52309636,1.81850406,1.83109604,1.88619856,1.8085428,1.584103800000001,1.1376214,1.01197204,1.10861448,1.34316194,1.85774744,2.28337904,2.8786521,2.82165772,2.66833656,2.35231578,2.1300803,1.57125582,1.5348527,1.52695176,1.55037992,1.47965994,1.35891742,1.06760106,0.9575457479999999,0.713821448,0.7604030079999999,0.769827994,0.873564674,0.9871031659999999,1.157393366,1.187400386,1.37936608,1.3860096,1.294046952,1.01687196,0.76154456,0.3747866200000001,0.16748152,0.008276728,0.0,0.0,0.0,0.0,0.0,0.0,0,0,0,0,0,0,0,0,0,0,0.0,0.0,0.0
30111>30101,511,511,BSTu,Baker Street,Bakerloo // SB,511,BSTu,Baker Street,EntEx,Alight-Exit,236.8670765,5.620940839999999,84.63856170000001,95.95961398,34.8670407,12.427016152,3.353903128,0.0,0.1663967200000001,0.34141926,0.55740006,0.83527152,0.99149146,1.11159554,1.61736628,2.09766654,3.31620588,5.897867140000002,8.61799414,9.512686380000002,10.27991726,10.14839666,8.844584860000003,7.046066860000002,6.8128148,6.23249626,5.83186492,5.4826196,5.392339120000001,5.025432380000002,5.02413452,4.98598794,4.75772656,4.46234044,4.30720024,4.2888443,4.34080534,4.147983760000002,4.04024102,3.884782,3.7113778,3.29773848,3.23753602,3.14497626,3.20825916,3.19579476,3.21041082,3.19573792,3.326141020000001,3.20350366,3.08770086,3.1486816,3.12171644,2.96395562,2.88560898,2.84975954,2.80433314,2.85703392,2.98532814,2.95579592,2.96398136,2.832915900000001,2.49793014,2.00929756,1.82905156,1.48726312,1.165631788,1.061415348,0.970194388,0.777248928,0.718845148,0.7093363800000001,0.616681316,0.562035396,0.5200152200000001,0.4608857300000001,0.4019565100000001,0.4139833500000001,0.4313227100000001,0.39053506,0.354092582,0.312122938,0.2491074660000001,0.143190366,0.101695472,0.06325546000000001,0.031755484,0.0,0.0,0.0,0,0,0,0,0,0,0,0,0,0,0.0,0.0,0.0
30111>30120,511,511,BSTu,Baker Street,Bakerloo // SB,511,BSTu,Baker Street,H&C and Circle // EB,Alight-Interchange-Board,324.0460428500001,15.50575934,102.28676365,92.86232826,83.8937286,20.450900674,9.046562326,0.0,1.1086667,1.1086667,2.0407435,2.0407435,3.0763193,2.02688182,4.10373782,3.188950358,3.26338139,5.663853390000001,8.469867970000001,7.48859551,11.337550972,12.90878054,13.56917634,10.76491932,10.82276998,8.227289240000001,6.581628640000001,2.48518504,3.648800860000001,3.2926978,2.55053594,5.07358314,5.52438218,5.48031198,5.263914240000001,5.806953840000001,3.97464424,4.38932868,3.538026380000001,3.928939280000001,3.3327294,3.11875696,2.6128229,3.24824334,2.6935327,2.66312284,2.54263608,3.02477616,3.71517642,4.89274236,6.0604855,7.462830500000001,8.286981599999999,8.572689800000001,9.449537800000002,9.4452774,8.469685,8.13914188,7.038030180000002,5.482940040000001,4.01711094,3.89437562,3.635127840000001,3.029976320000001,2.8874487,3.05963838,2.3993427,1.71506272,1.61278306,1.16709374,0.99727446,1.15450228,0.87062598,0.8990094400000002,0.658142894,0.6624626840000001,0.7131077840000001,0.7711013440000001,0.6914450800000002,0.7173549060000001,0.7133364360000001,0.8636863560000001,1.045323216,0.9643799,0.8510941000000001,0.7057466800000001,0.34752384,0.0,0.0,0.0,0,0,0,0,0,0,0,0,0,0,0.0,0.0,0.0
30111>30121,511,511,BSTu,Baker Street,Bakerloo // SB,511,BSTu,Baker Street,H&C and Circle // WB,Alight-Interchange-Board,118.6725920000001,1.312159888,28.064567782,42.06664326000001,32.52867664,11.272444714,3.428099716,0.0,0.0,0.083535724,0.112627436,0.199214836,0.255296828,0.282257194,0.37922787,0.6851067980000001,0.7412886780000001,1.853531166,3.216025740000001,3.66593774,3.656458360000001,3.90946622,3.10228392,2.09603072,1.80840512,1.72024776,1.60978556,1.58953122,1.51077272,1.40364378,1.54717526,1.7853642,1.94774232,2.0691838,2.19113538,2.1262044,1.9486662,1.8026464,1.83641648,2.01842464,2.04964658,1.868904808,1.796174388,1.591886008,1.336829888,1.241729688,1.31706238,1.503946,1.81511548,1.88109192,1.88734932,2.03489518,2.07982796,1.99118132,2.23013534,2.7591164,3.10985228,3.06233274,3.17962524,3.47119258,3.18292924,2.83676626,2.5908221,2.117329588,1.380016228,1.025031358,0.81906961,0.8027536700000001,0.7792328220000001,0.7219046980000001,0.728604888,0.7363975640000001,0.6815368240000002,0.6990370900000001,0.7815303740000001,0.8067769020000001,0.6493448620000001,0.52459095,0.447240626,0.3237578680000001,0.14776476,0.148391278,0.141501914,0.103183572,0.05774925,0.05774925,0.020048484,0.0,0.0,0.0,0,0,0,0,0,0,0,0,0,0,0.0,0.0,0.0
30111>30122,511,511,BSTu,Baker Street,Bakerloo // SB,511,BSTu,Baker Street,Jubilee // NB,Alight-Interchange-Board,1375.7600976,21.0483079,251.5420914,372.4951597,480.975175,179.40824204,70.29112155999998,0.0,0.019020088,0.06236162000000001,0.28697318,2.41374698,4.06787798,5.826043692000001,8.37228436,14.2764078,18.8246112,25.4629782,31.551625,34.5866492,31.5599322,28.4094984,21.33670292,14.82537892,11.23815952,10.57820152,8.89194652,10.4293668,11.8135156,12.8459176,12.6527304,13.5902614,13.5533344,13.57738,13.1047027,13.4549489,12.9789295,12.7565607,13.1644283,13.4585922,13.3157806,13.7570396,14.3298348,14.8490016,15.544587,17.1702792,19.1023396,20.4297738,21.4954132,26.3394672,28.7809746,33.2493378,36.752213,39.1286502,38.9360092,40.4342322,39.816561,43.1919054,44.38368460000001,45.12224160000001,43.7492036,41.67014620000001,34.5409902,31.216125,25.4672946,21.61289600000001,17.6857882,15.7390372,12.4599318,10.9662734,10.201869,9.327973199999999,8.54668408,8.20748148,7.976888080000001,7.33346148,7.80987988,8.191584599999999,8.9748524,9.7692154,8.865597500000002,7.04883764,5.823175439999999,3.659487640000001,1.36137584,0.8785313400000001,0.5751224,0.0,0.0,0.0,0,0,0,0,0,0,0,0,0,0,0.0,0.0,0.0
30111>30123,511,511,BSTu,Baker Street,Bakerloo // SB,511,BSTu,Baker Street,Jubilee // SB,Alight-Interchange-Board,6401.747498599998,208.7451072,1904.2524408,2040.1384274,1357.2478978,680.6829101999999,210.6807152,0.0,5.013303400000002,10.2927936,15.6726208,27.5945882,38.15004099999999,45.57128420000001,66.45047600000001,86.1995508,100.2224234,132.8523766,161.963304,182.7251,191.923654,207.175326,199.7645800000001,185.21018,164.338612,153.72026,138.157074,130.71971,121.573134,114.175798,107.705596,99.6207,87.51510199999998,86.96567399999999,85.32421,85.911212,81.70535699999999,78.65509700000001,75.882075,73.299401,68.488125,67.21826999999999,66.79294800000001,68.005426,67.19323399999999,68.06859800000001,70.86405400000002,76.42788879999999,78.93444880000001,86.14626080000001,92.946108,99.817596,102.6451632,109.7702812,113.3521232,118.02588,119.717826,121.5613252,120.4900512,120.1448852,116.2164302,111.6928952,103.8134412,95.555352,83.974083,73.80104460000003,66.6883508,61.7756496,53.3820028,48.7348784,45.8750104,41.3272022,38.016887,36.571926,34.9805234,32.3008468,29.9727532,26.8730018,26.146946,24.362474,21.1335128,17.6122628,14.78628832,9.31411112,4.85464712,2.36105032,0.96282092,0.0,0.0,0.0,0,0,0,0,0,0,0,0,0,0,0.0,0.0,0.0
30111>30124,511,511,BSTu,Baker Street,Bakerloo // SB,511,BSTu,Baker Street,Metropolitan // NB,Alight-Interchange-Board,679.1943348310002,7.887290171000001,76.86723262,136.06520374,316.5424062,102.50779038,39.32441172000001,0.0,0.076202428,0.08068592620000001,0.4478773062,0.8407099862,1.5071199062,2.0668437182,2.867850900000001,3.99397178,5.4660979,6.67681058,7.83711354,9.19736246,9.01570486,8.007088459999999,7.183009800000002,6.3367898,4.788425600000001,4.200453919999998,4.16440392,4.63490152,4.135968640000002,4.03002894,4.0368417,3.967712300000001,3.2182746,3.66763878,4.25335828,4.719986840000002,4.85492432,4.92940328,4.926001040000001,4.96854254,4.89485812,5.07129344,5.34305794,5.564546680000001,5.550710580000001,5.792990400000001,6.4260496,6.940258099999999,7.3658948,11.0408784,15.7310829,16.8614775,20.8769773,22.9234298,28.6785906,28.53793839999999,32.2705048,30.6097546,34.3147284,29.9791706,27.199714,22.753151,21.5369692,16.7926454,12.4406036,10.88448486,10.91727586,9.98322506,8.36337356,7.567029700000001,6.742105240000001,5.63664038,4.70250858,4.41898474,4.0589134,4.115219740000001,3.70350484,4.17728624,5.53778878,5.121278760000001,5.0188059,4.676347760000001,3.51931026,1.51091686,1.21543668,0.506831,0.2216849,0.0,0.0,0.0,0,0,0,0,0,0,0,0,0,0,0.0,0.0,0.0
30111>30125,511,511,BSTu,Baker Street,Bakerloo // SB,511,BSTu,Baker Street,Metropolitan // SB,Alight-Interchange-Board,1456.7760865,57.5695504,559.1976582,490.11274062,241.76871088,90.10997624000001,18.01745016,0.0,0.0,1.0513524,2.47470368,5.24056688,7.729795080000001,15.74035708,25.33277528,33.12457000000001,41.16845020000001,45.05113000000001,47.586356,47.3425434,45.59131180000001,46.0676284,57.0759114,55.3458864,50.5694284,45.89889280000001,44.3755494,33.8798424,29.8574738,28.3881058,30.32802539999999,25.0732068,22.714292,21.6136916,22.211412,22.4371292,21.7594954,20.1457064,19.8148528,18.5372856,16.7295344,15.7384594,16.2119106,16.7107162,16.2060988,15.2435458,15.306849,16.960278,14.59400594,14.71924934,14.93157394,14.89517974,14.21980594,17.43521,18.4547108,21.1934368,23.576626,23.3076158,23.79308080000001,22.7742654,23.2922022,20.2954006,18.5311768,15.9809424,13.97844006,9.576737400000004,8.625844599999999,7.586751800000001,6.0148732,5.775165060000001,5.546511440000002,5.110368240000001,4.41470254,3.888885140000001,3.61075436,3.15625984,2.8095288,2.65160882,2.694384680000001,2.4036306,1.8307826,1.31206384,0.8746897200000001,0.28450126,0.0,0.0,0.0,0.0,0.0,0.0,0,0,0,0,0,0,0,0,0,0,0.0,0.0,0.0
30120>30101,511,511,BSTu,Baker Street,H&C and Circle // EB,511,BSTu,Baker Street,EntEx,Alight-Exit,2552.486787796,73.90420573600001,846.0521668000001,962.4420200000001,456.0968027999999,149.1952864,64.79630606000002,0.691180832,1.935966132,5.322986932000001,6.44980098,9.080486599999999,11.57285142,18.09355072,20.75738212000001,27.73182760000001,36.4755316,49.6801048,60.7780242,78.981861,89.9949172,94.7220162,94.427189,91.173319,81.07910799999999,73.3598848,67.6483834,63.4202226,58.82072460000001,53.7873986,51.60895260000001,48.78401400000001,45.47001599999999,41.792196,39.498158,37.3863652,38.76345360000001,38.0353732,38.331212,39.043846,39.3987776,35.57142980000001,34.0457096,32.628532,32.4599928,31.8007772,33.1805902,34.2663682,33.5696236,29.2529616,31.525325,38.0502434,37.63392,39.1989834,42.9814816,41.130843,37.795431,35.99592219999999,40.29100020000001,39.5055766,38.5695186,33.22358060000001,31.72030220000001,22.266544,19.4917546,15.4705514,13.0509194,11.8006986,11.9405114,10.1307876,9.907106599999999,9.510266,8.829811999999999,8.406373199999999,8.389961600000001,7.822406280000001,8.069505880000001,8.16853002,7.451712480000001,6.929494280000003,5.960032540000001,4.327432020000002,3.38626476,3.5870551,2.6525767,2.08327396,1.70641748,1.1208626,0.0,0.0,0,0,0,0,0,0,0,0,0,0,0.5102473200000001,0.5102473200000001,0.5102473200000001
30120>30110,511,511,BSTu,Baker Street,H&C and Circle // EB,511,BSTu,Baker Street,Bakerloo // NB,Alight-Interchange-Board,154.2740107670201,0.37819752961203,11.00943876940802,46.08950354,52.81996804000001,29.16939396,14.807508928,0.0,0.0003972421000000001,0.0253260181,0.0393222809,0.0600751809,0.06007532420401,0.07139168970401,0.12160979370401,0.21021464090401,0.33905668090401,0.4747590876000001,0.73373818,0.95377348,1.29081423,1.37434259,1.416482812,1.341113292,1.115531532,0.869805312,0.8898069320000002,0.8737903800000001,1.08365294,1.44141372,1.60624464,1.63343846,1.60243764,1.47746692,1.3893978,1.38514688,1.45531032,1.7237304,1.86891044,1.99962062,2.0934178,2.02714566,1.88335298,1.89411048,1.9095131,2.19235468,2.583685,3.1650221,3.10556598,2.89400978,2.80076482,2.96976438,2.771466280000001,3.6198899,4.548330420000001,4.82959098,5.498543740000001,5.57319348,5.48283402,4.89753486,5.01888626,3.948222380000001,3.66171134,2.931036,2.87846314,2.51717578,2.46729096,2.43715102,2.626480260000001,2.49031358,2.3401499,2.2840333,2.07826176,2.02506042,2.09397784,2.2515222,2.50682452,2.59618036,2.48045088,2.071918012,1.39802704,0.8172620495999999,0.5371871896,0.1127035096,0.0240684576,0.0113647096,0.0,0.0,0.0,0.0,0,0,0,0,0,0,0,0,0,0,0.0,0.0,0.0
30120>30111,511,511,BSTu,Baker Street,H&C and Circle // EB,511,BSTu,Baker Street,Bakerloo // SB,Alight-Interchange-Board,1427.415327781295,13.95661584,286.55372396,469.6184052,460.4275416,154.8505789,42.00846228129527,0.0,0.25733954,0.6598669399999999,0.8390686399999999,1.02348216,1.79084848,3.23899934,6.14701074,10.11690464,14.16513852,17.6386428,22.3127084,27.0310262,28.4200506,31.48376720000001,32.5662314,31.43355840000001,26.9810798,24.520467,19.884149,17.83843180000001,16.1938354,15.510446,16.10566080000001,17.3794474,18.0229986,18.1173986,19.02255760000001,20.2929806,20.0280686,19.9587122,20.6629048,21.3673482,20.7437472,21.0990854,21.2769326,21.4634176,20.8433026,19.494222,19.6962786,19.6823702,20.2641306,20.7841754,23.7699524,26.42289640000001,29.3459728,33.3535842,37.81067940000001,40.4267534,44.43521900000001,44.29307180000001,47.0432538,45.0165762,42.79535580000001,35.87526879999999,33.60890999999999,23.15771,19.5680166,15.7877202,14.9887396,12.9477698,13.3415079,11.4442583,10.7405215,8.92058836,8.11304316,7.727826540000001,8.11287694,8.255164440000001,8.06887886,7.079425800000001,6.116555640000001,4.64370572,3.06358622,2.01205762,1.319704116259052,0.7983347962590521,0.540138916259052,0.110910116259052,3.6259052e-08,0.0,0.0,0.0,0,0,0,0,0,0,0,0,0,0,0.0,0.0,0.0
30120>30122,511,511,BSTu,Baker Street,H&C and Circle // EB,511,BSTu,Baker Street,Jubilee // NB,Alight-Interchange-Board,770.6543042499998,11.74825065,116.65935268,189.34561162,274.4940132,115.0559283,63.35114779999999,0.3268494200000001,0.4568963400000001,0.74670418,0.94362523,1.18102735,1.63781651,2.67027219,3.78505943,6.05414478,8.36611426,10.72695268,12.65169548,14.2159838,13.810657,12.3388816,10.50886306,8.49044966,6.73903472,5.984414320000001,6.77216132,7.21269566,7.08869566,6.808612200000001,6.49122908,5.81386288,5.359715599999999,5.67733468,6.081201340000002,6.111540860000002,6.050110060000002,5.812418000000001,5.754554660000001,6.084598600000001,6.56054446,6.82378786,7.337658279999999,8.23500014,8.49346274,8.92105778,10.22764258,11.8887177,12.4298105,12.7949849,15.2863754,20.0057358,21.8251708,25.1318844,27.02823900000001,26.860168,24.453022,21.4756434,21.5450572,22.3926348,22.6242876,20.5046382,20.647532,15.7779951,12.6357703,10.2089275,8.790856600000001,8.3458027,8.66813948,8.34177308,8.23680948,8.300885580000001,8.26512508,8.569784199999999,8.914059199999999,8.39460614,8.62796234,7.96688446,7.11749426,6.42275272,6.14536858,4.58796542,4.28665082,3.8657969,2.64598984,1.49710464,1.286207,0.50636468,0.0,0.0,0,0,0,0,0,0,0,0,0,0,0.0,0.0,0.0
30120>30123,511,511,BSTu,Baker Street,H&C and Circle // EB,511,BSTu,Baker Street,Jubilee // SB,Alight-Interchange-Board,2479.366978074,66.506917674,637.1328027999999,718.3981006,736.8092383999999,227.5158538,93.00406479999998,0.5302977400000001,1.69374434,2.38810554,5.118094033999999,8.592662220000001,11.832061,15.591989,20.7599638,25.1615246,30.723789,38.40503820000001,50.2743236,62.59168879999999,70.15861559999999,73.2400796,74.5241342,66.7914402,56.20916020000001,47.38101520000001,41.6719936,35.67772400000001,33.59976339999999,31.1418258,30.8784718,29.6669614,28.4792332,27.0980408,27.97316600000001,28.6676872,28.3097232,28.03052,28.3351662,28.0662326,26.5155074,26.464564,26.9790982,27.7613176,27.8059652,28.9793432,30.58168060000001,32.7481732,33.5336316,33.3883638,37.71594020000001,40.79757739999999,46.0940566,47.8703824,59.94611339999999,63.85120600000001,74.7409428,70.24853759999999,80.76487879999999,73.5314688,69.01647679999999,55.98148399999999,53.96611380000001,38.134681,33.245651,25.9335926,22.9730536,18.328697,16.3447332,12.7917844,13.1652394,11.0960082,11.8338028,11.7049704,11.9636402,11.4156242,11.2906254,10.4398652,11.8248576,11.171795,9.8593914,8.090684399999999,7.20573952,4.597568920000001,2.94656452,2.06688152,1.496070320000001,0.5983968000000001,0.0,0.0,0,0,0,0,0,0,0,0,0,0,0.0,0.0,0.0
30120>30124,511,511,BSTu,Baker Street,H&C and Circle // EB,511,BSTu,Baker Street,Metropolitan // NB,Alight-Interchange-Board,2821.576513031,38.610142631,301.817019,675.2590444,1080.86598,473.4065399999999,251.617787,0.366893861,0.980451581,2.013158501,3.142680104,4.656218064000001,6.740520160000001,9.14953104,11.56068932,15.2432202,20.1135248,27.775711,33.643341,35.7734016,34.7572632,32.4096028,26.3508028,21.4356694,18.3749562,18.47673360000001,17.4627924,17.0977484,16.5004564,17.8307338,17.1716952,18.0318358,18.6458064,19.4625496,20.006148,21.8696146,21.79247680000001,22.9579148,24.3849464,26.0241436,26.083665,28.4492244,29.8107116,32.0431782,33.6216572,37.3571932,40.1344302,43.82394439999999,46.4942112,44.0256382,51.639121,61.4462044,71.133403,79.26300040000002,95.01630779999999,98.54778780000001,107.9880418,96.1719194,103.4826106,102.6524226,99.1840986,82.21319159999999,83.766992,62.9465768,52.8256142,44.2712432,40.61268920000001,36.72483,38.055776,34.3752556,33.5511956,31.9603222,32.292981,32.39495460000001,33.3951016,32.6613132,32.8868942,31.943603,30.122665,27.775482,25.17777700000001,19.9406314,16.8164476,14.0230818,9.1122898,5.2406902,3.954141200000001,1.9627706,0.0,0.0,0,0,0,0,0,0,0,0,0,0,0.0,0.0,0.0
30120>30125,511,511,BSTu,Baker Street,H&C and Circle // EB,511,BSTu,Baker Street,Metropolitan // SB,Alight-Interchange-Board,81.75032022400002,2.397685898,38.85254946000001,18.66623990199999,15.780922444,3.706916016,2.346006504,0.0,0.0,0.011621842,0.06524864799999999,0.275896868,0.350348494,0.725841194,0.968728852,1.461818646,1.389687318,2.233810412,2.208036612,4.362746312000001,4.108684552000001,5.634593860000002,4.96306414,5.266150280000002,2.94702592,2.843407354,1.433524054,1.518736554,1.018612126,1.125562046,1.062412438,0.9796466979999999,0.722302784,0.763935412,0.6505020800000001,0.6564530439999999,0.57282151,0.6733078840000001,0.56904906,0.747198392,0.6849313340000001,0.7560824279999999,0.646757638,0.7073064020000001,0.5190546979999999,0.61646884,0.5559531600000001,0.76607439,0.7188447499999999,0.7793517940000001,0.85487444,1.02528454,1.0224136,1.23829396,1.57458654,1.68597828,1.870365,1.71550074,1.6006883,1.37226996,1.19093986,0.7853925939999999,0.69920907,0.544961116,0.35731306,0.259826576,0.227455096,0.2836336,0.278371986,0.29013023,0.2312839388,0.3071270208,0.2643680828,0.3183035508000001,0.3441417588000001,0.459713754,0.4100516200000001,0.4027878740000001,0.3567930540000001,0.29983056,0.16802234,0.126182278,0.087748782,0.034876242,0.0,0.0,0.0,0.0,0.0,0.0,0,0,0,0,0,0,0,0,0,0,0.0,0.0,0.0
30121>30101,511,511,BSTu,Baker Street,H&C and Circle // WB,511,BSTu,Baker Street,EntEx,Alight-Exit,5081.921720327798,236.6182180278,1420.2817828,1834.482037800001,982.4321986,429.811715,178.2957681,0.7454038636000001,4.4364800636,11.1181626636,22.706180557,30.74151428,42.93481720000001,53.835866,70.0997934,78.4952188,84.480594,93.951236,107.551707,116.955975,135.62151,150.624742,153.375468,146.726926,135.12343,116.730668,100.644308,93.762615,101.081531,92.62850300000001,89.84223200000002,93.090878,92.268441,75.23405699999999,78.12575900000002,76.03465800000002,75.5109,72.092318,74.15381,71.44943719999999,72.20911720000002,70.1569692,68.5114312,68.3340292,69.39855600000001,65.04760800000001,65.41529799999999,66.93119320000001,67.5231422,67.4001562,68.2793982,68.38837620000001,70.20712700000001,71.65004680000001,77.30184279999999,84.38817680000002,90.1828688,94.3235088,97.035198,93.83072300000002,87.393563,79.19370699999999,68.53706040000002,57.61852639999999,49.9322342,42.93549179999999,37.27648920000001,35.172947,34.35864160000001,31.7225188,30.4630798,29.886339,28.3507008,26.4428212,25.6519252,24.6638948,23.6053538,21.0743054,19.009318,17.0723134,14.72197,12.0111752,10.0064343,9.2591191,8.5761923,6.850495500000001,5.166378700000001,4.142515,2.1363026,0.0,0,0,0,0,0,0,0,0,0,0,0.0,0.0,0.0
30121>30110,511,511,BSTu,Baker Street,H&C and Circle // WB,511,BSTu,Baker Street,Bakerloo // NB,Alight-Interchange-Board,311.05652582,15.33058313,35.61327346,89.29812812,77.176107914,47.990646576,45.64778662000001,0.0,0.017945102,1.066774182,1.774273362,2.359935242,3.208366442,3.62372564,3.27956316,2.99331538,2.97841036,2.67817968,2.79169182,3.59638534,3.6474639,3.26703756,3.173385440000001,3.208267900000001,2.03882146,2.6647413,2.57557332,2.51693376,2.17440058,2.2259824,1.5131103,2.0756266,2.1391906,2.39595568,2.57593574,2.92063932,2.75106314,3.14270944,3.22545786,3.3450693,3.31099882,3.50421344,3.36275288,3.602584,3.723244600000001,4.039918,4.78979692,5.81966334,6.6918546,7.7553052,9.6957216,10.4276034,9.89933634,10.28735314,10.63314134,7.80509063,5.889875529999999,4.92898055,3.52683623,3.07299423,3.120236608,3.543651648,4.041008268000001,4.724503388,4.014419048000001,3.842126780000001,3.348120392,3.424957932,3.173887412,2.901228712,3.837388612,4.516979660000001,4.65226434,4.48899816,5.06577214,5.574321840000001,5.80700872,5.82711458,5.98890018,5.017049100000001,5.198172100000002,4.140406926,3.207105432,2.288943472,1.899619212,0.273786612,0.236002306,0.18935614,0.0,0.0,0,0,0,0,0,0,0,0,0,0,0.0,0.0,0.0
30121>30111,511,511,BSTu,Baker Street,H&C and Circle // WB,511,BSTu,Baker Street,Bakerloo // SB,Alight-Interchange-Board,16.64605614872222,0.0419148976,1.3548410394,9.004104691,3.001732446745999,1.893503081296,1.349959992680219,0.0,0.0,0.0011303064,0.0011303064,0.004581074799999999,0.007147357200000002,0.0145280796,0.0133977732,0.05656281120000001,0.05620421759999999,0.0765481172,0.0969940968,0.1133686058,0.1199661318,0.173220863,0.150310681,0.123607452,0.113585691,0.113547449,0.160924923,0.204771333,0.2398526520000001,0.296259544,0.289466258,0.308403898,0.316428208,0.369779396,0.347086042,0.3708552260000001,0.301820518,0.365082284,0.35991018,0.420673834,0.44687193,0.469901406,0.45486666,0.449772684,0.388284084,0.3780557720000001,0.4065653240000001,0.4611483360000001,0.4446200279999999,0.435500776,0.478128318,0.5395137179999999,0.3848329660000001,0.567996574,0.5377744860000001,0.41247694,0.2459252,0.25166256,0.0057406291124,0.0057560914084,0.0057560914084,0.0250172754084,0.0192799154084,0.019276646296,0.019261184,0.107502178,0.088240994,0.124646036,0.207022832,0.229330164,0.182696022,0.249435322,0.258721494,0.20963219,0.197738019,0.257610495,0.190871195,0.155272935,0.153361471,0.206823424,0.1085852934,0.1085852950824548,0.0984923469360438,0.0671163189360438,0.0032412049360438,7.536043800000001e-09,5.853589e-09,0.0,0.0,0.0,0,0,0,0,0,0,0,0,0,0,0.0,0.0,0.0
30121>30122,511,511,BSTu,Baker Street,H&C and Circle // WB,511,BSTu,Baker Street,Jubilee // NB,Alight-Interchange-Board,353.9813187200001,20.97916748,33.132935616,27.340079774,69.081499284,89.942009566,113.505627,0.49406266,0.99994066,2.06586016,3.07053476,3.73169796,3.60693784,3.7390546,3.27107884,3.20068054,3.49414742,3.87052922,4.30198606,4.15787284,3.40329688,2.8564404,2.21123798,1.59720318,1.41963136,1.49825252,1.121657216,1.039873122,1.742298582,1.466039882,1.207718382,1.176540086,1.15784226,0.0,0.0,0.0,0.0,0.0,0.0,0.0,0.0,0.0,0.0,0.0,0.0,0.0,0.59732018,1.78102858,2.96146078,6.712217180000001,7.497740740000001,7.8422717,7.44272602,7.15788702,3.85815868,5.850551520000002,5.147515920000001,6.625078400000001,6.151323200000001,7.126277340000001,4.503260788,4.476533248,2.899915448,2.577900988,1.337266942,1.182367094,1.808751294,4.079157694,6.616875754,9.091608599999999,11.6822676,13.3402352,12.904848,12.6327056,12.6880248,12.3079998,11.5940202,9.365500360000002,9.73487056,10.34192896,11.62467456,11.10835006,11.95123684,10.58275676,7.26029816,3.76691856,2.50078286,1.36628932,0.0,0.0,0,0,0,0,0,0,0,0,0,0,0.0,0.0,0.0
30121>30123,511,511,BSTu,Baker Street,H&C and Circle // WB,511,BSTu,Baker Street,Jubilee // SB,Alight-Interchange-Board,129.03135419792,4.00829670992,5.942619800000001,77.19512368800001,30.45941156,4.269132230000001,7.156770210000002,0.29252818864,0.4317308546400001,0.4971159406400001,0.614953312,0.52137765,0.581768498,0.528509996,0.5403122699999999,0.466114252,0.488087686,0.339646896,0.253702732,0.294492332,0.25054313,0.53982209,0.5628467260000001,0.8206122859999999,0.7026353259999999,0.7026353259999999,0.521481018,0.9749159120000002,1.033881852,1.345086332,1.870533032,2.21725124,2.19709352,2.60384038,2.9204203,3.08519552,3.12757052,3.22070016,3.14376906,3.182931860000001,3.0960847,3.18556362,3.317392600000001,3.453351,3.800149600000001,4.38021314,4.67862842,4.98652936,5.162941420000001,5.69725922,4.513820920000001,3.89065508,2.83093748,2.1139919,1.7807569,2.23284536,2.9606174,2.9606174,3.64724586,2.69521258,2.24312412,1.55170374,1.55170374,0.7757771600000001,0.5129818400000001,0.7945272200000002,0.58508269,0.58508269,0.4324086700000001,0.4324086700000001,0.15086329,0.0,0.0,0.0,0.0,0.0,0.0,0.3034496600000001,0.4398328400000001,0.5996982400000002,0.7734773200000001,0.7989911420000001,0.7411888220000001,0.9915212020000002,0.831655802,0.657876722,0.6323629000000001,0.38671556,0.0,0.0,0,0,0,0,0,0,0,0,0,0,0.0,0.0,0.0
30121>30124,511,511,BSTu,Baker Street,H&C and Circle // WB,511,BSTu,Baker Street,Metropolitan // NB,Alight-Interchange-Board,1192.2576451,107.06886408,87.7630076,111.25780798,459.90731984,267.57349666,158.68714894,0.774656,3.504624,6.0115482,12.6957638,17.4371834,22.8249656,20.71072044000001,23.10940264,17.58319752,13.22854376,7.498174819999999,8.062209379999999,4.06149938,4.651457499999999,5.02491552,5.28731742,5.280091140000001,5.67581774,4.657472540000001,6.75231088,7.543080840000001,8.91744632,7.981195760000001,7.758658360000001,5.575912320000001,4.41239972,2.37426304,2.52544556,2.511026520000001,2.29064222,2.3892215,2.38768798,2.68948294,2.89809566,3.2949982,3.64540092,4.204787720000001,4.4039246,4.6829874,4.89397794,5.646926420000002,5.416676220000001,6.179543820000001,6.634026,53.23935906000001,54.88777906,58.64985806000001,62.81237826,64.956001,21.4924368,22.2448722,22.55926280000001,19.09740560000001,23.3965454,21.315861,35.2555606,46.75442,45.85672529999999,46.1663245,44.9853419,28.61372118,13.58028226,13.25375628,6.13714108,6.226595280000002,5.8751696,5.31964552,4.80437376,4.82619136,8.33858836,12.12952136,12.78468216,13.15482748,14.15158358,12.06025378,13.50673638,16.93470358,16.8342017,14.7450568,12.2946086,5.916025400000001,1.0101684,0.0,0,0,0,0,0,0,0,0,0,0,0.0,0.0,0.0
30122>30101,511,511,BSTu,Baker Street,Jubilee // NB,511,BSTu,Baker Street,EntEx,Alight-Exit,8769.351235999997,351.382752,2767.042015,3014.290380999999,1651.685143,689.0677398,295.8832052,2.2169208,9.440529199999999,16.5015572,26.7320084,47.2962234,65.91289259999999,81.9372802,101.3453402,123.818445,140.428138,168.547362,205.169258,265.488202,301.2370140000001,320.5086560000001,318.2601320000001,296.95512,244.163042,205.26339,177.203256,158.321802,150.429542,144.116444,139.995324,138.513314,134.608729,127.131335,122.730711,124.724539,126.613083,126.34505,126.561352,129.17904,128.150222,122.737968,120.90597,119.2690712,114.5753532,111.0212992,106.8425932,109.5587932,109.242716,109.413002,113.303128,119.72548,121.59681,125.972228,136.222004,139.641828,144.878182,153.316304,155.163078,152.88584,148.011038,136.659513,117.612838,104.918692,87.95112879999998,73.4057142,63.48776620000001,57.34093840000001,51.67592040000001,46.6494724,43.339507,41.68863,40.0031084,38.7559584,39.8509036,40.4851364,39.59864,37.61286580000001,34.93155300000001,30.523247,26.7781608,23.7827432,20.316882,16.3166138,12.2749598,7.9634932,3.9060612,1.392849,0.0,0.0,0,0,0,0,0,0,0,0,0,0,0.0,0.0,0.0
30122>30110,511,511,BSTu,Baker Street,Jubilee // NB,511,BSTu,Baker Street,Bakerloo // NB,Alight-Interchange-Board,6655.990315700004,224.2388781,1263.7672776,1353.070541,2166.583362,1037.37469,610.955567,0.0,1.15878314,5.07713154,12.58746394,27.48108794,43.32869074000001,59.31374960000001,75.2919712,89.40517400000002,99.582082,113.4548312,123.6629632,139.3205932,140.37381,132.054916,116.627642,101.3534924,78.2203324,68.8909696,60.82047160000001,55.3848926,51.21325220000001,46.1715312,40.08118320000001,39.9790672,40.4509192,40.9716616,42.8582712,44.2667826,44.77081860000001,44.50010260000001,45.21898460000001,47.22140460000001,49.1761226,50.65767860000001,52.2303836,55.101868,56.94654540000001,60.21727979999999,64.6391038,76.89537779999999,86.115925,95.132923,122.868462,138.164404,147.284764,166.471354,202.678562,199.7625,203.579554,222.465308,210.880764,190.791476,181.830418,169.17279,133.501468,128.218446,110.409278,97.867188,94.231646,92.9332848,84.19622480000002,76.7135548,72.5861068,69.21173280000001,70.44599199999998,69.801488,70.759748,74.210806,74.82645120000002,75.7252762,72.45021340000001,74.3104914,68.64916260000001,57.2530544,44.493334,35.06889320000001,19.2942492,8.424634000000001,4.773205000000001,1.4757964,0.0,0.0,0,0,0,0,0,0,0,0,0,0,0.0,0.0,0.0
30122>30111,511,511,BSTu,Baker Street,Jubilee // NB,511,BSTu,Baker Street,Bakerloo // SB,Alight-Interchange-Board,125.87572411,3.95196363,61.06324790000001,36.47813364000001,16.806625278,4.804765142,2.77098852,0.0,0.05398746,0.09024673,0.138374826,0.283960106,0.5547969460000001,1.088526406,1.742071156,2.50654854,3.383449,4.916281960000001,6.178921840000001,7.551532020000002,8.19512134,7.986053520000001,6.81619486,5.244351040000002,3.62887078,2.60919146,2.04673154,1.7787431,1.79560132,1.5893944,1.44724856,1.55884806,1.56388548,1.70627388,1.77905714,1.76465392,1.63169732,1.59422026,1.4507168,1.42458372,1.35361938,1.29584574,1.32813684,1.3322961,1.27010616,1.28592966,1.36219422,1.323440640000001,1.50280724,1.5147937,1.82404,2.19332742,2.15321554,1.96909372,1.884846708,1.562487568,1.140147808,1.068022228,0.972763708,0.986343112,1.039235132,0.971428932,0.8657134020000001,0.7512680079999999,0.680260744,0.586380424,0.5251176120000001,0.485081994,0.452654768,0.391715208,0.265485236,0.217603706,0.167454918,0.143643638,0.1380988860000001,0.142016228,0.292965038,0.285497856,0.277528342,0.31262765,0.346364016,0.237760234,0.274458798,0.254710552,0.190596708,0.108448532,0.04801456599999999,0.0,0.0,0.0,0,0,0,0,0,0,0,0,0,0,0.0,0.0,0.0
30122>30120,511,511,BSTu,Baker Street,Jubilee // NB,511,BSTu,Baker Street,H&C and Circle // EB,Alight-Interchange-Board,75.48726441000002,7.536899824000001,22.582781566,8.83150454,21.114988812,3.392851868,12.0282378,0.5024085,0.93189658,0.93189658,1.19876544,1.264330156,1.188859576,0.7593714960000001,0.7593714960000001,0.5912921900000001,0.6926111940000002,0.631893174,0.953459854,2.014269174,2.297058760000001,2.49488408,3.07883938,3.01480894,2.2917135,2.44333018,2.07862114,1.12844594,0.8709097,0.53319582,0.0,0.0,0.0,0.0,0.0,0.0,0.0,0.0,0.0,0.0,0.0,0.0,0.0,0.0,0.0,0.6354425,0.6354425,0.84082758,1.54269034,1.54269034,1.10185982,1.44874448,1.603505,1.167794940000001,1.72355234,1.52894036,1.9677328,2.2360199,2.27324572,2.03734808,2.24704908,1.69757954,1.183476572,0.8800980520000001,0.857767992,0.6480669920000001,0.411859432,0.2975297,0.2975297,0.0,0.0,0.0,0.0,0.0,0.0,0.0,0.35935952,0.6518767000000001,1.04033672,1.46966908,1.70018948,1.4390887,1.32437066,1.36531084,0.93597848,0.7054580800000001,0.60719934,0.4294002000000001,0.0,0.0,0,0,0,0,0,0,0,0,0,0,0.0,0.0,0.0
30122>30121,511,511,BSTu,Baker Street,Jubilee // NB,511,BSTu,Baker Street,H&C and Circle // WB,Alight-Interchange-Board,1944.3624281,43.3800389,420.8293666,468.0989372,590.0102358000001,261.4133126,160.630537,0.8905794,1.4110987,2.3907721,3.793328620000001,5.082649420000001,7.784292620000001,9.31381432,12.71350372,15.0848086,21.457485,26.718881,36.18602600000001,43.40257080000001,48.19978020000001,51.0304954,48.2590592,43.368728,34.3319102,29.848276,22.94134620000001,19.834463,17.4663458,17.96383580000001,17.83588319999999,17.569326,17.79096700000001,16.9624186,17.9040596,17.1918314,16.9001936,16.9821422,17.6098502,17.4549128,18.597745,18.5973942,19.1922958,19.39341760000001,19.75041460000001,20.5179174,21.72062600000001,23.3372118,23.891601,24.5357024,29.0983822,32.85285760000001,35.99064979999999,42.42537700000001,50.40497120000001,50.4427946,54.19065680000001,58.1809384,58.44228700000001,54.61184360000001,54.07639360000001,52.31575980000001,46.07570640000001,40.0020988,35.94247540000001,30.895616,25.7684668,22.5379642,20.23453,17.578233,15.9376584,13.8670948,13.1990478,12.4252744,13.024853,13.600463,13.7038014,14.0111284,14.7457346,18.4424566,18.2642624,16.359091,17.2114136,14.9938836,8.419970800000002,5.487345,4.5152416,0.8757450000000001,0.0,0.0,0,0,0,0,0,0,0,0,0,0,0.0,0.0,0.0
30122>30124,511,511,BSTu,Baker Street,Jubilee // NB,511,BSTu,Baker Street,Metropolitan // NB,Alight-Interchange-Board,834.9627639608051,11.25000088,51.64355102,68.71538117000001,542.0320358,76.59676346,84.72503163080499,0.0,0.0,0.0,0.6814629600000001,1.14653206,1.9279509,2.94837718,4.54567778,4.12832722,4.82652382,5.435504980000001,6.034400499999999,6.0023637,5.90873372,5.45098774,4.42226036,3.06834446,1.56203616,1.85876114,2.94530722,2.92002026,4.076371760000002,4.47344746,4.23993416,3.01972872,2.728186128,1.718621408,1.471907148,1.372339088,0.9117809959999998,1.189575268,0.9365822079999999,0.8616015960000001,0.8707401359999999,1.244906068,1.137181008,1.255194668,1.23941149,1.09614691,0.6106787100000001,0.39576643,0.11855315,10.0647972,20.7619092,30.329604,46.652608,47.7674348,38.14319440000001,36.4224164,42.08936660000001,31.9445986,39.5676228,68.93829600000001,64.12589679999999,50.5928978,45.4580996,37.00885544,7.63966688,3.91784728,2.249623256,2.922334456,2.728317428,3.116749588,3.348021988,4.157692932000002,2.912531732,3.457377880000001,3.1377446,3.0830126,2.4097824,6.140914,12.12027304,11.70805246,15.14652806,15.00714047,10.805021070161,4.186226070160998,4.087606330160999,0.0304751301609989,1.609989e-10,0.0,0.0,0.0,0,0,0,0,0,0,0,0,0,0,0.0,0.0,0.0
30122>30125,511,511,BSTu,Baker Street,Jubilee // NB,511,BSTu,Baker Street,Metropolitan // SB,Alight-Interchange-Board,724.4012711299999,15.00859837,171.98003226,200.102509,207.8198444,102.26937618,27.22091092000001,0.0,0.034553066,0.5398655659999999,0.768649046,1.498267886,2.544869946,3.64321608,5.97917678,7.937779300000001,9.66901406,11.0767392,13.8666408,14.7917476,16.5004636,17.6419034,18.57521920000001,18.4177534,16.1838649,14.2866561,13.0322507,11.8197903,10.0536521,10.1103445,9.510389300000002,8.857576300000002,8.067811299999999,7.847934500000001,7.841159880000001,8.35021968,8.046946880000002,8.265708680000001,8.049226180000002,8.163165300000001,7.312846700000001,7.676288900000001,7.245144100000001,7.226421660000002,6.962136940000001,6.786323060000003,6.351400320000002,7.88729552,7.47578606,9.21979498,10.97514586,13.7300378,14.645234,17.444058,18.4474422,21.6662928,20.0512242,20.7264752,20.7695112,18.647803,15.2057462,14.470191,12.0158288,9.59933812,8.075393560000002,7.858694160000002,8.143112160000001,8.26518976,8.38270404,9.986013999999999,9.4052164,8.9093654,8.24685646,7.928105260000001,7.46938686,7.32845246,6.000981980000001,4.999626920000001,3.905185200000001,2.46295816,0.98737956,0.80169324,0.49846484,0.23616856,0.0,0.0,0.0,0.0,0.0,0.0,0,0,0,0,0,0,0,0,0,0,0.0,0.0,0.0
30123>30101,511,511,BSTu,Baker Street,Jubilee // SB,511,BSTu,Baker Street,EntEx,Alight-Exit,2238.260544249999,74.09920252,934.6835398000001,780.8841746000002,311.016623,113.4854386,24.09156573,1.02046104,1.78103968,3.16573408,5.42934888,8.204385,12.11763584,17.8910392,24.4895588,32.22533900000001,46.0359046,64.291733,86.91497700000002,98.640077,111.69555,110.11734,101.759956,85.211662,77.8013452,63.607938,56.38171800000001,50.52690680000001,46.75616760000001,43.46774379999999,41.3754756,40.14304560000001,38.0786002,34.74085,31.693751,32.51416339999999,32.70141820000001,31.4659662,31.119598,31.0258262,29.0959044,26.42188280000001,25.6425986,25.5580516,25.118398,25.0063062,26.37133,27.88635420000001,28.1030164,27.8591554,28.2116644,28.6992694,29.13183,29.8434062,29.6778108,29.285394,27.6773178,26.4018394,24.4626916,24.052549,22.1721622,20.9642002,18.6481524,17.404049,14.8322039,13.0666653,11.1701771,9.9478689,8.5275537,7.739135399999999,7.256523,6.876032199999999,6.0585052,5.48485272,5.12187218,4.44304752,3.643396660000001,3.3918378,2.98181478,2.281270906,1.819204906,1.654216306,1.254557586,0.954596626,0.76893444,0.5306793000000001,0.25744596,0.11056294,0.0,0.0,0,0,0,0,0,0,0,0,0,0,0.0,0.0,0.0
30123>30110,511,511,BSTu,Baker Street,Jubilee // SB,511,BSTu,Baker Street,Bakerloo // NB,Alight-Interchange-Board,1574.940148140001,59.19027258000001,546.2341728,493.0498537999999,319.9343004,119.7353493,36.79619926,0.08667930000000001,0.143815896,0.424552936,1.999102236,5.496851636000001,11.277578336,15.61887014,24.1428221,28.794366,40.5024166,44.3070226,57.78187820000001,58.64221120000001,63.5805216,53.74888499999999,54.70053940000001,41.8112082,38.07908620000001,32.3374918,31.948546,25.4009068,25.004858,22.2766688,20.8174936,19.57968,19.8905978,18.8458858,19.7236026,19.5316682,19.415611,18.4411476,19.3810336,18.9168494,18.895165,19.1961112,19.29453,18.6142726,19.0395678,19.2923216,20.90833,21.3409492,21.4416286,22.6748874,25.1260872,27.4953724,29.9788716,31.2666248,31.1484774,30.78101340000001,28.1308196,26.4859528,26.07663860000001,25.104467,22.95284,21.4847182,19.0285046,16.7707298,14.283313,12.4815195,10.4053371,9.8413479,9.0341953,8.5921391,8.061542000000001,7.995068400000001,7.852491200000001,7.213467660000001,7.20419834,6.89183294,6.12076214,4.93767062,4.835558160000001,4.263380799999999,3.2810472,2.416137952,2.018995912,1.147364272,0.471805552,0.164017352,0.1433824,0.10424396,0.0,0.0,0,0,0,0,0,0,0,0,0,0,0.0,0.0,0.0
30123>30111,511,511,BSTu,Baker Street,Jubilee // SB,511,BSTu,Baker Street,Bakerloo // SB,Alight-Interchange-Board,4378.426624890001,143.02996499,1491.944458,1504.6338582,893.8405242000002,289.0050572,55.97276230000001,0.028740358,0.190421318,2.343278518,6.302414518000001,10.931884118,25.22167776,40.4946248,57.51692360000001,71.5208446,94.312289,103.528717,129.692517,137.095227,159.92663,153.902744,160.8125360000001,144.450311,134.859107,108.239071,93.60446440000001,77.62597840000002,64.39035340000001,61.8351194,61.5820014,70.44725799999999,70.87710200000002,71.989532,71.90373000000002,73.67325199999998,70.82369140000002,67.120452,66.29210400000001,65.25041800000001,61.0761152,58.74400680000001,59.3434682,59.80872420000001,56.8192042,55.1643664,56.18422420000001,53.82031960000001,50.0986606,50.33110060000001,49.4326762,50.15210140000001,57.89082800000001,66.5456262,73.74174020000002,83.79819720000002,86.74788520000001,90.1328472,86.3318,85.51488400000002,78.41869460000002,75.0050806,59.56083960000001,52.3882828,40.5970064,33.6259096,25.993037,25.0534766,21.5138096,18.9922406,17.2588254,15.8643362,13.7284134,12.421063,11.5686566,10.0553176,8.63244434,7.012130020000002,5.95145502,5.24241702,4.6743655,3.661151700000001,3.92779884,3.12604004,2.07427184,0.93664376,0.6787266200000001,0.0,0.0,0.0,0,0,0,0,0,0,0,0,0,0,0.0,0.0,0.0
30123>30120,511,511,BSTu,Baker Street,Jubilee // SB,511,BSTu,Baker Street,H&C and Circle // EB,Alight-Interchange-Board,1025.178976095,113.0794066,425.22897577,324.47754016,121.73629502,25.075945556,15.580812989,5.639119600000001,6.28721168,6.291461487999999,17.658822888,17.509529088,18.307221208,18.266455128,23.11958552,12.86618524,14.81171084,15.87607192,31.22361492000001,28.32464352,49.3699104,42.645257426,55.39575962600001,46.36888602600001,52.17580922600001,34.429901826,41.74122480000001,29.401601,24.9070178,20.3946986,19.09171580000001,14.8021358,14.4831364,14.3291886,13.580662,12.8030764,11.7612458,11.3827758,11.4051703,11.3433651,11.3494401,11.2513411,11.3435035,11.234431,10.9493356,10.7299926,11.0469386,9.892622200000002,7.92512342,8.62404662,10.44497602,10.55957742,11.11815942,12.6538502,11.57542,11.2702572,10.9446248,10.91216046,11.10969426,10.05721326,8.233504460000002,6.533130300000002,6.768703240000002,6.0132797,6.231822240000001,4.438748854,4.005614663999999,2.222002732,1.083176772,0.163253856,0.192194622,0.192247084,0.19654396,0.154371628,0.182689444,0.144931029,0.4381888170000001,0.646855253,1.032117145,1.288319345,2.0990545,2.17250198,2.28864424,2.06168204,1.7529448,0.93255868,0.5426251000000001,0.18039006,0.0,0.0,0,0,0,0,0,0,0,0,0,0,0.0,0.0,0.0
30123>30121,511,511,BSTu,Baker Street,Jubilee // SB,511,BSTu,Baker Street,H&C and Circle // WB,Alight-Interchange-Board,766.0052489100003,42.67413754,285.3624526,187.7192558,174.1482662,61.60964899999999,14.49148777,0.43734838,0.72498638,1.49342978,3.25446558,4.70558442,7.5883532,9.322489599999999,15.1474802,18.2393244,22.2054782,25.5679964,30.2168084,28.7248916,28.9851326,28.5590476,26.265467,23.5646418,21.075272,17.8193282,14.1390644,11.47393766,8.43811478,8.22161638,8.05137018,8.04397638,7.839353999999999,8.418106800000002,7.350260080000001,6.95749478,6.53737438,6.670804100000002,6.5036535,6.49319422,6.70078432,6.97923158,6.96486124,7.03858992,6.99902212,7.156443920000001,7.510609260000002,7.717343,8.545338800000001,9.1772994,11.930475,14.0622908,15.6773126,16.837104,18.1555898,17.3094902,15.7706828,14.9975398,13.8365276,13.4289716,12.0753736,11.5916954,10.405688,9.533360400000001,7.66585252,6.56095944,5.963949500000001,5.671634360000001,5.08789074,4.88307438,4.265231,3.5284432,3.00976986,2.82128176,2.61820184,2.7319007,2.5749396,2.259689832,1.877529512,1.510902992,0.98766198,0.73490482,0.6678427680000001,0.4738446620000001,0.295209742,0.214832754,0.136901954,0.025326454,0.0,0.0,0,0,0,0,0,0,0,0,0,0,0.0,0.0,0.0
30123>30124,511,511,BSTu,Baker Street,Jubilee // SB,511,BSTu,Baker Street,Metropolitan // NB,Alight-Interchange-Board,0.6114506082892999,0.56810611765786,3.19063144e-06,0.0,0.0433413,0.0,0.0,0.129793296,0.129793296,0.129793296,0.129793296,0.04893213599999999,0.0,0.0,7.9765786e-07,7.9765786e-07,7.9765786e-07,7.9765786e-07,7.9765786e-07,0.0,0.0,0.0,0.0,0.0,0.0,0.0,0.0,0.0,0.0,0.0,0.0,0.0,0.0,0.0,0.0,0.0,0.0,0.0,0.0,0.0,0.0,0.0,0.0,0.0,0.0,0.0,0.0,0.0,0.0,0.0,0.0,0.0,0.0,0.0,0.0,0.0,0.00866826,0.00866826,0.00866826,0.00866826,0.00866826,0.0,0.0,0.0,0.0,0.0,0.0,0.0,0.0,0.0,0.0,0.0,0.0,0.0,0.0,0.0,0.0,0.0,0.0,0.0,0.0,0.0,0.0,0.0,0.0,0.0,0.0,0.0,0.0,0.0,0,0,0,0,0,0,0,0,0,0,0.0,0.0,0.0
30123>30125,511,511,BSTu,Baker Street,Jubilee // SB,511,BSTu,Baker Street,Metropolitan // SB,Alight-Interchange-Board,1265.18687127,20.81374574,680.8593841600002,239.38820988,196.57228456,102.27622768,25.27701925,0.1305788,0.29008504,0.60031654,1.06682614,2.36671894,3.17161262,5.462156780000001,7.72545088,11.42771308,15.99134308,41.9849966,50.90935880000001,59.9231332,74.1169074,96.6546306,76.94089919999998,82.04932860000002,76.12822160000002,60.5875458,34.1453062,34.995529,22.5523824,18.723207,17.26009068,16.8453876,10.0701874,7.304754400000001,6.666166800000001,6.459721320000001,5.96570172,5.73600452,5.56169444,5.63742784,5.6615551,5.72491884,5.75969712,5.81214634,5.79342334,5.96599368,6.01534728,5.834522799999999,8.737535860000001,10.15600246,10.14881194,10.62682078,12.76717638,11.78515098,16.27788798000001,16.7346979,19.34790700000001,22.5419968,21.3002274,17.8714188,18.5752168,17.1085644,11.63521934,10.80858314,8.17159114,7.80788444,7.278850640000001,8.465120500000001,9.3931029,9.988757099999999,9.5155444,8.52923154,8.105859599999999,7.36702974,6.84467254,6.4025062,6.01420926,4.543576563999999,3.658134244,2.529697034000001,1.306359374,0.422436374,0.35439701,0.04570319,0.0,0.0,0.0,0.0,0.0,0.0,0,0,0,0,0,0,0,0,0,0,0.0,0.0,0.0
30124>30101,511,511,BSTu,Baker Street,Metropolitan // NB,511,BSTu,Baker Street,EntEx,Alight-Exit,6377.1301153,82.2965916,2197.1896084,1858.8224292,1516.8828498,575.7055624000002,146.2330739,0.0,0.0,0.0,0.0,3.824191600000001,10.6425442,27.7962622,40.0335936,65.26032959999999,89.979298,126.1138474,162.3724034,215.258802,238.221616,253.957936,262.53579,245.64187,209.505228,176.3587020000001,151.983786,120.95173,103.78351,92.906624,94.389978,89.7367568,83.4323508,76.4113548,72.3483148,71.40902779999999,72.24974499999999,72.317097,73.33773620000002,73.8723402,72.9836192,68.8535564,68.2079824,67.887618,65.64410660000001,64.24496060000001,66.11706140000001,66.55493220000001,69.49210740000001,71.7403848,79.94953480000002,83.73724279999999,92.35539,101.332886,113.26291,132.996372,141.720172,160.588122,159.479058,158.463152,137.760905,130.864382,104.322258,92.8826268,75.26786080000002,64.6446498,55.1111964,47.64989240000001,42.2401032,40.1647158,35.72926279999999,32.2170604,30.9241224,29.8675652,29.0065064,27.9551634,25.78890220000001,22.8587346,18.6466832,15.3316548,12.1090646,8.638905000000001,5.97122966,4.25423866,2.61982926,1.41283746,0.64583106,0.0,0.0,0.0,0,0,0,0,0,0,0,0,0,0,0.0,0.0,0.0
30124>30110,511,511,BSTu,Baker Street,Metropolitan // NB,511,BSTu,Baker Street,Bakerloo // NB,Alight-Interchange-Board,1878.192080505,7.038038960000002,186.8803451,435.10087034,681.3755056,413.8996392000001,153.897681305,0.0,0.0,0.0,0.0,0.3587509,1.00052074,2.10789246,3.57087486,6.93634926,8.797058960000003,12.59860712,18.8107422,22.0931272,21.490886,23.8911176,22.01570700000001,16.587321,13.4403866,11.22286578,8.996176380000003,8.37279258,8.97801958,9.27130618,11.3744074,11.400387,13.0275286,13.2430374,14.9607542,15.1453894,16.329564,15.7453008,16.6786274,16.618805,17.4719106,17.54187000000001,18.7734136,18.4169364,19.2298914,20.18896620000001,22.8954958,25.1813316,28.7081904,32.76377100000001,42.78317379999999,44.98427580000001,47.6481932,50.7428136,48.4641904,53.8149884,53.4986554,62.2731466,59.60366740000001,74.922825,63.46050700000001,62.72348840000001,59.23875440000001,58.7038604,41.55818420000001,38.8508682,43.72368700000001,34.1627976,32.6774392,32.6303886,31.748775,23.8334798,24.1052512,25.0351066,26.8698014,27.3615712,27.48974620000001,26.2773726,21.811057,18.7426194,13.291810661,9.174662861,5.217698461,3.533705061,0.5014906610000001,0.4959472,0.0,0.0,0.0,0.0,0,0,0,0,0,0,0,0,0,0,0.0,0.0,0.0
30124>30111,511,511,BSTu,Baker Street,Metropolitan // NB,511,BSTu,Baker Street,Bakerloo // SB,Alight-Interchange-Board,91.625524634,0.327316558,11.448981778,32.06460687400001,35.971769576,8.639396942000001,3.173452906000001,0.0,0.0,0.0,0.0,0.0,0.013364986,0.10582215,0.208129422,0.495841422,0.7068300620000001,0.9983457960000002,0.9925535120000002,1.30364232,1.12787696,1.0393935,1.04292404,1.083991974,0.8260786540000001,0.909299842,0.922203696,0.8296652560000002,0.8628737620000002,0.932484842,0.991304254,1.11705312,1.1210786,1.26576994,1.32289754,1.261700152,1.193377812,1.316340492,1.371609712,1.445684732,1.55690484,1.64140366,1.664796200000001,1.5218142,1.29106474,1.267419660000001,1.3965924,1.53354952,1.62648254,1.77144794,1.76129096,1.931749600000001,2.15949212,2.34227282,3.21119934,3.67585434,3.69380158,3.83106062,4.09087802,3.45017844,3.02442128,2.69174202,1.869119396,1.243100456,0.901827496,0.7335491160000001,0.50122546,0.5346069240000001,0.6444831839999999,0.6050326180000001,0.571650188,0.7209548320000001,0.829490032,0.671651372,0.6818252640000001,0.685843834,0.5536686420000001,0.413556898,0.411658898,0.3343335120000001,0.237584774,0.212617106,0.1677140468,0.0901423868,0.0392780668,0.0245633048,0.0024914368,0.0,0.0,0.0,0,0,0,0,0,0,0,0,0,0,0.0,0.0,0.0
30124>30120,511,511,BSTu,Baker Street,Metropolitan // NB,511,BSTu,Baker Street,H&C and Circle // EB,Alight-Interchange-Board,0.0309838450195,0.0,0.026819845088,0.0,0.002443508522300001,0.001720491409200001,0.0,0.0,0.0,0.0,0.0,0.0,0.0,0.0,0.0,0.0,0.0,0.005362228,0.005362228,0.005362228,0.0053639690176,0.0053639690176,1.7410176e-06,1.7410176e-06,1.7410176e-06,0.0,0.0,0.0,0.0,0.0,0.0,0.0,0.0,0.0,0.0,0.0,0.0,0.0,0.0,0.0,0.0,0.0,0.0,0.0,0.0,0.0,0.0,0.0,0.0,0.0,0.0,2.4252955e-06,2.4252955e-06,2.4252955e-06,2.4252955e-06,2.4252955e-06,0.0,0.0,0.0,0.0,0.0008065641000000001,0.0008065641000000001,0.0008182538448000003,0.0008182538448000003,0.0008303746908000001,2.38105908e-05,2.38105908e-05,1.2120846e-05,1.2120846e-05,0.0,0.0,0.0,0.0,0.0,0.0,0.0,0.0,0.0,0.0,0.0,0.0,0.0,0.0,0.0,0.0,0.0,0.0,0.0,0.0,0.0,0,0,0,0,0,0,0,0,0,0,0.0,0.0,0.0
30124>30121,511,511,BSTu,Baker Street,Metropolitan // NB,511,BSTu,Baker Street,H&C and Circle // WB,Alight-Interchange-Board,83.59635597350407,0.3809292028,18.4066653932,22.430553192,28.38049277,10.073971136,3.92374427950406,0.0,0.0,0.0,0.0,0.0,0.0107267276,0.1043568476,0.2658456276,0.6580253476,0.7067208215999999,0.997945094,0.99884415,3.04991977,2.65774005,2.634399594,2.632151114,2.631377678,0.418813278,0.484071722,0.5366567740000001,0.5475767140000001,0.5659921480000001,0.7082099740000001,0.69211776,0.88778983,0.6991308820000001,0.8047755679999999,0.726823232,1.040691702,0.8562228679999999,0.8815845859999999,0.7737536859999999,1.017890416,0.8091821080000001,0.924002962,0.873739522,1.070211662,0.8387640280000002,1.055003696,1.021794624,1.399131074,1.268108874,1.669310668,1.298744608,1.289831294,1.450409254,1.777842634,1.789410074,2.697346934,2.98662316,3.19333816,3.0929038,2.97375732,2.64426542,2.5820007,1.90276402,1.695181928,1.369849472,0.907222092,0.6284630520000001,0.6652449600000001,0.612630132,0.7838714480000001,0.75692636,0.77705104,0.651065156,0.6845612759999999,0.54190422,0.662084288,0.5884654440000001,0.6679625600000001,0.573376694,0.549811664,0.355849098,0.299249031100812,0.146501371100812,0.06535411710081201,0.015090003100812,9.100812e-09,0.0,0.0,0.0,0.0,0,0,0,0,0,0,0,0,0,0,0.0,0.0,0.0
30124>30122,511,511,BSTu,Baker Street,Metropolitan // NB,511,BSTu,Baker Street,Jubilee // NB,Alight-Interchange-Board,1124.81668146,4.191314716,147.389530544,289.4865888,444.7786032,192.7289372,46.24170700000001,0.0,0.0,0.0,0.0,0.138417,0.209712732,0.854266292,2.988918692,5.834684292,9.473419292,13.52195116,16.41804740000001,18.034594,16.8809926,15.2217832,13.696321,11.482026,8.770809800000002,8.828730199999997,9.2261716,8.9357972,9.14218108,9.72322928,9.93141468,9.69575248,9.44387368,10.017179,10.5376304,10.575015,10.4241274,10.2718626,10.3053135,10.2355425,10.6683265,10.4031507,10.8064251,11.8565088,12.5258602,16.77236760000001,17.867328,18.1955688,17.9549753,17.3892065,15.8079525,18.8406877,21.5479829,31.28688540000001,39.78844460000001,42.7092646,42.3136416,45.26537920000001,43.7091756,40.2130474,40.47840740000001,42.0907844,36.5349024,34.3289348,31.05822180000001,27.7396358,22.7383948,21.39548754,13.72233294,10.9898272,7.271600599999999,6.137778200000001,5.700368660000001,5.760490660000001,5.8858642,5.691303,5.320548560000002,5.988220360000001,5.38687022,4.54422668,3.901039340000001,4.05709888,3.44948296,2.7381493,2.27791304,1.87260218,1.01425248,0.0,0.0,0.0,0,0,0,0,0,0,0,0,0,0,0.0,0.0,0.0
30124>30123,511,511,BSTu,Baker Street,Metropolitan // NB,511,BSTu,Baker Street,Jubilee // SB,Alight-Interchange-Board,430.1992790299998,2.58763262,57.23421830000001,95.20623427999999,171.4206615,79.86516874000002,23.88536359,0.0,0.0,0.0,0.0,0.2034391,0.5597279000000001,0.7922657399999999,1.03219988,1.50921188,1.89328518,2.25025978,3.43018884,3.96139694,4.96863374,5.178304799999999,6.711791400000001,6.244960900000001,6.782621059999999,6.53201732,7.77154646,6.756850980000001,7.18648298,6.661626780000002,6.03709904,4.46495376,3.82695098,3.08386576,2.8401794,2.85598898,2.99166156,2.84162074,2.80113402,2.77638784,2.71497384,2.68331924,2.88303038,2.89164258,3.179425,3.496622799999999,3.78327442,3.83469648,3.92140262,4.2640438,6.429000299999999,7.58380578,10.20001806,14.48471326,15.4529714,17.3616866,17.4673164,19.0835322,15.8750828,16.50871320000001,13.621126,13.1584978,10.623198,10.3120972,8.8929834,8.26476032,8.28060752,6.88075612,6.722778040000001,6.384673960000002,5.930930840000001,4.913367200000001,4.79514054,4.24129356,4.245780040000001,4.191795040000001,4.23961012,3.80841534,3.366252660000001,2.75744884,2.04224332,1.426866466,0.9838669059999999,0.6856948460000001,0.299404266,0.08376578600000001,0.0,0.0,0.0,0.0,0,0,0,0,0,0,0,0,0,0,0.0,0.0,0.0
30125>30101,511,511,BSTu,Baker Street,Metropolitan // SB,511,BSTu,Baker Street,EntEx,Alight-Exit,4191.471947388,218.275000188,1813.37676,1464.4984992,514.7007112,144.05664388,36.56433292,1.324421192,3.170213792,8.878252192000001,14.218211612,24.0104608,38.6088434,56.07611379999999,71.9884834,95.07484,115.015196,140.240039,162.830724,185.222346,195.556228,193.065728,181.708528,166.926,144.708695,121.542476,111.48596,98.09740000000002,86.967578,80.253861,78.53738299999999,75.76872300000002,72.570337,67.63137900000001,64.299319,63.941444,64.496042,60.92087000000001,60.701954,59.3205566,56.7366834,51.2455714,51.38434179999999,50.350289,50.6756614,47.4356538,46.3643014,45.569937,44.6467558,41.7229834,44.8594742,45.7746746,49.389073,49.0189758,48.30466600000001,45.5676868,46.164096,42.7372208,41.4416428,42.03625340000001,39.9107724,34.739906,29.61574360000001,25.7762378,20.555671,16.2347638,13.0352004,12.3411418,10.6485912,9.64396626,9.04295992,8.52860912,6.62940262,6.08640234,5.53369762,4.97395116,4.427793960000002,4.18844346,3.670239060000001,3.29199992,3.03011872,2.79844502,2.38755576,2.47114404,1.97782824,1.51196964,1.13390194,0.7009420000000001,0.0,0.0,0,0,0,0,0,0,0,0,0,0,0.0,0.0,0.0
30125>30110,511,511,BSTu,Baker Street,Metropolitan // SB,511,BSTu,Baker Street,Bakerloo // NB,Alight-Interchange-Board,1235.37221329,55.9015636,495.6789474000001,352.8461819999999,188.07609094,69.53563204,73.33379731000001,0.0,0.25253322,1.25108888,3.004458280000001,5.685825680000002,9.55183408,15.99970826,20.1561152,28.6883118,31.3718026,40.0976562,49.1590988,58.89785020000001,58.85306620000001,59.87491340000001,51.6498464,43.04929440000001,29.9953276,22.7461536,21.2956262,19.8508236,17.3857468,17.8483844,17.7003074,16.1948228,15.644043,12.9889814,12.5627502,12.9333454,12.3920062,12.2404692,12.493746,14.4143942,13.4456906,13.879708,14.1801544,15.0013364,13.4145422,13.4407556,12.7846532,15.0060942,15.3207338,15.187525,16.535168,17.67344120000001,18.4744704,18.241763,18.7514988,17.407167,16.5619602,13.8468314,13.2076306,14.5385258,14.13825900000001,13.4875894,11.74695414,11.37907654,8.693586340000001,7.82350026,6.724705200000002,6.298438620000002,4.86156268,4.37498246,4.0587412,3.3306304,3.66950684,4.140322640000001,4.180578860000002,5.043952,5.205984040000001,4.678206840000001,3.85707198,12.22484538,10.79786708,10.50625038,10.119110224,9.735836138,0.5824471379999999,0.457699238,0.104523758,0.020003114,0.0,0.0,0,0,0,0,0,0,0,0,0,0,0.0,0.0,0.0
30125>30111,511,511,BSTu,Baker Street,Metropolitan // SB,511,BSTu,Baker Street,Bakerloo // SB,Alight-Interchange-Board,3484.77423468,206.45348876,1502.3790338,792.8230679999999,782.4318877999999,169.21784612,31.4689102,0.03571291200000001,1.057680032,6.718961632,14.440210232,24.906026632,36.35275172,56.0393876,66.90275799999999,84.66605220000002,97.32287579999999,126.3464838,144.3876188,171.1896248,171.602668,165.161243,150.0123060000001,129.396702,99.7890672,81.77987760000002,80.72451459999998,65.67115960000001,53.95153220000001,45.59313700000001,44.9935606,36.72192620000001,31.837795,30.9915914,32.714857,31.577104,28.8493394,28.1978658,27.2104708,25.0247232,24.2051038,24.1633808,24.5620246,24.3086114,23.938017,22.9373514,23.442038,25.7819856,29.8698608,38.3454952,47.9341372,57.0789446,63.397958,68.26138900000001,67.12494420000002,68.1291602,71.1156902,69.8218668,71.95096059999999,71.83251659999999,67.52123259999999,56.97904920000001,49.2181758,37.4231212,28.8188788,21.27973200000001,17.0246678,14.3018832,11.9733276,9.95088392,7.859827840000001,6.61705624,5.287612080000001,4.651226820000002,4.02962862,3.52628404,3.009699380000001,3.5916192,3.85233412,3.994780500000001,4.32656156,3.796773748,2.537646824,1.629032564,0.986573264,0.175983664,0.041621336,0.0,0.0,0.0,0,0,0,0,0,0,0,0,0,0,0.0,0.0,0.0
30125>30120,511,511,BSTu,Baker Street,Metropolitan // SB,511,BSTu,Baker Street,H&C and Circle // EB,Alight-Interchange-Board,1641.157991022,135.774419322,914.0329778000003,267.465315,204.6830773,74.82162984000001,44.38057176,0.07136367,1.01197827,2.52581999,7.989385976000001,20.386117976,23.45799252,25.31747732,55.0142836,59.3105372,69.6501104,73.6903262,76.93034820000003,73.3645642,70.48845340000001,72.487277,98.72670100000002,95.13006880000002,77.21253480000001,85.02612200000002,62.01593460000001,46.95016460000001,45.89105354000001,37.29541346,23.80474646,23.26783816,5.99777156,5.780054300000002,5.97806598,5.65454438,5.16902764,4.72566962,4.42146306,3.93434666,3.69894684,3.75681204,3.99325366,3.84690974,3.59634242,3.435821840000001,3.46875036,3.31454936,3.54744016,3.862879680000001,12.07344948,12.52270008,12.97340848,13.62096508,18.59829428,11.68109848,16.2294448,23.1783724,22.6402857,18.4998655,21.7193997,19.0465447,13.9726981,15.5777698,16.3963776,11.98377602,9.17966504,7.01907778,4.6595401,2.3077866,1.95478278,1.83755367,1.34983373,1.2313538,1.32411292,1.25281922,2.66820031,3.701084170000001,5.662364380000001,6.822515360000001,7.170877340000001,5.794143940000001,4.9151572,2.98269876,1.51856796,0.95657788,0.72121828,0.21434696,0.0,0.0,0,0,0,0,0,0,0,0,0,0,0.0,0.0,0.0
30125>30121,511,511,BSTu,Baker Street,Metropolitan // SB,511,BSTu,Baker Street,H&C and Circle // WB,Alight-Interchange-Board,2338.6042027,157.5987269,876.2531738,709.1093890000001,417.6555182000001,130.54219598,47.44519882,0.7481741999999999,1.66910326,4.61589566,12.26283086,20.61559586,29.28286986000001,39.52276380000001,48.8814934,54.5162782,59.78762300000001,77.09007500000001,85.835688,89.028142,92.68901600000001,89.041143,79.872107,72.9798602,66.3281236,56.16269640000001,52.92242140000001,43.74870540000001,34.5683354,31.07063680000001,30.821352,30.30423200000001,28.06660320000001,29.33566380000001,29.7473388,29.1287308,27.46129740000001,26.8679106,28.2585668,28.4001318,28.05067600000001,27.8512516,28.6914982,28.1770362,27.69885660000001,27.0344464,28.0513978,27.7458522,27.4322796,27.4284328,33.16815680000001,32.7814336,34.35943820000001,35.76533960000001,38.32756920000001,35.4733424,39.332048,39.70814,38.7508408,36.8722336,33.9832634,28.6550422,23.6468272,20.37173820000001,16.723681,14.6352626,12.4416866,11.5045246,10.3785946,9.1904171,7.89270236,7.198411699999999,6.86720676,6.44714508,6.890825380000001,6.574318440000001,6.5070921,6.13701924,5.89927224,5.266619760000001,4.94120144,4.047617300000002,3.3265819,2.4241026,1.34593268,0.48205608,0.34058842,0.15279662,0.0,0.0,0,0,0,0,0,0,0,0,0,0,0.0,0.0,0.0
30125>30123,511,511,BSTu,Baker Street,Metropolitan // SB,511,BSTu,Baker Street,Jubilee // SB,Alight-Interchange-Board,648.3090915345003,57.63433324,400.76624982,117.42380252,41.30064736,12.48529184,18.6987667545,1.1597864,2.0043204,2.0043204,5.1714332,5.81048026,6.78958446,9.64650606,25.04790206,34.27075966,35.6950252,60.5140846,60.43736579999999,51.6813166,41.3892826,42.559133,17.0176284,19.5281316,13.61847692,12.69081152,11.36423392,10.55496826,5.1316676,5.134766320000002,4.766062020000001,3.877080120000001,3.84449302,4.701165080000001,4.835041840000001,5.29093754,4.8532332,5.628773559999999,4.858832460000001,5.36285296,4.86750336,5.28707672,4.56822762,4.8823276,4.35339856,4.57726756,4.262142240000001,4.64854354,4.02323272,3.539554680000001,3.57465394,3.4763069,3.4900145,3.98815636,4.28150408,3.954644,3.65365242,4.069383820000001,3.3691945,3.308612480000001,2.88511014,2.980158900000001,1.84390926,2.13256394,1.68803364,1.61856114,1.47298476,1.24073424,0.7298271040000001,0.6991193840000001,0.6266566840000001,0.471072514,0.498224574,0.59422261,0.71329125,0.6403259700000001,0.752121092,1.300712672,1.1431880743,1.6045530743,1.5556534929,1.8542923009,2.3044517209,2.4911163986,1.7890740586,1.78215548,1.29282476,0.18829766,0.0,0.0,0,0,0,0,0,0,0,0,0,0,0.0,0.0,0.0
590201>590222,537,537,CPKu,Canons Park,EntEx,537,CPKu,Canons Park,Jubilee // NB,Enter-Board,64.58676969249497,3.667279189,18.265399314,21.682869442,14.243553724,5.582169870665913,1.145498152829041,0.034236788,0.039186101,0.146200481,0.406283681,0.450767665,0.584869517,0.9723917240000001,1.033343232,1.353251372,1.431520828,1.932179048,2.394713088,2.42233888,2.15167636,2.20355332,1.560099954,0.9243010540000001,0.774589412,0.599543472,0.517632526,0.7033294920000001,0.588129826,0.8372139679999999,0.7926607880000001,0.7484233680000001,0.5944867680000001,0.5787365200000001,0.46261324,0.44818359,0.4543336,0.55108245,0.6099327560000001,0.6412498160000001,0.599080654,0.91010155,1.01077092,1.166831768,1.099357528,1.26900248,1.041662308,0.9583665480000002,1.852498448,1.926791888,1.838029168,1.816409814,1.892963994,1.018333694,0.9443441340000001,0.9265303140000001,1.05723322,0.883895504,0.925650524,1.132873024,1.242646924,1.201393104,1.201279474,1.107550254,0.968177374,0.8253648859999999,0.6736371359999999,0.6963772220000001,0.42568195429807,0.214844771360394,0.166166280360394,0.11175156307638,0.07299225707638,0.13601434877831,0.183611823715986,0.16912962766703,0.169129615418968,0.133117643418968,0.121264635418968,0.0736671419281088,0.1014849229770648,0.1298042905091409,0.1073063376358408,0.05613723027219081,0.0561372200278912,0.0283194184945022,3.04945022e-08,2.13678022e-08,1.27314522e-08,4.466611e-09,0,0,0,0,0,0,0,0,0,0,0.0,0.0,0.0
590201>590223,537,537,CPKu,Canons Park,EntEx,537,CPKu,Canons Park,Jubilee // SB,Enter-Board,3642.936859100001,501.4366272,1598.3699504,864.0906342000002,526.3082576000002,121.63931602,31.09207368000001,9.540216599999999,17.06177060000001,32.0211466,53.00932460000001,70.3105708,90.217006,108.71974,120.556852,131.376078,151.143124,171.241108,180.016804,179.812976,175.479778,157.339198,127.069218,105.619848,88.84888199999999,71.9554392,58.4674972,53.09380520000001,47.5585592,45.6263938,42.3047072,40.1875238,37.6332612,36.40553720000001,35.32011660000001,34.2713396,31.6128908,32.3182358,31.8222662,30.494057,29.143605,29.4782168,28.3292006,27.3798114,26.9420946,28.000616,28.76730340000001,31.8059566,39.42664060000001,45.0632466,51.105249,54.723365,54.56014260000001,52.72818460000001,51.5089814,49.07004000000001,47.27684620000001,46.6741956,43.3006696,38.98648420000001,33.9222026,29.35398600000001,24.20315980000001,19.1194342,15.9174094,13.8497636,11.8509862,10.3092414,9.2204342,8.408469720000001,6.803480520000001,6.656237320000002,6.867466520000002,6.463003660000001,6.17338928,6.41848048,5.58124912,4.16336622,3.670766360000001,3.10788922,2.5008969,2.09465094,1.49772324,1.00983356,0.73491496,0.31230268,0.0,0.0,0.0,0.0,0,0,0,0,0,0,0,0,0,0,0.0,0.0,0.0
590222>590201,537,537,CPKu,Canons Park,Jubilee // NB,537,CPKu,Canons Park,EntEx,Alight-Exit,3575.020385459998,30.19317176,360.1495137,657.9404442,1427.8299852,772.5267042000002,326.3805664,0.016283296,0.07090471200000001,0.950353992,2.194538112,3.391540612,5.860010316,7.6824713,10.02706942,16.2887919,22.3944754,31.7919284,38.93396,47.6816862,46.2403624,43.88893239999999,35.15649440000001,28.91530180000001,19.156746,15.7148912,13.9859436,12.8528048,12.7213706,13.1210866,14.1300326,15.320579,17.182151,17.3753186,17.85424680000001,17.9380314,17.5883278,18.1574926,19.9590408,23.7253808,26.105309,28.3738622,30.5430642,33.87420239999999,34.796576,36.8579526,40.00359580000001,46.1845598,50.8440514,53.6468934,58.784514,63.57094440000001,69.3222504,81.15739559999999,93.530822,109.687476,123.037144,140.890446,146.747226,157.08022,155.290668,153.858372,133.6570208,122.0383318,104.6708418,90.82800379999999,73.5495078,67.3010642,58.22015680000001,51.06946560000001,44.85456360000001,43.94779660000001,41.35379880000001,38.30615239999999,36.387021,35.536195,34.3119426,34.0223262,34.27624,32.6495408,30.2397586,27.406012,25.5792758,20.8553648,17.948258,14.31298888,10.37510088,5.13310608,3.026588080000001,0.70786868,0,0,0,0,0,0,0,0,0,0,0.0,0.0,0.0
590223>590201,537,537,CPKu,Canons Park,Jubilee // SB,537,CPKu,Canons Park,EntEx,Alight-Exit,59.33307301800002,1.066884486,11.849660848,18.19888821,20.355093572,6.868236991000002,0.9943089110000001,0.0033220046,0.004208284200000001,0.0158554002,0.0333253202,0.1688473552,0.2307732256,0.2872627700000001,0.3232901260000001,0.5537492260000001,0.601142026,0.7291913879999999,1.122301944,1.586198792,1.466490812,1.406693764,1.26753502,1.0044784,0.66187778,0.70202706,0.7479746359999999,0.7477726360000001,0.6314928800000001,0.6078454679999999,0.6185628479999999,0.54495845,0.581303938,0.5805009680000001,0.53790799,0.515963382,0.5152325520000001,0.580365376,0.6809310820000001,0.7972377720000001,0.7808126879999999,0.7737112220000001,0.847391062,0.8038792020000001,0.727431532,0.7576889040000001,0.85383929,0.774106142,1.030647982,1.325803172,1.583501672,1.721313812,2.041826840000001,2.00518396,1.88797756,1.8417898,1.79239836,1.53026186,1.5807452,1.64884576,1.48745668,1.4377431,1.37955064,1.1430013,0.904995312,0.7946015120000002,0.6399220160000001,0.5629898560000001,0.5054105360000001,0.436740584,0.426576144,0.436368228,0.383636315,0.328381497,0.305613691,0.234049493,0.154015005,0.159525873,0.1327464402,0.0904887402,0.0705062074,0.0705062074,0.0475495724,0.0259293032,0.008992069200000001,0.0,0.0,0.0,0.0,0.0,0,0,0,0,0,0,0,0,0,0,0.0,0.0,0.0
580301>580322,558,558,DHLu,Dollis Hill,EntEx,558,DHLu,Dollis Hill,Jubilee // NB,Enter-Board,1082.526039624036,46.4204069,316.3363847000001,321.4355962,268.8664054,100.33826188,29.12898454403541,0.0,0.67489734,1.96604994,3.40898354,5.24464354,8.600322140000001,10.9058205,15.6196899,21.7729171,27.09575510000001,35.12134930000001,39.4000016,40.04968,35.5806874,32.0000534,23.4150926,18.9515426,14.8270264,14.3623272,13.759952,13.4837026,12.796987,12.712547,12.96702,12.6736098,11.8270835,11.3272499,10.8589707,9.985863499999999,9.3563099,10.0754428,10.4969966,11.6459288,11.8075946,12.915134,13.2867172,14.7849846,15.2733414,16.1599047,16.4864889,17.3282111,17.0388897,17.5864239,18.56019400000001,20.4642428,21.8413016,25.361079,25.8626942,26.9359474,25.01764,24.180306,21.8777602,21.2344654,19.9005406,19.1733078,17.0171204,14.2726562,11.6515448,9.7379644,8.916971799999997,8.584870800000001,8.361557280000001,8.082718080000001,7.461716680000002,6.511190280000001,5.75524068,5.65020108,5.351629800000001,4.811297120000001,4.31023888,4.02483884,2.831980128000001,2.387354028,2.001644288,1.855318308,1.626651728,1.77260418,1.395143576807082,1.050605396807082,0.7243514168070819,0.336956636807082,1.6807082e-08,0.0,0,0,0,0,0,0,0,0,0,0,0.0,0.0,0.0
580301>580323,558,558,DHLu,Dollis Hill,EntEx,558,DHLu,Dollis Hill,Jubilee // SB,Enter-Board,4434.177628200001,389.236735,1756.2406766,1304.05646,701.6153988,236.7417831,46.2865747,9.682383000000002,15.9730416,26.208149,35.0908056,49.4621606,66.2047606,86.44449800000002,100.1709366,126.698709,139.991614,163.678428,167.848672,186.713938,172.486278,177.077046,158.305908,147.3005408000001,118.6101108,108.632634,88.896798,76.69991,67.4632942,64.3365978,63.77055160000001,58.73017600000001,55.7443176,54.1951626,52.90612360000001,48.0993198,46.22092780000001,46.51432060000001,47.2558966,47.10837000000001,46.62910600000001,47.63947760000001,48.13287820000001,47.7408136,46.9363396,49.05767980000001,52.7261078,53.11265179999999,56.27360760000001,62.4551336,64.30769620000001,62.94621920000001,63.23917420000001,65.50526500000001,64.628817,65.466858,66.226039,65.984937,60.922718,55.18932679999999,49.7641146,42.6736386,39.06829140000001,34.7279136,30.736668,26.5142124,24.76726,20.4412926,18.0880756,16.2610342,15.1704276,14.3376786,12.5429444,12.0763454,11.0779307,9.61915656,7.814242960000001,7.132274360000002,5.432832800000001,4.39857018,3.74222552,2.97762528,2.17239428,1.40818864,0.91882016,0.49111436,0.1791296,0.0,0.0,0.0,0,0,0,0,0,0,0,0,0,0,0.0,0.0,0.0
580322>580301,558,558,DHLu,Dollis Hill,Jubilee // NB,558,DHLu,Dollis Hill,EntEx,Alight-Exit,3884.218777000001,52.76569400000001,440.8160466,764.978798,1280.154405,819.9941104,525.5097229999999,0.0,0.20142848,0.9571974,2.8153502,5.654098599999999,8.9091106,13.73783012,20.49067860000001,24.7177598,28.13808940000001,33.0627934,36.0640282,40.74763720000001,44.40079520000001,48.2479,46.77191000000001,43.72376879999999,37.231014,31.6910102,26.0193404,23.24733040000001,22.389067,20.2763214,20.16390800000001,19.498715,19.6823844,19.65345120000001,21.0320362,22.362653,24.3045298,25.5915694,27.0801938,28.8428056,31.0539544,32.2396936,34.3045066,37.1145312,39.3956044,40.862081,42.889669,46.662559,51.0271362,54.23517220000001,61.06892520000001,68.0189872,78.77774120000002,84.26967080000001,98.0556788,107.2835688,116.9454848,121.5407528,126.022154,127.062366,120.466142,119.5769728,112.1348858,103.2508068,88.97047599999998,83.29975999999999,70.53460319999998,63.3212708,60.70006020000001,59.68929300000001,59.47810100000001,57.07055500000001,57.9609744,57.09933400000001,58.61887600000001,56.3925266,62.28959159999999,58.31789620000001,55.7329768,53.7139396,52.018528,43.977869,38.499492,35.78204580000001,27.52465900000001,18.768692,11.437656,8.0585784,2.995272,0.0,0,0,0,0,0,0,0,0,0,0,0.0,0.0,0.0
580323>580301,558,558,DHLu,Dollis Hill,Jubilee // SB,558,DHLu,Dollis Hill,EntEx,Alight-Exit,1042.533527544,55.43058491400001,261.4345415000001,314.2963627,291.4609098,97.1585218,22.75260683,0.3580756470000001,2.106899647,4.199578847,6.520828333000001,8.759724040000002,9.9852241,11.2959119,12.2043424,13.9651276,16.2368221,20.9028237,23.7268713,26.5991836,28.52889860000001,29.18006780000001,26.35577320000001,23.8620336,20.77275,17.0622356,14.2419544,13.6458978,12.376485,11.5791858,10.65379972,10.40756182,9.57711142,9.11597032,9.34999072,10.1082667,9.9236958,10.3679274,10.8450201,11.4880055,11.9149348,12.3329214,12.328085,13.0349454,13.0972098,12.9681228,14.7985136,17.4331946,20.6514822,21.73284120000001,24.56519380000001,25.1692856,24.924122,23.6937174,26.5905818,26.6519626,28.878399,28.6209096,28.019787,24.05820000000001,21.9485112,17.4964454,15.4089882,13.9184192,13.604184,11.76882686,10.88927426,9.878824740000002,8.329729500000001,6.767727500000001,6.017028940000001,4.9030837,4.30659922,3.5762748,3.198549080000001,3.285059840000001,3.31978436,2.98308858,2.953092,2.442401146,1.837578866,1.532453326,1.483948546,1.053954386,0.87586236,0.63784158,0.34754184,0.0,0.0,0.0,0,0,0,0,0,0,0,0,0,0,0.0,0.0,0.0
230501>230522,579,579,FRDu,Finchley Road,EntEx,579,FRDu,Finchley Road,Jubilee // NB,Enter-Board,1493.4879541,12.88716612,132.90519258,466.5901294,502.4200638,287.9234026,90.76199959999998,0.0,0.2667962,0.5567632,0.79495096,1.50052152,2.06737056,3.21248584,4.48827784,6.765108280000002,8.74143622,11.00153478,13.5305779,15.1579613,15.0963503,13.91408692,12.58435532,10.31965312,8.45711972,8.26112672,9.075882,9.7405664,10.0806044,11.06047,11.5818226,11.7174878,12.5923366,14.180427,15.6393162,17.3656054,18.3862568,19.1115102,19.6052324,20.2289186,19.513202,20.5120846,21.3765804,21.8179134,22.3915398,23.3508934,24.8303054,26.34137500000001,27.5647316,31.3284812,36.27246820000001,38.811097,41.2864456,45.37890040000001,45.15328700000001,43.4893866,42.42505560000001,43.46127300000001,41.5996772,41.4333382,40.986103,40.23586880000001,38.1596314,36.7227814,33.5022228,30.6082314,28.6229432,24.7841436,22.2131174,21.0191628,19.1729676,18.4646042,18.3006106,17.7307208,16.7818968,16.5199848,14.247268,12.0340179,10.3347899,8.3839293,6.69110116,5.86324748,4.96410406,4.13918186,3.11490606,2.2282884,1.34944528,0.8917354,0.0,0.0,0,0,0,0,0,0,0,0,0,0,0.0,0.0,0.0
230501>230523,579,579,FRDu,Finchley Road,EntEx,579,FRDu,Finchley Road,Jubilee // SB,Enter-Board,4764.627152639998,166.71526064,1523.4456408,1452.7266236,1049.9452468,425.5575764,146.2368044,4.730405080000001,6.65335048,10.27268328,14.1606482,19.0017844,25.5654476,35.7654142,50.5655274,67.86722160000001,89.28420279999999,109.9276828,136.2603908,157.6819608,170.338306,171.224608,162.605086,145.867982,122.186484,101.730518,88.47119800000002,80.8290628,70.22125880000002,65.0974738,63.1747664,60.06231500000001,57.54102140000001,58.6345154,61.2198204,60.0947754,58.19633020000001,58.410023,58.803715,55.5347964,53.06576339999999,53.5096934,53.05231620000001,51.74360960000001,51.62333220000001,54.80034400000001,57.94183260000001,61.20008780000001,61.96344760000001,70.87560560000001,75.1307172,78.01029720000001,80.37263920000002,91.5443,92.43005000000002,94.9643,96.94014399999999,100.960071,93.469235,89.09447700000003,83.924353,79.18392100000001,69.0514594,60.76447140000001,52.5015822,45.2186464,37.57204480000001,33.1251848,31.4263596,30.1181844,29.4503798,28.5019258,26.972204,26.1388814,23.7677118,22.5880302,20.3859358,19.6131282,17.61642980000001,16.38922980000001,14.508781,12.9372306,9.53808444,6.620542640000001,4.134984640000001,1.544561440000001,0.35986584,0.0,0.0,0.0,0,0,0,0,0,0,0,0,0,0,0.0,0.0,0.0
230501>230524,579,579,FRDu,Finchley Road,EntEx,579,FRDu,Finchley Road,Metropolitan // NB,Enter-Board,2402.265244904001,52.68233960399999,348.3419128,583.1889498,869.8453282,392.030431,156.1762835,0.510303586,1.519144386,2.264354466,3.852396266,5.90729794,9.22632408,12.51563888,16.88688,21.4465702,27.8809296,35.36852279999999,41.4184224,43.7157992,42.0238324,36.53976779999999,27.6742016,21.254709,17.0350826,16.7105418,17.2735334,18.335733,17.0058312,16.6981364,16.1635562,15.7493336,15.6206856,16.9735174,18.0352944,18.2796476,18.7925118,20.3283218,21.88444,22.9159322,24.50327,26.0380274,27.3208406,29.2223874,30.2834736,32.3356056,32.4523456,32.855435,31.4998254,36.0078516,43.8869464,52.79518840000001,62.24023140000001,72.4241694,78.104731,79.15735620000002,79.11601740000002,79.71598440000002,80.19359840000001,77.63644239999998,73.4443992,71.11270999999999,63.90450000000001,55.75629300000001,48.6976404,43.61150139999999,37.4831602,34.66599420000001,30.627956,28.8746632,25.5238946,23.4993616,21.029458,21.7394284,20.52108,20.4000328,19.4653664,18.67758460000001,16.920661,15.75582,14.2977762,13.704713,11.74478084,9.24911884,7.038172100000001,4.8340267,2.569566500000001,1.25245206,0.26621246,0.0,0,0,0,0,0,0,0,0,0,0,0.0,0.0,0.0
230501>230525,579,579,FRDu,Finchley Road,EntEx,579,FRDu,Finchley Road,Metropolitan // SB,Enter-Board,3286.372446766,122.022731676,1444.2783202,902.0373904000002,584.2722004000001,191.99257488,41.76922921,1.171549138,2.741759218,4.652648418,7.902342242,15.11504898,21.22757368000001,29.0465516,40.1652584,52.77325100000001,65.82470260000001,92.600518,124.14451,154.759138,174.583972,183.791808,172.012354,148.4795,115.3683014,90.15381540000001,69.7864498,57.6453138,48.39661820000001,45.61957420000001,42.63348020000001,41.8488588,39.1646494,38.909683,38.92083040000001,39.7049336,38.3934536,37.8172086,36.4995714,36.1052278,33.2528346,32.5754142,31.448078,30.7305968,28.649882,29.1492608,29.745947,31.4557432,31.6757138,38.4837724,43.2107446,44.5010652,46.5928976,52.50053940000001,52.6099084,54.9283694,57.469526,59.06568000000001,55.10434100000001,50.0526974,42.8394644,37.36652480000001,31.2411868,27.0919698,23.2017446,20.6254542,18.2295652,16.3462656,14.737526,14.688091,13.5771336,12.4237584,11.096768,10.9508348,9.02346368,7.98090888,7.297152799999999,6.687920399999999,5.08338564,4.52089842,3.71026426,2.78529338,1.738769698,1.219375258,0.4910393980000001,0.213793158,0.04042791800000001,0.0,0.0,0.0,0,0,0,0,0,0,0,0,0,0,0.0,0.0,0.0
230522>230501,579,579,FRDu,Finchley Road,Jubilee // NB,579,FRDu,Finchley Road,EntEx,Alight-Exit,4495.516410900002,88.3814883,632.7833462,1116.9148134,1356.4762038,859.5523816,441.4081776,0.0,1.20058814,3.646796940000001,6.658668940000001,11.82270014,16.47848214,21.2155218,27.3587302,35.3332978,43.4361126,50.3111646,58.17352879999999,66.62809960000001,70.669588,68.27800520000001,63.9102432,56.78720060000001,47.382565,37.9065004,33.96704039999999,34.3578924,34.37862440000001,33.12844440000001,34.88433300000001,35.910971,36.50422639999999,37.1886304,39.136056,41.21879240000001,41.89441120000001,40.83627180000001,41.56528239999999,42.9101648,42.9398044,43.85131940000001,46.4129562,48.8638442,50.5190278,53.0287354,58.0894304,63.8874368,65.7607502,72.49835540000002,77.14905259999999,81.13055959999998,88.46379040000001,95.680335,98.9155738,107.236415,113.293272,120.079126,128.27163,135.750172,133.466776,132.12763,122.060924,110.459676,97.39546,87.65842679999999,76.88041679999999,70.1933068,66.5242238,62.066655,60.66745020000001,58.54485960000001,58.20631500000001,55.58739340000001,55.36819820000001,55.8054294,57.66479800000001,56.03080600000001,54.3036072,50.05502960000001,43.9384518,36.6523342,27.9710958,22.4217844,16.34395344,10.54156004,5.55942164,3.39924464,0.7206614400000001,0.0,0,0,0,0,0,0,0,0,0,0,0.0,0.0,0.0
230522>230524,579,579,FRDu,Finchley Road,Jubilee // NB,579,FRDu,Finchley Road,Metropolitan // NB,Alight-Interchange-Board,15059.849759,297.9474482000001,1264.771848,2744.1291668,5981.384561999999,3149.450144,1622.16659,0.0,0.7484128000000001,7.206268799999999,19.8032216,41.6797444,60.42782340000001,74.03331860000002,94.0486586,102.3477718,101.094735,104.590758,119.25745,132.096242,140.20578,134.5527652,127.5953312,108.8093592,79.6772196,58.8360062,55.70842980000001,51.43577320000001,53.17946120000001,51.36603580000001,57.99843520000001,61.0454424,65.15115,69.94451000000001,81.11599700000002,87.21730300000002,89.71570820000002,92.60721519999998,98.3550272,103.5908212,108.4308352,119.090178,133.981722,145.2708,156.230208,165.374446,172.197898,176.71461,181.971404,197.227522,224.916664,275.914916,336.273522,409.304762,467.9026519999999,548.3841219999999,572.285148,605.7145919999998,594.48966,619.7559100000002,541.48745,525.6620340000002,484.209794,437.0687540000001,360.834144,351.685944,306.93765,260.68317,242.657656,221.886956,205.142672,194.056354,188.07445,187.671332,192.751062,198.93244,193.1679,181.369668,181.473104,167.724532,162.67673,139.374222,130.258514,103.9091168,78.55572280000001,38.5301308,29.4868268,12.8818588,3.825824,0.0,0,0,0,0,0,0,0,0,0,0,0.0,0.0,0.0
230522>230525,579,579,FRDu,Finchley Road,Jubilee // NB,579,FRDu,Finchley Road,Metropolitan // SB,Alight-Interchange-Board,145.5302439829999,7.207345950000001,69.952230018,37.067219094,23.985287588,4.944348134,2.373813199,0.0,0.047625846,0.105349558,0.3746974180000001,0.6588860380000001,1.614970578,1.801817872,2.60399864,2.85424218,3.76092566,3.66624992,4.99213898,6.601059100000001,7.9050349,6.7141628,8.993966799999997,8.541900140000001,6.156434776,4.844725276,4.921389486,2.160878506,1.370077966,1.68725513,1.48685187,1.74538204,1.54848874,1.57557856,1.41445394,1.36714838,1.33726754,1.44825872,1.44255838,1.60908436,1.6220265,1.72626424,1.68914212,1.63928004,1.56156794,1.62079248,1.48608708,1.54162234,1.308742634,1.247079274,1.431330314,1.365487794,2.029865034,1.97372234,2.33673796,2.80282096,2.842691320000001,2.14781392,2.45850066,2.20910744,1.41594994,1.2567517,1.14583852,0.94348316,0.644359764,0.450867664,0.361192184,0.189392684,0.081061304,0.0,0.179101788,0.244015828,0.439552358,0.662486758,0.748834642,0.6496139080000001,0.5846998680000001,0.4315284540000001,0.252421,0.173309306,0.09342825200000003,0.09342825200000003,0.05848010260000001,0.0146531566,0.007416966600000001,0.007416966600000001,0.007416966600000001,0.0,0.0,0.0,0,0,0,0,0,0,0,0,0,0,0.0,0.0,0.0
230523>230501,579,579,FRDu,Finchley Road,Jubilee // SB,579,FRDu,Finchley Road,EntEx,Alight-Exit,1298.3963764,62.61154610000001,435.8589030600001,453.6941660000001,242.3757551,83.60594904,20.2500571,1.03306632,2.70163712,6.03600572,7.28307202,8.197823640000001,10.24791236,12.11387796,14.99815096,21.79400906,31.0352482,40.20899780000001,48.96306000000001,52.3032472,51.8150048,46.9539998,39.7051678,31.676714,26.8235424,23.40751280000001,21.1723992,20.3495136,19.7583068,19.5576006,19.2513796,19.0889608,18.9313008,18.82998820000001,17.9594084,17.67028520000001,17.43630120000001,17.0434194,17.2949854,17.9435434,17.9731378,17.9895734,18.2021174,17.74502780000001,17.3510176,17.9561248,19.0649012,19.67797980000001,21.4668686,22.20109840000001,22.95132580000001,22.87110980000001,24.0574872,23.120376,22.8274416,21.8360452,21.9485684,21.087154,20.0143556,18.6510858,17.5200153,15.4079801,13.0341361,11.9014435,10.44696876,9.182774060000002,8.48507846,7.758723140000002,6.965535060000001,6.5183478,5.732590200000002,4.91413096,4.45013236,3.838218920000001,3.412005820000001,3.26121458,3.1116793,2.8462611,2.66659968,2.091823416,1.646769116,1.394487276,1.099995916,0.7151971680000001,0.6509039320000001,0.490931472,0.235367432,0.03882671200000001,0.0,0.0,0,0,0,0,0,0,0,0,0,0,0.0,0.0,0.0
230523>230524,579,579,FRDu,Finchley Road,Jubilee // SB,579,FRDu,Finchley Road,Metropolitan // NB,Alight-Interchange-Board,596.5864461400001,18.00283637,148.80566978,107.45675562,198.65171244,85.60948522000001,38.05998671,0.318214954,0.6030766540000001,1.036843974,1.398828974,2.125825914,2.6761947,3.887665460000001,5.95618574,7.47953634,11.07528334,15.15909526,17.5252632,18.292257,18.96871800000001,15.8389146,12.2798026,10.174498,7.88479328,6.96887068,7.15863748,6.941638,5.6481946,5.485882520000001,4.427804920000002,3.411683320000001,2.93982264,2.863533700000001,2.6716091,2.5834653,2.56027992,2.86699302,3.35173876,3.54508906,3.939616000000001,4.31061198,4.52183644,4.73586944,5.14688524,5.37455276,5.36428076,5.20327436,5.18932068,6.218289780000001,8.15448332,10.22655452,15.05940572,17.05720040000001,17.7935968,18.12320260000001,20.9073246,18.0546698,17.0761476,17.194778,17.0647022,14.9637126,15.1304176,14.09920034,12.65066174,10.95131,8.057938060000001,6.258821660000002,6.37834938,5.68063926,4.92161454,4.691380479999999,4.276512080000002,3.86281808,3.7802396,3.893799140000001,3.98971074,4.90271654,5.139402280000001,4.340246606,4.224211046000002,4.300856705999998,2.721939726,1.769665666,1.68394654,0.88722842,0.15567416,0.05058914,0.0,0.0,0,0,0,0,0,0,0,0,0,0,0.0,0.0,0.0
230523>230525,579,579,FRDu,Finchley Road,Jubilee // SB,579,FRDu,Finchley Road,Metropolitan // SB,Alight-Interchange-Board,4135.820590696001,394.5227139740001,2197.9858312,949.9990290000002,448.5187504000001,123.51468282,21.279583302,0.345180392,10.089172392,12.053527392,24.620285392,51.53519240600001,80.21028700000002,93.981367,121.687702,128.21898,138.843844,162.999694,191.543094,221.545976,242.517816,239.242222,242.701774,213.777404,166.9770848,139.4379988,110.1799436,64.27733560000001,49.0549164,53.0096416,50.4562436,53.88653000000001,50.09921460000001,49.1439858,40.6788626,38.030109,36.0406024,36.3534464,37.0759108,35.337694,34.72249480000001,34.4719842,34.60113080000001,33.4820964,32.7085064,32.0590336,32.6155668,31.8133996,29.7600604,28.722117,31.5981462,30.0213422,31.4653182,34.25570740000001,39.74155520000001,40.2747842,43.52529439999999,44.2470354,46.19441980000001,41.56220740000001,36.8983284,31.7502566,28.58250120000001,22.36672440000001,19.329691,16.326553,14.2690833,10.1974164,8.328667320000001,6.895307860000001,6.07989654,5.362751800000002,4.9657095,4.74604846,4.646833239999999,4.12574984,4.01309368,3.73437834,2.934506,2.27538168,1.829455982,1.265442982,0.6048417044,0.4645825644,0.0265749644,0.0027877824,0.0027877824,0.0,0.0,0.0,0,0,0,0,0,0,0,0,0,0,0.0,0.0,0.0
230524>230501,579,579,FRDu,Finchley Road,Metropolitan // NB,579,FRDu,Finchley Road,EntEx,Alight-Exit,3466.037638563999,19.186111164,448.460177,781.4178852,1237.0417208,719.0567088,260.8750356,0.038390842,0.193883562,0.248653622,0.2989552520000001,0.7660481560000001,2.81782801,4.40958709,10.41276463,16.7227738,24.8693182,32.3396908,42.35697,46.58393,52.736406,52.0800526,48.60003339999999,42.06228580000001,36.56653720000001,28.2460768,25.29610240000001,22.6320654,24.139198,23.860937,24.90955060000001,25.1458374,26.8561668,25.3588994,26.4408054,26.7104298,26.8378056,27.4727832,28.962894,29.8889934,30.574942,32.1035606,34.1123516,35.05379620000001,35.92784279999999,37.786501,39.68603820000001,42.9315352,48.2241932,48.7723244,57.028434,64.45238,69.45993000000001,74.90528200000001,89.8892208,97.38101999999999,107.955138,117.850268,125.712322,129.752698,128.848744,118.541974,112.292744,101.401826,89.39951900000001,74.97497940000001,69.10343540000001,62.09706660000001,55.2190818,48.5550288,48.9870564,46.27878840000001,41.5636082,40.7605,40.71581880000001,38.9030594,38.1140474,34.68047,32.3479642,28.3250594,24.0197952,17.89851028,15.21544628,10.80390748,7.870160480000001,5.08157008,4.067426999999999,2.2499154,1.297703,0.0,0,0,0,0,0,0,0,0,0,0,0.0,0.0,0.0
230524>230522,579,579,FRDu,Finchley Road,Metropolitan // NB,579,FRDu,Finchley Road,Jubilee // NB,Alight-Interchange-Board,3950.713919227001,13.126242103,250.780902524,784.9721881999999,1627.7722024,941.4025730000001,332.659811,0.0,0.02214837,0.0245182832,0.0266034614,0.0988050054,1.1936761454,3.5893471754,8.1711436622,11.183490684,16.47298574,21.5343138,24.682309,25.0923424,29.0503162,27.8528856,24.7092626,21.58895860000001,19.4154007,15.1032107,14.0954265,13.0692311,14.4355685,15.1881978,16.71710980000001,17.606161,19.8928562,20.8681534,23.3781852,24.9846966,26.1282986,27.4641688,30.1208716,31.6856926,33.136868,35.275797,37.8059942,39.31528720000001,40.29572760000001,43.2026734,44.0034534,50.504914,54.49477099999999,55.78162339999999,69.6158878,81.57710259999999,88.6547526,101.4232726,120.3864538,128.9658248,145.356106,157.390268,169.75058,166.628814,167.012804,153.954545,146.671679,124.937073,117.099203,96.1160054,87.15841640000002,76.82556640000001,71.34475800000001,65.0435808,65.5602544,62.17613340000001,58.20407040000001,58.68590179999999,58.25161,55.67695459999999,53.21173160000001,49.77445980000001,45.37804879999999,37.612251,30.5066858,22.15973420000001,15.6646252,9.5057348,6.088039599999999,3.2833982,3.0152018,0.7829456000000001,0.0,0.0,0,0,0,0,0,0,0,0,0,0,0.0,0.0,0.0
230524>230523,579,579,FRDu,Finchley Road,Metropolitan // NB,579,FRDu,Finchley Road,Jubilee // SB,Alight-Interchange-Board,182.7225275116506,1.06050481415,25.34356256100001,30.40310970000001,80.86300821999998,35.72990004,9.322442176500623,0.0,0.0,4.445003000000001e-05,4.445003000000001e-05,0.00168534903,0.08432300503000001,0.20088967503,0.7735178850000001,1.068132745,1.425891826,1.59635979,2.09604702,2.24970836,2.49837476,2.515324300000001,2.52542172,2.66826434,2.4288971,2.21024514,2.06089546,1.936173,2.08362608,1.77436134,1.5885427,1.54363222,1.53967692,0.76213986,0.7376493400000002,0.7645773400000001,0.7279507000000001,0.7871158400000001,0.80996648,0.8885234200000001,0.9416833400000002,1.0218537,1.07352296,1.16043528,1.09331554,1.11832768,1.13547992,1.27715762,1.63411938,1.70234548,2.30093356,2.3389329,2.402321140000001,2.93076972,4.046132440000001,4.30048324,6.90195378,8.77046136,10.58215612,10.7229056,10.8456461,8.33302076,8.68822506,7.023739260000001,5.727580892000002,4.507990792000001,4.619505272000001,2.415854032,1.433804592,1.56660234,1.93310906,1.78273416,1.59106182,1.54008068,1.58783714,1.51772674,1.46871932,1.32422346,1.19778979,1.03123281,0.77529999,0.493537983300125,0.4066054153001251,0.4206772253001251,0.2138513653001251,0.173387865300125,0.173387852,0.12600236,0.0,0.0,0,0,0,0,0,0,0,0,0,0,0.0,0.0,0.0
230525>230501,579,579,FRDu,Finchley Road,Metropolitan // SB,579,FRDu,Finchley Road,EntEx,Alight-Exit,2312.454640168,177.534544968,935.4168158000001,619.7552086000001,425.1832744,116.97644368,37.58835272,0.4410546160000001,3.818314016,8.472380016,14.21054302,22.3058505,30.0892202,43.32708080000001,54.87010179999999,71.71235300000002,85.679004,100.4477048,109.1743728,110.025113,101.8100862,90.6883402,77.69106580000002,59.89068320000001,49.23641860000001,41.7943416,37.2673326,33.06152760000001,31.0451082,29.0518526,26.6045328,24.8375834,23.8392512,22.9201264,23.3177618,23.2819246,23.196798,23.0764272,23.31459640000001,23.2952834,23.8071574,23.51569940000001,23.1842564,22.8534444,23.3391842,23.6707006,25.4947202,27.1926236,30.3158092,31.54567,33.99316960000001,36.06591599999999,37.59474760000001,37.82951660000001,38.60565700000001,38.594763,39.5211896,39.99308000000001,38.72263640000001,36.036963,31.9997062,27.4023334,22.8167656,18.4516844,15.991173,14.659744,11.8030724,10.15813392,9.05383572,7.988456820000001,6.552645620000002,5.84700136,5.24026938,5.509599980000001,5.72082708,5.893875680000002,5.36403664,5.3912236,4.68923704,4.05177962,3.1847756,2.80992644,2.09348138,1.64005442,1.00747804,0.72959246,0.48762472,0.24526708,0.0,0.0,0,0,0,0,0,0,0,0,0,0,0.0,0.0,0.0
230525>230522,579,579,FRDu,Finchley Road,Metropolitan // SB,579,FRDu,Finchley Road,Jubilee // NB,Alight-Interchange-Board,667.2808356,36.00543564,281.1280256200001,145.7229992,148.31890334,42.09541862,14.01005318,0.0,0.31699112,0.8040659800000001,1.48721828,4.75590228,6.27615116,9.10154304,13.26356378,20.13199448,25.25796988,31.0933058,35.04405879999999,35.1219172,31.8407234,27.2090138,22.4810866,16.8959091,14.3328959,11.9888245,9.73032616,8.108179080000001,7.84359478,6.43034316,5.96856976,5.408912500000001,5.41064866,4.89113448,5.04576584,4.66383672,4.99203226,4.88193992,5.17200478,5.55063044,5.91867156,5.460142960000002,5.456386220000002,5.812996139999999,5.72714334,5.225014140000001,6.341932,6.72372294,7.19153844,7.918218640000001,9.57964044,9.90771744,10.2660819,10.257128,12.179076,11.0179138,13.793994,15.6019494,16.2367446,14.2322894,14.5096152,10.7425345,9.5738591,7.966264160000001,6.556054280000001,5.66069778,4.941304240000001,3.00878806,2.4759196,2.48135092,2.01546878,1.78068176,1.77975258,1.74951748,1.67961898,1.59591066,1.66181774,1.58237566,1.52285716,1.53839052,1.42648606,1.1707429,1.03038358,0.97796544,0.59484274,0.42558156,0.3011427,0.1815564600000001,0.0,0.0,0,0,0,0,0,0,0,0,0,0,0.0,0.0,0.0
230525>230523,579,579,FRDu,Finchley Road,Metropolitan // SB,579,FRDu,Finchley Road,Jubilee // SB,Alight-Interchange-Board,16950.301054504,1539.871727344,7331.156636000001,4585.403078000001,2627.220198,668.3306034,198.31881176,0.08496983599999999,22.466390636,62.132002636,108.346688636,207.6423648,299.0839788000001,383.6296380000001,456.4856940000001,552.8376880000002,630.836322,701.4552540000002,800.5377139999999,825.1497660000001,790.8575360000002,715.9303680000003,652.5376020000001,511.8803760000001,429.138722,380.716,339.2792880000001,282.868792,269.38173,259.568844,245.67784,227.920546,226.61911,211.456868,208.291814,201.356306,190.06466,180.634896,179.865322,172.679092,163.975686,161.3842220000001,160.879354,155.697636,150.99632,149.509734,153.150994,150.856352,153.317272,156.755852,172.493836,182.106804,195.376446,204.661256,216.430654,233.17157,257.019262,259.192492,268.605628,254.275214,222.604894,178.219504,155.556474,118.8888,100.8821834,80.85130440000002,68.16442640000001,54.67855179999999,46.182603,40.4204776,36.0415306,32.79559,30.8380258,29.7020738,28.88503660000001,29.173116,28.1158768,26.1566606,26.65455680000001,25.4459466,22.23630560000001,17.165768702,13.113221932,7.149340632,2.539586032,0.227169632,0.19623833,0.1450241,0.0,0.0,0,0,0,0,0,0,0,0,0,0,0.0,0.0,0.0
230522>230472,579,579,FRDu,Finchley Road,Jubilee // NB,1445,FNYr,Finchley Road & Frognal,LO North London // EB,Alight-Exit-Interchange-Enter-Board,0.0,0.0,0.0,0.0,0.0,0.0,0.0,0.0,0.0,0.0,0.0,0.0,0.0,0.0,0.0,0.0,0.0,0.0,0.0,0.0,0.0,0.0,0.0,0.0,0.0,0.0,0.0,0.0,0.0,0.0,0.0,0.0,0.0,0.0,0.0,0.0,0.0,0.0,0.0,0.0,0.0,0.0,0.0,0.0,0.0,0.0,0.0,0.0,0.0,0.0,0.0,0.0,0.0,0.0,0.0,0.0,0.0,0.0,0.0,0.0,0.0,0.0,0.0,0.0,0.0,0.0,0.0,0.0,0.0,0.0,0.0,0.0,0.0,0.0,0.0,0.0,0.0,0.0,0.0,0.0,0.0,0.0,0.0,0.0,0.0,0.0,0.0,0.0,0.0,0.0,0,0,0,0,0,0,0,0,0,0,0.0,0.0,0.0
230522>230473,579,579,FRDu,Finchley Road,Jubilee // NB,1445,FNYr,Finchley Road & Frognal,LO North London // WB,Alight-Exit-Interchange-Enter-Board,1.170359404,0.21688381,0.22367911,0.102481104,0.3701354238,0.0329077506,0.2242722056,0.0,0.0,0.00156537,0.00156537,0.05382961,0.05382961,0.05382961,0.05226424,0.05226424,0.034282974,0.034282974,0.034282974,0.034282974,0.034282974,0.0,0.0,0.0,0.0,0.0,0.0,0.0,0.0,0.0,0.0,0.0,0.0,0.0,0.0,0.0,0.0,0.0,0.0,0.0,0.0,0.0,0.0,0.0,0.0,0.0204962208,0.0204962208,0.0204962208,0.0204962208,0.0204962208,0.0,0.0,0.0131912768,0.0352435868,0.0352435868,0.0352435868,0.0352435868,0.033623677,0.035566131,0.035566131,0.035566131,0.0436095484,0.0320381814,0.0080434174,0.0080434174,0.0080434174,0.0,0.0,0.0,0.0,0.0,0.0,0.0029258328,0.0029258328,0.0029258328,0.0029258328,0.0029258328,0.0,0.043684108,0.043684108,0.043684108,0.043684108,0.043684108,0.0,0.0,0.0,0.0,0.0,0.0,0.0,0,0,0,0,0,0,0,0,0,0,0.0,0.0,0.0
230523>230472,579,579,FRDu,Finchley Road,Jubilee // SB,1445,FNYr,Finchley Road & Frognal,LO North London // EB,Alight-Exit-Interchange-Enter-Board,0.5839136176000003,0.07330619020000001,0.3235805674,0.0243265654,0.0888441516,0.073856143,0.0,0.0,0.0,0.0039292752,0.0039292752,0.006146051100000001,0.008519572100000001,0.0193061949,0.0314758217,0.0314758217,0.03080107272000001,0.04714843572,0.04952722491999999,0.04041990972000001,0.04041990972000001,0.0388778828,0.0221519765,0.0109332735,0.0039416867,0.0039416867,0.0039416867,0.001946709,0.0,0.0,0.0034300748,0.0034300748,0.0034300748,0.0034300748,0.0034300748,0.0,0.0,0.0,0.0,0.0,0.0,0.0,0.0,0.0,0.0,0.0,0.0,0.0013073706,0.0013073706,0.0013073706,0.0013073706,0.0056420816,0.004334711000000001,0.004334711000000001,0.008503747800000001,0.008503747800000001,0.0041690368,0.0041690368,0.0041690368,0.0,0.011498604,0.016759719,0.016759719,0.016759719,0.016759719,0.005261115,0.0,0.0,0.007015118000000001,0.007015118000000001,0.007015118000000001,0.007015118000000001,0.007015118000000001,0.0,0.0,0.0,0.0,0.0,0.0,0.0,0.0,0.0,0.0,0.0,0.0,0.0,0.0,0.0,0.0,0.0,0,0,0,0,0,0,0,0,0,0,0.0,0.0,0.0
230523>230473,579,579,FRDu,Finchley Road,Jubilee // SB,1445,FNYr,Finchley Road & Frognal,LO North London // WB,Alight-Exit-Interchange-Enter-Board,2.279886626823599,0.1690770698,0.8770735820000001,0.5020223349999999,0.2555362872,0.1312249528236,0.3449524,0.0,0.0,0.0,0.016531603,0.036304485,0.036304485,0.036304485,0.04363201180000002,0.0271004088,0.007327526800000001,0.05393584080000001,0.09864297279999999,0.153279106,0.153279106,0.153279106,0.116095186,0.0750063272,0.0130426672,0.0130426672,0.0130426672,0.003618273200000001,0.0,0.0140981748,0.0267700828,0.0379084058,0.0479139432,0.0539601754,0.0398620006,0.0271900926,0.0300901996,0.0200846622,0.01403843,0.0199783502,0.0199783502,0.005939920200000001,0.005939920200000001,0.005939920200000001,0.0,0.017905318,0.017905318,0.017905318,0.0267197654,0.0330905162,0.0151851982,0.0151851982,0.0151851982,0.0107889354,0.0246548166,0.0313054432,0.0313054432,0.0313054432,0.0268872586,0.0066506266,0.0,0.02357056,0.038697364,0.038697364,0.038697364,0.03869857536472,0.01512801536472,1.21136472e-06,1.21136472e-06,1.21136472e-06,0.0,0.0,0.0,0.0,0.0,0.0,0.0,0.0,0.06899048,0.06899048,0.06899048,0.06899048,0.06899048,0.0,0.0,0.0,0.0,0.0,0.0,0.0,0,0,0,0,0,0,0,0,0,0,0.0,0.0,0.0
230524>230472,579,579,FRDu,Finchley Road,Metropolitan // NB,1445,FNYr,Finchley Road & Frognal,LO North London // EB,Alight-Exit-Interchange-Enter-Board,5.3946271336,0.0,0.3010210868,2.3876834446,1.401690536,0.90901677428,0.39521529192,0.0,0.0,0.0,0.0,0.0,0.0,0.0,0.0,0.0,0.0,0.0118610174,0.0118610174,0.0118610174,0.0188557282,0.0435039862,0.0316429688,0.043267562,0.055601823,0.0486071122,0.0239588542,0.03060237620000001,0.024129353,0.01717967,0.0272838084,0.0380711576,0.0421913166,0.06627571260000001,0.0780025866,0.0870936934,0.1115361202,0.1225862312,0.1226358992,0.1367993232,0.152850924,0.1204888802,0.1060962994,0.1271816654,0.0992972118,0.1193534318,0.1755041196,0.1950871444,0.1487693574,0.1469851142,0.0916820482,0.0437515808,0.1014835968,0.1136177566,0.1476398034,0.2004663834000001,0.1893784308,0.1184124488,0.1118955154,0.09690915740000004,0.0686921924,0.1099870984,0.09945657179999999,0.1135305504,0.1083044844,0.08976300960000001,0.04846810360000001,0.1059735162,0.0873666322,0.0776660066,0.07469904420000001,0.07593600012000001,0.03378149712,0.03498573112,0.05854219872000001,0.07173211892,0.070495163,0.079750442,0.07340867400000001,0.04413703000000001,0.027845932,0.027845932,0.0,0.0,0.0,0.0,0.0,0.0,0.0,0.0,0,0,0,0,0,0,0,0,0,0,0.0,0.0,0.0
230524>230473,579,579,FRDu,Finchley Road,Metropolitan // NB,1445,FNYr,Finchley Road & Frognal,LO North London // WB,Alight-Exit-Interchange-Enter-Board,17.7293976039517,0.0,0.5388482191999999,4.2968280527517,7.4520543744,3.701017115,1.7406498426,0.0,0.0,0.0,0.0,0.0,0.0,0.0,0.0,0.0,0.0122753828,0.0122753828,0.0122753828,0.0122753828,0.0688800128,0.0680983828,0.0764567674,0.08308237339999999,0.1051354274,0.04853079740000001,0.03956292680000002,0.0312045422,0.0661368562,0.0712080942,0.0942632122,0.131337724,0.13133817779034,0.11533608979034,0.09230259159033999,0.10893313359034,0.13096071159034,0.1986654178,0.1888832638000001,0.203094388,0.1768537020000001,0.180143104,0.174768604,0.2293481000000001,0.2144617404,0.2494173004,0.1973939264,0.2304445924,0.3151550704,0.380953952,0.3842237580000001,0.5494788580000001,0.6522552000000001,0.5417965339999999,0.6103060339999999,0.691044674,0.6014501300000001,0.6694531420000001,0.7943975259999999,0.69449757,0.630529194,0.5661653112,0.4506802012000001,0.4298811312,0.4728531992,0.4152055748,0.4141658496,0.3618692596,0.2495706056,0.2419524096000001,0.2407392434,0.2716042054,0.1849920362,0.2246917842,0.1934918162,0.2627290028000001,0.2355616988,0.283825116,0.288270762,0.246292874,0.167475874,0.140627268,0.08765108140000001,0.0070540414,0.0070540414,0.0070540414,0.0070540414,0.0,0.0,0.0,0,0,0,0,0,0,0,0,0,0,0.0,0.0,0.0
230525>230472,579,579,FRDu,Finchley Road,Metropolitan // SB,1445,FNYr,Finchley Road & Frognal,LO North London // EB,Alight-Exit-Interchange-Enter-Board,218.33160119,15.11785698,104.73903198,41.35827514,43.20200986,11.885258156,2.029169074,0.0,0.020434434,0.145293148,0.461898748,1.819930208,2.622049008,4.058706573999999,5.989544860000001,7.449831459999999,8.0609254,11.2276586,13.290715,12.4906952,12.507397,12.1368608,9.27092332,6.11147428,5.22901236,4.017689460000001,2.945849100000001,2.43501332,2.59779166,2.49173908,2.58494926,2.401498520000001,2.05102744,1.69588806,1.69551682,1.27174922,1.27037632,1.26057108,1.40306462,1.32352698,1.27277596,1.11697216,1.2502823,1.26372098,1.3277399,1.3276906,1.4938225,1.61241388,1.83460864,1.86692324,2.5086126,2.74249196,2.84300156,3.09981174,3.70227616,3.97065014,4.241056479999999,4.80085624,4.56206158,4.37637742,3.50601564,3.08233758,2.27507336,1.96489724,1.55069588,1.58406494,1.31877291,1.089081556,0.9001606060000001,0.7931991460000001,0.5895922060000001,0.5347028500000001,0.5134754779999999,0.558760256,0.487855088,0.518367158,0.44369756,0.387807086,0.304224568,0.195924956,0.095035846,0.05702589,0.02708601,0.0,0.0,0.0,0.0,0.0,0.0,0.0,0,0,0,0,0,0,0,0,0,0,0.0,0.0,0.0
230525>230473,579,579,FRDu,Finchley Road,Metropolitan // SB,1445,FNYr,Finchley Road & Frognal,LO North London // WB,Alight-Exit-Interchange-Enter-Board,87.86440103771994,6.78132564,40.34652544399999,20.221876076,17.074379194,3.1264018959,0.3138927878200001,0.0,0.20028452,0.41171932,0.51471024,0.84180796,1.1594371,1.57392108,2.07944542,2.75936318,3.67022018,4.08493872,4.61853382,4.479067260000001,4.50453198,3.92567174,3.6287071,2.640721586000001,2.394632906,2.042252166,1.597884806,1.233079138,1.195542152,1.082427392,0.8255874320000001,0.7577772859999999,0.852031694,0.942408734,0.8099102460000001,0.7341187760000001,0.7676512759999999,0.8060628559999999,0.745890356,0.7725471559999999,0.8059021059999999,0.8387466920000001,0.6816506340000001,0.7167031020000001,0.6962065500000001,0.730004518,0.651324592,0.80541051,0.875540902,0.8625574619999999,1.032794514,1.12690908,1.32481582,1.35109968,1.7695099,1.7696156,1.9458525,1.84954762,1.75742885,1.426714602,1.232392102,0.862809458,0.657683982,0.506357458,0.540975946,0.427208674,0.4161870320000001,0.3667275800000001,0.32721292926,0.14100089526,0.09118896006000002,0.09555462606,0.06605631006000001,0.0763642856,0.0715671996,0.07192314880000003,0.0584105788,0.0500581088,0.0448548684,0.034597952684,0.031286810684,0.016072400684,0.006673034684,1.5884284e-05,0.0,0.0,0.0,0.0,0.0,0.0,0,0,0,0,0,0,0,0,0,0,0.0,0.0,0.0
230472>230522,579,1445,FNYr,Finchley Road & Frognal,LO North London // EB,579,FRDu,Finchley Road,Jubilee // NB,Alight-Exit-Interchange-Enter-Board,54.28353457838362,2.06374602990688,7.355350797476719,8.908513799,20.057016842,14.217684755,1.681222355,0.0,0.0,0.0,0.12063506,0.12063545547672,0.12063545547672,0.32004672947672,1.38179332947672,1.27764447947672,1.277644084,1.277644084,1.21138967,0.14964307,0.13315686,0.19026264,0.320807994,0.199990212,0.283388476,0.404158644,0.629620584,0.49907523,0.5575781439999999,0.7470689400000001,0.6766010720000001,0.4782385560000001,0.4782385560000001,0.458798852,0.185909792,0.209058572,0.165796964,0.207791014,0.156388726,0.1793275,0.133064628,0.271498242,0.249990796,0.289897,0.266958226,0.317930244,0.1509945470000001,0.196711119,0.703252435,0.703252435,0.625092209,1.357105696,1.29090252,0.744455,0.79323841,0.79323841,0.15432397,0.57129727,1.63139039,1.586715529,3.570737329,3.465196769,4.098415548999999,3.038322429,3.28735332,1.77925668,1.85256466,0.8023725800000001,0.9733919920000002,0.720252552,0.288037624,0.386983634,0.386983634,0.332018402,0.370147248,0.511660596,0.3499375532000001,0.3530559626000001,0.2370017826,0.2016580882000001,0.0164345082,0.005903561,0.0027851516,0.0027851516,0.0,0.0,0.0,0.0,0.0,0.0,0,0,0,0,0,0,0,0,0,0,0.0,0.0,0.0
230472>230523,579,1445,FNYr,Finchley Road & Frognal,LO North London // EB,579,FRDu,Finchley Road,Jubilee // SB,Alight-Exit-Interchange-Enter-Board,1.156948475497,1.2034257e-05,0.18346131,0.3872496006399999,0.1835739858,0.3886234272,0.0140281176,0.0,0.0,2.4068514e-06,2.4068514e-06,2.4068514e-06,2.4068514e-06,2.4068514e-06,0.0,0.0,0.0,0.0,0.0,0.0,0.0082328886,0.018460288,0.018460288,0.039662428,0.039662428,0.0314295394,0.02755345,0.0364312884,0.0152291484,0.015239453048,0.015239453048,0.016079568648,0.007201730248,0.007201730248,0.007191425600000001,0.0092303036,0.005632172,0.005632172,0.005632172,0.005632172,0.003593294,0.0,0.0045083814,0.0259361694,0.0331026928,0.0331026928,0.0388952628,0.0416983484,0.0230576722,0.0158911488,0.0158911488,0.0100985788,0.0027871118,0.00430059,0.00430059,0.0106424274,0.013184552,0.013184552,0.008883961999999999,0.0146770588,0.0355329374,0.0329908128,0.0329908128,0.06893547280000001,0.086175752,0.063816564,0.063816564,0.063816564,0.027871904,0.004838528000000001,0.0,0.0,0.0,0.0046760392,0.0046760392,0.0046760392,0.0046760392,0.0046760392,0.0,0.0,0.0,0.0,0.0,0.0,0.0,0.0,0.0,0.0,0.0,0.0,0,0,0,0,0,0,0,0,0,0,0.0,0.0,0.0
230472>230524,579,1445,FNYr,Finchley Road & Frognal,LO North London // EB,579,FRDu,Finchley Road,Metropolitan // NB,Alight-Exit-Interchange-Enter-Board,84.45024370840002,1.724560916,11.8655369048,15.6353285732,39.23976503999999,12.993325456,2.991726818400001,0.0,0.0,0.0,0.11227376,0.22032042,0.33266314,0.4430585480000001,0.6162450480000001,0.747025768,1.049204208,1.169426728,1.45823646,1.450875268,1.476829548,1.239744928,1.089596648,0.764402668,0.66605056,0.45352241,0.3006217108,0.2884282008,0.2756273688,0.2530860388,0.2672359888,0.5071140679999999,0.5648235580000001,0.59934489,0.6675667,0.6521142520000001,0.52509702,0.46963949,0.515705564,0.510661692,0.5506975000000001,0.539609612,0.591220042,0.5522953079999999,0.56257159,0.60769044,0.72795962,0.95338046,1.178418,1.47012737,1.8049138,2.57098488,3.0905696,3.21217302,3.68199836,4.28168276,3.89436424,3.46722956,3.821451140000001,3.27913586,2.7682858,2.47503362,2.6968562,2.12987952,1.95414386,1.73169134,1.69802988,1.064744934,0.957118094,0.8739984100000001,0.60668263,0.496921544,0.50000114,0.49292456,0.4871895440000001,0.4642784840000001,0.371467418,0.4644866480000001,0.4889838080000001,0.41639844088,0.3651242608800001,0.27357557288,0.14698239288,0.00042979288,0.0,0.0,0.0,0.0,0.0,0.0,0,0,0,0,0,0,0,0,0,0,0.0,0.0,0.0
230472>230525,579,1445,FNYr,Finchley Road & Frognal,LO North London // EB,579,FRDu,Finchley Road,Metropolitan // SB,Alight-Exit-Interchange-Enter-Board,71.6517283375,2.917350132,40.99113518600001,15.26090228,9.9063319112,1.9715301203,0.6044787079999999,0.0,0.0,0.0,0.12605536,0.304501068,0.445809608,0.762777348,1.278206748,1.857930888,2.77310538,3.30023132,4.42282408,4.16951414,4.21118098,4.640915980000001,4.18895474,3.52309464,3.386696706,2.904405006,1.612281326,1.489585396000001,0.792939532,0.958083146,0.8213440860000001,0.788326512,0.8148398020000001,0.7894715459999999,0.6905155460000001,0.613503416,0.537826522,0.458674038,0.5545154880000001,0.470418454,0.4978142880000001,0.549931088,0.5087929720000001,0.4247141720000001,0.449758436,0.5167889520000001,0.435611634,0.5465889020000001,0.570398568,0.5180972079999999,0.462362576,0.5373628420000001,0.7555074740000001,0.724560772,0.7807306020000002,0.983709434,1.192762994,0.92450081,1.015200436,0.927082776,0.8898860559999999,0.611336946,0.5636907692,0.4314531332,0.4005886312,0.1895868712,0.1094742432,0.096260704,0.101729757,0.08696125950000001,0.07690290150000001,0.0913599435,0.0913599435,0.08818496649999999,0.2076677660000001,0.172850604,0.13952494,0.1455491888,0.1284812288,0.0060242488,0.0060242488,0.0060242488,0.0,0.0,0.0,0.0,0.0,0.0,0.0,0.0,0,0,0,0,0,0,0,0,0,0,0.0,0.0,0.0
230473>230522,579,1445,FNYr,Finchley Road & Frognal,LO North London // WB,579,FRDu,Finchley Road,Jubilee // NB,Alight-Exit-Interchange-Enter-Board,0.6164204074999999,0.0,0.430767304,0.1843991665,0.001253937,0.0,0.0,0.0,0.0,0.0,0.0,0.0,0.0,0.0,0.0,0.005791317000000001,0.007454696200000001,0.0163132702,0.0186383848,0.0186383848,0.0803621438,0.0786987646,0.06984019059999999,0.067515076,0.067515076,0.0,0.0,0.007350438000000001,0.0101233081,0.0178081849,0.0274786649,0.0274786649,0.0244464631,0.0243434432,0.0166585664,0.006988086400000001,0.006988086400000001,0.0026698502,0.0,0.0,0.0,0.0,0.0,0.0,0.0,0.0,0.0014099324,0.0026638694,0.0026638694,0.0026638694,0.0026638694,0.001253937,0.0,0.0,0.0,0.0,0.0,0.0,0.0,0.0,0.0,0.0,0.0,0.0,0.0,0.0,0.0,0.0,0.0,0.0,0.0,0.0,0.0,0.0,0.0,0.0,0.0,0.0,0.0,0.0,0.0,0.0,0.0,0.0,0.0,0.0,0.0,0.0,0.0,0.0,0,0,0,0,0,0,0,0,0,0,0.0,0.0,0.0
230473>230524,579,1445,FNYr,Finchley Road & Frognal,LO North London // WB,579,FRDu,Finchley Road,Metropolitan // NB,Alight-Exit-Interchange-Enter-Board,285.26282136,23.82105748,55.90161822,49.99278724,101.30851594,34.39892818000001,19.8399143,0.0,0.0,1.25605574,2.97967234,3.936306280000001,4.727774420000001,5.686652220000001,5.23459648,4.58984128,4.704059040000002,5.1378599,5.5216432,6.478902000000001,6.596061300000001,6.00434754,5.00496226,4.35687972,3.2107976,2.26434942,2.03191496,2.02032768,1.48795896,1.03122758,0.96334902,0.8538209680000001,0.8642569080000002,1.161906288,1.293279368,1.598855088,1.7726283,1.8331969,1.65274202,1.53282174,1.386892,1.3669175,1.62851618,1.78813582,2.28088836,2.95932534,3.51837952,3.52078866,4.20339788,4.21609634,5.05707882,5.5370781,6.7572815,7.716020500000001,9.6630332,9.5557088,10.060406,10.1737754,10.4545778,8.96093332,8.06285024,7.84636384,6.52048724,4.98254996,4.13410638,4.022291180000002,2.79321048,2.49349548,2.0540882,2.2515,2.42812488,2.41143054,2.48442384,2.21784194,2.1258653,1.72802884,1.92707032,2.36879782,2.54762762,2.93541516,2.68188214,2.24724742,1.516620084,1.220542144,0.447045704,0.178253584,0.041383464,0.0,0.0,0.0,0,0,0,0,0,0,0,0,0,0,0.0,0.0,0.0
230473>230525,579,1445,FNYr,Finchley Road & Frognal,LO North London // WB,579,FRDu,Finchley Road,Metropolitan // SB,Alight-Exit-Interchange-Enter-Board,9.8145992623,0.240280172,4.837038886599999,3.0687655842,1.1746518718,0.3583354744,0.1355272733,0.0,0.0,0.0084931612,0.0084931612,0.0401247712,0.0401247712,0.06793785120000001,0.075106456,0.169837752,0.305428308,0.353571832,0.4496462720000001,0.500509006,0.56002658,0.516259044,0.488015514,0.468282214,0.467657014,0.336804556,0.2210007946000001,0.2295943246,0.1705002586,0.1478073046,0.1487090926,0.18126904,0.2033435240000001,0.184134772,0.150053428,0.155596308,0.126444816,0.075876808,0.07806834600000001,0.101313,0.08818604880000001,0.0860298602,0.1039855302,0.0906038142,0.08095064219999999,0.1208747074,0.111971572,0.123325434,0.126117886,0.117387611,0.0666214558,0.0666214558,0.08819959779999999,0.0752621824,0.0667385998,0.07737236500000001,0.08645435380000001,0.0667180458,0.1098500012,0.1424703588000001,0.1422586556,0.1356339174,0.1170723384,0.08617844240000001,0.0480954584,0.0453444046,0.042887154,0.030297367,0.013543047,0.0185862816,0.0120226592,0.0145608156,0.0145608156,0.0145608156,0.0176982134,0.01131305526,0.01529380586,0.02823394986000001,0.02823394986000001,0.02005331746,0.019459051,0.012940144,0.0,0.0,0.0,0.0,0.0,0.0,0.0,0.0,0,0,0,0,0,0,0,0,0,0,0.0,0.0,0.0
20501>20522,590,590,GPKu,Green Park,EntEx,590,GPKu,Green Park,Jubilee // NB,Enter-Board,5546.741854499999,39.61307714,138.18975236,1244.472042,2152.951542,1167.6325784,803.8828626000001,0.8739402800000001,1.93850194,3.45211888,4.80420314,6.260592000000001,6.60855152,7.429764060000001,8.24540532,8.695170860000001,9.3566282,10.5563386,11.3012813,11.629008,11.894624,11.7605414,11.6967067,11.6687968,11.3480525,13.1007221,15.1818819,16.36016140000001,18.5324204,21.112427,22.8976532,25.4975498,30.3170642,33.7011322,38.67203300000001,40.8719784,41.83867400000001,41.7554518,42.75619980000001,43.49155920000001,46.47281020000001,48.3515912,53.526938,58.24138300000001,61.03258760000001,70.62210960000002,82.61013700000002,88.40129300000002,94.379978,108.164906,114.864004,125.81604,135.168176,156.435888,169.730962,187.71973,194.32462,214.10175,214.228566,210.828044,199.317012,185.972822,159.307932,140.349854,121.122384,104.368542,96.57590600000002,91.86095999999999,86.42690400000002,87.14272199999999,87.63363799999998,86.296873,84.61382979999999,89.01514080000003,92.2258248,95.61120759999999,93.3520566,94.3431398,92.9028198,85.69278879999999,77.13779079999999,72.42825079999999,65.2587608,50.0397408,35.45754779999999,23.337175,13.724207,4.597377000000002,0.0,0.0,0,0,0,0,0,0,0,0,0,0,0.0,0.0,0.0
20501>20523,590,590,GPKu,Green Park,EntEx,590,GPKu,Green Park,Jubilee // SB,Enter-Board,12093.769674,112.696052,495.9309408000001,2993.2349592,4547.863724000001,2414.277412000001,1529.766586,6.281303400000001,8.2041818,12.2378434,14.9388096,13.5490216,16.1589258,19.9011086,21.4248578,23.5395922,27.1335988,30.2521352,31.6821416,32.6934914,35.52351880000001,40.3330326,45.9797336,51.26569240000001,55.4325412,59.74258520000001,62.35287780000001,62.12781060000001,62.23707120000001,67.68485980000001,74.3537178,79.6650938,89.120661,100.3231932,107.8339212,109.0921312,108.8356612,107.7146262,104.827581,103.232077,107.4812942,115.8015382,122.1820952,134.4872672,147.4767852000001,163.490782,177.46971,191.136266,198.893616,222.098982,235.668218,254.216444,275.460466,331.47242,358.992366,408.6284440000001,441.978474,476.466464,463.9502880000001,447.8462720000002,405.8806100000001,365.378248,317.593228,277.6082260000001,245.509062,223.034196,204.76647,190.481312,180.506332,176.699062,175.357424,179.006972,179.758016,187.912392,193.637948,193.109432,185.93086,184.917844,178.49879,166.67488,149.689166,137.3556968,117.5704788,87.8231128,60.11846480000001,40.06349280000001,21.62232,6.392048,0.0,0.0,0,0,0,0,0,0,0,0,0,0,0.0,0.0,0.0
20501>20530,590,590,GPKu,Green Park,EntEx,590,GPKu,Green Park,Piccadilly // EB,Enter-Board,2934.31822146,13.85583456,123.2194519,971.1880296,992.4924172000001,472.0522986,361.5101896,0.0988979,0.290515032,0.955330272,1.165911272,1.757775712,2.438512612,3.41497428,3.733917480000001,4.86002118,5.381979680000001,5.94118448,6.386632880000001,8.366517040000002,9.78965754,11.973286,12.9366526,14.43254,14.1837218,14.5607508,14.4065079,15.4189417,16.6739051,19.17482930000001,22.2327931,26.4504406,29.3625576,36.3471206,40.439458,42.95306600000001,43.44554400000001,46.40631700000001,42.209,40.924694,40.331198,42.157206,40.80390999999999,45.2039034,47.8597734,51.68779379999999,51.1518078,53.95225620000001,53.7060748,59.6644108,62.6310284,71.9955824,77.96616200000003,87.77574399999999,88.364962,91.57544,91.34725999999999,92.567838,87.55765600000002,83.57000400000003,79.17546000000002,73.94561,66.6506988,57.5579844,51.815872,45.085259,39.065174,36.0084578,34.4986808,34.7788864,33.88674160000001,34.29673620000001,33.8113816,36.16508400000001,35.0820408,36.1219946,35.35100300000001,34.7495394,36.067052,35.3547472,38.4106772,39.0688262,37.7503366,28.576777,22.5944798,12.3958518,5.068904799999999,0.0,0.0,0.0,0,0,0,0,0,0,0,0,0,0,0.0,0.0,0.0
20501>20531,590,590,GPKu,Green Park,EntEx,590,GPKu,Green Park,Piccadilly // WB,Enter-Board,5411.167345100002,22.70981872,145.95601598,1476.8515284,1990.701776,1132.30091,642.6472960000002,0.2474830600000001,0.8474938600000002,1.694792660000001,2.27506626,3.555262540000001,4.12504048,4.745282000000001,5.219397860000001,6.101628660000001,7.242225780000003,8.275260180000002,9.37127526,10.6409784,11.920028,11.8305401,12.7839071,14.2938783,15.1979361,17.4960427,20.8023154,24.3827076,27.892125,32.3994854,38.09019439999999,41.77318820000001,46.55929279999999,51.36885239999999,56.95531039999999,58.9764028,59.22046020000001,58.4945256,58.25188120000001,55.8681212,55.3483692,59.1890998,62.7472282,66.056519,70.434961,75.88294499999998,82.140637,89.15400799999999,93.103464,102.986214,109.575536,118.993194,124.820964,136.611986,141.173188,155.926304,166.340698,181.847768,196.39229,203.808292,199.36286,191.434806,173.989426,151.2747372,136.5660412,121.632194,103.9564252,92.63926520000004,84.68084000000002,77.80818599999999,72.9559232,73.53113,73.218824,72.796316,71.241028,70.94780600000001,74.42230320000002,75.72802320000002,76.0079752,74.6304724,69.3233814,58.00011480000001,53.21974560000001,38.5385536,25.6090644,16.41878740000001,9.8010688,0.0,0.0,0.0,0,0,0,0,0,0,0,0,0,0,0.0,0.0,0.0
20501>20532,590,590,GPKu,Green Park,EntEx,590,GPKu,Green Park,Victoria // NB,Enter-Board,11067.3823885,66.7959635,369.4846644,2863.8885286,4406.562874000001,2051.29921,1309.351148,0.7691151999999999,1.9281053,4.250217500000001,6.810266700000001,9.2107707,12.0911655,14.9831618,16.7531608,18.3411024,20.4597444,22.5405498,23.4469494,26.0576092,27.9359204,29.8932024,33.703135,37.8771836,38.5776466,43.09040560000001,47.5612156,50.8981636,52.9250626,60.8147346,66.7842016,72.8912916,79.1676396,91.521626,97.976908,103.912809,105.046827,104.125989,100.165293,100.005725,98.97355600000002,110.053982,121.446856,132.531938,145.433992,162.5482060000001,169.404608,185.412594,198.812158,217.791624,235.242744,260.0153780000001,279.487832,318.5235280000001,344.1946120000001,383.621504,411.42908,450.8691600000001,450.95646,439.075676,400.7964040000001,363.4424240000001,304.1508160000001,257.008524,225.50694,201.42529,178.803746,160.976744,153.59797,147.227484,144.147104,143.845214,145.283362,144.79728,148.679552,147.688374,148.933926,151.49348,152.904682,146.5032440000001,140.247968,126.67371,107.0556836,81.49655600000001,54.62735200000001,31.910622,15.811358,4.0041924,0.0,0.0,0,0,0,0,0,0,0,0,0,0,0.0,0.0,0.0
20501>20533,590,590,GPKu,Green Park,EntEx,590,GPKu,Green Park,Victoria // SB,Enter-Board,10048.1097259,26.8008539,222.0785624,2028.6587326,4225.80141,2307.558762,1237.211405,0.33265302,0.82394398,1.13283118,2.03616858,2.93354418,4.67363516,6.636223599999999,8.2318542,9.8019532,11.7618542,13.1137578,14.0854568,16.0014758,17.5719974,20.28242980000001,21.0230222,21.8193852,23.3608758,25.73661460000001,27.5197396,31.68978560000001,35.7386618,39.054484,44.30531260000001,48.8135874,53.6812534,61.0734758,65.98447420000001,67.7393988,67.89004800000001,68.56111200000001,68.843372,71.936036,75.552164,80.841605,87.748659,95.405843,102.672949,112.481401,125.873312,136.05726,145.76654,161.46942,179.478578,194.179116,212.528924,247.677488,286.00031,330.389138,375.43051,431.491416,467.447048,462.279468,444.363642,413.0966980000001,360.917652,298.2036940000001,260.351522,222.813186,199.799026,177.878804,169.086924,166.237612,163.904466,160.27311,160.05296,161.507816,167.449642,170.909334,165.621388,163.885442,153.919524,137.081644,118.106058,102.901816,85.98560900000003,61.58654900000001,40.377347,24.43253300000001,12.404161,0.0,0.0,0.0,0,0,0,0,0,0,0,0,0,0,0.0,0.0,0.0
20522>20501,590,590,GPKu,Green Park,Jubilee // NB,590,GPKu,Green Park,EntEx,Alight-Exit,13508.147585,756.77203,5030.475542000001,4513.027636000001,2277.785698,691.2310057999999,238.8556732,1.8225928,9.800742800000002,23.7981968,55.7688448,95.9384708,134.660816,189.79129,245.191076,292.389434,351.146144,396.353214,446.09145,488.09243,522.8078360000001,506.4601,502.7092519999999,459.5580639999999,411.271312,345.344068,308.2522380000001,270.467924,243.953652,218.814624,209.994654,207.397736,206.429752,204.292844,208.44587,212.824022,208.32315,194.782468,186.437884,176.171014,161.488264,150.008552,149.328484,150.54981,152.284976,157.692316,164.408158,167.981568,168.970688,171.719892,170.2593340000001,167.664168,173.00541,171.941006,175.636928,182.311526,198.23385,202.222506,215.268332,213.593024,211.961758,193.184132,172.763058,144.1574,116.3867232,88.74296420000002,69.052167,54.0579076,40.58774040000001,35.0417424,30.03697480000001,28.4241208,27.4689502,28.03339220000001,29.240923,29.6291936,28.3494468,27.9648922,27.1515992,24.7470998,21.6735922,19.2541612,18.4052256,15.0436224,11.1936858,8.7047354,5.5329224,1.2054966,0.0,0.0,0,0,0,0,0,0,0,0,0,0,0.0,0.0,0.0
20522>20530,590,590,GPKu,Green Park,Jubilee // NB,590,GPKu,Green Park,Piccadilly // EB,Alight-Interchange-Board,2591.966384900001,61.8726512,301.8639818,1003.507766,737.476906,283.4748527,203.7702272,1.2486804,1.7444075,2.2440368,4.852830200000001,7.104663799999999,11.0348294,14.7148339,18.9283692,20.430794,21.8780986,21.6787688,23.20760880000001,24.0244438,26.2625038,27.76891760000001,28.7888678,27.5065698,27.3451428,25.709319,27.262947,28.4205958,30.46647320000001,30.670997,31.667356,32.27542200000001,34.15987560000001,38.158439,40.1666206,42.9088878,45.0080602,45.1390194,42.8277836,44.0139228,45.4883452,45.55674680000001,44.277434,44.375722,45.4928232,45.53040220000001,43.3532932,45.43900100000001,47.20612740000001,54.45246700000001,56.45195100000001,59.03843000000001,62.82237300000001,63.05979000000001,61.99840200000001,62.39986200000001,66.92773000000001,65.74145940000001,68.84256740000001,63.12712200000001,59.92749800000001,54.6154872,48.976185,42.82338499999999,38.3422672,33.3596498,27.9558324,25.11071,21.4302394,17.7566522,17.3751666,16.339819,14.6495401,13.6544603,14.6771307,14.3170373,15.6275089,18.010281,21.1085984,24.3248464,27.5601216,24.21853168,22.89565628,17.26627128,10.82803328,4.15155248,3.4617886,0.0,0.0,0.0,0,0,0,0,0,0,0,0,0,0,0.0,0.0,0.0
20522>20531,590,590,GPKu,Green Park,Jubilee // NB,590,GPKu,Green Park,Piccadilly // WB,Alight-Interchange-Board,6912.206513999999,418.640113,1876.336788,1800.414888,1705.136038,707.7174854000001,403.9612016,6.900036,16.6984628,22.3035718,41.4971966,65.02736460000001,72.79019659999999,82.83897580000001,110.5843088,123.639042,130.36572,160.12602,191.409728,198.398636,206.277722,198.131916,183.775518,153.711106,127.325002,103.719434,99.45694400000002,86.15590800000003,77.8014726,77.82161860000002,73.16288800000002,69.506304,67.55719900000001,71.98245440000002,74.45072040000002,77.296465,75.8992042,74.7300692,71.0905472,68.50981920000001,67.1548152,68.994833,68.809663,70.921875,69.38433500000001,72.28875579999999,75.8192348,76.7538788,78.3756588,88.19457480000001,97.75259399999999,98.996848,114.439804,124.01415,139.21589,139.57357,165.903662,163.043092,172.296256,162.389128,162.262756,135.521318,127.479564,109.647124,96.92896800000001,80.76150799999998,71.90251599999998,65.39698200000001,55.04762240000001,45.8731044,43.17963540000001,39.81163140000001,34.2804874,31.8454884,33.042418,32.291549,37.17156180000001,43.4798258,49.5366976,52.38001040000001,50.99225900000001,43.1694162,36.723059,25.2236838,15.6391974,10.5911128,6.7628288,0.0,0.0,0.0,0,0,0,0,0,0,0,0,0,0,0.0,0.0,0.0
20522>20532,590,590,GPKu,Green Park,Jubilee // NB,590,GPKu,Green Park,Victoria // NB,Alight-Interchange-Board,7373.992620500001,208.1685665,1198.3611834,2035.3004936,2462.965562,908.5878146000003,560.6090004,1.3517539,3.2363687,6.791414100000001,15.9369441,26.1245001,38.1282002,51.4273694,65.17201600000001,72.13879399999999,84.30851200000002,92.511658,107.377682,114.105136,123.249841,119.101535,118.508263,106.7314698,97.3953358,84.3630458,78.56991099999998,70.49354100000001,63.82672280000001,63.90826479999999,61.59385779999999,62.8550406,65.84203860000001,65.072192,67.20282800000001,74.40354200000002,72.34202520000002,68.6043688,75.45179680000003,74.17372879999999,75.7167468,80.7708948,86.40560239999998,87.8064224,92.0019364,97.4840344,110.3481832,118.367126,121.91263,135.89778,142.81919,149.08727,161.709248,179.523166,201.51926,221.307294,242.510746,250.392164,256.634616,234.36789,217.65135,185.689942,162.572616,136.623538,115.453636,94.0078372,83.95045440000001,72.418155,63.04859620000001,62.76477280000001,60.84261160000001,57.21789380000001,55.57839120000001,53.51088000000002,53.1710484,53.84100920000001,53.715849,64.030135,65.65146779999999,64.19755479999999,64.93117,56.56212120000001,45.89768640000001,36.9636062,26.6759222,14.5112562,11.6436458,1.9875766,0.0,0.0,0,0,0,0,0,0,0,0,0,0,0.0,0.0,0.0
20522>20533,590,590,GPKu,Green Park,Jubilee // NB,590,GPKu,Green Park,Victoria // SB,Alight-Interchange-Board,2770.25686,183.6452412,581.9014854000001,672.8213816,753.5998006,341.7585144000001,236.5304368,1.4074052,4.595930200000002,6.987870000000001,14.291466,26.476089,31.4372542,42.25482720000001,56.19439940000001,60.72637400000001,59.1014716,63.6387362,61.72646899999999,57.39609220000001,54.15253440000001,49.7292022,46.59171920000001,39.6955766,32.6238024,29.26469860000001,27.254809,24.4006892,22.9880974,20.0163746,19.7483124,20.7338136,20.0391974,21.568572,24.5545218,24.2240866,23.7482606,24.0836532,23.6843238,26.7046998,27.6890566,27.9922308,29.62706320000001,31.34563960000001,28.97248020000001,33.240825,37.6220372,37.7036066,39.21209520000001,42.16464000000001,40.75710480000001,42.1795184,47.9597,50.21891340000001,53.434872,59.68363600000001,70.91863900000001,73.807737,79.42457300000002,79.543593,74.7211798,63.784088,57.923351,46.63907140000001,40.9221158,36.93634460000001,30.74822200000001,27.05812640000001,25.0891646,23.34684020000001,22.104211,21.3015472,20.71754240000001,23.6516684,23.2436604,22.815363,27.83175360000001,28.317899,28.8755208,30.9236262,28.9717852,21.597341,19.3376918,13.0809294,7.021783999999999,4.724394,3.0323488,0.0,0.0,0.0,0,0,0,0,0,0,0,0,0,0,0.0,0.0,0.0
20523>20501,590,590,GPKu,Green Park,Jubilee // SB,590,GPKu,Green Park,EntEx,Alight-Exit,6238.74658666,357.09642196,2428.479425,2202.0626314,915.4070884000001,267.8013892,67.89963070000002,0.6682614,2.3609478,7.2528398,19.1470458,38.25261276000001,65.08651640000001,98.14700000000002,126.181198,156.304374,171.455376,188.457754,200.67272,229.695018,235.129238,246.644344,236.274842,230.796166,198.872372,177.91646,156.260761,148.344737,132.361329,124.456495,117.457293,112.54792,107.432742,100.9635492,97.19976,100.7744772,98.29635720000002,91.0684072,86.348106,83.1699212,72.57139740000002,68.80498940000001,67.66561140000002,68.0849354,67.67003940000001,69.54499799999999,71.75849200000002,75.803526,79.0139528,78.8464378,81.87715779999999,79.95238379999999,79.45132779999999,75.919329,77.263796,76.335526,80.01446999999999,79.06888199999999,81.491393,79.542631,76.221899,68.2022064,61.94324440000001,51.18617620000001,41.8842622,32.5550396,26.852941,21.168953,17.4420642,14.9006386,13.7954796,13.2720394,11.899168,11.7741642,11.0704632,9.94509348,8.713832880000002,8.38100528,7.063921220000001,6.197915620000002,5.103404460000001,3.717768860000001,3.21880326,4.164099520000001,3.586065720000001,3.110970200000001,2.8406778,1.8560724,0.0,0.0,0,0,0,0,0,0,0,0,0,0,0.0,0.0,0.0
20523>20530,590,590,GPKu,Green Park,Jubilee // SB,590,GPKu,Green Park,Piccadilly // EB,Alight-Interchange-Board,1312.903403800001,47.3472938,279.079792,528.8466536,308.4698374,122.93409574,26.22573126,0.37008092,0.76696714,1.1362072,2.8279286,5.767071000000001,8.73577648,12.10623566,15.6370268,19.2725976,21.1237254,22.5790086,24.0379606,24.8633498,24.3392692,24.67931440000001,24.70379800000001,24.290556,23.8753406,22.5501704,22.7647014,24.4258494,24.9230456,26.133866,26.560318,24.1428072,22.212425,21.1994854,20.8231572,21.3253438,23.1803248,22.33366040000001,22.354767,20.2408818,21.0134594,20.4919262,21.2477676,20.681325,22.1583534,20.564521,20.6299,20.0105448,20.7173258,19.561881,21.9137178,21.0742874,22.973262,22.9733986,25.8362274,25.2782818,28.2731238,26.597149,28.9715034,27.2760014,27.3853626,25.7438598,26.0873802,22.1908538,19.5665078,16.0422856,12.711563,9.9179048,7.92060114,7.17496074,6.33384034,5.91579108,5.23778868,5.266234020000002,4.65576474,4.09845994,3.573121,3.31117356,2.71276702,2.61853986,2.61650936,2.28561954,1.83711132,1.46765458,1.02261502,0.4586153200000001,0.22354474,0.0,0.0,0.0,0,0,0,0,0,0,0,0,0,0,0.0,0.0,0.0
20523>20531,590,590,GPKu,Green Park,Jubilee // SB,590,GPKu,Green Park,Piccadilly // WB,Alight-Interchange-Board,4587.738252400001,200.4297903,1442.4360872,1460.8632892,912.3389000000001,419.7503768,151.9198089,1.04108096,2.61187506,4.91009126,12.34533686,22.11640686,36.29671389999999,51.4130978,69.6951876,90.313354,110.317952,126.749506,140.246398,155.433792,145.5484052,140.858664,127.73444,122.1623328,100.6689428,96.6701116,85.73218879999999,83.67221679999999,73.65694400000002,73.03901,71.28514120000001,69.4573818,66.52209780000001,64.76290180000001,62.548193,63.24491579999999,61.15530480000001,56.48451820000001,52.68779020000001,51.6314456,48.68561840000001,49.26445680000001,49.75032180000001,52.73486020000001,53.05407100000001,54.41863860000001,54.33849179999999,58.11236140000001,59.08097779999999,63.0126844,68.262946,67.713454,75.27181200000003,74.56208000000001,81.45339200000002,79.28030600000001,86.19023879999999,79.88587480000002,85.21158,75.6771906,74.7845946,66.79904760000001,65.5093296,54.5955756,48.385386,42.774907,40.70099879999999,33.539806,31.7511382,33.2371684,30.5931822,27.2658506,25.73212100000001,26.7739714,24.4002716,23.9893256,24.2028778,23.73114600000001,20.0012008,17.958296,14.1900563,10.9805971,7.51430422,5.294926820000001,2.44252822,1.16081112,0.45373892,0.0,0.0,0.0,0,0,0,0,0,0,0,0,0,0,0.0,0.0,0.0
20523>20532,590,590,GPKu,Green Park,Jubilee // SB,590,GPKu,Green Park,Victoria // NB,Alight-Interchange-Board,1627.75347936,99.36210946,348.2154018,400.4316933000001,437.5516084,234.9604634,107.232203,1.8009952,2.61031088,4.48240948,9.00962468,13.17164774,16.94433128,23.8982496,27.4445406,28.7735134,29.6692088,32.71248619999999,33.31706819999999,34.65346,33.4476294,33.2975952,30.445843,25.950377,23.1917988,21.877205,20.8792168,20.2410356,19.9424348,18.5795734,17.6567246,15.867114,13.5293094,12.263936,12.726251,12.647638,12.4439276,13.4555702,14.3111578,14.0243412,15.5455874,15.7384212,16.5029198,16.5284192,16.7734702,16.0248083,17.3095523,17.1875769,18.5796223,23.1447811,29.40752100000001,31.4557776,35.7263306,38.3193058,40.86011840000001,39.2599016,41.4553686,39.7021534,40.45898,36.1234906,33.9568214,30.534908,29.6984524,25.3014288,23.2683234,23.1244694,20.843537,20.377518,20.517324,18.80193580000001,17.0137904,17.9197716,15.4156976,15.2748876,17.10177980000001,14.90886188,14.70187208,15.44824308,13.84739108,11.4009636,10.56783192,8.14440324,5.986355160000001,4.5722106,3.11586628,2.47117528,1.54874296,0.51828584,0.0,0.0,0,0,0,0,0,0,0,0,0,0,0.0,0.0,0.0
20523>20533,590,590,GPKu,Green Park,Jubilee // SB,590,GPKu,Green Park,Victoria // SB,Alight-Interchange-Board,6518.822647358402,361.3178263584001,1980.996272,1494.161215,1613.8863462,739.3640788,329.096909,3.683141564600001,5.6844940646,11.5623824646,24.6763364646,42.89817450000001,65.3725969,91.7338424,115.706858,149.780416,162.8170840000001,179.681186,193.349828,211.1872,197.540472,200.8507,180.213944,164.47679,131.276436,113.310294,96.511922,88.047472,74.912464,73.485196,69.67341200000001,65.230552,59.151653,56.52262260000001,55.00016460000001,51.17862960000001,45.61939100000001,49.1077792,47.56701620000001,49.4777682,54.22105820000001,54.71785139999999,54.3440468,60.20371220000001,54.91584140000001,55.51011840000001,61.62980580000001,67.2300152,70.21569920000002,81.74412099999999,94.454825,97.280621,109.819273,115.1338502,131.5925852,135.0746412,154.9319832,152.4940892,166.489656,154.5803868,150.7640348,126.7949728,118.9302528,93.1018734,80.02356999999998,67.75289599999999,64.254818,56.9230316,58.22708299999999,55.1760064,51.9955732,53.7447626,50.5610642,50.2523216,57.3510788,54.8558792,52.3070374,52.52450580000002,45.56923880000001,33.850726,29.783033,23.174528,15.6814874,10.325047,6.8352178,3.1939196,0.996289,0.0,0.0,0.0,0,0,0,0,0,0,0,0,0,0,0.0,0.0,0.0
20530>20501,590,590,GPKu,Green Park,Piccadilly // EB,590,GPKu,Green Park,EntEx,Alight-Exit,6048.363268939999,142.4679991,2208.91248,2291.3295002,1023.527924,324.2782827,57.84708294000001,0.0,1.6099247,3.1478599,6.2452957,13.3138229,23.2600265,37.4926998,57.39836960000001,79.28542380000002,105.3978846,138.418771,161.574201,198.505416,225.6595,243.30083,241.820212,241.784406,217.963978,189.8972728,165.3045848,149.0390448,134.7503708,121.4346736,116.4979518,113.4179878,107.8443178,105.3329646,102.7620598,107.8352868,104.1395708,101.5073308,96.018058,92.617628,81.866198,75.77479,75.840118,72.3358972,70.9878252,72.17407920000002,75.8813992,75.58355040000002,77.01615120000002,79.7304872,80.9417592,80.9242732,79.63715,82.412722,83.80250500000002,86.245941,87.68177100000003,91.44820179999999,93.90088859999999,91.41779840000001,88.5601694,83.4500182,74.04648540000002,62.05012320000001,52.63428680000001,42.0620064,33.91030739999999,27.1958804,22.3076968,19.0343698,16.4095318,14.0694112,12.7266914,11.466131,10.4118465,10.4013913,9.207017700000002,8.519052499999999,7.628870699999999,6.26559746,4.41578086,3.3641803,2.70578306,1.991548188,1.557952528,1.175065728,0.5348046879999999,0.08003792800000001,0.0,0.0,0,0,0,0,0,0,0,0,0,0,0.0,0.0,0.0
20530>20522,590,590,GPKu,Green Park,Piccadilly // EB,590,GPKu,Green Park,Jubilee // NB,Alight-Interchange-Board,4501.053293900001,65.786499,587.8675560000001,1331.6654628,1521.3975904,652.7783056000002,341.5578801,0.0,0.5162392,0.67968864,2.71631364,5.27719084,10.81854524,18.50302204,27.2754994,34.7065144,41.68432199999999,48.6821582,52.68882900000001,57.90420020000001,59.5662736,60.52976400000001,56.54511280000001,52.96698600000001,45.61977660000001,40.6361352,36.337484,34.83045739999999,34.4761958,33.7571852,35.7455386,39.5477274,40.54428200000001,41.7040348,45.7109178,50.06953040000001,49.5150292,50.3268494,53.60366980000001,56.1080116,53.95768760000001,54.21419700000001,59.2283674,60.9217118,60.5468698,63.55316180000001,73.26459480000003,77.00700480000002,76.27804400000002,87.4479732,99.3064212,106.7473512,117.3368272,129.653352,140.191772,141.933634,142.661254,139.29668,142.50856,129.687442,121.90685,110.825254,98.648614,85.886604,74.06788320000001,64.72870520000001,60.5953686,56.08392760000001,46.0745216,43.3170958,44.861043,45.15243160000001,43.593158,43.2862542,45.1313128,42.5591304,39.35854760000001,43.58407940000001,44.4023772,43.00998820000001,40.7265414,33.2285588,23.68459534,16.74025734,9.75504234,3.23717834,1.27158374,0.0,0.0,0.0,0,0,0,0,0,0,0,0,0,0,0.0,0.0,0.0
20530>20523,590,590,GPKu,Green Park,Piccadilly // EB,590,GPKu,Green Park,Jubilee // SB,Alight-Interchange-Board,5425.167951000001,157.2713258,1090.8799088,1379.4480844,1629.7018008,794.0889866,373.7778446,0.0,1.5227238,5.2890014,9.5350794,17.0328746,26.4833966,42.4142488,54.9940012,66.53711320000001,80.05601,94.842824,98.37051600000001,109.949962,109.123574,108.160022,103.6106652,97.3494812,81.566462,75.3457056,65.96757360000001,56.0198644,52.27480440000001,48.49487500000001,48.07004740000001,48.53137940000001,47.56263200000001,46.25567280000001,47.5336788,50.37468280000001,46.9732678,46.59733320000001,49.31748940000001,49.65018140000001,47.1877554,48.91502300000001,54.546747,55.66788,57.35395720000001,62.22039320000001,71.0870386,74.66841860000002,78.31818179999999,91.7227784,100.1040024,106.1833584,115.4599144,127.1632812,133.167332,141.40981,149.800444,157.584608,160.769136,154.8280232,142.4142572,129.9384232,110.9832132,94.0576312,80.3919214,75.231756,69.39893800000002,61.9076646,54.9297976,54.6194156,59.731951,60.937927,60.9939252,61.09709520000001,60.79096380000001,50.92454980000001,45.7420218,46.008447,46.781852,40.8017854,36.417737,32.6680298,27.0294856,18.7437988,13.8792514,10.4051758,3.641259,0.7344512000000001,0.0,0.0,0,0,0,0,0,0,0,0,0,0,0.0,0.0,0.0
20530>20532,590,590,GPKu,Green Park,Piccadilly // EB,590,GPKu,Green Park,Victoria // NB,Alight-Interchange-Board,1874.093322100001,35.77595326,203.98075224,542.9754874,688.8037132000001,284.4714056,118.0860104,0.0,0.5347193200000001,0.6174665400000001,2.38556154,5.692981940000001,6.232401060000001,8.92818094,11.38464192,11.85172272,11.97390752,16.010275,19.7136278,20.490566,20.6702206,19.8218822,17.8024352,14.6400668,15.1861464,16.879874,18.940028,21.363445,20.5454364,18.4723884,18.68799760000001,17.2081132,14.5363226,16.7461532,19.6940724,19.1205968,18.1880288,19.4385986,20.6871476,20.402102,21.1948926,21.9432624,26.070362,22.9754024,22.4711608,25.4271362,30.02498880000001,28.7303442,30.5539624,34.4036278,34.0899452,35.97226320000001,38.1559696,42.27392879999999,51.54256340000001,56.86458560000001,63.31637480000001,71.82676760000003,79.49955320000002,74.5348452,68.07110279999999,59.4724456,47.2733134,36.88787840000001,29.780656,27.1973992,25.4831544,23.2916852,19.7242856,19.6855016,20.5897496,21.2596456,20.736758,20.1244768,19.7102152,18.7992528,15.6194264,14.6122334,15.2677456,14.0435936,10.83037016,9.50954736,8.345139360000001,5.71609916,2.39911716,2.158257,0.3926142,0.3926142,0.0,0.0,0,0,0,0,0,0,0,0,0,0,0.0,0.0,0.0
20530>20533,590,590,GPKu,Green Park,Piccadilly // EB,590,GPKu,Green Park,Victoria // SB,Alight-Interchange-Board,1251.08076561,20.53852943,165.89907388,320.9203866,380.2011654,253.3840152,110.1375951,0.0,0.027831342,0.130621162,0.6322720620000001,1.548691942,3.481854742,6.1950146,8.52224358,10.94472268,13.3049718,14.6402916,15.4628254,16.720236,16.8734798,16.066247,15.0210006,13.6993268,11.9668124,10.918032,10.2811278,10.1495534,9.546590000000002,9.3672922,9.083819199999999,10.0705074,9.5928496,9.6821086,9.93678,11.028796,9.7993724,9.8998056,11.0193856,11.4862172,11.1847108,11.9961686,13.618283,14.5294764,15.5903114,16.3638908,18.96426180000001,20.5734588,20.923468,22.16173360000001,24.3515462,25.1524274,24.9375504,26.8649678,28.4211564,30.3937256,31.4892102,34.6914226,35.98518580000001,36.9280294,36.1320042,36.123299,33.08218660000001,29.946894,26.40703300000001,23.446127,20.0598322,18.87782540000001,18.190726,17.4140004,19.2073024,21.1891302,20.2814698,19.30451,19.0591648,17.3347016,14.5597918,15.1401538,14.4683128,13.503404,10.61885186,9.39829116,6.228447180000001,4.36952998,2.60111758,1.70217092,0.21282242,0.0,0.0,0.0,0,0,0,0,0,0,0,0,0,0,0.0,0.0,0.0
20531>20501,590,590,GPKu,Green Park,Piccadilly // WB,590,GPKu,Green Park,EntEx,Alight-Exit,3182.754218499999,107.9748,909.5013650000001,1282.8440076,587.1969740000001,218.4383384,76.79873349999998,0.0,1.9913972,4.2627202,8.282466200000002,12.3581116,18.9592396,26.6410064,35.4798588,43.10300840000001,52.9520318,61.99198580000001,70.9753998,79.6234944,89.8797848,93.210884,94.554938,90.755669,85.50474700000002,75.703137,71.24628500000001,69.39403779999999,67.0375314,64.87418140000001,65.94596139999999,63.58304860000001,61.3684658,58.33694800000001,57.70924720000001,55.0150698,54.6048666,50.3593778,50.722405,48.0107502,46.32030760000001,44.87071,45.7999568,44.1403598,44.74741940000001,44.23257479999999,46.3860584,46.95720379999999,50.13552800000001,49.511645,52.78035300000001,51.65716500000001,51.1625186,49.509231,50.3762766,47.9587352,48.9660464,50.1506602,50.66570760000001,50.26482860000001,49.8151458,45.87805780000001,40.79260120000001,35.35892579999999,29.775321,24.4292796,20.3588506,17.08626240000001,14.9605784,13.0067402,11.8831112,12.0329884,12.6631322,12.9472084,13.9359402,14.771229,13.8254478,11.9366701,9.59102298,7.67802798,5.349671100000001,4.018911660000001,3.168787480000001,2.781924920000001,1.78964552,1.0810088,0.60138004,0.20500612,0.0,0.0,0,0,0,0,0,0,0,0,0,0,0.0,0.0,0.0
20531>20522,590,590,GPKu,Green Park,Piccadilly // WB,590,GPKu,Green Park,Jubilee // NB,Alight-Interchange-Board,1387.6395564,30.01197826,114.12824742,252.56633872,387.5899738000001,316.4220986,286.9209196,0.0,1.50339146,2.69918366,3.81896266,4.64514616,5.65249852,5.4854079,6.207387900000001,7.227251300000002,8.450536999999999,10.96764304,12.0147269,12.5712845,12.5078659,12.1650317,10.14075336,8.728595460000001,7.245685920000001,6.298854840000002,5.810017500000002,5.809843440000002,5.98184184,6.38294086,6.89860974,7.23266536,7.16973636,7.22116182,7.51530674,7.82632424,8.023300160000002,8.06811196,9.206424300000002,9.8155815,10.3069168,10.013195,10.7009992,11.5650314,12.342011,12.39013,14.9935806,16.1003524,16.76666100000001,18.60891920000001,21.62669380000001,22.9543166,26.02316980000001,26.708932,29.9249668,31.5039408,33.61998320000001,34.4350138,38.74330980000001,37.0040066,37.15531660000001,35.2092976,34.30772020000001,29.4673916,27.369987,24.8330826,23.3528644,21.9126304,23.0252024,23.9953158,24.1318956,25.9045428,27.4446536,30.80640420000001,34.1781282,39.7803792,42.13655800000001,40.86484320000001,36.3347848,31.7890024,25.4233936,21.3326826,17.929942,13.9686444,9.878203200000002,5.798293600000001,1.6841926,0.0,0.0,0.0,0,0,0,0,0,0,0,0,0,0,0.0,0.0,0.0
20531>20523,590,590,GPKu,Green Park,Piccadilly // WB,590,GPKu,Green Park,Jubilee // SB,Alight-Interchange-Board,2348.14149046,92.64921000000001,379.5145642,651.7910131000001,537.2673670000001,424.1765818,262.74275436,0.0,3.107964200000001,5.167987200000002,7.803555200000001,11.9365996,17.7416936,21.2678626,25.6235476,27.7991608,28.218166,27.422668,27.7006122,30.0507696,33.99041080000001,36.37279179999999,38.3932458,38.2364976,34.5391048,29.8094662,26.9816706,24.4978842,21.4758284,19.1888179,19.6696689,19.57252410000001,18.8736253,18.3772255,20.4421722,20.3431128,19.8432932,19.850316,22.979917,23.9231112,24.844493,26.558202,31.0545164,31.7065026,32.6341976,33.9291992,37.8023016,36.3063542,39.00111279999999,44.56368920000001,44.3529478,42.6846884,41.575028,41.2314986,39.03030020000001,43.67131740000001,46.33258540000001,50.6198978,50.49622380000001,49.48793580000001,46.44907240000001,44.39303440000001,41.29578480000001,39.78470280000001,38.4548368,39.31107460000001,35.1554186,35.65586260000001,33.9038594,31.82754640000001,29.689465,32.6718438,32.2810168,36.959536,38.481419,43.0877666,43.03033720000001,39.7608608,32.7781424,34.6380904,23.81341066,17.76903992,14.23316204,10.620812192,1.574772192,1.064176732,0.305801472,0.066381752,0.0,0.0,0,0,0,0,0,0,0,0,0,0,0.0,0.0,0.0
20531>20532,590,590,GPKu,Green Park,Piccadilly // WB,590,GPKu,Green Park,Victoria // NB,Alight-Interchange-Board,0.21329105,0.21329105,0.0,0.0,0.0,0.0,0.0,0.0,0.04265821,0.04265821,0.04265821,0.04265821,0.04265821,0.0,0.0,0.0,0.0,0.0,0.0,0.0,0.0,0.0,0.0,0.0,0.0,0.0,0.0,0.0,0.0,0.0,0.0,0.0,0.0,0.0,0.0,0.0,0.0,0.0,0.0,0.0,0.0,0.0,0.0,0.0,0.0,0.0,0.0,0.0,0.0,0.0,0.0,0.0,0.0,0.0,0.0,0.0,0.0,0.0,0.0,0.0,0.0,0.0,0.0,0.0,0.0,0.0,0.0,0.0,0.0,0.0,0.0,0.0,0.0,0.0,0.0,0.0,0.0,0.0,0.0,0.0,0.0,0.0,0.0,0.0,0.0,0.0,0.0,0.0,0.0,0.0,0,0,0,0,0,0,0,0,0,0,0.0,0.0,0.0
20531>20533,590,590,GPKu,Green Park,Piccadilly // WB,590,GPKu,Green Park,Victoria // SB,Alight-Interchange-Board,1271.43203572,5.666526080000001,35.41180212,284.94995992,320.8910136,374.869288,249.643446,0.0,0.24412162,0.33816351,0.441947464,0.7637098440000001,1.017610724,1.228555304,1.632417614,1.89015798,1.9641817,2.32284558,2.39034942,2.921029020000001,3.293449600000001,3.8190384,3.86233712,3.70462964,3.17884434,3.07383424,2.99110508,3.47288532,3.99720036,4.56664106,5.048731060000001,5.58911964,5.37640124,5.937639540000001,6.75115854,7.359865140000001,8.06545502,8.7545933,10.2790862,11.4873313,11.6650893,12.5155085,14.4120887,15.0956447,14.4133754,16.4221234,19.1702252,20.1789902,21.207594,24.9711548,28.212058,26.8285038,26.1883946,25.0500232,25.3450988,24.3743788,25.90674840000001,27.6461294,29.2691242,27.9113298,26.5579416,26.90395220000001,28.9093888,29.2861786,29.2384722,31.0603878,30.4353176,26.3130032,26.9846264,27.485576,27.2135436,28.1617666,33.9903784,39.46133260000001,45.238705,48.22163579999999,47.12343960000001,41.7460786,31.6759752,24.5747016,17.2471551,13.43928956,10.09528196,8.47432616,4.23240816,2.20410826,0.6090460000000001,0.0,0.0,0.0,0,0,0,0,0,0,0,0,0,0,0.0,0.0,0.0
20532>20501,590,590,GPKu,Green Park,Victoria // NB,590,GPKu,Green Park,EntEx,Alight-Exit,11899.5811425,512.4842524,5570.334874,3479.350394400001,1766.5176576,477.9123876,92.98157649999999,0.93447408,7.018707480000002,15.59326888,36.09372888,56.99543488000001,94.38859479999999,131.7328554,169.727188,225.332838,298.24138,374.647096,454.443492,539.952748,603.1544180000002,633.6154500000001,621.5006400000002,575.256158,504.681224,411.66922,327.84021,267.384482,229.514646,204.01252,188.26371,179.08583,175.743068,170.209772,165.261062,172.144726,170.381994,151.784718,140.600783,128.766339,108.801129,99.911672,98.04309,96.438597,101.545367,101.905925,98.00978600000002,103.41582,111.252954,107.2765192,109.5958852,116.1787472,118.8455012,116.9373692,127.905662,142.92582,155.837092,167.607234,176.552394,180.672604,171.759306,157.122562,134.173366,109.784912,84.43274260000003,64.05970119999999,47.1732944,36.044691,28.913486,21.7552066,19.3457096,18.3761514,16.781756,15.438542,15.8061948,15.7293384,14.0867234,13.390216,11.7753085,9.33889104,7.23763644,5.94841604,4.88991496,4.04625192,3.18869138,1.89713678,1.11148518,0.34156646,0.0,0.0,0,0,0,0,0,0,0,0,0,0,0.0,0.0,0.0
20532>20522,590,590,GPKu,Green Park,Victoria // NB,590,GPKu,Green Park,Jubilee // NB,Alight-Interchange-Board,6764.297115600002,248.111342,1641.625649,1532.861788000001,2122.987868,836.4455802,382.2648884000001,2.1463886,4.4899724,8.5562978,20.8539572,32.4812712,43.5898766,58.83512080000001,77.1584574,91.877156,112.942152,133.929708,163.813854,182.65521,188.679032,181.332114,167.636268,135.3333,110.297567,91.774845,81.354443,76.258531,73.8214664,67.29580200000001,63.11945340000001,60.188833,54.826711,52.1297956,55.90819499999999,55.8950436,53.9413654,53.5791174,55.253179,53.68083040000001,57.4678304,58.710131,61.46971500000001,61.8685334,61.9803986,66.3669286,67.8718186,65.12595460000001,78.08843060000002,82.94415200000002,95.069572,115.71101,140.198276,158.769546,183.733988,199.825872,205.887344,215.630086,205.084482,200.376272,184.14625,170.347246,143.277496,123.682268,101.131275,83.82227300000002,67.95891060000001,63.61260000000001,62.15891920000001,55.95150260000001,55.04071340000001,56.87368380000001,52.97036640000001,53.06052680000001,60.18254140000001,57.34584180000001,55.05164320000002,57.08578180000002,51.29910200000001,42.127572,35.69967200000001,28.9687412,20.5915316,15.17092692,8.879361920000003,5.87498272,3.23871612,0.93101512,0.0,0.0,0,0,0,0,0,0,0,0,0,0,0.0,0.0,0.0
20532>20523,590,590,GPKu,Green Park,Victoria // NB,590,GPKu,Green Park,Jubilee // SB,Alight-Interchange-Board,2011.57174074,105.4420932,571.0324802,434.9359386,527.1348176,248.5443926,124.48201854,3.895845400000001,5.907330600000001,7.646839600000002,10.6312,13.727564,14.8846598,22.9173146,25.8313392,32.2081002,37.5250782,43.10857660000001,44.17587460000001,55.315122,58.0034056,61.10855160000001,60.486395,58.208175,47.868337,40.179228,32.8456364,27.2220146,21.8409016,19.7695146,17.473545,16.150125,14.5210964,13.422972,13.4747042,14.4105004,14.2617846,14.878304,16.1428182,15.2433692,16.3440004,16.6254704,15.9047982,16.0891304,16.6377024,15.3322418,17.0520736,20.4484664,23.3855206,27.6049282,30.6999564,36.027262,41.1658234,47.9697594,51.2244012,53.7215618,52.40108780000001,50.6672026,44.62821940000001,41.23525220000001,38.929531,36.8656476,32.2990692,28.4715804,25.6789222,24.3792118,21.9486992,19.1595232,21.0444582,19.7581254,17.1598234,17.97174200000001,19.1784848,15.8305292,17.96329279999999,19.6351936,17.540785,17.5445814,17.3701956,13.9180326,11.37005284,8.89194088,5.720970147999999,4.909568348000001,3.144465348,1.836795908,1.370899868,1.228537,0.0,0.0,0,0,0,0,0,0,0,0,0,0,0.0,0.0,0.0
20532>20530,590,590,GPKu,Green Park,Victoria // NB,590,GPKu,Green Park,Piccadilly // EB,Alight-Interchange-Board,1391.7056627,19.2698037,310.4710601,553.5765735,360.0991216,117.5601616,30.72894220000001,0.0,0.02245926,0.24658176,0.7444016999999999,1.3046116,3.0708268,5.46004674,8.42087584,12.0332187,17.009729,21.7908702,25.8087442,29.1447706,32.7483034,32.92367539999999,31.1260996,30.14377,28.620105,25.0304104,24.0913636,25.1278058,25.2588128,25.3989218,25.89378260000001,24.2698204,26.70820860000001,27.436109,26.6914628,27.78452900000001,29.96821780000001,25.6641604,23.1918024,23.4403966,21.562862,20.07715,20.4261788,19.3765029,19.6949839,20.0340643,18.8381939,17.1212705,20.1209766,19.6849412,19.8054194,21.909063,25.1210494,25.7429056,27.42593,29.1162934,31.5644632,32.6594194,32.3758094,33.0022214,35.4295606,34.2442266,31.50817960000001,27.90297020000001,23.411303,16.0295988,11.418645,8.1521238,6.691884599999999,5.319988400000001,4.671283560000001,3.75871404,3.53728116,2.96611212,3.70025692,4.425918640000001,5.194491360000002,5.135336799999999,4.87116234,3.509037500000001,2.73448602,1.53790058,1.19232168,0.97106438,0.62935582,0.29700002,0.23086706,0.0,0.0,0.0,0,0,0,0,0,0,0,0,0,0,0.0,0.0,0.0
20532>20531,590,590,GPKu,Green Park,Victoria // NB,590,GPKu,Green Park,Piccadilly // WB,Alight-Interchange-Board,1331.3521791,83.93357460000001,446.817461,438.8776557,250.8014322,82.01963190000001,28.9024237,1.32011872,2.80248352,5.508925120000002,7.24744012,11.93122492,15.7911362,19.18304160000001,20.1492044,25.5734686,30.6299778,34.21078840000001,40.8421542,45.9018178,49.5826306,48.21912800000001,45.4415188,38.8809382,35.0928868,28.4266642,24.0154876,22.6610882,22.2358708,21.5380294,21.2445348,21.831462,22.19595,23.0770688,22.50138,23.9337232,22.0857252,19.7681684,17.3481944,16.68532900000001,14.097164,14.4168314,14.5635332,13.8760144,13.7827623,13.7708349,13.3284449,14.0684063,15.0575733,16.6621638,18.147403,19.789258,20.51869720000001,22.3392896,23.0428902,23.712916,23.4756268,23.1801492,21.6709104,20.4081684,18.7171564,17.7716704,16.1746996,14.2290328,11.557374,9.96025976,7.77770244,6.792266300000001,5.887621340000001,5.46940508,4.78885492,4.66254064,3.78850204,3.57776806,3.52830452,3.35472898,3.52314938,3.728928840000001,3.85786112,3.60006652,3.17664742,2.57741806,2.06648442,1.40461328,0.84172848,0.53600892,0.23478828,0.0,0.0,0.0,0,0,0,0,0,0,0,0,0,0,0.0,0.0,0.0
20533>20501,590,590,GPKu,Green Park,Victoria // SB,590,GPKu,Green Park,EntEx,Alight-Exit,13225.0925085,763.5271150000001,5312.9921,4519.435211999999,1943.810038,554.8123964,130.5156471,1.3010174,12.0062366,27.9455026,57.9718446,95.94835460000002,135.1146252,187.547792,245.691742,301.3112400000001,351.3249460000001,406.024534,453.6292760000001,507.0278480000001,541.400196,546.07852,537.997032,509.0029940000001,447.3642420000001,374.1433720000001,337.6879000000001,299.0178840000001,268.792774,248.881564,241.378432,232.294964,227.309992,211.152296,207.131222,214.238482,200.6674,186.95817,182.597538,168.73437,152.756948,146.654522,141.618944,141.961848,146.150268,139.848016,146.002586,153.179198,154.60451,151.416092,156.087192,154.95501,153.080822,152.209496,157.543908,165.059788,168.0296200000001,174.777996,179.01924,177.8941060000001,168.770422,157.150826,135.318804,113.904738,89.46162199999999,68.87934720000001,52.25597640000001,43.5117984,33.3403094,29.7317498,28.43785440000001,25.75160480000001,24.4367292,24.00884000000001,21.0918268,19.2213266,18.5602526,16.1110358,13.8463738,14.9909008,13.09703988,10.5747886,8.867382899999999,7.3942399,3.9615377,2.41700102,1.0812307,0.3925368,0.0,0.0,0,0,0,0,0,0,0,0,0,0,0.0,0.0,0.0
20533>20522,590,590,GPKu,Green Park,Victoria // SB,590,GPKu,Green Park,Jubilee // NB,Alight-Interchange-Board,1234.60433033,129.5114272,348.8165998,317.8954949,231.6686342,124.10623232,82.60594191,0.34355004,3.46668084,7.52461584,14.03863264,20.62763944,24.3188046,28.3452848,30.846219,32.2019442,32.3100702,36.192909,37.12252539999999,39.139101,36.50176980000001,33.80024479999999,29.4230632,24.5141034,18.4816672,15.2475516,13.88165,13.3512198,13.0597292,12.8508744,13.6335502,14.2086612,13.969147,14.1108883,14.6694467,14.1054185,12.4881891,11.9642849,11.7117416,11.8184856,12.3516478,13.1136814,13.7978542,13.5978662,13.0254882,12.4347514,12.855294,12.808008,13.25155,13.9415316,14.7761856,16.4939438,17.6362488,19.233983,20.5210304,21.912023,20.7706524,20.6804468,19.9207822,19.78758220000001,18.7883268,18.8968292,17.0267856,15.525275,13.448287,11.53689408,10.63508028,10.26952408,9.20558258,9.11769918,9.6274395,8.41068564,8.956244040000003,9.21043934,8.163081600000002,8.219003599999999,9.81236546,8.649430980000002,9.15471718,9.55455552,10.08912492,7.711898460000001,7.333698160000001,5.489717026000001,4.031200626,1.456602426,0.9039806859999999,0.199646866,0.0,0.0,0,0,0,0,0,0,0,0,0,0,0.0,0.0,0.0
20533>20523,590,590,GPKu,Green Park,Victoria // SB,590,GPKu,Green Park,Jubilee // SB,Alight-Interchange-Board,6136.148198000002,339.7129272,1571.5559188,1591.8186704,1403.7240298,913.6534738,315.6831780000001,1.7588734,14.0066068,23.2074612,32.22073719999999,46.570078,63.98989260000001,73.00313919999999,84.95613880000002,95.70695479999999,102.035301,107.152581,122.016005,140.937779,153.514733,163.1057860000001,171.445474,161.09626,137.241831,119.132161,98.171053,77.54857840000001,69.97552040000001,59.95485240000001,62.37020039999999,66.0037384,63.26789160000001,62.50714160000001,68.7646192,61.02420320000001,63.08195120000001,65.1331486,58.12410920000001,63.75167339999999,66.2131394,60.0225924,64.2695004,67.0817858,59.880825,66.672155,72.48783,70.27029200000001,70.764488,75.4712212,77.17721320000003,82.1605952,86.4298584,100.4547344,108.0423,121.691968,125.197746,140.4665168,134.7325898,139.183745,124.617871,127.708989,113.0371162,110.8033104,98.51780240000002,91.8503432,83.2924052,79.84072400000002,70.65322680000001,69.21514880000001,69.34305859999999,61.2065916,59.4408936,62.37431060000001,57.1156586,54.40282520000001,53.9376976,48.7287576,39.15755000000001,36.36874400000001,27.603175,19.45802712,12.7298654,10.4788616,4.619839600000001,3.688901400000001,2.78925788,1.7196756,0.0,0.0,0,0,0,0,0,0,0,0,0,0,0.0,0.0,0.0
20533>20530,590,590,GPKu,Green Park,Victoria // SB,590,GPKu,Green Park,Piccadilly // EB,Alight-Interchange-Board,0.008090553,0.008090553,0.0,0.0,0.0,0.0,0.0,0.0016181106,0.0016181106,0.0016181106,0.0016181106,0.0016181106,0.0,0.0,0.0,0.0,0.0,0.0,0.0,0.0,0.0,0.0,0.0,0.0,0.0,0.0,0.0,0.0,0.0,0.0,0.0,0.0,0.0,0.0,0.0,0.0,0.0,0.0,0.0,0.0,0.0,0.0,0.0,0.0,0.0,0.0,0.0,0.0,0.0,0.0,0.0,0.0,0.0,0.0,0.0,0.0,0.0,0.0,0.0,0.0,0.0,0.0,0.0,0.0,0.0,0.0,0.0,0.0,0.0,0.0,0.0,0.0,0.0,0.0,0.0,0.0,0.0,0.0,0.0,0.0,0.0,0.0,0.0,0.0,0.0,0.0,0.0,0.0,0.0,0.0,0,0,0,0,0,0,0,0,0,0,0.0,0.0,0.0
20533>20531,590,590,GPKu,Green Park,Victoria // SB,590,GPKu,Green Park,Piccadilly // WB,Alight-Interchange-Board,828.07367064,53.75400893999999,84.00028894,269.7427844600001,273.7550713,112.83549448,33.98602252000001,0.109939348,0.372561028,3.567021028,3.870555508,9.682579107999999,11.82228696,12.55094548,11.77812048,11.9890602,6.525046060000001,4.531830599999999,6.441100800000001,4.324080340000001,4.0973766,4.29043314,6.6282974,7.601858999999999,7.60726324,8.41131898,11.55262258,11.17301138,9.76206618,11.3030542,11.5482096,10.9060138,10.510075,12.0533522,11.3923244,13.7247996,11.61059846,11.15626554,8.93545774,9.64403694,9.03583194,9.86775708,10.753929,11.4689352,10.81141352,9.75344032,10.42069332,12.23205332,12.97093952,13.3927467,15.3157795,17.9248251,18.1726729,19.3295005,22.0106956,22.7683388,23.345302,24.1477022,25.3891898,26.830029,25.6983358,25.2048662,22.9336134,18.54202614,13.58072202,12.72976622,8.866651560000003,7.870747360000001,8.17195328,9.4042308,7.700491599999999,7.176301060000001,7.309464860000001,6.49946382,4.98367576,4.361015420000001,4.2177873,4.3317991,3.64680046,3.10673712,4.017762660000002,3.63892584,1.93104576,1.87858298,1.87858298,0.5926513800000001,0.38433152,0.0,0.0,0.0,0,0,0,0,0,0,0,0,0,0,0.0,0.0,0.0
580201>580222,622,622,KILu,Kilburn,EntEx,622,KILu,Kilburn,Jubilee // NB,Enter-Board,1350.38400186,28.16865506,254.2319818,374.60663174,416.3400266,185.0258279,92.01087876,0.0,0.4232399000000001,1.4416887,2.47448622,3.18297006,4.35047426,6.56331396,9.73248196,14.28748244,19.3207634,27.7661284,32.21423619999999,32.1529858,29.61252,27.751328,20.62232280000001,15.4863286,12.93202432,12.08194992,10.00391192,9.22784652,9.12139092,9.847049900000002,10.3888877,11.4695015,12.3224647,12.8037649,13.9655096,14.272647,14.5090244,15.232831,16.03899100000001,16.2515016,16.6573228,17.1179642,17.4668506,18.1892782,17.484143,17.4062416,17.576318,18.6147778,19.247796,22.8141862,26.58034260000001,29.0894662,31.8385064,35.74438079999999,37.795194,37.1234548,37.07252620000001,38.2898554,37.2007534,35.4821528,34.1828618,33.251549,29.2693258,25.786889,22.3112742,19.7744052,17.5584672,15.5857382,14.3343434,13.0489764,12.1189928,10.788867,11.1787164,11.251616,11.2875421,11.4522481,11.3850597,10.2521263,9.6928391,9.2549804,8.773242399999999,8.09992332,7.39099504,5.812757440000001,4.275109392,2.889714992,1.899160272,0.667840752,0.164881552,0.0,0,0,0,0,0,0,0,0,0,0,0.0,0.0,0.0
580201>580223,622,622,KILu,Kilburn,EntEx,622,KILu,Kilburn,Jubilee // SB,Enter-Board,7564.233612700004,486.2413086,2964.9709946,2060.9038516,1365.419504,487.3207932,199.3771607000001,11.2579598,18.8759338,31.0357368,44.6370864,62.7535478,82.68958900000001,104.871123,130.120332,154.4678290000001,185.221571,226.790974,278.52628,315.3964,335.719958,338.08656,316.186918,269.356364,216.9242672,179.1890752,149.1047982,124.6283382,108.8962282,105.856855,101.749277,95.115182,89.762924,88.40464800000002,87.76633199999999,83.530922,78.872466,81.16913799999998,80.84761600000002,77.264154,75.807118,77.06796000000001,76.55263000000001,72.564594,71.84765680000002,74.39001879999999,76.9545368,76.46521080000002,79.44342200000001,86.14933640000002,89.79728759999999,95.6946596,100.6397876,109.6101444,114.8717892,124.568562,126.938452,134.075564,131.437548,124.93558,113.0282068,103.0569588,86.56225160000002,73.28101240000002,62.0927398,52.42992700000001,43.245777,36.6281242,32.6924164,29.511486,27.701371,26.5391206,32.7735114,34.8900344,35.53527300000001,33.9685386,33.37192880000001,27.2649876,23.4335132,20.78534740000001,17.94742160000001,15.23995132,11.28374902,7.600779420000001,4.63837162,2.68613482,1.1564373,0.0,0.0,0.0,0,0,0,0,0,0,0,0,0,0,0.0,0.0,0.0
580222>580201,622,622,KILu,Kilburn,Jubilee // NB,622,KILu,Kilburn,EntEx,Alight-Exit,7367.0974383,123.2860163,698.8419590000001,1455.4853726,2408.9878174,1656.9694416,1023.5268314,0.0,0.54447766,1.77488706,5.36721566,12.27988806,22.24898206,33.7009652,47.3696006,55.96534499999999,61.77322660000001,66.26358540000001,70.91266060000002,70.82830980000001,75.17854400000002,70.81312400000002,62.8375922,52.7898282,44.252671,34.6547698,32.5723024,33.6597124,34.1815388,35.12323600000001,36.092752,39.33618540000001,41.2041656,42.8700932,46.104516,49.76893860000001,51.2470106,51.19185080000001,53.215194,55.39757240000001,56.9545388,59.31140480000001,63.7141974,69.0194582,73.288003,75.97553500000002,81.94866300000002,88.80470600000002,95.8086852,102.8941572,118.3732582,130.0555682,148.3366212,158.312762,181.310032,195.877682,216.57433,221.153544,240.454984,236.86735,239.795152,222.198346,218.051446,197.743916,180.937926,158.756596,149.23058,134.390638,127.010748,124.069522,118.184672,116.298558,117.031558,116.4526108,116.8621168,122.4899388,126.1988028,123.3778868,116.19388,110.093956,98.78387800000002,84.7270464,68.6590924,60.79970700000001,46.24563180000001,31.2006718,18.8544514,12.4939094,3.4079788,0.0,0,0,0,0,0,0,0,0,0,0,0.0,0.0,0.0
580223>580201,622,622,KILu,Kilburn,Jubilee // SB,622,KILu,Kilburn,EntEx,Alight-Exit,1346.287038752001,74.73967844200001,359.8120504,459.2136324000001,314.8466882,108.86376058,28.81122873,0.467906492,1.286088392,3.156184992,6.364671306000002,9.56924236,13.5085543,18.1548148,22.2322158,28.651811,34.3282546,39.027027,40.9213622,41.7677486,37.4915376,33.020742,26.827754,22.7606242,20.3501046,17.97005,16.6950346,17.1055802,18.079805,16.5781346,16.7122604,17.4907502,18.3706596,17.1906206,17.6330546,18.1213948,18.0742712,17.2026946,17.5113988,18.2640264,18.563782,18.0652116,17.8494442,18.3715316,18.1566652,18.2314278,19.0850916,22.0001228,24.7342856,26.4630858,29.3583332,31.3587764,31.4946986,30.0675434,30.6388924,29.856964,28.8020956,27.41144420000001,26.4351568,23.2936936,20.6397012,18.6732286,16.1744934,14.6791724,13.6081736,11.63373828,10.15806228,9.76254028,8.60724574,7.9514512,7.91656264,7.011749699999998,6.10779144,5.786739180000001,5.640533840000002,4.68472012,4.46207926,4.32807732,3.57318816,2.60331468,2.62303016,2.14981206,1.61902922,1.132158142,0.954455102,0.415844022,0.231603122,0.033917362,0.0,0.0,0,0,0,0,0,0,0,0,0,0,0.0,0.0,0.0
580222>580672,622,622,KILu,Kilburn,Jubilee // NB,1437,BSYr,Brondesbury,LO North London // EB,Alight-Exit-Interchange-Enter-Board,6.012974806060514,0.3785181217,2.816207047,1.82634907455,0.4746510303999999,0.5129218210042056,0.004327711406308402,0.0,0.00046492694,0.00490751434,0.00490751434,0.04210989034,0.04953572434,0.1076207494,0.168971802,0.184540732,0.1492189062000001,0.1922010062,0.4113624942,0.3599287542,0.4336202442,0.431739694,0.386816686,0.1115089795,0.1011568115,0.0270563695,0.0270563695,0.1454257235,0.17998351,0.175975778,0.1780492672,0.2049019052,0.104362438,0.076569778,0.076569778,0.0747997648,0.0739153568,0.067855552,0.058686692,0.058686692,0.059367004,0.03342353457,0.01616852657,0.03063809257000001,0.03420120417000001,0.01805743817,0.0293816582,0.0430838722,0.0286143062,0.0250511946,0.0325800078,0.0260574642,0.0500541962,0.0500541962,0.0553061358,0.04777732260000001,0.0429508856,0.005251939600000001,0.005251939600000001,0.033988184,0.0394714142,0.0592436762,0.0592436762,0.0592436762,0.0837880402,0.08558314800000001,0.0704669956,0.0743637286,0.0743637286,0.019735385,0.012457047,0.0121286128,0.008231879800000001,0.0082318918021028,0.004327687402102801,0.004327687402102801,1.20021028e-08,1.20021028e-08,0.0,0.0,0.0,0.0,0.0,0.0,0.0,0.0,0.0,0.0,0.0,0.0,0,0,0,0,0,0,0,0,0,0,0.0,0.0,0.0
580222>580673,622,622,KILu,Kilburn,Jubilee // NB,1437,BSYr,Brondesbury,LO North London // WB,Alight-Exit-Interchange-Enter-Board,15.3673135053,1.630911427,9.961998307800002,2.0326447641,1.0324804444,0.7057103356000002,0.0035682264,0.0,0.0,0.004716137400000001,0.0929245334,0.2895802734,0.3275413134,0.3622526274,0.5538965419999999,0.634289886,0.600858866,0.6811460060000001,1.004421352,1.53500866,1.542353454,1.3805806218,1.2701636792,0.9299499352,0.2047007938,0.0691899978,0.109335056,0.1015038186,0.0989575826,0.301729544,0.331825686,0.29022874,0.29022874,0.27500206,0.10989313,0.03936125,0.03936125,0.03936125,0.04569094200000001,0.006329692,0.006460003660000002,0.006460003660000002,0.006460003660000002,0.00013031166,0.00013031166,0.0,0.0,0.0,0.0017924382,0.0017924382,0.03994556820000001,0.07828926020000003,0.0959011102,0.102510408,0.1382367860000001,0.1043318768,0.06598818479999999,0.0655262808,0.0760525948,0.06119556280000001,0.08719944199999999,0.08719944199999999,0.070049496,0.05112144599999999,0.0302521,0.0,0.05334836,0.12379689,0.12379689,0.12379689,0.12379689,0.07044853,0.0017841132,0.0017841132,0.0017841132,0.0017841132,0.0017841132,0.0,0.0,0.0,0.0,0.0,0.0,0.0,0.0,0.0,0.0,0.0,0.0,0.0,0,0,0,0,0,0,0,0,0,0,0.0,0.0,0.0
580223>580672,622,622,KILu,Kilburn,Jubilee // SB,1437,BSYr,Brondesbury,LO North London // EB,Alight-Exit-Interchange-Enter-Board,27.0059262412,2.962789584,8.448563103000001,10.203067195,4.370003817,1.0215025422,0.0,0.0,0.0,0.05831245200000001,0.06435034880000001,0.6149504888,0.7581271088,0.7581271088,0.7089220768000001,0.70288418,1.52895604,1.3962006388,1.4250003428,1.4842957028,1.5052596696,0.1285876696,0.1279427898,0.0991430858,0.03074030580000001,0.009776339000000002,0.009776339000000002,0.010218286,0.3539505060000001,0.360519112,0.39944596,0.45238566,0.4495733800000001,0.157750834,0.168911567,0.157760657,0.158775761,0.155959963,0.104050289,0.130944978,0.6733405800000001,0.619385776,0.614795568,0.6331703000000001,0.6021015519999999,0.055371488,0.111722018,0.378049938,1.163936206,1.157194146,1.13375267,1.09833871,0.83201079,0.0376453806,0.0387622806,0.0573545518,0.0548955978,0.1123824898,0.1860264332,0.1990950922,0.597438821,0.6023696358,0.5536840342,0.4808577690000001,0.45985899,0.04292299,0.02104155224,0.01224026184,0.00152699304,0.00152699304,0.00152699304,0.0,0.0,0.0,0.0,0.0,0.0,0.0,0.0,0.0,0.0,0.0,0.0,0.0,0.0,0.0,0.0,0.0,0.0,0.0,0,0,0,0,0,0,0,0,0,0,0.0,0.0,0.0
580223>580673,622,622,KILu,Kilburn,Jubilee // SB,1437,BSYr,Brondesbury,LO North London // WB,Alight-Exit-Interchange-Enter-Board,446.3007753830263,36.4764908,220.4644518,129.4154271,54.55920035999999,4.192710784000001,1.192494539026089,0.0,0.0,0.0,2.394204,2.394204,6.9204236,11.1608716,13.6067876,14.273598,18.2911056,18.258078,19.5728866,25.8412582,26.5482702,24.8173589,24.1281009,19.8419047,12.20443776,8.86126102,7.826191920000001,5.39847732,4.592690719999998,4.74740358,5.218588520000001,5.02948618,5.18249958,6.60927298,6.40595726,6.853557260000001,7.106736000000001,6.945450500000001,6.620855199999999,7.3832588,7.138965880000002,7.23626016,6.92093394,6.05085864,5.00501484,3.90567316,4.14615848,3.0935374,2.3981608,2.474583,2.9510469,1.9345515,4.165847299999998,4.324876219999998,4.97777872,5.92139902,6.24348722,5.08068182,6.205253900000001,5.43713796,4.418209699999998,3.4592337,2.3907433,1.1071423,0.40115594,0.0,0.0,0.097401696,0.266680104,0.301956156,0.404238036,0.53145043,0.48550633,0.316227922,0.28095187,0.17866999,0.05145759600000002,0.0,0.0,0.192473388,0.192473390605218,0.192473390605218,0.192473390605218,0.192473390605218,2.6052179e-09,0.0,0.0,0.0,0.0,0.0,0,0,0,0,0,0,0,0,0,0,0.0,0.0,0.0
580672>580222,622,1437,BSYr,Brondesbury,LO North London // EB,622,KILu,Kilburn,Jubilee // NB,Alight-Exit-Interchange-Enter-Board,222.3894998638,2.5997486,8.313677804,15.9628772698,155.21474044,35.507562558,4.790893191999999,0.0,0.0,0.0,0.0,0.0,0.5270585999999999,1.036345,1.036345,1.036345,1.19656136,1.16354788,0.65426148,0.65426148,0.7168947499999999,0.5780324527999999,0.1701623528000001,0.4715530728,0.4715530728,0.4089198028,0.7915850999999999,0.70541008,0.4040193600000001,0.441034548,0.44144224596,0.03742288596000001,0.03742288596000001,0.03742288596000001,0.00040769796,0.0,0.0,0.0,0.0,0.0,0.0,0.181376172,0.3798627020000001,0.3798627020000001,0.3798627020000001,1.058408602,0.921940284,1.947040354,1.947040354,3.670723354,2.992177454,4.920577600000001,8.132849,10.5121886,11.7117058,20.5408112,23.05628980000001,18.6204318,16.2410922,14.41020816,10.37891856,7.855569560000001,8.834098160000002,10.20804276,9.46797258,4.67015678,2.70471918,2.11875766,0.74481306,0.39256708,0.71170292,0.71170292,0.7123216800000001,1.52242788,1.542378058,1.223242218,1.223242218,0.8300563780000001,0.318830618,0.29888044,0.29888044,0.29888044,0.29888044,0.0,0.0,0.0,0.0,0.0,0.0,0.0,0,0,0,0,0,0,0,0,0,0,0.0,0.0,0.0
580672>580223,622,1437,BSYr,Brondesbury,LO North London // EB,622,KILu,Kilburn,Jubilee // SB,Alight-Exit-Interchange-Enter-Board,220.1514380351861,8.28528984,42.84505582111159,42.2062392640744,88.81604048,33.072124198,4.926688432000001,0.0,0.0,0.0,0.22254344,0.79637838,1.75031238,2.43064352,3.08541212,3.8921954,5.03759486,5.49804786,4.81771672,5.381907719999999,4.68000844,3.36146944,2.29390198,2.94183614,1.7228862870372,1.6176417470372,1.5998492270372,1.4461641270372,0.8857030610372001,1.202510474,1.443130834,1.295711214,1.464215614,1.5903192,1.51486032,1.54282798,1.451619074,1.371720214,1.481508034,1.719456074,1.351422554,1.27212506,1.182667506,1.402917686,1.376814906,1.655180506,1.907949566,2.98984842,2.88422936,3.72591814,4.04741934,5.42142382,5.125646140000002,5.452535080000001,6.00360876,6.428604640000001,6.554129840000001,8.00597184,9.20696088,9.06601488,10.002229,9.521512200000002,8.0274034,6.512225740000001,5.342497180000001,4.140016180000001,2.803457380000001,2.44846978,2.29502592,2.29861468,1.6458684,2.021717020000001,1.473784582,1.246547002,0.8439003340000001,0.6216745400000001,0.4102770060000001,0.741739844,0.8821192640000001,0.7458857320000001,0.7395246059999999,0.5750735200000001,0.21039392,0.0,0.0,0.0,0.0,0.0,0.0,0.0,0,0,0,0,0,0,0,0,0,0,0.0,0.0,0.0
580673>580222,622,1437,BSYr,Brondesbury,LO North London // WB,622,KILu,Kilburn,Jubilee // NB,Alight-Exit-Interchange-Enter-Board,102.7119561482,1.531647272,3.199745040200001,37.282141536,47.637964432,7.005633011999999,6.054824856,0.0,0.0,0.0,0.0,0.09664074800000001,0.09664074800000001,0.6691828879999999,0.6691828879999999,0.6836883020000001,0.5870475540000001,0.6813157140000001,0.108773574,0.108773574,0.09426816,0.09428279204,1.463204e-05,1.463204e-05,0.15886943804,0.34135565004,0.3413410180000001,0.4282605780000001,0.6663760380000001,0.626197672,0.6145075600000001,0.84383512,0.7569155599999999,0.8810172199999999,0.9458655,1.11437506,1.30630204,1.81949116,1.8839497,1.79656398,1.98527604,1.8895914,1.37640228,1.14313962,1.99615928,2.60554486,2.27997496,2.97298124,2.825441096,1.876282436,2.647691136,2.647691136,4.348899656,4.3030268,5.921412999999998,4.012601,5.026733599999999,2.6325188,4.7789584,3.1605722,3.87848992,3.46352996,3.46352996,1.5130047,1.5130047,1.14423256,0.5450599200000001,0.5450599200000001,0.3491455800000001,0.4740276600000001,0.136945442,0.15889715,0.18734872,0.18734872,0.25155794,0.249006088,0.6266868800000001,0.7629546420000001,0.7629546420000001,1.040770842,1.031259332,0.631626832,0.4669075,0.4700576196,0.0031501196,0.0031501196,0.0031501196,0.0031501196,0.0,0.0,0,0,0,0,0,0,0,0,0,0,0.0,0.0,0.0
580673>580223,622,1437,BSYr,Brondesbury,LO North London // WB,622,KILu,Kilburn,Jubilee // SB,Alight-Exit-Interchange-Enter-Board,4.010227417000001,0.08251556260000001,0.2874688834,0.9292433086000003,1.8367291054,0.3650686184000001,0.5092019386,0.0,0.0,0.0,0.014585466,0.014585466,0.014585466,0.014585466,0.0241736986,0.0095882326,0.0115405882,0.0115405882,0.0288434112,0.0192551786,0.0393114806,0.03735912500000001,0.03735912500000001,0.020056302,0.020056302,0.014860888,0.03769766200000001,0.04998911500000001,0.0529589152,0.06591575120000001,0.054846143,0.032009369,0.019717916,0.019296252,0.006339416,0.0089323122,0.0089323122,0.0089323122,0.022500962,0.022500962,0.016116786,0.016116786,0.05733694600000001,0.05297442920000001,0.07254126520000001,0.07490741260000001,0.09265139260000002,0.055741585,0.04398731580000001,0.03421759380000002,0.03978005840000001,0.0258746614,0.035738377,0.0409870518,0.1448064978,0.1396863926,0.2113087896,0.2227638576,0.2820760228,0.1809601688,0.2230940820000001,0.17753117,0.151902034,0.08734119400000001,0.08349828599999999,0.0441066282,0.0142085602,0.016475428,0.016475428,0.00781763,0.0022668678,0.0125035458,0.0195777532,0.0303986486,0.0303986486,0.0303986486,0.0246350034,0.0152939282,0.0044730328,0.04698168480000001,0.0895640848,0.08509105199999999,0.08509105199999999,0.08509105199999999,0.0425824,0.0,0.0,0.0,0.0,0.0,0,0,0,0,0,0,0,0,0,0,0.0,0.0,0.0
560201>560222,624,624,KBYu,Kingsbury,EntEx,624,KBYu,Kingsbury,Jubilee // NB,Enter-Board,508.5167159797915,19.99522693,69.37483702,223.46130192,125.9436616,52.54863494000001,17.19305356979149,0.080856354,0.1874832740000001,1.091929474,2.645039074,3.432318914,3.99096608,4.37903244,4.18760132,4.34690572,5.72958208,6.35486528,7.3085912,7.94440972,7.384415,6.12638126,5.444823420000001,4.88032762,4.25492236,4.54535388,5.05425948,5.3748858,5.78444966,6.30873002,6.12023442,5.731271479999998,5.74588188,5.32988448,5.32379358,5.5041301,5.549797460000002,5.8856663,6.369757580000001,6.616234680000002,7.143573760000002,7.52172888,7.60831032,7.91359548,8.53926518,8.81185758,9.195860580000002,19.8906793,24.2112318,23.7539418,23.2265398,22.98534612,12.63454352,8.33735072,8.43978192,8.63172992,9.032936999999999,8.838776800000002,9.075993800000001,9.734945399999999,9.930823599999998,9.27541586,9.02601694,8.20538288,6.798275400000001,5.71176,5.08572532,4.48835374,4.131425,3.62478198,3.48707528,3.18040594,2.93069466,2.52263088,2.38212386,1.86444916,1.78132438,1.73849034,1.76117642,1.51133278,1.38913154,1.28830468,1.31449762,1.1264857,1.19127372,0.9603243619582971,0.7326837619582971,0.355034841958297,0.178544261958297,1.958297e-09,0,0,0,0,0,0,0,0,0,0,0.0,0.0,0.0
560201>560223,624,624,KBYu,Kingsbury,EntEx,624,KBYu,Kingsbury,Jubilee // SB,Enter-Board,5487.344066499997,967.1200904000001,1948.5581812,1576.7658638,704.9900734000001,231.6306715000001,58.27918620000001,19.73980640000001,36.22713040000001,66.21183040000001,105.4040304,144.9743128,180.37801,202.108984,212.075986,206.779788,200.926186,200.531428,201.839332,195.478004,191.949186,178.271562,153.443124,131.907076,110.784056,95.28866200000002,81.35977720000002,74.00119720000002,68.74878819999999,71.2533142,69.1137958,66.550593,64.335723,63.95451260000001,61.38376400000001,60.35897920000001,58.60540079999999,58.88875179999999,57.44005179999999,56.69880120000001,58.21885040000001,58.60583639999999,57.01044980000001,55.91498120000002,56.23395840000001,58.40847840000001,59.50585239999999,81.77493000000003,86.89507000000002,88.171182,84.69260200000001,85.12160200000002,67.241016,66.03738000000001,68.009534,68.36084360000001,66.76823800000001,63.07477600000001,57.44366760000001,49.37366160000001,43.3979064,37.63948360000001,32.5219646,28.6977854,26.9585976,24.2328686,23.181176,20.19830180000001,19.341548,16.9158834,15.9121905,14.9507959,14.7963457,13.6526221,12.79255650000001,11.6336142,9.74707806,8.16583636,6.55289628,5.339738400000001,4.655016600000002,4.03558372,3.12052056,2.46035564,1.54131352,0.8153691200000001,0.21186374,0.0,0.0,0.0,0,0,0,0,0,0,0,0,0,0,0.0,0.0,0.0
560222>560201,624,624,KBYu,Kingsbury,Jubilee // NB,624,KBYu,Kingsbury,EntEx,Alight-Exit,5450.854069260002,50.31485696000001,618.6769066,1188.6054344,2232.061506,983.0389772000002,378.1563881,0.1170648,0.198202172,1.504794932,2.884034392,5.392780792000001,8.603427192000003,13.96243602,17.65211666,22.4358006,29.5714422,41.9078042,63.169578,75.34689159999999,82.65319120000002,81.4776608,73.74469959999999,52.376334,39.6712026,29.93994420000001,26.3823576,24.3412038,24.8538564,26.8057508,29.7366482,32.0064552,33.1670006,34.7055386,35.970866,37.5966008,38.7118608,39.4190852,40.7707362,43.3727,45.3592232,48.56957620000001,52.3704722,57.35590420000001,62.380839,66.627051,70.23335279999999,79.05770679999999,85.00133879999998,87.18541479999999,93.0062528,102.257186,109.005732,126.417936,145.453846,171.741096,190.877804,223.199088,235.553068,250.038106,244.679742,234.143296,198.694606,172.3750470000001,135.581562,108.780978,92.259006,76.83994279999999,67.1997786,63.6830244,61.04540359999999,53.56526640000001,54.3920116,49.1584254,48.1585314,43.9641596,43.1470748,42.1254496,40.0756076,36.45766,34.32604000000001,29.406963,25.5749688,24.182781,19.62870186,15.39464826,12.16873126,7.61055066,2.81424586,1.2788058,0,0,0,0,0,0,0,0,0,0,0.0,0.0,0.0
560223>560201,624,624,KBYu,Kingsbury,Jubilee // SB,624,KBYu,Kingsbury,EntEx,Alight-Exit,504.9766159079998,9.013105908,204.6492234,146.3528353,106.20286614,33.28919462,5.469390540000001,0.092884418,0.269360958,0.699789518,1.047356998,1.414772076,1.65904922,1.84236102,1.9875317,3.71601902,8.72570318,21.33705798,30.26471004,34.34293839999999,33.5696468,29.35574952,17.51227252,9.22980878,5.68117578,5.565510700000001,5.34863068,5.83263162,5.842242840000001,6.19574776,6.30143464,6.304663340000001,5.720844600000001,5.78241072,5.5715572,5.318564599999999,5.27684608,5.255990280000002,5.32021868,5.180665360000001,5.43973504,5.84071096,6.21220596,6.329257460000001,6.187528580000001,6.000882499999999,5.7938343,6.0736455,7.2292166,8.491989,8.85001168,9.40171408,9.1690918,8.982816999999999,8.513887400000002,9.58177972,9.48840846,10.01724494,9.36712674,9.45222414,8.26823714,7.628215539999998,6.332119179999999,5.4905981,4.64221716,3.808445500000001,3.43109784,3.18471924,2.837542,2.087386,1.85510388,1.51738964,1.55727138,1.4434073,1.43401658,1.30216568,1.18433138,0.8310221720000002,0.5910673120000001,0.410273158,0.304885142,0.221148856,0.213500844,0.179406104,0.122623918,0.071772614,0.03719336,0.0,0.0,0.0,0,0,0,0,0,0,0,0,0,0,0.0,0.0,0.0
560301>560322,649,649,NEAu,Neasden,EntEx,649,NEAu,Neasden,Jubilee // NB,Enter-Board,925.0246157400002,38.4355175,273.9802083,256.5231528,277.6645316,61.04392578,17.37727976,0.0,0.9095869,1.5306119,3.2380915,4.906757000000002,7.114949000000001,8.796180099999999,11.9393411,16.2748401,20.3819512,27.7021786,34.247765,35.65197840000001,34.0855542,31.0531716,23.3914432,16.44617400000001,12.8447188,11.352405,10.5480282,11.1037612,10.8322214,11.0469226,9.8738342,9.784906200000002,8.9728326,8.3336166,7.946228000000001,8.1805018,8.372949400000001,9.299707,9.46827188,10.72715548,10.94026568,11.04229548,10.76499048,12.1456346,11.7606188,12.1584678,12.0198398,12.5820002,12.2507442,13.1408542,13.7745332,16.3258474,18.9788486,22.7278398,26.6428832,28.6557506,29.0755306,28.6201072,27.0248302,24.271595,21.556018,18.54230380000001,15.2429772,12.1779514,9.1228379,7.676345700000001,6.632164100000001,5.488639900000001,4.6017222,3.82046642,3.02479814,2.46376094,2.26246336,1.87735392,1.8954218,1.93917806,2.00470512,1.9430481,1.96451506,1.86212442,1.7628227,1.57663588,1.410173,1.18379316,0.801165128,0.511516468,0.274076428,0.126803508,0.016722728,0.0,0,0,0,0,0,0,0,0,0,0,0.0,0.0,0.0
560301>560323,649,649,NEAu,Neasden,EntEx,649,NEAu,Neasden,Jubilee // SB,Enter-Board,3737.614296249999,508.7589548000001,1457.3421308,981.9742660000003,598.3660752000001,146.00394168,45.16892777,11.715061,20.059991,31.0907276,48.72457360000001,66.3532014,90.3584316,110.5557076,129.901261,136.438281,143.064218,148.18834,150.565936,145.709382,141.1912620000001,136.263906,120.557408,103.5488792,89.28389480000001,77.12679720000001,65.4038266,55.62807400000001,50.7689134,48.514419,47.6774586,44.1208278,43.8417696,41.74689960000001,40.7273118,38.3690864,36.4188632,36.5136424,37.0996198,36.2996504,35.63282680000001,37.0020044,35.98771679999999,35.48812280000001,34.9128328,37.2960702,38.6127352,38.53040840000001,39.8562098,43.647043,47.2817598,50.1820588,53.6195034,60.329148,62.0113242,60.988002,58.62148360000001,58.44607180000001,49.8850242,43.9352402,38.8585338,34.15740039999999,27.3322848,23.4868352,19.9084502,16.5311274,13.9757336,11.6688958,10.52275532,10.01710092,8.95977552,8.42801232,7.959068800000002,7.71409,6.8320966,6.603201800000001,6.332738920000001,6.326360840000001,6.10335492,5.48436284,4.46601218,3.64240132,2.69600065,1.63755105,1.09394053,0.63327559,0.14972713,0.0,0.0,0.0,0,0,0,0,0,0,0,0,0,0,0.0,0.0,0.0
560322>560301,649,649,NEAu,Neasden,Jubilee // NB,649,NEAu,Neasden,EntEx,Alight-Exit,3184.8796305,73.9293119,376.578296,664.3905670000001,1129.8664602,605.9376164,334.177379,0.0,0.4159374,2.0594547,3.7263549,10.3574449,14.6925047,19.4259713,23.251644,28.272217,28.3404816,30.2472054,33.9137148,36.8045598,39.244473,39.127573,38.954087,33.0910404,28.1615886,22.0089074,18.412448,15.580759,16.024193,15.7513524,15.556449,16.6535174,17.0610108,17.4516874,18.082839,20.2180512,20.8012488,22.2511192,23.3056858,25.494569,27.229822,28.6152128,29.9235804,32.1500196,34.1103062,35.62487520000001,37.7955902,42.5613122,47.646164,50.4248412,54.07636120000001,60.51795900000001,68.145587,72.20028,84.1995988,92.9416708,101.189115,106.7864838,112.571009,114.022379,112.8976882,106.8659892,97.5287004,86.5942682,72.1416468,63.30396820000001,54.28678100000001,49.1784376,45.6400258,43.2888352,40.584845,40.5120402,37.0461612,36.831434,36.5291732,36.077214,34.53557380000001,35.04267900000001,32.8758114,31.9168902,30.5833736,29.3643328,26.5911956,24.5982812,20.736248,14.6296554,9.6006184,5.385102799999999,2.2404028,0.0,0,0,0,0,0,0,0,0,0,0,0.0,0.0,0.0
560323>560301,649,649,NEAu,Neasden,Jubilee // SB,649,NEAu,Neasden,EntEx,Alight-Exit,1005.258124419301,52.13939853930091,232.87748828,240.0623753200001,321.4043284,126.46223582,32.31229806,0.01758540813933044,0.4489046481393305,2.361075048139331,4.621000047682914,6.962753847200002,10.07887034,13.4128133,14.2363959,16.3078999,18.6902115,20.5934796,20.5981394,23.8745544,24.2665442,23.1059622,21.5271854,21.0461004,16.961545,13.61040164,12.29546464,10.35217624,8.84276704,8.354626439999999,8.114665400000002,6.840805,6.368425599999999,5.826829600000001,5.48427848,5.75298068,6.25294748,6.823663080000001,7.438265080000001,8.406343000000001,8.8717066,9.0492558,9.287875,9.4114946,9.8895336,10.2753492,12.2569606,14.7699522,17.7429528,20.5666078,23.081914,24.286842,24.3608116,23.8311812,23.9034234,26.4817542,29.0595472,32.2984938,32.8336776,33.0898178,29.29972900000001,23.6974596,18.26159100000001,15.1843466,11.7334,10.6827724,11.0294985,10.9208629,11.7642361,11.6971309,10.8494111,9.88334092,8.91327702,7.317636820000001,6.486322560000001,6.259898160000001,6.080135980000001,5.36075504,4.672558980000002,3.659840940000001,2.324428916,1.435381096,1.116620656,0.6797207160000001,0.346729616,0.25116944,0.12505852,0.0,0.0,0.0,0,0,0,0,0,0,0,0,0,0,0.0,0.0,0.0
560101>560122,679,679,QBYu,Queensbury,EntEx,679,QBYu,Queensbury,Jubilee // NB,Enter-Board,175.37250913,21.3201351,58.25051416000001,41.48815018000001,34.4939706,16.655110736,3.164628354000001,0.14780878,0.25962326,1.21064198,2.806317640000001,3.501815580000001,3.911183540000001,4.645503720000002,4.837240599999999,4.645045140000001,5.536942,7.196951060000001,7.470441800000001,7.66228446,7.135251360000002,6.110973360000001,4.03165176,3.1897735,2.15179264,1.69350184,1.42590524,1.58095266,1.52567778,1.4840499,1.28486506,1.19728304,1.10147926,1.19642706,1.36471306,1.6416338,1.65741846,1.549793016,1.495693956,1.291808676,1.050047476,1.063105476,1.34641642,2.10942236,2.56369306,2.73641352,2.82326182,2.85453424,2.35500884,1.92493032,2.28952092,2.52447966,2.53383854,2.667399140000001,2.9127232,2.81497344,2.8458065,2.96873692,3.10624032,3.17375522,3.207024120000001,2.968309680000001,2.770683860000001,2.31317958,2.09555414,1.73080832,1.90195488,1.84927364,1.628812248,1.515722648,1.214720076,0.814470096,0.590344796,0.5882792880000001,0.411991024,0.4108145560000001,0.4697466260000001,0.4540516020000001,0.3941627740000001,0.4030103900000001,0.413564558,0.233029408,0.186801732,0.1288562,0.070590508,0.0,0.0,0.0,0.0,0.0,0,0,0,0,0,0,0,0,0,0,0.0,0.0,0.0
560101>560123,679,679,QBYu,Queensbury,EntEx,679,QBYu,Queensbury,Jubilee // SB,Enter-Board,5222.902659899997,1246.37736,2061.525525,1145.4513922,527.2376302,200.3583042,41.9524483,27.59631000000001,51.42380000000001,92.836962,144.286578,193.612276,229.775326,253.99616,252.849948,241.658252,227.347306,225.095688,218.762352,213.599702,203.59716,184.13401,151.523169,126.938797,105.076107,88.74726899999999,75.045713,68.722071,63.15080020000001,61.067089,59.2676136,55.96894,53.6590326,51.9892526,50.53215040000001,46.99928379999999,45.85081580000001,45.39221280000001,44.11996860000001,41.890464,41.865811,42.4657896,42.5487296,40.8657432,40.66957320000001,40.208995,39.9782516,39.3989218,41.75173480000001,43.0524308,44.03571720000001,44.43148160000001,44.8916028,47.2939976,48.9993128,48.82153099999999,48.4645362,47.186277,43.9414292,42.385837,40.3584566,36.6449818,33.8181866,29.898233,25.4504652,22.1679946,20.8277122,18.8580244,16.8041764,14.7394292,12.9832162,10.8591356,9.739550999999999,9.254495599999998,8.775870800000002,8.3428954,7.9070004,7.004449900000001,5.51203138,4.16946628,3.08959904,2.26046538,1.56650868,1.0730896,0.6812535,0.34568874,0.0,0.0,0.0,0.0,0,0,0,0,0,0,0,0,0,0,0.0,0.0,0.0
560122>560101,679,679,QBYu,Queensbury,Jubilee // NB,679,QBYu,Queensbury,EntEx,Alight-Exit,5142.575373060002,41.60432646,332.8624932000001,948.0190364000001,2323.462652,1092.8391266,403.7877384000001,0.141685868,0.195982212,0.983016612,2.157565212,3.901324012,7.523719744000001,10.546985,16.1540478,21.5307712,26.81222,29.2769416,35.067171,35.0239978,35.755517,32.5092602,31.20070620000001,25.73649,22.8376022,18.5772142,18.5346018,18.596839,20.0371382,20.6985926,22.5903164,23.8662796,24.26980660000001,24.26046860000001,25.5250606,27.4687942,29.196852,30.690726,32.502888,35.6435674,38.34238079999999,41.00529280000001,43.8298862,47.3793376,51.6673176,54.4396642,57.8630448,61.13905400000001,68.0391546,71.75766259999999,77.20891200000001,93.025436,106.27457,117.348434,149.413282,173.251234,195.886494,232.62495,254.951638,260.95238,265.488916,254.830274,219.4150440000001,193.595372,160.76221,130.1972408,104.9670728,89.4372354,79.57033340000002,67.981336,63.89481260000001,56.5033006,54.3014412,46.08574060000001,45.54303120000001,42.23098280000001,44.30895820000001,42.6656126,42.7720084,39.238328,36.52025620000001,33.2406596,29.701433,26.066813,22.9518602,18.860497,12.0640042,7.4254232,4.35912,1.381782,0,0,0,0,0,0,0,0,0,0,0.0,0.0,0.0
560123>560101,679,679,QBYu,Queensbury,Jubilee // SB,679,QBYu,Queensbury,EntEx,Alight-Exit,175.983169252,4.872453232,28.51624451,54.0614193,65.52028951999999,18.97540965,4.03735304,0.129396728,0.155629454,0.2180825140000001,0.5206663739999999,0.623003106,0.8940610859999999,1.12942554,1.20218843,1.069384216,1.463775356,2.003657756,2.771234176,3.136177306,3.50230712,3.39001082,3.1162037,2.42851398,2.14093094,1.86180616,1.63224298,1.40342556,1.3202396,1.3786975,1.27777178,1.24346442,1.14997014,1.09310464,0.92237898,1.04378316,1.1067387,1.34837364,1.64694262,2.16783974,2.44732828,2.63668912,2.69448674,2.90849174,2.8274418,2.69956338,2.82671618,3.44712338,4.36074618,4.92611878,5.18398324,5.43315984,5.5733595,5.0992176,5.26080684,5.652242,5.766536400000001,5.01029694,5.314802100000001,5.503474600000001,5.945300280000001,5.508646540000001,5.45244688,4.43852896,3.28734864,2.07024656,1.7125976,1.49460442,1.28772206,1.16220804,0.897286138,0.8286459580000001,0.68847127,0.573186682,0.534563322,0.7517061040000002,0.7329880440000001,0.677604016,0.614875676,0.474403576,0.2579356760000001,0.198114476,0.136478172,0.07729892000000001,0.07729892000000001,0.03864946,0.0,0.0,0.0,0.0,0,0,0,0,0,0,0,0,0,0,0.0,0.0,0.0
60101>60122,696,696,SJWu,St. John's Wood,EntEx,696,SJWu,St. John's Wood,Jubilee // NB,Enter-Board,1954.035468946,17.707281126,207.06233222,575.6452356,765.2076346000002,298.3085092,90.1044762,0.0045624692,0.2758185892,0.9051273292,1.3135223292,2.2298307292,3.07622374,4.02600634,5.876189600000001,8.775682200000002,12.5127002,19.04075392,24.1062146,26.495006,25.692704,23.62412620000001,18.1526832,13.8562206,11.0810336,11.9816878,11.7435199,12.0837171,12.3586075,12.8218327,12.8105315,14.0242486,14.5660406,15.6772346,16.6071126,16.3241262,15.8020416,17.0839644,17.7765024,18.6476608,19.6694352,21.8185442,22.8668524,24.147248,26.299268,32.2668374,38.245038,41.725231,45.4907666,51.9095766,54.62281760000001,56.59068079999999,61.65156540000001,69.927931,71.22968900000002,73.45934000000003,70.874588,71.966976,67.392706,63.31668200000001,56.31942920000001,55.28394059999999,47.19410660000001,40.92763720000001,36.2181532,33.089418,28.97370340000001,28.45941740000001,26.2374834,24.4454162,22.0226272,18.4824034,14.3530808,13.2069666,11.8922024,11.6967024,12.1041782,12.2431,10.4206556,9.6128767,8.6112433,7.445309300000001,5.82692582,4.979094760000002,3.44926706,2.15098946,1.05224066,0.51189294,0.0,0.0,0,0,0,0,0,0,0,0,0,0,0.0,0.0,0.0
60101>60123,696,696,SJWu,St. John's Wood,EntEx,696,SJWu,St. John's Wood,Jubilee // SB,Enter-Board,8318.36279502,196.26452672,2225.7461268,2671.8172754,2240.797396,761.1033248000001,222.6341453,3.53671868,5.96323868,10.27775128,15.97990088,23.4042284,31.8357408,45.3806648,59.8862832,82.7731036,112.1384796,154.9080870000001,200.554307,240.720566,262.5702680000001,267.47946,247.417386,214.531642,173.8835,144.6587348,124.1105928,112.9904748,102.9554708,103.8052708,102.156139,100.708825,98.234742,102.4706,105.997263,108.338086,104.260154,103.861873,103.277543,101.155054,98.56146,100.743578,104.809034,101.974436,102.741758,112.104036,121.750746,126.296704,136.99963,154.187496,161.436902,170.716538,182.369822,205.758158,211.87264,223.505166,217.599242,220.706782,198.477782,181.192218,157.246082,147.604098,123.748868,107.128264,92.59774399999999,84.28291200000002,75.5131,68.9992436,65.0600636,61.2167062,52.95775700000001,45.32604620000001,38.2492034,35.7346402,34.0376446,32.8324982,33.8453102,34.26735480000001,30.5411948,26.6206168,22.699759,16.86874566,11.39233302,7.091679020000001,3.706802020000001,1.79650942,0.69639556,0.2749468,0.0,0.0,0,0,0,0,0,0,0,0,0,0,0.0,0.0,0.0
60122>60101,696,696,SJWu,St. John's Wood,Jubilee // NB,696,SJWu,St. John's Wood,EntEx,Alight-Exit,8346.038887,274.8853155,2143.5315212,2214.164451800001,1953.272354,1215.151394,545.0338505000001,0.0,2.4305891,7.7617663,18.3405055,33.2780955,50.2220335,70.4145584,92.4377672,133.737342,167.468838,201.179292,234.153432,252.363626,246.170114,225.241802,194.052196,159.1376568,132.0139428,104.4776788,93.5356008,91.029108,86.42942920000002,83.0221052,79.99698520000003,79.3836272,80.63863,81.109363,84.1374558,88.34870980000002,91.1430618,89.2413278,90.9846128,91.23133,89.436099,86.24423900000001,86.166949,87.935314,91.64956,95.673183,102.7713698,110.8457918,114.1821208,115.5209608,117.0431188,126.12851,129.27652,139.998334,147.387012,159.229058,168.192538,177.24104,183.12769,186.572698,188.95755,179.99642,167.164984,149.522274,142.982714,127.04348,112.43119,105.991128,99.074688,86.725376,80.348576,78.730082,77.75993600000002,76.905152,77.636798,80.34390800000001,79.41945000000003,73.201099,68.31509240000001,61.29752440000001,50.27011120000001,38.78907080000001,32.5903086,25.4874709,16.4671409,9.791358099999998,6.453882500000002,2.607433700000001,0.0,0.0,0,0,0,0,0,0,0,0,0,0,0.0,0.0,0.0
60123>60101,696,696,SJWu,St. John's Wood,Jubilee // SB,696,SJWu,St. John's Wood,EntEx,Alight-Exit,2267.48736948,146.91845882,1047.6053274,600.6298360000001,331.7463964,115.69271076,24.8946401,0.49778966,1.59172986,3.31790946,9.69544746,16.55622038,25.5310638,37.0194684,52.7088298,73.27179179999999,96.8260884,116.8166198,128.916041,131.75609,119.030436,100.568906,81.168552,64.52777880000001,52.99119279999999,44.3804698,37.351361,33.47931939999999,30.8159728,27.0967514,26.0953392,26.0144604,25.2044134,25.1096746,25.8773556,26.2236052,25.1916574,23.5900696,22.3472532,20.7581756,19.3998412,19.161338,20.198127,22.1855292,23.4979258,24.5329212,25.6851678,26.2607502,25.926801,26.8188198,29.15856700000001,30.1962924,31.6432662,32.1666804,31.491945,30.2768294,28.7411078,27.72602000000001,26.90989960000001,25.9102824,23.70580420000001,22.3725408,20.6057282,18.1465486,16.4129938,14.68654,13.182016,10.8948264,9.16747408,7.368033940000001,6.541031940000001,5.520405140000001,4.80487512,4.641228900000001,4.326736840000001,4.001509840000002,3.72105418,3.3907632,2.84782778,2.29504896,1.8388629,1.66382432,1.434661212,1.241383372,0.933200392,0.722294452,0.489763092,0.3144464,0.0,0.0,0,0,0,0,0,0,0,0,0,0,0.0,0.0,0.0
590101>590123,714,714,STAu,Stanmore,EntEx,714,STAu,Stanmore,Jubilee // SB,Enter-Board,5214.96514893,630.852866,2128.7193408,1242.4242288,946.0048410000002,224.9671106,41.99676173,13.8073166,25.512104,41.023262,67.62248600000001,85.38000799999999,110.5505054,132.468062,154.489122,177.6363160000001,218.502188,249.876616,261.315008,256.708914,235.4185660000001,195.63675,148.8484772,120.9143832,101.2582872,87.68177320000002,74.92206200000003,72.195752,66.5301826,66.11806460000001,62.0178902,58.11088480000001,54.67283160000001,52.63604180000001,49.24236980000001,47.37399140000001,44.58307960000001,45.0230042,44.4059686,44.63630160000001,43.69006120000001,45.35832220000001,45.0538056,44.2856674,43.56085040000001,44.26127960000001,45.242029,47.3841844,52.6977914,58.23099740000001,65.1128774,72.70136240000001,81.079187,89.99978180000002,95.6323498,99.9424118,97.5887908,92.92330079999999,83.2257728,72.9675282,62.41769420000001,53.34212520000001,44.1845362,36.17328200000001,31.0894262,26.4089004,23.212923,20.0746834,17.9376154,15.4829104,13.0046674,11.618641,10.7935379,10.1088917,9.0616318,8.11397788,7.41334648,5.89533404,5.445856699999998,4.5405056,3.90352672,2.760384506,2.284990646,0.991653586,0.605541986,0.041643586,0.0,0.0,0.0,0.0,0,0,0,0,0,0,0,0,0,0,0.0,0.0,0.0
590122>590101,714,714,STAu,Stanmore,Jubilee // NB,714,STAu,Stanmore,EntEx,Alight-Exit,5207.5297467,111.8539529,653.4434916,1040.5874342,1825.480672,1063.2606184,512.9035776,0.0,0.6111095400000001,2.98365674,9.08889974,14.45698174,20.81033334,27.5195272,36.3834446,43.0106006,50.7957606,61.848365,69.84540960000001,75.771063,76.09577200000003,72.131474,60.8344546,50.98531,38.6990938,28.7559732,24.6702152,22.6562786,22.9633704,22.9387732,23.0591118,25.1206368,26.812808,26.2953592,27.97745,31.217598,31.1187486,31.8355754,34.1898498,36.016349,39.137621,42.2249668,45.5220956,49.90810020000001,53.6704696,56.23523620000001,59.1699248,69.227188,83.06830260000002,89.50057960000002,90.721041,102.297983,106.374353,115.725601,122.393808,145.344334,162.906756,174.085076,170.94464,191.128014,185.65465,179.551682,169.073775,162.881557,141.2715562,129.1274162,106.4243294,95.4831624,79.5094158,69.28616059999999,60.82066260000001,59.7601154,54.2347314,55.0009354,49.460576,50.03901740000001,45.9802474,48.973142,47.74740120000001,48.792027,45.7820716,46.3290506,44.01074600000001,36.3274442,33.26158719999999,27.415944,18.567077,9.723865,7.982616200000002,1.9713408,0,0,0,0,0,0,0,0,0,0,0.0,0.0,0.0
110501>110514,719,719,SFDu,Stratford,EntEx,719,SFDu,Stratford,Central // EB,Enter-Board,6221.463116999999,76.11440400000001,446.7159298,1916.0989552,1983.329626,1319.3932272,479.8109747999999,0.0,0.0,2.8767582,6.3218972,9.2757104,13.7232266,19.9090282,24.0077834,31.2860392,38.06279240000001,44.90269380000001,49.26586140000001,49.39205200000001,44.63786220000001,40.43639700000001,35.828428,30.733092,27.7236274,26.8763504,27.570734,27.6978434,29.8697502,34.2270888,38.4694042,42.5802094,46.4036364,51.60711240000001,57.4866804,62.802455,68.50817099999999,73.8905288,79.16044079999999,84.07086079999998,89.5353308,93.1175508,98.5236132,105.0751992,111.2305992,115.8030472,121.1294832,122.54191,119.638864,118.975008,123.754168,129.42847,138.463636,148.032916,163.1800500000001,166.169388,177.059168,184.52275,191.146502,183.100052,181.30607,167.812366,153.108258,138.493694,128.157768,116.974687,110.137518,105.28745,104.85277,104.6600972,106.0723522,104.7739532,102.3823232,101.9633222,95.6372922,87.4978782,77.60360759999999,68.6871562,52.2815672,42.4124068,33.56261840000001,26.9008184,21.83206920000001,20.1724684,17.154499,13.2230754,9.895674,6.497100600000001,2.0900354,0.0,0,0,0,0,0,0,0,0,0,0,0.0,0.0,0.0
110501>110515,719,719,SFDu,Stratford,EntEx,719,SFDu,Stratford,Central // WB,Enter-Board,21071.372039,1159.07206,5035.585164,6921.088332000002,4846.68689,2194.092864,914.8467290000001,6.722951600000001,26.3248056,60.3363476,99.4834616,163.6234616,218.792814,272.307726,311.480492,343.619932,361.143104,394.197852,448.906378,475.114574,498.8747120000001,507.13334,492.3891820000001,445.606542,396.1449580000001,353.01972,319.4348700000001,299.753064,275.131988,282.793896,287.5727100000001,288.8462100000001,280.67461,276.347028,277.85848,271.415084,260.522776,260.768722,266.056468,260.243148,259.505002,267.6145700000001,271.13133,272.207536,275.112164,292.208824,307.187602,322.492382,330.429976,361.358484,373.856278,397.90629,412.8139000000001,445.515564,461.9782080000001,476.0760200000001,463.2696120000002,453.519628,422.3487300000002,378.830466,336.019528,314.948544,283.4604,251.96469,227.44128,209.630406,180.960326,164.320702,158.17312,157.30161,155.153446,157.197866,168.121608,179.437788,184.390022,182.339122,172.7502752,148.1826892,121.6126652,93.0904332,71.635346,51.735561,36.932573,21.903403,10.799845,3.8648162,0.0,0.0,0.0,0.0,0,0,0,0,0,0,0,0,0,0,0.0,0.0,0.0
110501>110522,719,719,SFDu,Stratford,EntEx,719,SFDu,Stratford,Jubilee // NB,Enter-Board,19829.5547768,1124.9057888,2833.317840000001,6154.04187,4934.458238,3568.785706000001,1214.045334,53.3180096,75.28450760000003,97.0566336,121.749788,161.711902,187.694354,206.258258,221.832336,226.025006,218.473692,225.615046,258.744664,281.8476000000001,290.3142420000001,293.1424340000001,272.578164,228.00403,195.353248,179.47809,163.741624,159.119142,158.870378,165.244896,168.542066,169.740152,175.6790439999999,188.923508,200.344482,207.667398,215.8048,235.688458,260.578966,283.842392,305.2030120000001,327.9164980000001,339.8916020000001,338.979554,326.2675180000001,321.165118,323.82146,312.5768,309.443622,321.050072,337.6809320000001,345.5123600000001,362.5663880000001,399.8275940000001,433.8397160000001,452.3665300000001,460.77892,474.8406200000001,453.5582220000001,426.684198,394.733514,377.905364,351.844812,329.4544860000001,306.471814,306.8793320000001,287.780732,275.01312,272.10871,289.100334,284.147516,296.918196,302.729256,319.399116,298.783094,279.533444,241.192222,204.7068212,148.4598772,111.1974032,82.05217840000002,61.98084039999999,39.8723412,25.8384852,14.8182412,4.39348,0.0,0.0,0.0,0.0,0,0,0,0,0,0,0,0,0,0,0.0,0.0,0.0
110501>110576,719,719,SFDu,Stratford,EntEx,719,SFDu,Stratford,Elizabeth Line // EB,Enter-Board,4679.303825160003,78.36674756000001,339.0046272,1245.647354,1705.5128574,992.5859800000001,318.1862590000001,1.57462982,3.64181682,5.63976562,9.01490162,11.23920448,12.5452286,15.03649,19.6747106,23.396535,28.5293322,35.1111052,39.6698114,38.4892096,35.8467398,31.73005680000001,26.9591104,21.0564792,18.7635792,19.64089460000001,19.8117738,19.7070322,21.9770486,25.783701,26.2311862,27.6455038,31.93231380000001,35.7457834,35.99859139999999,39.26266939999999,41.0718092,46.5442692,48.3354124,51.0785158,56.0568736,64.900205,63.6663884,65.9994878,74.9809316,78.03015660000001,73.07025660000002,76.86815320000002,79.46362520000002,74.20921680000002,87.0882228,91.1059508,108.9738788,122.3945748,134.4042,146.121052,154.427608,167.780644,165.465896,169.865502,159.03539,155.54876,130.389401,124.248943,111.7436822,96.9485782,88.18110899999999,76.42632080000001,71.5291248,70.8577696,68.77333960000001,69.90008519999999,76.16233240000003,73.41279360000001,64.4019016,60.18926039999999,55.89129399999999,45.3167194,35.9472678,31.06891300000001,25.102989,19.60193180000001,15.4558794,11.61188606,8.576250860000002,5.239946,2.7340052,0.5653282,0.44229394,0.44229394,0,0,0,0,0,0,0,0,0,0,0.0,0.0,0.0
110501>110577,719,719,SFDu,Stratford,EntEx,719,SFDu,Stratford,Elizabeth Line // WB,Enter-Board,13042.81463440001,662.2924954,4005.357438,3224.939629999999,3156.780498,1443.835698,549.608875,20.862043,33.453756,50.529296,66.490658,88.67143540000002,107.721487,136.150492,158.413328,197.935272,208.161014,263.897138,305.065744,427.4912880000001,447.123498,492.84912,475.5556,437.2837760000001,305.067574,255.002416,189.924998,145.165822,119.759172,114.049672,110.9485388,112.5164728,109.5085928,116.0615528,116.5742168,118.59781,116.218144,121.06864,121.921282,125.175616,125.616368,133.920648,134.111358,137.93248,138.086704,147.362502,152.489632,160.3632,157.817986,182.239406,207.433814,224.873826,240.42454,289.340364,299.931598,307.183076,307.4752640000001,310.684056,284.044148,258.045648,229.580426,213.444498,191.753054,167.278544,152.4315492,137.4241012,119.9579152,107.3160112,100.8126312,104.00965,100.345262,106.018932,110.796776,120.201638,117.242688,120.725896,110.628131,92.5846454,74.25468280000003,54.8820698,34.4460338,22.2155326,18.5094392,8.944153799999997,6.152098799999999,4.106730799999999,2.159461,0.0,0.0,0.0,0,0,0,0,0,0,0,0,0,0,0.0,0.0,0.0
110501>110582,719,719,SFDu,Stratford,EntEx,719,SFDu,Stratford,NR Great Eastern // DN,Enter-Board,402.1324023759672,8.926627154,32.833747186,206.405633056,69.50201756000001,67.32725479999999,17.13712261996732,0.0683456412,0.0683456412,1.0204831212,1.2511980812,1.4049455812,1.471779736,1.946021176,1.695508176,2.228932916,2.311404896,3.89916326,3.84219996,3.62095268,2.946264294,2.798335154,1.260367694,2.371805954,1.985267922,2.155540028,3.413512428,5.280025688,3.885563368,4.06637514,6.29047792,7.50358082,5.6159003,5.90241228,8.703735040000002,8.522073240000001,6.059640120000001,6.499229640000001,8.874747580000003,8.372602480000001,6.4628718,6.957146160000002,11.71325196,12.33545596,10.87972876,11.01130704,13.4786666,13.8247016,11.4720924,10.90788448,11.78616268,10.10580088,5.85953528,6.32306418,6.41716664,5.897688560000002,4.88760368,5.38996208,4.60632398,5.33500812,4.942492,5.6894936,4.04787856,3.85174656,2.8317446,2.910237739999999,4.402913620000001,5.968734660000001,6.0565644,6.39954448,8.12028724,7.36215204,6.1405443,6.14945938,7.13332578,5.0416795,3.294992840000001,2.99107052,2.4922048,0.8086802,0.6360061040000001,0.468448564,0.408905964,0.261389264,0.261389287993464,0.236177763993464,0.236177763993464,2.3993464e-08,2.3993464e-08,0.0,0,0,0,0,0,0,0,0,0,0,0.0,0.0,0.0
110501>110583,719,719,SFDu,Stratford,EntEx,719,SFDu,Stratford,NR Great Eastern // UP,Enter-Board,822.6905237,153.9189304,43.2083884,324.1309645,174.6569728,82.24286204,44.53240556000001,16.3148406,17.43240452,20.01745192,26.67487152,26.73108952,17.18948252,16.0719186,13.4868712,6.829451600000001,2.9872116,0.0,0.0,0.0,0.0,0.0,0.0,0.0,5.675769799999999,11.4848398,16.2311156,19.182424,21.0983052,18.1579846,14.6824016,12.2218,11.2467942,12.6238204,12.8685366,13.6716668,13.3956378,13.7293784,13.258187,13.1258858,12.4974924,15.5283412,15.3903522,14.7249884,13.41216734,12.88160554,9.55819334,9.90441194,9.89600414,10.0398966,11.034689,12.8168934,12.7691502,11.92676152,13.18906612,15.63718092,15.12986012,15.94651152,18.0143182,18.0052022,14.7046978,14.0468894,12.4704414,10.50098048,8.08764462,6.494687160000002,5.099866960000001,4.93000786,5.41897878,5.90987652,6.135072300000001,6.326018899999998,7.3323168,7.961412800000002,8.045998860000001,7.767060720000003,7.112672680000001,4.565500880000001,3.85240868,3.41606124,3.65865646,3.1827611,3.1827611,1.3738849,0.7159601999999999,0.0,0.0,0.0,0.0,0.0,0,0,0,0,0,0,0,0,0,0,1.9015592,1.9015592,1.9015592
110501>110584,719,719,SFDu,Stratford,EntEx,719,SFDu,Stratford,NR West Anglia // DN,Enter-Board,4857.559089999998,368.0210220000001,1119.7643558,1395.5651668,1274.0264974,568.0661494000001,132.1158986,0.0,19.856826,19.856826,19.856826,59.37681600000001,59.37681600000001,94.848456,94.848456,141.633804,102.113814,150.556614,95.228148,129.795314,99.868369,108.058213,71.973391,76.2875504,52.42092000000001,41.94983120000001,49.87838720000001,43.72955760000001,46.8172652,43.6834044,49.0160448,40.9774384,43.1391954,45.53032760000001,50.19292000000001,45.9494534,50.30313300000001,55.95662960000001,59.60521640000001,56.37839360000001,61.56455200000001,60.60388620000001,64.9117842,65.7468522,67.57232979999999,69.94751540000001,71.0618372,61.97512200000001,67.05638880000001,74.40069880000001,99.44522080000002,109.7880186,127.3939658,147.270609,129.098377,111.711177,109.794808,120.24667,81.012106,97.100697,101.790339,80.776781,58.042949,65.509787,58.103174,38.926022,49.69129,42.149952,42.42910240000001,43.1524536,47.2849768,43.21794080000001,45.5779232,46.797984,45.2255436,38.12711420000001,35.8694546,26.4812482,17.51519900000001,9.6823102,4.440572400000001,0.0,0.0,0.0,0.0,0.0,0.0,0.0,0.0,0.0,0,0,0,0,0,0,0,0,0,0,0.0,0.0,0.0
110501>110589,719,719,SFDu,Stratford,EntEx,719,SFDu,Stratford,LO North London // WB,Enter-Board,8279.174232000003,575.803468,1695.190515,2137.719313,2437.799300000001,1050.711953,381.9496830000001,7.233778,13.3171776,34.8400816,58.01572160000001,85.68485960000002,108.3911616,128.67191,139.648778,149.540668,154.6421020000001,155.328292,167.451736,169.194316,163.406208,156.0384192,146.2944452,130.2788232,112.7706892,101.4090452,88.835771,81.044675,67.915153,62.66091100000001,60.16886900000001,60.764352,59.2230764,63.57492640000001,67.66660040000001,68.60471940000001,69.5098574,76.378647,83.68169900000002,87.2181942,93.9196682,100.5308922,105.7509162,104.0255312,106.742306,106.539323,107.515085,106.652271,114.296028,131.019978,152.315634,177.845538,193.317794,220.073098,229.135096,234.250992,226.084086,230.839998,214.147322,206.507144,184.864762,171.21794,149.51553,127.16703,103.452909,93.54575820000001,83.5633832,74.95218659999999,78.58312059999999,76.3715436,78.05359320000001,78.5824442,84.34122679999999,85.6223868,86.47637080000001,79.36470240000001,70.8460744,58.15184840000001,44.76850340000001,34.7007012,27.852916,24.1740422,18.41900020000001,12.2604012,7.4292274,3.9822662,0.0,0.0,0.0,0.0,0,0,0,0,0,0,0,0,0,0,0.0,0.0,0.0
110501>110590,719,719,SFDu,Stratford,EntEx,719,SFDu,Stratford,DLR (Stratford route) // OB,Enter-Board,4585.5902367,187.5221058,791.0906851999999,1485.0437568,1073.1228042,764.3548094,284.4560753,8.0003022,12.548285,15.5140016,20.681017,22.8395736,26.3184162,35.49681939999999,46.1236908,51.48905739999999,61.9620248,78.4800852,89.780428,95.110126,94.816814,86.308193,68.90410279999999,50.58433,37.52351820000001,37.7459006,38.3861052,42.7286338,42.99331020000001,47.02522520000001,48.90053080000001,50.515534,50.28441640000001,54.90599680000001,56.76023760000001,56.21941320000001,56.3893274,55.5268926,56.72484420000001,56.3697596,55.58806800000001,59.76255700000001,63.62960980000001,63.17443020000001,66.04867680000001,72.39924680000001,77.43529280000001,80.94525680000002,83.019036,91.53098,96.1664808,96.5155288,97.9220428,107.9526668,106.871964,104.9706572,99.6385782,96.8865522,86.07362619999999,76.99736800000002,68.57748600000001,66.84271100000001,63.87362300000001,61.133189,57.64714240000001,58.65609440000001,57.67246440000001,57.471912,58.3000734,65.83455500000001,66.464823,66.1699634,68.43299280000001,74.76626540000002,71.8053342,65.6091822,58.0496254,47.44870039999999,33.011539,21.6694214,15.70442926,12.67693076,10.08509804,7.51272414,5.14556294,3.98836308,2.51557198,1.0389267,0.0,0.0,0,0,0,0,0,0,0,0,0,0,0.0,0.0,0.0
110501>110592,719,719,SFDu,Stratford,EntEx,719,SFDu,Stratford,DLR (Stratford Int'l route) // OB,Enter-Board,2874.758515649999,139.3585446,247.321386,879.833789,725.8104400000001,666.4219576,216.01239845,4.3881492,7.820064200000001,11.0301926,16.9222908,22.8600194,22.3594656,25.6640266,28.3143362,28.372117,27.7887584,28.571711,26.4816054,24.0295994,20.7035442,17.6525994,16.3812618,14.439257,13.4199148,13.7638776,15.71714,16.6069772,18.1423344,21.5234846,22.5779404,24.746072,24.26306880000001,26.446004,25.685354,28.2532956,26.9178556,29.9352632,29.411708,33.0739808,32.9866212,35.20387879999999,35.5997788,38.7889786,43.38207180000001,50.62839339999999,56.8595618,64.87361779999999,68.2184984,63.6456464,62.06340340000001,58.16914060000001,55.23567860000001,57.3258634,59.05080279999999,61.1306458,61.5976834,59.1991748,59.5185328,60.0030488,59.4021228,64.38546679999999,70.79227940000001,69.9549834,69.90232540000001,64.14151820000001,62.21046820000001,54.38349020000001,48.84621360000001,50.99761420000001,53.4074194,47.4482374,49.37827679999999,50.71882539999999,45.0325854,40.24199479999999,38.00117479999999,33.22392139999999,26.2203614,21.56680260000001,16.47172732000001,12.33697552,9.716946920000002,6.954446530000001,4.293943330000001,3.88479121,3.05667101,0.04264161,0.0,0.0,0,0,0,0,0,0,0,0,0,0,0.0,0.0,0.0
110501>110593,719,719,SFDu,Stratford,EntEx,719,SFDu,Stratford,DLR (Stratford Int'l route) // IB,Enter-Board,170.1106039000001,4.537177988000001,27.668910622,85.34348154,27.81082466,15.03774678,9.712462309999998,0.0,0.05014024,0.2660186,0.46417696,0.5862655720000001,0.8093843519999999,1.097739552,1.263452712,1.366573092,1.281784978,1.692561458,2.156371018,2.326948298,2.237627638,2.3264877,2.76981064,2.74552808,2.77333556,2.96116954,3.030712620000001,2.73394066,2.3159447,2.49079076,2.8235127,3.00438864,2.974544840000001,3.0106264,2.82691786,2.85977508,3.3967167,3.13562756,4.05271392,4.194356920000001,3.849954,3.810781,4.43763704,4.203540380000002,4.30665044,4.7648824,4.714712700000002,4.40180776,3.97597282,3.79361988,3.26406638,2.97366192,2.60107916,2.22960476,2.1075212,2.29537052,2.53620148,2.4805131,2.493053720000001,2.38187246,2.31328558,1.74161034,1.65705042,1.6341482,1.45169264,1.22480858,1.35420222,1.30483548,1.287340160000001,1.23965832,1.17271016,0.9888629920000002,1.088526472,1.165435052,1.125526504,1.352728224,1.559644792,1.323145578,1.171092998,1.119710406,0.7174317060000001,0.7160871259999999,0.61165626,0.43286878,0.35404822,0.35404822,0.0,0.0,0.0,0.0,0,0,0,0,0,0,0,0,0,0,0.0,0.0,0.0
110514>110501,719,719,SFDu,Stratford,Central // EB,719,SFDu,Stratford,EntEx,Alight-Exit,22920.994102,359.551663,3376.376404000001,6249.517966,7955.55292,3404.268036,1575.727113,0.0,0.0,8.4523574,20.7277114,40.3907834,63.30368540000001,99.77674140000002,126.900384,162.44892,195.95682,230.085218,257.636436,315.4725520000001,352.2683340000002,360.4357900000001,356.896706,354.280056,305.8868639999999,254.170896,230.837812,214.161468,193.50554,186.13073,193.830072,201.799912,209.137846,211.53105,219.372212,230.596746,234.94164,236.882732,243.316612,255.912732,257.856368,260.432542,268.997718,282.2731060000001,281.076006,289.6437360000001,302.27174,335.0360060000001,351.4967620000001,370.297738,419.016952,476.44681,495.9624900000001,553.126366,618.8525940000002,658.4303480000002,711.060146,754.992026,789.760786,790.932986,772.2753520000001,695.3386879999999,638.3743280000001,535.7065779999998,462.9339620000001,382.317188,327.71033,277.615498,247.996604,216.059094,202.157418,196.567568,186.9256,183.6157,184.662496,179.458786,176.202882,172.34919,167.67568,149.859716,141.052054,135.684668,124.75668,105.468013,91.396397,67.947939,38.12068900000001,18.721629,7.032789999999999,0.0,0,0,0,0,0,0,0,0,0,0,0.0,0.0,0.0
110514>110522,719,719,SFDu,Stratford,Central // EB,719,SFDu,Stratford,Jubilee // NB,Alight-Interchange-Board,2102.4089931,39.244249,163.4601424,462.4505898000001,724.1118322000001,523.7192342000001,189.4229455,0.0,0.0,1.217448,2.8216128,6.130260400000001,8.4986766,10.1600616,10.4161896,12.269275,11.7577738,12.0708674,13.2927406,16.3035136,15.4334142,15.1382654,15.2066866,14.846991,12.4163874,11.945879,12.7783484,11.8891178,11.0394366,10.9639548,10.8361374,10.693322,10.6838352,11.085421,11.4768074,12.5408494,11.5049128,12.7546372,13.5360646,16.1325916,16.831286,18.39076720000001,18.1829116,19.5444474,21.824297,23.7945584,26.7363722,36.7088638,42.1729834,39.49856060000001,43.6284544,44.6488256,40.674529,41.4160756,50.03954179999999,55.25040600000001,65.4438108,72.42837940000003,77.8243618,78.10977980000001,73.43919659999999,65.44157720000001,59.39534860000001,50.25761680000002,45.3651972,42.6323116,42.64686400000001,42.82760860000001,45.4574974,45.3487724,45.49677940000001,43.91282440000001,40.8584256,39.3704488,39.544888,39.2009862,34.1114526,30.0587242,27.1334544,20.00939086,14.29734046,11.14642182,8.24318702,3.34419762,1.81447856,0.06331176,0.0,0.0,0.0,0.0,0,0,0,0,0,0,0,0,0,0,0.0,0.0,0.0
110514>110576,719,719,SFDu,Stratford,Central // EB,719,SFDu,Stratford,Elizabeth Line // EB,Alight-Interchange-Board,10012.73753380001,133.7784833,616.3824874000001,1716.8981828,4882.525042,1806.3606304,856.7927079000003,0.0,0.0,0.8781375000000001,8.2293789,16.7616989,23.5571889,36.9109369,47.4411422,52.43627599999999,52.735499,60.46525500000001,55.12789580000001,65.41814620000001,64.23182100000001,61.7923698,54.8225972,53.48490340000001,35.0197986,30.3546796,30.4932458,30.8582672,31.0336914,33.6564546,33.28316760000001,32.3500442,31.4350006,31.9755584,35.57320679999999,37.0372698,38.6940752,41.16223540000001,45.68343900000001,48.315932,56.78173700000001,65.21643700000001,72.2565776,79.122031,90.67927600000002,102.950966,120.26247,133.635766,145.050044,162.567626,217.31691,228.107026,274.184626,351.966284,391.05573,395.35452,479.5522800000001,487.0947860000001,485.813296,487.30585,487.6739480000001,417.737352,396.679344,327.5920720000001,278.465592,216.725388,177.917152,136.884856,119.787078,105.868408,95.001716,92.277284,87.49006,84.70935320000002,83.6416712,87.5566022,89.95868820000003,90.13073020000002,93.17207100000002,86.71996700000003,86.978464,84.663437,75.203737,60.62622380000001,49.94056866,30.63466266,14.02844766,6.68647966,0.4926288600000001,0.0,0,0,0,0,0,0,0,0,0,0,0.0,0.0,0.0
110514>110577,719,719,SFDu,Stratford,Central // EB,719,SFDu,Stratford,Elizabeth Line // WB,Alight-Interchange-Board,35.63791498749998,1.730320364,17.773684624,2.053156772,10.198531366,2.1285132508,1.7537086107,0.0,0.0,0.0,0.029601892,0.119010998,0.1953569980000001,0.6931752379999999,0.6931752379999999,1.088695846,1.1174311,1.60807758,1.35128304,2.1032747,1.8996969,2.14707752,1.80347784,1.8189494,1.149318396,1.007018716,0.6793835859999999,0.479081276,0.222586016,0.14022536,0.06098034000000001,0.054753884,0.031663394,0.031663394,0.031663394,0.05830029000000001,0.026636896,0.026636896,0.026636896,0.054954436,0.02831754,0.02831754,0.02831754,0.04793707600000002,0.019619536,0.019619536,0.019619536,0.06520929600000001,0.074119554,0.224007034,0.252290112,0.467252052,0.4581662600000001,0.927434106,0.7944785240000001,0.952242606,0.8157042859999999,1.158772238,0.9511151780000002,1.04262933,0.948171394,1.019132954,0.6634324380000001,0.5865392380000001,0.4780931879999999,0.386503964,0.2371187840000001,0.2249564756,0.0117090956,0.04390384160000001,0.04390384160000001,0.04552035030000001,0.0338112547,0.0343239817,0.0021292357,0.004082136500000001,0.0024656278,0.0024656278,0.0109451422,0.0109451422,0.008992241400000002,0.0359114634,0.3481578834,0.339165642,0.339165642,0.339165642,0.31224642,0.0,0.0,0.0,0,0,0,0,0,0,0,0,0,0,0.0,0.0,0.0
110514>110582,719,719,SFDu,Stratford,Central // EB,719,SFDu,Stratford,NR Great Eastern // DN,Alight-Interchange-Board,817.23289496,5.87388303,36.79639406,339.8881495400001,197.2807813,163.1878305,74.20585652999998,0.0,0.0,0.179621446,0.4197475060000001,0.950485146,1.088243846,1.411024986,1.8247601,1.88662274,1.56327996,2.01172306,2.35959672,2.81119342,3.07343816,3.25751778,3.09560998,4.45519898,3.69315222,3.35390326,5.23515778,7.34731698,5.71376826,6.18788442,8.56039374,9.47806234,7.30188386,7.928710880000001,12.23683342,12.75984122,9.95679228,10.23373116,14.52061206,14.07051506,12.001394,12.8021266,17.30485220000001,18.6827392,15.3878022,16.71315686,22.73956,26.7815328,23.59852960000001,23.5727842,24.0073262,20.2594114,16.2255928,16.028231,19.7372756,19.0921178,17.00863554,15.87331534,15.89295954,12.47444954,14.54103154,16.0121698,14.1355914,12.20113934,12.41646754,10.54910474,11.85947834,14.73846414,14.76061332,13.69807484,15.25286604,15.91603164,12.52226724,12.47886172,16.7944616,14.6110632,11.20230512,10.70426568,10.39334788,5.34005788,4.05196308,2.659534166,3.912226206,2.851283206,3.021245506,2.572608906,2.5460311,0.1699623,0.1699623,0.0,0,0,0,0,0,0,0,0,0,0,0.0,0.0,0.0
110514>110583,719,719,SFDu,Stratford,Central // EB,719,SFDu,Stratford,NR Great Eastern // UP,Alight-Interchange-Board,55.3886396575,0.05571514560000002,0.6277598484,19.9038420927,23.526096696,7.07755529984,4.197670574960001,0.0,0.0,0.0018403376,0.005215308599999999,0.009183581400000002,0.0137720852,0.0137720852,0.0119317476,0.0085567766,0.0045885038,0.0,0.0,0.0,0.0,0.0,0.0,0.0,0.058767932,0.131799148,0.424047488,0.6768025280000001,0.7327602620000001,0.6783761942000001,0.7945832982000001,0.7731380981999999,0.7953133182000001,0.7403617352800002,0.93222705108,0.7436671235400001,0.5460665995399999,0.4227104275400001,0.7152528364600002,0.68472591646,0.9010559640000001,1.019375568,1.14828544,0.944077794,0.988096354,0.940296674,0.959565774,0.937267654,0.9345885740000002,0.7873561740000001,1.107890734,1.363484594,1.504294994,1.58889034,1.92858644,1.9578642,2.98131662,2.74322021,2.643084962,2.675567722,2.329658772,0.8922094159999999,0.917918426,0.9214031140000001,0.6776618940000001,0.6152903040000001,0.7286545999999999,0.54234156032,0.60696084032,0.48010471632,0.47535033632,0.44219152432,0.595175444,0.527946948,0.46447401824,0.39636057824,0.31211335424,0.15883363424,0.11711908024,0.5891947940000001,0.6701387140000001,0.6217922100000001,0.6217922100000001,0.5915093600000001,0.11881664,0.0,0.0,0.0,0.0,0.0,0,0,0,0,0,0,0,0,0,0,0.0,0.0,0.0
110514>110584,719,719,SFDu,Stratford,Central // EB,719,SFDu,Stratford,NR West Anglia // DN,Alight-Interchange-Board,1353.17088837556,102.248839215336,411.791393260224,311.0495762000001,316.7259446,175.9453507200001,35.40978438,0.0,0.0,0.0,0.35229148,16.99666748000001,16.99678222511201,33.904850225112,33.998247805112,53.31234232511201,36.684511885112,51.53664314,34.68536827000001,52.01685269000001,37.63235569,40.16175573,28.40764593,31.708729,17.19991880000001,14.298622,14.1466478,12.9741454,11.9682166,10.29254226,10.84433926,9.92377532,8.98473312,8.350338319999999,9.56929526,8.41100946,8.998332600000003,10.850795,11.7992056,12.0584098,12.7473156,13.9617196,14.091253,15.0911268,14.7596994,15.319263,15.4348704,16.397065,17.1975652,18.46765520000001,22.556905,25.4346418,27.1915162,31.590836,27.9336148,29.49719020000001,28.003845,32.0978786,23.23222160000001,28.57468960000001,24.67904200000001,19.9039084,18.5865604,20.8007324,19.4129424,17.1062154,19.4936106,13.3794778,14.123348,11.969432,12.2918692,12.7288886,12.417591,11.03326906,11.18797426,9.62560906,8.76100246,6.72209086,5.1483706,3.1929034,1.959808,0.0,0.0,0.0,0.0,0.0,0.0,0.0,0.0,0.0,0,0,0,0,0,0,0,0,0,0,0.0,0.0,0.0
110514>110589,719,719,SFDu,Stratford,Central // EB,719,SFDu,Stratford,LO North London // WB,Alight-Interchange-Board,1503.0540658,65.63156330000001,293.7575566,361.6542605,475.8344328000001,238.87507826,67.30117434,0.0,0.0,1.2694911,3.748848300000001,9.9474235,14.9402823,17.59243110000001,18.133087,22.0148866,19.0503314,21.4659506,25.6388568,28.9850558,29.55276700000001,33.226527,28.73017460000001,25.1922988,24.014872,20.67539720000001,15.2104388,15.6616044,14.660946,11.89287428,11.36937228,11.71557348,10.36579828,10.78851328,12.7809946,11.9784834,13.2112348,13.0325504,13.4752438,13.0836526,13.5967142,12.8435191,14.4358089,14.7340991,16.1436223,15.81704010000001,19.1693232,20.7567506,21.17833520000001,23.6580616,25.3041446,27.9386832,27.4102284,36.36361640000001,39.9324618,44.3844388,44.70087720000001,50.5839812,44.54571780000001,43.84994920000001,40.8778794,40.4228454,34.823754,34.0858414,26.6154332,28.8050164,24.6335772,23.2930286,20.2694706,20.403611,13.4795562,14.3857996,11.92402172,10.81791092,10.16181142,12.71967782,8.89459102,8.6615402,7.813183,7.094145299999999,5.4094365,5.260068260000001,4.52533896,3.45434896,2.59168996,0.87715436,0.0,0.0,0.0,0.0,0,0,0,0,0,0,0,0,0,0,0.0,0.0,0.0
110514>110590,719,719,SFDu,Stratford,Central // EB,719,SFDu,Stratford,DLR (Stratford route) // OB,Alight-Interchange-Board,1250.4886006,27.92740534,147.78225816,314.8339211,355.9911618,264.3813442,139.57251,0.0,0.0,0.7538779800000001,2.63362338,3.60267284,4.91156604,7.373548040000001,8.652117060000002,9.28644446,9.50704154,10.21516704,11.95297604,15.65567844,17.10176964,18.6873441,17.9764996,14.94315396000001,10.16276916,6.90455876,5.388855420000001,5.3107677,5.97836234,6.61419242,7.61570062,8.40811236,9.29024908,9.02167014,9.74544346,10.61817306,11.56243886,11.86576046,12.8912202,12.9005724,12.7517324,12.2126602,12.2534242,13.0061614,13.3475434,14.122582,17.560273,21.3510042,22.4395708,25.1053742,28.8609322,29.9440486,28.2533638,31.1091962,35.2928414,34.018512,34.0887716,33.458541,30.73333400000001,24.1060206,26.538268,23.634786,24.8134786,25.1602202,26.0016842,20.765349,19.858435,19.5286422,18.7177506,19.4112802,22.3635018,23.3423692,23.0902936,22.876099,23.2657192,19.5722106,19.3857842,17.7876307,17.6652427,13.81652484,14.66906624,11.27617336,9.62452206,6.229214499999999,5.266081160000001,2.27529596,1.63795384,0.36680984,0.0,0.0,0,0,0,0,0,0,0,0,0,0,0.0,0.0,0.0
110514>110592,719,719,SFDu,Stratford,Central // EB,719,SFDu,Stratford,DLR (Stratford Int'l route) // OB,Alight-Interchange-Board,1455.4252274,44.71912,146.78727828,385.5437714200001,426.4587796,296.043147,155.8731311,0.0,0.0,2.858829,4.0671574,5.856319200000002,8.1487428,11.1841698,12.6039018,14.6710834,14.7737184,15.5343044,14.923813,14.734659,14.1121626,14.4590974,12.38279708,11.06851592,7.751182000000001,6.46009304,5.91585204,7.86707226,8.02599742,9.79818284,10.2107368,11.8712828,10.36622556,12.09890316,12.06212166,13.59482266,12.14002126,14.6115666,13.7714518,16.1546432,15.1465532,17.4025276,16.0920952,19.23864,18.9616302,20.5264502,21.1665254,26.9400102,26.5570062,24.59803740000001,26.3412678,28.556968,25.469452,27.0389848,33.006553,38.2800176,41.1809546,39.3228036,41.6441182,40.9643782,35.884245,36.898624,38.2116806,35.01232460000001,31.3762198,31.349358,23.79497880000001,25.3613932,21.87956700000001,22.95465260000001,19.9656698,22.6819928,18.9906954,22.4837592,20.1925358,24.1181164,21.0653916,24.3629568,20.6055692,18.1596303,12.18727318,11.21750218,7.423249780000001,5.552225180000002,4.90788868,4.1700384,2.1032894,0.0,0.0,0.0,0,0,0,0,0,0,0,0,0,0,0.0,0.0,0.0
110514>110593,719,719,SFDu,Stratford,Central // EB,719,SFDu,Stratford,DLR (Stratford Int'l route) // IB,Alight-Interchange-Board,1204.59730745,15.69331719,64.20295552000002,273.46070484,349.4185864,305.7318484,196.0898951,0.0,0.0,0.38735272,0.54778879,2.34547039,3.04400417,4.47830597,4.89039515,6.58231548,6.35896182,6.459766800000001,6.572507799999999,7.35354676,6.3891052,5.22692978,5.17222482,4.147834080000001,3.00146576,3.29773552,3.6405617,4.823059900000001,4.98744544,6.949161900000001,6.8023148,7.447889100000001,6.404736300000001,7.334007100000001,6.237777100000002,7.592007200000001,7.518878920000001,9.60064372,9.224480999999999,11.7031936,11.1410038,13.41941108,12.18598448,14.9911574,13.6321326,16.5809854,15.47825,18.9485426,18.446342,20.0914252,21.9198742,22.7355002,22.7484968,24.3942342,23.8580976,24.932486,31.750698,33.5042266,35.9816424,37.7611464,35.91810220000001,28.4129082,27.4210478,27.3101058,26.0724138,25.0413846,27.707108,25.6776626,20.9875162,23.9219088,22.7523848,25.00480180000001,24.7899252,29.8881124,26.57852440000001,30.28397780000001,26.1384562,28.6386538,22.71583080000001,24.461282,20.8619814,17.7336363,11.5004859,9.4599389,4.019637700000001,0.2760143,0.0,0.0,0.0,0.0,0,0,0,0,0,0,0,0,0,0,0.0,0.0,0.0
110515>110501,719,719,SFDu,Stratford,Central // WB,719,SFDu,Stratford,EntEx,Alight-Exit,5441.522840800004,260.0279394,1631.4773626,2026.9722058,1216.1087086,263.4681396,43.46848480000001,5.149790599999999,12.4408176,19.0007776,24.710985,32.6351924,42.2332158,54.9387528,68.9184076,90.39413420000001,106.5889316,123.6432696,139.5626716,150.6765688,154.3625548,161.77017,155.049452,147.373628,145.657528,134.08222,122.316234,117.520211,110.150361,95.218726,93.67949200000001,93.1037152,90.9897222,86.1851502,88.227446,87.8969372,85.807516,82.88534000000001,82.75984600000002,81.98948620000002,80.83315999999999,77.49320000000002,76.11523000000003,74.843236,73.62428299999999,68.7656572,69.676618,73.1076852,74.48722520000003,77.17729920000002,84.434663,91.2738812,95.766566,102.583504,106.63392,114.427457,117.0173892,113.0228902,112.1293782,110.2450322,96.8745522,83.20276640000002,72.93137200000002,56.51448000000001,41.11353700000001,31.7596996,24.7639832,20.6366882,17.6427326,15.2316806,13.5826452,12.129504,10.6306916,9.736584599999999,9.725913000000002,9.2683048,8.03423,6.8952768,5.648318260000001,4.0443127,2.8458863,2.49123696,1.72716696,1.3078821,0.81965026,0.38621966,0.0,0.0,0.0,0.0,0,0,0,0,0,0,0,0,0,0,0.0,0.0,0.0
110515>110522,719,719,SFDu,Stratford,Central // WB,719,SFDu,Stratford,Jubilee // NB,Alight-Interchange-Board,8331.575801300003,1309.384163,3185.386834,2007.3119674,1228.5465782,491.3132824,109.6329763,11.386103,60.351795,97.482205,136.944211,207.579227,259.882394,263.698582,272.059646,292.52508,265.454834,264.219004,293.3503940000001,324.5584800000001,327.2589260000001,338.098896,315.331836,261.655258,206.223828,165.1227280000001,131.58757,109.920034,99.551392,92.51395200000002,88.31312600000003,83.622074,82.05765200000002,79.18399280000001,82.270852,81.0610068,79.71933080000002,82.74978279999999,86.268056,87.45559279999999,87.25901999999999,87.45921600000004,83.88127600000001,83.24247600000002,76.739326,72.3646952,75.1949242,75.2777902,72.557863,74.159696,84.48884079999998,82.5944286,88.3871386,97.8881438,109.9974788,111.7810808,120.244185,117.910288,116.83717,111.5205352,100.4456232,89.11167420000002,81.82883199999999,70.90956399999997,59.6447476,55.17998960000001,51.20083279999999,46.490897,39.82296580000001,35.889998,32.9754376,28.351327,24.80660200000001,23.5722944,22.4686266,20.7325352,17.5702476,16.7331597,13.38426962,11.09166242,9.48109062,8.52639306,5.452370960000001,4.040943840000002,2.238533840000001,0.38176944,0.0,0.0,0.0,0.0,0,0,0,0,0,0,0,0,0,0,0.0,0.0,0.0
110515>110576,719,719,SFDu,Stratford,Central // WB,719,SFDu,Stratford,Elizabeth Line // EB,Alight-Interchange-Board,1106.0855099,54.4423067,268.4513226,278.7456311,363.348501,107.16120422,33.93654428000001,0.36839242,1.5128635,2.9354175,5.109210900000001,7.135624699999998,10.07401948,11.907678,15.3991002,18.6774008,22.4319802,27.2746422,31.0874062,32.2880468,30.36148720000001,27.99643600000001,23.3631192,17.87625659999999,13.8032342,11.9799564,11.3113568,9.5687364,10.9014594,10.2856422,10.470095,9.363287,10.2099082,9.169746400000001,9.3241806,9.398847,9.6894868,9.107581199999998,9.856815,9.78263854,9.80769374,9.62712614,9.95393094,10.13044894,11.6366316,12.2628016,14.5273904,15.580384,17.082994,18.826851,22.180955,24.7441524,28.13191640000001,31.28187640000001,32.47062940000001,35.88623939999999,36.2075646,33.779681,34.54632960000001,33.4036104,27.5240358,23.74135980000001,21.6311058,15.9932076,13.1391249,10.9542886,9.704286,8.97212374,8.39376434,7.599119840000001,7.585636600000001,6.76335008,6.42335674,5.85558224,5.777363540000001,5.32145838,5.1042223,4.41311746,4.15948044,3.43764378,3.30254252,2.86947876,2.3650868,1.46119332,1.10786748,0.39445304,0.0,0.0,0.0,0.0,0,0,0,0,0,0,0,0,0,0,0.0,0.0,0.0
110515>110577,719,719,SFDu,Stratford,Central // WB,719,SFDu,Stratford,Elizabeth Line // WB,Alight-Interchange-Board,6224.9805692,738.549637,3396.5550828,1102.4000394,735.6158126,209.899247,41.9607504,6.826828000000001,27.8117828,48.3615168,61.8410258,113.2500058,138.3435858,160.691081,181.423811,217.817068,222.104292,250.633194,335.813764,359.094216,386.670076,399.1586560000001,396.969838,281.1005848,244.8376728,179.1491348,123.2065864,76.43855500000002,74.02546980000002,56.27553380000001,53.8082998,52.85493020000001,49.8872782,48.1638766,46.4545126,48.0780054,45.03639740000001,44.4284468,44.15349880000001,43.59497780000001,39.73615700000001,39.3655698,38.8089538,39.38767379999999,36.5389476,34.512949,37.9704322,37.2993366,32.6575016,36.9233376,45.9993982,46.38809120000001,51.99561480000001,63.605681,66.1254174,73.0208262,73.92373,73.03425600000001,70.7820508,69.30413960000001,53.7538326,49.48195580000001,44.20021720000001,33.677366,26.63582539999999,23.744328,18.5207928,15.5683572,14.7480336,13.3093372,13.2552546,13.2534206,12.5599794,12.3632564,12.2632958,11.4203803,8.91213918,7.230135859999999,5.755785159999999,3.60175375,2.16754735,1.56911446,0.7715371799999999,0.25870768,0.25181869,0.02183079,0.0,0.0,0.0,0.0,0,0,0,0,0,0,0,0,0,0,0.0,0.0,0.0
110515>110582,719,719,SFDu,Stratford,Central // WB,719,SFDu,Stratford,NR Great Eastern // DN,Alight-Interchange-Board,90.58133327843002,5.585724900000001,17.9262911,43.97332059746001,15.118889806,6.255832679999999,1.72127419497,0.032887108,0.032887108,0.3978201280000001,0.54285158,0.76136844,0.930224032,1.461959352,1.425727152,1.67902644,1.65107244,2.3490958,1.974961526,1.780506706,1.436736556,1.353011064,0.5715477440000001,1.118087098,1.119177798,1.328199168,1.56486876,2.16304126,1.564417008,1.457891128,1.675133248,2.089607388,1.373158279092,1.363414039092,2.004761079092,1.976882199092,1.230600679492,1.2781862404,1.7136598524,1.6450088524,1.2899110924,1.313026272,2.06235978,2.30410216,1.984047,1.979201188,2.543992568,2.691036068,2.085554088,2.022725248,2.16160388,1.8807566,1.4602218,1.53553722,1.52424308,1.49885686,1.277540156,1.302723316,1.238671184,1.09168859,0.952133404,0.921432398,0.435085198,0.2848070700000001,0.255569794,0.258153154,0.394501144,0.5478086839999999,0.58322574,0.5923001700000001,0.7447071760000001,0.6856347359999999,0.576362356,0.612328628,0.7204340280000001,0.512013144,0.3782992008,0.2879512388,0.1880812812992,0.0397926012992,0.026287470194,0.07055480939400001,0.05457775139400001,0.0545733008948,0.0545733008948,0.05457009600000001,0.0,0.0,0.0,0.0,0,0,0,0,0,0,0,0,0,0,0.0,0.0,0.0
110515>110583,719,719,SFDu,Stratford,Central // WB,719,SFDu,Stratford,NR Great Eastern // UP,Alight-Interchange-Board,59.46859412099199,12.48231952,5.48895054,28.30587938666001,8.60354773004,2.9974446496,1.590452294692,0.8734719999999999,1.53225644,1.635751668,1.856417488,2.224744008,1.926914008,1.268129568,1.16463434,0.94396852,0.5756420000000001,0.0,0.0,0.0,0.0,0.0,0.0,0.0,0.7980690400000001,1.30772852,1.86354246,2.12649388,2.30397538,1.546435612,1.172791846,0.728149974,0.7198429740000001,1.003902974,1.058479222,1.288264888,1.42756016,1.214076148,0.8038827740000001,0.934177554,0.745659462,0.4978222022000001,1.1687244342,1.1981736082,1.3503441082,1.3711408602,1.73206898,1.2422326,1.1630909235,0.7861603710799999,0.7224284510800001,0.7817553310800001,0.5605243807400001,0.6430874172400001,0.95848368966,0.8692474016600001,0.5991521016600001,0.646369348,0.817589948,0.7488733679999999,0.7484155779999999,0.6156648579999999,0.6143843080000001,0.4024449740000001,0.1553934534,0.11089983264,0.16131072664,0.31753764064,0.27422807608,0.2741288979800001,0.27415729462,0.27223828662,0.13243483062,0.31091458918,0.31175604718,0.3244044073,0.2683999541,0.2050508546384001,0.07643691863839999,0.1701982193384,0.1581942746984,0.1456677818984,0.14566141736,0.09560523336,0.0008332333599999999,0.0,0.0,0.0,0.0,0.0,0,0,0,0,0,0,0,0,0,0,0.0,0.0,0.0
110515>110584,719,719,SFDu,Stratford,Central // WB,719,SFDu,Stratford,NR West Anglia // DN,Alight-Interchange-Board,870.1240812399998,93.39775247000001,480.62842354,180.83024308,85.60724076000001,26.68649954800001,2.973921842,0.011557762,1.400073702,1.848529042,1.848529042,13.705797642,15.74427348,29.43702434,29.40196746000001,50.49335846000001,44.01995866,59.90451706000001,47.04987246,66.04446800000001,51.43841300000001,49.48821020000001,34.1740789,34.7098037,17.6889147,12.8161505,12.8006779,12.0215616,10.22334786,8.801890559999997,8.64123716,7.10753016,6.596684360000001,6.591582100000001,6.494300740000003,6.655813940000002,7.087671140000001,6.420444060000001,7.68424566,7.77975692,7.304001360000001,6.311534239999999,7.61051892,6.389415420000002,6.530790080000001,6.458054300000001,6.829589820000002,7.34654842,7.735256520000001,7.6701136,8.538354140000001,9.01185874,7.96787638,8.661611180000001,7.62150184,8.85865224,8.65393964,8.509791,6.425619,7.38252646,5.547714760000002,3.58351076,3.38263876,3.83304082,3.08905912,2.3725225,2.44667976,1.75145964,1.91498542,2.25058976,1.98805968,2.2936839,2.0603674,1.499495234,1.186556314,0.9321818140000001,0.6841736860000001,0.522498506,0.469442832,0.233851652,0.131773352,0.0,0.0,0.0,0.0,0.0,0.0,0.0,0.0,0.0,0,0,0,0,0,0,0,0,0,0,0.0,0.0,0.0
110515>110589,719,719,SFDu,Stratford,Central // WB,719,SFDu,Stratford,LO North London // WB,Alight-Interchange-Board,2928.470318219999,450.696472,1391.7353502,556.3267040000001,398.6057016,104.6822072,26.42388322000001,3.7937138,7.7325078,15.7972178,37.4693958,68.3466358,88.291629,109.705374,119.559998,125.17055,113.232783,126.377296,134.632131,148.957541,143.769391,152.191564,130.015342,109.890166,85.576646,71.51536300000002,50.40657720000001,42.2709532,34.7222574,29.46697420000001,24.5661078,23.192707,21.2889436,18.5803876,19.5450162,21.1122984,19.5497354,19.0498746,20.355884,20.3251586,20.1809118,21.6903604,22.028219,21.5481358,22.7048762,22.0201056,20.899351,21.1345046,20.92751820000001,23.7158548,25.4505686,29.0515442,32.3853214,34.9171866,34.1482862,37.65267160000001,38.4280776,37.8858324,36.844623,36.9822414,31.427021,26.93317900000001,21.9497172,19.0125894,13.7912846,12.2714406,10.2562128,9.19969894,8.13185104,7.08184744,5.90056424,5.30314564,4.7112619,4.213648200000001,4.8086624,4.939957000000001,4.673975280000001,4.300900299999999,3.96579004,2.9940914,2.14545839,1.538215324,1.010855704,0.5140135640000001,0.238367404,0.102258814,0.0,0.0,0.0,0.0,0,0,0,0,0,0,0,0,0,0,0.0,0.0,0.0
110515>110590,719,719,SFDu,Stratford,Central // WB,719,SFDu,Stratford,DLR (Stratford route) // OB,Alight-Interchange-Board,2364.32639158,265.2244518000001,1136.7036638,517.3077799999999,328.6330188,87.59962298000003,28.85785420000001,5.685976800000001,11.9617576,17.46248700000001,25.07936500000001,33.3538226,44.4756446,58.10209780000001,69.10330040000001,84.18940040000001,93.3447568,102.031416,116.692458,129.131172,124.802788,124.109464,112.582427,87.46457099999999,66.923715,53.4721958,41.9592998,34.9886898,31.03383920000001,27.5397136,28.4485998,27.8823002,25.19024880000001,24.6517046,24.793254,23.31836160000001,22.6292282,21.2763476,20.0048674,18.0484926,15.992033,14.0613342,14.195835,13.9260124,12.9700688,14.0945524,16.8463586,18.2618232,18.7965518,22.5163626,25.8412006,27.62412620000001,29.837137,33.24607899999999,34.28233580000001,34.2725266,33.78404860000001,30.844256,28.1631728,24.2685014,19.8050824,16.7899372,15.7158158,12.714586,10.9630706,9.9100644,8.308711200000001,6.940124740000001,6.465585400000001,6.54919494,6.23734022,5.69587088,5.069871540000001,4.74145558,4.00374748,3.6347699,3.33808214,3.45859642,3.84966212,3.92607428,3.715003980000001,3.137937696,2.311068016,1.050877616,0.383787816,0.05199421600000001,0.0,0.0,0.0,0.0,0,0,0,0,0,0,0,0,0,0,0.0,0.0,0.0
110515>110592,719,719,SFDu,Stratford,Central // WB,719,SFDu,Stratford,DLR (Stratford Int'l route) // OB,Alight-Interchange-Board,1278.76294802,279.874911,378.2842046000001,246.0795149,226.8690082,119.41820902,28.23710030000001,3.8022454,7.823359000000001,24.762457,29.4907678,44.7965698,54.5837544,60.83497879999999,53.78077879999999,57.6024214,49.19110140000001,41.3650594,38.68887,34.6116494,32.816662,30.18872,26.995827,21.8588844,19.068899,13.9273998,11.9687108,12.3082072,11.8225884,10.8801934,11.0060736,11.5369206,9.9391864,9.32746806,7.780185960000002,7.53650642,6.04468514,6.59037214,6.55796868,7.99647058,7.51961052,7.839289000000001,7.351653000000002,8.0157644,8.995352400000002,10.2367928,11.6809512,14.6254138,16.5225566,16.7217758,17.2435288,18.873243,18.841868,18.6066624,20.3791976,23.2106822,21.90200560000001,19.29689620000001,19.2630616,18.1701272,15.8028518,16.0312976,16.491115,15.284296,13.564963,12.6956856,11.1569508,11.6623162,10.76388056,10.1763505,9.043631699999999,8.07380476,6.50655216,5.7529294,4.73684834,4.6088905,3.94458778,3.66364816,3.69096142,3.76032388,2.704035844,2.523752124,1.728475144,0.938359884,0.367016744,0.30704882,0.0,0.0,0.0,0.0,0,0,0,0,0,0,0,0,0,0,0.0,0.0,0.0
110515>110593,719,719,SFDu,Stratford,Central // WB,719,SFDu,Stratford,DLR (Stratford Int'l route) // IB,Alight-Interchange-Board,109.6427096848332,7.17929228,30.167834714,35.578767396,23.746539198,9.527522670000002,3.4427534268332,0.0,0.176004612,0.230671948,0.7715962679999999,0.884124208,1.094501008,1.894488596,2.12790564,3.65082712,3.82327726,3.952948820000001,3.40711862,3.6502285,1.8288066,1.6920524,1.689632,1.7526772,1.55304936,1.56665762,1.600559214,1.506164294,1.327670994,1.393260054,1.291198374,1.152977864,1.288695964,1.581942864,1.539018104,1.917753124,2.39330484,2.28849904,1.751799896,1.397569176,0.9768193359999999,0.553565336,0.517882776,0.86524732,1.12387266,1.082927876,1.213314476,1.474866576,1.986211116,2.267018776,2.687186560000001,3.18002306,2.97895378,2.351133840000001,2.03021056,2.0562197,1.73644052,1.59075719,1.47726148,1.86446132,1.66314514,1.46923982,1.348692788,1.249917742,0.7247704220000001,0.542911002,0.552257662,0.588873778,0.600347634,0.740524014,0.815666894,0.8636357139999999,0.9844405,0.96848494,0.8956923680000001,0.918991448,0.690367772,0.51900647,0.487864062,0.374740132,0.157834664,0.12340179096664,0.10462695296664,0.05037102096664001,0.01554890296664,2.1096664e-07,0.0,0.0,0.0,0.0,0,0,0,0,0,0,0,0,0,0,0.0,0.0,0.0
110523>110501,719,719,SFDu,Stratford,Jubilee // SB,719,SFDu,Stratford,EntEx,Alight-Exit,24740.91276300001,570.535274,3573.35932,8768.063170000003,6407.669808000001,3356.13987,2065.145321,4.015333200000001,26.9116492,37.969358,56.758752,82.048568,102.7818648,111.2798608,148.769888,184.883326,220.11052,261.11823,319.9199260000001,352.548026,368.3337080000001,372.754518,359.379642,319.55553,284.2679419999999,269.584036,260.903916,268.196492,267.05971,273.982266,277.008908,304.825108,336.8760200000001,371.228132,406.190208,445.8688940000001,456.9208860000001,435.31076,422.2908860000001,413.1256860000001,387.4698220000001,366.037406,367.9578040000001,379.745536,369.6782620000001,345.070714,353.335118,369.4817,378.735736,387.956236,383.71088,384.680374,367.343796,397.134628,441.2056020000001,537.881168,594.827928,673.3490400000002,675.4783980000002,672.2571780000002,615.780704,554.4235100000002,493.307482,442.543578,384.174318,350.5157260000001,317.701428,279.254602,250.25009,234.140136,229.607928,226.852142,214.990234,212.327734,213.781954,215.814224,229.71356,240.455946,238.194052,239.352868,224.712622,185.084464,153.0944392,124.5710272,86.3582412,55.18114059999999,37.9631066,21.2691674,10.9560794,2.4243834,0,0,0,0,0,0,0,0,0,0,0.0,0.0,0.0
110523>110514,719,719,SFDu,Stratford,Jubilee // SB,719,SFDu,Stratford,Central // EB,Alight-Interchange-Board,10530.85035600001,162.8132968,739.4811317999998,2158.4211744,3213.627772,2462.76498,1793.742001,0.0,1.1070418,3.5664856,11.0543136,20.612152,32.1747206,42.29992220000001,51.99866100000001,56.89827580000001,65.4485274,73.35002880000002,79.84802540000003,82.4761878,80.17664559999999,71.19937159999998,60.51312060000001,49.44422400000001,39.954796,41.3630724,38.8088564,41.53370340000001,43.945742,47.40341400000001,46.72603440000001,55.04292640000001,56.57029240000001,65.40961340000001,72.6872814,78.931431,79.986187,85.17033700000002,83.601664,85.144837,82.97037800000003,86.014268,87.44627400000002,94.913974,100.412627,108.335833,126.018341,143.140351,157.390815,165.758012,163.866838,168.4714880000001,173.304594,207.650384,249.224014,300.56332,319.0434540000001,347.97219,327.658266,307.9722920000001,272.68771,276.606716,262.473344,264.2945,253.335142,261.013474,233.183836,216.062812,199.162086,190.747728,180.608596,176.901464,164.528506,159.78201,163.144826,177.671174,199.654508,225.403662,229.979912,236.85243,226.95017,178.4156528,132.6631644,97.7192408,55.49133740000001,16.3528054,10.7623226,3.862971,1.9626506,0.0,0,0,0,0,0,0,0,0,0,0,0.0,0.0,0.0
110523>110515,719,719,SFDu,Stratford,Jubilee // SB,719,SFDu,Stratford,Central // WB,Alight-Interchange-Board,1842.542165959999,43.92648550000001,482.3431356,515.8895050000001,306.8941247000001,241.9885492000001,251.5003659600001,0.98084794,1.68241268,2.3825298,2.8253277,5.579426300000002,6.71609496,10.00123822,13.7586079,17.4988212,22.6185066,28.5818074,41.5492742,47.8465134,56.354987,59.19016839999999,59.42436900000001,46.520364,40.67678400000001,34.8328872,27.24865320000001,24.0543586,24.1560694,20.88831,16.4328738,17.62358960000001,18.7903772,23.037462,26.8224106,29.7994224,30.0861908,28.7087404,23.885457,22.8883004,21.5777676,21.1059868,19.2863026,19.588094,17.88045859999999,15.581335,16.22574220000001,17.713802,19.0208456,19.9879766,20.7476318,19.2006608,17.80306910000001,18.8424791,22.3839635,26.5676477,29.95057610000001,33.1552484,32.03639,30.1017156,27.2189652,24.564568,25.0688412,22.408019,19.867459,18.80513,18.9779878,16.6801206,18.96810300000001,20.7350814,22.3646182,22.359139,20.8481614,20.10860120000001,19.8661286,22.2105086,25.2482278,30.092693,36.22165440000001,35.61612280000001,35.5884348,28.529009792,20.603599392,10.481969392,6.806070992,0.102074992,0.0,0.0,0.0,0.0,0,0,0,0,0,0,0,0,0,0,0.0,0.0,0.0
110523>110576,719,719,SFDu,Stratford,Jubilee // SB,719,SFDu,Stratford,Elizabeth Line // EB,Alight-Interchange-Board,8011.113287299999,130.7527172,490.3532894000001,1867.9513339,2728.7234948,1496.5175406,1296.8149114,0.7270349600000001,3.24129376,8.633868760000002,11.62250056,18.84672316,26.4655222,29.437286,31.7784878,37.19638000000001,40.55222860000001,45.39273060000001,55.94465400000002,57.73418580000001,58.47175380000001,52.0724764,43.41679439999999,29.3468593,24.31606810000001,20.6966161,25.21254230000001,29.4742735,35.5571796,37.72215739999999,37.353836,37.970923,46.6864478,52.77410200000001,62.41143280000001,71.6101842,75.52240120000002,73.5451462,75.3069778,73.91474880000001,77.14105079999999,85.31799760000001,89.8754306,90.7636386,102.0787296,95.2951916,98.6822548,103.8233928,125.800014,140.263978,149.0598452,162.5645252,163.4384032,173.1946612,187.0271572,227.0496,245.959238,286.7003,295.260854,293.291238,259.388126,228.739996,206.109396,177.78703,156.405728,161.2644340000001,162.2130000000001,137.062308,131.00339,119.485322,106.854235,95.93834620000001,90.5785962,82.66999620000001,75.255155,87.308648,102.8177188,116.2449168,146.4311868,182.886712,187.164398,157.6056608,138.6902856,96.28222499999998,49.0176882,14.7458582,12.2066254,3.9916786,1.4213092,0.0,0,0,0,0,0,0,0,0,0,0,0.0,0.0,0.0
110523>110577,719,719,SFDu,Stratford,Jubilee // SB,719,SFDu,Stratford,Elizabeth Line // WB,Alight-Interchange-Board,1363.177723327,78.38623129300001,680.2934342000001,285.55260782,172.94488238,50.19167102599999,95.808896608,0.0009007386,0.0009007386,1.8274747386,6.546201138600002,12.8900371386,14.8913122,20.5456788,21.6837258,26.8925324,27.2116804,43.5889366,51.99605800000001,78.272655,85.443658,92.060746,86.2497406,76.88521,50.5115424,36.1943546,24.9863202,14.7960718,11.62113044,12.14783004,10.41336604,11.95475584,11.20157554,14.2689755,12.1401843,17.4292967,15.20057484,18.62258354,15.57814644,18.64958484,13.12643584,15.7787163,11.7560993,13.9100728,10.1103868,10.70556066,6.917546600000001,6.89635534,4.19647426,4.67516506,3.455719,5.56911026,5.48344972,9.3560624,10.6887496,16.3016672,16.2423546,21.2987624,20.1719594,20.8652042,18.1603864,16.8566132,11.950563,9.037943400000001,6.701353520000001,3.623924352800001,2.8597481928,3.1876595928,2.5176283528,3.629222432800001,3.928889260000001,4.68522582,3.423928894,4.072696414,2.523450794,3.026214534,3.378984934,3.4091817,15.48281802,15.4898914,15.40608078,14.81870414,15.8784237,2.993789700000001,2.719123740000001,1.98125776,1.2244262,0.0,0.0,0.0,0,0,0,0,0,0,0,0,0,0,0.0,0.0,0.0
110523>110582,719,719,SFDu,Stratford,Jubilee // SB,719,SFDu,Stratford,NR Great Eastern // DN,Alight-Interchange-Board,803.045030435,5.864765825000001,37.371227084,359.810029526,176.3852187,156.8843388,66.72945050000003,0.006162909,0.106659469,0.106659469,0.6056278290000001,0.7977388690000001,1.19787536,1.29831986,1.74572206,2.59372016,2.58306562,2.98762952,3.39116434,3.260656959999999,2.9447789,3.12295822,2.61983158,3.16761438,3.040939428,2.179762198,5.479105777999999,8.224943918,7.596878338,7.81274883,10.48324546,10.43763306,8.006560539999999,8.42531484,13.86290548,16.33089268,13.20509534,13.41864206000001,17.09252086,15.82759346,11.74169058,13.27949392,17.37258112,18.91047372,16.41403892,16.72505492,22.65726392,25.50504172,22.24653292,22.88319552,21.3496874,16.5795706,11.4249018,10.8363166,12.9465912,15.4502508,14.1891463,17.32273570000001,17.3281843,15.1947321,14.6009131,16.801451,13.7104252,12.2601154,11.0234554,14.2556924,10.88365124,12.99343444,14.49247184,13.96185464,13.36223424,15.6117708,12.6274492,11.4077636,14.0044456,10.4985776,9.0265058,8.939070000000003,10.3360628,7.256679640000002,6.427676780000001,4.89535458,3.96245854,1.42335034,1.26678738,1.05920104,1.05920104,0.28926248,0.28926248,0.0,0,0,0,0,0,0,0,0,0,0,0.0,0.0,0.0
110523>110583,719,719,SFDu,Stratford,Jubilee // SB,719,SFDu,Stratford,NR Great Eastern // UP,Alight-Interchange-Board,196.577999032,24.79346416,10.69353442,85.29555292400002,16.396309306,22.31462464199999,37.08451358000001,0.06175776,0.06175776,1.21578388,3.28704208,4.33729662,5.66128406,5.66128406,4.507257940000001,2.43599974,1.3857452,0.0,0.0,0.0,0.0,0.0,0.0,0.0,1.1109194,2.1854404,3.57542968,3.8609142,5.033750599999999,4.26557798,3.53175358,2.63808836,3.28575298,3.209745900000001,3.77254598,3.72430348,4.65033102,4.72779342,4.39588204,4.515094100000002,4.619572460000001,3.248657844,2.491223224,2.576283344,3.029272024,2.985415904,3.62906572,3.94529932,3.44670182,2.009055828,1.703471796,1.189992242,0.984177882,0.8355046620000001,0.8810735140000001,1.753143546,2.00288858,1.77460286,1.751393072,1.778914552,1.151128652,1.079461132,1.214028612,1.0391542804,0.9345920304,0.6802087764,0.5534967764000001,1.5722315164,1.771123856,1.938280506,2.22064698,3.63935482,2.58630276,2.506057559999999,2.87317478,3.32796718,4.12505598,4.056990572,5.544044312,5.858015352000001,5.709505232000001,3.260735832,3.09324064,1.48291654,0.62604194,0.0,0.0,0.0,0.0,0.0,0,0,0,0,0,0,0,0,0,0,0.0,0.0,0.0
110523>110584,719,719,SFDu,Stratford,Jubilee // SB,719,SFDu,Stratford,NR West Anglia // DN,Alight-Interchange-Board,4372.661039145999,387.4193911,1019.0688667,1329.4304466,971.6030009460001,503.5828556,161.5564782,2.7377766,4.852186799999999,4.852186799999999,5.34542534,71.57552534000001,78.09994194000002,101.08923374,118.86711454,131.413426,65.36714938000001,102.89031018,94.99863518,107.77989838,108.55736438,125.851427,81.2473636,71.30643420000001,45.21881920000001,42.43701660000001,42.0010226,55.585104,53.44912420000001,68.35237120000001,67.57643900000001,60.221802,49.10129800000001,59.96741920000001,49.58283179999999,52.81174180000001,49.55252400000001,59.034834,53.15626040000001,54.0033414,45.7171766,57.23384540000001,49.6010514,52.437704,48.186946,51.97837200000001,45.9442236,52.04426700000001,53.6348422,66.7112334,73.545694,86.8633384,89.1924142,98.861331,80.21217882920001,94.6826518292,87.5480738292,97.51860262920002,73.3191969092,91.37506828000002,71.09268568,52.99906168000001,47.93839768,55.2767868,44.4885008,42.35302040000001,52.4741064,43.4479054,43.252922,41.3915346,39.4451822,39.61881279999999,33.0844498,32.5134158,36.2362186,36.283654,37.2812954,33.0084914,26.4167154,17.273964,11.292358,0.0,0.0,0.0,0.0,0.0,0.0,0.0,0.0,0.0,0,0,0,0,0,0,0,0,0,0,0.0,0.0,0.0
110523>110589,719,719,SFDu,Stratford,Jubilee // SB,719,SFDu,Stratford,LO North London // WB,Alight-Interchange-Board,4337.1125746,180.8629216,1121.0615942,997.3700032000002,968.4348718,644.1575578000001,425.225626,0.24394832,2.37974152,6.07517372,8.749756320000001,25.53214032,37.91702600000001,44.6720088,55.29312660000001,68.99273199999999,71.735789,94.592415,112.603539,121.512871,130.748953,128.669238,101.5933392,91.6063532,74.76243459999999,65.86104060000001,58.38288960000001,63.8469856,51.1935216,52.84449959999999,40.1896362,38.6458152,31.94508500000001,34.561571,35.41578560000001,40.20600500000001,39.61783000000001,39.8561022,38.9542034,39.1587146,37.19032180000001,37.74571340000001,38.5770214,38.564273,33.68578720000001,35.58708040000001,36.386383,41.8972526,43.87579179999999,53.6997214,53.7249022,59.980532,58.6116072,65.75324520000001,69.65934700000001,87.15362780000002,88.63972280000002,97.5008768,98.5675038,100.863407,85.8402016,84.11934860000002,71.74545200000001,70.286299,61.83718620000001,58.5373144,55.7163184,59.00258240000001,53.03456560000001,47.07877380000001,49.31328500000001,47.9037352,43.15200720000001,46.67182,51.6236706,56.1660286,53.9712834,57.9519834,52.79601659999999,48.0898892,44.6568784,40.375776,28.9888306,21.9020614,15.8221268,4.504751600000001,0.0,0.0,0.0,0.0,0,0,0,0,0,0,0,0,0,0,0.0,0.0,0.0
110523>110590,719,719,SFDu,Stratford,Jubilee // SB,719,SFDu,Stratford,DLR (Stratford route) // OB,Alight-Interchange-Board,897.1130895299998,58.26724533000001,215.6354194,189.4492152,197.1811798,130.3089284,106.2711014,0.02963458600000001,3.102380586,6.199974986000002,6.955240026000001,8.754649826000001,11.01548924,10.76176384,11.44811224,14.7018272,17.78683700000001,21.8934814,24.2707598,27.2013456,25.6495038,23.5297738,19.096737,15.45053328,10.07143048,8.25811672,7.725073320000001,6.81617246,6.337114480000001,6.14583656,6.307411440000001,4.82737024,5.568046700000001,5.4790064,5.04370732,6.127984400000001,6.605261200000001,5.47234584,5.69767824,5.86598016,5.13003776,5.01772976,6.077223120000001,6.567797720000002,8.027995599999999,8.498678000000002,10.2554738,12.8679426,17.0342678,16.716222,16.9619316,17.10779560000001,14.6889878,12.3938764,14.9652162,17.5751084,18.3055334,20.1728132,20.1942826,18.671519,15.8968916,14.1013784,13.1077772,11.4136464,9.50737714,9.15293544,9.37610884,9.16939184,9.725274040000002,10.8974701,11.5658766,12.5598808,12.3600988,12.3555618,12.2253066,13.4790674,13.1289848,13.2887529,12.7866049,12.3865549,12.2681409,9.70960442,7.564974859999999,5.85206962,4.04856902,0.8938666200000001,0.6311627,0.23274836,0.0,0.0,0,0,0,0,0,0,0,0,0,0,0.0,0.0,0.0
110523>110592,719,719,SFDu,Stratford,Jubilee // SB,719,SFDu,Stratford,DLR (Stratford Int'l route) // OB,Alight-Interchange-Board,107.4890083089991,23.485452646,23.069760588,13.466495489,37.86088251,7.4693039549991,2.137113121000001,0.0,0.20833042,1.50071572,4.43820492,4.43820492,4.460796522000001,4.661609021999999,3.777591122,0.947569102,1.684777502,1.99486174,2.2040361,2.18854278,2.71932804,2.45324264,2.42811638,1.935231066,1.747447826,1.618865206,1.147742206,1.113277886,0.98784592,0.7829517366,0.2732819166,0.3657900566,0.0927047966,0.0927047966,0.09250814000000003,0.09250814000000003,0.0,0.0,0.0,0.0,0.0,0.0,0.0,0.0,0.08494243000000001,0.103290824,0.367286504,1.268838704,1.926177944,2.552402414,3.26998328,3.1110714,2.34286857,2.51353579,2.50308649,2.75276703,3.78434553,4.51849196,4.11404622,4.03398306,3.38486974,2.68436652,2.1174502,1.872381440000001,1.40421597,1.235159296,1.033551616,0.7329722789998201,0.55448031899982,0.40199134899982,0.2345515429998201,1.4299982e-07,0.0,0.0,0.0,0.0,0.0,0.0,0.0,0.0,0.0,0.248229,0.2507819242,0.4274226242,0.4274226242,0.4274226242,0.1791936242,0.1766407,0.0,0.0,0,0,0,0,0,0,0,0,0,0,0.0,0.0,0.0
110523>110593,719,719,SFDu,Stratford,Jubilee // SB,719,SFDu,Stratford,DLR (Stratford Int'l route) // IB,Alight-Interchange-Board,781.2258393640469,18.28838991603745,84.60014039400936,164.88724694,309.0653195,85.588753968,118.795988646,0.0,0.141079772,0.141079772,2.296972972,2.29697318600936,3.39805878600936,4.295480814009362,5.718744614009362,4.568387494009361,6.266138679999999,6.889709379999998,8.161783580000002,9.24454938,9.45742656,8.77636466,8.142894360000001,7.512703360000001,5.3265571,5.18866314,5.064962700000001,6.8355993,6.4701087,9.60227576,8.548268224000001,8.583335764000001,5.721513164000001,4.406618764000001,0.954568364,1.6764576,0.748401,0.748401,1.10423228,1.50580742,1.36865568,2.09655704,2.881420840000001,4.289104760000002,5.67147162,12.98970156,12.6463699,13.1031577,18.5634691,20.0613215,14.3104299,18.579465,20.900522,20.8350084,23.51703280000001,29.0247566,31.0179108,32.60797539999999,31.7690464,32.2499404,26.9688414,22.04009180000001,19.5547285,13.93783916,7.64774373,7.315861830000001,10.72519343,11.30365793,10.60116327,10.527176136,8.511625186,3.396094904,0.199737056,0.6657797560000001,0.7568815800000002,1.41330859,1.520307238,10.200802686,9.744665956799999,14.8545500968,20.6190079368,22.4870017708,13.7569897708,13.7470838,8.465467599999998,1.9868032,0.0,0.0,0.0,0.0,0,0,0,0,0,0,0,0,0,0,0.0,0.0,0.0
110576>110501,719,719,SFDu,Stratford,Elizabeth Line // EB,719,SFDu,Stratford,EntEx,Alight-Exit,10800.0884073,253.5798413,2556.545236,2480.544451,3770.258732000001,1248.548598,490.611549,1.1076293,1.62382346,6.233035859999998,14.99857386,25.84290386,39.16579056000001,69.48986040000001,95.118224,133.481778,163.259204,194.088584,222.0688,261.22946,274.984492,282.88913,267.908784,249.982628,205.875728,166.519253,134.257395,121.961741,98.8660682,90.8205162,89.062374,93.89086999999999,94.39323,94.8910648,97.06934079999999,98.567472,97.786534,99.842568,101.422114,105.594634,104.915464,103.9534768,103.1629948,105.8921908,103.8896448,103.0052888,103.98083,108.628576,110.815024,116.663192,131.469242,168.07607,187.937292,224.974932,258.867386,315.61887,339.904668,400.045442,409.992982,430.557126,392.495132,358.258072,283.53076,242.474558,182.368564,145.7304308,114.407188,97.188826,80.656886,71.3095946,67.7142078,63.99890320000001,63.95471460000001,59.8223978,58.92232720000001,57.7938192,57.89404820000001,55.9573036,50.44794040000001,46.94434520000001,39.2459722,37.35891460000001,32.28247220000001,30.8377778,22.795929,24.4153118,14.2594738,8.860973399999999,5.758633799999999,5.758633799999999,0,0,0,0,0,0,0,0,0,0,0.0,0.0,0.0
110576>110514,719,719,SFDu,Stratford,Elizabeth Line // EB,719,SFDu,Stratford,Central // EB,Alight-Interchange-Board,4047.055915702054,47.34132959999999,333.2178074,582.6463316,2136.5647822,651.2111629999999,296.0745019020537,0.0,0.0,0.4241438,1.972122,4.2102528,6.561418799999999,15.2328918,18.9405004,25.3535402,29.167377,35.6834046,32.7599572,37.4579854,34.2317388,34.0053994,27.6129546,25.697502,18.6900464,18.276778,14.2811238,16.7500636,14.4144352,15.8605682,13.9585092,16.7407178,14.2559212,17.3095962,17.2133806,19.7683486,17.9685796,24.2039648,23.3066216,25.3461998,23.7614634,26.8309868,24.2137336,29.18372,28.30630180000001,32.418313,32.94813800000001,35.078851,35.07255739999999,38.612869,39.1224912,57.50353520000001,69.2909282,101.836687,112.953547,172.870284,199.394598,254.277282,258.86036,288.283946,242.805628,218.183098,160.3048888,137.2109228,94.9661474,81.79418820000002,62.6535902,52.30122340000001,34.7110194,34.6279666,31.1862208,30.6496056,29.6020944,30.469978,31.0382062,37.1309352,41.1371644,43.2337296,42.45857279999999,41.18601520000001,31.2641736,23.319617,16.0407245,10.88636174041072,5.503359340410722,3.496448940410722,0.417399540410722,4.0410722e-08,0.0,0.0,0,0,0,0,0,0,0,0,0,0,0.0,0.0,0.0
110576>110515,719,719,SFDu,Stratford,Elizabeth Line // EB,719,SFDu,Stratford,Central // WB,Alight-Interchange-Board,37.2964372755,0.06049166410000002,4.116527581400001,15.096674137,9.930963687,4.5340117896,3.5577684164,7.912402e-06,1.46315e-05,1.46315e-05,0.0033988357,0.005974005100000001,0.005966092698000001,0.0133984326,0.03171712260000002,0.03912784640000001,0.06930352099999999,0.271297561,0.347270422,0.507453632,0.515023737,0.5107515810000001,0.377981475,0.470123715,0.291621815,0.3375827020000001,0.378989574,0.63618556,0.490233442,0.865034162,0.832295366,0.8558670160000001,0.5410634452,0.7886451231999999,0.432974122,0.702251078,0.6253044349999999,0.8379128457999999,0.5932348058,0.6552493070000001,0.388780797,0.6490139699999999,0.45240935,0.4998951840000001,0.485678552,0.7130405820000001,0.4704066400000001,0.5552998000000001,0.475308286,0.8294537980000001,0.72113647,0.687026672,0.8616908920000002,1.100024712,0.8716886320000001,0.8193996800000001,0.91675045,0.78396727,0.74715003,0.7684463300000002,0.8504424760000001,0.8319858459999999,0.692390697,0.6307194570000001,0.444604749,0.5013392830000001,0.461305309,0.525384748,0.399497848,0.4615647620000001,0.246433412,0.267897932,0.2112277240000001,0.2220699928,0.1619665728,0.2854810228,0.2724104348,0.2502020128,0.2371827312,0.5753857052,0.4610738812,0.4563000692,0.4563000692,0.444518642,0.07643356200000001,0.04248028600000001,0.0,0.0,0.0,0.0,0,0,0,0,0,0,0,0,0,0,0.0,0.0,0.0
110576>110522,719,719,SFDu,Stratford,Elizabeth Line // EB,719,SFDu,Stratford,Jubilee // NB,Alight-Interchange-Board,1251.14182733,15.80668178,139.1643928,211.87226288,596.997896,206.2354807,81.06511317000002,0.4480156,0.5287917320000001,0.646531192,1.404050112,2.204969112,2.122178852,3.69881952,4.75332566,6.39031454,7.10709074,10.2148944,12.3607224,15.123406,16.0479308,18.85820420000001,16.2081247,14.0417371,10.70796914,7.860669959999999,4.24332882,4.2923824,3.13822616,3.52646712,3.43947318,4.107432520000001,3.82855012,5.16458096,4.98027462,8.10867374,7.43477502,9.78184374,8.75142914,12.23177068,10.01831148,11.99405,10.3077754,13.0969984,10.5979398,13.193909,12.3351982,14.315798,11.7210096,12.5671808,12.9382128,22.268823,23.4031122,30.7703384,38.7494864,55.6426498,57.3420538,74.29906400000002,76.152212,75.4633434,58.86906800000001,51.311512,32.726233,24.6586834,16.1377888,14.5292463,11.9100963,14.5723743,15.0221645,18.0654113,17.9740456,20.3247444,17.68054260000001,18.883972,16.4764112,17.5194838,14.4172233,13.1991729,9.560153574,8.178073853999999,5.013834094,4.368864053999999,2.828303254,2.67852658,2.0229855,1.27849226,0.0,0.0,0.0,0.0,0,0,0,0,0,0,0,0,0,0,0.0,0.0,0.0
110576>110582,719,719,SFDu,Stratford,Elizabeth Line // EB,719,SFDu,Stratford,NR Great Eastern // DN,Alight-Interchange-Board,850.2041301280002,3.381366024000001,63.213857422,366.769910172,180.60973416,180.6506099,55.57865245000001,0.0,0.0,0.0,0.17860628,0.314404626,0.5336500660000001,1.114806806,1.239898246,2.498435366,2.3711494276,3.619014527600001,3.3923573876,5.602966347600001,4.3658678676,5.37277866,3.957922374,8.259477374,5.98795671,8.311950490000001,9.47398089,13.084897236,8.504489472000001,10.038996056,11.303762356,12.956846156,9.363648256,9.98932006,11.00199654,12.07548774,8.298601876000001,10.922733376,13.484695136,16.437643936,12.012738496,14.51061496,19.27886076,22.95848436,17.90677518,18.19113868000001,24.70648528000001,26.51299828000001,19.96495684,20.3189495,22.94478964,15.69840144,8.27008064,9.82903468,10.5125282,9.254464599999999,12.7439182,17.343933,19.7296286,21.4886132,21.65273040000001,19.4766733,14.6097279,12.1012581,9.24127124,7.64660656,12.99998866,18.53277426,17.21039856,17.14084418,23.62389046,18.97219226,12.25093326,12.14229376,18.7881586,13.02459532,10.87183472,10.58580999,11.10140493,4.07600813,2.95576177,1.27295557,1.1738421,0.25821996,0.25821996,0.0,0.0,0.0,0.0,0.0,0,0,0,0,0,0,0,0,0,0,0.0,0.0,0.0
110576>110583,719,719,SFDu,Stratford,Elizabeth Line // EB,719,SFDu,Stratford,NR Great Eastern // UP,Alight-Interchange-Board,15.75659430135,0.0343455622,0.23081365992,5.02906400778,6.718481135030001,1.80716640662,1.9367235298,0.0,0.0,0.0019278055,0.00316366004,0.00482683604,0.00878502204,0.00878502204,0.006857216540000001,0.005621362,0.003958186000000001,0.0,0.0,0.0,0.0,0.0,0.0,0.00122098848,0.04677388247999999,0.07366671447999999,0.09957252648,0.13118043448,0.165207612,0.1217594764,0.1392375044,0.2424270804,0.2108191724,0.17610469084,0.17426587224,0.19933988824,0.11174832024,0.1120108267,0.1116530538,0.16016091,0.114857754,0.07343467502,0.07322459248,0.1323692209400001,0.14020066494,0.31829014494,0.4763286639200001,0.47639388135,0.46210152135,0.45408962335,0.25185842335,0.19679382935,0.1966761880000001,0.208028128,0.387493846,0.7422142060000001,0.8963540600000002,0.9681507600000002,0.9602087600000002,0.9527104000000002,0.5982029553800001,0.34147459888,0.2701734034200001,0.22252700282,0.16114018282,0.20958165944,0.22052832594,0.2242043512,0.2234126318,0.07205989580000001,0.0238626352,0.0822623892,0.08884203079999999,0.1296855388,0.1490597628,0.1722334194,0.1057423034,0.094991132,0.334023144,0.3095001926,0.2991885334,0.2958670654,0.2958670654,0.0159915454,0.0133191288,0.0,0.0,0.0,0.0,0.0,0,0,0,0,0,0,0,0,0,0,0.0,0.0,0.0
110576>110584,719,719,SFDu,Stratford,Elizabeth Line // EB,719,SFDu,Stratford,NR West Anglia // DN,Alight-Interchange-Board,681.6759050188699,42.11707078287,191.219246196,127.12887534,216.96498742,89.11116218000002,15.1345631,0.0,0.0,9.703773999999999e-06,0.009462197774,7.262752197774001,7.281488751774,13.779281551774,13.78407638,25.605503086,21.223381086,23.605541332,18.919336332,24.9312764,13.59174832,14.24515492,12.2866037,12.5488765,7.024064139999999,9.69593962,7.54182076,10.20823838,8.42261056,8.622294120000001,5.986674580000003,5.707058040000001,3.0758134,3.28840722,3.15218254,3.36390864,2.6882496,2.78188324,4.227626040000001,4.39509382,4.58610526,5.05770898,5.45346218,4.39683972,5.12070428,5.39854488,5.6168202,6.0912842,6.151571860000002,5.882450700000001,7.453342900000001,10.7409097,11.0794061,16.3298689,15.1522666,17.99028899999999,19.8632926,25.8422602,19.64156280000001,25.8135268,23.4497176,17.31737646,13.74451066,16.07215586,11.96930806,9.74929498,10.49339152,7.536303320000001,6.18658592,4.56326126,4.67073548,4.65469048,4.365952480000002,4.03442728,4.81505554,4.235915599999999,3.922574460000001,2.98243306,2.33603046,1.10961066,0.5479988600000001,0.0,0.0,0.0,0.0,0.0,0.0,0.0,0.0,0.0,0,0,0,0,0,0,0,0,0,0,0.0,0.0,0.0
110576>110585,719,719,SFDu,Stratford,Elizabeth Line // EB,719,SFDu,Stratford,NR West Anglia // UP,Alight-Interchange-Board,0.0,0.0,0.0,0.0,0.0,0.0,0.0,0.0,0.0,0.0,0.0,0.0,0.0,0.0,0.0,0.0,0.0,0.0,0.0,0.0,0.0,0.0,0.0,0.0,0.0,0.0,0.0,0.0,0.0,0.0,0.0,0.0,0.0,0.0,0.0,0.0,0.0,0.0,0.0,0.0,0.0,0.0,0.0,0.0,0.0,0.0,0.0,0.0,0.0,0.0,0.0,0.0,0.0,0.0,0.0,0.0,0.0,0.0,0.0,0.0,0.0,0.0,0.0,0.0,0.0,0.0,0.0,0.0,0.0,0.0,0.0,0.0,0.0,0.0,0.0,0.0,0.0,0.0,0.0,0.0,0.0,0.0,0.0,0.0,0.0,0.0,0.0,0.0,0.0,0.0,0,0,0,0,0,0,0,0,0,0,0.0,0.0,0.0
110576>110589,719,719,SFDu,Stratford,Elizabeth Line // EB,719,SFDu,Stratford,LO North London // WB,Alight-Interchange-Board,929.4869749380731,26.733878658073,164.75893028,207.66196914,326.1060327599999,141.00013642,63.22602768,6.026146e-07,0.2520323026146,0.2679531876146,1.3021221076146,2.1160431876146,3.940128985,8.262312885,10.5932854,13.45707108,15.5367082,19.5653062,16.576579,16.5279614,16.12893720000001,15.190054,10.5986732,11.760302,10.7954158,9.4592704,9.1626518,9.879145800000002,7.741772059999999,6.847694099999999,6.091186759999998,6.71258416,6.001481299999999,6.93544234,7.3737129,9.22060984,8.90735344,9.7862951,10.1609588,11.451715,10.5479482,10.663843,10.4107544,9.617604599999998,9.9102172,8.835544460000003,8.98439566,7.89451646,8.29195306,7.199759980000001,8.19548052,10.75344812,13.20978192,17.02541612000001,19.7106376,26.3809886,28.535688,36.73758760000001,35.8095222,40.7096932,36.5659168,34.53104440000001,26.1363082,24.8508466,18.0884718,14.1163182,10.3525852,10.4400148,8.70978384,8.028751100000001,8.663314820000002,8.996338300000003,7.6669451,9.78768946,11.2990772,10.76180524,10.99363716,10.72492222,7.506676360000001,5.39052396,4.61194516,4.461020360000001,2.9055331,2.60850336,1.70252516,1.5589356,0.0,0.0,0.0,0.0,0,0,0,0,0,0,0,0,0,0,0.0,0.0,0.0
110576>110590,719,719,SFDu,Stratford,Elizabeth Line // EB,719,SFDu,Stratford,DLR (Stratford route) // OB,Alight-Interchange-Board,703.373758724371,8.121575464371002,127.84246562,123.68239944,291.8014484,114.12597748,37.79989232,8.1517552e-06,1.42228742e-05,0.0127819128742,0.0252643248742,0.3331711448742,0.4562005131190001,2.381989442,4.912145752000001,7.34529094,8.95756132,12.7895692,14.3994562,15.9915022,15.3016664,15.0828824,12.1261232,9.601891,6.17519594,5.67172094,4.39960588,5.05411108,4.84379282,5.1254404,4.599856099999999,4.93611642,3.65875082,4.07308482,3.9211735,3.89787204,3.75887528,4.349069800000001,3.95970414,4.11904234,4.083439299999999,4.3689198,4.066838280000002,4.62125712,4.208303900000001,4.4326935,4.59099458,7.19293078,8.43743546,10.01168768,11.37100948,15.9307722,16.80655040000001,17.98097840000001,19.2334114,24.7353716,23.7174526,27.56393540000001,29.9802684,33.876766,28.3943596,28.9162662,24.6653162,21.74436020000001,16.5870006,15.72804414,12.07155374,9.59120886,7.64621938,6.907019979999999,5.9767988,5.3526094,4.753846480000001,4.34188788,3.42542802,3.605743,3.13693964,3.32343904,3.19510338,4.53204904,4.66088458,4.781852400000001,4.07430386,3.46730888,1.63580308,0.8447370000000001,0.33917874,0.20254968,0.0,0.0,0,0,0,0,0,0,0,0,0,0,0.0,0.0,0.0
110576>110592,719,719,SFDu,Stratford,Elizabeth Line // EB,719,SFDu,Stratford,DLR (Stratford Int'l route) // OB,Alight-Interchange-Board,865.6658622199998,28.493264612,220.051142688,178.73340603,268.70886876,99.1091199,70.57006023,1.51347952,1.79644056,2.47590762,3.05070368,3.225306308,4.075852288,5.335658848,7.019915788,9.219373127999999,12.5196697,13.7954158,15.522633,29.897617,29.0536563,29.1100861,27.5649309,26.6966156,10.29295418,9.80507808,6.5731129,6.1379261,3.9431825,7.647743119999999,6.66208026,8.31695684,6.85423201,8.191044770000001,4.834150370000001,5.59610663,4.32695663,5.004530859999999,3.83475348,4.555103020000002,3.61576858,5.04622618,4.47852422,5.50731394,5.69254248,11.90705492,11.70325232,15.30783528,15.44218408,15.13545772,8.992479720000002,10.42031712,11.21259072,16.89799832000001,21.6206968,25.3595478,25.3850358,28.6070302,27.9845396,28.482911,27.0604964,25.1325695,20.5451355,19.6849387,14.2671133,12.0933452,11.59384282,9.71539802,4.52175712,4.414253120000001,4.47466282,4.8938185,4.1895927,4.6973087,4.5630889,5.1257539,4.388760120000001,4.751318400000001,5.5131175,8.718881699999999,9.702663,10.32343366,9.379379926,7.563685726000001,3.514836326,1.414402026,0.173827946,0.0,0.0,0.0,0,0,0,0,0,0,0,0,0,0,0.0,0.0,0.0
110576>110593,719,719,SFDu,Stratford,Elizabeth Line // EB,719,SFDu,Stratford,DLR (Stratford Int'l route) // IB,Alight-Interchange-Board,702.1530882999998,11.04275864,60.60413976,120.7457597,283.3745627,170.0580398,56.3278277,0.0,0.13787446,0.7469439600000001,1.0278867,1.59257242,1.64233148,2.749764620000001,3.145385,5.07386326,5.60115828,7.718547820000001,7.629395320000001,7.602941920000001,5.860419520000002,5.322492280000001,3.45885232,3.19612688,2.8372695,3.2725369,3.03053576,4.041300580000001,3.65961092,3.632253280000001,2.83776676,3.1214933,2.07170256,2.96876656,3.0304881,3.94238268,3.45937222,4.19208874,3.44410234,4.04231246,3.4486812,6.268123360000001,5.62223434,5.950213260000001,5.578831940000001,6.024056600000002,4.188730400000002,5.980449180000001,8.23468886,11.16334446,13.8427656,16.3328352,15.69967006,17.59874986,17.76923366,20.24117266,20.46457586,27.01848600000001,29.72750060000001,31.7187634,28.2336548,31.51880460000001,27.051116,22.3055304,19.9933748,20.399076,15.902976,16.1017022,15.912132,14.409499,12.14163076,10.89574436,7.801376360000001,7.84698556,6.34801236,7.506632000000002,7.118301600000001,7.669879400000001,6.2389423,7.0669857,6.216267640000001,5.612902020000001,4.360880620000001,2.83023372,1.34497812,0.36182458,0.0,0.0,0.0,0.0,0,0,0,0,0,0,0,0,0,0,0.0,0.0,0.0
110577>110501,719,719,SFDu,Stratford,Elizabeth Line // WB,719,SFDu,Stratford,EntEx,Alight-Exit,4078.1084632,240.6909794,1310.692557,1326.4391234,936.6622815999999,222.45578684,41.16773496,3.771628000000001,9.7174834,12.7105086,17.2988284,29.5049918,44.9114204,54.453137,68.32298180000001,82.286124,96.570996,98.075234,111.498504,115.775152,125.507738,127.553816,125.05848,124.767642,119.038862,102.6935828,81.86642619999999,79.13905720000002,64.1332732,60.6404612,58.53110600000001,61.7734646,58.84202960000001,57.47136500000001,55.6260564,58.1935116,55.08425699999999,54.26385260000001,50.7725992,52.7357866,49.90376980000001,49.81781040000001,48.75905340000001,51.54276060000001,48.28990480000001,48.58193480000001,47.2603396,50.748487,50.3393758,57.33116080000001,56.65770620000001,63.9715294,69.3911614,74.17506740000002,76.84248339999998,87.600531,92.846645,94.95373000000001,92.145592,89.87305599999998,78.39752340000001,65.56674040000001,50.89822220000001,43.69903480000001,31.62770960000001,26.8859474,21.8348632,19.4998414,15.3577344,13.5950306,11.372247,10.633425,9.910114199999999,9.682501199999999,8.35733804,8.128101580000001,6.439513920000001,5.17483816,3.969761800000001,3.505511760000001,3.08033622,2.41450708,2.2103604,2.29179336,1.74562156,0.89863696,0.89863696,0.4101152,0.0,0.0,0,0,0,0,0,0,0,0,0,0,0.0,0.0,0.0
110577>110514,719,719,SFDu,Stratford,Elizabeth Line // WB,719,SFDu,Stratford,Central // EB,Alight-Interchange-Board,1088.55678718,67.2143849,395.9278781000001,247.7292237000001,244.1675168,98.07030362,35.44748006,0.0,0.6613163000000001,0.96344786,2.30685446,7.225871860000002,15.61456986,17.78566016,22.6566644,27.2086278,32.4993012,33.80916320000001,45.45986960000001,48.5529882,48.9526958,44.13104360000001,38.3788402,27.233754,20.8074098,16.3795606,12.5146241,10.8811385,9.3836393,9.438383900000002,9.8906763,10.5285817,10.0428905,9.8571003,9.7667861,9.5522185,9.004019,8.604588000000001,8.488519400000001,8.965278199999998,8.902628799999997,8.923672199999999,9.2577692,10.1089426,10.2844632,10.7196302,11.576342,12.8760364,13.189156,13.791676,13.6950874,15.2468608,16.0653446,18.4677512,20.0976398,22.5828614,23.9834,25.393932,23.2315254,23.388946,20.57253140000001,18.9732962,16.163428,15.3041204,11.8443772,11.20955292,8.56036626,7.70306506,6.80500552,6.5221394,6.21795582,6.45109858,6.02831978,5.927916320000001,5.496386360000002,5.329838500000001,4.656004800000002,4.7093692,4.1112974,4.01084768,3.669178880000001,2.91541648,2.11510844,1.695783536,1.123923336,0.5214586560000001,0.5214586560000001,0.06779449600000001,0.0,0.0,0,0,0,0,0,0,0,0,0,0,0.0,0.0,0.0
110577>110515,719,719,SFDu,Stratford,Elizabeth Line // WB,719,SFDu,Stratford,Central // WB,Alight-Interchange-Board,8529.270933500007,1271.364405,4056.130916000001,1794.110488,1085.9899158,248.8070032000001,72.8682055,6.572563799999999,16.545143,52.97626500000001,80.61142099999999,177.266743,250.8772452,329.2429860000001,357.272038,401.307952,389.193244,395.583,398.4656700000001,405.275808,390.065664,393.7080940000001,335.411614,308.767624,264.971582,221.36963,152.0110340000001,149.045648,105.75525,99.205391,105.690851,104.104005,91.91880500000002,83.093377,74.9988412,69.4462804,60.864279,59.031941,57.83037400000001,55.84241400000001,51.86618020000001,51.529437,53.30094460000001,51.79553300000001,51.66622080000001,55.8905274,66.66109700000001,67.3594574,71.216143,79.906262,76.091229,76.22829100000001,83.58034900000001,93.575476,95.946812,116.817721,114.013892,112.6185952,103.3238152,97.654112,73.16605,65.0294036,54.0353988,43.6210352,31.0994514,27.79178180000001,21.03466280000001,17.15132160000001,16.19799960000001,15.6212834,15.4946716,16.0395812,15.6712272,14.940652,14.1433354,13.2073634,11.6457496,11.1685368,9.569694940000002,8.6594735,7.396201100000001,5.0873247,2.8868763,2.27275096,0.9742342000000002,0.0,0.0,0.0,0.0,0.0,0,0,0,0,0,0,0,0,0,0,0.0,0.0,0.0
110577>110522,719,719,SFDu,Stratford,Elizabeth Line // WB,719,SFDu,Stratford,Jubilee // NB,Alight-Interchange-Board,7039.993912900001,1369.401126,2436.7870418,1871.211817,941.5281456000001,329.8218458,91.24393669999999,34.75468100000001,73.478513,87.295017,133.858447,217.693862,268.170316,264.823752,289.326538,287.6832560000001,226.435034,197.106336,231.847088,245.152108,238.081298,238.525338,224.043412,186.294884,143.8204946,121.3488266,96.44896659999999,95.16548259999999,79.85058459999999,83.0715434,85.0104194,84.7023834,77.8464634,76.4989814,80.52477720000002,79.6994332,74.9684572,77.66453840000001,80.7145184,85.9419512,84.6218644,86.76812340000002,86.60339720000002,83.8014002,74.85020420000002,69.78462420000001,64.30164839999999,64.31588020000001,64.8634832,65.474232,64.16742579999999,69.94392059999998,69.20715380000001,72.02195180000002,79.795461,91.9797108,95.2611688,98.0738648,91.40914079999999,88.1610608,73.10160640000002,62.95712099999999,49.61598499999999,44.9001164,33.1367418,33.5455092,30.74927000000001,31.3740872,27.5337326,25.9902792,23.2793326,21.9292278,20.1916798,18.87873960000001,18.3131296,17.6058808,14.8000176,12.74504952,12.12707592,9.43622938,8.217745180000001,6.56785578,5.107052660000001,2.94141766,1.6956122,0.0,0.0,0.0,0.0,0.0,0,0,0,0,0,0,0,0,0,0,0.0,0.0,0.0
110577>110582,719,719,SFDu,Stratford,Elizabeth Line // WB,719,SFDu,Stratford,NR Great Eastern // DN,Alight-Interchange-Board,20.15265842619551,1.184280353156572,5.0486608032,6.942167323660631,4.9145513132393,1.622693417939,0.4403052150000001,6.089143e-09,0.010705024089143,0.099190008089143,0.186564444089143,0.1916806892,0.2275383012,0.2694660552,0.1991358252,0.5154530092,0.5392474279999999,0.6203674760000001,0.777988184,0.8304875500000001,0.468238154,0.473869556,0.3587777924,0.1738499264,0.1031958064,0.0812186044,0.1059673164,0.22950336,0.222940214,0.259593456,0.261470682,0.277743472,0.1586010512,0.1491039632,0.1315158002,0.3158635122,0.256043985,0.2936915718,0.284426210732126,0.2990765177321261,0.127667819732126,0.183980436932126,0.195314070932126,0.2384834200000001,0.2106327752,0.2497544432,0.2687006672,0.4832338272,0.5582337392,0.6195231440000001,0.667069184,0.6641764960000001,0.45282067,0.35359101,0.430249264,0.30930039112786,0.31227539112786,0.39939207712786,0.52800773712786,0.39371908052786,0.4451165634000001,0.3636322144,0.2622704184,0.1147155169078,0.1315645075078,0.08741170890779999,0.09155400790780001,0.1120940719078,0.1314035926,0.1757628086,0.1969089872,0.1907275902,0.1392316942,0.142477587,0.108841345,0.080450385,0.07288863200000001,0.0596515,0.075139506,0.038043798,0.038043798,0.038043798,0.038043798,0.0,0.0,0.0,0.0,0.0,0.0,0.0,0,0,0,0,0,0,0,0,0,0,0.0,0.0,0.0
110577>110583,719,719,SFDu,Stratford,Elizabeth Line // WB,719,SFDu,Stratford,NR Great Eastern // UP,Alight-Interchange-Board,164.330272548339,32.9980628,9.448681400000002,69.6033789,31.109632509554,18.749030844785,2.421486094,0.0,4.4673248,4.70515726,4.70515726,4.70515726,7.86258276,3.39525796,3.1574255,3.1574255,3.1574255,0.0,0.0,0.0,0.0,0.0,0.0,0.0,0.0,1.5669152,1.5669152,2.37469432,2.37469432,2.78700058,1.70651438,1.82849414,1.92767388,2.25066954,2.49930078,2.025016478,2.229409718,1.547868378,1.572067518,1.716976318,3.01208612,3.37402146,4.87430954,4.578282466,4.159842806,3.345960706000001,4.497116966,2.825021866000001,3.83316162,3.98171304,4.28148196,2.44201736,2.68253936,1.638853388,1.580406788,1.372757788,2.699851868000001,3.704607368000001,3.68898586,3.95029814,3.36480582,2.037715034777,1.946793734777,1.9467954136678,1.2079716736678,1.3078779336678,2.0287610988908,1.6438899188908,1.64388824,2.40625944,2.405358660000001,1.705897026,1.022713158,1.068806008,0.360812274,0.261806794,0.332791858,0.192880206,0.407267376,0.35288991,0.35288991,0.26048002,0.26048002,0.0,0.0,0.0,0.0,0.0,0.0,0.0,0,0,0,0,0,0,0,0,0,0,0.0,0.0,0.0
110577>110584,719,719,SFDu,Stratford,Elizabeth Line // WB,719,SFDu,Stratford,NR West Anglia // DN,Alight-Interchange-Board,1712.61581765,362.7726015,914.2699072,209.5579074,168.2873936,51.78281919,5.945188760000001,0.2496317,7.8812487,7.8812487,7.8812487,53.9108787,70.37034299999998,92.057026,122.540976,145.354638,117.1508548,123.867032,107.0525894,94.5878954,83.9066804,72.64517959999999,53.57458100000001,45.9090076,31.2207556,21.93215480000001,17.0685386,15.0312648,15.4631904,13.8996448,13.232368,13.0376056,12.5639106,9.650920200000002,9.637386200000002,9.3923616,9.491939,8.2518522,7.12262106,6.795097460000001,5.922945400000001,5.26902728,5.3793241,4.84292778,4.30183518,3.93780516,4.41500208,5.11275246,6.74325552,9.50505932,10.5578112,14.3207506,16.81534700000001,19.2472182,15.6001062,19.7194702,18.378955,16.896223,12.142257,13.879865,9.038441,5.187193200000001,7.061567200000001,7.518150599999999,6.743236,6.077576280000001,6.918975940000001,3.632574940000001,3.67127524,3.35967808,3.37564438,3.11195696,2.65950306,2.59514464,2.11910307,1.85962775,1.61630617,1.05725647,0.6263311899999999,0.45127652,0.33439066,0.0,0.0,0.0,0.0,0.0,0.0,0.0,0.0,0.0,0,0,0,0,0,0,0,0,0,0,0.0,0.0,0.0
110577>110585,719,719,SFDu,Stratford,Elizabeth Line // WB,719,SFDu,Stratford,NR West Anglia // UP,Alight-Interchange-Board,0.0,0.0,0.0,0.0,0.0,0.0,0.0,0.0,0.0,0.0,0.0,0.0,0.0,0.0,0.0,0.0,0.0,0.0,0.0,0.0,0.0,0.0,0.0,0.0,0.0,0.0,0.0,0.0,0.0,0.0,0.0,0.0,0.0,0.0,0.0,0.0,0.0,0.0,0.0,0.0,0.0,0.0,0.0,0.0,0.0,0.0,0.0,0.0,0.0,0.0,0.0,0.0,0.0,0.0,0.0,0.0,0.0,0.0,0.0,0.0,0.0,0.0,0.0,0.0,0.0,0.0,0.0,0.0,0.0,0.0,0.0,0.0,0.0,0.0,0.0,0.0,0.0,0.0,0.0,0.0,0.0,0.0,0.0,0.0,0.0,0.0,0.0,0.0,0.0,0.0,0,0,0,0,0,0,0,0,0,0,0.0,0.0,0.0
110577>110589,719,719,SFDu,Stratford,Elizabeth Line // WB,719,SFDu,Stratford,LO North London // WB,Alight-Interchange-Board,3222.289766599999,467.8569838,1602.581334,577.8671612000002,416.5686352,134.32035474,23.09529766,2.2157036,6.729498,12.4482682,23.664193,66.87057300000001,106.1503154,119.880873,129.8975596,142.8397888,143.6059488,145.5794428,161.0837948,168.285858,178.738184,163.678744,134.132348,121.0123808,106.0650028,79.66262680000001,57.8972144,50.6108564,35.93838820000001,30.7140166,28.491062,26.5400484,24.5236184,21.9371678,23.6129924,22.2558544,20.8062416,19.4487324,20.6233204,20.3045422,20.9788544,21.4185392,23.0552764,22.6110912,22.25972100000001,18.5822976,19.15753500000001,18.6594258,18.81299760000001,21.7469038,24.777678,27.7337106,30.2135698,36.26568320000001,34.961886,41.8488176,42.0231536,44.05165040000001,38.32596599999999,40.36429160000001,31.20782120000001,27.8401232,21.73196200000001,20.30768500000001,14.8292672,14.4517216,12.2462952,11.7313558,10.267249,10.4050678,10.014354,9.01798168,8.04265498,7.23088318,5.775839300000001,5.130059300000001,4.338150700000001,3.52569616,2.97279782,2.514681,1.81464062,1.28369394,0.7853449800000001,0.45817732,0.27205582,0.0,0.0,0.0,0.0,0.0,0,0,0,0,0,0,0,0,0,0,0.0,0.0,0.0
110577>110590,719,719,SFDu,Stratford,Elizabeth Line // WB,719,SFDu,Stratford,DLR (Stratford route) // OB,Alight-Interchange-Board,2230.8370538,215.940691,1042.358834,527.8190718,315.0040068,89.46895588,40.24549432000001,4.1724308,9.4554038,12.7491584,17.067319,28.3047436,40.23629520000001,45.8309314,58.12440880000001,68.3452742,80.77608000000002,90.78051500000001,110.8706258,118.2197898,124.8100546,117.5388818,101.6571028,81.20977680000001,64.19049480000001,47.6676332,36.2926052,34.2879158,28.8200654,26.9570586,27.6777592,26.88439360000001,25.2513862,24.24661140000001,25.45955480000001,24.8988552,22.3707494,19.6709204,19.6132056,18.0344766,16.417634,15.4755794,17.1005186,17.3103594,16.94066,17.0107096,18.2417018,20.6517206,20.1796074,21.8449552,22.4726736,26.0821478,24.4855262,26.7555106,29.0272276,33.486569,31.95162980000001,32.3899012,29.9474964,27.961893,21.3761022,17.3416562,14.1983468,12.6888212,9.089408599999999,8.598659399999999,8.297360520000002,7.66155464,6.774824340000001,6.145647940000001,6.249284340000001,6.128157320000001,6.016784100000002,5.748208340000001,6.070245140000001,6.350842940000001,5.69810456,5.74492196,5.197243480000001,4.56286882,3.60339786,2.83278094,1.93438548,1.88195868,1.15280194,0.4978817,0.4978817,0.29042426,0.0,0.0,0,0,0,0,0,0,0,0,0,0,0.0,0.0,0.0
110577>110592,719,719,SFDu,Stratford,Elizabeth Line // WB,719,SFDu,Stratford,DLR (Stratford Int'l route) // OB,Alight-Interchange-Board,1030.2861372,199.6115256,285.88222518,206.1069708200001,226.696965,84.29742590000001,27.6910247,3.287162799999999,7.143021399999999,12.660822,20.8124334,27.897737,37.6638312,43.79505900000001,46.35145880000001,44.0740338,41.9559802,32.3761414,28.875471,26.0545642,24.361746,20.48797900000001,19.709042,15.9382456,11.37892806,9.76195166,10.90814226,11.43724026,10.29929326,10.81003254,9.55244194,8.58429524,7.758093840000001,6.945080699999999,6.67057476,6.96652976,6.46713306,5.87224836,6.8643679,8.032700100000001,7.793418840000001,7.06506064,7.58895724,7.65171204,7.488379040000001,7.305468100000001,7.564702640000001,9.826478540000002,10.51556894,12.63283374,14.41435934,16.1754462,17.5130478,23.7704332,25.9217184,26.70959340000001,27.2235692,25.27119900000001,18.2342744,13.812221,11.7986116,10.4992308,9.767619999999999,9.23793514,9.27223154,8.64904674,8.37565814,7.818497939999999,7.8307512,6.80770968,6.654045080000001,5.878505820000001,5.16605772,4.36731878,4.23966812,4.490419320000001,3.98342088,3.934701980000001,3.952476620000001,3.61322614,2.59140134,1.87607484,1.1044995,0.83473114,0.5086722,0.32024,0.32024,0.16092074,0.0,0.0,0,0,0,0,0,0,0,0,0,0,0.0,0.0,0.0
110577>110593,719,719,SFDu,Stratford,Elizabeth Line // WB,719,SFDu,Stratford,DLR (Stratford Int'l route) // IB,Alight-Interchange-Board,152.8828481700001,12.11409901,61.84500099,44.3454176,26.067644,5.799958781999999,2.710727788,0.0,0.62523838,0.7584601740000001,0.979150614,1.330605414,1.931644114,2.915464334,3.57353598,6.233011940000001,7.78138434,8.379827899999999,7.8968693,7.9613496,5.25889855,3.58333179,2.86243163,2.30264483,3.10155469,3.24051784,3.24317858,3.32657168,3.42973208,2.0936938,1.9127604,2.31343818,2.05269658,1.64384366,1.58250396,1.79436106,1.293245088,1.165365848,1.048873062,0.996575182,0.954706642,1.055179574,1.196988454,1.51437796,1.53030542,1.35146373,1.65582847,2.05645327,2.37223887,2.92104491,3.08316972,3.42028406,3.076266260000001,2.71833848,2.36643648,2.5806645,2.1812185,2.12422854,1.91859464,1.77598056,1.39640814,1.35449458,1.15472926,1.013253594,0.7738988960000001,0.6890572759999999,0.30782758,0.34568364,0.400724886,0.4156930800000001,0.402647882,0.407418978,0.354092118,0.335036558,0.354624294,0.427903982,0.473202418,0.41903108,0.3367007,0.313678004,0.271847358,0.175932082,0.13055926,0.1046383,0.057234604,0.0,0.0,0.0,0.0,0.0,0,0,0,0,0,0,0,0,0,0,0.0,0.0,0.0
110582>110501,719,719,SFDu,Stratford,NR Great Eastern // DN,719,SFDu,Stratford,EntEx,Alight-Exit,1451.8362666,23.95533134,78.52338474,260.90767892,667.1875808,246.8832814,174.3790094,1.6701376,1.6701376,2.2974462,2.6043432,2.68561706,3.83107066,4.39198016,4.80459886,5.82803596,5.85215562,6.455784420000001,6.462756400000001,6.6634046,6.1107383,7.118808380000001,6.42829798,7.280924700000001,6.822896720000001,7.19055878,6.309022880000001,5.912150280000001,5.24660924,5.77922504,6.67255038,7.46843788,7.145015280000001,8.12977592,9.5318242,9.793148,8.64476588,10.21299788,10.07921728,10.34347928,9.77558468,11.68049,11.7281656,13.9128892,12.4406132,13.6022027,14.0156225,16.5888927,15.0091583,17.6484149,19.5464486,20.1521976,25.4939574,27.7534278,43.4278724,46.2251144,65.6190318,74.21017020000001,92.4381934,76.870304,82.38834440000002,62.19476120000001,50.4142062,32.9679284,30.7895726,21.8231352,24.3583312,21.0348884,17.5142458,19.462078,18.8695818,16.1551344,13.6698364,15.145799,15.0927502,13.5922644,12.4157534,13.371078,12.453216,8.481779,9.0431918,7.2351454,9.617609800000002,7.3279996,20.1429876,17.5340042,17.5340042,12.814988,12.814988,0.0,0,0,0,0,0,0,0,0,0,0,0.0,0.0,0.0
110582>110514,719,719,SFDu,Stratford,NR Great Eastern // DN,719,SFDu,Stratford,Central // EB,Alight-Interchange-Board,311.4750456114299,0.07326123424400001,2.065162817186,41.35777786000001,174.70921534,56.13248916000001,37.1371392,0.0,0.0,4.2140102e-05,0.00013395945,0.000179261322,0.000223317824,0.023769117824,0.04891343772200001,0.04889984114,0.04891069683200001,0.04900515593,0.02557045119,0.0006045480900000001,0.0006889462360000001,0.001110840132,0.133242756532,0.290608941272,0.3361797203719999,0.4737898854600001,0.6565510340000001,0.5597456620000001,0.43402919,0.492170164,0.4153176780000001,0.463552478,0.4979635100000001,0.806149102,0.903916852,1.084639892,1.084591292,1.26294832,1.39778864,1.46812328,1.3676035,1.59648628,1.87027864,1.85353788,1.7490992,2.12698124,2.63834236,3.14598008,3.42273842,4.982844800000001,5.732949400000001,5.699786980000002,7.26383638,7.38122754,10.91982314,11.92154694,16.07190486,20.67531986,25.0370656,19.77076760000001,21.46773180000001,17.15857562,11.34162902,7.24589776,7.60545544,4.82439324,5.16539996,4.6888515,3.81961998,4.63952436,4.17354136,3.732712620000001,3.04308788,3.73492816,3.4590769,3.313137600000001,3.6835486,4.58721534,4.034839140000001,3.13122834,4.17966084,3.12936324,3.175681700000001,2.7872392,2.7872392,1.163993,1.163993,0.0,0.0,0.0,0,0,0,0,0,0,0,0,0,0,0.0,0.0,0.0
110582>110515,719,719,SFDu,Stratford,NR Great Eastern // DN,719,SFDu,Stratford,Central // WB,Alight-Interchange-Board,93.18878168625005,2.96301549925,19.67971019,26.89744491000001,17.413972614,10.589930412,15.644708061,0.0,0.0,4.954855000000001e-05,0.00010297985,0.34428745985,0.8156194598500002,0.8571742918500002,0.9457817593,1.008678332,0.7133286080000001,0.712385688,0.7418053259999999,0.91575555,0.884844906,1.60905131,1.85325525,2.814064080000001,2.84725504,3.0718269,2.5074592,2.08527242,1.25052794,1.12025932,0.912110234,1.045204214,0.826731384,0.8820465239999999,0.842365094,1.14577032,0.97384686,1.12064521,0.97447207,1.30106066,1.09967024,0.978845844,0.9504062240000001,1.083166304,0.855617464,0.7620380240000001,1.02133102,1.36919134,1.27276212,1.40111722,1.62298686,1.50001745,1.41667259,1.46358055,1.58674717,1.422432822,1.568199032,1.679636552,1.737574992,1.321065798,1.524762406,1.273104846,0.9201784059999999,0.7482546059999999,0.768970904,0.6855274440000001,0.8960795640000001,0.798598838,0.7369252812,0.8260248572000001,0.9717939572,1.0213431372,0.9780611592,1.029052062,1.129298602,0.7509244886000002,0.4142534722,0.3916016962,1.5135670702,1.2436042302,2.7742864236,2.77140432,2.71950012,1.53278312,1.53278312,0.0,0.0,0.0,0.0,0.0,0,0,0,0,0,0,0,0,0,0,0.0,0.0,0.0
110582>110522,719,719,SFDu,Stratford,NR Great Eastern // DN,719,SFDu,Stratford,Jubilee // NB,Alight-Interchange-Board,294.951712514,1.9566321292,3.6602285098,39.379623735,95.41888438000002,114.87961568,39.65672808,0.0,0.0,0.072746456,0.333591696,0.388251682,0.3889071076,0.4019609748,0.3711742128,0.128630728,0.09917205,0.1252226504,0.1685239232,0.1535392052000001,0.19882837,0.469090462,0.4434698594,0.4790575714,0.4988085234,0.4611606234,0.4347245434000001,0.4623443920000001,0.3783497174,0.6713279694000001,0.9636095894,0.8476234774,0.9278871454,1.265143908,1.242481808,1.190535748,1.27238606,1.33559866,1.32963742,1.3315854,1.16543014,1.43333022,1.73151272,2.14350054,2.20169422,2.39916796,2.72738756,2.84170484,2.6199689,2.937304360000001,3.96011098,4.47567322,5.572561299999999,5.54379442,7.27622162,6.73307142,8.093194180000001,8.830500780000003,10.81190228,8.91713452,11.07570784,9.3075913,8.781531500000002,7.972076299999999,8.01146534,8.44368394,10.24429108,9.00829022,7.685354579999998,11.6043005,10.1962999,9.259693900000002,9.67979268,12.56417812,10.21018912,8.90913862,7.381674359999999,6.385893648,3.883954848,1.747430248,2.831374948000001,2.556258408,2.475125,1.742939,1.742939,0.0,0.0,0.0,0.0,0.0,0,0,0,0,0,0,0,0,0,0,0.0,0.0,0.0
110582>110576,719,719,SFDu,Stratford,NR Great Eastern // DN,719,SFDu,Stratford,Elizabeth Line // EB,Alight-Interchange-Board,378.40276574,2.01493135,7.242318690000001,50.32633298,218.55863242,56.12055520000001,44.13999510000001,0.0,0.0,0.21150946,0.23912189,0.34414739,0.34414739,0.34414739,0.53185783,0.554847186,0.6329508779999999,0.7642752979999999,0.948421418,0.5492015179999999,0.498599732,0.69436486,0.56304044,0.53600209,0.53600209,0.53600209,0.4286110900000001,0.5547921100000001,0.4968874400000001,0.559633774,0.8444417340000001,0.614362822,0.8211345820000001,1.009609322,1.165480068,1.061791216,1.278126268,1.405097128,1.666328768,1.746878288,2.02042298,2.31897446,2.3823777,1.83346822,2.58263622,2.62846972,2.85770752,3.45590898,4.259321320000002,5.854958119999999,6.90752422,7.436079680000002,14.65266854,16.1620256,17.7329186,26.6017832,29.206426,24.38860600000001,25.9580972,21.7432328,15.344862,11.426115,7.9058178,5.0293544,5.6858156,2.37802088,4.353710080000001,4.353710080000001,4.66481928,5.358930760000002,5.88924802,3.91355882,4.863522960000001,4.3286297,5.301234620000002,4.05515488,4.05515488,4.926899540000001,4.144886400000002,1.8217088,1.8217088,1.8217088,4.298554599999999,4.298554599999999,4.298554599999999,4.298554599999999,4.298554599999999,0.0,0.0,0.0,0,0,0,0,0,0,0,0,0,0,0.0,0.0,0.0
110582>110577,719,719,SFDu,Stratford,NR Great Eastern // DN,719,SFDu,Stratford,Elizabeth Line // WB,Alight-Interchange-Board,8.49642243,0.0,2.01249617,0.610003576,3.866975744,0.308239116,1.698707824,0.0,0.0,0.0,0.0,0.0,0.0,0.0,0.0,0.0,0.0,0.0253976,0.0253976,0.127479174,0.402499234,0.402499234,0.377101634,0.377101634,0.27502006,0.0,0.0,0.0,0.0,0.0,0.0,0.0,0.0,0.0,0.049211044,0.049211044,0.049211044,0.049211044,0.106922056,0.057711012,0.057711012,0.057711012,0.057711012,0.0,0.0,0.0,0.0,0.0,0.0,0.0,0.075393296,0.182123976,0.182123976,0.182123976,0.182123976,0.1438511060000001,0.211145506,0.334397552,0.606349832,0.606349832,0.569229406,0.395204326,0.27195228,0.03096124,0.03096124,0.03096124,0.03096124,0.05127426,0.02031302,0.02031302,0.02031302,0.033279974,0.012966954,0.012966954,0.012966954,0.109005374,0.181011494,0.3371481740000001,0.3371481740000001,0.3371481740000001,0.241109754,0.1561366800000001,0.0,0.0,0.0,0.0,0.0,0.0,0.0,0.0,0,0,0,0,0,0,0,0,0,0,0.0,0.0,0.0
110582>110584,719,719,SFDu,Stratford,NR Great Eastern // DN,719,SFDu,Stratford,NR West Anglia // DN,Alight-Interchange-Board,15.785037597681,3.27172144e-05,2.4304531861294,2.1957460740372,3.950972,7.062258074299998,0.145575546,0.0,0.0,0.0,0.0,5.521644e-06,5.521644e-06,1.08369632e-05,1.08369632e-05,1.63802676e-05,1.08586236e-05,0.1831094586236,0.1831041433044,0.2291124493044,0.270775872,0.270775872,0.297527992,0.297540282028,0.2515419199926,0.2098729539926,0.2370650039926,0.0272326110346,0.0272203210066,0.027210377042,0.027234267712,7.526634e-05,5.693929800000001e-05,5.693929800000001e-05,0.000102869674,0.039721963004,0.039688914376,0.039688914376,0.059511292376,0.08825102200000001,0.04860803800000001,0.04860803800000001,0.04888551092000001,0.02956365250000001,0.0007779925000000001,0.0007779925000000001,0.0741990005,0.39244392758,0.391943408,0.391943408,0.391943408,0.3185224,0.0,0.0,0.0,0.0,0.0,0.59299588,0.59299588,0.70397748,0.70397748,0.70397748,0.3345254,1.10333996,1.23709124,1.23709124,1.311526504,1.116631492,0.370604768,0.125871888,0.12618833406,0.10777670406,0.12390387206,0.10111603606,0.10111603606,0.10079959,0.04477595600000001,0.0,0.0,0.0,0.0,0.0,0.0,0.0,0.0,0.0,0.0,0.0,0.0,0.0,0,0,0,0,0,0,0,0,0,0,0.0,0.0,0.0
110582>110589,719,719,SFDu,Stratford,NR Great Eastern // DN,719,SFDu,Stratford,LO North London // WB,Alight-Interchange-Board,80.7414019757799,0.1537924705914,1.6378409853943,7.284417631794201,41.93783506800001,24.27929114,5.44822468,0.0,0.0,1.02739732e-06,1.90641592e-06,2.73448812e-06,3.54722912e-06,0.06089248122912,0.0928907738318,0.09289084580106,0.09289052483718,0.12936485209618,0.07517456209618001,0.04317602607306,0.06173294988520001,0.13750539677688,0.15997687277688,0.19331813077688,0.1933200288654,0.2671297860654001,0.191361009344,0.183295743344,0.165091101344,0.1650884192786,0.1141234472786,0.114139674142,0.063268165285,0.080871701285,0.080895447401,0.039546446005,0.03954712256780001,0.2014754414248001,0.2152530654248,0.3229710693088,0.3656365567048001,0.3930292520000001,0.2315903894,0.187118841,0.09237664699999999,0.103553761,0.4162113050000001,0.5830373075999999,0.6452051200000002,1.237440904000001,1.243650704,0.903579384,1.246578084,1.5288857,2.47584576,2.65532614,3.58010746,4.87144106,5.090946099999999,3.5387507,5.906016460000001,5.591045440000001,4.54931278,4.494491920000002,4.73095504,2.47870772,2.04636266,1.78457012,1.42477324,1.52152368,1.347194872,1.436086052000001,1.027789242,1.088736622,0.898099972,0.7178239000000002,0.4751245200000001,0.53804543,0.5196500500000001,0.37707314,0.7549449,0.73128786,0.57853136,0.37787176,0.37787176,0.0,0.0,0.0,0.0,0.0,0,0,0,0,0,0,0,0,0,0,0.0,0.0,0.0
110582>110590,719,719,SFDu,Stratford,NR Great Eastern // DN,719,SFDu,Stratford,DLR (Stratford route) // OB,Alight-Interchange-Board,43.85637342898799,2.486608311946,0.279469879842,9.9710666842,19.275251606,9.353431850000002,2.490545097000001,9.7924196e-06,9.7924196e-06,0.4972458524196,0.4972702552036,0.4972948617356,0.497315677384,0.497332156398,0.000129923966,0.000169655922,0.000191103274,0.000277796494,0.0003858845,0.0005827530320000001,0.0007420138320000001,0.001296258348,0.03465246106,0.03735043044,0.03971255814,0.0522061466,0.1119028182,0.1258332602,0.129973561,0.1319505504,0.121379327,0.06202077514000001,0.0149831822,0.008584400700000001,0.004379805160000001,0.002471423940000001,0.001676159,0.00154479522,0.00130432152,0.00127074318,0.0012786055,0.0406135843,0.07284581702000001,0.5347576950199999,0.6679208857000001,1.206337704,1.245723128,1.647296366,1.269543286,1.274813504,1.402563804,1.495625042,1.219398954,1.243103546,1.757926278,1.313219898,1.697918504,1.925312832,2.30394356,1.834239792,1.843229732,1.376943584,1.264389884,0.9214202579999999,0.7872406279999999,0.6582758420000001,0.655479044,0.5916984839999999,0.50604258,0.588402946,0.8029601719999999,1.041110578,0.832236138,1.006687648,0.961877532,0.700189512,0.4177374760000001,0.4945571280000001,0.292602928,0.205348296,0.1665138860000001,0.123275062,0.0489221178,0.0182326378,0.0182326378,0.0024667078,0.0024667078,0.0,0.0,0.0,0,0,0,0,0,0,0,0,0,0,0.0,0.0,0.0
110582>110592,719,719,SFDu,Stratford,NR Great Eastern // DN,719,SFDu,Stratford,DLR (Stratford Int'l route) // OB,Alight-Interchange-Board,269.62049270117,6.7226769884,8.5162984913,28.77906528800001,37.49257813347,55.30512108,132.80475272,0.95151672,0.95151672,1.0181297,1.0208801812,1.3651571412,0.4937278612,0.4937278612,0.4280208036,0.5998085304,0.5259909704000001,0.6210837624000001,0.7188714424000001,0.71868790142,0.5956306314200001,0.32541548034,0.4063476283399999,0.7115253483399999,1.03293684692,1.07284062292,1.187159326,0.9351747502,0.5346734156,0.2481424776,0.3737359836,0.4832823315999999,0.4791545274,0.523968574,0.642134278,0.7260994380000001,0.5019901379999999,0.6265189179999999,0.7638896260000001,1.49717558,1.1962322,1.43533524,1.41173609,1.43963793,0.64136185,0.90929601,1.15970231,2.45877368,2.469682380000001,3.30133796,4.020029600000001,3.530611454694,2.413298934694,2.296288702694,2.608389402694,1.854283002694,3.438966488,3.369992488,4.60528444,3.37274964,4.07729736,2.78116072,3.1442555,2.91405722,3.04717164,2.66886984,3.33260026,3.74788484,2.63634204,3.72535502,5.528520700000001,6.28614964,5.2940558,6.71525044,9.40886364,7.046932640000001,7.82540084,14.28051564,14.2226642,10.3069236,14.9374244,12.4489588,13.2900614,11.9267182,11.9267182,7.296217400000002,7.296217400000002,0.0,0.0,0.0,0,0,0,0,0,0,0,0,0,0,0.0,0.0,0.0
110582>110593,719,719,SFDu,Stratford,NR Great Eastern // DN,719,SFDu,Stratford,DLR (Stratford Int'l route) // IB,Alight-Interchange-Board,122.72416126533,0.0001288207188,0.0911698494612,13.75121698515,48.74390397,40.95244046,19.18530118,0.0,0.0,8.095824800000003e-06,1.3569759e-05,1.96765096e-05,2.63284856e-05,3.17548316e-05,2.93953082e-05,3.088554880000001e-05,3.28474132e-05,4.04726292e-05,4.513038720000001e-05,6.202210299999999e-05,6.62527582e-05,7.871264120000001e-05,9.61294572e-05,0.0001087251852,0.000107507876,0.00014321998,0.090357943482,0.188103389474,0.198689388642,0.297921717934,0.29809686824,0.20816142314,0.11038428314,0.10061591302,0.00297960582,0.14594308058,0.14564327368,0.43970495368,0.6582419048,0.857394132,0.7142086000000001,0.92711392,0.8204151140000001,0.961723914,0.760954254,1.234823394,1.0236591862,0.9582421322,0.8328420921999999,1.0125372222,0.8528172222000001,1.18689153,1.76560279,1.53031677,2.13774412,3.04437758,3.67833496,3.92371788,6.511862280000001,5.7247398,6.775176800000001,6.397868879999999,6.067270579999999,3.90299226,4.43941652,2.83775344,2.73758556,2.56445114,2.34548782,2.56158092,3.4118801,4.02813002,3.58582274,4.19741092,4.33992902,2.820073320000001,2.19547348,2.48295818,2.180191900000001,1.28515644,2.40942792,1.92548084,1.63799614,1.12427148,1.12427148,0.0,0.0,0.0,0.0,0.0,0,0,0,0,0,0,0,0,0,0,0.0,0.0,0.0
110583>110501,719,719,SFDu,Stratford,NR Great Eastern // UP,719,SFDu,Stratford,EntEx,Alight-Exit,292.7521372678,9.5852795858,5.40339912,154.73229667,83.73141543,34.9630174692,4.3367289928,0.4615002432000001,0.4663397258000001,1.5427580258,1.5427580258,1.8384806826,1.6065133826,1.6016739,0.5252555999999999,0.5252555999999999,0.22602454,0.0,0.0,0.0,0.0,0.0,0.0,0.0,0.25053222,1.89450142,2.50708534,3.08835014,4.30001074,6.631438520000001,5.209014160000002,7.09652084,6.630510960000001,7.605204560000002,5.201953566,7.722068526000001,5.368109326,7.390540606,5.421309526,7.78838912,5.11886559,7.240576989999999,5.44827991,7.46399259,4.979831116000001,6.631514846000002,4.642591486000001,8.161526166,6.129972746,8.88812562,10.57359902,10.85957474,7.136121154,7.499192914000001,5.367583113999999,3.544087014,3.427578434,4.285550420000001,5.761544280000002,9.97469888,8.678581880000001,8.773017300000001,8.4238853,7.815125900000001,3.217667720000001,3.79454806,3.68295886,4.406610860000002,2.97502226,3.0420322,2.255764834,1.923759778,0.5561113724000001,0.7608131124000002,0.5326025124,0.8120469784000001,0.7418741084,0.736160314,0.5643069079999999,0.498555532,0.24852318,0.2194683060000001,0.2194683060000001,0.186619972,0.109705388,0.0,0.0,0.0,0.0,0.0,0,0,0,0,0,0,0,0,0,0,0.0,0.0,0.0
110583>110514,719,719,SFDu,Stratford,NR Great Eastern // UP,719,SFDu,Stratford,Central // EB,Alight-Interchange-Board,89.96644751184503,1.713990327845,0.983519472,39.494925268,28.300555336,15.515470969,3.957986138999999,0.0,1.0590769e-05,0.211882790769,0.211882790769,0.3504276707690001,0.3838932887690001,0.3838826980000001,0.172010498,0.172010498,0.033465618,0.0,0.0,0.0,0.0,0.0,0.0,0.0,0.04786031600000001,0.348054516,0.382128524,0.423049356,0.486938204,1.111964788,0.937021168,1.32222482,1.333503008,1.92455716,1.36337322,1.91327112,1.50834666,1.94086592,1.322243312,1.784839832,1.16554556,1.72602196,1.28899599,1.939879158,1.381949294,2.106486966,1.594305716,2.667245106,2.007952554,2.910851138,3.333493258,3.634094328000001,2.586725636,2.838738248,2.379195248,1.810628948,1.578825282,1.764752334,1.857333994,2.737158534,2.272751564,2.40400891,2.43634231,2.58594315,1.369709758,1.591761788,1.352540148,1.570234328,1.048128208,1.4279372,1.0458930966,1.1895722966,0.7245503406,1.0278580006,0.5813426546,0.851800398,0.739166628,0.694970944,0.402621095,0.448555381,0.232687831,0.178160941,0.178160941,0.16720313,0.06465885,0.0,0.0,0.0,0.0,0.0,0,0,0,0,0,0,0,0,0,0,0.0,0.0,0.0
110583>110515,719,719,SFDu,Stratford,NR Great Eastern // UP,719,SFDu,Stratford,Central // WB,Alight-Interchange-Board,640.0633354199996,63.22689974,19.1913779,358.6298936400001,127.48682828,57.05433579200001,14.474000068,0.93178337,0.966086826,10.105346826,10.105346826,12.363751856,12.654150316,12.61984686,3.48058686,3.48058686,1.16583806,0.0,0.0,0.0,0.0,0.0,0.0,0.0,0.37875484,6.44974684,7.716451300000001,8.888423000000003,9.661255720000002,17.50525928,12.77840808,18.21781562,17.62191996,23.12908984,16.16453544,20.13249984,14.43781724,18.795219,13.2320502,15.962769,11.3289133,15.1381875,10.9976469,14.68915430000001,11.21275444,14.42383794,10.48000494,15.27816494,11.52491508,17.84329274000001,19.18595934,19.96571514,15.53454082,16.80958088,11.31651922000001,8.69049902,7.966095940000002,8.58780886,8.31057086,9.93166932,7.59862254,6.99682832,5.77837736,7.301331560000001,4.715275340000002,6.44815812,6.2531455,7.524280460000001,4.34843286,5.535119140000001,3.753165440000001,3.924360040000001,2.152823726,3.279925246,1.81831836,2.85361336,2.65916992,2.596386434,1.591201446,1.980822832,0.7945783319999999,0.6824106919999999,0.6824106919999999,0.56049416,0.07291220000000001,0.0,0.0,0.0,0.0,0.0,0,0,0,0,0,0,0,0,0,0,0.0,0.0,0.0
110583>110522,719,719,SFDu,Stratford,NR Great Eastern // UP,719,SFDu,Stratford,Jubilee // NB,Alight-Interchange-Board,436.9833968183298,54.629932244,13.33426138,180.29889609,104.77425114,70.8099641836,13.1360917807296,1.567780806,1.616493706,8.101825706,8.101825706,10.39214022,10.4775413,10.4288284,3.9434964,3.9434964,1.5967148,0.0,0.0,0.0,0.0,0.0,0.0,0.0,0.36911704,3.41567824,4.0092549,4.46561386,5.2549022,6.93624496,4.41733302,7.12350636,6.891096040000001,8.914380300000003,7.227595340000001,8.937792080000003,5.886750000000001,8.343509860000001,5.99607746,8.138176620000001,6.13441368,8.37088956,6.236747599999999,8.2366388,5.884219528000001,8.149870668000004,6.155026768000001,10.495613428,8.202607338000004,10.70834281,13.19154781,13.72059383,9.14900149,10.18144424,9.39086264,6.244244040000001,5.771855120000001,7.386887660000001,8.350199900000002,9.827964699999999,8.349110940000001,8.76285422,7.63923236,9.67585926,6.97307488,8.729070840000002,8.044100660000002,10.06230232,5.85789512,6.17006464,4.40629626,4.608582200000002,1.8080390712,2.6178859512,1.8567929812,2.0423112612,1.6722569412,1.64762687,1.00404077,1.15890924,1.34497778,1.23697606,1.23697606,1.07071528,0.72128124,0.0,0.0,0.0,0.0,0.0,0,0,0,0,0,0,0,0,0,0,6.759443200000001e-06,6.759443200000001e-06,6.759443200000001e-06
110583>110576,719,719,SFDu,Stratford,NR Great Eastern // UP,719,SFDu,Stratford,Elizabeth Line // EB,Alight-Interchange-Board,16.0374535655,1.027569156,0.3401243572,8.9882721028,2.71531437,2.1483111377,0.8178624418,0.054647786,0.054647786,0.166413898,0.166413898,0.196646882,0.166855006,0.166855006,0.05508889400000001,0.05508889400000001,0.02485591,0.0,0.0,0.0,0.0,0.0,0.0,0.0,0.014588984,0.112593636,0.1329969332,0.1329969332,0.1375963628,0.3269544188,0.2289497668,0.3507819636,0.3599035476,0.531239506,0.345994448,0.5465859879999999,0.4151041546,0.4881554046000001,0.3183791506,0.4267890566000001,0.2407904116,0.336963751,0.2734242438,0.4882854297999999,0.3785949897999999,0.5121237028000001,0.4290893320000001,0.5332269852,0.3646326932000001,0.4239125052000001,0.3977973572,0.3820699296,0.2678272186,0.2649189226,0.195422459,0.117972325,0.1115039232,0.1345231762,0.1478850002,0.2718447838,0.2429285858,0.258641774,0.319776272,0.2901532059999999,0.1608339113,0.1994480293,0.1879174331,0.1633531131,0.1300966231,0.2220573178,0.1710287924,0.1651494006,0.1242121846,0.2097667486,0.1242943778,0.1529884252,0.1743874172,0.1472069332,0.0855114572,0.08669814099999999,0.062780901,0.041381909,0.041381909,0.017522821,0.008002528,0.0,0.0,0.0,0.0,0.0,0,0,0,0,0,0,0,0,0,0,0.0,0.0,0.0
110583>110577,719,719,SFDu,Stratford,NR Great Eastern // UP,719,SFDu,Stratford,Elizabeth Line // WB,Alight-Interchange-Board,349.6351877225518,46.27873426000001,14.44221744,175.300925934,77.781494938,29.688923420552,6.14289173,2.690464200000001,2.70304452,8.231696520000002,8.231696520000002,8.972427040000003,7.0010727,6.98849238,1.45984038,1.45984038,0.7191098600000001,0.0,0.0,0.0,0.0,0.0,0.0,0.0,0.7961488000000001,5.316447599999999,6.150670799999999,7.287529600000001,10.1117512,10.9635028,7.062164999999999,7.29768886,6.541790000000002,6.3291202,5.059808580000001,6.230450180000001,5.399457900000001,7.22484466,5.01661322,5.824881640000001,4.26156228,6.388064099999998,4.54225956,10.7659922,9.86439594,11.3735645,9.32695456,11.3940146,4.811832158000001,6.008025498,6.214656698000001,7.731151038000001,5.896078437999999,8.615087280000001,8.232671320000001,6.956247280000001,5.462414760000001,6.030908160000001,5.02915636,6.56756264,6.074449673999999,5.943301194000001,5.242466794000001,4.749858594000001,2.1124182865104,2.7175424325104,2.6586513725104,3.4749031725104,2.2053837725104,2.62142214,1.98774825,2.50361251,1.25137887,1.81186175,1.59414227,1.67199822,1.04211355,1.01790679,0.45742391,0.50041381,0.36866853,0.33142,0.33142,0.33142,0.09010692,0.0,0.0,0.0,0.0,0.0,0,0,0,0,0,0,0,0,0,0,0.0,0.0,0.0
110583>110584,719,719,SFDu,Stratford,NR Great Eastern // UP,719,SFDu,Stratford,NR West Anglia // DN,Alight-Interchange-Board,77.08874165612501,5.3711772202362,1.4318475495278,38.24738816247,19.39535858678,11.8912848936294,0.7516852434816,1.0742214,1.0742258885154,1.0742258885154,1.0742258885154,1.0742336518224,1.78266328e-05,1.33381174e-05,1.33381174e-05,1.33381174e-05,5.5748104e-06,0.0,0.0,0.0,0.0,0.0,0.0,0.0,0.021701534,0.700853394,0.7092737085999999,0.7121173773999999,0.7838157174,1.3072338434,0.7675342834000001,1.4737638888,1.472479146,1.645635146,1.10070666364,1.79333262364,1.07887375894,1.48805223294,1.24327958566,2.24286628802,1.47917084802,1.83322865272,1.422533524304,2.406515031584,1.406991835944,1.672119315944,1.31789511765,2.927259046066,1.944208081466,1.945309626766,2.782466526766,2.78913798646,1.19624607046,1.33336619506,1.3320099654,0.2432665894,0.269321044,0.35819644,0.22006408,2.813167480000001,2.947362536,2.91461196,2.97860824,3.62212524,1.082652420000001,1.29636394,1.40028374,1.523533980000001,0.8800169800000001,0.931341572,0.5015139590027999,0.3978007688228,0.1052064452948,0.1276993952948,0.0227464532142,0.1594943062114,0.1593184785994,0.1592766021274,0.1367836521274,0.136781422208,3.0782208e-05,0.0,0.0,0.0,0.0,0.0,0.0,0.0,0.0,0.0,0,0,0,0,0,0,0,0,0,0,0.0,0.0,0.0
110583>110589,719,719,SFDu,Stratford,NR Great Eastern // UP,719,SFDu,Stratford,LO North London // WB,Alight-Interchange-Board,169.244416077004,10.868716351204,3.965066874000001,79.963025909,42.63218404000001,25.6116389302,6.203783972599999,0.118988141326,0.119047551306,1.623112871306,1.623112871306,2.24086320998,2.21592528198,2.215865872,0.7118005520000001,0.7118005520000001,0.09404355199999999,0.0,0.0,0.0,0.0,0.0,0.0,0.0,0.26432128,1.40989168,1.48500981,1.531024876,1.602118728,3.035504248000001,1.954217208,2.977632678,2.9382151794,4.2087289274,2.5636894594,3.6215432994,2.5766498514,4.036564004,2.858138204,3.770493732,2.712828632,4.12449962,2.86466308,4.32050098,3.47118634,4.4099737,3.15347812,4.47450254,2.878471734,4.139017914,5.739382854,5.814863034000001,4.379943982000001,4.844970788,4.077594188,2.067000488,1.988729188,2.67006384,2.75191718,3.91948858,3.58499364,3.524464686,3.008154446,3.572763686,2.148586766,3.386014486000001,3.283241162,3.848067402,2.713589122,2.612217222,1.13914896,1.176011886,0.3559104674,0.7975587674,0.5785290034,1.2519496854,1.1850759314,1.18254615,0.74134419356,0.75667483156,0.23702649156,0.22431515756,0.22431515756,0.223868814,0.17666756,0.0,0.0,0.0,0.0,0.0,0,0,0,0,0,0,0,0,0,0,0.0,0.0,0.0
110583>110590,719,719,SFDu,Stratford,NR Great Eastern // UP,719,SFDu,Stratford,DLR (Stratford route) // OB,Alight-Interchange-Board,116.710761248921,9.3541383184,3.7792689,61.53496838444901,22.548151419966,14.580948331,4.913285895106,0.6182477596000001,0.6858935996000001,0.8968168996000001,0.8968168996000001,1.68792534,1.6382176,1.57057176,1.35964846,1.35964846,0.56142454,0.0,0.0,0.0,0.0,0.0,0.0,0.0,0.062895984,0.843480184,0.951819732,1.155641972,1.221005116,2.415871932,1.767973112,2.815209704,2.643772584,4.141231299999999,2.8838216789,4.005180358900001,2.9051901749,3.5730341749,2.0891352549,3.002672876,1.815585712,2.643166956,1.980440236,2.945105556,2.045832966,2.40796719,1.560795562,2.737319962,1.693752981983,2.799782971983,4.285478051983,4.333563919983,3.185582809983,3.234967526,2.667309526,1.070749386,1.056776496,1.293632166,1.46701839,1.33188025,1.03415265,1.046036828,0.826481472,0.921248752,0.515385545,0.6143037650000001,0.772985577,1.584223373,1.266663873,2.06842194,2.0420687,1.841351522,1.142719612,1.288914106,0.522661566,0.901500886,0.8615456430212001,0.6655937530211999,0.5253567022212001,0.6299892302212001,0.2986699902212,0.2986678712,0.2986678712,0.292710428,0.14058352,0.0,0.0,0.0,0.0,0.0,0,0,0,0,0,0,0,0,0,0,0.0,0.0,0.0
110583>110592,719,719,SFDu,Stratford,NR Great Eastern // UP,719,SFDu,Stratford,DLR (Stratford Int'l route) // OB,Alight-Interchange-Board,72.47136002355097,15.582787599,0.5030394140000001,29.0636936170114,13.8396128158646,10.2879500946,3.194276483075,0.225369142,0.227084189,3.058859189000001,3.058859189000001,3.064950811000001,2.927623391,2.925908344,0.094133344,0.094133344,0.059510112,0.0,0.0,0.0,0.0,0.0,0.0,0.0,0.008489706,0.144878086,0.196028166,0.276530574,0.338505694,1.049570648,1.106185422,1.467046822,1.386544414,1.827243534,1.148321304,1.24595797,0.8339464900000001,1.43889381,0.9379157484999999,1.2864457785,0.9958059585,1.8146251585,1.3036470045,1.691356286,1.319270882,1.727705662,0.9088886529160001,1.271183026916,0.8817787695598001,1.2671264735598,1.5391975335598,1.5885609366438,1.1600218446438,1.203210838,0.8408809979999999,0.425567398,0.3762021863954,0.3702151053954,0.9461411093954002,1.6584391093954,1.6556437693954,1.816111527000001,1.7986179936,1.3986213336,0.6565451876,0.6050354875999999,0.4870272996,0.9931814659999999,0.7740619259999999,1.241541992,1.071849922,1.08232711,0.57192911,0.94138075,0.4644485102000001,0.4862806202,0.4344065066,0.4344065066,0.064968124655,0.273023544455,0.342877964455,0.341814938055,0.341814938055,0.34180168,0.13288166,0.0,0.0,0.0,0.0,0.0,0,0,0,0,0,0,0,0,0,0,0.0,0.0,0.0
110583>110593,719,719,SFDu,Stratford,NR Great Eastern // UP,719,SFDu,Stratford,DLR (Stratford Int'l route) // IB,Alight-Interchange-Board,7.946747249425999,0.329637999216,0.07508385840000001,4.3384621976,1.4119831952,1.2289285878,0.5626514112100001,5.9478432e-06,5.9478432e-06,0.0659275998432,0.0659275998432,0.0659275998432,0.065921652,0.065921652,0.0,0.0,0.0,0.0,0.0,0.0,0.0,0.0,0.0,0.0,0.0145313888,0.0264921768,0.0340602928,0.0340602928,0.0340602928,0.079442468,0.06748168,0.192948664,0.192948664,0.285887684,0.2259741200000001,0.232476208,0.099441108,0.149940892,0.05700187200000002,0.101295822,0.094793734,0.312458974,0.26195919,0.303090734,0.258796784,0.400569424,0.182904184,0.200055512,0.158923968,0.256378998,0.155570928,0.204650474,0.288790546,0.318919674,0.221464644,0.180500074,0.131420528,0.030129128,0.0,0.007270684800000001,0.007270684800000001,0.0107833788,0.0107833788,0.1487278788,0.141457194,0.163923014,0.16041032,0.177964007,0.040019507,0.104182101,0.081716281,0.081716281,0.064162594,0.064406002,0.000243408,0.022490195,0.022490195,0.022490195,0.022246787,0.022261525442,0.090137450442,0.090137450442,0.090137450442,0.090137450442,0.090122712,0.0,0.0,0.0,0.0,0.0,0,0,0,0,0,0,0,0,0,0,0.0,0.0,0.0
110584>110501,719,719,SFDu,Stratford,NR West Anglia // DN,719,SFDu,Stratford,EntEx,Alight-Exit,0.51100487,0.51100487,0.0,0.0,0.0,0.0,0.0,0.0,0.0,0.102200974,0.102200974,0.102200974,0.102200974,0.102200974,0.0,0.0,0.0,0.0,0.0,0.0,0.0,0.0,0.0,0.0,0.0,0.0,0.0,0.0,0.0,0.0,0.0,0.0,0.0,0.0,0.0,0.0,0.0,0.0,0.0,0.0,0.0,0.0,0.0,0.0,0.0,0.0,0.0,0.0,0.0,0.0,0.0,0.0,0.0,0.0,0.0,0.0,0.0,0.0,0.0,0.0,0.0,0.0,0.0,0.0,0.0,0.0,0.0,0.0,0.0,0.0,0.0,0.0,0.0,0.0,0.0,0.0,0.0,0.0,0.0,0.0,0.0,0.0,0.0,0.0,0.0,0.0,0.0,0.0,0.0,0.0,0,0,0,0,0,0,0,0,0,0,0.0,0.0,0.0
110585>110501,719,719,SFDu,Stratford,NR West Anglia // UP,719,SFDu,Stratford,EntEx,Alight-Exit,3915.551123999999,138.792865,781.5788314000001,1155.6871386,1287.7377004,423.0054957999999,128.7490928,0.0,0.0,0.0,0.0,24.86594,24.86594,39.057422,50.003563,61.3066536,42.7469544,62.8743004,63.3507704,74.69541140000003,72.69882559999999,78.1788152,69.3314152,70.95903200000002,63.753138,63.5493942,58.13412099999999,53.528775,42.9605388,37.8624768,34.9724328,37.4503892,38.13262820000001,42.437896,40.67339060000001,45.031205,46.04233620000001,48.8774726,48.17686140000001,49.55073840000001,48.42735980000001,47.65235500000001,45.7427876,46.57670239999999,47.25130560000001,48.0787522,49.2313802,54.81176020000001,58.8200282,67.06049540000001,76.33707100000002,86.097999,97.905225,114.305485,95.794217,109.750556,120.391282,134.374946,103.800514,133.454854,120.118494,105.6989032,66.0452252,78.50377859999999,56.48982460000001,43.7663506,32.85938,38.67339800000001,32.1544656,29.052375,25.10376,22.983794,22.5992464,20.9824152,19.83670780000001,22.9435928,21.6056762,21.980812,21.0243152,17.6317272,11.0257772,9.1708992,3.366293000000001,0.0,0.0,0.0,0.0,0.0,0.0,0.0,0,0,0,0,0,0,0,0,0,0,0.0,0.0,0.0
110585>110514,719,719,SFDu,Stratford,NR West Anglia // UP,719,SFDu,Stratford,Central // EB,Alight-Interchange-Board,601.2836020999999,14.6803808,96.72093964,109.64663016,257.9001232,95.68262982000002,26.65289848,0.0,0.0,0.0,0.0,2.4610082,2.4610082,4.0753696,5.682994799999999,8.302307800000001,7.26757132,8.80493236,10.57877856,11.57578256,9.4138478,8.976186279999997,8.20496108,6.020567080000001,5.776536080000001,6.10337152,5.696097200000001,5.29969608,4.491635,2.54589514,2.12068642,2.07832926,1.90319744,1.99666564,2.0432801,2.18743466,2.585165340000001,3.05209016,3.17993516,3.20721856,3.396553,3.5499166,4.06009548,4.43276928,4.84477248,6.199337120000001,6.615417800000001,7.483484400000003,8.410292680000001,10.34092888,13.62183348,15.105805,16.7570406,22.370278,19.5388824,20.7582772,26.4706408,30.3800936,22.8503084,27.5957228,25.5047162,19.0844099,11.4839483,13.5486851,9.26292518,6.29758938,5.0929384,6.531120280000001,6.337531780000001,9.5250813,9.014571499999999,8.548784520000002,9.08579184,7.935197840000002,4.502412700000002,4.0371543,4.14019772,4.17113292,4.0287063,3.81428744,3.29904004,2.58425208,0.57812768,0.0,0.0,0.0,0.0,0.0,0.0,0.0,0,0,0,0,0,0,0,0,0,0,0.0,0.0,0.0
110585>110515,719,719,SFDu,Stratford,NR West Anglia // UP,719,SFDu,Stratford,Central // WB,Alight-Interchange-Board,1155.8482615,68.7458622,424.237764,281.6978569,251.8909566,104.80320806,24.47261374,0.0,0.0,0.0,0.0,9.9934188,9.9934188,20.41797780000001,28.3410468,35.86357800000001,31.4362952,45.00839600000001,41.7889586,44.7717436,40.9256712,42.31266719999999,34.4988688,34.6011852,27.008422,25.13706740000001,20.8849108,16.57359346,11.23530706,10.18795326,10.68497146,10.31247966,11.0550532,11.1545184,11.3088002,10.610867,10.0835142,9.4871844,9.721071000000002,8.502631200000001,8.9142246,8.933237,10.1218384,9.3809938,10.6618082,13.2544156,13.933071,14.047857,15.0974968,17.4907514,18.9442186,19.5313962,21.6131632,25.0919696,20.2163216,22.4795044,25.2717256,25.9062536,19.8161486,24.0361772,19.2776946,17.13175660000001,11.5188454,14.2980426,11.5689752,11.8600038,10.2108798,12.0720355,10.0378831,9.23672064,6.378576160000001,5.092831840000001,4.32997964,4.80489534,4.91238444,4.020087788000001,3.350063,3.49112976,3.7232044,2.92591656,2.818771692,2.6914054,1.45203514,0.0,0.0,0.0,0.0,0.0,0.0,0.0,0,0,0,0,0,0,0,0,0,0,0.0,0.0,0.0
110585>110522,719,719,SFDu,Stratford,NR West Anglia // UP,719,SFDu,Stratford,Jubilee // NB,Alight-Interchange-Board,3173.0959504,263.7349972000001,617.0281242000001,726.3374844000001,948.7126936000002,494.2353214,123.0473296,0.0,0.0,0.0,0.0,52.27044600000001,52.27044600000001,74.70595800000002,84.48814720000001,96.21961620000002,50.86900740000002,70.35318260000003,57.91723260000001,62.24540940000001,55.8104144,57.08953960000001,43.4196322,39.2287296,29.3554088,29.7775398,24.7424116,21.5696328,19.3238842,18.5756142,15.9466788,16.2291642,15.1282166,18.4625546,18.93358060000001,19.3561574,20.138147,24.3237306,23.9479038,27.0111246,27.8684708,28.84323920000001,29.8075554,31.3961104,31.7934916,34.3001426,40.30831,44.93299879999999,61.10622979999999,64.142825,72.89172140000002,80.81826240000002,84.09583720000002,77.33395320000002,66.87695480000001,76.40020080000002,91.0835848,99.789636,82.26831200000002,99.3200012,85.9587704,64.0329684,40.7342124,53.04477920000001,45.334358,42.57409879999999,43.13945,48.2575538,41.8981708,43.65763080000001,39.88187120000001,32.8636916,38.18466979999999,35.412175,29.98687240000001,28.8993044,28.791046,19.63511248,18.57319688,12.89777148,8.73420308,3.39992188,2.1167734,0.0,0.0,0.0,0.0,0.0,0.0,0.0,0,0,0,0,0,0,0,0,0,0,0.0,0.0,0.0
110585>110576,719,719,SFDu,Stratford,NR West Anglia // UP,719,SFDu,Stratford,Elizabeth Line // EB,Alight-Interchange-Board,1323.413945299999,44.4166458,182.45700728,203.88312532,594.3347104,211.8456204,86.47683609999999,0.0,0.0,0.0,0.0,8.109027000000001,8.109027000000001,12.6245356,15.5740562,20.209877,17.1308618,23.2951216,24.0680576,23.7339872,20.681538,16.635793,12.4090602,7.7472133,5.92865846,5.34042626,5.276412860000002,4.161313600000002,4.235364740000001,4.07649914,3.84031416,3.59167496,3.72421014,3.79958398,4.44513156,4.01243976,4.31753816,4.14208584,4.1018515,3.90420036,5.32025574,6.652223940000002,9.98958794,10.176663,12.5959092,12.564678,14.0593434,11.3379546,14.8779072,22.1825104,31.773884,39.171657,48.06998680000001,55.86543580000001,45.05566020000001,46.88472580000001,53.09264660000001,64.55369499999999,52.29543,62.48214340000001,55.44306660000001,46.5875636,24.8326996,30.0736908,24.0256588,21.3195736,16.1343826,18.027588,14.7980976,12.2869166,11.9922906,10.6278022,16.5332348,16.8938312,19.1325536,19.4612174,20.2406912,13.71251114,13.12512674,9.25890394,5.83850214,3.05517074,1.7847128,0.0,0.0,0.0,0.0,0.0,0.0,0.0,0,0,0,0,0,0,0,0,0,0,0.0,0.0,0.0
110585>110577,719,719,SFDu,Stratford,NR West Anglia // UP,719,SFDu,Stratford,Elizabeth Line // WB,Alight-Interchange-Board,634.1002557799999,25.97073360000001,256.96192028,134.41555252,151.7305029,45.95014142799999,19.071405052,0.0,0.0,0.0,0.0,5.167940000000002,5.167940000000002,7.212381800000001,8.4224718,15.9627726,13.1755444,23.4541654,25.02805660000001,33.8958078,32.89189099999999,33.5229616,25.5632754,23.64835900000001,14.23090774,9.04481914,6.5433596,5.048030600000001,3.924373360000001,5.449598020000002,4.73837336,6.1609015,5.95721038,6.77121962,4.957086400000001,5.38522366,3.97879678,4.48395496,3.633002760000001,4.42977318,4.39230818,5.46941146,5.301230700000001,5.988795400000001,5.765580480000001,6.44513488,5.57128034,6.076671940000002,7.17929404,9.33119916,7.97710136,12.1671223,14.7689542,15.47866640000001,12.3817244,14.65507740000001,13.1009076,13.6148666,10.5721512,13.3519374,13.4068972,11.4051364,6.8270618,7.61750136,5.483667160000001,3.854359900000001,3.09007012,3.73524332,3.80350842,3.821935260000001,3.03200846,3.13436044,2.78340408,2.070091874,3.523991034,4.683680894,4.123965954,3.835618636,3.892649322,1.774371322,0.350403122,0.208292662,0.2024231400000001,0.0,0.0,0.0,0.0,0.0,0.0,0.0,0,0,0,0,0,0,0,0,0,0,0.0,0.0,0.0
110585>110582,719,719,SFDu,Stratford,NR West Anglia // UP,719,SFDu,Stratford,NR Great Eastern // DN,Alight-Interchange-Board,75.81530051591001,6.191810680000001,12.378109114096,31.946994157374,11.180077176,11.3766087218,2.74170066664,0.0,0.0,0.0,0.0,1.393436,1.393436,1.70246934,1.70246934,1.74255066,0.3534034604,1.0712489404,0.7622156004,1.1151169804,1.1498637124,1.1480468236,0.4302013436,1.3443163436,0.9968284314,1.1333509194,1.130965898496,1.615307858496,0.7053517640960001,1.236716936296,1.025409691114,1.813898740418,1.330221446818,1.832019041218,1.296087889958,1.81762247514,1.06464101314,1.27532716674,0.7949883267400001,1.258677698,0.7854511180000001,1.01303902,0.8016882000000001,1.33584326,0.93915659,1.75056023,1.59839349,2.29972845,1.7507702104,1.7329242404,0.8731693004000001,0.9395157204,0.2995762604,0.4498256900000001,0.39982147,0.475729386,0.7088408060000001,1.650091506,1.489027596,1.4994970968,1.5247666948,1.3730155748,0.3703693748,0.3961538488,0.4093704828,0.9754307287999999,0.7167083688,0.8235140987999999,0.7999707706000001,1.2520976358,0.5848598758000001,1.1921593958,1.1023035358,1.79992649,1.32411349,1.32422772522,0.7169606374000002,0.7000459213280001,0.000181821328,0.000181821328,6.7586108e-05,3.515392800000001e-05,0.0,0.0,0.0,0.0,0.0,0.0,0.0,0.0,0,0,0,0,0,0,0,0,0,0,0.0,0.0,0.0
110585>110583,719,719,SFDu,Stratford,NR West Anglia // UP,719,SFDu,Stratford,NR Great Eastern // UP,Alight-Interchange-Board,7.900326359999997,3.49416,0.9561104280000002,0.2692262069999999,1.771975842,1.330801353,0.07805253000000001,0.0,0.0,0.0,0.0,0.8735400000000001,0.8735400000000001,0.8735400000000001,0.8735400000000001,0.8735400000000001,0.0,0.0,0.0,0.0,0.0,0.0,0.0,0.0,0.027523476,0.027523476,0.027523476,0.027523476,0.027523476,0.0,0.0,0.0,0.024017872,0.024017872,0.024017872,0.024017872,0.024017872,0.0,0.0,0.0,0.0,0.0,0.0,0.0,0.018817979,0.018817979,0.018817979,0.018817979,0.018817979,0.0,0.0,0.0,0.0,0.0,0.0,0.034806308,0.177344508,0.224525658,0.224525658,0.256432146,0.3955330380000001,0.252994838,0.205813688,0.3484946880000001,0.3165882,0.142681,0.142681,0.142681,0.0,0.0,0.0,0.04823866800000001,0.06314559900000001,0.06314559900000001,0.06314559900000001,0.06314559900000001,0.014906931,0.0,0.0,0.0,0.0,0.0,0.0,0.0,0.0,0.0,0.0,0.0,0.0,0.0,0,0,0,0,0,0,0,0,0,0,0.0,0.0,0.0
110585>110589,719,719,SFDu,Stratford,NR West Anglia // UP,719,SFDu,Stratford,LO North London // WB,Alight-Interchange-Board,151.380843655,13.12404186,61.5595794,37.28070755,32.364573952,5.428865521000001,1.623075372,0.0,0.0,0.0,0.0,1.7728146,1.7728146,4.2095216,5.36889106,6.60618678,5.359227239999999,7.859729239999999,6.09260484,6.182567580000002,5.38465374,5.889387220000001,3.70054678,4.00717558,3.07296432,4.07338504,3.33115104,3.41850412,2.4936572,2.56903954,1.47528618,1.37935738,1.083629388,1.300616388,1.090284396,1.176119116,1.139102962,1.459089694,1.420395254,1.341926926,1.064876998,1.318147212,1.136080572,1.190647532,1.427376592,1.54931532,1.3601661,1.54763792,1.39378942,1.85560468,2.09005666,2.02163974,1.89085066,3.488608960000001,2.68836168,3.97582194,4.23601688,4.52845448,2.80032068,3.27853256,1.504461964,1.270915744,0.6805886640000001,0.920143444,0.515897054,0.5795581900000001,0.410997657,0.478689769,0.3376131570000001,0.363686107,0.342468767,0.4256511200000001,0.3934283280000001,0.3774876680000001,0.28324426,0.286693688,0.202231812,0.2171347280000001,0.243587008,0.237791976,0.1672843480000001,0.159362024,0.108989788,0.0,0.0,0.0,0.0,0.0,0.0,0.0,0,0,0,0,0,0,0,0,0,0,0.0,0.0,0.0
110585>110590,719,719,SFDu,Stratford,NR West Anglia // UP,719,SFDu,Stratford,DLR (Stratford route) // OB,Alight-Interchange-Board,813.068898686,43.2839268,278.248882,171.3670009,229.4077662,66.90243283440002,23.8588899516,0.0,0.0,0.0,0.0,6.875302799999999,6.875302799999999,12.9515328,16.5817884,24.8812424,21.6412534,31.06067400000001,31.40576200000001,36.55256179999999,30.9402084,30.2384998,23.2101886,18.791715,11.378531,9.583603800000002,8.5646418,7.639069600000001,6.44331616,6.78551016,6.96514056,6.55977862,6.36245802,6.25139134,6.07139768,6.986966880000002,6.34532862,6.84210322,7.13900582,6.59709468,5.73890182,6.44488322,6.59690562,6.28310034,6.12137054,6.2739,6.754923599999999,6.829583600000001,8.439400599999999,10.5422366,14.3532336,16.91356900000001,17.43855940000001,19.72748,16.8022132,20.1378918,20.5799302,24.75404300000001,20.1761838,25.188199,19.614297,17.3830883,10.6923115,11.1317289,7.50122844,5.93808274,3.41976138,4.12165018,4.39352062,4.44229728,4.16512238,5.79053744,6.092346840000001,5.398701997200002,4.5074546372,4.2366834172,3.3266180172,2.6581696972,4.08094036,3.54189632,2.79850494,1.77566354,1.44041366,0.0,0.0,0.0,0.0,0.0,0.0,0.0,0,0,0,0,0,0,0,0,0,0,0.0,0.0,0.0
110585>110592,719,719,SFDu,Stratford,NR West Anglia // UP,719,SFDu,Stratford,DLR (Stratford Int'l route) // OB,Alight-Interchange-Board,1016.1612294,78.791928,165.127055,214.6924693,294.171164,186.461118,76.9174951,0.0,0.0,0.0,0.0,16.212114,16.212114,20.6251512,25.7425488,34.1122884,18.96395710000001,22.84705570000001,19.8648321,16.4865379,9.391038900000002,8.845790800000003,6.7538692,7.853744200000001,6.927605199999999,6.45289844,6.627437060000003,6.154455120000002,3.95049344,5.20112484,4.92689002,6.870702199999999,5.979295539999999,6.3437745,4.79869386,5.70819918,3.729908060000001,7.013658060000001,6.884652680000001,7.563609120000002,7.759621780000002,9.147635099999999,6.68828736,8.76287686,10.35894806,11.77814546,14.41695166,16.795549,17.5977582,18.8260816,17.4351576,15.8044286,19.3064426,29.4351542,25.413288,26.78012660000001,30.5486962,28.5928094,15.0250986,24.73429740000001,27.02922240000001,28.3387576,23.1628424,28.2921076,20.2604988,17.0454756,9.75906748,15.20105328,11.46905694,13.32540694,12.08320644,13.53259236,10.25393636,18.31394550000001,16.9247707,20.521907,18.53225854,17.62358686,8.81359986,6.668834660000001,2.20806806,1.90194912,0.6472910000000001,0.0,0.0,0.0,0.0,0.0,0.0,0.0,0,0,0,0,0,0,0,0,0,0,0.0,0.0,0.0
110585>110593,719,719,SFDu,Stratford,NR West Anglia // UP,719,SFDu,Stratford,DLR (Stratford Int'l route) // IB,Alight-Interchange-Board,54.69937549429,0.239545428468,10.093105650766,20.852194494176,13.8490656826,9.35759301324,0.30787122504,0.0,0.0,0.0,0.0,0.0090798036,0.0090798036,0.1106843376,0.110701483668,0.4896613836680001,0.707140140068,0.7239806140680001,0.6224139792100001,0.6324642401420001,0.350409864142,0.127079217542,0.152421343542,1.0836148444,1.6950610374,1.598304309992,1.910554676592,1.869453806732,0.938610157512,0.419333937512,0.71424124092,1.28249896092,1.28434744918,1.2941484672,1.21044968,0.9224759254000001,0.5224430054,0.532477647,0.5762801182,0.6475603254,1.61161618,1.40727612,1.3951478244,1.3454579584,1.25656026324,0.2871679354400001,0.03060475744,0.03240403044,0.38015765644,0.4388843616000001,0.4525966854,0.4625945554,0.588802312,0.403638812,0.343991002,0.6029982060000001,0.6300269740000001,2.11261318,1.94572168,2.32444348,2.053494992,1.9960851446,0.3846553446000001,0.6429858046000001,0.4638422046,1.0036701726,1.00174352208,1.0021356846,0.74419676398,1.09642950398,0.5718005439800001,0.8456034619000001,0.8454602332800001,0.8455334438400001,0.2941916738000001,0.2763019898,0.0034715894,0.0068552085,0.006431075476,0.005961905516000001,0.005135669515999999,0.003673169916,4.061691600000001e-05,0.0,0.0,0.0,0.0,0.0,0.0,0.0,0,0,0,0,0,0,0,0,0,0,0.0,0.0,0.0
110588>110501,719,719,SFDu,Stratford,LO North London // EB,719,SFDu,Stratford,EntEx,Alight-Exit,7682.161238,152.0232084,1776.7507844,2265.5969122,2374.108332,800.38701,313.294991,0.0,0.0,0.0,3.7959588,9.6733804,24.0266884,48.82536440000001,65.70181640000001,90.43812159999999,106.362242,113.674464,131.175068,168.259266,171.764652,180.902496,195.572214,183.27872,161.473838,140.367589,133.4821138,111.7077408,97.0134268,81.3232288,83.9749928,77.74561,79.386915,79.67497900000002,80.47068700000001,88.18175600000002,91.07012600000002,96.40345000000002,98.11437400000004,101.099934,96.71381,93.3197428,90.7823608,91.200656,91.472504,90.428616,90.9367812,92.05845720000002,105.699042,117.49354,139.324182,146.844254,173.762276,192.139754,188.483482,190.42114,225.605548,233.363308,215.909978,234.726034,224.560986,192.330718,155.960854,137.293126,107.2632672,88.3356004,72.645838,62.841965,57.0003442,48.190179,47.7431124,45.9881922,44.3688532,44.66299920000001,44.0535332,44.251313,41.7301812,41.4269882,40.86130220000001,38.3311126,32.97205080000001,27.795024,21.095713,13.5831138,8.0898254,3.1583668,0.0,0.0,0.0,0.0,0,0,0,0,0,0,0,0,0,0,0.0,0.0,0.0
110588>110514,719,719,SFDu,Stratford,LO North London // EB,719,SFDu,Stratford,Central // EB,Alight-Interchange-Board,2657.995245900001,19.7334803,217.0593782,534.7356540000001,1194.6852384,468.7247276000001,223.0567674,0.0,0.0,0.0,0.36142978,1.37018898,2.19270918,6.357978579999998,9.45117378,13.84144,15.405538,17.4437996,19.5024464,23.4178586,22.2099236,22.2708928,22.7275602,19.02847460000001,14.7883912,13.2727836,13.1502696,11.6258866,11.4764686,11.2601056,11.7618398,12.1559242,13.0119366,12.8362882,13.0034156,13.94887,15.005716,15.2364536,17.0575306,18.7852882,20.0304316,21.082674,24.4645864,27.092658,29.229148,31.3204294,33.8373162,36.32197960000001,41.8304498,43.77135180000001,48.5889056,56.63518260000001,72.8952634,86.2887984,95.67157840000002,103.1469208,119.4741918,124.868781,119.097661,123.421963,117.327084,99.465415,76.392399,64.723377,53.370828,47.6825588,41.61721080000001,40.1157088,36.9340374,32.0061928,32.87772080000001,30.6456898,29.137554,30.1076968,29.5061526,28.1473452,29.5087288,29.5095212,30.4734628,28.8772928,26.2784184,19.9741106,15.65491,8.791721,5.038308799999999,0.8029478,0.0,0.0,0.0,0.0,0,0,0,0,0,0,0,0,0,0,0.0,0.0,0.0
110588>110515,719,719,SFDu,Stratford,LO North London // EB,719,SFDu,Stratford,Central // WB,Alight-Interchange-Board,1437.6763478,32.44336584,500.61811576,403.4722750999999,293.4612192,134.83577666,72.84559524,0.0,0.0,0.0,1.0388692,3.688542,4.86811648,9.69548588,13.15235228,17.90875668,23.41915988,31.2213222,40.1005108,52.98996440000001,56.275792,58.267154,58.04508440000001,51.55541780000001,41.97713140000001,36.0900244,32.7677978,26.5171534,20.76901734,17.59547334,18.64197054,16.04325654,16.01082254,17.63232140000001,16.96600500000001,16.3301832,13.8504704,13.5346414,13.4361196,13.0284464,11.6882848,11.3412958,13.4237454,13.3064544,14.5128274,14.9854244,17.60429580000001,16.8582234,21.4586226,22.2224986,25.7147214,25.8856864,26.8075066,25.51731340000001,25.9101798,24.3155268,24.268753,27.548247,24.372612,24.1922784,22.7820906,23.2522436,18.6087816,17.33685659999999,16.7641534,16.7587584,14.9684043,13.5472473,13.5344965,10.53128196,8.180350160000001,6.431624860000001,5.590093120000001,5.35258446,5.839925600000001,6.988059799999999,8.477416999999999,8.863379940000002,9.1582024,9.174823199999999,9.591119599999999,7.26916818,6.09090478,4.30925438,2.67792838,0.24533758,0.0,0.0,0.0,0.0,0,0,0,0,0,0,0,0,0,0,0.0,0.0,0.0
110588>110522,719,719,SFDu,Stratford,LO North London // EB,719,SFDu,Stratford,Jubilee // NB,Alight-Interchange-Board,3824.235266299999,68.46595839999999,627.032872,946.0987576,1282.404164,642.9551812,257.2783331,0.0,0.0,0.0,3.2742568,7.8109774,11.5503542,19.9794672,25.8509028,36.576148,39.18984099999999,44.2840602,52.9796332,71.4791436,65.42488080000001,68.96853,71.5386328,61.3415262,41.31066920000001,38.2956672,35.6441398,30.45552360000001,27.2542672,29.3009694,29.3979842,26.71954,26.8187534,29.5660792,28.191152,28.4808816,30.2951358,33.3555422,36.98018680000001,44.1274008,45.0394204,47.6014246,45.22486980000001,46.56463340000001,41.7339394,39.56028679999999,38.9614166,46.40215300000001,52.9937,62.17331800000001,78.90017940000001,84.526054,98.22648,112.862584,115.129224,116.17361,128.351788,128.975634,110.429346,110.619978,106.598986,93.126704,77.38377600000003,74.53732360000002,69.4386084,59.5621464,54.90124640000001,53.3802792,51.6317916,44.19969480000001,45.98233020000001,49.47327620000001,45.98058880000001,45.44887240000001,48.41902320000001,49.06113060000001,40.93873600000001,40.5789918,37.99178920000001,30.35628060000001,22.0215761,18.33824346,10.69141426,4.28585326,2.51674906,0.49756876,0.0,0.0,0.0,0.0,0,0,0,0,0,0,0,0,0,0,0.0,0.0,0.0
110588>110576,719,719,SFDu,Stratford,LO North London // EB,719,SFDu,Stratford,Elizabeth Line // EB,Alight-Interchange-Board,2935.5554125,35.9739606,319.9412046,533.5286953,1348.497984,498.0616878000001,199.5518802,0.0,0.0,0.0,0.9214600000000002,3.1102406,5.633814000000001,10.0005758,16.3078702,21.910011,25.711876,28.8708866,34.1313188,36.56687940000001,33.93962979999999,31.529765,30.6320722,24.0410454,19.0772878,16.787011,16.7434216,13.6030442,14.904058,13.5294906,15.0261416,13.9211652,14.9760638,13.2853474,14.1040486,15.5587722,16.3024416,16.0953237,16.5530451,17.6217721,18.5498483,19.0271365,21.5414196,22.3732082,26.0751114,27.00498019999999,31.7643996,32.6351646,41.2980266,41.2022296,56.5764566,62.7889426,82.18984800000001,102.0935054,116.277929,118.957853,138.443477,144.377495,129.310861,131.136393,125.712324,108.39857,88.81078600000002,80.3899,66.2285048,54.48273440000001,45.3376312,38.63102060000001,36.813979,35.4691868,32.7419306,29.41949439999999,29.45269140000001,26.1832746,22.91134000000001,23.4060386,23.0553394,21.4036638,24.4505462,24.4455242,24.2055282,21.5571818,18.257789,11.282391,6.157515000000001,1.330363,0.0,0.0,0.0,0.0,0,0,0,0,0,0,0,0,0,0,0.0,0.0,0.0
110588>110577,719,719,SFDu,Stratford,LO North London // EB,719,SFDu,Stratford,Elizabeth Line // WB,Alight-Interchange-Board,1101.47951808,36.9439349,464.9440452,227.4755288,258.1553304,80.45633964000001,33.50433914000001,0.0,0.0,0.0,0.6871799000000001,3.478285100000001,5.366152300000001,10.8592403,16.5530773,23.4864998,26.6106678,33.29529580000001,41.5800278,49.3710128,47.8343276,45.7707704,49.5161932,45.6260686,37.2418382,33.081438,31.5299052,20.2888802,12.5464752,8.83596492,8.407050980000001,7.83970798,8.60012438,8.72580678,8.77797162,8.4854695,8.6274279,8.8005757,8.01664942,7.953704060000002,7.75338564,7.48676864,7.08763824,7.59748972,8.00723432,8.591136099999998,8.5854977,10.2018169,10.6171452,11.6287614,14.0128463,14.6667135,17.59625950000001,20.7605618,25.1345842,24.62542400000001,29.84064960000001,28.7900496,25.4641942,22.22613620000001,20.7806254,15.4463486,12.8237838,11.7652693,9.5381465,8.353661500000001,7.460262020000001,7.05884242,6.31826062,5.562553620000001,5.552275520000001,5.3062304,3.92330466,4.24485084,5.37268224,5.66999268,5.379026400000001,5.643919140000001,5.98856206,4.01006858,2.95537445,2.267642376,1.303067776,0.185301776,0.08216765599999999,0.019216246,0.0,0.0,0.0,0.0,0,0,0,0,0,0,0,0,0,0,0.0,0.0,0.0
110588>110582,719,719,SFDu,Stratford,LO North London // EB,719,SFDu,Stratford,NR Great Eastern // DN,Alight-Interchange-Board,198.3020752116,4.288621281599999,19.865956044,103.30546782,34.344806676,29.28963027,7.20759312,0.0,0.0,0.0,0.00110250032,0.90118136032,0.90118136032,1.14994308032,1.33521298032,1.45406418,0.69822242,1.1168577,1.44387866,1.51677086,1.61302734,1.73850348,1.50514615,2.16104453,2.03946974,1.845708512,2.733262472,3.530194882,2.672907102,3.076613432,3.079767392000002,3.041631272,2.206591072,1.989588592,3.310816552,4.5006832,3.402091128,3.356076568,4.843779768,4.468258048000001,3.494651948,3.77517598,6.19015418,6.34026818,5.516332800000002,6.503179599999998,6.60542528,6.533273680000002,5.481216099999999,4.996645792000001,4.390145272000002,4.332161612000002,3.321163772,3.493664872,3.62851354,3.088892288,3.142533128,2.724605088,2.090499208,2.093871368,2.47047568,2.35160476,1.60682136,1.61405088,1.382535032,1.224438152,2.154434292,2.762477872,2.723738592,2.74202936,3.87199394,3.19424234,2.41101841,2.51256623,2.69610517,1.35109145,1.08545859,1.21428462,1.05378104,0.7677521600000001,0.7711935880000002,0.5044869280000001,0.280568328,0.08948820800000001,0.08948820800000001,0.0,0.0,0.0,0.0,0.0,0,0,0,0,0,0,0,0,0,0,0.0,0.0,0.0
110588>110583,719,719,SFDu,Stratford,LO North London // EB,719,SFDu,Stratford,NR Great Eastern // UP,Alight-Interchange-Board,32.13882160592928,2.09845584,1.803590668,15.8984814152,10.72101740731328,1.15193940929372,0.4653368661222901,0.0,0.0,0.0,0.0,0.52461396,0.52461396,0.52461396,0.52461396,0.52461396,0.0,0.0,0.0,0.0,0.0,0.0,0.0,0.0,0.27501796,0.345615144,0.658343604,0.926042124,0.997326614,1.308505894,1.337113674,1.380635114,1.207078584,1.520042374,0.97391764,0.983113076,0.6638835700000001,0.6032919000000001,0.274806214,0.26347826,0.23134884,0.223775178,0.3669263380000001,0.455756964,0.4452314700000001,0.425447436,0.4221505900000001,0.327734682,0.211655912,0.193436854,0.1557821132,0.3350931472,0.3569502891999999,0.7730917792,1.0140253392,1.225119914,1.357292634,1.47820044,1.09573956,1.02277872,0.8037904309999999,0.741992671,0.51694248251328,0.454747702717,0.28677520732506,0.2758369393021,0.0139135463021,0.01391346967548,0.01391318947176,0.01391314037192,0.0139130917899,0.0127814097899,0.01278115490324,0.01278129207674,0.02666926556852,0.02666921391394,0.01388853088333,0.01388853088333,0.09328855770983,0.079400498857718,0.079400487979918,0.079400366010528,0.079400366010528,2.02010528e-07,1.1186264e-07,0.0,0.0,0.0,0.0,0.0,0,0,0,0,0,0,0,0,0,0,0.0,0.0,0.0
110588>110584,719,719,SFDu,Stratford,LO North London // EB,719,SFDu,Stratford,NR West Anglia // DN,Alight-Interchange-Board,169.6727407266055,8.4318023895196,55.26632850037483,29.00883141560948,56.98352150146162,17.77417204764,2.208084872,0.0,0.0,0.0,0.0020941148,0.5471461747999999,0.5471638081372,3.6676902081372,3.6677080836452,4.9890359688452,4.5398474248452,5.415162991508,2.514754691508001,8.300714016,7.158265076000001,7.062401942942341,6.328351228942339,6.209751020942341,0.46988454294234,0.2889122394207,1.98924735647836,1.91095622647836,1.92065695447836,1.91904689047836,1.91948731184,0.27169978584,0.51473090984,0.44255510584,0.41650498064,0.4487746028,0.8911496888,0.5870790504,0.8816616744,1.0172986216,1.0816136456,0.8408107256000001,1.203621444,1.017515724,1.343748324,1.55632622,1.5126078,1.15882629,2.02872191,1.5484054244872,2.5750321044872,2.3826718884872,4.936869638487202,6.546523198487201,6.546519603999999,5.226580053999999,7.22078415,6.38552835,3.75845945,4.71959025,4.823908826,2.811663226,1.624422866,1.6317942648,1.9490472648,1.828537631528,2.423157091528,2.126127651528,2.334243012728,1.087211878728,1.354864806,0.84598518,0.8309399,0.6520568760000001,0.71020649,0.6568291500000001,0.59537571,0.36476779,0.328164054,0.238661774,0.024286394,0.0,0.0,0.0,0.0,0.0,0.0,0.0,0.0,0.0,0,0,0,0,0,0,0,0,0,0,0.0,0.0,0.0
110588>110590,719,719,SFDu,Stratford,LO North London // EB,719,SFDu,Stratford,DLR (Stratford route) // OB,Alight-Interchange-Board,885.6264440399999,14.04465894,242.80548216,194.4545183,264.8716305,111.1329218,58.31723234,0.0,0.0,0.0,0.28271282,0.95922806,2.17019166,4.85455966,5.77796674,9.35576272,11.23150408,13.66660368,19.79355688,29.545207,30.7932582,32.169418,31.462503,24.3244054,16.7140054,12.9532936,10.7959642,9.30575866,9.20413578,6.95950178,6.83106198,6.18507398,5.894139920000002,6.222059400000001,6.415394999999999,7.475877800000001,7.569893,7.42111836,6.452526100000001,6.90661858,5.62915778,5.53913332,6.004055460000001,6.347227820000001,6.59732534,6.479660140000001,8.2891698,10.3705881,12.628416,14.6609008,19.0657234,18.8599117,21.1544795,23.7337765,24.3040611,24.0594535,26.9383734,25.5978292,22.7812844,22.6729882,20.5639562,18.5612536,15.6442632,14.4335052,12.1420954,10.26667548,8.31039368,7.88567596,7.836170559999998,7.55855996,7.97179468,7.91691548,8.563093199999999,8.9257674,9.3222748,9.611427599999999,9.5384904,8.83220374,7.69052322,6.53343942,5.695148340000001,4.260566108000002,3.152785168,1.897374488,1.014949288,0.090324568,0.0,0.0,0.0,0.0,0,0,0,0,0,0,0,0,0,0,0.0,0.0,0.0
110588>110592,719,719,SFDu,Stratford,LO North London // EB,719,SFDu,Stratford,DLR (Stratford Int'l route) // OB,Alight-Interchange-Board,1306.507786750001,31.16855239,223.74364748,307.94856828,409.2291288000001,221.578383,112.8395068,0.0,0.0,0.0,1.1899146,3.213095800000001,3.328237930000001,9.90941093,13.52789313,16.10301293,22.24425773,23.61142408,24.74113708,25.90806068,23.60110562,18.68499922,19.25655314,13.65449314,12.26960534,11.34404386,12.32495466,11.24757746,10.81982726,8.171485500000001,8.60516256,6.157134560000001,6.6031475,5.90583596,7.81591832,10.1339642,9.62905794,9.79527288,12.23908062,11.62562262,11.77397122,12.52971628,14.1265528,12.7491322,14.8293278,17.3036584,16.9109112,18.6694866,22.9435764,21.56245,25.800698,28.8152782,32.9928792,33.367164,35.1035192,32.229744,38.5825432,37.63633520000001,35.7706092,40.14657860000001,34.977622,31.579083,28.027773,26.52818700000001,23.2125306,23.4213202,19.6657268,18.4499138,19.5292624,17.7528748,18.1186492,15.5043803,14.9239973,12.1299333,12.3416073,11.5259427,15.8816552,13.89510152,14.33630592,16.03328552,15.09214532,9.57876326,8.737304940000001,6.677601940000002,1.00079794,0.08060254,0.0,0.0,0.0,0.0,0,0,0,0,0,0,0,0,0,0,0.0,0.0,0.0
110588>110593,719,719,SFDu,Stratford,LO North London // EB,719,SFDu,Stratford,DLR (Stratford Int'l route) // IB,Alight-Interchange-Board,94.67006067985481,0.03954402128568001,7.64592414080612,27.92595377576301,27.70591133200001,15.83236679,15.52036062,0.0,0.0,0.0,3.523045e-07,9.304569e-07,1.74460836e-06,3.411957960000001e-06,0.03953758195796001,0.03953885630656001,0.03953887079036001,0.03953998181000001,0.1566823944604001,0.5568908844604,0.7554295578073001,1.1185333851711,1.32272638,1.249587464,0.967063824,0.8055066959999999,0.594885846,0.5414333980000001,0.4974311101522,0.6801180501522002,0.8226770261522002,0.7418782881522,0.8248914761522002,1.13328132,0.7933797274004001,0.7026561654004001,1.0940283734004,0.8918847554004001,0.7089690634004001,0.8271944160000001,1.18524129,0.98146481,1.331578428,1.43036542,1.829885900000001,1.61331434,1.78068212,1.92629802,1.850062886,1.904466446,1.832770946,2.406937006,2.209016466,2.6192823,2.30901854,2.50624236,2.3380565,2.49142948,2.1483288,2.2426922,2.4518903,2.0877772,1.89524018,1.91982876,1.80899436,1.46839514,1.21166376,0.9981252120000002,0.841834346,0.9024690459999999,0.8014032459999999,0.9523270659999999,1.491177234,1.56174318,1.87440544,2.01184786,1.900391,1.67442092,1.73503878,1.66682912,1.937098,1.68584698,1.29624846,1.0815729,0.5310666,0.0,0.0,0.0,0.0,0.0,0,0,0,0,0,0,0,0,0,0,0.0,0.0,0.0
110591>110501,719,719,SFDu,Stratford,DLR (Stratford route) // IB,719,SFDu,Stratford,EntEx,Alight-Exit,4053.672792600001,56.0772772,503.2108088000001,1320.6745826,1464.053664,521.3703708,188.2860892,1.1323719,2.1104866,3.0903143,4.357229820000001,8.20650582,9.79594502,11.97891532,15.40550842,20.5438075,24.7188215,30.0117924,39.7734854,48.27735460000001,52.5119486,51.5433754,53.59376300000001,50.874121,47.20096179999999,40.50366720000001,43.65771040000001,44.4073508,42.6649654,42.0307498,46.85602220000001,46.91014920000001,45.8078422,46.99202639999999,48.09850220000001,50.49874580000001,50.5196828,51.2698706,52.3858098,54.12610080000001,53.38224279999999,52.9507094,54.72079000000001,55.10645400000001,57.76511,61.76303120000001,66.2688516,68.7741662,71.63490420000002,72.2371602,83.503345,92.581694,103.796758,109.076674,126.086848,129.814866,138.16049,134.233462,142.900964,135.943218,127.922986,113.476126,110.059578,95.79628100000001,81.13205580000002,63.89059540000001,56.69417080000001,43.51148860000001,35.0719482,29.0511952,28.7350582,22.8593088,22.3615284,21.5616932,20.70504720000001,20.8217636,20.864395,19.6445316,19.2532192,19.2246358,17.417528,17.33764900000001,14.6602926,12.2494116,10.3597964,8.2117212,3.9849188,2.9530272,1.3031992,0.0,0,0,0,0,0,0,0,0,0,0,0.0,0.0,0.0
110591>110514,719,719,SFDu,Stratford,DLR (Stratford route) // IB,719,SFDu,Stratford,Central // EB,Alight-Interchange-Board,2069.2507709,15.49121896,138.25934144,397.5910027,946.2574456000001,432.924902,138.7268602,0.0,0.0,0.8917236000000002,1.14905814,1.74249768,2.87503142,3.81361156,5.019296560000001,7.52226462,10.04644528,12.65537694,16.5440906,17.142216,16.668262,14.8394418,12.8873124,9.507853660000002,8.060151580000001,6.186186180000001,6.199740380000001,6.56322018,6.045338020000001,6.653089700000002,7.565936440000002,7.94201284,7.691059040000002,8.557686740000001,8.61618394,9.6223494,10.1433316,12.214555,13.8565478,14.9140572,15.5104188,17.0280864,17.31981720000001,18.617462,21.648806,27.414072,29.6248938,31.0525538,31.5432212,31.3505448,36.0957588,43.9080326,53.82379920000001,62.1515476,77.72536579999998,85.8642748,92.5054228,95.471328,101.697344,94.0087072,85.0896312,78.2536132,75.75837920000002,64.9952868,57.90390160000001,49.03146080000001,44.146984,33.981244,30.202679,28.3441846,31.4491682,26.1502324,24.2810212,21.7257652,20.7129742,17.744062,16.0016704,15.6013248,15.5738527,15.1642481,13.7681243,13.2853238,10.888766,9.0178673,5.6947033,3.1691265,2.0324252,0.7853658000000001,0.0,0.0,0,0,0,0,0,0,0,0,0,0,0.0,0.0,0.0
110591>110515,719,719,SFDu,Stratford,DLR (Stratford route) // IB,719,SFDu,Stratford,Central // WB,Alight-Interchange-Board,1253.80598664,46.9859775,383.1466166,390.7952146000001,250.9531218,122.56872644,59.3563297,1.07930308,2.24834938,3.18433318,3.953085380000001,6.464183380000001,8.420131900000001,9.088495600000002,12.5480956,18.26632840000001,27.814916,34.2863544,42.2815494,45.51655360000001,44.7924634,38.913578,34.726285,29.6020574,25.1068812,21.745851,20.0937988,19.0534202,17.61528060000001,18.6452584,20.0225818,19.0531658,17.4257882,17.8133354,16.79970680000001,16.2522994,15.1919206,15.0350434,13.7064424,13.0101606,11.8368398,12.5334728,13.1512374,13.7238944,13.8294696,19.8750228,18.4941278,18.372655,17.4321324,18.5949362,13.3270228,16.4156356,16.3918974,18.2633774,18.7899736,21.3767068,22.697475,24.4051968,24.9584336,24.98474700000001,23.4198934,19.8685494,19.3812358,18.0057508,15.1675614,13.0079698,13.4538472,10.8501786,9.2628614,9.0509418,8.28364532,6.20042742,6.1549025,6.430951,6.699689200000001,7.21680188,8.267165980000001,8.634591499999999,8.3878895,7.828125020000003,7.326807820000001,5.298933548,3.392976148,1.940396648,1.004764128,0.057877528,0.0,0.0,0.0,0.0,0,0,0,0,0,0,0,0,0,0,0.0,0.0,0.0
110591>110522,719,719,SFDu,Stratford,DLR (Stratford route) // IB,719,SFDu,Stratford,Jubilee // NB,Alight-Interchange-Board,997.2197078,29.82709574,202.6177355,302.89633676,274.5278954,132.37825638,54.97238802000001,0.5060823400000001,1.00170664,1.89935498,2.35657998,4.411387980000002,5.74500584,6.43284826,7.47412972,10.68892512,13.73161092,16.49088752,21.229752,23.746783,23.8896166,21.4990664,19.8672184,16.5260372,14.0503954,11.21644894,9.680994,8.12863484,7.43631824,7.588930840000002,8.3257041,8.75114624,9.848678999999999,10.0452856,10.8315744,11.8357377,12.7788567,12.8000743,13.4335153,12.8905791,12.6360558,13.015618,14.1894986,14.6054222,14.7293012,15.6706898,17.8553442,17.3998426,16.1773722,15.9282958,15.99386,14.1534056,15.0190584,16.9233682,20.994034,22.24126,24.6134424,25.18018540000001,27.9203954,27.6113412,27.9361222,25.9467052,25.9885774,23.0627408,18.42763840000001,13.8300515,13.5452707,10.9268956,8.899971400000002,8.668905200000001,9.299158900000002,7.3515421,6.500328560000002,5.79573268,6.07002054,6.23757506,6.04121734,6.16502698,7.188810760000001,7.466669900000001,6.727589720000001,6.068333780000001,4.687945780000002,2.76466468,1.06598788,0.55856614,0.0,0.0,0.0,0.0,0,0,0,0,0,0,0,0,0,0,0.0,0.0,0.0
110591>110576,719,719,SFDu,Stratford,DLR (Stratford route) // IB,719,SFDu,Stratford,Elizabeth Line // EB,Alight-Interchange-Board,1806.917250800001,36.55677332,143.4570107,396.65654778,710.4753936000002,365.088751,154.6827744,0.24656946,1.7019808,2.95033952,3.800231920000001,5.945964320000002,7.11694166,6.464046980000001,8.33069866,10.44382266,12.34374826,14.88599946,18.8293652,17.935829,17.1952804,13.97305514,11.36310734,7.60848534,6.702862440000001,5.3165925,6.858862960000002,7.65358856,8.696288560000001,8.55538518,9.76249832,9.20737412,10.16614112,10.14048352,11.8680206,11.162693,12.3038334,11.6717852,12.954493,12.9435164,15.8266122,16.4981632,18.8918074,18.8550348,21.94981060000001,22.6576388,25.273175,25.6090976,28.3608586,28.736263,36.9119856,38.793686,43.0888954,47.2849654,57.70431480000001,60.01833560000001,69.7098754,72.27024859999999,76.14659460000001,70.56149920000001,63.09794940000001,54.8931826,56.9058466,52.07781000000001,50.14561640000001,45.06069660000001,42.56602960000001,33.1232922,28.8578922,23.7879588,22.8006516,18.9438366,17.747392,15.49084,14.486735,16.0135488,15.1583634,16.5486694,17.3619498,15.3780199,16.40795150000001,15.9906051,11.1703731,10.2086981,9.34658066,4.906961260000001,2.92369506,2.92369506,0.34366326,0.0,0,0,0,0,0,0,0,0,0,0,0.0,0.0,0.0
110591>110577,719,719,SFDu,Stratford,DLR (Stratford route) // IB,719,SFDu,Stratford,Elizabeth Line // WB,Alight-Interchange-Board,1636.956094620814,65.8644871,592.9078532000001,443.4395598,368.444361,148.41447947,17.885354050814,2.5717234,2.85844942,5.78988702,6.1816055,8.618944500000001,8.1944479,13.95435848,17.69507088000001,26.2796432,30.303991,38.8047462,53.2353336,66.5287876,69.1732028,69.0307196,71.53541240000001,56.319042,44.7115564,35.47764940000001,31.507769,21.6299874,20.2569782,16.0446392,16.8510516,18.128735,18.298658,18.8035066,18.268183,18.2281399,17.62081180000001,18.3216856,16.5053274,15.3215114,14.9461243,15.3702578,14.5394474,14.7377248,16.7929072,20.5389892,22.5030762,22.4888086,24.120522,21.4442598,21.6782274,22.2341112,26.2939766,26.4292006,29.2889672,32.3161044,34.54806439999999,32.0049724,34.19954420000001,35.8492636,33.3101416,30.2078166,31.7621982,28.9187552,26.46815280000001,19.37612989,16.78628789,12.21801529,10.09923989,8.526796489999999,8.81477552,6.432528799999999,5.040359860000001,3.78250934,1.950928500000001,1.82565144,1.791225812,1.816335672,1.598990592,2.394801832,2.228881452,2.30687134,1.8704440021628,1.5717366021628,0.3155060021628001,0.1649013221628,7.9821628e-06,0.0,0.0,0.0,0,0,0,0,0,0,0,0,0,0,0.0,0.0,0.0
110591>110582,719,719,SFDu,Stratford,DLR (Stratford route) // IB,719,SFDu,Stratford,NR Great Eastern // DN,Alight-Interchange-Board,140.4912608378874,1.1125798161154,7.650273155384001,52.91425375600001,47.99213088000001,25.363560434,5.458462796388,7.997158800000002e-07,0.02309724491588,0.10388478491588,0.10388478491588,0.10388817809988,0.253508448384,0.298251403184,0.2260641719840001,0.258233809984,0.2983925168,0.5624382468000001,0.8134991668000001,0.8589484340000001,0.912550744,0.8816160330000001,0.477600531,0.467173211,0.5237250489999999,0.437953101,1.158142312,1.542092794,1.23865373,1.555717076,1.59732518,1.441083,1.0535387696,1.5491332136,1.1396661196,1.6598412156,1.1966735096,1.58143202,1.102596156,1.96595009,1.458817804,2.38359417,2.16386515,3.527784834,3.045662634,4.632706720000002,3.71396449,4.364301170000001,3.25511421,3.476981830000001,2.26775787,2.99802782,3.0102779,3.385185980000001,4.10464786,4.460203400000001,4.497621400000001,4.679062200000002,5.05330288,4.328243980000001,3.95971704,3.935825840000001,3.580014580000001,2.63851991,2.39576191,1.97626227,2.13785547,2.15253353,2.291087940000001,2.56221656,2.63904944,2.1934408,1.664947292,1.536474566,1.175410746,1.14818801,0.5723697300317999,0.5176750540317999,0.4234181760776001,0.1404113760776,0.1152301860776,0.4087476460458001,0.3179544300458,0.409757106,0.494959546,0.470530592,0.177009252,0.177009252,0.08520244,0.0,0,0,0,0,0,0,0,0,0,0,0.0,0.0,0.0
110591>110583,719,719,SFDu,Stratford,DLR (Stratford route) // IB,719,SFDu,Stratford,NR Great Eastern // UP,Alight-Interchange-Board,11.602118917217,2.910818992,1.498783968,4.795347641452002,2.161867534003,0.235089705169,0.000211076593,0.34748102,0.34748102,0.387466638,0.3950156,0.512141588,0.320406248,0.320406248,0.28042063,0.272871668,0.15574568,0.0,0.0,0.0,0.0,0.0,0.0,0.0,0.20917342,0.20917342,0.6518197800000001,0.85679254,0.945866692,0.7390331308000001,0.7412469012000001,0.3010703898,0.0987246038,0.0356649998,0.07695659099999999,0.1484658086000001,0.1471615052,0.14481097956,0.11907807554,0.07577406603999999,0.00246285004,0.001428884852,0.001286806052,0.00116603062,0.07182824012,0.07148729368800001,0.07143243147600001,0.071434024104,0.071386752544,0.000397102544,0.000390942072,0.148825014272,0.209528806084,0.258629229096,0.312527449096,0.312508191002,0.164036725406,0.10322843712,0.054030072144,0.098768086144,0.166610867142,0.166593497864,0.166581158633,0.166590009217,0.06796827948300001,8.009148300000001e-05,7.330120500000003e-05,6.52746276e-05,4.699463240000001e-05,4.32552704e-05,4.9512797e-05,4.628306499999999e-05,4.38968694e-05,4.35231278e-05,3.928339140000001e-05,3.875623080000002e-05,3.25403688e-05,2.38266588e-05,2.335560760000001e-05,2.12180266e-05,2.18811886e-05,1.61619346e-05,1.61619346e-05,1.07811146e-05,6.393528e-06,0.0,0.0,0.0,0.0,0.0,0,0,0,0,0,0,0,0,0,0,0.0,0.0,0.0
110591>110584,719,719,SFDu,Stratford,DLR (Stratford route) // IB,719,SFDu,Stratford,NR West Anglia // DN,Alight-Interchange-Board,793.3190065000002,47.7982976,178.47280868,175.8149978200001,278.966263,100.81431426,11.45232514,0.08314154000000001,0.185159,0.185159,0.185159,6.0660218,10.72563506,13.5351834,16.8328388,19.6139986,18.81555,17.6126294,18.2364128,19.987978,19.675651,15.72630174,14.22145814,11.43898526,6.760603760000001,7.80913296,8.574107020000001,7.38412976,7.694752700000001,8.805146060000002,6.092287460000001,4.885439380000001,4.910215740000001,4.79675282,3.841255260000001,4.79590566,4.933234740000001,6.022774040000002,8.057526900000001,9.084342,9.1880584,10.5103806,9.95575732,9.23239812,8.69231264,7.56970504,6.98126744,6.99193972,6.53687672,8.3763406,10.4761987,13.8777833,22.5354469,28.2470753,25.3951469,30.6481612,33.86088400000001,27.9568556,20.4388602,25.57225900000001,22.3053866,14.1286746,13.9997294,16.0418828,12.3818582,9.4444702,11.592153,8.651790400000001,7.867506720000002,7.998777320000001,6.657439620000001,6.084422080000001,5.33057124,4.68800894,4.07543374,3.854793860000001,2.6275816,2.28172704,1.66641962,0.6743500200000001,0.347453,0.0,0.0,0.0,0.0,0.0,0.0,0.0,0.0,0.0,0,0,0,0,0,0,0,0,0,0,0.0,0.0,0.0
110591>110589,719,719,SFDu,Stratford,DLR (Stratford route) // IB,719,SFDu,Stratford,LO North London // WB,Alight-Interchange-Board,893.0853184900003,27.80094806,208.83851844,204.0867987,286.5129022000001,119.3579677,46.48818339,0.6450210000000001,0.7024387000000001,0.9667671800000002,2.40370218,3.0641567,5.129724100000002,6.819182000000001,8.0699562,11.3800008,16.39095088,18.49670388,20.61792148,25.1389958,24.6064434,21.5946328,19.2221294,17.4820844,13.4888756,10.565202,9.854578,9.766556800000002,8.862270259999997,8.16852854,8.399140540000001,7.3290744,5.981390000000001,5.66552234,5.659230760000002,4.982275100000002,5.544517040000001,6.935883240000001,8.11265044,8.24547982,9.16446908,9.74672888,8.5799022,9.280669,8.34993942,8.13252982,8.47590922,10.9451905,10.2556291,12.6461904,14.8571218,17.7382582,18.312261,20.6063924,22.2910864,26.1730354,26.5193332,27.63385640000001,28.01098600000001,28.71777920000001,26.408166,23.3877302,20.7140178,19.793137,16.2230112,12.7000346,12.4789932,10.8506986,8.0499844,6.96195376,6.044912760000001,6.23215516,6.073999880000001,6.74796788,7.20111926,8.26548146,7.03881532,6.5996118,5.63385328,5.53103708,4.49439208,3.221230498,2.730117098,1.976375018,0.957113078,0.040156678,0.0,0.0,0.0,0.0,0,0,0,0,0,0,0,0,0,0,0.0,0.0,0.0
110591>110592,719,719,SFDu,Stratford,DLR (Stratford route) // IB,719,SFDu,Stratford,DLR (Stratford Int'l route) // OB,Alight-Interchange-Board,96.60155099100773,3.8838735746682,14.355829682,32.03460448200001,16.374899666,12.810365602,17.14197798433954,0.011083548,0.01108396613364,0.31359930613364,0.4279578981336401,0.67543735813364,0.7553852781336401,0.9510912,0.7382350200000001,0.8200959879999999,1.071837188,1.36790038,1.60402304,1.88207542,1.9126807,1.516564166,1.292334346,1.068364666,0.7735493200000001,0.561541621,0.484862847,0.6925132070000001,0.6642421810000001,0.8106529070000001,1.057495626,1.132076994,0.961168094,1.04473476,1.18926792,1.054693328,1.324517748,1.173875216,1.060484056,1.174147076,1.244149628,0.92179364,1.052904472,1.194880012,0.999651072,1.598934432,2.15175724,2.72625732,2.453055391,2.418871751,1.932480411,1.827239451,1.234655191,1.293400376,1.401005696,1.425251656,1.167025896,1.256759116,1.46691244,1.46111392,1.39176108,1.239314232,1.210460612,1.067279638,0.736198226,0.4800184372,0.6852978051999999,0.6796946051999999,0.8575347392,1.0218070912,1.14536579,1.62014279,1.58785259,1.483863710000001,1.44531018,1.91910037,1.33715379,1.92878337,2.05317621,2.33226948,2.34824184,2.16528904824,1.388682852867907,1.046183812867908,0.6225558128679075,0.0005413928679074,4.6279074e-09,0.0,0.0,0.0,0,0,0,0,0,0,0,0,0,0,0.0,0.0,0.0
110591>110593,719,719,SFDu,Stratford,DLR (Stratford route) // IB,719,SFDu,Stratford,DLR (Stratford Int'l route) // IB,Alight-Interchange-Board,257.24097641,2.162874326,32.086774304,78.24937394000001,76.15178614,46.8048991,21.7852686,0.080154664,0.133461316,0.151227734,0.160253138,0.334258558,0.345032734,0.34751305,0.610973132,1.093317828,1.481743308,2.403710348,3.23472618,3.82136548,3.97890132,3.6816204,3.02338828,2.67036538,2.39376994,1.99049408,2.31337176,2.39169106,2.73984866,2.790241299999999,3.1033103,2.637374160000001,2.84849014,2.17637694,2.62093688,2.46222042,3.20455322,2.82713656,3.17586172,2.87971284,3.07623276,2.88420166,3.63546256,3.5515217,4.79063684,4.4394987,4.801753080000001,4.62698826,4.25529664,2.6167272,3.71330034,4.89762694,5.44616848,6.266450099999999,7.69649434,7.67033286,7.007908120000002,6.67683752,6.82937992,6.474340440000002,6.32693768,5.25099224,5.6083175,5.385870300000001,4.32398928,3.72072548,4.21259412,3.80974606,3.73087376,3.78994826,3.86013876,3.69914882,3.09796074,3.47762792,3.6962756,4.168674899999999,4.11792244,4.154946359999999,3.20705324,2.75753744,1.683856716,0.923126456,0.472164016,0.265968456,0.034018576,0.0,0.0,0.0,0.0,0.0,0,0,0,0,0,0,0,0,0,0,0.0,0.0,0.0
110592>110501,719,719,SFDu,Stratford,DLR (Stratford Int'l route) // OB,719,SFDu,Stratford,EntEx,Alight-Exit,151.839887144,4.713206008,30.704426012,53.131961928,40.44270318800001,16.808612602,6.038977406,0.006297539200000001,0.0120544796,0.0292041096,0.0451457936,0.4628467936,0.8698062744000001,1.539462094,1.748388924,1.890011868,2.271773988,2.572526928,2.907094168,3.698539368000001,3.663230768,3.314283108,3.064548748,2.164422016000001,1.412946656,1.681331428,2.063716968,2.009361908,2.22821748,2.5817019,2.63397702,2.52364416,2.63521118,2.67978558,2.4281557,2.49765108,2.33520042,2.3490023,2.3172887,2.16941216,1.96712066,1.80827258,1.8841604,1.82399784,1.93194612,1.96199214,1.93779582,1.6325526,1.91546366,2.22415222,2.6558983,3.249215340000001,3.44646032,3.654724140000001,3.316888320000001,2.890932360000001,2.54667268,3.36606512,3.06418046,3.99857794,4.1161862,3.96846328,2.824337028,2.582277368,1.746193948,1.421794408,1.368945828,1.338136246,1.526094726,1.244498146,1.311403386,0.957772946,1.26933718,0.96011718,1.08204124,0.938886212,1.073188392,0.6547329080000001,0.697862808,0.624268048,0.5856174252000002,0.3793867452,0.3386423692,0.2949347292,0.1310626292,0.10679838,0.10679838,0.10679838,0.0,0.0,0,0,0,0,0,0,0,0,0,0,0.0,0.0,0.0
110592>110514,719,719,SFDu,Stratford,DLR (Stratford Int'l route) // OB,719,SFDu,Stratford,Central // EB,Alight-Interchange-Board,85.24186890999998,2.349304532,12.598273994,18.383874112,27.94554107,16.766504668,7.198370533999999,0.0,0.0,0.0,0.07830948,0.266807668,0.489020848,0.597990488,0.917176048,0.93398406,1.149707972,1.351236892,1.677751052,1.523854472,1.450331146,1.348214526,1.005781046,0.6035860279999999,0.5472341279999999,0.561906686,0.444685986,0.5996546460000001,0.7242510040000001,0.64389258,0.6624124659999999,0.6889033059999999,0.519229174,0.5305580200000001,0.501979364,0.532506374,0.321130754,0.287769552,0.153563986,0.377909306,0.417583014,0.8148140140000001,0.847231748,1.032760228,1.116298428,1.40248854,1.13112042,1.236329732,1.311297332,1.273015372,1.257174752,2.324931672,2.480164,2.73203694,2.89937934,2.59612855,1.67520839,1.81536983,1.96462279,2.32352239,2.424854552,2.499161332,2.210161284,1.566373578,0.93301743,1.081813138,1.021921798,1.672745286,1.781308852,1.835612,1.57565208,1.65685112,1.21538588,1.2352256,1.190597906,1.206390658,0.95011465,0.6517695160000001,0.622121786,0.497835218,0.8668382860000001,0.7548001740000001,0.6665243479999999,0.5149260980000001,0.4670498000000001,0.0,0.0,0.0,0.0,0.0,0,0,0,0,0,0,0,0,0,0,0.0,0.0,0.0
110592>110515,719,719,SFDu,Stratford,DLR (Stratford Int'l route) // OB,719,SFDu,Stratford,Central // WB,Alight-Interchange-Board,1431.67217325,86.89644988,540.692856,473.1383739,214.5910449,80.0170603,36.33638827,0.07214055600000001,0.644101616,2.803074016,5.819613216,10.061612216,16.52299446,23.1578674,27.8150464,29.0125692,35.9421752,39.2280724,45.9659044,56.58567900000001,61.82279200000001,62.108116,58.61777780000001,49.729308,37.0352552,34.4020262,30.2431806,28.0251434,28.4704002,27.7076286,25.7403066,22.8529532,23.6546562,22.1725098,22.7044598,22.124957,21.4149866,18.9917446,18.7957362,17.15817280000001,16.5436282,14.9440294,16.0782902,14.3559292,13.6788326,16.276171,15.9619565,15.0966743,17.09945230000001,18.2314387,15.0583165,17.3699614,18.4837378,18.0612214,18.5610836,18.1127124,18.5019764,18.5390328,18.5801072,18.86589020000001,19.0225772,16.4758928,14.0168517,11.3829653,9.3773609,8.466206300000001,8.2953613,7.120001360000002,6.835645840000002,5.52271202,4.57604202,3.36328268,4.50752442,5.240079740000001,5.329878420000001,4.843495020000002,5.739204760000002,5.00136846,4.099507580000001,4.04244506,4.46426586,3.059745594,2.378424194,1.743698474,0.9154773340000001,0.048755934,0.0,0.0,0.0,0.0,0,0,0,0,0,0,0,0,0,0,0.0,0.0,0.0
110592>110522,719,719,SFDu,Stratford,DLR (Stratford Int'l route) // OB,719,SFDu,Stratford,Jubilee // NB,Alight-Interchange-Board,794.1448533662617,33.6050429,213.48447898,231.52253507,195.2583878,96.13324927,24.1411593462618,0.8461989999999999,1.9392325,1.9392325,2.56206618,4.41990348,5.42536888,7.12767158,9.34536878,10.1085219,11.0423138,15.0928264,18.7024866,24.1072974,27.0226462,28.315046,25.5856724,20.2313513,13.7296582,9.515304790000002,10.03135399,6.85855059,5.80787529,6.72971439,6.642732200000001,3.39257932,5.29722552,8.10791552,8.65258242,10.65744882,11.6309217,12.7445771,11.5242621,11.3098966,12.508457,13.113904,13.973611,15.507775,13.50723602,12.75025442,11.2659067,7.3878981,6.0971929,7.52663868,8.527379680000001,9.5466484,13.8283294,15.2249106,16.6997768,15.297389,17.0138646,16.877231,16.934094,18.4362608,20.3063554,18.073472,17.0200558,13.890893354,10.413831494,7.406495794,8.066189194000001,5.847623394,6.24531644,6.2164219,6.459108540000001,6.06545274,7.512808339999999,9.00236774,9.00674034,8.492126540000001,6.435357254,4.530993414,2.485625414,1.208314014,0.572683874,0.41605749525236,3.3525236e-07,3.3525236e-07,3.3525236e-07,3.3525236e-07,0.0,0.0,0.0,0.0,0,0,0,0,0,0,0,0,0,0,0.0,0.0,0.0
110592>110576,719,719,SFDu,Stratford,DLR (Stratford Int'l route) // OB,719,SFDu,Stratford,Elizabeth Line // EB,Alight-Interchange-Board,129.147687467844,3.900236062,18.245734748,35.647861182,41.57401265999999,21.532819774,8.247023041844,0.0,0.0114040844,0.0191693764,0.2239669164,0.4162078464,0.7222358864,0.966543402,1.54070855,1.40068543,1.90804042,2.23010198,2.50755942,2.102617712,2.248412092,1.804031292,1.2603546,0.78277444,0.739221542,0.62095805,0.64097777,0.666675802,0.7621263319999999,0.6856360420000001,0.8085137539999999,0.5939697140000001,0.647014222,0.632002072,0.7544489679999999,0.7797112279999999,1.000795208,1.08377328,1.31337088,1.27416714,1.26414598,1.35046128,1.785332160000001,1.98926706,2.52096676,2.71587518,2.73255688,2.19395452,2.72917736,2.7197543,2.64416506,2.95919008,3.60090732,4.29944832,4.07160022,3.82451742,3.56528654,3.47207186,2.26668942,2.98959698,3.40664382,3.6777819,3.44027878,3.03291955,2.50460141,2.19055121,1.83542529,1.51001441,1.64402614,1.18524064,1.24887314,1.15510906,1.90315072,1.615098042,1.707810162,1.479858352,1.389598832,0.8785263320000001,0.94942999,0.73003247,0.810604092,0.8001043720000001,0.4351451318158001,0.3277009811688,0.2839652211688001,0.1620557691688,1.0091688e-06,4.89353e-07,0.0,0.0,0,0,0,0,0,0,0,0,0,0,0.0,0.0,0.0
110592>110577,719,719,SFDu,Stratford,DLR (Stratford Int'l route) // OB,719,SFDu,Stratford,Elizabeth Line // WB,Alight-Interchange-Board,1222.741127202324,63.0079116,611.0357687999999,265.38759218,217.43310292,50.59573124000001,15.281020462324,0.32579636,1.07973642,2.83752342,3.75048128,9.01490388,12.08102192,15.25569326,18.66275506,21.3522592,22.5138006,39.09822020000001,48.32215480000001,63.57815600000001,77.047588,83.486715,75.57485159999999,64.9148454,51.4637034,36.626638,27.0568366,18.820253,17.6794979,14.4220987,13.1753235,12.7212203,9.31508294,11.05165724,8.258394740000002,11.49515974,9.74924368,12.07264084,9.60511484,11.60201814,7.899316940000001,10.2062042,8.144773640000002,10.48898084,10.40570264,12.47791704,10.88149694,11.1649979,8.718428560000001,7.634298160000001,7.39776976,10.57433166,12.18937026,15.806838,18.5691776,19.5421362,18.298467,22.6930782,21.683093,22.2743498,20.9047294,19.4618058,15.435726,12.405317708,7.413639688,5.752793607999999,3.752044708,1.665578648,1.606179504,2.938314724,2.72820538,3.1912976,2.7293246,3.728644436,2.684390636,3.31215042,2.5541109512648,2.4537400712648,1.435743452464801,1.2595352124648,0.6037052724648001,0.6958986612000002,0.7837692612,0.7663000799999999,0.54416752,0.4820517,0.38984786,0.0,0.0,0.0,0,0,0,0,0,0,0,0,0,0,0.0,0.0,0.0
110592>110582,719,719,SFDu,Stratford,DLR (Stratford Int'l route) // OB,719,SFDu,Stratford,NR Great Eastern // DN,Alight-Interchange-Board,6.824896934274,0.0,0.5598894982,3.72153887571,1.1389464108,1.192148988623,0.212373160941,0.0,0.0,0.0,0.0,0.0,0.0,0.0,0.0,0.0,0.0,0.022350222,0.022350222,0.053457278,0.053457278,0.061838718,0.039488496,0.066059936,0.04445476940000001,0.04445476940000001,0.1519778094,0.1775862854,0.1510148454,0.173847964,0.173847964,0.05798284318200001,0.032374367182,0.06182330718200001,0.02948829918200001,0.125602833182,0.125563474,0.183221878,0.153772938,0.196437696,0.100323162,0.181532802,0.123874398,0.228013898,0.1999629472,0.2485941652,0.1886008972000001,0.2745221172,0.1980873772,0.18347357,0.151988847,0.1307724750000001,0.063295999,0.0540519478,0.0540519478,0.0369054528,0.0369054528,0.1611147588,0.14265405,0.14265405,0.15162674,0.15162674,0.0132867968,0.0132867968,0.0238410016,0.0302119056,0.1163795816,0.1120664330846,0.1120664330846,0.1532928922846,0.1379492982846,0.1106209322846,0.110619974,0.161797202,0.110016538,0.110016538,0.051177228,0.051177228,0.0,0.0,0.0,4.333882e-07,4.333882e-07,4.333882e-07,4.333882e-07,4.333882e-07,0.0,0.0,0.0,0.0,0,0,0,0,0,0,0,0,0,0,0.0,0.0,0.0
110592>110583,719,719,SFDu,Stratford,DLR (Stratford Int'l route) // OB,719,SFDu,Stratford,NR Great Eastern // UP,Alight-Interchange-Board,38.13015688814003,0.858562189,3.905698204000001,22.66691594060001,5.276051686100001,1.86993556304,3.552993305399999,0.007269104599999999,0.0213209346,0.0705542726,0.1128764826,0.1864214266,0.179152322,0.165100492,0.115867154,0.073544944,0.0,0.0,0.0,0.0,0.0,0.0,0.0,0.0,0.4451852,1.2607731,2.12619496,2.5512198,2.66626313,2.52067927,1.70509137,1.30267123,1.52061615,1.562940940000001,1.2633396,1.42109718,1.050169634,0.41235087,0.25498275,0.48061931,0.32397196252,0.38709855652,0.38194756052,0.38302355592,0.1585705168200001,0.1583952612000001,0.1935372652000001,0.3193280752000001,0.3715180738,0.5949244729000001,0.6825594060000001,0.6061435820000001,0.4807307864800001,0.4276343396200001,0.38780292762,0.41474651762,0.35353914562,0.39968555514,0.3996411492000001,0.3874974892,0.3921393592,0.5001673632,0.5263234712,0.526366839688,0.375232769688,0.3413367116880001,0.180963482588,0.108842691188,0.1092087173,0.0897565201,0.0034972081,0.0071759232,0.0097015213,0.0599408795,0.0579122987,0.1541136787,0.1500606127,0.1694352639999999,0.11866137,0.242891456,0.581888196,0.581888196,0.559428206,0.559428206,0.43519812,0.0,0.0,0.0,0.0,0.0,0,0,0,0,0,0,0,0,0,0,0.0,0.0,0.0
110592>110584,719,719,SFDu,Stratford,DLR (Stratford Int'l route) // OB,719,SFDu,Stratford,NR West Anglia // DN,Alight-Interchange-Board,53.56541678788001,3.232153172,26.84557276556,12.34955177954,8.54206430928,2.0488765204,0.5471982411,0.0,0.34956312,0.34956312,0.524671208,0.625134128,0.668979556,0.350951584,0.363290456,0.502796908,0.448130684,0.8266615559999999,3.237058408,4.250147636,4.318186336,4.81496064,4.399965992,1.95850243436,0.97552129036,0.82733231036,0.28630857048,0.6367516184800001,0.63841220192,0.5961021408739999,0.4495102208740001,0.4480653154220001,1.078219935422,1.076170214882,1.076490710128,0.9886870220819999,0.988887681554,0.000969532234,0.309797406974,0.3094061870280001,0.3095182186260001,0.3092866735520001,0.3093753818600001,0.37945494186,0.379557204626,0.379512136514,0.379647232428,0.48586638344,0.10723440008,0.25997316706,0.45265585162,0.51806917264,0.90098880264,1.118671666,0.965764466,0.936110436,0.889796818,0.7583716380000001,0.5403340179999999,0.655010886,0.522375644,0.503069376,0.2335013860000001,0.2499777490000001,0.1418208782,0.1160382302,0.1589736262,0.0721534786,0.0566420063,0.2526726891,0.24853378976,0.20592803068,0.20469808516,0.2038958926,0.1375420646,0.13704778788,0.13682540862,0.13658001174,0.1364173136,0.0002204616,0.00010725766,0.0,0.0,0.0,0.0,0.0,0.0,0.0,0.0,0.0,0,0,0,0,0,0,0,0,0,0,0.0,0.0,0.0
110592>110589,719,719,SFDu,Stratford,DLR (Stratford Int'l route) // OB,719,SFDu,Stratford,LO North London // WB,Alight-Interchange-Board,110.7771293607087,5.303888679,33.97261792,28.841329288,24.479271474,9.7793130800525,8.40070891965619,0.0,0.0022007178,0.4234210178,0.8175404178,0.8647288698000001,0.9291988038,1.155648566,1.111150286,1.325896006,2.003342914,3.351596900000001,4.04354674,4.758218,4.706532800000002,4.31270406,2.987838376,2.333447296,1.474386296,1.287952396,1.387156136,1.480921072,1.515715332,1.567130032,1.322229472,1.021852646,1.197210934,1.069729168,0.993537628,1.030270388,1.094570534,0.838573094,0.7480148080000001,0.774148348,0.914731148,0.885866548,1.057416088,1.25156328,1.206979548,1.547238368,1.803612888,1.564111498,1.384594034,1.432012766,1.139299666,1.245661546,1.551888456,1.73726408,2.1867165,2.04944768,1.87518622,2.11194428,2.3096404,2.52061548,2.52583786,2.38750714,1.977561832,1.608473184,0.794373964,0.848933924,0.8558250040000001,0.72056318,0.608986908,0.5261362000105,0.5301528000105,0.3679306080105,0.5100601400105,0.8678600200105,1.540017148,1.493453368,1.69606526,1.606630934,1.518741334,0.8465826540000001,0.6159095783312378,0.353415498331238,0.269910284331238,4.331238e-09,4.331238e-09,0.0,0.0,0.0,0.0,0.0,0,0,0,0,0,0,0,0,0,0,0.0,0.0,0.0
110592>110590,719,719,SFDu,Stratford,DLR (Stratford Int'l route) // OB,719,SFDu,Stratford,DLR (Stratford route) // OB,Alight-Interchange-Board,283.5913530724501,12.58614826,71.27183271999999,80.03823918,59.60874272,41.10441292,18.98197727245,0.0,0.64632016,0.9103629999999999,1.26649004,1.7199269,2.32541368,2.26895376,3.44868072,3.5893715,4.24216814,5.50126896,6.91318452,8.57164152,9.30398696,9.16778376,7.969145700000001,6.298351100000001,3.72924798,3.1087089,2.87697368,2.58453984,3.55005132,4.14258596,4.16819234,4.13440494,4.647762440000001,3.81151896,3.814278140000001,3.98188018,3.64292344,3.36498578,3.17738454,2.37047256,1.9559909,2.04018176,2.03392286,2.58203916,2.68654792,3.51519978,3.76835266,3.50657632,3.47181102,3.7957768,3.29085956,4.31426928,5.03189318,5.084941280000002,5.28191928,5.290069559999999,4.72326424,4.6343615,4.71221536,5.2842269,5.45813596,5.14561148,4.647834700000002,3.842748440000001,2.68480084,2.34786818,2.04792808,1.709208348,2.136984428,2.267380068,2.329501828,2.619432988,5.89611364,6.567362560000001,6.655083520000002,6.078863464000001,5.830508984000001,2.683485884,1.622381424,1.04327473449,1.00116079049,0.4445402824900001,0.18175778249,0.03202258249,0.031990672,0.031990672,0.0,0.0,0.0,0.0,0,0,0,0,0,0,0,0,0,0,0.0,0.0,0.0
110593>110501,719,719,SFDu,Stratford,DLR (Stratford Int'l route) // IB,719,SFDu,Stratford,EntEx,Alight-Exit,2501.020299900001,141.6935096,562.2723182000001,940.6676954000002,602.4448482,216.26730832,37.67462018000001,3.642062,7.199303400000002,11.9093268,11.9093268,17.5968108,24.838138,29.1988406,35.3997012,45.64481840000001,48.9107084,46.21019280000001,44.25073579999999,45.3562858,42.7253394,42.6501888,44.01410720000001,49.75748100000001,48.84371040000001,52.43492360000001,51.4738266,51.57993,45.4698984,46.633337,42.31222500000001,45.1726826,40.13186219999999,44.89632899999999,37.49085900000001,41.37323360000001,35.0137786,39.4030576,33.0432764,36.2556324,29.2251744,33.309824,28.331428,33.2255978,31.5866002,36.6492596,32.297237,37.9109978,43.5391152,48.6722488,47.14411079999999,56.1295348,57.58428199999999,54.366066,54.84961000000001,57.688642,56.22426760000001,55.41909240000001,49.27002840000001,43.87888500000001,43.035701,38.69790740000001,35.3008316,36.6447908,35.6682474,30.5067014,25.190304,22.2434374,16.7972814,13.0148676,9.5800281,8.753103639999999,6.056051900000001,6.564108099999999,5.24838658,6.108945080000002,5.608945500000001,5.343992000000001,4.25719,4.39111538,3.06655582,2.70878834,2.19459708,1.72401768,1.00524642,0.7990749800000001,0.4661519000000001,0.0,0.0,0.0,0,0,0,0,0,0,0,0,0,0,0.0,0.0,0.0
110593>110514,719,719,SFDu,Stratford,DLR (Stratford Int'l route) // IB,719,SFDu,Stratford,Central // EB,Alight-Interchange-Board,1158.334309617397,56.2301542,211.04882868,262.74062562,410.5808806000001,173.47509332,44.2587271973977,0.0,0.0,3.9605564,3.9605564,6.9957174,11.2281946,14.0883092,15.9968202,21.7221594,23.2856026,25.1636454,24.8666638,23.1944336,20.21545860000001,17.973119,13.7618598,12.6213508,10.1747904,8.958154140000003,9.11159114,9.08015854,8.33574374,8.32306794,7.544499519999999,6.75717632,5.66992306,6.792928260000001,5.92463192,7.285531200000001,6.436932860000002,7.609076519999999,6.74214566,8.2400346,7.48688894,9.82012188,9.08041454,10.433425,11.0560994,15.82348026,15.71410586,18.8468504,23.0898176,24.8074492,21.8401224,27.26570700000001,33.233762,34.1457562,37.1875714,41.42954940000001,42.16893820000001,40.203584,36.7397854,35.38294159999999,32.156018,27.42819380000001,23.2390736,22.9578732,22.3672542,21.31030860000001,18.2324542,16.7979094,15.2407774,12.1311266,10.6307062,10.2330402,8.791260520000002,8.18937826,6.593004540000001,6.958656140000001,6.480953540000002,6.79348768,5.886588340000001,5.893065060000001,4.28712504,3.705560303479541,2.16766186347954,1.536319063479541,0.4340148634795401,0.05764768347954,0.05764762,0.0,0.0,0.0,0,0,0,0,0,0,0,0,0,0,0.0,0.0,0.0
110593>110515,719,719,SFDu,Stratford,DLR (Stratford Int'l route) // IB,719,SFDu,Stratford,Central // WB,Alight-Interchange-Board,1279.575359159098,76.4006066,335.166709,518.2922062,217.1409344,94.96572036,37.60918259909801,0.417386,2.367374,5.520519599999999,5.520519599999999,10.1844166,15.6863686,16.3547104,20.3493118,24.3968922,24.675359,24.366607,24.6439266,25.7014456,29.9061152,31.300453,31.386084,34.9929156,30.4194482,26.7499982,26.6274644,28.6835758,24.573341,28.77608,28.33219900000001,27.83639400000001,22.6002754,25.72433900000001,21.3797162,22.7975988,19.891293,22.3229164,20.0183552,21.5530864,18.8097892,20.5881582,18.548788,19.3617534,17.88481860000001,19.8158736,18.596441,17.82441200000001,18.8537626,18.6929548,14.8262846,16.4298438,19.2253238,19.0728988,18.648421,22.3172108,21.5128382,20.2698662,17.156344,17.3577791,15.9875521,15.3573231,13.8055335,14.3335733,12.8604996,11.1592942,8.784358000000001,8.6649508,6.828928380000002,6.010537780000001,5.095583420000001,4.9400675,4.423354740000002,6.11539516,5.74917748,6.28879474,6.00320562,5.13507628,3.75423356,3.90613884,3.9113646,3.1874564118196,2.5545533118196,1.7632208318196,1.1051368318196,1.5718196e-06,0.0,0.0,0.0,0.0,0,0,0,0,0,0,0,0,0,0,0.0,0.0,0.0
110593>110522,719,719,SFDu,Stratford,DLR (Stratford Int'l route) // IB,719,SFDu,Stratford,Jubilee // NB,Alight-Interchange-Board,267.298297853486,11.659301876,47.853194224,121.04520933,43.81021348,34.93182614,7.99855280348595,0.5398334,1.381910460000001,1.74201898,1.74201898,1.9791696,1.600379772,1.221222752,1.452747932,2.095366772,3.417519952,4.123744080000002,4.236729420000001,4.560939520000002,4.54457142,3.468819080000001,3.082308980000001,4.906330000000001,4.422275,4.33143008,4.66315992,4.842968259999999,2.946908,3.45525306,3.7094326,3.48441868,3.65459606,4.5197708,4.50980034,5.21885298,5.47198188,6.073924880000002,5.76256366,6.97440606,6.71604786,7.898724079999999,7.408679880000001,7.976132020000001,5.924005768000001,5.862729008000001,4.063019808,3.607965888000001,3.407187208,4.28459226,3.271248290000001,3.56008251,3.864411910000001,3.44783359,3.74601039,4.53661132,4.859772400000002,4.43789498,3.65845012,2.98182262,2.64499342,2.6467149,3.42561532,3.670783380000001,3.685964300000001,3.281909160000001,2.61521622,2.15785888,2.59450468,2.87749126,3.1071593,3.30308972,3.07022014,2.56411654,2.00351256,1.79008272,1.42076525269719,1.05809107269719,0.7297363806971902,0.7712350206971901,0.53962116069719,0.6072055679999999,0.5111660680000001,0.43548056,0.0675845,0.0675845,0.0,0.0,0.0,0.0,0,0,0,0,0,0,0,0,0,0,0.0,0.0,0.0
110593>110576,719,719,SFDu,Stratford,DLR (Stratford Int'l route) // IB,719,SFDu,Stratford,Elizabeth Line // EB,Alight-Interchange-Board,918.8288037000005,82.65325260000002,158.23125006,220.72092294,299.5952274000001,118.80033728,38.82781342000001,1.071143,5.009274,9.810842599999999,9.810842599999999,13.9101552,15.800799,14.5684024,12.6717938,16.9149174,17.7273926,17.4160764,17.1696986,17.3359978,15.2597996,11.82356846,11.08482346,10.17634978,8.802066580000002,7.755222320000001,6.765337060000001,6.847496260000002,6.243332420000002,5.74520282,5.09712968,6.18581942,4.77238702,5.21737694,4.46427358,5.258221580000002,4.50190524,5.836769840000001,4.95642158,6.57037114,6.84485942,8.94358702,8.00744802,9.30267828,12.96839308,15.4306736,14.04310252,16.63788252,19.46781792,19.46482232,17.91295072,20.2680736,20.63625080000001,22.55964100000001,24.2066522,27.1724494,30.5716564,31.77123880000001,29.14764720000001,27.03270220000001,24.7610074,21.3078438,20.1600646,19.8858302,16.591573,14.336717,11.40189088,9.66362728,8.26360388,7.82995854,7.259178240000002,6.841590620000002,6.673485020000001,5.60416042,4.448722200000002,5.645074900000001,5.74972724,4.387050599999999,3.505772260000001,3.78876028,3.2948804,3.32508004,2.99921812,2.68775386,2.0336286,1.01183648,0.3990306400000001,0.0,0.0,0.0,0,0,0,0,0,0,0,0,0,0,0.0,0.0,0.0
110593>110577,719,719,SFDu,Stratford,DLR (Stratford Int'l route) // IB,719,SFDu,Stratford,Elizabeth Line // WB,Alight-Interchange-Board,958.9751391002137,68.9191004,379.5034296000001,203.9041209,226.20855,74.46256896340002,5.977369236813801,0.5190271000000001,1.21066276,3.438850560000001,3.438850560000001,8.568624960000001,12.12723846,19.6254756,19.9903704,28.0310656,25.2116566,32.272707,31.7633002,40.6063588,39.96593820000001,44.507558,37.0035488,35.5187748,26.1354598,21.852993,16.6340688,14.562853,8.58222938,8.64232528,6.21658892,6.30870972,4.945879799999998,6.85600582,5.286221179999999,6.30885534,4.917717440000001,6.679903560000001,5.35120208,6.764310020000001,5.85732982,8.00394252,6.555802320000002,7.810740099999999,6.60438622,9.058711420000002,7.71152182,12.64154242,14.83238892,16.7885622,16.6163916,17.48214,17.69696,19.117655,22.9176076,22.7937252,23.98947500000001,23.6249582,19.8390076,16.0988762,15.6026906,15.6353794,11.4100752,11.4263462,10.4908118,12.1170562,8.92022242,8.87542116,7.42213668,6.08618014,2.13397288,2.45870782,1.499611568,1.761122708,1.2709793874,1.2739605674,0.9888942834,1.1422705354,0.4545525774000001,0.4503014698579,0.4335528978579001,0.36306459264276,0.2372286966427601,0.22342739464276,0.22342676278486,0.09334501478486,0.093344444,0.0,0.0,0.0,0,0,0,0,0,0,0,0,0,0,0.0,0.0,0.0
110593>110582,719,719,SFDu,Stratford,DLR (Stratford Int'l route) // IB,719,SFDu,Stratford,NR Great Eastern // DN,Alight-Interchange-Board,68.08480970317004,4.2493108208,11.9208375958,36.4049536464,8.838854086,6.2335134511,0.43734010307,0.0007229544000000001,0.0023364052,0.0414747852,0.0414747852,0.4068419452000001,1.2261773908,1.2312061914,1.2990763634,1.5919461634,1.3938251634,0.7049462154000001,0.698303964,0.6817468560000001,0.4237368020000001,0.2802133640000001,0.191892306,1.326572506,1.2567171832,1.6973298972,1.6736071752,1.9928475412,0.8825367872000001,1.092848946,0.6173764860000001,0.972677446,0.6314264980000001,0.985122132,0.7542138520000001,1.046360972,0.6994675028000001,1.0234073908,0.6453423107999999,0.9989764508,0.7182205868000001,1.399408176,1.054620476,1.919548676,1.949469136,3.10208148,2.4124864,3.4031524,3.1303166,3.068524500000001,1.9045209,2.0123154,1.36710018,0.92690583,0.6621789779999999,0.761489262,0.8249807419999999,0.505625424,0.383506104,0.37718235,0.368678626,0.290660736,0.358230454,0.362676878,0.354781348,0.532513008,0.552882918,0.580665086,0.6440619719999999,0.8147830880000001,0.54627612662,0.6086286266200001,0.4972614186200001,0.4762602306200001,0.2627227506200001,0.26278425341,0.08679375341000001,0.07887983621000001,0.00225898421,0.002265353414,0.002172592004,0.002172592004,6.369204000000002e-06,6.369204000000002e-06,0.0,0.0,0.0,0.0,0.0,0.0,0,0,0,0,0,0,0,0,0,0,0.0,0.0,0.0
110593>110583,719,719,SFDu,Stratford,DLR (Stratford Int'l route) // IB,719,SFDu,Stratford,NR Great Eastern // UP,Alight-Interchange-Board,48.73263709080003,6.871976973000002,4.20288822,18.2254367003,8.55042167462,3.95252505088,6.929388472000001,0.007684938600000002,0.007684938600000002,0.5518437386,0.5518437386,1.2799067386,1.67239056,1.67239056,1.12823176,1.12823176,0.4001687600000001,0.0,0.0,0.0,0.0,0.0,0.0,0.0,0.5016635,1.0864121,1.0864121,1.8264163,2.1735407,1.6836614086,1.1027740284,1.4418901884,0.8303348684,0.4871083648,0.4767784750000001,0.4760366126000001,0.2344822726,0.1076544134,0.10442014966,0.10439545486,0.20107798346,0.4224577634600001,0.44334545066,0.6743689180000001,0.7670333680000001,0.822983702,0.5211110752000001,0.6706263272,0.4679916212,1.0994544872,1.0854927672,1.20521066,1.03332273976,1.13425207776,0.4878071437600001,0.5901954237600001,0.6647631177600002,0.8102030180000002,0.6802212860000001,0.7329893140000001,0.4893441579400001,0.36825837794,0.35385435794,0.55440957794,0.42455631114,0.4992568872,0.4118476322,0.3584700722,0.2549875482,0.272049933,0.204315541,0.229637298,0.175200462,0.265331818,0.30246197,0.914655022,0.88647374,1.361956116,1.174752064,1.213600554,0.5939076940000001,0.5939076940000001,0.095067794,0.095067794,0.0,0.0,0.0,0.0,0.0,0.0,0,0,0,0,0,0,0,0,0,0,0.0,0.0,0.0
110593>110584,719,719,SFDu,Stratford,DLR (Stratford Int'l route) // IB,719,SFDu,Stratford,NR West Anglia // DN,Alight-Interchange-Board,1133.236133212,155.960283,515.976403,202.4008108,202.451781912,51.40167146,5.04518304,0.03033196000000001,4.62296416,4.62296416,4.62296416,19.93117416,24.7617214,42.45840320000001,54.9097598,75.7485078,71.8793892,70.828305,48.83526240000001,52.26739980000001,38.1856244,31.4565318,33.2308948,38.0285214,22.7828746,17.5602006,15.1728912,11.8647548,7.946875400000001,8.732925999999999,8.1119398,6.427611000000002,5.794843999999999,6.2893904,7.528369199999999,7.16301412,7.97997192,7.694131120000002,9.24740692,7.706324520000001,8.03851646,7.140408500000001,7.741450500000001,5.24396878,6.58035058,6.48534626,8.834178220000002,10.70985522,11.63681174,12.05992254,15.4424428,16.231162,17.78807220000001,21.798977,18.9232281224,23.2260479224,21.5207728224,18.7501564224,13.0859360224,18.7966625,12.0909131,10.1014266,10.1384272,11.53274512,6.325764360000001,5.315584600000001,5.848385700000001,3.66957636,2.80757404,3.4665042,3.15198504,2.73852834,2.71468314,2.37242926,1.4579113,1.24172606,1.38479518,0.93002252,0.7399608,0.48626496,0.26241352,0.0,0.0,0.0,0.0,0.0,0.0,0.0,0.0,0.0,0,0,0,0,0,0,0,0,0,0,0.0,0.0,0.0
110593>110589,719,719,SFDu,Stratford,DLR (Stratford Int'l route) // IB,719,SFDu,Stratford,LO North London // WB,Alight-Interchange-Board,1318.171255434869,151.30559418,517.0908474,305.36574978,243.1421189200001,88.00867244000003,13.25827271486939,0.043526036,4.255382436000001,8.414497236,8.414497236,19.852155236,28.3695248,36.480243,45.47576820000001,57.32453020000001,55.82722560000001,54.51432200000001,45.64822280000001,45.5322648,43.4321388,39.12237080000001,41.5039098,42.923903,34.15473660000001,28.9831368,28.1240862,21.6377148,17.84729890000001,15.6850193,14.1030341,11.6066131,10.3249157,11.1175459,9.2714966,8.1454506,7.5316888,8.005475,9.484423699999999,11.7441498,11.866412,13.1663014,13.0209431,12.1627689,12.6372029,14.5752527,12.35731164,13.15710674,13.60127554,17.63519974,14.68114882,22.68119108,23.22591028,27.78917648,24.72632348,28.8660682,22.69440740000001,22.8624718,16.7689942,16.19246720000001,13.5275456,12.1561038,11.6514594,12.4941788,9.9903345,9.7293759,8.9691435,7.5506979,7.204647899999999,7.795656,6.2830685,6.59658262,5.19057218,3.684704260000001,2.51971038,1.88716067,1.45725307,1.20136581,1.61355445,1.329186898,1.815430948,1.491816840973878,1.374335740973878,0.5579308209738779,0.5302374529738779,1.2973878e-08,0.0,0.0,0.0,0.0,0,0,0,0,0,0,0,0,0,0,0.0,0.0,0.0
110593>110590,719,719,SFDu,Stratford,DLR (Stratford Int'l route) // IB,719,SFDu,Stratford,DLR (Stratford route) // OB,Alight-Interchange-Board,145.2792728950776,7.846569190000001,37.717007544,47.371144076,29.90011245000001,15.686348904,6.758090731077591,0.061515654,0.075096454,0.178781634,0.178781634,0.430915054,1.6048894,2.4289979,2.88759146,3.24209702,3.74094532,4.147896520000002,3.92046242,3.97821956,4.1432155,3.722700760000001,2.53359948,2.1057222,2.13866812,1.728462512,2.315018132,1.939208518,2.427305558,2.407697258000001,2.759185606,2.276445506,2.42574008,2.53900652,2.26763256,2.51390022,2.49571804,2.370839014,1.774836514,1.583356434,0.948833368,0.7615330080000001,1.080639314,1.091098804,1.854592144,2.03530573,2.18317139,2.14793439,2.26134598,1.68685538,1.53896274,1.63940352,1.54072936,1.90392212,2.71821992,3.38019134,3.66426748,3.75124086,3.255552366,2.550953486,2.183447566,1.726467446,1.585716986,1.87955944,1.60417224,1.273909786,1.107250234,0.933052578,0.8214711180000001,0.6637392400000001,1.017246614,0.948847822,1.751083758,1.521468268,2.164547806,1.931192286,1.969320418,1.123808715,0.9922115102879999,0.361334156288,0.181122462888,0.07385025779303843,0.05795995201551842,0.05779740672751841,0.009493180727518402,1.941275184e-07,1.9122248e-07,0.0,0.0,0.0,0,0,0,0,0,0,0,0,0,0,0.0,0.0,0.0
231001>231022,723,723,SWCu,Swiss Cottage,EntEx,723,SWCu,Swiss Cottage,Jubilee // NB,Enter-Board,1745.797889820001,19.87842924,246.96293398,468.0968344,636.8497244,257.5893614,116.4206064,0.04549040400000001,0.283014904,0.634356004,1.338638004,2.215861304,3.50880664,4.90766554,6.944596440000002,8.590233040000001,12.78204014,19.0856698,25.9988944,31.2975312,32.9605356,29.8682326,26.29819900000001,20.2180236,14.206125,13.04774,12.6097096,10.3490504,9.813506199999999,10.577551,10.4849492,11.6270806,13.3939462,14.9715286,15.0181966,15.4957986,15.589352,15.4361714,16.0020606,17.4380962,17.766639,19.702252,20.7209108,21.0892684,21.3021172,22.8363544,23.37972460000001,24.3376042,30.4605326,41.90820220000001,48.3959414,57.09148440000001,64.9945084,68.65526159999999,65.61081420000001,62.74114280000001,56.55636980000001,53.51153380000001,48.53429860000001,43.44761100000001,41.79400700000001,39.50054340000001,34.4121494,29.92052140000001,26.4532634,24.2738948,23.3648246,20.9577354,20.4171434,19.0364716,17.3820394,17.2587386,19.518906,19.1747802,19.8310426,19.9970658,17.5144296,15.3394788,13.1589522,11.7726828,9.7261184,8.66530846,6.666733659999998,5.55412572,3.68092052,2.32848052,1.43362626,0.58268366,0.0,0.0,0,0,0,0,0,0,0,0,0,0,0.0,0.0,0.0
231001>231023,723,723,SWCu,Swiss Cottage,EntEx,723,SWCu,Swiss Cottage,Jubilee // SB,Enter-Board,7600.147902430002,218.6392132,2349.4886236,2173.503266,1902.383162,725.8111378000001,230.32249983,5.4337764,7.914298799999999,11.6026522,16.7024188,24.613219,34.01233740000001,49.126487,69.23402359999999,97.617209,132.2892756,178.382282,227.919006,260.468956,272.281618,271.486488,248.478954,209.215642,172.817164,149.4455060000001,129.086523,116.258969,105.973689,103.131799,98.539745,93.31312,87.20066800000002,86.04557400000002,88.11569200000002,86.81226800000002,82.64316400000001,83.34112000000002,82.47455000000002,77.696674,76.697068,77.70168520000001,75.8275692,75.1782432,74.5141452,78.0933872,81.598496,87.55982,101.572384,122.439892,130.773544,150.693948,165.643428,187.50859,187.885276,191.272474,178.500546,172.70152,149.687386,141.599262,133.84703,128.360468,114.683234,98.80151320000002,82.1287484,73.12858440000002,60.38321380000001,51.6787058,50.8220056,49.3206034,44.99183060000001,51.2864062,56.57908620000001,54.09102859999999,52.5994116,50.81120240000001,41.9594232,33.67811320000001,28.743059,23.7052122,17.5909066,13.532449,8.8979614,5.417218726000001,3.231163526,1.885883126,0.7367769259999999,0.133130526,0.0,0.0,0,0,0,0,0,0,0,0,0,0,0.0,0.0,0.0
231022>231001,723,723,SWCu,Swiss Cottage,Jubilee // NB,723,SWCu,Swiss Cottage,EntEx,Alight-Exit,7141.5263253,107.4327421,1396.9834014,1726.398531800001,1949.14555,1280.0944812,681.4716188,0.0,1.49167966,2.88803966,6.086130260000001,12.70398826,18.63012586,25.7661202,39.8666582,58.92245240000001,85.01324240000001,116.7512948,143.6965808,167.6743408,175.954142,165.2088912,139.912132,118.673669,91.3076124,72.0367444,61.83229920000001,63.60330039999999,60.9605224,59.99597240000001,59.42953440000001,58.37422539999999,55.58481140000001,55.44023900000001,55.27202160000001,56.24638820000001,57.78192980000001,59.04565060000001,60.311452,62.6289912,66.9471886,71.090464,73.15453520000001,77.98872,83.21077280000002,85.55650680000002,87.99338279999999,94.639014,100.8511204,105.9602992,114.3314892,123.5421132,131.062994,143.2134768,155.1204660000001,168.514982,173.753018,180.898188,177.602934,179.387004,171.250838,175.951602,168.847934,162.777362,147.957768,135.208976,115.392839,104.974049,96.136966,90.326202,87.0468432,85.68697619999998,83.82853419999998,84.03803520000001,86.7199304,90.7288672,91.9129212,90.5536844,84.7271024,74.52300319999998,63.6386892,52.0935092,42.2630666,34.62928520000001,25.4661832,16.4054932,9.9738632,4.555950599999999,0.0,0.0,0,0,0,0,0,0,0,0,0,0,0.0,0.0,0.0
231023>231001,723,723,SWCu,Swiss Cottage,Jubilee // SB,723,SWCu,Swiss Cottage,EntEx,Alight-Exit,2115.27534483,74.90443192000001,883.0763962000001,593.607321,383.2010768000001,143.0457969,37.44032201,1.21087756,2.56904796,4.24850636,7.21807976,8.58095948,11.8322574,14.9663824,24.278321,37.67823960000001,60.732672,84.8614516,109.6192142,115.4691312,114.2954592,97.63492459999999,78.14462920000003,55.98082320000001,49.09490480000001,41.50400080000001,38.0609458,35.50058920000001,33.60131879999999,28.2866436,24.8261436,23.6767352,21.8885864,20.5104294,19.7197884,19.3726724,19.1691782,18.7905974,18.8471788,19.486065,21.1094612,22.15993640000001,23.5410016,25.7142484,25.82369700000001,25.4009138,26.0009852,27.4949504,29.2335726,31.3040312,32.1485968,32.5811178,31.847315,31.483328,30.5870512,32.6535446,34.551332,36.321011,34.1608384,33.84318200000001,30.6443906,28.20760940000001,26.32035680000001,25.255124,22.069995,18.7442883,15.2188681,11.3912815,8.821560300000002,7.81524342,7.61693852,7.15177926,6.793327740000001,6.13316404,6.03422672,6.109050060000001,5.718589120000002,5.199195240000001,4.71329746,4.07133432,3.33338958,2.463679494,1.814560002,1.622328822000001,1.099735562,0.576687962,0.438605648,0.27986874,0.0,0.0,0,0,0,0,0,0,0,0,0,0,0.0,0.0,0.0
350101>350122,747,784,SWKu,Southwark,EntEx,784,SWKu,Southwark,Jubilee // NB,Enter-Board,4554.342118636,78.09799093599999,812.4956084,1297.9975264,1745.506928,447.3511760000001,172.8928889,0.5823703140000001,1.236765034,3.245388834,5.714252834,8.889906,13.12205412,19.8897702,25.4174836,32.5343576,41.8314802,51.11229760000001,62.19538680000001,75.91864960000002,85.1005756,88.47365500000002,88.905788,84.352902,75.226792,66.97055800000001,59.87316600000001,54.66165900000001,48.86194200000001,43.92099200000001,41.3872,41.378771,40.20373600000001,42.1082114,45.72133340000001,47.6150126,45.6214304,47.244449,48.1664146,46.7922226,46.99707420000002,51.39118040000001,52.224359,53.15007900000001,54.2033524,59.3408616,62.6813654,68.3071192,72.10644599999999,87.64830860000002,96.2640066,109.8754038,120.6612548,143.923506,153.626978,169.147166,179.7137159999999,188.174034,174.190811,160.583117,141.160465,115.3901502,89.0603262,72.06491,56.76376400000001,43.52196000000001,35.8392764,32.99668020000001,31.42017640000001,31.05887640000001,30.2649598,30.0890928,29.3679506,27.549924,26.4136054,25.2160824,24.3648158,23.1838262,22.3287172,18.9013468,15.8170098,13.8978764,11.07004166,7.33198426,5.43573526,3.82640386,1.51904926,0.0,0.0,0.0,0,0,0,0,0,0,0,0,0,0,0.0,0.0,0.0
350101>350123,747,784,SWKu,Southwark,EntEx,784,SWKu,Southwark,Jubilee // SB,Enter-Board,5195.6823651,71.43981280000001,647.3665243000002,1394.1439,1845.5699108,856.8952109999999,380.2670062000001,1.62010934,2.62800624,4.340347640000001,5.912572240000001,7.919415940000002,12.3609188,16.3561953,20.3022473,25.0905619,30.49966420000001,36.6610328,46.06378940000001,58.348974,67.8495728,75.34371920000001,76.166129,70.588652,62.35640600000001,53.1127,45.28532300000001,40.63962600000001,36.8131604,34.3503734,35.6702628,36.26108679999999,36.20626679999999,44.55166540000001,49.1512978,52.24577960000001,51.20984660000001,54.79650460000001,52.3751158,51.06041160000001,50.05552940000001,54.0579084,55.85638960000001,57.06266400000001,62.41481479999999,71.9881618,81.02629680000003,87.49951960000001,91.029036,100.898662,106.92352,113.774122,123.711334,147.749022,160.475364,176.763918,186.897394,191.842728,175.313762,159.1297912,154.6319472,136.9312332,118.3492952,109.1793852,103.0364912,81.1694672,72.47154320000001,67.0004012,64.64465440000001,61.89131920000001,58.1824226,59.28546580000001,61.11122080000001,61.06896160000001,57.85387860000001,53.40047920000001,48.5941948,48.32499480000001,44.62192020000001,45.1822032,40.0154408,35.177232,24.6612218,18.38307660000001,8.416477800000001,6.1967242,4.1116802,2.4013674,0.7799931999999999,0.0,0,0,0,0,0,0,0,0,0,0,0.0,0.0,0.0
350122>350101,747,784,SWKu,Southwark,Jubilee // NB,784,SWKu,Southwark,EntEx,Alight-Exit,5379.568014599998,226.7194786,2315.655874,1380.006812,921.6974650000001,366.8568798,168.6315052,0.35402332,3.16641252,7.845554120000001,16.19445092,27.09387492,41.99143960000001,58.04985440000002,72.0238688,86.67755600000002,103.165308,124.01096,145.341476,192.38431,226.656762,255.361578,273.109912,277.886384,248.260286,210.925524,171.875818,132.604744,99.7401486,74.60615740000001,64.2559942,56.9453442,51.6630378,49.5892132,48.85452640000001,51.12085860000001,51.8690806,51.8480242,51.6994222,53.0394366,52.44326280000001,52.93974140000001,52.96680680000002,52.84016040000002,50.05369000000001,46.86536380000001,44.46397,45.6822828,46.82512180000001,46.9375566,50.15286760000001,54.66464080000001,55.6921378,60.42796320000001,68.5654584,80.1216004,86.1844564,94.35505400000001,94.205584,94.413534,85.51463199999999,79.48232800000002,68.070076,61.00910660000001,50.3176146,42.08528560000001,33.2602428,29.49067520000001,26.0777042,23.3727432,21.6355542,21.2581068,20.4465758,18.6267792,19.2764916,19.7771432,20.98486,21.3236196,21.8518656,20.1757536,18.1239026,14.2957868,12.304234,8.576407000000001,5.786621599999999,3.362845,2.0684662,0.0,0.0,0.0,0,0,0,0,0,0,0,0,0,0,0.0,0.0,0.0
350123>350101,747,784,SWKu,Southwark,Jubilee // SB,784,SWKu,Southwark,EntEx,Alight-Exit,7129.672549899999,152.6954989,2753.533799,1960.7583154,1371.627606,618.0313391999999,273.0259914,0.05874438,1.36297518,3.02378018,8.43283358,17.15724758,26.9395852,38.0314144,57.6889184,80.68096700000001,99.680549,132.518229,171.436377,223.766964,268.867894,314.8544880000001,331.6096060000001,343.979098,310.863072,264.700236,210.576319,170.8839658,128.0497038,102.1411518,88.39235380000002,82.7003588,76.609092,70.81007199999999,69.15071,70.765918,70.53931,69.452203,68.58528700000001,70.834599,70.072901,70.63695899999999,71.30467300000002,71.47568100000002,71.67305400000002,71.99235,73.010586,75.88691800000002,77.946154,81.0978202,86.7464942,92.5857862,94.7388552,103.5315732,109.592909,118.535569,125.757525,136.285553,134.799837,132.7131732,120.3457904,108.5514464,94.1895884,83.5359064,71.0155824,62.77592240000001,55.19566640000001,48.4882356,43.27284660000001,41.7905384,42.6909392,41.7750812,41.747809,42.276944,43.46586760000001,43.77381260000001,43.52194060000001,40.8968916,36.08662260000001,30.3171432,22.90746080000001,16.195509,12.7221662,10.525842,6.799226600000001,4.253068,3.1957378,1.6023946,0.2281758,0.0,0,0,0,0,0,0,0,0,0,0,0.0,0.0,0.0
350122>310260,747,784,SWKu,Southwark,Jubilee // NB,5158,WAEr,Waterloo East,NR South Eastern // DN,Alight-Exit-Interchange-Enter-Board,511.5003452,33.10305976,210.4484162,112.68542484,80.42013694,49.43238696000001,25.4109205,0.12799198,1.71763708,3.23992368,4.15600528,4.808750620000001,6.380519840000002,6.137442340000002,6.53478894,7.02368294,9.161406800000002,9.3689844,11.9262668,19.5817686,23.3098042,26.19512120000001,29.0884804,28.5811774,19.8426551,15.42150784,10.94756052,7.563206400000001,5.8664114,5.922739040000002,5.5916962,5.219655260000001,4.854963580000001,3.794066600000001,3.478234160000001,3.674609380000001,3.7585167,3.34591054,3.5349732,3.9068823,4.438578700000001,4.502886760000001,4.53768744,4.3598916,4.5352448,4.43688228,4.02719134,4.545934620000001,4.893709980000001,5.61937418,6.276178380000001,7.4787325,7.2392333,7.82870126,6.58969426,6.80343486,5.77224232,6.38883746,6.31124136,6.76165776,6.230692360000001,6.72000592,6.295663580000001,6.362839520000001,5.62412456,5.38230476,4.61562084,4.42991698,3.25637338,3.81816182,3.42580958,3.63751784,2.89118836,2.9487341,3.03979522,3.25507162,2.71468848,2.97688882,4.38421198,3.64847588,2.87381066,2.74017194,2.26466134,0.39639104,0.15654874,0.0,0.0,0.0,0.0,0.0,0,0,0,0,0,0,0,0,0,0,0.0,0.0,0.0
350122>310261,747,784,SWKu,Southwark,Jubilee // NB,5158,WAEr,Waterloo East,NR South Eastern // UP,Alight-Exit-Interchange-Enter-Board,521.2262059150245,10.4159548432,325.7222023600001,140.70958412,31.1722114,10.98806260540001,2.2181905864243,0.00041562864,0.02349686064,0.18835622064,0.36219532064,1.05306556064,2.053121732,2.58782124,4.14748228,5.16078358,6.027633540000001,7.106974940000002,11.2765202,35.9374638,42.5007534,44.3336364,47.90680180000001,45.61047960000001,25.2189166,28.1441146,26.4981239,22.7241753,22.63412810000001,17.61541602,8.01629682,7.18773512,5.88661252,4.203747079999999,4.94435456,4.433693160000002,4.50014082,4.40351002,4.1088288,3.06005462,3.28892272,2.86603766,2.83039166,2.77782834,2.31078484,1.9552118,1.892466060000001,1.8099411,2.18735952,2.650836,2.42111148,2.10896494,2.29366098,2.16478004,2.2443202,2.32394834,2.47463712,2.16751272,2.873675420000001,2.58930696,2.91756516,2.9906113,4.02322822,2.928037372,2.47025902012,1.91904570012,1.63749014012,0.41427352812,0.25198540412,0.2683482932,0.3070725412,0.1893153032,0.1412214908,0.2160153188,0.2449984936,0.2656695856,0.2726193136,0.425628978,0.3429941159200001,0.2969950580000001,0.228779958,0.2126869880008601,0.05777056544486004,0.05754377152486002,0.05734821744486002,7.70174448600258e-05,7.7017444e-05,0.0,0.0,0.0,0,0,0,0,0,0,0,0,0,0,0.0,0.0,0.0
350123>310260,747,784,SWKu,Southwark,Jubilee // SB,5158,WAEr,Waterloo East,NR South Eastern // DN,Alight-Exit-Interchange-Enter-Board,3109.98336514,84.22636834000001,583.753911,708.2152447999999,957.7508804000001,520.602105,255.4348556,0.118351948,6.163571748000001,6.339896628000001,10.612101228,12.327399428,15.20334528,14.15652988,19.3051722,20.204758,23.7526384,27.66895,36.4882096,55.5531584,65.325754,74.2496754,76.537254,73.514138,53.7021716,43.62039360000001,33.13681,30.2104184,25.4796342,25.639175,24.320169,25.7943606,25.3237716,22.8466792,22.2855042,23.5420018,24.8813358,24.147031,25.4082796,27.2907544,30.1542862,28.5073202,28.83771339999999,29.133797,31.8615228,30.7560862,32.5674762,35.815483,41.18580060000001,40.50005460000001,51.7265898,56.1551252,59.94024320000001,60.081478,68.76187200000001,69.89346280000001,75.0557804,78.68943979999999,91.134009,96.706245,98.409077,99.174656,103.749492,95.3121598,80.39100700000002,67.11169480000001,55.0860168,42.17083080000001,31.376617,29.3117598,26.1894996,27.3781142,22.5386208,22.3406292,21.3951552,21.2623008,17.6278004,18.4509952,27.4517142,39.26740220000001,38.86849820000001,36.30216400000001,32.5947326,19.92342600000001,3.685822,0.0,0.0,0.0,0.0,0.0,0,0,0,0,0,0,0,0,0,0,0.0,0.0,0.0
350123>310261,747,784,SWKu,Southwark,Jubilee // SB,5158,WAEr,Waterloo East,NR South Eastern // UP,Alight-Exit-Interchange-Enter-Board,4.071611451,0.0,0.174224676,1.8006190806,1.8706083704,0.226159324,0.0,0.0,0.0,0.0,0.0,0.0,0.0,0.0,0.0,0.0,0.0,0.0,0.0,0.0,0.0,0.0,0.0,0.0,0.0,0.054037554,0.120187122,0.120187122,0.202274394,0.238148796,0.203657034,0.137507466,0.137507466,0.05542019400000001,0.019545792,0.0,0.02980682,0.04954336400000001,0.04954336400000001,0.06797549200000001,0.07421891460000002,0.0523150086,0.0576902026,0.0576902026,0.0392580746,0.03301465200000001,0.0356237592,0.0169583426,0.0169583426,0.04412837260000001,0.06164590460000001,0.0630998634,0.07464390800000001,0.105235136,0.0989427892,0.08914091,0.088277125,0.136578353,0.228642505,0.2170532478,0.260275875,0.287505126,0.221213532,0.098558152,0.08926972600000001,0.03833144600000001,0.0,0.0,0.0,0.0,0.0,0.0,0.0,0.0,0.0,0.0,0.0,0.0,0.0,0.0,0.0,0.0,0.0,0.0,0.0,0.0,0.0,0.0,0.0,0.0,0,0,0,0,0,0,0,0,0,0,0.0,0.0,0.0
310260>350122,747,5158,WAEr,Waterloo East,NR South Eastern // DN,784,SWKu,Southwark,Jubilee // NB,Alight-Exit-Interchange-Enter-Board,8.336759311,0.0,0.2465435,0.756767354,2.436211067,2.92557774,1.97165965,0.0,0.0,0.0,0.0,0.0,0.0,0.0,0.0,0.0,0.0,0.0,0.006857943599999999,0.0087630598,0.0187134414,0.04135405340000001,0.04930870000000001,0.0424507564,0.0405456402,0.0305952586,0.0079546466,0.0016507572,0.0016507572,0.0016507572,0.0016507572,0.0016507572,0.0,0.0,0.0,0.0,0.0,0.0,0.018373346,0.028184448,0.028184448,0.070567824,0.070567824,0.052194478,0.04238337599999999,0.04238337599999999,0.0,0.0,0.0,0.086262644,0.309411804,0.426162354,0.426162354,0.426162354,0.33989971,0.11675055,0.0,0.037662968,0.057009159,0.08977061900000001,0.156301609,0.192276445,0.168052945,0.148706754,0.115945294,0.04941430400000001,0.013439468,0.0,0.0,0.0,0.28736346,0.53909914,0.59053644,0.59053644,0.59053644,0.41006603,0.31421255,0.323409874,0.323409874,0.323409874,0.216516824,0.06063462400000001,0.0,0.0,0.0,0.0,0.0,0.0,0.0,0.0,0,0,0,0,0,0,0,0,0,0,0.0,0.0,0.0
310261>350122,747,5158,WAEr,Waterloo East,NR South Eastern // UP,784,SWKu,Southwark,Jubilee // NB,Alight-Exit-Interchange-Enter-Board,4558.858091450002,382.7271935,1550.870785,930.0824586000001,1242.0368128,333.4578706,119.68297095,2.9911871,4.983195100000001,14.2224247,31.2100407,54.60192770000001,71.64473459999999,90.89191060000002,112.181773,142.490773,169.850962,195.696662,230.072614,227.812064,188.2158852,144.7238038,104.8593694,55.5778754,31.6059452,30.4004528,29.5643782,29.2084526,26.3743886,27.3598928,29.884873,30.344485,30.61144220000001,32.8046068,35.97647420000001,35.4624146,35.1837266,35.853546,38.214026,37.5032646,34.5456412,34.7532792,35.7198726,36.254438,37.05141,41.8126734,44.5347258,51.7985568,54.613526,58.60437300000001,75.61236960000002,89.74686720000003,96.97222820000002,111.444175,124.4893028,128.6721068,128.505736,126.847938,119.526254,105.6695318,84.842207,70.457143,54.863323,42.189909,37.5042304,31.8408134,27.8115748,27.9627144,27.1312216,23.278819,22.5151654,22.5611436,23.7064656,22.0644764,24.891337,23.9011996,23.1478378,19.5096006,17.7209896,12.35641456,9.88897382,5.80145736,3.52552519,1.90801219,1.26436123,0.47602877,0.18257023,0.0,0.0,0.0,0,0,0,0,0,0,0,0,0,0,0.0,0.0,0.0
310261>350123,747,5158,WAEr,Waterloo East,NR South Eastern // UP,784,SWKu,Southwark,Jubilee // SB,Alight-Exit-Interchange-Enter-Board,1348.9943951,71.3385961,288.63423266,248.86489124,384.3875362000001,166.4551497,189.3139892,0.4518968,1.18699106,2.19627486,5.70942186,10.41073866,13.74115506,15.941428,21.70068980000001,33.2120188,36.7942126,41.8839948,44.98708480000001,42.230889,28.62319566,20.78526974,13.73077114,8.97791946,5.94638186,5.2278825,6.2346123,5.16836414,4.39420086,4.36905646,6.08426916,5.88183662,6.542987700000001,7.12405606,8.22083526,8.44554126,9.00968952,9.1337058,10.1727964,9.785288,8.678159599999999,9.347424,9.692373800000002,9.6894304,9.62444192,10.74541092,11.81245832,16.55691792,18.09342472,21.610714,28.6815084,32.123849,32.2262956,37.14957860000001,40.9987904,39.54164780000001,37.7924158,37.16461339999999,34.98464179999999,29.8036714,23.762829,20.8949228,17.94428060000001,15.8282462,15.7726774,15.06448028,14.32945848,13.39659168,11.64341838,10.57525178,11.0371069,11.8247841,13.5997645,16.4711136,16.9122564,19.120194,25.7788062,27.1073212,25.3288132,23.55524028,21.93824908,13.86245048,11.45784488,7.82573548,6.4964202,3.9269638,2.9159504,0.0,0.0,0.0,0,0,0,0,0,0,0,0,0,0,0.0,0.0,0.0
570501>570522,752,752,WPKu,Wembley Park,EntEx,752,WPKu,Wembley Park,Jubilee // NB,Enter-Board,1551.7119157,38.48733230000001,318.6036248,462.681383,482.3137900000001,206.98016512,42.64562048,0.44706406,0.7892761800000001,1.89002844,3.04022084,4.62362544,6.89612868,8.92678216,11.8742065,20.2113941,25.4363635,33.5593232,43.0612316,44.6943656,38.04266139999999,33.7019884,25.5694656,16.1929746,12.5841816,12.6106392,12.939036,13.3323378,14.1952506,15.750654,17.4385248,19.5647696,18.7238114,18.4114606,18.1696224,16.6451574,14.5655558,15.5793978,17.3516368,17.7860526,18.7262872,19.2199582,19.6353982,19.3856018,19.9958886,21.1089128,22.8022408,24.3201436,25.031591,26.624522,28.3166072,29.0033208,29.49659500000001,31.850082,35.51850760000001,38.980752,43.0162034,47.7200606,50.56398,50.11123600000001,46.58868440000001,42.94628540000001,36.51808279999999,30.670652,25.033258,22.767697,20.176555,20.0859036,18.479895,17.0234614,14.286215,12.2800144,9.9481184,8.662217800000002,7.56617752,6.72589282,5.91622614,5.10743724,3.98482136,3.48035604,3.2492615,3.04078078,2.68743526,2.54296004,2.23986484,1.60347548,1.10945948,0.7156799,0.2419696,0.0,0,0,0,0,0,0,0,0,0,0,0.0,0.0,0.0
570501>570523,752,752,WPKu,Wembley Park,EntEx,752,WPKu,Wembley Park,Jubilee // SB,Enter-Board,7668.281430160003,695.3078355600001,2542.452038,2276.75669,1465.5310108,493.0998534,195.1340024,16.01032912,24.39061852,41.13233852000001,63.88886160000001,96.0916844,123.5596874,150.474728,179.759588,193.538258,207.963762,227.947664,248.269924,260.005038,267.461464,248.302064,231.968418,211.682542,173.508494,145.077809,126.726601,106.273957,88.923653,86.277173,88.57158799999998,89.138801,88.837485,87.81500600000003,90.270938,88.3869172,84.90478220000001,86.71669820000002,89.596964,88.6114292,87.62889399999999,88.18550599999998,86.354362,83.3891032,81.87500600000001,86.872164,98.52683,107.021796,115.177753,135.106209,142.293675,137.579935,139.347265,147.752352,143.334858,142.4168680000001,149.297606,143.451626,125.685316,107.145894,91.902266,74.320399,63.29662580000001,56.7392582,50.0082436,50.2207696,47.49497460000001,44.3755226,42.04516140000001,42.1139106,35.5358276,33.0292816,31.6975602,30.5172242,29.32211920000001,30.0549466,28.2844086,26.7948832,24.724236,20.25068548,18.92477368,15.81792828,12.06697152,8.537011520000002,6.998926440000001,2.25608784,0.42314324,0.0,0.0,0.0,0,0,0,0,0,0,0,0,0,0,0.0,0.0,0.0
570501>570524,752,752,WPKu,Wembley Park,EntEx,752,WPKu,Wembley Park,Metropolitan // NB,Enter-Board,3560.0551036,136.1891428,1006.7738008,1117.3160682,831.2876160000001,363.3697528000001,105.118723,1.8093086,3.4942574,8.687607400000001,12.6545168,17.8468038,22.8830144,30.7517256,38.0619088,48.3006874,61.0696674,86.0618262,111.3226522,118.137711,117.712815,111.1177468,90.07034360000002,70.44370759999998,65.9032096,63.9250704,62.70836360000001,61.8857394,55.30683860000001,46.85665220000001,42.67350860000001,39.5988472,37.85098960000001,35.3799958,37.592331,38.0002118,39.9926884,39.9833088,43.554759,45.25703180000001,47.8490398,47.7681186,49.63890720000001,50.60459160000001,49.284762,50.548124,48.98992940000001,49.51129940000001,48.793938,54.27674200000001,56.11771400000001,63.1417398,67.4364338,75.24775720000002,77.18653600000002,77.214777,77.0905918,78.8060778,74.6106298,68.5420218,63.93245000000001,58.668818,49.409783,44.017523,41.0885122,38.5460636,35.85658700000001,33.786357,32.7996206,30.97777940000001,26.9520716,22.935332,22.6299834,17.8409882,15.9389348,14.87776744,14.03001824,10.25782572,9.79004332,7.69099244,8.3089282,9.4401048,9.296210400000001,7.7764162,6.52828828,4.39727508,1.75566388,0.6936124,0.2755765999999999,0.0,0,0,0,0,0,0,0,0,0,0,0.0,0.0,0.0
570501>570525,752,752,WPKu,Wembley Park,EntEx,752,WPKu,Wembley Park,Metropolitan // SB,Enter-Board,11951.98903980001,731.6241912400001,3681.599592,4213.624252000001,2289.143699,753.8627670000001,282.1345385600002,14.30560948,28.27546348,49.39798248,80.22485180000002,94.504738,125.949559,158.076333,180.889654,203.239398,239.765644,276.740458,317.32677,353.04977,370.348732,391.53841,376.652784,337.251184,293.09509,269.6325440000001,252.958808,237.20323,225.376604,226.516188,215.604452,189.13242,169.926832,168.47241,171.7651660000001,168.2818040000001,166.44399,172.059938,176.3165660000001,167.802748,160.694852,159.7674960000001,154.12121,144.891628,140.517092,150.516768,159.383496,163.146064,163.385998,181.19843,181.09887,181.366836,186.597942,203.73509,202.136594,216.664866,224.77474,228.584934,213.120424,195.937916,169.838035,145.706705,120.679617,106.015951,93.835891,82.1369224,73.36250340000002,64.9612664,56.90099680000001,52.708068,48.2756492,44.74816520000001,44.31602560000001,44.0784972,42.52283079999999,42.44696860000001,41.17061820000001,41.02123540000001,39.25854740000001,37.14518500000001,29.8554832,22.65932308,14.63188758,8.41612958,2.37998718,1.58048158,0.5488111,0.0,0.0,0.0,0,0,0,0,0,0,0,0,0,0,0.33996022,0.33996022,0.33996022
570522>570501,752,752,WPKu,Wembley Park,Jubilee // NB,752,WPKu,Wembley Park,EntEx,Alight-Exit,6119.3761281,147.5999137,929.8757912000001,1346.7809772,1725.3763758,1183.4475832,786.2954870000001,0.0,0.61771602,2.55796082,5.960967220000001,17.35738982,31.54308982,38.8999778,50.6628122,64.2209398,72.1545022,82.2460202,99.1238332,107.773096,106.690234,101.491871,85.51490240000001,69.76064140000001,53.93068140000001,46.7029648,40.26610480000001,41.4579964,40.76518179999999,41.86390720000001,41.269363,42.4443664,41.59125340000001,42.052182,44.3140246,46.8612444,48.88150200000001,50.479252,51.51324680000001,52.58756,53.8225424,54.94204740000001,57.34273040000001,61.7862076,65.39004440000001,67.97590020000001,69.9621182,74.93568020000002,81.4021692,85.7710912,87.36936600000001,98.81795799999999,105.403087,112.599848,121.917474,134.503346,149.066818,156.175066,168.57882,170.50681,178.175386,170.05547,159.5762928,140.9880138,127.1842918,109.0295398,97.8217758,94.524947,90.299567,92.282709,90.9279038,87.018541,85.6465618,84.70580679999999,83.01792560000001,83.3802008,84.3612876,84.0005608,77.72737240000002,71.75880620000002,65.1457522,63.3675642,57.52738460000001,55.17245379999999,52.3560312,41.83957520000001,25.8659092,15.9104008,7.882187999999998,0.0,0,0,0,0,0,0,0,0,0,0,0.0,0.0,0.0
570522>570524,752,752,WPKu,Wembley Park,Jubilee // NB,752,WPKu,Wembley Park,Metropolitan // NB,Alight-Interchange-Board,1904.729436499999,75.58696890000002,538.8404336000001,489.7923171,539.4760924000001,171.7001919,89.3334326,0.0,0.32026482,2.23358622,5.038578220000002,9.43132682,13.72470802,19.2540236,25.58448120000001,32.55619919999999,36.143798,49.64433480000001,59.75682639999999,64.8631024,63.35563300000001,62.09703700000002,50.41738860000001,39.68694420000001,29.7238524,26.6859738,23.9093438,21.5462332,19.8415388,19.8575544,18.837987,18.3019026,17.7153496,17.16665870000001,17.69027070000001,16.4765555,16.3120077,16.8415517,17.6027922,18.0144214,19.2407832,20.616144,21.2501774,22.5175926,22.5257196,23.6381272,23.5405486,24.453646,25.1914806,26.1219776,24.4912968,33.57189940000001,35.46208760000001,42.499673,48.29621160000001,58.2938076,52.7852396,57.0923174,52.43939940000001,48.38502400000002,42.589579,38.14289700000001,29.9179568,25.1350408,21.3671396,16.6458662,16.1147606,15.3232636,13.9969244,12.7415512,11.549013,10.0472014,9.410912200000002,9.449750800000002,9.9187681,9.6212119,9.6318459,9.5364677,8.91429184,8.52030474,8.61914534,7.788322680000001,7.57786688,7.05300434,5.101922140000001,3.30613034,2.511612200000001,1.0316258,0.1196808,0.0,0,0,0,0,0,0,0,0,0,0,0.0,0.0,0.0
570522>570525,752,752,WPKu,Wembley Park,Jubilee // NB,752,WPKu,Wembley Park,Metropolitan // SB,Alight-Interchange-Board,67.93739480699996,1.958499418,19.368418866,18.34580071300001,19.613714514,6.384085528000001,2.266875768,0.0,0.32590868,0.379348714,0.379348714,0.379348714,0.379348714,0.08431795800000001,0.030877924,0.175694538,0.468897818,0.468897818,0.532331984,1.570702124,2.56940405,2.77147657,2.847599306,2.753287216,1.968418116,1.834306376,1.40740295,1.645304474,1.775849482,1.764906082,0.975454722,0.9923370580000002,0.8125139380000002,0.792715802,0.728750882,0.6267082939999999,0.640347412,0.6890570120000001,0.7064028800000001,0.652695766,0.62988064,0.6644565920000001,0.652929864,0.598442256,0.57210501,0.585722084,0.4545152582,0.2831312462,0.2972003502,0.3822097042,0.4221639042000001,0.4199009500000001,0.4199009500000001,1.092150714,1.14718538,1.40641572,2.03552238,2.54461042,2.48181962,2.56489984,2.29045062,1.73637882,1.4744791,1.00927794,0.6876053400000001,0.6284771100000001,0.7305378779999999,0.5308268660000001,0.370687046,0.453581418,0.4564369820000001,0.326619434,0.382270066,0.4049525500000001,0.402812898,0.3477428880000001,0.31026693,0.258828984,0.23056889,0.266425102,0.244317658,0.234515536,0.1931255592,0.1315655932,0.0149546612,0.0149546612,0.0149546612,0.004654644,0.0,0.0,0,0,0,0,0,0,0,0,0,0,0.0,0.0,0.0
570523>570501,752,752,WPKu,Wembley Park,Jubilee // SB,752,WPKu,Wembley Park,EntEx,Alight-Exit,1526.3137076,122.4125796,384.677009,477.4122105999999,367.533123,146.55068314,27.72810226,1.9822076,5.6341566,8.593775599999999,11.2415636,15.72856,21.3954476,26.2625858,31.5742828,41.0440488,44.1693456,44.0872258,42.5593732,42.473772,35.02744000000001,31.1404276,27.8812316,24.0789018,18.5020722,16.4505336,17.2626368,17.2915294,17.79719320000001,20.2434532,19.8816664,19.0597132,18.9945526,18.3969396,16.4786004,18.0499392,18.2844104,16.9773782,17.0296382,17.5348514,17.851502,17.622174,18.4150064,19.456048,19.5053934,18.9755726,21.8276026,24.8724074,26.3884018,27.6635366,28.8147004,28.6596654,27.571435,28.525548,29.35669800000001,32.303731,32.121554,33.14382680000001,32.1421342,32.8328508,30.96053820000001,31.563635,28.3515066,25.25620240000001,21.4600122,18.7598012,13.8956558,12.1827406,11.3040628,10.2308472,8.3850794,7.559817700000001,6.696173160000002,5.819998420000001,5.000292260000001,4.2891724,3.6723978,3.541757480000001,3.2418807,2.86326146,2.65241642,2.56001564,1.87831528,1.3696768,0.949042,0.5750363000000001,0.13512998,0.0,0.0,0.0,0,0,0,0,0,0,0,0,0,0,0.0,0.0,0.0
570523>570524,752,752,WPKu,Wembley Park,Jubilee // SB,752,WPKu,Wembley Park,Metropolitan // NB,Alight-Interchange-Board,1129.84885754,63.0819224,459.1143874000001,297.8167326,228.23966304,68.58749764,13.00865446,0.3581332,0.87185924,3.07360544,4.54494924,8.32975304,11.17212784,16.1290764,18.602418,26.35784260000001,29.24863280000001,42.0668,49.04040800000001,59.13925620000001,57.31577539999999,54.6183346,45.060082,35.55585139999999,23.56427900000001,18.8513066,18.29581880000001,14.0989946,13.530655,13.0949844,12.4286424,11.820973,11.8257958,11.3254234,10.8883644,11.1686568,11.1655366,10.801826,10.9199758,10.9727636,10.4629516,9.6296104,9.717358,10.0315796,10.426312,10.9959824,12.6068758,14.662466,16.5733992,18.3161348,20.351471,21.1629746,21.9822778,22.1969004,22.1596952,21.56363540000001,20.95137920000001,20.2160322,18.7146926,18.3111896,16.01071908,13.49925478,11.47091218,10.15361678,8.19930298,8.4439045,8.3358332,7.3048458,6.37028176,5.00686942,3.88245198,3.29638156,2.66767976,2.32639222,2.59993768,2.30266214,1.82330536,1.61466186,1.46703046,1.0114915,0.84834812,1.0327052,0.949778468,0.7626292480000001,0.6031672880000001,0.440472248,0.152402568,0.0,0.0,0.0,0,0,0,0,0,0,0,0,0,0,0.0,0.0,0.0
570523>570525,752,752,WPKu,Wembley Park,Jubilee // SB,752,WPKu,Wembley Park,Metropolitan // SB,Alight-Interchange-Board,2563.711548004,312.105508,1096.7818224,745.7361956,317.2805092,80.14329735999999,11.664215444,2.1234648,6.020666400000001,21.9481084,31.346356,35.761448,49.0003992,81.27335759999998,84.63170760000001,84.64342099999999,97.920399,128.287689,111.307871,113.8551158,123.0671948,116.5231694,79.18069860000001,73.5118286,59.74281460000001,53.13848160000001,55.603139,55.2792232,46.6637406,49.6449982,43.6829412,37.05287320000001,34.7175246,35.9639992,31.2652648,31.2701594,29.203247,28.874863,28.4674346,26.99582220000001,25.3490044,25.4683674,25.9892206,24.5881018,23.4512,23.25136100000001,24.5752242,22.8945426,22.016068,24.0193558,25.0516586,24.8305038,26.4041766,28.40831,29.8326584,29.8312424,28.7102184,29.9243056,29.0620096,27.2435696,24.6201422,21.7512344,16.6621382,14.478829,10.24848714,9.41966074,8.54282186,7.62649926,5.92419964,5.7011463,4.52634978,3.89100406,3.39907286,3.3871193,2.99810742,2.77323728,2.27648188,2.1322955,1.53379406,1.112387796,0.764541004,0.6303073043999999,0.2461959808,0.1349802008,0.0515655448,0.006558196800000001,0.0018706964,0.0,0.0,0.0,0,0,0,0,0,0,0,0,0,0,0.0,0.0,0.0
570524>570501,752,752,WPKu,Wembley Park,Metropolitan // NB,752,WPKu,Wembley Park,EntEx,Alight-Exit,13236.8198827,188.4992703,1519.2754764,2878.026673,4267.039192,2870.00078,1513.978491,0.34525182,0.86446354,2.75513194,6.842718540000001,16.94047854,31.36177192,51.7640602,77.62539380000003,100.8757492,119.2774952,133.533094,145.829402,155.108058,164.9905240000001,160.614762,149.829856,130.528228,106.555016,80.248068,71.88522400000002,69.747362,71.63831400000001,75.226866,82.30122500000002,84.37507900000001,86.13899900000001,87.44000100000002,91.0480802,95.3131312,99.3425812,100.7495,107.01,112.6221888,116.6558848,121.0946928,131.688272,139.743412,146.937092,154.509126,162.171128,170.71949,180.210792,188.303822,203.039634,225.638964,243.4654,268.036578,296.110452,331.382714,363.854198,397.197612,421.7089099999999,448.305272,451.01571,421.913598,398.409784,360.047112,316.7745280000001,267.098314,258.509778,234.91817,226.265046,211.61393,214.511922,201.949908,196.07066,191.557672,190.68374,189.178796,186.693676,182.186654,170.812328,156.803557,140.758449,122.671125,100.311255,84.80177540000001,68.1967824,48.64201080000001,30.4312888,20.6908448,9.105882400000002,2.694066400000001,0,0,0,0,0,0,0,0,0,0,0.0,0.0,0.0
570524>570522,752,752,WPKu,Wembley Park,Metropolitan // NB,752,WPKu,Wembley Park,Jubilee // NB,Alight-Interchange-Board,3852.509422860001,15.582696148,188.148780652,661.08417976,1863.2230038,844.9875686,279.4831938999999,0.17617752,0.17617752,0.37064398,0.48346474,0.679795752,1.596682032,4.265069032,7.834685572000001,10.267147012,14.530232,17.0542742,19.0990932,20.1452168,21.770098,19.6595546,18.4575196,15.5144056,12.3899768,9.58583112,9.67543172,9.23050112,9.44371112,10.18053312,11.5118842,12.6221078,14.1381528,15.8999092,17.0464378,18.6073298,19.6024138,20.7380152,22.4349554,24.7239978,26.598631,28.6177638,31.598114,34.3380714,36.8690478,38.9305678,41.66040479999999,48.1980058,50.774121,54.50780700000001,62.81169620000001,73.92991560000002,79.29735079999999,95.6890136,117.7286804,142.9133032,164.9348592,194.2185,208.705592,216.716648,214.563632,190.193906,164.331603,138.323185,113.229781,86.046363,80.05137160000002,68.8052222,62.2166672,57.8437226,54.9146806,52.08073040000001,46.2567372,45.52438540000002,39.6947224,38.87829439999999,36.409324,36.7856362,34.8861824,32.24235300000001,28.852922,22.29439218,18.05462298,12.73662378,8.9776305,3.766039500000001,3.55968132,1.56476992,0.47472172,0.0,0,0,0,0,0,0,0,0,0,0,0.0,0.0,0.0
570524>570523,752,752,WPKu,Wembley Park,Metropolitan // NB,752,WPKu,Wembley Park,Jubilee // SB,Alight-Interchange-Board,230.2738118094,2.279972345,23.12004323,12.894642256,113.108046678,57.922826578,20.94828072239999,0.0,0.01996987,0.03760089800000001,0.05858814500000002,0.102513355,0.424448275,0.653561565,0.983290237,1.29725541,2.0629998,1.7445335142,1.9905691142,1.6473809264,1.7935418064,1.2088379064,1.9070323922,2.3221011722,2.57847256,2.145036524,2.422282104000001,1.774234732,1.025717752,0.8839715920000002,0.8426583606000001,0.3614612786,0.319989518,0.173019828,0.082242438,0.1026507534,0.0974606274,0.130814302,0.146025802,0.156628576,0.160120776,0.184518666,0.181508306,0.229946248,0.2473693280000001,0.30331708,0.360750628,0.429916332,0.51722048,1.611283876,2.571814976,3.551082366000001,4.95666976,5.084224300000002,6.331131500000001,7.287674300000001,11.5642652,12.7474584,15.0852434,14.7501284,14.70283240000001,9.443437886,7.603898766,5.510939066000001,4.766214326,4.201642006,4.91278572,5.30955164,5.82183386,5.605434000000002,4.98429094,4.77223254,4.24007262,4.0072849,3.79054496,4.25702174,4.08976474,3.74084178,3.44706916,2.5630329,1.344813094,0.92036954448,0.5437920244800001,0.02003584448,0.02003584448,0.00150405048,0.0,0.0,0.0,0.0,0,0,0,0,0,0,0,0,0,0,0.0,0.0,0.0
570525>570501,752,752,WPKu,Wembley Park,Metropolitan // SB,752,WPKu,Wembley Park,EntEx,Alight-Exit,3320.977955299999,138.917068,679.4517882000001,1098.2380162,928.5481956000001,371.1138422,104.7090451,0.4932331600000001,2.97603636,6.64738496,11.09336496,18.96839496,23.6407318,32.8211382,42.2767836,52.98252160000001,62.32484760000001,67.7157564,73.3283828,73.53172880000002,71.8286048,61.55832520000001,60.14160640000001,47.234869,41.456817,33.5238378,33.82449080000001,31.8292988,35.0884222,34.584883,35.40502940000001,35.658756,35.7307446,35.2689226,38.0810968,41.7979776,43.4101616,44.04093780000001,46.7396334,47.0749344,46.76379779999999,46.60694779999999,46.9980778,46.87507220000001,47.518225,47.94658279999999,49.21710479999999,60.11494600000001,62.63836800000001,68.4627042,70.38539159999999,80.85620759999999,76.85309960000002,77.64451360000002,74.27513060000003,79.78693480000003,77.7128318,80.9340038,81.46220579999998,84.94350580000003,79.2057334,71.8244184,63.04961040000001,57.17250040000001,46.0684128,40.8264092,35.1423478,30.32665380000001,27.16473480000001,25.8603734,24.03077600000001,22.381153,21.655027,20.8939752,19.5914788,17.1298788,16.193516,14.1836946,12.3160728,10.3746402,8.73198532,6.289410760000001,4.75367614,4.08052926,3.093272,2.75676518,2.22667694,1.73449296,0.49021444,0.3542197,0,0,0,0,0,0,0,0,0,0,0.0,0.0,0.0
570525>570522,752,752,WPKu,Wembley Park,Metropolitan // SB,752,WPKu,Wembley Park,Jubilee // NB,Alight-Interchange-Board,1104.80870141194,28.16829555,205.61868134,315.6245516600001,418.8831838,104.81312374,31.70086532194,0.13620621,0.48386865,1.14642119,2.47150759,4.12458099,4.69984978,6.18940114,8.91646,11.9109936,16.4832872,18.9860062,22.7078638,25.7022984,25.4627718,21.7533668,20.6335516,15.912181,11.1261488,7.992245940000001,6.9479662,6.426863340000001,6.92983102,6.82496362,7.63051308,8.14635702,8.37460168,8.3371244,8.449740400000001,9.1417794,8.912320900000003,9.001002699999999,9.9764559,11.3758723,11.5030459,12.3771034,13.4412512,14.4162968,15.50344780000001,15.9932936,16.9958512,21.5024018,23.7511978,27.7164974,32.896739,37.9471502,35.4820742,35.58605,33.4995854,34.7697434,35.168955,39.02135820000001,39.1490342,40.7340414,35.0426058,29.2408918,23.2416942,19.5694938,13.2886938,11.6118342,9.65256708,8.399028880000001,7.525771479999999,7.327316679999999,6.16828142,5.93128288,5.408951800000001,4.89314516,5.03675656,5.41042262,5.26018858,4.713874260000001,4.58713818,3.83777596,2.69206708,1.86428731,1.412211646,0.94678749,0.4757205723880001,0.2638958523880001,0.155583722388,0.08081258638800001,9.946238799999999e-05,0.0,0,0,0,0,0,0,0,0,0,0,0.0,0.0,0.0
570525>570523,752,752,WPKu,Wembley Park,Metropolitan // SB,752,WPKu,Wembley Park,Jubilee // SB,Alight-Interchange-Board,1825.23345479,94.12228100000002,450.6609312000001,547.2307821999999,526.286201,165.66838304,41.26487634999999,0.19613314,1.47821608,5.24895308,9.78735448,13.20665448,16.57194034,21.1194022,26.5136272,29.51437780000001,36.2249698,39.1766718,42.334827,44.56569020000001,50.94453900000001,45.4542848,45.40375460000001,39.748159,32.6194752,22.2891548,22.3850272,19.4929354,18.9098294,18.4414212,17.5201624,16.6172106,16.2778836,16.825753,17.2411392,19.5247962,19.689933,19.9567846,19.9680044,20.4308114,20.2850796,20.1683018,20.8918742,22.7849684,23.905244,23.6220646,25.5792244,34.17513940000001,36.9468412,38.336564,39.6388162,46.971409,43.3769594,43.8903924,50.2302916,55.563306,51.099752,51.6337066,49.594307,42.3445818,35.73045620000001,31.027761,24.82327800000001,22.7291422,19.0023184,17.4160397,15.8062419,14.5123771,12.4910433,12.2273801,11.2628442,10.6878066,10.3826195,9.59698862,9.55358142,8.92202502,7.96701234,6.94241612,5.77000196,3.71210671,2.82608283,2.09346547,1.232217158,0.8588147979999999,0.673505448,0.1995919280000001,0.067636568,0.0,0.0,0.0,0,0,0,0,0,0,0,0,0,0,0.0,0.0,0.0
110901>110916,757,757,WHMu,West Ham,EntEx,757,WHMu,West Ham,Dis+H&C // EB,Enter-Board,433.891357748866,13.47823944,97.25875322000002,133.20192716,126.77637208,44.65040074000002,18.525665108866,0.0,0.5870526,0.79906354,1.22924346,1.77991386,2.60504086,2.7661942,3.71173092,5.162098599999999,7.800964599999999,9.2529756,11.49192386,12.9271808,12.5580935,10.40854896,8.73848516,6.5705825,4.612421599999999,3.99849738,3.73698066,4.01769826,3.73695986,4.26491096,4.38842858,4.51696076,4.42652886,4.965264,4.8536292,5.0217277,4.827253519999998,5.053235020000002,5.077796820000001,5.15628572,4.99518732,5.150061120000001,5.278439200000001,5.69945152,6.120980220000001,6.09194232,6.782480060000001,7.924874880000001,8.01593768,7.969222140000001,8.866671440000003,9.38816616,8.86449466,10.04233126,11.535111,11.3665314,11.5850536,11.730988,11.6938952,10.6854348,10.8399688,9.9773574,9.067039800000002,7.256946600000001,5.844195700000002,4.759186640000001,3.750281980000001,3.68648512,3.40137996,3.27584072,3.20479318,3.08791634,2.5123243,1.99609525,1.87495495,1.48183141,1.58745691,1.56520475,1.484139256,1.694282816,1.608546516,1.596394256,1.2519796797732,1.2731453037732,1.2361424637732,1.2055233037732,0.8024813637731999,0.8024774,0.71917568,0.216884,0,0,0,0,0,0,0,0,0,0,0.0,0.0,0.0
110901>110917,757,757,WHMu,West Ham,EntEx,757,WHMu,West Ham,Dis+H&C // WB,Enter-Board,2607.8232206,514.46532112,1185.080887,512.1660418000001,264.9663298,96.075938,35.06870288,5.864532280000001,17.08221728,27.39700068,52.09068868000001,69.97257640000001,102.2835944,115.3352634,124.439448,121.861614,121.664076,114.275606,118.281002,123.165814,117.799545,116.519289,103.0347042,84.12555019999999,66.4194282,54.44859080000001,43.48566760000001,34.4332434,30.6342546,27.3581936,25.94227140000001,23.011443,22.871407,20.1592122,21.97256040000001,19.5742388,19.7480712,18.583695,20.4742666,17.98251920000001,18.5916844,18.0528602,19.006308,17.28522520000001,18.565679,18.2540468,19.6620668,18.5907202,20.106989,19.825288,21.4797978,20.7883632,21.820944,23.2900914,25.000628,24.1805726,25.3131716,24.97336540000001,22.8730088,20.8024284,20.8724456,18.6605552,16.3907556,14.2121498,12.5928342,9.827746200000002,8.1621402,7.297514280000001,7.215003680000001,6.82835228,6.17740608,5.911304879999999,5.61773,5.831896800000001,6.401859600000001,6.60997886,6.51893786,6.19583166,4.5472609,3.21799996,2.30764856,1.96103394,1.412135156,1.198694716,0.6820530560000001,0.4038289960000001,0.013299216,0.0,0.0,0.0,0,0,0,0,0,0,0,0,0,0,0.0,0.0,0.0
110901>110922,757,757,WHMu,West Ham,EntEx,757,WHMu,West Ham,Jubilee // NB,Enter-Board,3799.0243722,699.8401000000001,1684.798739,701.3741568,456.6660922,182.1750796,74.1702046,12.296288,26.62847480000001,40.44289879999999,74.00197080000002,93.7078848,130.2578228,153.281514,169.223246,169.484358,175.8755,175.601874,182.667968,185.197478,176.0696448,166.3079148,140.4388556,106.9185636,83.39898960000002,67.9019088,54.9356838,44.3548938,40.1678478,35.40222420000001,33.395369,28.6446044,29.3992302,27.2221396,30.4703566,28.2475848,29.2122604,26.296041,29.3155648,25.9727788,26.908585,26.6897716,27.2200184,23.702766,25.24454840000001,24.2082424,26.5974228,26.5014832,28.003574,27.5070012,30.6898484,30.3611374,34.307543,39.7702006,44.1807656,44.5821268,45.12040200000001,44.40966460000001,40.0581994,37.5935614,35.79379020000001,32.58279940000001,27.9059018,24.656882,20.3854796,16.0981528,14.352773,13.7287834,13.3126202,13.354317,13.186427,12.5229726,12.3253532,13.6561264,14.5951924,15.1448564,15.6416386,14.37380408,10.3344618,7.240982000000001,4.76055696,2.89306404,1.47707856,1.19773264,0.6848160400000001,0.42121348,0.0,0.0,0.0,0.0,0,0,0,0,0,0,0,0,0,0,0.0,0.0,0.0
110901>110923,757,757,WHMu,West Ham,EntEx,757,WHMu,West Ham,Jubilee // SB,Enter-Board,1508.287557039574,154.7756984,570.0336310000001,402.0877324000001,200.6715392,137.2170076,43.50194843957446,1.32348012,1.52478188,4.40819428,15.89536088,23.39775728,28.89640996000001,37.65821820000001,41.6714958,41.47628020000001,47.3034518,57.902627,60.634891,71.06256300000003,67.694366,61.30542140000001,48.97538540000001,40.7589674,26.755616,23.7384912,22.4255706,20.8974848,19.2268698,19.030835,18.4903744,17.6378928,17.2998386,19.388037,20.9475672,21.1915106,19.1029826,19.34246820000001,18.8567774,17.1838004,15.0888674,16.34812800000001,14.8519636,13.7928304,12.771717,12.9834828,12.0997824,12.6898752,14.2850898,14.5283202,14.0512368,13.5794624,14.7594212,14.9368698,16.1112034,17.3907674,18.5455684,19.3360286,18.4213294,17.801714,18.0499174,16.7270478,15.0122094,14.4231594,13.9108836,12.2969944,12.1006114,11.8936634,10.9894528,10.4995234,10.8157526,9.937007699999999,9.8948687,9.591569300000002,10.8635209,10.5450769,10.3070794,8.098132940000001,6.829030212,3.941786244,1.822399988,0.8358071560000001,0.4797187925192,0.3396373145192,0.16877097017544,0.12663243991489,0.003940271914889999,0.003935495395690001,3.0139569e-07,1.373945e-08,0,0,0,0,0,0,0,0,0,0,0.0,0.0,0.0
110901>110978,757,757,WHMu,West Ham,EntEx,757,WHMu,West Ham,NR Essex Thameside // DN,Enter-Board,567.886192195,55.21204018,80.912575128,103.357440072,209.9206855,89.58646285,28.896988465,4.830171400000001,5.698080920000002,6.700500720000003,6.47412712,6.77750332,6.905512180000001,8.604406059999999,9.22173846,10.11396086,9.05617186,10.8359326,9.2927386,10.0295068,8.39376,6.587536952000002,5.266921812000001,4.307633424,2.726559024,2.013587004,2.288266192,2.147638532,2.79753484,2.28079532,2.21706588,2.39695246,2.69795046,2.18573336,2.55665578,2.523368748,3.455194828,2.725473742,4.856713922000001,4.387258414000001,5.743106166,4.412382546000001,6.191284632,4.236044432,5.57872424,4.23061137,6.12409019,4.879961430000002,7.063771830000001,7.058521370000001,10.61060558,11.77129278,13.60100034,14.29362434,16.9484344,17.4231224,19.02988280000001,19.6985046,23.24108600000001,19.96518906,20.58219926,16.50888256,16.85746696,10.49918706,12.3511542,7.937405000000003,9.701449900000002,6.368665560000001,8.555212260000001,6.024464900000001,7.503312300000001,5.267066300000002,6.45127238,3.850582385000001,5.076690605,3.364669685,3.822873505,2.872848285,3.94153636,2.5176925,2.89882378,2.4066604,2.555581080000001,1.477207326,1.477207326,0.9110635660000002,0.6359175260000001,0.014907126,0.0,0.0,0,0,0,0,0,0,0,0,0,0,0.0,0.0,0.0
110901>110979,757,757,WHMu,West Ham,EntEx,757,WHMu,West Ham,NR Essex Thameside // UP,Enter-Board,312.9092997981997,77.4367627362,167.78188846,39.826186763,20.438135532,6.305645621,1.120680686,2.719374725400001,3.822454925400001,4.6983239254,8.60104988,11.38611768,13.3764644,15.1302854,17.7026918,16.3654558,12.3877384,12.7496988,14.0041136,18.6603682,18.918184,19.415958,19.2978304,16.1623476,8.553402199999999,6.219413340000001,5.04737812,2.87617154,2.10578076,1.86445654,2.3924764,1.93277416,2.02556028,2.03493116,1.98219712,1.32748358,1.65166416,1.2426743326,1.2182121926,1.0840139326,1.0574135526,0.7260667926000001,1.37012028,1.32483898,1.86414236,1.70900598,1.9153989,1.60207736,1.72961456,1.37780812,1.41130372,1.42587086,1.31930318,1.42693512,1.653853,1.62610334,1.7651696,1.92458382,2.01772176,1.85849878,2.07631114,1.77283352,1.570951412,1.112676255,0.845283199,0.471069985,0.502123905,0.481610705,0.4878971652,0.4633176632000001,0.5309537572,0.4335332572,0.3050531532,0.322321774,0.349804802,0.258168228,0.171865288,0.166533086,0.141483682,0.0842932596,0.06852955360000001,0.08568116960000001,0.04665718360000001,0.0330497236,0.032209756,0.032209756,0.0,0.0,0.0,0.0,0,0,0,0,0,0,0,0,0,0,0.0,0.0,0.0
110901>110990,757,757,WHMu,West Ham,EntEx,757,WHMu,West Ham,DLR // OB,Enter-Board,183.993118251612,30.1642937,65.20347688,33.5973206,32.158544302,18.691496544,4.177986225612001,0.2014877400000001,1.342797,1.60393984,2.9330639,4.276354799999999,5.885699460000001,6.5096408,7.41131016,7.67771136,8.27915126,7.828145660000001,7.95134666,7.997437459999999,6.9694289,5.506304200000002,4.50732042,2.92301514,1.9400999,1.75933052,1.8641854,1.61207626,1.652339,1.66418858,1.57669198,1.100256692,1.182691526,1.267782526,1.242890906,1.176283166,1.238690374,1.18072382,1.09960402,1.11018514,1.089584,1.29260822,1.52275668,1.280539266,1.331922366,1.556292926,1.621727686000001,1.592741386,1.80782714,1.69999275,1.69692419,2.39347451,2.40041953,2.75935147,2.94299906,2.93034028,2.21140752,2.5174924,2.65414146,2.80104576,2.70076698,3.15383994,2.693265392,2.333461592,2.091437332,2.470484172,1.867032132,2.08850556,1.69426054,1.71835144,1.186802352,1.032385852,0.7380269240000001,0.7551943240000001,0.7155543240000001,0.6387212720000001,0.589596102,0.68283283,0.66016876,0.45630379,0.404399108,0.359926504,0.1527560317224,0.1071539523224,0.07096484232240001,0.03179854432240001,0.0116824583224,0.0116820306,0.0,0.0,0,0,0,0,0,0,0,0,0,0,0.0,0.0,0.0
110901>110991,757,757,WHMu,West Ham,EntEx,757,WHMu,West Ham,DLR // IB,Enter-Board,344.0052818619761,51.18273018000001,89.87417946000001,117.47980832,48.05528418,33.92560061600001,3.48767910597608,0.23665626,2.77651946,3.30695612,6.59274072,8.101330860000001,10.46291066,9.21902058,10.48659552,8.64693804,8.28249124,7.54974924,7.550111620000001,7.083206300000001,6.673070580000001,6.080854260000002,7.54424906,7.55674048,7.344839,7.047465160000002,8.514464480000001,6.80128768,7.07631906,6.87825036,7.993609200000002,6.343590440000002,5.999065940000001,4.730154220000001,4.80438732,3.46996424,3.9336854,3.44298064,4.43985026,3.99874218,4.4359712,3.75735838,4.4262777,3.94734896,4.770467160000001,4.488802260000001,5.038487280000001,4.460514680000001,4.755036480000001,3.64348856,3.84416872,4.01157292,4.60655534,4.02379168,4.42420512,4.533509980000002,4.49483704,3.752333300000001,3.697106820000001,3.699936220000001,3.17751854,3.47247838,4.16143884,4.46527342,4.53856864,4.54748306,3.57111708,2.80745328,3.11775138,2.65039236,2.43361648,2.16336986,1.93313992,0.904377548,0.7930575879999999,0.5908004200000001,0.5638597160000001,0.430081096,0.393790136,0.3701776760000001,0.372729012,0.282234016,0.233693988395216,0.195195520395216,0.05511750039521601,1.2395216e-08,1.2395216e-08,0.0,0.0,0.0,0,0,0,0,0,0,0,0,0,0,0.0,0.0,0.0
110916>110901,757,757,WHMu,West Ham,Dis+H&C // EB,757,WHMu,West Ham,EntEx,Alight-Exit,2753.8402015,47.5958236,179.60619318,531.86691932,1216.856178,547.8660036,230.0490838000001,0.0,2.33199,3.076111360000001,4.36998228,6.30517768,9.21589868,9.76648468,12.53017892,15.8232294,17.8501468,20.1750872,20.4039284,19.99827040000001,18.5819062,17.0205096,13.2201222,11.7303772,9.929835320000002,8.188779180000001,6.68400128,7.14245248,7.699673880000002,8.12075856,8.9450965,10.1021411,10.8985865,10.8822255,12.2548251,13.5555473,15.2368098,15.6081438,17.3087982,18.4932192,19.9252708,20.200934,22.11214480000001,23.783813,26.696577,28.5343702,33.3504092,38.71970779999999,47.0322986,54.3381824,60.9249336,71.98143680000003,77.9294968,81.6753688,91.9023952,104.366258,113.2359952,120.9395152,127.0063212,122.45657,114.857766,100.729636,89.77541880000003,76.61590279999999,68.1355968,58.2943074,51.3071154,46.0604006,43.47123360000001,37.634542,35.86759400000001,34.0461024,33.2872584,30.9752918,32.17065840000001,30.5446858,30.301592,27.4442182,26.63428320000001,22.971332,20.902631,17.4575544,15.361005,12.3615828,9.778824000000002,7.085682640000001,4.95847864,2.87858384,1.08846664,0.28016364,0,0,0,0,0,0,0,0,0,0,0.0,0.0,0.0
110916>110922,757,757,WHMu,West Ham,Dis+H&C // EB,757,WHMu,West Ham,Jubilee // NB,Alight-Interchange-Board,1015.81779246,29.65072424,175.90746976,314.2229342,324.968581,138.03931286,33.0287704,0.0,1.2622572,2.00970794,3.80480714,4.61642842,5.25750976,5.599526760000002,7.100487020000001,7.84506702,10.12583034,13.3779618,17.1025554,18.528631,19.8304542,19.2967278,18.4162406,15.4649352,13.6859276,11.6557312,10.5774076,9.9677608,9.09688308,8.85639888,8.968164680000003,9.35170808,9.38949188,9.884187400000002,10.4178302,10.610335,10.8783336,10.8485126,11.5504872,12.373183,13.1364802,13.764026,13.9488244,14.140135,13.6582378,13.9133088,15.723878,16.9253952,19.9330812,22.8004838,24.0858074,24.9919888,25.0700016,23.61234240000001,27.8656822,30.1901584,30.2579844,32.0105666,32.6714004,27.0963998,25.6266412,22.9586936,22.6167216,21.017111,20.535343,17.498646,17.7376854,12.97193044,10.78199524,8.13803944,7.507063840000002,4.9987592,5.91560642,5.30192114,5.635211740000001,4.63990584,5.38356188,4.99309962,4.80452454,3.9064444,3.69091968,2.500545372,1.453935172,0.9402153320000002,0.5555506720000001,0.160067892,0.0,0.0,0.0,0.0,0,0,0,0,0,0,0,0,0,0,0.0,0.0,0.0
110916>110923,757,757,WHMu,West Ham,Dis+H&C // EB,757,WHMu,West Ham,Jubilee // SB,Alight-Interchange-Board,5.361173376142999,0.0652039589144,1.2427436102286,1.3331742732,1.8440643228,0.6436742000000002,0.232313011,0.0,0.006958808800000001,0.006958808800000001,0.0122925296,0.0122929328286,0.0122929328286,0.007203973028600002,0.007203973028600002,0.004232069428600001,0.0220642022,0.0432895862,0.050654448,0.103621364,0.1202664988,0.1864012428,0.1997524328,0.190517722,0.147975076,0.128968124,0.04500084400000001,0.01751407,0.01751407,0.022578488,0.022578488,0.051184352,0.0505486248,0.0584040164,0.0429153284,0.0517279496,0.02981965360000001,0.0326781008,0.0248227092,0.0314076472,0.03347550520000001,0.0347562558,0.0254437358,0.03549456240000001,0.0457863464,0.0442174232,0.0523033586,0.1151967386,0.149637036,0.169249848,0.1739199651999999,0.1578557111999999,0.0949623312,0.0774230712,0.0770151112,0.159836828,0.211079788,0.238735438,0.226426016,0.255320442,0.158517052,0.107274092,0.07961844200000001,0.07336305300000001,0.008387053,0.0302324518,0.0302324518,0.05665985179999999,0.05350139540000001,0.05843207860000001,0.04385893300000001,0.08785220300000003,0.067890073,0.0690976694,0.0641669862,0.056894733,0.012901463,0.006436193000000001,0.0,0.0023465828,0.0023465828,0.003718748,0.0094802984,0.0271320864,0.0288695416,0.0288695416,0.0274973764,0.021735826,0.004084038000000001,0.0,0,0,0,0,0,0,0,0,0,0,0.0,0.0,0.0
110916>110978,757,757,WHMu,West Ham,Dis+H&C // EB,757,WHMu,West Ham,NR Essex Thameside // DN,Alight-Interchange-Board,2655.8095614505,49.79711380000001,126.15377682,203.1922465725,1594.0736524,544.42922654,138.163545318,0.0,0.0,0.8041835999999999,5.847035200000001,6.2687232,8.510441400000001,13.4329844,14.933746,13.74591680000001,16.39674680000001,15.8113594,13.1356546,13.5168445,10.5473473,9.044238,9.188842999999999,7.344530659999998,5.7832157,5.48304898,6.15603108,4.958922080000002,7.872930620000001,7.617475880000002,8.663443500000001,8.322742300000002,10.4066539,8.12636684,7.270672841200001,5.6393467412,3.7888562612,2.4911667412,1.4591269046,1.4454555034,1.4477241467,3.5990240267,2.2117837513,2.2075762479,2.2458648139,5.523271770600001,6.368949170600001,6.366140566,17.457077566,31.286227,46.4154474,64.37132980000001,87.60653980000002,91.36420280000002,109.7073968,130.3383848,147.022196,148.1883759999999,181.306732,166.929326,172.85208,145.1984232,149.1886652,103.1662956,121.2991896,76.33655159999999,73.7031356,45.3115036,50.0168352,14.0507152,14.185865108,6.785067907999999,13.756337908,8.920748908,16.896980308,18.7012378,18.7073590436,14.6058938436,23.59871824360001,15.6224868436,14.1629176636,14.15679642,11.77641332,1.7521317,1.7521317,1.27229348,1.27229348,0.78287178,0.0,0.0,0,0,0,0,0,0,0,0,0,0,0.0,0.0,0.0
110916>110979,757,757,WHMu,West Ham,Dis+H&C // EB,757,WHMu,West Ham,NR Essex Thameside // UP,Alight-Interchange-Board,37.55853004911847,4.750816992369795,11.294453302,7.781597685504681,8.162829894490002,5.140074782354001,0.4287573924,0.0,0.11453434,0.1145343517673948,0.1145343748739588,1.074447434873959,1.108334612873959,1.011208374873959,1.213223503106564,1.32962296,0.6092211999999999,0.694467202,1.09132234,1.20858006,1.246648866,1.199842434,1.15565384,0.84605123,0.67532665,0.6915295240000001,0.5461869960000001,0.4745537702000001,0.3698931742298841,0.265518680229884,0.132181998229884,0.277313518229884,0.4461489080298841,0.556722814,0.67802032,0.6576257179999999,0.502021884,0.32987528664854,0.22649839264854,0.06300036984854,0.046060629711052,0.018415853711052,0.113485867062512,0.114660695662512,0.317739606462512,0.3737216246,0.4147388946,0.4319968886,0.436782992,0.2377244964,0.2968953024,0.4235418824,0.3923423024,0.4619648644000001,0.548924164,0.5427872640000001,0.8837238040000001,0.8764594240000001,0.8984602640000001,0.9613573,1.03168605,0.607720706,0.53386186929,0.5240254612900002,0.5575017012900001,0.3781675362088,0.3383209802088,0.5972094569188,0.6322662849188001,0.4730290869188,0.507250078,0.53799243,0.2884578648,0.1678384108000001,0.138015491,0.1047334092,0.0352462072,0.0482690344,0.0457378164,0.0571197092,0.056170155,0.0429717846,0.0205896826,0.0137385546,0.0020905196,0.0020905196,0.0,0.0,0.0,0.0,0,0,0,0,0,0,0,0,0,0,0.0,0.0,0.0
110916>110990,757,757,WHMu,West Ham,Dis+H&C // EB,757,WHMu,West Ham,DLR // OB,Alight-Interchange-Board,380.8396259099999,23.5595199,60.18225380000001,117.26493794,101.18632448,53.99599214,24.65059765,0.0,1.4691894,1.94765248,2.25641932,3.85058942,4.889311080000001,4.54477034,4.60158786,5.11018658,5.290083480000002,5.519541520000002,6.234956060000001,7.338473660000001,7.410641900000003,6.225156900000001,5.35505848,3.81674554,2.70423328,2.5478809,2.6292955,3.048271740000001,2.88279494,2.67556304,2.51393794,2.56598762,2.66133664,2.97928338,4.01886474,4.29708688,4.57637488,4.06376278,4.667495840000001,3.90359744,4.254275499999999,3.839456820000001,4.98913728,4.7586197,6.262917700000001,6.04342518,5.82529986,7.80397936,9.77049688,9.156519800000002,9.706452000000002,11.78596052,9.32292682,7.936657220000002,7.833693300000001,8.249338300000002,8.159571500000002,8.540050260000001,9.06867826,8.678921960000002,8.106395160000002,6.830833800000002,6.67329738,4.983015760000002,4.72051814,4.08412934,4.33967144,4.581449,5.516310219999998,5.297416460000001,5.13088056,4.34716574,4.02137044,3.21984748,3.75421756,3.52068778,3.68853704,2.80107516,2.97497488,2.39935854,2.54884896,1.97260056,1.8761752,1.344089282,0.8743892219999999,0.3873388820000001,0.2413401020000001,0.021182042,0.0,0.0,0,0,0,0,0,0,0,0,0,0,0.0,0.0,0.0
110916>110991,757,757,WHMu,West Ham,Dis+H&C // EB,757,WHMu,West Ham,DLR // IB,Alight-Interchange-Board,333.5244094700001,16.176565968,30.957882362,93.67916049000002,97.3808174,55.70609592,39.62388733,0.0,0.37834618,1.66592924,2.56484414,2.608866402,3.351326182,3.191812642,2.415441182,2.699127082,2.93267052,2.40959122,3.23068044,3.29327742,2.92091336,3.01117714,3.11998666,2.398779300000001,2.00738454,1.37548766,1.55880702,1.47843242,1.36680596,1.344427166,2.015267046,1.730979506,2.362881166,2.339278266,2.82648622,2.67772276,3.09111138,2.748415,3.56862106,3.43286488,4.01399806,4.02927014,4.88016412,4.56851472,5.395331000000001,4.763901520000001,6.248024320000002,6.510443660000001,7.655687060000001,7.42456848,7.20596458,6.902367979999998,6.66053038,6.76951598,7.52434028,9.2294114,9.6125876,10.0883556,9.07653314,9.12479174,8.30598866,7.33189386,6.754500780000001,6.43808438,5.50762026,4.9941294,4.3815574,3.78942716,4.2875231,3.99397318,4.506220440000001,4.210288100000001,4.55179254,4.012639060000001,5.032840900000001,4.53513326,5.8481912,5.608695539999998,6.29642794,4.94980506,4.7673611,3.153583706,2.390339466,1.125632666,0.7658003459999999,0.129411426,0.05350562,0.0,0.0,0.0,0,0,0,0,0,0,0,0,0,0,0.0,0.0,0.0
110917>110901,757,757,WHMu,West Ham,Dis+H&C // WB,757,WHMu,West Ham,EntEx,Alight-Exit,470.3877730199999,52.97891724,127.14152036,138.33866334,105.5015342,36.07664353999999,10.35049434,3.51194592,5.24555412,6.583668380000002,7.07025056,6.66263008,7.043540480000001,7.758408080000001,9.102919620000002,11.76640392,13.3462712,14.7339654,15.5981236,15.2404542,13.2316378,11.559319,9.255040800000002,6.962977260000002,5.65161226,5.05973252,4.7359824,4.600804460000001,4.37080368,4.02906702,3.91445148,4.293243599999999,4.205972940000001,4.39722994,4.71266634,5.40716442,5.333087900000002,5.3900692,5.51650612,6.07271368,5.81233148,5.835931,5.9617139,6.378641040000002,6.409082140000002,6.67537262,7.09295242,8.28013882,7.835411580000001,7.78405412,8.029253440000002,8.11602444,7.82838674,9.18321854,9.768434,10.7776276,10.4773482,9.970720160000004,9.25619856,8.76943276,7.55629736,7.294576760000003,6.503269080000001,5.51852968,4.59008238,3.80560118,3.2024383,3.12338432,2.91088442,2.81197552,2.48948334,2.2876632,1.95464554,1.87867918,1.50327648,1.48916912,1.38025951,1.40520139,1.10710412,1.27641708,1.096743354,0.9789397200000002,0.7347098220000001,0.5852390520000001,0.197652992,0.067424258,0.031633922,0.0,0.0,0.0,0,0,0,0,0,0,0,0,0,0,0.0,0.0,0.0
110917>110922,757,757,WHMu,West Ham,Dis+H&C // WB,757,WHMu,West Ham,Jubilee // NB,Alight-Interchange-Board,10361.49238161999,1700.33688332,3859.544656,2756.252001,1403.2902212,506.3748522000001,135.6937679,21.92536084,67.51713284,129.37221284,184.5161714,246.0381654,329.851404,356.2085120000001,364.907924,381.156418,371.516282,347.29561,354.209786,360.221646,349.166378,347.401856,341.5804080000001,304.743108,263.997456,235.17574,203.079968,163.800366,146.058332,138.602492,129.782644,128.555998,122.08505,117.622108,107.937764,108.414275,98.560673,98.78571099999999,100.251931,108.503115,105.343878,107.9384748,108.4398728,112.1192908,99.4310708,98.32205480000002,97.891696,110.458208,106.68921,115.750915,124.906871,129.67565,123.294428,131.48207,135.631017,141.3212270000001,134.5852848,130.1990428,119.9632888,109.3937148,89.7218908,81.906412,76.1161952,70.4996892,60.14991980000001,53.79687500000001,51.21020100000001,44.3890492,36.7313068,36.11844620000001,33.814636,33.7973736,29.3018826,29.300543,27.2649298,26.9291872,21.9778784,21.0583548,16.9275218,15.5750126,11.3797371,9.87720286,5.830636060000002,4.08774906,1.55394346,0.49654456,0.0,0.0,0.0,0.0,0,0,0,0,0,0,0,0,0,0,0.0,0.0,0.0
110917>110923,757,757,WHMu,West Ham,Dis+H&C // WB,757,WHMu,West Ham,Jubilee // SB,Alight-Interchange-Board,1697.06765683,154.2541584,605.2759250800001,331.79113622,388.0969732800001,183.73076062,33.91870322999999,1.27521856,1.81605716,3.62847016,14.86509516,26.12214716,29.11426920000001,38.0322472,39.40065379999999,45.84471480000001,45.60478120000001,54.41118760000001,60.90389900000001,76.9765234,65.43719820000001,63.49079760000001,58.9115474,51.1813824,33.80998200000001,28.17987284,20.52403864,14.69265374,7.47208314,7.172109219999999,7.38852572,9.05222052,8.641794820000001,10.12013282,10.74357514,12.8527833,10.7830934,10.8420226,10.0797226,10.500654,9.3751421,9.9295966,9.921522,9.63588666,10.58261926,11.11880486,16.56397486,27.24664966000001,30.669986,33.1248884,33.28069480000001,29.8996916,22.230014,25.8297436,27.3575272,36.064514,39.92112460000001,43.8603268,41.573875,41.362303,33.352384,27.0233172,19.62215228,14.14997024,8.34537578,9.40857738,12.22983118,17.1445753,18.69292454,21.1060748,19.6546406,18.8962392,15.187567,15.91759540000001,12.9973892,11.7647947,8.21114533,6.136599170000001,3.238626544,2.33416225,0.8883483980000001,0.7513901959999999,0.277966756,0.2019345820000001,0.07375927600000001,0.039976028,0.0,0.0,0.0,0.0,0,0,0,0,0,0,0,0,0,0,0.0,0.0,0.0
110917>110978,757,757,WHMu,West Ham,Dis+H&C // WB,757,WHMu,West Ham,NR Essex Thameside // DN,Alight-Interchange-Board,36.301179248,28.46442603800001,3.886067626,0.383414694,3.050356368000001,0.259891558,0.257022964,3.055307698,5.655488098000001,6.263957878000001,6.158274850000002,3.372585676,3.255880806,0.655700406,0.047230626,0.047230626,0.7677674,0.7677674,0.7677674,0.7677674,0.7677674,0.0,0.0,0.0,0.0,0.0,0.0,0.05610301400000001,0.05610301400000001,0.05610301400000001,0.05610301400000001,0.05610301400000001,0.0,0.0,0.0,0.0,0.0,0.0,0.0,0.0,0.0,0.0,0.0,0.0,0.0,0.0,0.0,0.0,0.0,0.051449812,0.051449812,0.061156916,0.061156916,0.077811554,0.115628596,0.131281348,0.386557344,0.465808532,0.449153894,0.489494228,0.473841476,0.208858376,0.129607188,0.155664062,0.026056874,0.026056874,0.026056874,0.026056874,0.0,0.0,0.0,0.0,0.0,0.0,0.0,0.015576472,0.015576472,0.02675252,0.0514045928,0.0514045928,0.0358281208,0.0358281208,0.0246520728,0.0,0.0,0.0,0.0,0.0,0.0,0.0,0,0,0,0,0,0,0,0,0,0,0.0,0.0,0.0
110917>110979,757,757,WHMu,West Ham,Dis+H&C // WB,757,WHMu,West Ham,NR Essex Thameside // UP,Alight-Interchange-Board,659.2227289363998,157.3095516036,330.92783242,106.54798217,46.49475453,15.107364951,2.835243261800001,6.123336801200002,6.600455681200001,7.471581681200001,8.767511800000001,24.59615100000001,27.7501884,33.57749112,42.42283512,44.2450236,32.3695876,27.26616360000001,27.32957720000001,33.73923120000001,34.8535134,35.484399,33.1978692,29.124871,14.32166628,11.30937402,7.68655632,8.27435992,6.160692632000001,5.935811352000001,5.271696812,6.380069912000002,4.072853412000002,4.88856318,4.288079000000002,4.934334600000001,2.933608646,3.718624146,3.136700146,4.253146326,3.189192546,4.233660540000002,3.53998396,4.72432762,3.3538224,4.22188218,3.39175304,4.24404276,2.88758588,4.228589980000002,4.28460118,4.660413,3.71093499,4.528479330000001,3.41884979,2.385796962,2.658494042,4.138264911999999,3.947200912,4.207605892,5.012979840000002,4.60911778,3.21661708,2.452937966,1.742052202,1.323316222,0.90938311,1.65894207,1.582696536,1.652235644,1.257857854,1.373085026,0.405281254,0.418803376,0.330773691,0.455250061,0.241499624,0.477287176,0.4429994334000001,0.4796082604000001,0.3283705404000001,0.3136548265600001,0.05187098656000001,0.04323865516000001,0.0007318491599999999,0.0007318491599999999,0.0,0.0,0.0,0.0,0,0,0,0,0,0,0,0,0,0,0.0,0.0,0.0
110917>110990,757,757,WHMu,West Ham,Dis+H&C // WB,757,WHMu,West Ham,DLR // OB,Alight-Interchange-Board,1122.898019480899,175.88971784,295.9872231599999,310.11314314,222.5477614,93.73447522000001,24.62569872089864,2.76755096,4.68695376,11.93956916,18.79244716,26.7580338,32.6497864,38.212208,40.0831686,38.93718939999999,35.4671298,32.5237254,32.384705,29.9662742,27.2805576,25.8595102,22.58317520000001,16.55020654,12.16986654,11.40647514,10.85840814,9.68381674,11.3633652,10.02662868,10.60664348,9.37161228,11.80067048,9.72705248,12.3222934,10.5117028,13.2478178,10.9455495,14.4111969,12.577634,16.117635,13.9010818,17.0000141,14.1491747,16.6963606,14.5822518,13.7004336,14.140844,14.204525,14.101669,14.9231698,18.453786,21.54809160000001,23.6579608,21.57595520000001,24.6470132,22.0529138,17.2984736,16.3554172,16.9853294,13.1922588,13.6644134,13.1161484,11.3836506,10.7253192,9.08063672,8.33090252,7.84813252,7.38692154,7.31019634,7.27248962,7.0978961,5.5001457,6.46923768,5.32894668,5.45718714,4.58244854,4.31832196,3.28167932,2.76215296,1.79383948,1.14563774464608,0.8770519281797291,0.3772437681797292,0.0301345281797292,1.3481797292e-06,3.5336492e-09,0.0,0.0,0.0,0,0,0,0,0,0,0,0,0,0,0.0,0.0,0.0
110917>110991,757,757,WHMu,West Ham,Dis+H&C // WB,757,WHMu,West Ham,DLR // IB,Alight-Interchange-Board,940.7477671,111.762425,327.7525044,269.54402236,155.36629018,68.11181312,8.210712039999999,1.020421,4.8094922,6.0831442,9.588156199999998,14.3957354,20.0925372,24.8585274,30.9144114,32.3932904,32.9275118,31.6054518,30.10798440000001,25.4239996,25.6245086,25.6502954,27.908096,24.9273186,26.428497,22.5591249,22.1964259,18.1414753,16.7501033,15.1279245,16.5153612,12.1568424,12.1500422,10.01659646,9.769302860000002,8.652632060000002,9.18511846,7.1401011,9.30882964,8.550500300000001,8.816030699999999,6.808931592,8.508722952000001,9.591189952,10.354874692,8.938714852,10.70887756,10.68322416,11.73843536,13.47657976,16.453611,15.93626886,17.04790666,13.19943892,12.36432092,13.78958192,13.63065476,13.17199576,15.3861943,13.5218374,9.53278368,9.275502100000002,8.5098049,6.737000699999999,6.935276000000001,8.03545132,7.8652646,6.16486102,5.99067502,5.44260742,4.24582784,4.72629954,4.8833286,3.829971300000001,3.25524976,2.6706567,1.408420154,0.9517510840000001,0.8459027440000001,0.619488764,0.537906248,0.461068094,0.373917884,0.255977324,0.08562304400000001,0.0,0.0,0.0,0.0,0.0,0,0,0,0,0,0,0,0,0,0,0.0,0.0,0.0
110922>110901,757,757,WHMu,West Ham,Jubilee // NB,757,WHMu,West Ham,EntEx,Alight-Exit,1388.4180222,42.7762266,105.8638519,323.3566044,566.81259,245.9594824,103.6492669,3.19174628,3.47459026,3.80896586,5.18683976,5.28477416,6.127365279999998,6.941670200000001,8.760274800000001,10.0316351,9.03656264,10.40249404,11.45097574,12.26895414,11.12842134,11.1018409,8.84333016,7.350129000000001,5.24596,4.668093600000002,4.33545524,4.858208900000001,5.02205878,5.358320279999999,5.83564228,6.38017994,6.98148182,7.73195704,8.41740334,8.95818794,10.71207914,10.70099654,12.3543116,13.6521458,14.4512332,14.2498878,15.171795,15.3732602,15.1870874,17.0101128,18.4945468,22.0820268,24.9737916,29.4279688,29.9719206,33.2135074,35.69671779999999,40.4084006,43.67216260000001,52.1089504,54.17139500000001,58.26665700000001,56.54068660000002,57.50904420000001,51.15374379999999,46.05293960000001,38.01838499999999,32.3090286,24.688083,20.3420216,18.6145264,17.4005658,18.3358582,18.142562,19.148249,19.5279794,19.067395,19.6837792,18.6994342,18.0975124,17.37660420000001,17.8711062,13.84327908,12.44411858,9.581374,7.19273974,3.48797934,2.37447426,0.8857659600000001,0.49431314,0.0,0.0,0.0,0.0,0,0,0,0,0,0,0,0,0,0,0.0,0.0,0.0
110922>110916,757,757,WHMu,West Ham,Jubilee // NB,757,WHMu,West Ham,Dis+H&C // EB,Alight-Interchange-Board,2764.63291043,24.47248247,150.16815764,684.71403172,954.8469416000002,694.0403112,256.3909858000001,0.8024846000000001,0.8024846000000001,0.953200666,1.848634666,3.784402666,4.034085666,5.418592566,6.82859704,8.90690724,9.547561840000002,11.85623364,13.81691154,18.0698522,18.962005,18.18129,16.6218496,13.8150446,8.57981706,5.983279459999999,5.82740546,6.16534006,7.24248306,10.2349612,12.9191766,14.1211064,16.616298,19.9187336,20.5511264,20.895045,24.4286284,27.5802078,29.9872434,33.3327464,37.202119,41.3751068,42.6141782,46.9619648,46.98243600000001,45.8750472,38.88888660000001,37.83298020000001,33.5171896,34.24201679999999,35.22901020000001,39.2787062,45.5490896,56.15890160000001,69.66915660000001,83.4853172,99.95740720000002,105.6127942,104.9768562,103.1786332,96.936494,81.13305079999999,68.91053480000001,60.24822080000001,53.3624518,45.36987380000001,43.78760700000001,48.0526044,53.5043584,52.1180706,59.52615260000001,69.15908060000001,68.5000892,72.60970920000003,67.80209280000001,64.798376,53.731949,46.01846800000001,30.0538472,23.9965918,13.16248192,9.72439312,6.15934412,3.894040920000001,3.02483152,1.8266622,0.0,0.0,0.0,0.0,0,0,0,0,0,0,0,0,0,0,0.0,0.0,0.0
110922>110917,757,757,WHMu,West Ham,Jubilee // NB,757,WHMu,West Ham,Dis+H&C // WB,Alight-Interchange-Board,28.7839871994,1.4644301266,1.756454925,10.1192826018,4.660174926,7.25177013,3.53187449,0.2535149086,0.2535149086,0.2565861252,0.2895938632,0.2840329146,0.0412930862,0.0444827684,0.0414115518,0.0084038138,0.0276754678,0.0477779202,0.198594698,0.251139268,0.261900836,0.25274192,0.27907459,0.1292473294,0.08648567860000002,0.1117630706,0.1016503326,0.0922579406,0.2041112352,0.2669795,0.26753892,0.340020326,0.4021102640000001,0.313161172,0.316555578,0.3614735900000001,0.514493984,0.4811631840000001,0.5359091920000001,0.6002019160000001,0.6434973160000002,0.6351700760000001,0.6568111840000002,0.6640087379999999,0.5960054520000001,0.553617704,0.366782684,0.366305184,0.3289564,0.327506692,0.28464437,0.322345558,0.284186444,0.281356554,0.302867274,0.445696564,0.490516156,0.4364956620000001,0.528889032,0.518933792,0.393496996,0.31119326,0.344197634,0.37005508,0.35166662,0.339403114,0.35248457,0.486815356,0.431541096,0.559805168,0.6037556480000001,0.948215508,0.8490321140000001,1.008398908,0.9505969480000002,0.983882418,0.6513215460000001,0.6490635200000001,0.412240872,0.295367004,0.209241406,0.153704378,0.08781063800000001,0.053441646,0.035801062,0.0,0.0,0.0,0.0,0.0,0,0,0,0,0,0,0,0,0,0,0.0,0.0,0.0
110922>110978,757,757,WHMu,West Ham,Jubilee // NB,757,WHMu,West Ham,NR Essex Thameside // DN,Alight-Interchange-Board,2006.05871304,44.13812678000001,145.19452598,427.4734020400001,841.5701367399998,390.2799249000001,157.4025966,2.97347,3.057877728,4.448593428,4.448593428,6.425072628000001,6.317722507999999,7.83996458,8.626832480000001,12.62888788,10.76095048,13.1523984,15.2506186,18.0046734,15.7829846,16.6977964,14.6438273,11.0843836,7.12460112,5.677561700000003,4.3858425,4.6879732,4.5425469,4.55221538,5.072396299999999,5.335381900000001,5.9032345,7.2464864,10.5166306,10.9942663,15.4421905,15.7820135,21.2097296,19.4534984,26.4199086,24.4526602,31.6080562,28.1514506,32.44185760000001,24.1443036,24.988226,16.71147634,22.61835274,27.50228034,37.69626634,52.88637834,62.9754234,72.0298986,75.0177006,83.52602859999999,79.82256059999999,78.910201,83.82747699999999,74.914128,67.90839759999999,55.544805,54.20713800000001,31.16919052,41.90689152,38.09120312,33.89282706,27.85304946,37.10801094,24.08394594,25.65985074,29.189454,34.9049746,29.86106939999999,36.5594576,32.4362644,33.7092926,27.3448336,23.84084752,15.00610732,9.672500520000002,6.157197360000001,3.61622736,2.75411464,1.43260564,1.43260564,0.0,0.0,0.0,0.0,0,0,0,0,0,0,0,0,0,0,0.0,0.0,0.0
110922>110979,757,757,WHMu,West Ham,Jubilee // NB,757,WHMu,West Ham,NR Essex Thameside // UP,Alight-Interchange-Board,136.9301628749586,17.1442780065176,51.38896806600001,39.30512493238101,17.829642794,9.891254013935999,1.370895062124,5.3163812e-07,0.01712460963812,0.01712516130352,0.38743944130352,2.22037134130352,3.658711409665401,4.592996131665402,6.25050938,7.073910380000001,5.6004499,4.58850104,4.02375086,3.94328574,4.88340726,4.99985524,5.040510500000001,5.056520280000001,3.60773246,1.508011988,1.063032418,0.872190118,0.469521718,0.489807744,0.455691416,0.7057092060000001,0.4295093275126,0.6584756675126,0.7086168215126001,1.0982900615126,0.8173422388762001,1.1578950973636,0.9289287573636,1.9039684173636,2.6186280973636,3.31846934,3.23584776,3.593358020000001,2.559102446,3.046114646,2.346263606,2.435492406,2.173723614,2.359922328,0.922256078,1.311218118,1.013826488,1.4934036,1.33418662,1.51745701,1.67481675,1.78435656,1.52482992,1.6919032,1.80398058,1.376056132,1.303607816,0.987815876,0.72817609,0.311228414,0.218847102,0.438090098,0.438090098,1.256019464,1.27239928,1.403442334,1.097366299312,1.315797839312,0.423981119312,0.375644846332,0.218598688828,0.220514916916,0.002154564402,0.0021587235,0.00203621648,0.111560159984,0.109612206584,0.109541019098,0.10953686,0.10953686,0.0,0.0,0.0,0.0,0,0,0,0,0,0,0,0,0,0,0.0,0.0,0.0
110922>110991,757,757,WHMu,West Ham,Jubilee // NB,757,WHMu,West Ham,DLR // IB,Alight-Interchange-Board,5.181082509012301,0.240798844,0.5422581754049199,0.12507013160738,3.3368410356,0.9361143224000001,0.0,0.0,0.0,0.0,0.0,0.0,0.07554792,0.07554792,0.089703004,0.089703004,0.09505769119999999,0.0203185436,0.0261503154,0.0627725054,0.06690820900000001,0.0615535218,0.06074474939999999,0.0549129776,0.004135703599999999,4.7720246e-07,4.7720246e-07,4.7720246e-07,4.7720246e-07,4.7720246e-07,0.0,0.02501374,0.02501374,0.02501374,0.02501374,0.02501374,0.0,0.0,0.0,0.0,0.0,0.0,0.0,0.0,0.0,0.0,0.0,0.0,0.0,0.0,0.0,0.015335084,0.119714536,0.345463816,0.3670074812,0.4140611492,0.5087290452000001,0.4488675992000001,0.2355714712,0.214027806,0.166974138,0.2724119780000001,0.2286769316,0.2162237796000001,0.2352188724000001,0.2352188724000001,0.0197780524,0.0189950928,0.0189950928,0.038336912,0.038336912,0.038336912,0.038336912,0.038336912,0.0,0.0,0.0,0.0,0.0,0.0,0.0,0.0,0.0,0.0,0.0,0.0,0.0,0.0,0.0,0.0,0,0,0,0,0,0,0,0,0,0,0.0,0.0,0.0
110923>110901,757,757,WHMu,West Ham,Jubilee // SB,757,WHMu,West Ham,EntEx,Alight-Exit,3659.303000100001,99.10483300000001,351.4935149000001,660.2566596,1615.3802488,619.2581564000001,313.8095874,0.5715621999999999,2.379651,4.5611572,9.731037400000002,13.6058414,17.1196426,23.2209624,27.9149788,32.1553566,35.7209106,40.4120968,39.6485996,39.47912560000001,35.7734646,33.1123798,27.4588931,22.9317831,17.9140669,14.4547031,12.4321351,12.5484622,12.9787534,14.0584896,14.8133676,15.012386,15.3668268,15.939898,16.9466928,18.2548248,19.4371152,20.2710676,21.623803,23.9819886,25.5108082,27.5021212,28.6208838,30.782486,31.7024094,32.93165519999999,37.88337140000001,45.59068360000001,51.6712162,59.4080128,67.4193362,76.112711,86.11825999999999,101.776504,116.318895,141.357267,155.065515,172.308376,173.081002,177.021746,157.500186,143.2015608,115.518226,97.30288660000002,75.2040594,64.72799,54.93844840000001,50.89807579999999,47.6257956,43.8045068,40.874357,38.8431058,36.7618756,34.4697812,33.8072742,33.9734608,34.0334634,34.25622199999999,34.2338274,33.168456,31.5875424,28.547311,23.5345134,19.9790108,16.1965484,10.79524312,6.412223920000002,4.504932520000001,2.21463972,0.37219252,0,0,0,0,0,0,0,0,0,0,0.0,0.0,0.0
110923>110916,757,757,WHMu,West Ham,Jubilee // SB,757,WHMu,West Ham,Dis+H&C // EB,Alight-Interchange-Board,8522.333389600002,137.8129032,629.2443048,1640.7436586,3598.198272000001,1468.908941,1047.42531,0.07582172000000001,3.44761212,6.46293432,13.31870372,17.69923012,24.4789894,30.64776100000001,41.68185080000001,47.8110554,60.139639,68.11435200000001,74.39418200000001,73.05731960000001,69.8319488,59.13786760000001,50.54332000000001,40.12931680000001,31.181682,26.5653208,28.3383008,28.53660600000001,29.7610552,31.832792,34.2878266,33.70029460000001,37.616205,40.8112604,45.6479394,48.65535360000001,52.722616,53.577136,57.98270060000001,61.74864400000001,67.80973120000002,71.951412,79.53279800000001,86.105276,95.5753968,97.8393248,105.0805428,107.9221308,113.7285428,123.801554,134.51652,147.381958,178.282072,213.805152,249.57274,301.370714,348.8463860000001,372.32028,391.1196880000001,394.500828,374.953306,335.983358,290.0617900000001,238.620532,185.373706,145.6602252,121.7620132,111.6680044,102.9402924,100.6638484,96.6016112,95.9982692,93.026063,86.140973,90.453403,87.89850899999999,92.320175,86.23540200000001,92.65323599999999,89.20699300000003,94.014025,88.326989,96.413433,88.86145200000001,81.35122779999999,63.33250260000001,45.0776266,26.0622746,13.3176456,2.3538188,0,0,0,0,0,0,0,0,0,0,0.0,0.0,0.0
110923>110917,757,757,WHMu,West Ham,Jubilee // SB,757,WHMu,West Ham,Dis+H&C // WB,Alight-Interchange-Board,867.9948939999995,25.1680219,204.9637312,251.9764963,150.7063185,115.11225488,120.06807122,0.16963472,1.39589132,1.85161436,2.54514974,3.55169494,4.38289062,4.82738712,6.44375908,8.162227099999999,11.2509829,14.2468425,15.7141496,19.68534420000001,22.3204314,21.1696426,20.7514118,22.3981282,18.77583760000001,15.7574032,14.7313301,13.3969787,11.4915799,10.6023679,10.8969901,11.7094024,11.4263606,10.1070043,10.6004331,10.9561729,10.3648599,10.0990364,10.4518997,10.9008241,10.1937721,9.7605463,9.8722936,10.1078875,9.971577900000002,9.4527413,9.654186500000002,9.886327699999999,9.9731324,9.759517599999999,10.3406034,11.2124174,11.1100406,11.814805,12.2453862,13.6953894,13.6606852,13.8914286,13.3209148,12.9846978,12.3934122,12.3041016,12.0730397,11.04127464,10.48934904,9.39289244,8.71515604,8.793130940000001,9.3439082,9.878516,10.2135026,10.174013,9.51410346,9.40665066,8.14975786,8.00784626,8.54632006,12.3795048,13.604488,17.958973,18.3548952,16.79363986000001,11.60595406,8.59987746,3.30102306,0.91554946,0.0,0.0,0.0,0.0,0,0,0,0,0,0,0,0,0,0,0.0,0.0,0.0
110923>110978,757,757,WHMu,West Ham,Jubilee // SB,757,WHMu,West Ham,NR Essex Thameside // DN,Alight-Interchange-Board,6758.567106900001,208.4875222,577.0684764000001,1025.5664676,3138.0394328,1280.4976768,528.9075310999999,1.0130406,4.477314,13.3666946,20.6540166,31.9527186,36.2999774,48.6434052,52.08035520000001,62.6793272,59.6958558,70.0170224,66.1705512,71.7660686,60.56484160000001,56.4217934,43.3483304,35.2827536,20.2644612,15.2565732,15.6008978,14.6001382,17.028257,14.989007,17.5300612,18.102181,23.6380916,20.2581782,26.5215352,26.8300198,31.51745039999999,29.2344518,37.5185886,35.32981040000001,41.3171226,36.753415,45.97056679999999,41.71204,52.99085160000001,46.63222280000001,70.00762700000001,65.7008146,87.23504799999999,91.9999,132.1490888,155.7080388,184.09491,213.858668,245.863096,276.956534,293.142204,315.8833860000001,336.451698,317.960582,298.1359180000001,258.105812,241.878586,171.2702012,179.7688092,133.8088058,136.1852398,97.50236240000001,115.2344572,77.49840440000001,90.9784478,65.64210380000002,80.2116072,58.85648760000001,73.54075040000002,55.2748142,67.11579520000001,58.3800366,68.327435,48.57919138000001,61.84301358,50.61065038,43.94009938000001,29.38833858,29.1939042,11.1026142,5.1516384,0.0,0.0,0.0,0,0,0,0,0,0,0,0,0,0,0.0,0.0,0.0
110923>110979,757,757,WHMu,West Ham,Jubilee // SB,757,WHMu,West Ham,NR Essex Thameside // UP,Alight-Interchange-Board,135.7781544037201,17.95551478,88.1998593,14.332937987212,10.426185824808,1.45626985834,3.40738665336,1.39506092,1.547748112000001,1.604646104,2.064019384,2.725901204,2.349279764,2.832440912,3.43641838,4.203921540000001,4.43252212,4.38354256,5.91278382,9.13176176,10.90692052,11.79673412,11.75537,10.705532,7.36225406,4.58900378,3.01951302,2.17458928,1.084558864,0.6650303439999999,0.456660624,0.307558392,0.339368232,0.5817110480000001,0.63433748,0.79847336,0.7912604919999999,0.7149692839999999,0.498223728,0.573009096,0.423582316,0.431124744,0.416833844,0.47935242,0.33481344,0.4322623520000001,0.464496604,0.522699396,0.409370256404,0.448237026404,0.3504153644040001,0.3621808444039999,0.3937073864040001,0.7531695060000001,0.692942148,0.78972149,1.15059087,1.302273804,1.168465344,1.210589552,1.2135667,0.77619055,0.61278763,0.4002216910000001,0.307826693,0.189345687,0.1820768210000001,0.08047194304000001,0.06776692720000001,0.05076094980000001,0.03538515046,0.01480763146,0.0151838625,0.06045231534000001,0.05197018654,0.2681956318800001,0.3029544388800001,0.4724191658000001,0.5442847758,0.6266977000000001,0.40982102,0.397719029,0.227073809,0.109549161,0.024335961,0.024335961,0.0,0.0,0.0,0.0,0,0,0,0,0,0,0,0,0,0,0.0,0.0,0.0
110923>110990,757,757,WHMu,West Ham,Jubilee // SB,757,WHMu,West Ham,DLR // OB,Alight-Interchange-Board,171.2226084523037,32.79006305,93.801458524,14.298573609,21.392865926,5.1910218407237,3.74862550258007,0.081357234,0.081357234,0.665490374,2.466758974,4.023475694,5.831847959999998,9.23222336,10.40755222,11.15083562,12.0747653,11.6971528,10.5625642,11.9574936,10.6599036,8.58491588,7.3078533,5.262679460000001,2.190863428,1.342299708,1.010131628,0.7898394220000001,0.7527543620000001,0.7679608600000001,0.389247532,0.360102704,0.406743986,0.280188334,0.2218691280000001,0.237119386,0.234774956,0.2431289200000001,0.2108097208,0.1983388868,0.2713192688,0.2455222676,0.1929841836000001,0.1813132038,0.2481491978,0.4577580658,0.590851745,1.211384169,1.6406169,2.17079748,1.99499893,2.38497607,2.38402131,2.20312705,2.00813175,2.306898,1.9739137,1.5946869,1.57899312,1.37214584,1.17955588,1.23836554,1.168050766,1.113910794,1.024875854,0.8723639500000001,0.7401928900000001,0.562070176,0.3705839499620801,0.25283227596208,0.1574424762015401,0.03484255100154,0.02571023125318,0.0257877277851,0.01040896455818,0.02095911431872,0.02508439751872,0.04880604726708,0.04872874735792,0.048728432626074,0.038177985340494,0.2967433873404939,0.5432084653404939,0.6988835267556539,0.6988833987144201,0.6988831999999999,0.4258629800000001,0.15567582,0.0,0.0,0,0,0,0,0,0,0,0,0,0,0.0,0.0,0.0
110923>110991,757,757,WHMu,West Ham,Jubilee // SB,757,WHMu,West Ham,DLR // IB,Alight-Interchange-Board,180.130078646,1.72461074,49.268617464,64.433286706,53.485404754,8.999666852,2.21849213,0.0,0.0,0.0,0.0,0.0,0.0,0.22130262,1.50330812,2.73679812,4.370484920000001,5.436147020000001,6.0342272,6.409178900000001,5.9641683,4.792801580000001,3.916335506,3.846395626,2.546291286,1.821575366,1.39421364,1.218111938,0.7608339580000001,0.421496628,0.7774174680000001,1.329837434,1.85805885,1.99329207,3.48614274,3.16154124,3.36584272,3.19865542,3.45647286,2.098296,3.20638678,2.53241214,2.90322436,4.10787056,4.23910366,3.29070266,4.5216797,4.15631252,2.71936668,2.94250046,2.68772786,1.77507352,3.08259764,3.70304588,4.77126286,7.195502060000001,7.65093652,6.70748234,5.9077308,4.9485222,3.04617808,2.63518056,2.061892294,1.943837802,1.3427628632,1.0600075632,0.6614597992000001,0.5484803812,0.4500862272,0.5092670260000001,0.5387972059999999,0.48092163,0.540866434,0.48370242,0.4394775,0.20540761,0.30116619,0.18384565,0.33958031,0.368405486,0.333805416,0.214005376,0.214005376,0.05827071599999999,0.0,0.0,0.0,0.0,0.0,0.0,0,0,0,0,0,0,0,0,0,0,0.0,0.0,0.0
110978>110901,757,757,WHMu,West Ham,NR Essex Thameside // DN,757,WHMu,West Ham,EntEx,Alight-Exit,194.8304723181728,1.940433099669153,6.99535082850373,57.799452554,96.65136668000001,25.79172608,5.652143075999999,0.215393258,0.269672788,0.320250632,0.30845604,0.248517224,0.165763264,0.1114837388345764,0.3008961548345764,0.5473665208345764,0.6391948168345765,0.7450184248345766,0.7894217880000001,0.5866352340000001,0.373363734,0.379289874,0.403934094,0.426822446,0.64636696,0.781512712,0.6764242240000001,0.8665726640000001,0.8284275099999999,1.11672449,1.313882958,1.687615046,1.573394106,1.76848344,1.44095522,1.50838736,1.31128958,1.41408574,1.324954592,1.476479992,1.225419932,2.325612412,2.729323832,3.45500198,3.639648200000001,4.301256520000001,3.94176372,4.24499002,4.30784272,4.84792844,5.14941208,5.551241740000001,6.813045940000001,7.45129626,8.64956944,9.62473808,10.07362682,9.99484742,10.2603473,9.11347172,7.646287320000001,6.19485326,5.27804138,3.81355848,3.00498098,2.75364604,2.67107692,2.1280312,2.04028706,2.08511324,1.84901372,1.93509626,1.25906416,1.2348972,1.01696082,1.04545268,0.754878554,0.7964563400000001,0.730843068,0.5673588479999999,0.3867886,0.3275076652,0.2696716152,0.1835627992,0.1835627992,0.1543484472,0.152441948,0.099269712,0.0,0.0,0,0,0,0,0,0,0,0,0,0,0.0,0.0,0.0
110978>110916,757,757,WHMu,West Ham,NR Essex Thameside // DN,757,WHMu,West Ham,Dis+H&C // EB,Alight-Interchange-Board,312.8358815172998,0.9431468261,16.8458558892,81.345175212,142.54017436,55.52052917999999,15.64100005,0.0043500676,0.0326992196,0.03284911626000001,0.12189750826,0.13079365946,0.14757072386,0.15452123986,0.3184652912,0.6621424992,0.883237528,1.368281716,2.120364088,2.07596013,1.88430487,1.772241122,1.482783142,0.915896282,1.284829052,1.192657946,1.203157514,1.208420834,1.022966748,1.058946988,1.046320534,1.351475934,1.457553894,1.81476054,1.51362684,2.13641096,1.871057652,1.731171112,1.52172668,1.86649778,1.27001674,2.288254848,2.958946488,3.72178412,3.90030952,5.62499546,7.21351906,8.07574574,8.33480488,9.34617278,9.00968908,8.31693828,8.804827480000002,10.1026821,11.26962,12.0254113,13.7589585,15.5265003,16.0389181,14.515026,12.97235216,10.28304802,8.92589212,6.964653739999998,6.53993524,6.666384480000001,5.952405100000001,4.75380928,4.76196156,4.5177955,3.99659368,4.1053062,2.93854152,2.26403974,2.05910314,1.94717748,2.22580348,2.35163878,2.26187662,1.73451828,1.73524752,0.977461862,0.6405298260000001,0.533520646,0.533520646,0.275574086,0.233517544,0.19061328,0.0,0.0,0,0,0,0,0,0,0,0,0,0,0.0,0.0,0.0
110978>110917,757,757,WHMu,West Ham,NR Essex Thameside // DN,757,WHMu,West Ham,Dis+H&C // WB,Alight-Interchange-Board,39.98881652790031,0.8181406678,6.122312778,17.4926229589,11.826989854,2.11051102199086,1.61823924720944,0.015718419,0.015718419,0.015718419,0.02974238880000001,0.10493881,0.17264089,0.190083438,0.273579884,0.506547018,0.525964454,0.596808114,0.61981359,0.6850193120000001,0.6244248020000001,0.569174176,0.467578214,0.47054643,0.396975822,0.345593684,0.313867162,0.297026121,0.2537542505800001,0.28892825058,0.1976717345800001,0.36965850258,0.4290110775800001,0.7403124480000001,0.829128042,1.071367666,1.067002538,1.224687886,0.9964324059999999,1.063887712,0.8976583120000001,0.8806876800000001,0.6991613680000001,0.8777794480000001,0.6961728680000001,0.840797428,0.908298768,0.936733444,0.7392104039999999,0.7065295840000001,0.48072502,0.3747019700000001,0.547447406,0.830785366,1.144102546,1.40922497,1.47998504,1.70240038,1.389209,1.1131012,0.8571750279999999,0.6870402079999999,0.29181674,0.2813343788,0.2123784508,0.1947507848,0.2158437688,0.1838246568,0.203193946,0.210430582,0.1751264411926,0.1674310891926,0.1268707341926,0.08355192619260003,0.05577426322046002,0.22955530202786,0.24213129002786,0.31020977902786,0.31021135804746,0.3102098730196001,0.1364271330196,0.07949293301960003,1.5790196e-06,0.0,0.0,0.0,0.0,0.0,0.0,0.0,0,0,0,0,0,0,0,0,0,0,0.0,0.0,0.0
110978>110922,757,757,WHMu,West Ham,NR Essex Thameside // DN,757,WHMu,West Ham,Jubilee // NB,Alight-Interchange-Board,140.394463933,4.121614002,12.076120698,21.120990799,84.46761934000001,17.471102988,1.137016106,0.0,0.0,0.0097699604,0.1838723604,0.4867486804,0.8867854804,1.0916729004,1.46276462,1.75862222,1.67215022,1.48130676,1.53633676,1.225690312,0.7816076980000001,0.660436706,0.5406518060000001,0.527141726,0.574460854,0.6430845820000002,0.674631054,0.5921342144000001,0.3457268744,0.2633284724,0.1908694264,0.1166108904,0.149250738,0.3566869579999999,0.347243906,0.3521939120000001,0.299672648,0.306805764,0.116195001,0.271445227,0.267122841,0.267122841,0.220438277,0.6215104800000001,0.8695167480000001,1.09270568,1.3085807,2.04182984,2.57679438,3.5900607,4.557144280000001,5.108016160000001,5.3101781,5.839910400000001,8.537884680000001,9.37066668,10.01534578,10.7427213,10.3375415,6.718914100000001,5.02687008,4.13997608,3.31959448,2.55021906,2.31932256,2.50530784,2.42040334,1.78944918,1.671713988,1.452660974,0.975839308,0.6441420280000001,0.4826360840000001,0.3400911660000001,0.3193174600000001,0.295299348,0.2050743280000001,0.195819946,0.1673515928,0.1165122128,0.0776865308,0.0599813308,0.0192908168,0.0,0.0,0.0,0.0,0.0,0.0,0.0,0,0,0,0,0,0,0,0,0,0,0.0,0.0,0.0
110978>110923,757,757,WHMu,West Ham,NR Essex Thameside // DN,757,WHMu,West Ham,Jubilee // SB,Alight-Interchange-Board,255.0141400610334,4.484834381200001,13.873056751,118.553963172,79.297829268,22.0994698853244,16.70498660350905,0.41407614,0.61481584,0.66160779,0.708354622,0.7095132977999999,0.5403604178000001,0.3615874618,0.4745188118000001,0.9516392998,1.289326924,1.659934624,1.76602118,1.8446539,1.435966428,1.0971351001,0.4821891610400001,0.4597570010400001,0.28981686704,1.29831561904,1.29830064694,2.496091626,2.754054906,3.745305740000001,3.07120374,4.32911322,3.13073722,4.0614682,4.00320376,4.946113260000002,4.350964980000001,4.94168782,4.20421198,4.0330431,3.11609172,4.66875692,5.054285960000001,6.618112599999999,6.888921600000002,9.50249188,8.39780014,8.10428542,6.343989260000002,6.107094260000001,3.68493386,3.3845889,3.87878694,5.4071113,8.6978685,9.59235702,10.82794532,10.44904084,9.87683944,5.871293614000001,4.465543734000001,2.48019819,4.36625547,3.90749567,3.7581394153912,3.6406120193912,3.6017799973912,0.917694861876,0.059961701464878,0.3176122420736779,0.5040343180736779,0.9869721640736779,1.094835371588878,1.630462992,1.679869132,2.287416872000001,2.016089732,2.26104738,2.52003528,2.21297608,1.77996812,1.546556980136563,1.211518739336563,0.4169031999018094,0.4169031999018094,0.0177854999018093,0.017785499765246,2.0565246e-08,0.0,0.0,0,0,0,0,0,0,0,0,0,0,0.0,0.0,0.0
110978>110990,757,757,WHMu,West Ham,NR Essex Thameside // DN,757,WHMu,West Ham,DLR // OB,Alight-Interchange-Board,55.55713477999999,0.9155269600000002,0.832151385,21.427134584,27.19206892,4.952939743,0.237313188,0.0,0.0,0.0,0.0,0.2288817400000001,0.2288817400000001,0.2288817400000001,0.2288817400000001,0.301057184,0.072175444,0.074904153,0.074904153,0.074904153,0.002728709,0.002728709,0.0,0.0,0.0,0.11437444,0.11437444,0.11437444,0.11437444,0.11437444,0.0,0.16671686,0.19854978,0.253948572,0.253948572,0.421470992,0.282880626,0.286701478,0.231302686,0.3847022960000001,0.276042408,0.498869034,0.50261555,0.90842619,0.9415041,2.531757968,2.937845048,3.11850886,2.733904556,2.651141144000001,1.503174544,1.312382544,1.481669024,3.022836488,3.76637752,3.45659644,3.41170888,3.48228714,2.22761262,1.49471445,1.400626358,1.185289378,0.9499680780000002,0.700237432,0.609769035,0.551070401,0.3756776390000001,0.248457013,0.2233046290000001,0.3461550760000001,0.347075328,0.4900356100000001,0.4245097000000001,0.39169345,0.2449544300000001,0.205452184,0.031861004,0.0,0.0,0.0,0.0,0.0,0.0,0.0,0.0,0.0,0.0,0.0,0.0,0.0,0,0,0,0,0,0,0,0,0,0,0.0,0.0,0.0
110978>110991,757,757,WHMu,West Ham,NR Essex Thameside // DN,757,WHMu,West Ham,DLR // IB,Alight-Interchange-Board,120.0317694832445,0.3320206519827,14.60540014572,21.31580592154179,55.8749018,24.724617658,3.179023306,0.0015429764,0.0015430571198,0.00154315642054,0.03717434442054,0.03861967874054,0.03840039054054,0.09838291382074,0.11481413452,0.6250920265200001,1.5235508922,2.225645704,2.262261314,2.370066374,2.096799754,1.215256352,0.533907795,0.505277795,0.5422358829999999,0.281868637,0.423437619,1.179959076,1.139472252,1.177706176,1.202750526,1.0428211409464,0.4999898809464,0.6207273309464001,0.4988698389464001,0.6057711349464,0.6057712423753601,0.47597020237536,0.38341613437536,0.53134719437536,0.50487410637536,0.504875381877,0.3989171525865999,0.7221595205866,0.6110786545866,0.5574509305866,1.0295932727096,1.383745842,1.572907402,1.892886668,2.17274486,3.17038574,3.551333140000001,3.78279896,5.026082600000001,6.71205556,5.923198880000001,6.22043624,5.55995,4.914907800000001,3.16904064,2.66505892,5.17965332,5.143512600000001,4.256091306000002,4.112602906,3.991111692,0.740770532,0.913877232,1.016593786,0.986440346,1.1851025,0.929059506,0.830401156,0.619054096,0.545630624,0.3104732068,0.4753715208,0.3926346828000001,0.3560446828000001,0.3960575008000001,0.377097378,0.1716506180000001,0.07703154599999999,0.07703154599999999,0.0,0.0,0.0,0.0,0.0,0,0,0,0,0,0,0,0,0,0,0.0,0.0,0.0
110979>110901,757,757,WHMu,West Ham,NR Essex Thameside // UP,757,WHMu,West Ham,EntEx,Alight-Exit,448.4029355570001,48.40442406,197.13136508,96.59139854000003,76.47800782,25.33606814200001,4.461671915,2.11419364,2.74051668,3.097894,4.6654421,5.84251736,6.55209216,9.71637772,13.6753904,16.0709904,18.8668536,22.5906086,24.319991,25.4385574,23.23803640000001,19.8426154,16.099834,11.5245468,7.387231199999999,5.9179414,5.83415888,4.69689964,5.08935194,5.03600044,4.62987384,4.547277960000002,4.017201828,3.842607328,2.883390228000001,3.892057928000001,3.164752768,4.461253600000001,3.56739786,5.01511286,3.91977412,5.16839358,3.95412268,4.85366842,3.39327952,3.9856737,2.723755420000001,3.776364120000001,3.07807058,3.366259400000001,3.52885878,4.5672379,4.31403784,5.580175580000001,7.23401926,6.606423540000002,6.745093700000003,6.997426700000001,7.463419900000003,6.112645500000001,7.8344585,6.961597480000001,6.061471920000002,4.20009242,3.77355942,2.26376826,1.675704086,2.236778766,1.96584049,2.10137869,1.64766544,2.009764214,1.174100438,1.415527114,0.8718888040000001,1.011966182,0.626960168,0.63358128,0.3293116614,0.4501237314000001,0.2664549634,0.3616737834000001,0.2755139274,0.268585646,0.118750286,0.118750286,0.0,0.0,0.0,0.0,0,0,0,0,0,0,0,0,0,0,0.0,0.0,0.0
110979>110916,757,757,WHMu,West Ham,NR Essex Thameside // UP,757,WHMu,West Ham,Dis+H&C // EB,Alight-Interchange-Board,11.55905584200001,0.4466004416000001,5.2995808354,0.0,5.470871805000001,0.0652491,0.2767536600000001,0.0,0.0,0.0,0.004479168,0.0103758854,0.0268049494,0.1913669894,0.2135734494000001,0.2090942814000001,0.203197564,0.4608464400000001,0.89269964,0.935662806,0.935662806,0.935662806,0.661584866,0.06516962600000001,0.0,0.0,0.0,0.0,0.0,0.0,0.0,0.0,0.0,0.0,0.0,0.0,0.0,0.0,0.0,0.0,0.0,0.0,0.0,0.0,0.0,0.0,0.0,0.0,0.0,0.0,0.0,0.0,0.0,0.0,1.07717486,1.07717486,1.07717486,1.094174361,1.094174361,0.016999501,0.016999501,0.016999501,0.0,0.0,0.01304982,0.01304982,0.01304982,0.01304982,0.01304982,0.0,0.0,0.0,0.0,0.0,0.0,0.0,0.0,0.0,0.0,0.0,0.0,0.05535073200000001,0.05535073200000001,0.05535073200000001,0.05535073200000001,0.05535073200000001,0.0,0.0,0.0,0.0,0,0,0,0,0,0,0,0,0,0,0.0,0.0,0.0
110979>110917,757,757,WHMu,West Ham,NR Essex Thameside // UP,757,WHMu,West Ham,Dis+H&C // WB,Alight-Interchange-Board,2080.78048093,402.7812776,855.7456559999999,499.5553793000001,260.8109296,42.43961993999999,19.44761849,0.0,3.30242,6.241353599999999,50.7630456,71.02883359999998,79.29176559999999,89.15938640000002,102.9944728,75.81009159999999,73.30226160000002,99.62274959999999,113.3398068,115.4870528,102.6711882,84.9132302,57.3312888,36.3064874,30.1523722,27.6662544,39.1428724,38.66091520000001,34.95439140000001,31.10007460000001,30.36579466000001,23.55273486,18.0900904,21.8463976,16.8120526,27.96280414000001,23.29924594,27.41096840000001,24.6902068,25.1352018,15.7762324,15.7762324,14.1319334,14.97787,13.5409905,13.3151753,16.5401471,15.8425847,13.6785771,10.7919726,11.3027854,11.0719538,15.9192454,20.447804,30.826726,27.4488978,33.5065292,27.15729008000001,25.89598708,16.95163978,21.35329798,14.07409278,16.1574657,11.0169627,10.07499702,6.061567139999998,4.289000740000001,0.88083734,0.88083734,0.38822832,0.9087378,0.9087378,1.7995176,2.5055012,2.72469494,2.82315174,3.923643540000001,3.03286374,2.84318482,2.912429780000001,1.90523518,0.8265802260000001,0.8265802260000001,0.310275546,0.021836846,0.021836846,0.0,0.0,0.0,0.0,0,0,0,0,0,0,0,0,0,0,0.0,0.0,0.0
110979>110922,757,757,WHMu,West Ham,NR Essex Thameside // UP,757,WHMu,West Ham,Jubilee // NB,Alight-Interchange-Board,7090.857990999998,1121.4846554,3280.845784800001,1459.0800526,918.8563012000001,253.583387,57.00780999999999,16.6686558,27.2404598,41.4774378,107.779678,162.092404,192.823758,260.490302,312.91196,305.89794,308.555264,345.707774,354.440612,353.7182760000001,336.8332280000001,310.4268620000001,281.112904,219.275506,181.906454,148.7812754,134.1896894,101.5252182,92.8100094,82.4600724,76.04664600000002,77.40595400000002,69.6554612,73.117834,59.3402134,69.4060064,52.4791532,65.2584472,50.2531314,59.45854700000001,47.50598600000002,58.46678920000001,43.424806,54.4343818,44.548475,55.24104699999999,42.35969,51.7977372,39.72226800000001,44.4784818,47.88369680000001,60.66888180000001,58.09894140000001,82.36315859999998,96.6609116,84.6627536,92.8842176,93.5084088,84.71486880000002,71.26975279999999,78.40745580000002,61.40477320000001,54.21217720000001,39.6387584,36.1356048,29.5000938,23.49993314,24.62880394,21.00647234,19.22125894,13.22303034,15.1325196,9.93401958,12.47215078,9.19074134,11.60952554,8.75010604,10.50491286,7.79166946,7.57313432,4.35111472,3.90172194,1.60344354,0.69388614,0.11414772,0.11414772,0.0,0.0,0.0,0.0,0,0,0,0,0,0,0,0,0,0,0.0,0.0,0.0
110979>110923,757,757,WHMu,West Ham,NR Essex Thameside // UP,757,WHMu,West Ham,Jubilee // SB,Alight-Interchange-Board,2170.670988,169.5296377,828.9037666000002,740.4721720000001,308.4274097000001,97.69166142,25.64634058,1.7547494,2.75492268,3.44358802,14.93088122,28.82722522000001,30.90969662,40.14340394000001,46.76517060000001,53.1551454,60.3987094,75.77414060000002,82.08235280000002,93.04836480000002,89.24896679999999,76.46108820000002,73.21761020000001,63.62770400000001,56.65300860000002,49.6544986,55.5821772,47.3894138,47.14624120000001,43.95008420000001,40.198763,39.25695300000001,37.459732,42.335048,37.4831682,44.81865640000001,35.68872340000001,38.13347720000001,27.9136026,33.17650380000001,24.2301334,27.389703,20.3834356,26.2478414,19.7732042,26.0446668,19.8593776,18.9995637,15.5885179,16.6161415,10.3892201,14.4444827,16.6696242,19.623564,27.1163036,27.370607,29.4624714,33.4750572,35.1035,29.78821180000001,31.10792120000001,24.8720005,19.3936661,13.5848381,12.2489913,10.5652127,9.471761,10.3833436,7.791973599999999,6.1928862,4.92804672,6.921665920000001,5.26107412,6.22968372,4.11218444,4.220844319999999,2.33763572,4.45752192,3.59678816,3.63512296,3.13937056,3.16022334,0.47209134,0.3642155,0.13126338,0.13126338,0.0,0.0,0.0,0.0,0,0,0,0,0,0,0,0,0,0,0.0,0.0,0.0
110979>110990,757,757,WHMu,West Ham,NR Essex Thameside // UP,757,WHMu,West Ham,DLR // OB,Alight-Interchange-Board,688.8345586523498,112.6420184136,209.26391094,165.2089070687501,128.63005351,62.12567238800001,10.963996332,3.5250599534,6.9549935534,8.8256393534,12.9424945534,16.525907,18.660858,21.8415254,23.3655406,21.8720418,24.32981280000001,23.9235028,23.3534378,23.3540236,23.3320158,18.15706926,15.76547006,10.54613214,9.31633314,7.0601268,8.25394494,6.553267600000003,7.147663520000003,7.05282852,6.943994,7.237109800000002,6.40533414,7.194359539999999,5.124016425940001,7.418997085940001,5.172954055940001,8.053062855940004,6.14402729594,8.889433010000003,6.65271031,7.566285839999999,4.36577510181,7.015627461810001,4.819807461810001,7.572295861810001,7.445281041810001,9.77627158,7.166891780000002,7.368750040000003,6.12216274,6.483133860000001,5.42345126,9.60572646,13.4312928,11.74442393,13.78089013,14.81815893,13.53350033,10.20260773,12.259157,9.633725800000002,7.713985280000001,4.80131922,5.58053982,4.2518971,3.93638456,6.249855080000001,6.092143599999999,6.107051200000001,5.398743720000001,7.055348260000001,4.411072316000001,5.052528856,3.188788656,3.383338376,1.39683663,1.946172474,1.169346684,1.083965578,0.756218858,0.7848889099999999,0.17744901,0.1495228,0.058128506,0.058128506,0.0,0.0,0.0,0.0,0,0,0,0,0,0,0,0,0,0,0.0,0.0,0.0
110979>110991,757,757,WHMu,West Ham,NR Essex Thameside // UP,757,WHMu,West Ham,DLR // IB,Alight-Interchange-Board,1185.53680834975,131.653352782,615.84277132,198.64113199575,173.54030438,53.67506621300001,12.184181659,2.268354794,2.756409074,2.756409074,11.10081758,12.81849938,24.05029888,29.849058,46.053506,48.701814,56.3681218,56.2671414,71.540031,71.2386378,66.332492,62.8687286,58.97219499999999,41.0667072,32.124503,26.49644866,23.86595086,17.92399486,17.31318706,13.18718366,12.7865528,9.0666137,7.68883184,6.11485412,3.334375184,5.126749783999999,3.669689308620001,5.398341368620001,3.929073347150001,5.82586268315,3.99561509315,5.29887286853,3.34852342653,4.819580368,2.955096048,3.506094638,2.29300297,13.727790212,13.164008072,14.735629592,19.431608992,23.53274986000001,13.93494746,21.912931,21.7892954,16.88557524,17.09823964000001,15.4175303,8.4771521,7.71410354,9.6950143,7.7602516,9.32251394,8.35180994,7.73835226,6.96877206,4.98204,4.544349,4.084264620000001,4.720393420000002,3.1139976226,3.1172087026,1.8503691226,2.4099422026,1.7935672626,2.52830586,2.0458412362,2.6075990962,1.5383531718,1.5215806318,0.7751814318000001,0.7855156076,0.1794537276,0.1748731520000001,0.013738872,0.013738872,0.0,0.0,0.0,0.0,0,0,0,0,0,0,0,0,0,0,0.0,0.0,0.0
110990>110901,757,757,WHMu,West Ham,DLR // OB,757,WHMu,West Ham,EntEx,Alight-Exit,279.244276441,17.31992154,18.68932945,79.63217008,72.43962220000002,68.48074486000002,22.682488311,0.05385554400000001,0.9845368640000002,2.251938464,2.671558924,3.018256924,3.25042082,3.00740368,2.08195032,1.9893534,2.32996914,2.11501431,1.69596273,1.390831402,1.230964942,0.6517771619999999,0.795574392,0.826324252,1.24674268,1.9688712,2.44794384,2.404299966,2.689613246,2.367148598,2.008753558,1.539997798,1.629601932,1.219774462,1.55394283,1.56364199,2.06607935,2.100777110000001,2.5182747,2.61109774,3.26882994,3.09841346,3.71524588,3.77868162,4.582689,4.41829176,5.01977696,5.982710780000001,6.409861080000002,6.414827800000001,6.669838520000001,6.21072346,5.640385360000002,5.65914214,5.42788694,5.580243340000001,6.649874580000001,6.796111320000001,6.591052540000002,6.102474760000002,6.015554499999999,5.4660294,6.30014386,6.97564576,7.80589814,7.52190194,7.485019080000002,5.67519028,5.629793400000001,4.864356160000002,5.216221620000002,4.354403219999999,5.02247502,3.8663584,4.063481840000001,2.922174540000001,4.050835880000001,3.148436,3.4221204,2.73834736,2.7166211,1.407475798,1.216629238,0.5743100142,0.3452412542,0.08603401420000001,0.0522792362,0.0019834762,0.0,0.0,0,0,0,0,0,0,0,0,0,0,0.0,0.0,0.0
110990>110916,757,757,WHMu,West Ham,DLR // OB,757,WHMu,West Ham,Dis+H&C // EB,Alight-Interchange-Board,648.0428224400001,11.58395867,64.33798110000001,168.9857223,199.8508146,144.1974086,59.08693717,0.06462066,0.27126706,0.51651826,0.664951374,1.149205634,1.552243114,3.423989314,3.941163254000001,4.77083244,6.928044180000001,7.74723554,7.59025114,7.03327692,6.86896342,4.59073662,4.259332720000002,3.03340416,3.915847240000001,3.43692156,4.16313516,3.64331016,4.30589752,3.600122,4.21425714,3.86905568,4.42494788,3.39925284,4.55196896,4.24587736,4.67264122,4.02679598,5.199671019999998,4.365291020000001,6.601619960000002,6.266519840000001,8.89040748,8.132104140000001,11.85692374,12.58314414,13.31649872,12.19636472,13.36617426,10.90029886,10.35657766,10.091427,14.6882086,16.4006334,20.2465192,21.0183224,23.07250800000001,19.3129644,18.6398676,14.5095272,13.4559536,13.793748,14.6211352,15.0017358,14.6640507,15.2677613,14.4121419,12.324734,13.6305162,13.18744122,11.73333322,9.49710472,10.43103542,6.601285620000001,7.4462685,6.13846706,8.95033416,7.23950776,7.9835016,7.57832966,7.33255686,4.018417653999999,3.947819654,2.629012814,1.295017754,0.919024994,0.817046,0.2379012,0.0,0.0,0,0,0,0,0,0,0,0,0,0,0.0,0.0,0.0
110990>110917,757,757,WHMu,West Ham,DLR // OB,757,WHMu,West Ham,Dis+H&C // WB,Alight-Interchange-Board,233.3989117375191,17.61613784,84.21744538000002,68.3811952,31.91102024,22.41054982,8.86256325751905,0.1742865,0.42038206,0.98283624,1.7130093,2.04653494,3.0893955,3.94450014,5.24519316,5.9168832,7.01951088,7.68153602,9.08216662,7.89189936,8.17672786,8.220683860000001,7.716761800000001,6.082470320000001,6.165871460000001,5.40525106,4.85768294,3.8515879,4.01560058,3.5505879,3.44448396,2.79771234,3.23247932,2.55357186,2.85155086,2.2965268,2.5166002,1.97048334,2.4880114,2.17570472,2.83652152,2.67189456,3.01966762,2.44958486,2.69207978,2.37021434,2.827273700000001,2.703384220000001,2.923764860000001,2.95272676,3.189181800000001,2.54678188,2.92621988,2.95528572,2.88257418,2.63285864,2.9788553,2.51454132,2.5471652,2.29541506,2.5498476,2.58530238,2.49617308,2.23697796,2.31063428,1.71183324,1.57933804,1.5755272,2.14805552,2.05816046,2.04374862,1.74960774,2.0849419,1.49598374,1.41574112,1.312137534,1.542059094,1.066754534,1.006121994,1.027706714,1.08055672,0.7399444935038101,0.5760422135038101,0.33013951350381,0.18110029350381,1.5350381e-07,0.0,0.0,0.0,0.0,0,0,0,0,0,0,0,0,0,0,0.0,0.0,0.0
110990>110922,757,757,WHMu,West Ham,DLR // OB,757,WHMu,West Ham,Jubilee // NB,Alight-Interchange-Board,125.11918582,5.429935391400001,90.09149135240001,5.0613598852,23.387692192,1.148706999,0.0,0.0,0.0,0.0,0.0,0.4697814400000001,0.4735139838,1.5227829838,2.9638569838,6.777008983800001,9.6939755438,12.232965,13.2918242,12.61390052,11.05623092,8.58822958,6.392976620000002,4.28484842,3.5216981,1.2782900624,0.3595434024,0.0120743624,0.0120743624,0.0120743624,0.0,0.0,0.0,0.0,0.0,0.0,0.0,0.0,0.0,0.0,0.0,0.0,0.0,0.0,0.0,0.0,0.6651927400000001,0.6651927400000001,0.6821483859999999,1.269323986,1.743278946,1.078086206,1.613486126,2.23272848,2.80046116,2.7951709,3.05710588,2.87537606,2.509845,1.35493672,1.21281052,1.10567762,0.75200752,0.4813405800000001,0.4875853318000001,0.1610468318,0.006244751800000001,0.006244751800000001,0.006244751800000001,0.0,0.0,0.0,0.0,0.0,0.0,0.0,0.0,0.0,0.0,0.0,0.0,0.0,0.0,0.0,0.0,0.0,0.0,0.0,0.0,0.0,0,0,0,0,0,0,0,0,0,0,0.0,0.0,0.0
110990>110978,757,757,WHMu,West Ham,DLR // OB,757,WHMu,West Ham,NR Essex Thameside // DN,Alight-Interchange-Board,1275.78500076,36.38266292,59.7709945,296.20985344,392.1458599,303.4239487,187.8516813,0.017050498,0.09698607199999999,2.897090472,4.405565472,6.068602872,7.659685974000001,8.63680854,6.60087302,7.94269062,6.75646968,7.08982148,6.197933140000001,6.74561376,4.84926316,4.652717620000002,2.89070934,3.34175158,3.38235828,2.80116322,3.12050262,3.1937699,4.30827926,3.14739592,5.977070980000001,6.30801134,6.810333140000001,5.782649940000002,7.04749636,4.62288422,5.054497660000001,4.928090320000001,5.16194806,4.46843032,6.41224826,6.679026340000001,10.16334308,10.71765094,16.657206,16.8954776,28.7518534,29.8070976,34.5625922,33.4611828,35.29131779999999,22.7956141,19.1484019,23.3836883,28.4065523,30.2320803,33.81754340000001,43.9038418,44.28577379999999,37.2656236,34.70138720000001,34.4608912,39.744462,34.763492,33.59126060000001,31.56203600000001,33.7005832,19.5077445,19.9309649,19.8056847,24.53939230000001,19.8720003,23.7431768,18.9709364,23.436677,18.6685712,21.4875996,15.19830336,20.70635456,15.12935042,14.48823062,13.36086202,21.35116846,14.30919046,13.1142046,11.7676212,8.2702248,0.0,0.0,0.0,0,0,0,0,0,0,0,0,0,0,0.0,0.0,0.0
110990>110979,757,757,WHMu,West Ham,DLR // OB,757,WHMu,West Ham,NR Essex Thameside // UP,Alight-Interchange-Board,139.0511758866797,18.0409047992806,72.893252207,24.8760921662,14.810782854,7.156374522980001,1.27376933721906,7.2225612e-07,0.30765500225612,0.38470076225612,1.27970608225612,1.30274120925612,3.996827687,5.080613327,5.688660007,5.788920087,7.05160064,5.3551367,5.45036404,6.1447184,8.134856200000002,8.46072492,7.9833609,7.06491004,6.07309906,3.29956916,2.08599206,1.637615604000001,1.369595584,0.98211561674,1.04979685674,0.7106809667399999,1.28937978274,1.08659854674,1.360742154,1.16424444,1.70283903,1.18345371,1.485380046,1.211122019986,1.1281561705,0.7278786705000001,0.6507279185,0.3543272125,0.5491659665140001,0.6483855380000001,0.5434263579999999,0.65076931,0.8594031560000001,1.080707768,1.44957974,1.38582647,1.341457416,1.283870256,1.211428116,0.932703346,1.171802656,1.30907271,1.63921005,1.350509514,1.21126935,1.04749419,0.92613878,0.51688394,0.6055034699999999,0.6741667440000001,0.5704464988,0.7127374488,0.8966547888000002,0.7535341688000001,0.6346896085520002,0.7198211357520001,0.541609911752,0.182953470862,0.347373336862,0.347351969242,0.262140449224,0.1651374297364,0.1650065706264,0.06684760662639999,0.06683267649921197,0.06681992306381199,0.06680914655141199,0.06680914655141199,7.210551412000001e-06,7.208546600000002e-06,0.0,0.0,0.0,0.0,0,0,0,0,0,0,0,0,0,0,0.0,0.0,0.0
110991>110901,757,757,WHMu,West Ham,DLR // IB,757,WHMu,West Ham,EntEx,Alight-Exit,193.795645237,15.93571239,27.08413086,50.23782608,76.07312056000002,20.423196326,4.041659020999999,0.101047874,0.6019191939999999,1.791732054,2.005914214,2.556629014,2.81708348,3.43506376,2.626322800000001,3.022639880000001,3.1842034,3.51749024,2.71030782,2.68991832,2.42212228,1.9505743,1.4766542,1.4147545,1.39028542,1.66605288,1.63912762,1.69045664,1.637463312,1.600231892,1.028074884,1.007783284,0.900022932,1.1023591,1.03778398,1.344767468,1.480906068,1.82631248,1.58976192,1.73780662,1.76861726,1.9968265,1.73712082,2.30015258,2.34680286,2.58793994,2.55581304,3.72750426,3.91210562,4.32672154,4.99449108,5.810536180000001,5.921572880000001,6.53942108,6.39295396,6.920900160000001,7.292854840000001,7.514965640000002,7.379994680000001,7.330092820000001,6.334658220000001,5.09125592,3.543914180000001,2.65393822,2.53532534,2.12337394,1.9757383,2.07116822,1.93101322,1.73371094,1.43024334,1.285967708,1.113703088,0.9346537680000002,0.6343602420000001,0.7260665020000001,0.5640487279999999,0.522702816,0.429753796,0.548611028,0.362143978,0.354680304,0.2774092974,0.1864664774,0.0364692314,0.0211230214,0.0121838414,0.0,0.0,0.0,0,0,0,0,0,0,0,0,0,0,0.0,0.0,0.0
110991>110916,757,757,WHMu,West Ham,DLR // IB,757,WHMu,West Ham,Dis+H&C // EB,Alight-Interchange-Board,948.7269938999998,35.8910698,126.76652732,258.1774064800001,319.0466474000001,157.33011932,51.51522358000001,0.0,0.0,1.24037694,2.72624534,4.20547734,8.03665594,9.70283934,9.979474900000001,11.2328949,14.7596489,14.0017347,14.2435851,14.8768362,14.1831256,10.03189032,7.681810460000001,6.755373599999999,6.3834404,6.177338000000002,6.43884914,6.937189,7.04848032,7.34627032,6.812231720000002,7.639692660000001,7.88761634,9.197029680000002,8.56222016,9.74578006,9.19309272,9.76529024,8.698651640000001,9.42187056,8.94722686,11.2826082,11.0462802,12.8986542,13.6050152,15.5107402,14.1548414,15.2331284,14.8606066,16.267567,16.1153228,18.0452104,19.3307888,21.433791,21.5856762,25.0098064,30.75516280000001,34.58213679999999,34.25808000000001,35.20965800000001,32.5684104,25.8323308,20.43559580000001,19.0321338,16.9300474,15.757525,13.72290172,13.40081312,12.04337712,13.05177612,11.07011818,11.92739706,10.9527822,11.3868916,8.054356,8.930646340000003,7.315241400000001,7.70536806,5.759823620000001,5.6664113,4.004113180000001,3.71329992,2.74820872,2.42608116,1.56440208,0.9538738000000001,0.727754,0.0,0.0,0.0,0,0,0,0,0,0,0,0,0,0,0.0,0.0,0.0
110991>110917,757,757,WHMu,West Ham,DLR // IB,757,WHMu,West Ham,Dis+H&C // WB,Alight-Interchange-Board,337.2426888700001,18.00080678,105.88332632,83.24957852000001,78.39866758,31.27392204,20.43638763,0.23835922,0.6034858000000001,1.27437914,1.53094014,2.45827388,3.572332320000001,4.19008534,4.132950940000002,5.67459934,6.2386898,7.82776834,8.124957799999999,10.28714526,10.83875146,12.43189906,9.903434340000002,9.989546080000002,9.55859148,8.52744668,6.48049668,6.731995860000001,5.899481280000002,4.78650338,3.91932308,3.527836000000001,3.26546116,3.428773280000001,2.514165680000001,2.88291348,2.4155012,2.4629127,2.12864916,2.42523926,1.90470536,2.64270198,2.66105526,2.9986051,2.70439918,3.36981052,2.987615760000001,3.26934016,3.45620102,5.36658094,5.499807720000002,5.99413492,6.503009860000001,7.87074116,6.347021980000001,6.93350926,7.097606680000001,7.43131314,5.90221638,6.793678620000001,5.99097334,6.057917620000001,5.47654462,5.31518738,3.99194802,3.56945542,2.53901364,2.01306492,1.71914626,2.01661436,1.719437152,2.218640792,1.870829412,2.306416272,1.994168412000001,2.7197221,2.11756934,2.71821144,2.288113560000001,2.67542706,2.35053312,2.240640422,1.502905022,1.226931902,0.5797240619999999,0.016609602,0.0,0.0,0.0,0.0,0,0,0,0,0,0,0,0,0,0,0.0,0.0,0.0
110991>110922,757,757,WHMu,West Ham,DLR // IB,757,WHMu,West Ham,Jubilee // NB,Alight-Interchange-Board,125.5262365308014,7.219164574000001,19.662721024,20.118868992,65.64335566000001,12.0385099054,0.8436163754014,0.053884626,0.053884626,0.565482826,0.7168105859999999,1.143003686,1.53040826,1.79300436,1.362685604,1.565139804,1.492307004,1.440514104,1.559855244,1.97737794,2.15825302,2.20013388,1.9651612,1.82138936,1.6055418,1.136144414,0.7409032540000001,0.6016414000000001,0.363476,0.20663808,0.176407692,0.193445842,0.228627188,0.302911932,0.219832546,0.2094720300000001,0.210643912,0.179649136,0.172853384,0.16886655,0.188615176,0.211053116,0.2442702400000001,0.487756208,0.5320665360000001,0.504395032,0.9882553,1.40937414,2.61345092,3.955260352,5.74990628,6.85153544,8.133607540000002,8.1494724,7.313204300000002,6.790855440000001,5.90034724,5.110080040000001,4.351566200000001,4.33199194,3.448737560000001,2.94167256,2.320285,1.7832973,1.49198366,1.29600756,1.234926570000001,0.99544821,0.90880137,0.96443457,0.7732584640000001,0.853997514,0.7585417668000001,0.6439524947999999,0.3338604258,0.3698399918,0.1405278658,0.131276198046,0.099574836646,0.07602017636028001,0.02140425636028,0.00249412236028,0.00247825731428,6.7071428e-07,0.0,0.0,0.0,0.0,0.0,0.0,0,0,0,0,0,0,0,0,0,0,0.0,0.0,0.0
110991>110978,757,757,WHMu,West Ham,DLR // IB,757,WHMu,West Ham,NR Essex Thameside // DN,Alight-Interchange-Board,778.9913182501818,60.768295506,141.39275138,144.46002909,311.65092034,98.21564627880001,22.50367565538191,0.34377326,0.3451176932,4.984852693200001,5.126915941200001,10.3556527412,11.2435420812,15.088323448,13.280117648,16.4633286,13.302087,17.7342248,16.4581714,17.1930176,14.23715472,13.6562602,7.992459800000002,7.387634200000001,5.6497275,6.40264312,4.91604244,7.06597304,5.16330058,4.40537388,3.28304694,5.69467294,3.67421915,5.38824601,4.42771971,6.02107765,3.654947654,5.042522924,3.401022924,4.687546904,3.285236524,4.8019526,3.35722726,5.11061526,4.18049594,7.587835980000001,7.543484020000001,8.661698880000001,10.84851068,12.49566212,14.67763952,19.9581978,27.5997422,28.3401712,26.80978484,29.91657644,29.00173404,23.95413564,28.61531684000001,31.8141134,25.7855224,21.5359418,18.31968374,12.87612834,12.98100774,10.7270788,11.8806238,12.62239566,8.95677896,6.563005420000001,6.09108008,4.84401934,3.563264684,4.294204584,2.8160588708,3.8238621508,2.2833824908,3.778782946800001,3.0815643468,3.4102886,2.269810751244,2.26981147203638,0.8446175840363801,0.4431571840363801,0.09949078403638002,0.09945403279238002,0.09945331200000003,0.0,0.0,0.0,0,0,0,0,0,0,0,0,0,0,0.0,0.0,0.0
110991>110979,757,757,WHMu,West Ham,DLR // IB,757,WHMu,West Ham,NR Essex Thameside // UP,Alight-Interchange-Board,73.11497032677242,17.23937334,37.42789115599999,9.5895222620906,7.9483408167356,0.9098398028224101,2.9491238063e-06,1.7321738,1.86124216,2.10541354,2.28768962,3.22891122,1.61341926,2.15405496,2.256468780000001,2.92058276,2.48139416,2.9305848,2.97092822,3.49842602,4.578833560000001,4.705291760000001,4.25036328,3.654479354,3.014155854000001,1.464314474,0.9585369140000001,1.115439494,1.08147518,1.00030538,0.6233491600000001,0.516926268,0.249079688,0.5553469280000001,0.402757228,0.7681753680000001,0.75188462,0.8946753000000001,0.5082088200000001,0.5082123100484001,0.1427941700484,0.142796775178,6.095177999999999e-06,0.04991370517800001,0.04991021512960001,0.049911975081,0.0499093699514,0.0499105465238,1.00912418e-05,0.0156227152418,0.0629008592904,0.4733139792904001,0.7987663627180002,0.9085835800000002,0.8929709560000001,0.8456915503492001,0.6959895703492001,0.5806543303491999,0.6341529983491999,0.6341533800945001,0.6798909557453,0.4788434997452999,0.3253296537453,0.2359685877453,0.235968363211412,0.198857960211412,0.139194417797602,0.082590209912782,0.008628357105102001,0.008628433437290002,7.624372900000002e-07,8.995432200000002e-07,6.3342804e-07,7.057682800000001e-07,4.722246800000001e-07,6.440503080000001e-07,3.653581879999999e-07,5.23916596e-07,3.30384036e-07,4.174653759999999e-07,2.45639748e-07,2.4614117326e-07,8.758276526e-08,8.758276526e-08,5.0142526e-10,5.0142526e-10,0.0,0.0,0.0,0.0,0,0,0,0,0,0,0,0,0,0,0.0,0.0,0.0
20901>20916,761,761,WMSu,Westminster,EntEx,761,WMSu,Westminster,Cir+Dis // EB,Enter-Board,7110.689766949999,31.8280807,320.89007158,2636.0122442,2956.573219,900.9062590000001,264.47989247,0.3880871320000001,0.6585573920000001,1.818622472,2.707213472,3.771017572000001,5.741233820000001,7.98243096,8.760917880000001,10.27959598,11.6549453,14.1344017,18.94458190000001,23.7315533,29.1133452,33.5222088,36.88961879999999,35.3494404,35.176001,35.27513800000001,36.8192412,36.1942052,41.70659000000001,48.02333680000001,54.00009080000001,61.2603328,72.4658408,85.4182568,93.388912,105.0443092,110.9621792,114.1922252,114.6796602,115.4282502,111.655843,109.431249,114.380955,119.06718,123.94639,135.506724,149.298822,153.905456,167.49248,191.536744,207.026212,223.090274,236.928032,256.530058,272.40298,282.890588,293.148362,296.222734,277.3865,246.766084,222.562906,187.45194,161.192761,133.559195,112.835056,93.05553100000002,84.6904238,76.71844200000001,71.453856,66.86821760000001,61.58957760000001,55.5953676,49.89925780000001,48.3130898,46.3282448,43.2429832,40.0688924,37.4768498,33.2165284,28.1985204,25.0326742,20.2198814,15.26221656,10.421826094,6.970400493999999,3.197499294,0.983706094,0.187914134,0.0,0.0,0,0,0,0,0,0,0,0,0,0,0.0,0.0,0.0
20901>20917,761,761,WMSu,Westminster,EntEx,761,WMSu,Westminster,Cir+Dis // WB,Enter-Board,6118.65771644,28.23691948,264.14517346,2051.1654252,2399.690382,1013.498558,361.9212583,0.123144328,0.6730805679999999,1.254721568,2.207980568,3.805078628,5.401572900000001,6.45894306,8.31239786,10.36379466,12.4398602,15.4450556,18.4364132,22.0004904,23.8447106,25.2230588,25.49889120000001,26.5297828,26.8249602,28.2309334,29.3072224,31.7225746,34.2496246,36.52255220000001,41.03538800000001,48.3942404,54.0765578,64.2236702,74.4988882,79.9635122,82.961927,87.547415,85.4339298,83.61412659999999,85.56604460000001,88.06757060000002,90.5800966,98.053461,102.0368882,110.0909332,115.9941932,123.0637952,128.997286,145.387168,159.083582,177.966024,193.039828,212.119546,222.892002,229.802616,229.051068,227.947048,214.61767,197.958502,181.669178,164.048756,148.578144,132.172896,118.634276,107.169926,98.3591,87.87365900000002,83.11871800000002,76.84634059999999,69.7275356,65.0736076,59.0989526,57.01907960000001,58.404467,56.61095400000001,55.475826,54.579928,48.7045608,39.50372760000001,32.5409686,24.8705846,17.91470386,12.92288166,9.04003486,5.82348586,2.69342586,1.2401766,0.0,0.0,0,0,0,0,0,0,0,0,0,0,0.0,0.0,0.0
20901>20922,761,761,WMSu,Westminster,EntEx,761,WMSu,Westminster,Jubilee // NB,Enter-Board,9429.930707399999,39.05446320000001,253.634962,3014.3931582,4172.45838,1483.9741064,466.4156376,0.6187073200000001,1.01146786,1.9724582,3.52987568,5.90416388,6.97787136,8.910208820000003,10.12971008,10.5858882,11.5353934,15.1199,18.2652858,20.7884262,23.549446,23.8003494,23.3817184,23.1884866,25.2197674,27.53156,30.6687406,32.9553782,37.3243882,45.5407294,51.5032414,60.83901400000001,73.575344,88.221888,97.07454,107.669225,111.722061,114.244905,116.533623,118.436727,118.383528,125.43058,133.186038,137.36341,145.8895979999999,166.344718,183.970572,197.532436,217.67628,254.782834,278.1921,305.206628,330.924664,372.3992500000001,393.951466,410.23487,413.2584000000001,417.38368,385.67956,343.24527,302.7055,269.899186,227.569906,196.00451,170.809176,150.609962,133.6807812,125.2915772,116.6017052,110.7201292,104.3908392,100.233574,92.97540080000002,91.6835388,90.9729128,87.39414880000002,78.62509800000002,72.2089572,61.0627884,47.62524680000001,37.6839208,28.7166704,22.039658,14.0597508,8.8271504,5.677318400000001,2.4949296,0.0,0.0,0.0,0,0,0,0,0,0,0,0,0,0,0.0,0.0,0.0
20901>20923,761,761,WMSu,Westminster,EntEx,761,WMSu,Westminster,Jubilee // SB,Enter-Board,8185.1556317,73.3592537,359.1618316,2598.9863436,3441.371392,1293.5578652,418.7189456,4.555571599999999,5.9450685,7.662290500000001,9.453046100000002,9.666130099999998,10.1509697,11.8840906,14.0420866,16.2507874,17.10152320000001,20.7980852,25.7055638,29.9991782,34.079491,38.7082746,38.66497680000001,37.271963,34.2470326,32.9746014,33.36035440000001,35.65037320000001,37.99395000000001,43.5061996,50.1719396,56.78757160000001,64.99925800000001,76.27903559999999,85.374154,92.947998,98.02340100000002,106.793761,113.691618,119.835664,123.3783752,131.1832412,132.2176932,129.705084,129.12881,137.7673168,143.0192588,148.7403428,163.171392,184.431376,194.18853,211.136416,237.426146,267.91284,302.6000380000001,337.5607280000001,364.83111,369.344916,350.7272920000001,310.1429480000001,273.27128,227.05661,189.361068,161.9060828,139.5054468,119.6284068,111.7043256,106.3264116,103.6333708,102.4427976,99.0602128,91.8022432,88.30889320000001,85.28907240000001,83.9506016,76.7621864,71.10428320000001,64.82535039999999,53.235824,42.60831400000001,35.16569800000001,27.4577098,18.8425616,13.14059936,8.01590936,4.83224936,2.24179156,0.48646856,0.0,0.0,0,0,0,0,0,0,0,0,0,0,0.0,0.0,0.0
20916>20901,761,761,WMSu,Westminster,Cir+Dis // EB,761,WMSu,Westminster,EntEx,Alight-Exit,8161.136347520003,186.63724022,2733.4026836,3638.9444948,1100.7570326,386.5147304,114.8801659,0.71277526,1.80579526,4.69020406,11.71220946,19.46882098,31.7788038,47.08586460000001,69.38276680000001,92.9107914,112.0297994,139.6637118,173.882501,210.830438,248.190802,282.44234,305.692832,316.381866,305.755878,279.324888,266.296836,248.151206,230.554086,213.371754,211.456492,203.432698,193.340702,179.253558,178.545096,168.145292,153.470534,141.287313,134.134599,123.307867,118.761725,116.808631,118.005518,120.865807,120.215085,116.885763,115.798257,113.9331602,106.9038732,105.3584242,106.9570542,102.8753634,102.0219062,101.7814442,100.5398812,95.1394272,97.14691,95.350098,91.545324,89.477018,84.58908079999999,74.9955128,65.29506680000001,60.1891588,50.39795200000001,43.722242,37.783207,32.6176658,28.5690184,24.673004,22.94427060000001,22.19350080000001,21.4430706,20.532416,21.4492244,20.5870722,18.6019556,16.1206668,13.6340092,10.8305392,8.818814,7.610574700000001,6.35558526,5.17306534,3.467254140000001,2.14646214,1.01186284,0.5223044800000001,0.0,0.0,0,0,0,0,0,0,0,0,0,0,0.0,0.0,0.0
20916>20922,761,761,WMSu,Westminster,Cir+Dis // EB,761,WMSu,Westminster,Jubilee // NB,Alight-Interchange-Board,2542.886760056,41.68030433600001,257.83315092,899.6343312000002,812.8167324,360.5086181999999,170.413623,0.270008854,0.6939782540000001,1.096909414,4.132994613999999,4.925585920000001,7.104053080000001,9.596334080000002,13.86044012,15.57484212,18.4628466,21.4116398,23.89169900000001,27.1530462,27.1145876,26.52648880000001,24.4066984,22.6769892,17.5430776,15.9800934,17.0911422,18.635255,18.9476242,22.414547,25.3140916,27.8829078,28.9469818,33.7573066,35.0252636,36.5417152,36.45473339999999,38.61942300000001,38.01971760000001,39.479059,38.71912039999999,41.7882946,44.92077140000001,47.03510160000001,47.9332596,47.58844280000001,47.319199,45.2930272,42.95156900000001,43.963539,52.08338079999999,55.65716560000001,62.4656868,70.7946718,75.18336980000002,72.7983196,75.08143559999999,74.31556280000002,68.25300620000002,69.6923422,67.1156446,62.08004220000001,59.37948520000001,55.4769168,44.8287522,40.334785,34.7982302,25.8253918,23.661713,22.2980122,22.3178892,21.3933088,21.9631694,23.2970142,24.3134354,23.0410852,22.3600634,21.7709688,19.8973346,17.482986,16.8167532,16.3274232,13.2511352,9.628282400000002,6.3112192,3.1055132,0.4208586000000001,0.0,0.0,0.0,0,0,0,0,0,0,0,0,0,0,0.0,0.0,0.0
20916>20923,761,761,WMSu,Westminster,Cir+Dis // EB,761,WMSu,Westminster,Jubilee // SB,Alight-Interchange-Board,17041.293979,458.9639766,4063.568956,4301.69305,5040.5454,2144.9767738,1031.5458226,5.718166800000001,11.0458108,16.1244114,31.9770654,46.924831,81.59339460000002,106.6122066,158.96809,201.909186,231.4557,273.656334,351.981758,404.468002,437.039968,471.8451100000001,461.9219900000001,409.8057700000001,332.13435,270.438302,216.912486,179.043266,149.577612,141.556738,143.609576,147.144596,146.202916,151.235444,161.409524,162.494776,162.503888,162.137682,166.7670680000001,167.031674,169.346536,172.180854,179.462592,178.281024,185.289786,193.141196,209.19072,221.831446,235.53801,247.41026,269.305866,283.8998759999999,308.643294,339.853072,395.334628,431.3679400000001,461.074464,494.2986280000001,510.3093940000001,493.638066,477.345024,450.6267320000001,394.1542820000001,342.1426560000001,280.139736,225.427728,188.667574,163.496244,144.924896,138.518748,137.06962,130.0382052,126.2848702,127.6122182,140.6542782,141.0888602,143.802615,142.6397732,136.0627692,117.7044572,106.0514332,85.04147460000002,66.6045106,46.99544908,28.36240908,11.13208108,5.004221680000001,1.05576848,0.0,0.0,0,0,0,0,0,0,0,0,0,0,0.0,0.0,0.0
20917>20901,761,761,WMSu,Westminster,Cir+Dis // WB,761,WMSu,Westminster,EntEx,Alight-Exit,7637.1166877,257.4478496,2742.531064000001,3120.181230000001,1042.643188,373.8470398000001,100.4663163,0.3480093200000001,2.00322592,6.816363920000001,14.87302392,28.38659392000001,47.1484466,68.50344799999999,89.36873800000002,113.856844,135.725764,159.349272,191.319548,225.7573,265.220174,297.8336,311.503258,304.7807500000001,286.3128900000001,245.250492,205.621172,186.344346,169.379972,151.4756248,150.2937108,149.0477728,141.2770648,134.5447448,139.208872,134.45641,134.435878,124.899728,127.440448,124.102546,123.268866,118.759571,122.596903,118.749168,116.796686,112.387328,113.877951,112.169907,108.84742,102.840012,102.9803,97.71152300000004,93.979213,90.370707,90.992839,91.172191,91.431842,92.368312,90.974936,88.833454,80.8396566,72.0316176,61.9368968,55.62474880000001,46.06610540000001,40.7027662,35.60910180000001,31.098239,26.9889076,25.28174940000001,22.7891336,22.630124,22.8925556,22.266764,21.89684440000001,20.9860428,18.3422205,14.52883504,12.03983588,9.33045688,7.256773280000001,5.415825900000001,4.68847094,3.58871354,2.34285574,1.08962534,0.5627800199999999,0.29388044,0.0,0.0,0,0,0,0,0,0,0,0,0,0,0.0,0.0,0.0
20917>20922,761,761,WMSu,Westminster,Cir+Dis // WB,761,WMSu,Westminster,Jubilee // NB,Alight-Interchange-Board,2157.959710800001,27.3652029,137.745066,658.6108038000001,769.3104762,386.0171792,178.9109827000001,0.03644956,0.14696292,0.5973895200000001,1.57423926,3.74736666,5.622567500000001,7.07997254,8.56025494,10.248296,11.114756,10.881058,11.6750576,11.9415636,11.7039192,10.9998982,11.474271,11.3265846,12.1212024,11.7425846,12.5158748,13.5199828,14.978652,16.29944960000001,18.4498674,19.8818494,21.7628544,23.7255508,25.4092204,27.30877820000001,27.2262716,27.7727526,28.3347544,27.9140426,27.5440928,30.0200184,31.0141486,31.4920524,33.5994122,34.2593824,33.5634602,34.5706128,35.103566,35.37781560000001,39.4822162,42.5605868,47.44295680000001,55.8427288,60.308292,63.27351579999999,72.6508498,72.461685,75.16820899999999,76.1543982,74.63807800000002,66.84559660000001,61.9635794,52.91954739999999,44.9033408,42.2193832,36.7103294,33.649141,29.1252186,28.3660884,23.9986938,23.1795044,23.28286940000001,23.2428692,24.4201936,24.360591,23.0651698,22.5375018,22.0696404,20.20949580000001,17.6923734,16.5853763,13.5995115,9.360575500000001,5.409782499999999,3.0959309,0.9250338,0.0,0.0,0.0,0,0,0,0,0,0,0,0,0,0,0.0,0.0,0.0
20917>20923,761,761,WMSu,Westminster,Cir+Dis // WB,761,WMSu,Westminster,Jubilee // SB,Alight-Interchange-Board,1434.861271560001,11.71256652,52.95472346,435.4992995800001,504.0800226000001,290.5122986,140.1023608,0.106653572,0.481318212,0.798111992,1.310334572,1.684542332,1.78082266,2.73783994,2.812943240000001,2.90364906,3.65684742,4.05577596,3.91680564,4.472324860000001,4.681477800000001,4.35334688,4.766914700000001,4.57305498,4.33276528,5.17138154,6.070379340000001,6.571077140000001,7.42218066,8.94740266,9.99531986,10.39461486,11.572596,13.5300976,14.9890718,14.7896474,15.5194672,17.7624484,18.304579,17.7173346,18.3147006,20.8373268,21.3753414,21.193053,22.6279204,24.3893932,25.087203,25.2052636,26.9537268,31.0122724,30.98726120000001,31.0792014,30.3241962,32.9211478,33.5781532,39.9796604,46.3087914,54.739943,55.18079960000001,53.21594440000001,48.94299720000001,43.15444220000001,34.6547458,32.7331156,30.0873156,29.2914956,27.500228,26.28150380000001,22.8198412,22.2123916,20.266665,19.5099714,19.2477488,19.858026,20.703996,20.5065686,18.6061911,17.2486981,17.0680859,14.5532499,11.9797564,11.7300629,10.56494498,7.27858238,4.91105638,3.46194588,1.47963808,0.7135802,0.0,0.0,0,0,0,0,0,0,0,0,0,0,0.0,0.0,0.0
20922>20901,761,761,WMSu,Westminster,Jubilee // NB,761,WMSu,Westminster,EntEx,Alight-Exit,8767.287063200001,455.839585,3581.958642000001,3145.879915,1072.4283772,372.0906566,139.0898874,0.9619618000000001,4.4629208,13.2863538,33.0493338,58.47865179999999,83.80661400000002,117.575067,144.218682,168.927166,196.893612,229.535964,272.712492,327.3401240000001,379.753274,404.7296960000001,402.0016000000001,374.2521140000001,332.1153260000001,270.7681640000001,222.92911,197.164496,171.036938,146.73057,138.541544,137.48051,134.57707,137.754478,143.043228,143.211602,137.444968,131.8635,128.547884,125.874858,123.3512572,123.7849244,126.3343404,124.6684024,122.9041164,119.8309962,113.4177042,112.2704522,106.0569022,102.1557782,97.8333952,98.986356,90.132854,88.55475799999999,87.20847880000002,89.09894480000001,91.7436228,95.0498908,96.2604808,93.14782,88.93948600000002,80.718502,72.5871832,62.1925646,52.1418338,41.4382716,33.2576248,28.2366642,24.254496,21.8391476,21.8947234,21.9248412,21.8115634,21.4230468,21.6758792,20.8250622,19.2077908,17.0885528,16.7471766,14.5641966,12.545562,10.39393992,9.30923044,6.95769144,5.21102024,3.44863024,2.06555872,0.7254754000000001,0.0,0.0,0,0,0,0,0,0,0,0,0,0,0.0,0.0,0.0
20922>20916,761,761,WMSu,Westminster,Jubilee // NB,761,WMSu,Westminster,Cir+Dis // EB,Alight-Interchange-Board,888.1644339999999,28.7357836,317.679331,342.2705732000001,132.2942609,42.60263724000001,24.58184806,0.21953642,0.5529908400000001,1.3119559,2.44149958,4.093508180000001,5.08430806,6.72920824,8.302776380000001,9.842768099999999,11.7266645,14.1838918,17.2678136,22.3205068,31.1614714,34.4688484,37.88254620000001,39.64944240000001,39.73380520000001,31.6256462,27.8159264,24.644251,21.4317814,17.5436942,17.0712444,17.4832788,16.4436742,16.27195,15.3145155,15.8769277,15.2039125,14.5670789,13.5170545,13.5184542,12.461579,11.6699578,10.97016914,10.95294914,10.39903714,10.20546294,10.48064574,11.6671136,11.3352824,11.6706418,11.5699172,11.3062936,10.3408674,9.77303846,9.27778606,9.12306906,10.45014986,11.19522026,12.3579188,12.9078102,12.9169376,11.9836144,10.6615552,8.63372214,6.9715148,5.47414328,3.539802,2.962931600000001,2.9315736,2.54936826,2.3188909,2.17476296,1.96240018,1.5962637,1.48726382,1.68337248,1.88935692,2.22909754,2.35249716,2.55173492,2.7469655,2.39558546,2.44399942,2.27940042,1.77202162,1.11299146,0.95057928,0.17424588,0.0,0.0,0,0,0,0,0,0,0,0,0,0,0.0,0.0,0.0
20922>20917,761,761,WMSu,Westminster,Jubilee // NB,761,WMSu,Westminster,Cir+Dis // WB,Alight-Interchange-Board,11476.968883,412.804113,3418.4363676,2633.7521158,2868.5177696,1404.2325294,739.2259875999999,6.12614,6.9196016,15.1864416,29.9075506,51.7541346,73.64235459999999,102.158133,127.109757,169.689768,229.162452,257.8944320000001,327.1601720000001,375.5438200000002,400.11325,373.4151680000001,357.331566,300.4207800000001,258.749106,199.7971228,169.1587308,150.9560608,129.6880448,109.1185568,107.23458,104.7779868,101.3256108,100.6941148,102.4880128,104.9115208,102.2388112,100.2456502,102.6044442,102.7305162,98.0922082,101.609211,110.754842,110.009894,111.61146,111.472198,106.537088,109.350426,109.1039308,113.7212008,132.4757468,150.2868648,162.9038768,178.73772,214.294288,235.113682,262.205468,274.886702,300.593818,289.236438,290.469458,265.480768,244.308686,210.92996,179.596096,142.849676,123.3072,110.526606,98.00267,96.819866,89.71151900000002,92.175095,87.2831262,88.3003822,84.730333,91.432306,81.061704,84.5776468,84.82087879999999,84.2679308,77.81215279999999,73.9873776,61.17406560000001,45.24923240000001,30.18995360000001,14.3110376,8.2357168,2.1059848,0.0,0.0,0,0,0,0,0,0,0,0,0,0,0.0,0.0,0.0
20923>20901,761,761,WMSu,Westminster,Jubilee // SB,761,WMSu,Westminster,EntEx,Alight-Exit,8274.257136996,255.382588996,3625.426047400001,3032.7824542,986.7973162,298.0895634000001,75.7791668,0.306637464,1.859167864,4.869845064,11.732633064,23.29055654,45.04200700000001,70.67741059999999,97.6043314,138.4999474,175.041936,215.28845,268.576836,342.8969380000001,380.826614,414.356114,417.133012,399.9827780000001,341.4556780000001,288.1807300000001,243.187014,212.140604,181.300694,164.71845,163.871446,155.109004,150.38181,147.31949,145.214048,141.72541,137.7711388,128.7358528,120.1745268,115.4928688,106.7621788,103.069572,101.471094,99.12033000000001,96.881348,96.100052,94.207876,94.549892,93.244173,91.11571500000001,92.3048802,91.5528802,90.02829220000002,88.9378372,90.2996762,87.9108838,90.866731,87.7868842,87.1747282,79.40600400000001,73.5816212,61.75965400000001,57.492124,47.55683259999999,41.2968968,34.83308839999999,30.265253,23.7416262,21.0843952,19.094534,17.262931,16.0868218,15.9839212,15.4796592,15.403604,14.4459348,12.97029494,10.58341514,9.10923114,6.33189006,4.673570059999999,3.84043974,2.94269472,2.75519068,2.77867366,2.14858026,1.43984704,1.25218406,0.5072205000000001,0.0,0,0,0,0,0,0,0,0,0,0,0.0,0.0,0.0
20923>20916,761,761,WMSu,Westminster,Jubilee // SB,761,WMSu,Westminster,Cir+Dis // EB,Alight-Interchange-Board,2511.135694740001,89.48654090000001,975.2875494,861.8446856,410.2585398000001,131.04244466,43.21593438000001,0.5640898,1.84255926,3.084708060000001,7.507786660000002,11.93976186,16.75179966,20.7768558,27.0189798,32.3615252,37.65042800000001,46.86097940000001,66.60818379999999,84.364213,97.199549,114.553167,117.979854,112.931738,103.663082,89.14479800000002,71.97003199999999,63.7734506,51.4527854,44.1741708,44.2164528,41.2111274,37.7718132,37.99553640000001,36.324354,35.0756816,34.608489,32.8654428,30.52556940000001,29.9175556,28.9876678,27.8451226,29.970738,31.2715898,30.7203432,30.762839,32.1699454,32.6463638,31.6553218,32.84758120000001,33.054744,32.6597242,32.2219622,33.4155364,34.0174694,34.2387486,35.6909792,35.6605648,37.6868274,33.5225592,35.5545606,33.6615886,31.9280192,25.1662414,22.99704632,15.93859886,11.35321646,7.65401194,6.922886340000002,6.963736620000001,6.99464702,7.101052560000001,6.975977980000001,6.609847780000001,6.365181380000001,5.709078300000002,5.01500768,4.64869718,4.71470138,4.480272480000001,4.90975328,4.29072192,3.88277286,2.650958588,1.765885888,0.570708228,0.5067750679999999,0.07060152800000001,0.0,0.0,0,0,0,0,0,0,0,0,0,0,0.0,0.0,0.0
20923>20917,761,761,WMSu,Westminster,Jubilee // SB,761,WMSu,Westminster,Cir+Dis // WB,Alight-Interchange-Board,2773.482646200001,89.24125839999999,889.4862091999998,1040.1090736,471.8711192,207.30195924,75.47302656000001,1.0673718,1.55435448,2.00896436,4.396234160000001,9.62664196,15.49939616,21.10405968,33.98423579999999,47.01001600000001,54.8461582,67.0241742,79.588564,89.08654600000001,92.80046,97.042644,91.165818,84.9177632,73.13453659999999,60.79887120000001,52.07065780000001,44.14241860000001,38.25813580000001,33.91537700000001,29.7404694,31.3237396,36.15741800000001,38.84862200000001,41.763423,50.43198200000001,49.4368692,47.8129648,48.77485300000001,47.8034158,43.8334378,45.3232674,46.60033860000001,45.8220626,48.0771698,49.8998672,48.7530768,46.1058988,44.8460614,42.40323220000001,40.03497279999999,39.1169622,42.7279832,42.472646,41.4513356,40.8793106,42.74186080000001,37.7794596,39.40020060000001,38.140031,38.744298,34.1802218,34.2368098,30.373113,28.5050588,24.3104478,20.8371814,17.6497106,14.1957785,12.4464831,12.5929737,12.6656609,11.6926595,11.5129394,10.51995254,9.81374934,8.70054094,8.83965194,9.15525874,8.611361599999999,7.728763660000001,7.472747460000001,6.18181016,3.872116840000001,2.84540604,1.68067558,0.55829878,0.01264548,0.0,0.0,0,0,0,0,0,0,0,0,0,0,0.0,0.0,0.0
580101>580122,765,765,WLGu,Willesden Green,EntEx,765,WLGu,Willesden Green,Jubilee // NB,Enter-Board,1372.892511969404,47.7541367,395.1694116,411.8497083,325.2067022,145.8243282,47.08822496940329,0.0,0.9571145000000001,2.16098784,3.05848964,5.25957704,8.08565774,11.17833564,17.0539743,24.1518005,32.5548211,44.28674040000001,51.64014400000001,50.62426680000001,46.78941020000001,39.99700679999999,29.05622180000001,21.1377118,18.2375068,18.310123,18.3836584,18.1002984,17.341779,16.8333856,15.3645457,14.3491173,12.9932273,13.1683677,13.8209107,13.7323246,14.070093,15.8148876,16.9421278,16.9123636,18.811705,19.4783442,18.775407,18.4939964,18.9322404,18.430187,18.322633,20.0799292,20.0269558,20.4195106,20.6353714,21.6875672,20.7993124,23.2853312,25.6247532,26.0476826,26.27704240000001,30.4227386,31.6527602,31.3614572,31.5427808,30.4705686,26.0347078,21.7755978,18.00680280000001,16.3007696,14.5845294,12.7911971,11.2212439,10.9454573,9.1896865,8.0651911,7.665632459999999,8.07182366,7.20639658,6.665662180000001,6.09405348,5.917635820000001,4.556648000000001,4.34437096,3.76398668,4.01197466,3.37992422,3.12856496,2.09411771388066,1.78397699388066,0.97232471388066,0.37498455388066,3.388066e-08,0.0,0,0,0,0,0,0,0,0,0,0,0.0,0.0,0.0
580101>580123,765,765,WLGu,Willesden Green,EntEx,765,WLGu,Willesden Green,Jubilee // SB,Enter-Board,7978.902446400001,632.7537186,3489.929496,2227.575427,1139.3361272,405.0154737999999,84.29220380000001,12.0902388,22.2015364,37.16869440000001,54.69766600000001,77.70316580000002,109.6365848,140.8883552,178.3674772,219.396174,258.407408,304.861586,352.54521,371.618876,377.542272,369.059288,336.541204,285.209074,241.296588,201.456922,171.994894,145.149998,128.807406,123.362902,118.24045,109.055236,102.468016,98.10365,94.6349628,89.4935968,84.3011448,83.9712248,84.59509279999999,82.59317200000002,80.811468,82.162051,83.2337118,80.016075,77.317173,77.592259,80.8400512,77.9530974,78.3289062,80.89192220000001,83.6518602,82.938365,83.94302200000001,92.459326,99.510328,103.315461,104.170335,111.556285,107.254275,99.81981100000002,92.77266999999999,86.86886900000002,74.7273802,64.40721819999999,55.5357702,47.467679,40.51326539999999,33.73551139999999,30.7176156,27.2608716,25.1064462,22.7095948,21.339829,18.6536246,17.5680478,15.514742,13.23776840000001,11.71301940000001,10.5261696,8.8381074,7.352761600000003,6.27607504,4.74906896,2.95624296,1.88507396,0.94155816,0.30161632,0.0,0.0,0.0,0,0,0,0,0,0,0,0,0,0,0.0,0.0,0.0
580122>580101,765,765,WLGu,Willesden Green,Jubilee // NB,765,WLGu,Willesden Green,EntEx,Alight-Exit,7730.475907800001,50.7676872,479.985602,1491.2762366,2806.111262,1811.194014,1091.141106,0.0,0.64251356,1.10123716,2.37071656,5.30687336,9.05648816,13.3026666,18.9871918,26.578917,33.118395,41.28375680000001,46.8924628,52.42172140000001,53.5676618,51.648213,44.78598099999999,40.01570479999999,33.98394099999999,29.2039498,26.4848976,27.7000672,28.3595462,28.8157188,29.7941074,32.5459076,34.7596554,36.94606940000001,40.18483440000001,45.44564340000001,49.25925380000001,50.6631288,53.39004839999999,58.6481932,61.32040179999999,64.31745459999999,68.90115759999999,74.32580920000002,77.1730812,80.6448422,87.70992700000001,99.483399,108.737579,119.077813,133.072598,148.479186,168.966768,185.320128,209.010376,234.036582,251.906248,264.388844,272.867796,284.6208680000001,274.1868220000001,264.707122,247.620522,229.757316,196.78422,177.378946,157.246402,142.34506,136.170196,130.885456,128.6699152,129.6443092,127.6780632,127.2416352,127.3924952,129.328174,129.350756,125.9211312,118.7799532,113.0163012,102.6340352,91.40554120000002,79.91512300000002,70.41116240000002,53.99173320000001,37.8618692,22.9646952,12.6260362,2.9345948,0.0,0,0,0,0,0,0,0,0,0,0,0.0,0.0,0.0
580123>580101,765,765,WLGu,Willesden Green,Jubilee // SB,765,WLGu,Willesden Green,EntEx,Alight-Exit,1351.0446345468,43.9162472468,310.5662542,458.0799900000001,382.4752518,126.47495458,29.53193672,0.3528463592,0.8818835592000001,2.0438513592,3.7297347792,5.73935769,7.549499099999999,9.942950699999999,13.6761237,18.8467134,22.64379060000001,28.8864608,32.9871432,34.6805118,32.1454846,30.5450468,26.1351946,23.2181082,20.7855264,20.2869288,19.405345,19.1030836,18.8884878,17.4566544,16.2721098,15.6858312,15.368092,14.4583526,15.1210104,16.6154184,17.4584638,17.1745486,17.3642782,17.463131,16.89738,16.2326802,16.462259,16.7639652,17.0675504,17.0571316,18.891845,22.190129,30.03608160000001,32.6752016,35.37630460000001,38.013734,37.81704720000001,33.5699178,34.1209898,35.2842672,34.7683842,34.71847080000001,33.4585796,31.3784644,26.7573936,23.204462,19.3835412,16.8628316,14.0644512,13.272469,12.2235622,12.145779,10.654847,10.08893212,9.22040166,8.33979986,7.31585926,6.3680216,5.91800008,5.46474282,4.83412708,4.20304426,3.693164200000001,2.8817277,2.19845928,1.87440346,1.4907471,1.14798902,0.8744755200000001,0.6534222599999999,0.21563402,0.0,0.0,0.0,0,0,0,0,0,0,0,0,0,0,0.0,0.0,0.0
360101>360122,787,787,BERu,Bermondsey,EntEx,787,BERu,Bermondsey,Jubilee // NB,Enter-Board,6604.575515700001,375.5001574,2476.5550778,1678.482464,1407.823316,475.8137978,190.4007027,4.536952400000001,10.2354984,18.9694804,32.06506640000001,47.4504154,63.56711080000001,86.0865968,112.5890368,136.3380028,165.6743159999999,198.871522,237.400334,263.188784,274.870032,273.337872,257.197,220.8803020000001,179.4762690000001,147.777767,121.542877,102.176544,87.17741800000002,81.52204900000002,79.38292100000002,76.40712099999999,72.15141,69.200788,66.9823532,64.9382152,61.09076320000001,59.55742160000001,59.13534360000001,59.8245964,57.51684900000001,58.080715,59.4457846,60.22076260000001,58.7645222,62.0966504,66.7559804,71.27740440000001,72.76601840000002,81.4681488,90.542684,99.18064800000002,103.639335,115.360819,122.450625,126.601635,128.286941,132.43261,131.592796,128.593754,120.095466,107.635534,91.953153,75.322525,59.26952540000001,48.2323974,42.6563934,37.572374,34.5160104,31.9703906,30.997291,28.81824960000001,28.4032906,29.1493612,28.9059892,27.4575662,25.9437082,25.806252,24.8474892,22.7797674,19.9840878,17.1462225,12.4056215,7.101723300000002,4.238494500000002,2.0971547,0.5926154,0.0,0.0,0.0,0,0,0,0,0,0,0,0,0,0,0.0,0.0,0.0
360101>360123,787,787,BERu,Bermondsey,EntEx,787,BERu,Bermondsey,Jubilee // SB,Enter-Board,4969.695950999997,223.6823598,1163.2422716,1354.9625086,1396.4947252,588.2857308,243.028355,5.300087,10.242651,15.0031124,22.2462414,32.7454794,38.19595080000001,45.4705376,54.47830020000001,64.9976432,73.0411282,82.72101780000001,97.135657,111.444755,117.7123718,123.076648,123.754893,113.265477,97.3242176,85.56676480000002,73.20169820000002,61.67414460000001,53.38380460000001,49.43276940000001,46.6712128,43.4252122,42.67567840000001,44.33907640000001,48.242487,47.5689732,46.0886952,46.8087376,47.48218660000001,44.55506300000001,45.32974640000001,48.68565039999999,50.5566876,49.71983520000001,50.35670579999999,52.2832516,58.3649456,77.77793840000001,88.8730498,98.5479108,112.118746,120.908588,111.653796,116.564532,127.061102,125.579498,123.950654,127.69529,124.10985,114.1810588,109.6633168,103.1141008,92.01293879999999,82.1419448,70.2870896,60.0753036,52.68312660000001,46.56711780000001,42.0592266,43.47963060000001,43.202839,39.73779520000001,38.805396,36.5906312,32.6556298,29.2730698,27.4777466,26.232939,27.608765,27.8148774,25.3943388,23.7126676,19.7817024,14.1172348,9.074480800000002,6.255873000000001,3.7250542,1.724875,0.8347306000000001,0.0,0,0,0,0,0,0,0,0,0,0,0.0,0.0,0.0
360122>360101,787,787,BERu,Bermondsey,Jubilee // NB,787,BERu,Bermondsey,EntEx,Alight-Exit,4103.280451503999,316.624952504,1160.061405,848.0883914000001,937.5856634,552.8034812000001,288.116558,1.001991126,6.991925126000002,17.951033126,28.856089126,41.982959,60.19622200000001,75.611986,84.032747,94.2008462,106.0193982,113.0556182,124.6290462,131.5094252,133.121052,121.6011248,105.8620628,82.27085679999999,62.3234994,46.29965739999999,39.16881779999999,34.98379979999999,30.9977998,29.9336972,28.93268320000001,28.3362924,27.2228438,26.74670920000001,26.5650724,26.9395224,26.80224280000001,27.0356886,29.10878240000001,31.9135612,34.2028712,36.077803,38.34614180000001,39.1270206,40.387337,42.42108820000001,44.36925479999999,45.59125880000001,49.4959788,50.0859344,52.4650076,54.54857440000001,61.28588840000001,64.2278364,73.2735724,78.10772080000002,87.76587380000002,90.8788918,94.48457580000002,90.5092938,89.840023,80.92399440000001,71.73941839999998,64.3775784,59.50406,51.090366,48.2393406,46.99848460000001,45.32071460000001,43.75679400000001,42.468794,39.903667,38.438973,36.10065,36.604059,37.7897974,38.95587579999999,39.3612558,38.4431196,33.8953532,29.6365374,23.9945324,18.688971,12.7529302,8.442070600000001,4.315454000000001,1.8406606,0.0,0.0,0.0,0,0,0,0,0,0,0,0,0,0,0.0,0.0,0.0
360123>360101,787,787,BERu,Bermondsey,Jubilee // SB,787,BERu,Bermondsey,EntEx,Alight-Exit,7016.798647699999,143.8128875,1068.4591204,1422.7560218,2170.452272,1386.5118388,824.8065072,0.14839606,0.95804134,3.832189140000001,8.783008940000002,14.64732014,25.38274908,38.3215098,51.73967300000001,66.10068120000001,78.73578800000001,88.51109500000003,97.5733518,109.7766008,114.5561528,115.6343628,107.1093052,97.1656584,78.58307440000002,63.19133200000001,51.52171800000001,48.119317,45.385863,43.131397,41.90922140000001,43.00280800000001,43.9700386,43.9251294,45.9651386,49.0818646,50.050814,49.798441,49.36633120000001,51.8309192,52.8908946,53.4470646,55.9723096,59.8905966,62.27649460000001,67.5272992,76.1334604,86.0862484,93.99491040000001,100.8003172,108.1991432,120.564256,129.77414,138.910558,156.66664,173.420314,192.239528,206.163564,220.959172,220.643872,221.796612,202.163908,187.149708,168.93639,155.362337,132.3351322,123.7572722,113.4835682,103.8571052,96.7238522,96.786517,96.58921300000002,96.581671,98.151668,103.9471128,108.5526168,109.5469878,108.0479018,102.0320458,88.75500100000002,78.575787,61.6083514,49.304389,41.66861460000001,33.3251106,19.6531526,13.7168772,7.756887599999999,2.262784,0.0,0,0,0,0,0,0,0,0,0,0,0.0,0.0,0.0
360301>360318,788,788,CWRu,Canada Water,EntEx,788,CWRu,Canada Water,LO East London // NB,Enter-Board,1818.286727250001,60.4413612,766.638689,441.0636557999999,336.2137678,140.59211776,73.33713569000001,0.0,0.54176908,2.61651788,4.33464868,7.78281148,10.37613488,15.3710754,19.4184038,25.5116614,31.8673766,43.2110892,57.14144760000001,75.6917044,88.39427800000001,97.68891200000002,97.19015879999999,87.5917588,69.126015,53.742563,39.4817242,32.04982,24.867021,21.7922376,20.9786278,19.6058128,16.6867218,17.729124,18.0838666,17.4172476,16.4778742,16.743747,15.8103798,15.632172,14.9343854,15.3272792,14.9878254,14.8699028,15.1109428,15.8710562,16.3203752,17.6938032,18.9248298,20.9740916,22.174512,26.527667,26.905494,28.73911600000001,28.84362740000001,31.8351194,29.8007742,30.6840006,30.0492846,28.9951848,26.2797258,24.6148814,22.93889260000001,20.7603698,18.5860746,15.8951412,14.4988824,11.63771854,10.11049094,9.21549246,7.774197160000001,6.718060900000001,6.97279436,7.93021936,10.49267604,12.52096474,12.714151,12.9346057,12.0569073,8.61204938,5.82184518,4.23076287,2.64453937,1.16364917,0.46628909,0.17137189,0.0,0.0,0.0,0.0,0,0,0,0,0,0,0,0,0,0,0.0,0.0,0.0
360301>360319,788,788,CWRu,Canada Water,EntEx,788,CWRu,Canada Water,LO East London // SB,Enter-Board,671.0448969400001,33.4909192,219.01896544,163.82206058,139.71091422,76.29913069999999,38.7029068,0.0,0.169606888,2.332572688,3.150193288,4.966404888,6.202492208000001,7.97690332,8.692745920000002,11.15132852,14.54652052,17.4854564,24.56067740000001,26.2580218,27.4003326,24.53505220000001,23.24917140000001,16.19862220000001,13.0431956,10.620867,9.9697198,8.9146604,8.286600080000001,8.06913748,7.47754336,7.13103882,6.411284820000001,5.77653254,5.62868254,5.384282500000001,5.241534440000001,5.671640360000001,6.76248516,7.01528652,6.806346980000002,6.860275980000001,6.99710226,6.308309100000002,6.22220108,6.28019306,6.03001036,5.61000348,6.12827524,8.7465963,10.06203772,11.82158302,12.2982657,13.2160029,11.3419911,11.6270896,10.5606993,11.5854613,11.3299411,11.9333949,11.0687749,11.7849158,11.1427946,10.2985604,8.881147259999997,8.79517126,7.84117346,6.655363960000002,5.908960400000002,5.91794814,5.11084734,4.4975154,4.104360020000001,4.30416718,3.98391588,3.75019256,3.38485566,3.5216288,3.904622120000001,3.43242834,3.61763366,3.340344340000001,4.35929368,3.07871336,2.70971384,1.90614504,1.6973354,0.0,0.0,0.0,0,0,0,0,0,0,0,0,0,0,0.0,0.0,0.0
360301>360322,788,788,CWRu,Canada Water,EntEx,788,CWRu,Canada Water,Jubilee // NB,Enter-Board,8392.2159316,501.1748656,3297.4646992,2324.8056752,1457.2424614,561.3974175999999,250.1308126,11.9889938,18.973761,29.02327500000001,51.001226,63.97650160000001,84.4412562,106.139457,135.630395,157.413796,194.807142,239.901312,301.4578400000001,357.006828,381.593962,382.691184,361.806388,311.185124,243.850924,198.746142,167.0040572,143.7758772,123.4556912,117.1213752,117.4037132,113.146466,103.884262,104.433818,103.0246188,98.192394,93.306232,92.369064,91.405632,89.0287032,85.59052600000003,84.4318188,83.02218280000002,80.0943408,78.2149068,78.83048679999997,83.792286,85.6199412,86.77986840000001,90.7465604,97.13491040000001,100.9455144,107.7091312,117.809126,124.854068,134.46665,138.121768,138.592311,136.271573,132.364429,119.707637,109.162173,97.23808079999999,83.08932180000002,67.80701499999999,56.95092099999999,49.06515820000001,43.0043594,38.6971164,38.03396779999999,37.5723738,33.7071668,32.39779960000001,37.07271220000001,43.99950560000001,45.10073880000001,44.9930622,43.93477180000001,36.8175062,25.164169,18.25441540000001,14.48318174,9.8894098,5.8922528,3.7044,1.6152484,0.28165646,0.0,0.0,0.0,0,0,0,0,0,0,0,0,0,0,0.0,0.0,0.0
360301>360323,788,788,CWRu,Canada Water,EntEx,788,CWRu,Canada Water,Jubilee // SB,Enter-Board,4353.954054900001,236.9087476,992.4295616000002,1159.7417244,1224.0111438,518.8630674000001,221.9998101,8.5750084,14.3808984,19.2389264,25.7825424,33.5776596,40.56216120000001,44.5312292,50.260322,55.4677948,61.7258736,61.9677956,73.1878476,86.8004108,97.350128,102.674242,109.625624,104.691292,91.3592548,78.37055579999999,69.2087426,56.36995,47.2351074,44.164006,44.4888222,44.28205139999999,43.1455096,46.10932879999999,47.7406086,47.8258908,45.56803220000001,46.9078836,46.19436200000001,46.4622598,45.6568444,46.371467,46.0055872,46.10235460000001,44.1709896,45.1761104,46.8775272,49.20883600000001,53.4021976,62.3116524,67.96434559999999,74.8723848,86.4644108,98.8314548,108.06547,123.019926,128.918387,126.034937,117.835025,108.099753,92.6033498,84.5179588,74.74808680000002,66.59571400000002,58.9325726,53.31180240000001,48.47316679999999,44.87160180000001,41.460401,39.235287,36.5200832,32.3173184,29.5924352,32.0433108,35.5093742,36.2562026,35.4056532,34.343704,30.1826824,22.1881072,17.0647028,13.382249,10.1715348,7.12238228,6.251816580000002,3.93170978,2.61809738,2.19574498,0.8852230999999999,0.0,0,0,0,0,0,0,0,0,0,0,0.0,0.0,0.0
360318>360301,788,788,CWRu,Canada Water,LO East London // NB,788,CWRu,Canada Water,EntEx,Alight-Exit,799.1722142800002,18.763104,191.812329,187.84658148,250.6025434,111.61661152,38.53104488,0.0,0.19423258,0.288166056,0.6100873760000001,1.472386916,2.614409316,3.861485816,9.72233594,18.33017302,26.17627048,29.26437308,31.4014316,27.99579900000001,20.330912,12.2989908,8.835309340000002,5.83742254,4.081267860000001,3.59484506,3.665534220000001,3.64676806,3.87241414,4.26800128,4.58084648,4.66171572,5.08677874,5.8542636,6.062323580000001,6.82311318,7.737332380000002,8.064327720000001,7.571257580000001,7.368555440000002,6.96168698,6.571329980000002,6.90246964,7.536777840000001,8.084826940000001,9.1063384,9.8298572,11.2102702,13.5362778,15.8374198,16.6716288,17.9388772,18.9737374,19.7911414,20.1536338,21.5823588,23.6586862,24.6729536,24.372779,23.224121,21.56374080000001,18.69399840000001,15.9765158,13.6793862,12.3281482,11.373391,10.18430352,9.61946452,9.25935792,8.954350520000002,7.766266040000001,7.353836520000002,7.043587320000001,7.421315120000001,6.63320464,6.80303506,7.1032872,6.4245968,4.718537200000001,4.36933794,3.4886285,2.48803612,1.49888132,0.92636252,0.46295086,0.24739136,0.0,0.0,0.0,0.0,0,0,0,0,0,0,0,0,0,0,0.0,0.0,0.0
360318>360322,788,788,CWRu,Canada Water,LO East London // NB,788,CWRu,Canada Water,Jubilee // NB,Alight-Interchange-Board,12348.0121393,876.931821,4601.960302,3624.854446000001,2270.970534,770.2158796000001,203.0791567,0.0,13.092781,32.154121,63.642957,95.782611,160.049031,218.836724,293.373596,367.59066,450.6196860000001,503.737646,533.470952,512.7053599999999,462.7478200000001,404.67276,345.51734,292.4589220000001,266.179278,243.336298,218.92358,186.833952,168.050224,154.293158,158.72281,154.7441,160.918162,164.537738,167.199594,158.3347800000001,156.889464,152.976318,145.73318,134.722836,131.752388,129.390382,129.844846,129.672124,129.484408,135.584748,143.655908,147.060378,153.936176,163.97249,166.544282,171.632076,172.367786,183.037412,193.743796,205.451814,208.686842,217.133228,211.18349,202.745534,184.562226,170.151114,150.275216,129.063378,106.97206,91.4080506,75.56875360000002,64.068978,55.28097140000001,48.79049600000001,44.97896420000001,41.4211044,37.7539424,37.3284984,37.5806826,35.3936496,32.86296720000001,32.18529580000001,28.9995818,23.9567112,18.84284952,14.60107966,8.88030866,4.92027526,1.72830706,0.7081309400000001,0.0,0.0,0.0,0.0,0,0,0,0,0,0,0,0,0,0,0.0,0.0,0.0
360318>360323,788,788,CWRu,Canada Water,LO East London // NB,788,CWRu,Canada Water,Jubilee // SB,Alight-Interchange-Board,8415.25615,611.183894,2657.843786,1917.326299,2210.557006,806.9580176,211.3871474,0.0,15.536926,30.9467512,57.2189132,74.6613212,108.3565812,136.3720872,188.091314,222.989984,280.091756,319.5145260000001,350.49813,321.181074,286.4159740000001,234.453466,188.97488,131.950348,118.922512,105.77352,97.077616,77.982876,72.72959800000002,60.85131120000001,68.20442320000001,68.9190432,78.42885720000002,82.5878572,89.58691999999999,84.198308,85.40852400000001,82.16253400000002,80.4708452,74.91280400000001,74.46121120000002,70.7807812,73.46041720000001,71.2517646,70.5210238,70.52151980000002,78.60099980000003,80.82764980000002,94.2274312,106.9359052,119.293694,128.934696,153.120632,176.481506,197.381824,215.957866,234.008626,227.901836,218.560032,198.899806,175.331036,149.883865,134.095281,106.4167876,95.5955948,84.48732340000002,74.0472524,64.1792324,65.0664706,58.750416,59.58924540000001,56.3918286,52.67052260000001,46.45433320000001,43.3090106,38.15599460000001,35.39706339999999,32.1801722,29.1393824,24.68855760000001,19.5967148,14.3943912,9.195232400000002,5.3077308,2.4764056,0.8555024,0.0,0.0,0.0,0.0,0,0,0,0,0,0,0,0,0,0,0.0,0.0,0.0
360319>360301,788,788,CWRu,Canada Water,LO East London // SB,788,CWRu,Canada Water,EntEx,Alight-Exit,1639.3723425,58.92545190000001,193.09701762,311.03960848,547.6217594000001,353.3738,175.3147051,0.0,1.4234364,2.15295414,4.229910139999999,8.42798534,12.89944374,13.47962034,16.3121018,18.2242746,18.4155202,17.6079308,19.81521140000001,21.3835208,20.6868908,18.8488644,17.114743,14.2990288,10.56864514,8.526716140000001,7.605671539999999,7.37803754,7.70274114,7.892093460000001,8.766482660000001,9.24853086,9.57330686,9.923351060000002,10.2886506,10.9032676,10.7504458,10.9658516,11.2556391,12.1746737,12.1813117,13.4719983,13.6105489,13.6115382,13.7961936,14.4844724,15.603741,18.3172286,20.8881466,22.67347920000001,25.577878,27.478866,29.318867,32.65520619999999,37.82536079999999,42.57178920000001,48.53597060000001,53.94454900000001,57.90383780000001,58.0493444,56.82450940000001,53.6527298,48.86072920000001,43.176486,38.9447614,34.1238218,30.8213968,28.30520120000001,27.16180940000001,26.097578,26.2841858,25.772995,24.99282640000001,23.620964,24.0717742,23.2245898,23.1224956,23.5603206,22.7035556,20.0914928,18.2233915,15.1530767,11.20637006,8.253896460000002,5.551844460000001,3.04097696,0.96418056,0.218514,0.0,0.0,0,0,0,0,0,0,0,0,0,0,0.0,0.0,0.0
360319>360322,788,788,CWRu,Canada Water,LO East London // SB,788,CWRu,Canada Water,Jubilee // NB,Alight-Interchange-Board,3618.636113500001,119.9553204,843.8542848,945.9599283999999,925.3604364,537.6889684,245.8171751,0.0,1.6536556,4.262009600000002,10.5918416,17.1271996,23.0719262,29.2950126,33.95367520000001,39.6190726,44.7783992,57.2431246,69.2116126,86.093868,93.85122259999999,99.09678199999999,94.377404,84.960083,70.58478500000002,56.99205360000001,47.0458776,41.1817136,37.99773,34.99347720000001,36.1454578,36.36977279999999,34.690412,34.2946986,35.307487,35.4903132,34.7174586,35.98504060000001,36.90318600000001,36.94581760000001,36.56691420000001,37.94097120000001,38.686252,39.29842320000001,39.80389400000001,41.7835146,43.2783366,45.79914,47.8417194,51.5708478,52.36735039999999,58.8634762,60.38867,66.708904,69.9144804,80.75279320000001,80.73737200000002,88.60159279999999,89.06106880000002,93.55978100000002,84.55881640000001,80.61382640000002,71.5996552,66.02765880000001,54.3370468,50.23222200000001,45.69496840000001,43.48795320000001,39.2710416,38.2590756,39.9682682,41.1345822,39.4511258,39.53487579999999,40.29015,39.4451976,38.8164882,37.9313532,35.1597216,30.229766,24.81220220000001,17.51171170000001,11.2318595,6.507831100000002,3.6210615,0.5499824999999999,0.0,0.0,0.0,0.0,0,0,0,0,0,0,0,0,0,0,0.0,0.0,0.0
360319>360323,788,788,CWRu,Canada Water,LO East London // SB,788,CWRu,Canada Water,Jubilee // SB,Alight-Interchange-Board,2296.300584600001,80.9751114,426.4466276000001,433.3625669999999,720.2325644000001,440.7409458000001,194.5427684,0.0,3.0512834,5.165126600000002,7.9207242,10.1966398,16.293184,18.0652516,20.2829018,22.3016982,24.2966486,25.5164808,28.9095268,35.38461340000001,40.0078194,45.44451040000001,47.58174279999999,47.66579779999999,42.42774379999999,36.66231120000001,30.24773440000001,23.8318326,18.835415,16.1419662,15.379779,15.0312602,15.0118046,14.187375,14.059377,14.2647572,14.389445,14.4919238,15.5655928,16.8524866,17.9356684,18.2884252,18.3109494,18.237064,17.806744,17.1879772,18.3290758,20.4052254,23.08462380000001,25.9830968,29.750702,34.69219640000001,39.576656,43.0313084,51.6068374,57.2273828,64.93044379999999,69.5348474,77.7438582,74.5696172,75.6741712,67.74352840000002,63.9017172,54.14065720000001,50.35704000000001,43.39234,41.10639680000001,36.44102120000001,33.99599920000001,31.6954654,30.7639434,29.7161864,29.85403160000001,29.3900906,29.887774,28.777942,28.2695196,26.5363756,25.2874982,22.2034778,19.5119386,15.42084832,11.72524386,8.068774920000001,4.83584892,2.50096212,1.1572578,0.24708066,0.0,0.0,0,0,0,0,0,0,0,0,0,0,0.0,0.0,0.0
360322>360301,788,788,CWRu,Canada Water,Jubilee // NB,788,CWRu,Canada Water,EntEx,Alight-Exit,3798.817994720001,295.62728372,800.0359072000002,881.0557805999999,951.4507208,580.0557684000001,290.592534,1.5262219,4.315203100000002,14.7716831,22.8545851,36.07184332,55.56729720000001,75.33996300000003,85.18048700000001,104.694033,111.453429,109.743477,100.932586,91.720852,70.270336,56.46484280000001,43.3600168,33.5588316,27.8329244,26.1550584,23.8495202,23.5397804,25.214986,24.7102134,25.3587738,26.6335364,27.40038980000001,27.91502920000001,30.4959478,33.6797242,35.654909,35.50068179999999,35.946642,36.1905452,35.5190724,35.45152539999999,37.70085220000001,39.88198920000001,43.86726600000001,45.8064146,48.5950716,50.4341638,51.8248148,51.7123454,52.02110620000001,54.5712088,57.3416922,65.8042942,72.13080479999999,83.28655060000001,91.02611280000002,97.6004552,94.7307012,93.6363212,87.77344120000002,80.2408256,73.30831300000001,67.994421,60.42787700000001,54.31726680000001,50.46262900000001,46.8727578,44.7636958,44.7468648,43.8700638,42.7398144,41.9606158,40.8819058,41.0178564,40.5743372,40.77812780000001,38.63506060000001,36.8365566,32.15945960000001,28.2923354,23.8680288,19.3180626,13.8682186,9.20839,5.3367394,1.7172174,0.0,0.0,0.0,0,0,0,0,0,0,0,0,0,0,0.0,0.0,0.0
360322>360318,788,788,CWRu,Canada Water,Jubilee // NB,788,CWRu,Canada Water,LO East London // NB,Alight-Interchange-Board,2069.650835299999,46.12305080000001,640.5514198999999,465.481296,502.7524986000001,229.5660374,185.1765326,0.0,0.45666376,2.02758816,4.463915160000001,6.275421560000002,8.656543160000002,10.7179479,13.5249711,16.5014393,22.8670249,29.8305605,40.511904,50.80294240000001,64.2831172,74.00542720000001,79.78289680000002,80.18544279999999,74.44943559999999,60.74416560000001,46.5870636,35.9850094,26.9343324,20.68351220000001,18.87038920000001,18.5826558,17.5643048,16.3692798,17.069862,17.428712,17.1608576,16.877684,17.161552,17.3464932,16.7612512,17.2843046,17.6166118,18.0285562,18.2233482,19.0189238,19.1791034,18.999007,18.84064020000001,20.5332382,22.961667,24.7544214,28.0328172,31.9336446,34.9512372,38.5814144,43.79499680000001,47.8098602,51.8054168,53.20541220000001,53.27488960000001,50.3915824,44.2168058,36.9954794,31.338393,24.873939,20.6495388,19.619191,17.9436898,16.3237916,15.1839466,13.5034662,11.7725942,10.7939692,10.5680386,11.8637958,13.4639236,16.2241444,20.2834146,23.311561,24.4858012,25.4303792,20.9421368,14.9682336,9.5703424,4.6328,0.0,0.0,0.0,0.0,0,0,0,0,0,0,0,0,0,0,0.0,0.0,0.0
360322>360319,788,788,CWRu,Canada Water,Jubilee // NB,788,CWRu,Canada Water,LO East London // SB,Alight-Interchange-Board,7431.320184405099,293.7278274051,1715.780718,1637.823657,2239.278897,1056.5825922,488.1264928,0.00029528102,3.16571408102,9.86596508102,18.51528308102,39.01564008102,57.43777679999999,75.246943,90.48021,115.311018,127.943123,144.747177,167.115466,194.219662,193.741284,189.038266,172.229106,143.583036,109.950138,86.53774800000002,71.364694,67.27345799999999,65.069748,58.7288434,56.59046740000001,51.85655200000001,46.972594,43.2250506,45.36328839999999,47.4614164,52.3557998,53.3829968,61.0485442,65.43443300000001,72.418341,74.06150799999999,81.313287,81.51458980000002,83.9915098,82.7932318,87.2560368,80.8280838,81.554221,91.658443,105.671213,115.999427,136.912968,166.024848,184.84835,199.839334,209.79356,220.90038,217.982332,210.754342,200.187234,190.437652,185.59847,164.969286,143.674398,126.406048,112.625492,86.08949960000002,76.88600160000001,68.7256084,64.06810080000001,56.30108480000001,54.36538060000001,50.6839906,51.78770180000001,48.4063474,45.99874860000001,47.8230422,51.4863562,58.68348420000001,59.47910820000001,55.73598080000001,50.3895218,36.7079098,18.0976598,8.8378618,6.480472000000002,0.0,0.0,0.0,0,0,0,0,0,0,0,0,0,0,0.0,0.0,0.0
360323>360301,788,788,CWRu,Canada Water,Jubilee // SB,788,CWRu,Canada Water,EntEx,Alight-Exit,9114.690010499999,130.6874327,891.837758,1761.8319068,3101.752718000001,2022.536718,1206.043477,0.1933647,2.0035481,4.261983499999999,6.9299543,13.7866217,23.550625,33.7250104,46.236325,68.12614620000001,82.88779079999999,91.86204359999999,96.0484288,103.0350868,92.60314680000002,82.7323328,71.77107000000002,64.18338320000001,50.57106160000001,45.060608,42.95665939999999,45.3638094,45.97382620000001,46.9741578,48.49090440000001,51.0979264,52.31624960000001,53.4480968,57.7907318,62.63733580000001,63.27270960000001,64.84810440000001,70.1323272,72.2349782,72.5377872,74.35649599999999,77.9424752,78.6715652,80.64848320000002,84.0314412,92.789104,103.5208148,111.9536348,118.9922608,131.8066868,150.369424,163.460056,186.096546,215.251398,253.280726,274.828738,309.1488060000001,323.342358,334.6858660000001,316.986952,306.580152,267.721696,242.01149,212.24016,189.868878,167.393576,162.132092,155.628696,150.873886,150.111066,148.943954,147.824438,146.58548,148.923002,153.257504,152.256232,147.371588,138.790237,126.9331098,109.1453998,94.64273100000001,79.86996500000002,69.82777800000001,53.28551160000001,38.0634656,24.0435544,14.0408044,4.515596400000001,0.0,0,0,0,0,0,0,0,0,0,0,0.0,0.0,0.0
360323>360318,788,788,CWRu,Canada Water,Jubilee // SB,788,CWRu,Canada Water,LO East London // NB,Alight-Interchange-Board,3528.709489703355,52.82993890335371,825.5669772,858.3175683999998,912.2951744,585.3213354000001,294.3784954000001,2.867074e-08,0.13210272067074,0.44543544067074,1.29993374067074,6.37382014067074,10.313183112,15.15227522,19.1131885,26.5258808,33.22827240000001,41.39565220000001,55.8233726,70.45931940000001,87.65851359999999,91.2765486,102.0491158,94.2922722,87.338176,70.13978060000001,65.38007300000001,49.273371,45.8312014,40.1015396,38.6347694,33.7898064,32.6736904,30.6076908,31.7449348,31.7556616,32.3466158,32.58493780000001,32.849431,32.3749402,32.4373262,31.89825960000001,32.6971076,33.0409796,32.5714266,31.83571,34.23679600000001,37.040562,39.8644558,41.71699479999999,46.40935999999999,50.48969399999999,51.908498,54.8663578,65.2272878,71.2362012,77.6711772,85.68753520000001,95.281736,93.2760428,92.4505628,89.40192080000001,84.7981608,73.35022380000002,67.413973,60.48474580000001,54.2348478,49.01187720000001,46.04962020000001,42.59386360000001,40.84106440000001,38.64893920000001,37.4895778,37.31798939999999,37.8846132,38.85918960000001,38.9250908,38.73811360000001,38.97901700000001,36.82326440000001,33.92401040000001,27.84003620000001,20.0805154,12.3031724,6.656897800000001,1.2491878,0.0,0.0,0.0,0.0,0,0,0,0,0,0,0,0,0,0,0.0,0.0,0.0
360323>360319,788,788,CWRu,Canada Water,Jubilee // SB,788,CWRu,Canada Water,LO East London // SB,Alight-Interchange-Board,10487.69899455036,89.755923650358,871.5912834,2114.223145,3609.423450000001,2508.736548,1293.9686445,3.500716e-07,0.2129952100716,1.1832454100716,3.5526502100716,9.1281346100716,17.03441326,26.2406884,32.4037962,45.6710094,51.23601200000001,63.32360500000001,67.36531219999999,86.64406020000001,84.0268302,92.05169520000001,84.1370052,90.00537,72.73723600000002,72.52096399999998,61.872184,66.260992,59.38997300000001,61.5974216,57.2671916,59.41940020000001,55.1352602,53.8549066,56.55619400000001,62.264941,67.30981440000001,69.44749759999999,78.0386462,84.13112220000002,89.8585652,92.2728252,101.942536,105.584656,109.668838,112.524244,122.138262,124.573364,131.13111,138.173696,155.681688,192.275176,216.785128,245.643884,279.212318,310.44729,310.0896400000001,332.831454,342.578806,355.195104,345.569258,345.2845119999999,333.5108800000001,303.875368,289.0510040000001,268.30475,246.399452,219.33001,211.914572,178.565112,168.608466,155.24274,150.859622,151.669678,164.915774,168.966694,167.729944,164.604006,159.01878,162.013032,144.550456,120.4999125,97.7640253,71.01505329999999,25.4918453,7.724801299999999,4.590094799999999,0.0,0.0,0.0,0,0,0,0,0,0,0,0,0,0,0.0,0.0,0.0
820301>820322,789,789,NOGu,North Greenwich,EntEx,789,NOGu,North Greenwich,Jubilee // NB,Enter-Board,22491.25405700001,1268.243761,5422.421476,4417.035580000001,4050.384220000001,1738.414618,5594.754402,36.969284,58.19884400000001,92.499448,134.656134,172.890741,208.285738,261.564158,303.179414,338.1467080000001,385.392668,437.988292,485.5394720000001,532.312846,574.0580560000002,569.005796,550.2332299999999,497.08992,426.1469020000001,344.9350660000001,281.57252,225.091594,186.233754,167.245814,164.576594,163.128584,160.050762,159.929952,159.295946,157.5111240000001,153.8331480000001,162.849694,173.524508,177.35914,179.398622,188.868074,187.015896,181.815516,183.482362,188.759348,195.07243,199.694688,207.676422,234.646878,259.97473,283.1396880000001,309.0611240000001,340.3178760000001,356.8903480000001,372.5656040000001,377.367224,393.4365640000001,385.7500040000002,362.44152,330.0865,296.553534,242.774234,202.057914,167.726886,145.619196,134.254708,128.53227,123.952914,124.94627,123.131846,121.23322,124.450862,144.563356,197.945176,314.7952620000001,486.076142,644.8601460000001,813.680908,876.3855080000002,806.2633380000002,666.1474519999998,490.325072,279.723932,139.114992,67.141322,10.240328,0.0,0.0,0.0,0,0,0,0,0,0,0,0,0,0,0.0,0.0,0.0
820301>820323,789,789,NOGu,North Greenwich,EntEx,789,NOGu,North Greenwich,Jubilee // SB,Enter-Board,14937.9715456,497.6127866,1471.7412346,3158.146218400001,3127.68633,2413.7607,4269.024275999999,16.8125134,25.1941182,32.5408352,59.87355920000001,72.11316780000001,83.58583780000002,94.496175,112.99658,112.360306,121.04096,130.576922,143.026596,153.796606,147.886829,138.134921,123.372501,110.9837658,95.8790758,94.91098199999999,99.77176999999999,103.871311,107.7447272,104.4633192,102.56769,108.433242,107.163751,113.56141,119.286332,132.877884,123.889844,138.124738,135.039762,140.896984,134.012014,140.552164,133.062408,138.040188,134.11315,138.067434,140.952388,153.759394,154.646318,167.128238,185.891528,198.978824,204.24655,221.363248,240.684228,267.286786,280.364596,313.826432,317.4485420000001,304.011182,270.195268,272.149706,237.130968,220.525982,210.694724,212.316888,193.952798,190.761664,187.459674,192.26377,189.66057,181.057836,181.660084,197.07812,256.32859,342.179136,427.7410160000001,499.608894,580.5789139999998,609.980634,547.0258940000001,460.7964480000001,366.976276,240.0837856,114.0973212,52.04880120000001,21.3955872,4.6213252,1.8902436,0.0,0,0,0,0,0,0,0,0,0,0,0.0,0.0,0.0
820322>820301,789,789,NOGu,North Greenwich,Jubilee // NB,789,NOGu,North Greenwich,EntEx,Alight-Exit,11996.00764570001,787.1799692,2064.6385954,3176.5998256,3671.1538,1901.736223,394.6992325000001,12.3968924,24.350765,38.731427,66.853353,105.7869772,142.3349586,179.323374,217.402222,229.990716,224.689476,207.16539,194.152554,173.29424,166.777528,156.16135,158.73419,150.05205,143.4457987999999,131.1377388,129.0375638,119.9766178,112.8998758,104.532481,103.356855,102.497515,102.90699,104.686012,108.610568,108.700632,107.126687,108.301912,115.134434,127.271228,138.6901,148.153766,150.152522,149.123822,148.486458,143.225554,147.22576,160.349758,173.132424,187.64279,204.415064,215.142998,236.616128,252.303828,281.225642,299.361394,333.498576,342.2166600000001,368.610268,345.289712,350.929772,328.2350580000001,317.723764,282.62068,271.569346,237.93474,214.194144,182.822394,156.097711,129.625031,111.130529,93.378425,79.734915,71.89158800000001,70.73671999999999,68.114924,65.05811960000001,60.07279460000002,52.77993920000001,43.18156520000001,33.9366316,26.74271640000001,18.1007019,12.4472633,8.561359300000001,5.051056900000002,0.6521604999999999,0.0,0.0,0.0,0,0,0,0,0,0,0,0,0,0,0.0,0.0,0.0
820323>820301,789,789,NOGu,North Greenwich,Jubilee // SB,789,NOGu,North Greenwich,EntEx,Alight-Exit,27945.24882900001,477.8437260000001,3434.63152,5449.733412000001,10957.946272,5764.729066,1860.364833,4.6158852,11.9492072,22.77966,37.208806,58.90390799999999,78.51980280000002,113.2045628,150.661894,193.893472,235.862578,269.4552660000001,297.6662300000001,320.362206,340.383232,333.7177360000001,335.6234020000001,316.5470660000001,298.5005,256.47629,236.143542,206.976738,193.625942,170.180704,160.319004,157.059236,161.1633959999999,157.288212,165.808444,179.24042,183.726272,185.779174,192.907882,202.273284,213.749822,224.234104,237.613484,250.757332,262.59395,269.782528,283.21763,304.83145,326.855028,355.4320740000001,404.317302,483.3646300000001,552.639318,621.9041540000002,707.5811860000001,841.478066,922.518886,1044.185926,1130.974566,1224.49966,1191.49252,1175.67624,1061.63112,980.3314,842.5172200000002,732.78152,610.0554900000001,533.5676420000002,441.7575080000001,363.2819400000001,308.346306,267.951524,240.70162,225.052814,218.384082,220.211348,215.784706,205.296066,192.424886,180.345522,160.68472,152.404394,135.720506,125.0169412,101.0171684,78.68440980000003,48.4288898,30.7289698,10.7860346,2.8302714,0,0,0,0,0,0,0,0,0,0,0.0,0.0,0.0
120301>120322,884,884,CNTu,Canning Town,EntEx,884,CNTu,Canning Town,Jubilee // NB,Enter-Board,10976.307893,1488.782336,4275.580752,2607.440000000001,1791.827073,637.4679668,175.2097652,42.96618400000001,71.415132,107.356736,167.276762,202.56449,261.4963320000001,302.695694,333.011006,336.3937640000001,346.943752,349.4061420000001,385.230292,405.602252,428.743028,442.372112,426.798704,368.934364,316.0052020000001,259.409652,209.741488,167.09809,141.288908,129.988704,124.135678,116.6133772,109.8508372,108.8559272,107.5004492,102.7107632,96.513292,97.34795679999999,100.1656168,98.861186,98.375066,103.142116,103.4612892,97.4232452,95.4879,96.67955400000001,95.40122120000001,95.5914002,97.2654702,106.9703822,116.7115702,127.069169,132.62397,147.669936,155.905202,161.57867,164.06408,172.549152,168.751648,160.101354,149.849824,135.852,115.812068,97.871812,82.2082934,68.551436,59.343488,52.7323432,48.10070820000001,45.0829268,41.6639272,39.1639112,36.7037218,34.2946882,31.7507108,27.486379,24.151782,23.0076924,20.95983660000001,17.5984228,16.457038,16.3021384,11.8214862,8.344090600000001,5.836641800000002,3.2442574,0.0,0.0,0.0,0.0,0,0,0,0,0,0,0,0,0,0,0.0,0.0,0.0
120301>120323,884,884,CNTu,Canning Town,EntEx,884,CNTu,Canning Town,Jubilee // SB,Enter-Board,4717.721681200002,215.8342416,1251.9335948,1611.7119268,1013.674653,501.7014770000001,122.865788,2.0557399,4.997331300000001,7.3690043,19.7349207,33.4792084,40.0780328,48.02119259999999,60.09881160000001,62.6872944,67.20343439999999,84.24809240000002,107.9394772,134.2304812,143.546032,147.683942,138.391336,120.002877,90.23170100000002,80.909553,74.8593742,72.42544819999998,64.0525722,60.40749820000001,60.93079300000001,60.4701546,62.11186060000001,70.8909816,79.86712480000001,82.53326600000003,78.3919072,77.64458520000002,73.2018824,68.6928372,61.74619720000001,61.85881120000001,60.8458188,60.65112500000001,59.86504000000001,60.134292,61.58290600000001,64.43504039999999,64.3300042,72.6521132,71.9896676,75.7502564,73.6495754,84.3724842,86.67013920000002,95.5813448,96.12780200000002,101.688675,95.25316099999999,87.070462,78.33693060000002,72.34589720000002,66.82792520000001,60.76652080000001,54.31298879999999,53.6002774,49.22227,42.54011120000001,40.24083520000001,40.66494520000001,37.4964166,33.8565766,32.1560612,30.20958640000001,26.6348876,22.8333388,21.232823,18.0182314,14.0029596,11.502995,9.4121534,6.855341520000001,5.379922560000002,3.72513742,3.16037616,2.3002604,1.71002488,1.27628164,1.11460978,0.34133244,0,0,0,0,0,0,0,0,0,0,0.0,0.0,0.0
120301>120390,884,884,CNTu,Canning Town,EntEx,884,CNTu,Canning Town,DLR (City routes) // OB,Enter-Board,695.9888587718323,43.04874726000001,158.7858689,188.07144296,185.66056964,86.45757748,33.96465253183231,1.86943006,3.1141428,3.7944415,4.53576692,5.85189638,6.472968260000001,7.726974920000003,9.68312642,11.2212246,12.8785938,15.238265,16.8832632,17.9238688,17.51490960000001,16.141275,13.6908971,10.87449398,9.37351178,8.86561672,8.17994932,7.658427280000002,7.746106200000002,7.084748800000003,7.345271660000003,7.302209960000003,6.9418265,6.81349816,7.22331516,7.20676116,7.18308332,7.59077446,7.898394319999999,7.27008838,7.147562980000001,6.96772938,7.40841004,7.352132520000001,7.73858746,8.295210860000001,8.715796200000002,8.37152504,8.665796440000001,10.57958264,11.56460404,13.06309104,13.8094542,15.2163038,15.1473706,15.0644122,15.7485768,16.9318914,17.1772486,17.5114996,17.125714,15.1264021,13.7386053,11.65291178,9.73057438,8.48740458,7.88197828,6.871556,6.70389832,6.123059720000001,6.072859320000001,6.001062520000001,5.885391600000001,5.81059714,5.23628384,4.430924500000001,3.947882700000001,3.600241120000001,2.8693298,2.60605202,2.5122879,2.30407584,2.1819611,2.79673908,2.27572008236646,1.91130014236646,1.48793140236646,1.04020672236646,1.2236646e-07,0.0,0,0,0,0,0,0,0,0,0,0,0.0,0.0,0.0
120301>120391,884,884,CNTu,Canning Town,EntEx,884,CNTu,Canning Town,DLR (City routes) // IB,Enter-Board,1760.81230127965,192.5657338,711.6843636,400.1260319000001,313.582598,105.32345982,37.53011415964931,6.729977799999999,10.2408752,14.4671176,20.71491,24.1313276,32.3327524,38.8423384,45.10643480000001,50.61394440000001,56.00684440000001,58.86973580000001,67.3631974,76.7208326,78.38095659999998,77.025423,71.30589559999999,60.11533540000001,46.7736454,37.5231226,30.9854304,25.827299,21.2548096,17.832419,17.8964022,16.9055236,15.01633,14.3069706,14.4357112,12.9883363,12.2775973,13.1956953,13.9886677,14.5479437,14.987257,16.2193616,16.735616,17.5055766,16.8500852,15.8007802,16.5571462,17.5992868,16.7426732,19.509946,21.1445976,21.8450772,22.6755438,26.9064784,27.9608698,31.0156704,31.7144284,31.4459856,29.4529146,26.520985,23.855189,21.4133632,18.7760926,16.0606446,13.6612834,10.8398026,9.133247400000002,7.809644200000001,6.920609200000001,6.320950600000002,7.0374056,6.7275448,6.596734720000001,6.871511720000001,7.34408098,6.440950700000001,6.1967511,5.80967618,4.836299480000001,3.74735226,2.6930196,2.21176226,2.02024942,1.33761319592986,0.94685775592986,0.81417049592986,0.4754116359298601,7.592986e-08,0.0,0.0,0,0,0,0,0,0,0,0,0,0,0.0,0.0,0.0
120301>120392,884,884,CNTu,Canning Town,EntEx,884,CNTu,Canning Town,DLR (Stratford Int'l route) // OB,Enter-Board,611.6485934200005,27.41803814,141.64955536,185.44180908,158.83832088,75.33991108000002,22.96095888,0.61208066,1.46590126,1.73645718,2.702918840000001,3.059666860000001,4.239327820000002,5.79052262,7.8111629,9.56578104,11.1566834,13.2908496,15.4715658,15.6248778,15.5834506,14.95210506,12.69391092,9.874879520000002,8.6423284,7.24239734,7.550725880000003,7.730911820000001,7.01722202,7.44088434,7.819448599999999,7.471195599999999,6.675492900000001,6.88830024,7.12728824,6.955950040000001,6.58086804,7.1474674,7.19153486,6.5740287,6.37743698,6.45144578,6.56570922,6.58994102,6.880242780000001,7.903256500000001,8.824264,9.2840361,10.0347497,11.6600193,12.2501149,11.7467748,12.3227036,12.9730382,12.5475586,13.7890664,14.57155240000001,14.8386264,15.2438402,14.6310038,12.9649312,12.12852994,11.08069534,9.82631954,9.05405468,7.661906480000002,7.67819794,6.392809260000001,5.707136660000002,5.15709098,5.21329304,4.38456528,4.83064496,4.72163756,4.712254700000001,3.84887842,3.66459726,3.14355706,2.64752496,2.23692368,2.16953018,1.686059508,1.520025708,0.924734608,0.532672688,0.320488208,0.2659666,0.0,0.0,0.0,0,0,0,0,0,0,0,0,0,0,0.0,0.0,0.0
120301>120393,884,884,CNTu,Canning Town,EntEx,884,CNTu,Canning Town,DLR (Stratford Int'l route) // IB,Enter-Board,624.0443052999999,63.94638520000001,123.4256085,226.66740456,135.2174718,59.625995708,15.161439532,3.742093799999999,4.68967052,6.32596202,9.45857022,10.05988592,8.97964292,10.5284774,10.1620824,8.572257800000001,9.4986163,9.913430499999999,10.0181423,10.9926178,10.71645732,9.69538652,9.69570532,9.54358152,9.52870812,11.6253776,13.6253274,14.9376362,14.7323602,14.9298746,13.994112,12.044133,9.5922212,9.122634399999999,8.255891900000002,7.569680700000001,7.2795179,8.401323900000001,7.90983864,7.335534140000001,6.584402040000001,6.74708604,5.74871304,7.409291100000001,8.7465749,9.640607200000002,9.17286168,9.30418882,8.16618232,8.633132119999999,10.40960652,13.42982704,13.7776299,13.6767292,12.4521274,11.0530136,9.4775248,10.44426,10.881496,10.87367914,10.29679394,10.16928974,8.685101040000001,7.950132160000001,7.920374020000001,7.583251620000001,6.15172332,6.16939766,5.59156894,4.586880840000001,3.46611168,3.59683898,2.67652002,2.13001842,1.803178048,1.836462968,1.357811108,1.641904088,1.673771588,2.11881406,2.056715872,1.803405392,1.273999132,0.959872832,0.318336032,0.12034646,0.0,0.0,0.0,0.0,0,0,0,0,0,0,0,0,0,0,0.0,0.0,0.0
120322>120301,884,884,CNTu,Canning Town,Jubilee // NB,884,CNTu,Canning Town,EntEx,Alight-Exit,4463.125069600002,145.2626312,603.6707658000001,1084.5032474,1288.049982,994.9920539999999,346.6463892000001,0.66792534,3.36660034,7.33846234,12.64148314,19.38987184,27.7538724,32.7390704,41.3653454,53.73483660000001,62.80646460000001,67.444755,70.76929260000001,67.40075,59.45256800000002,50.02972700000001,43.1321562,37.44172840000001,33.5505744,29.1465324,28.76138060000001,28.9595854,27.77003060000001,26.8120376,26.8105828,26.81584560000001,27.0018914,29.066568,31.9128478,34.160288,36.87159000000001,38.0690352,42.116287,45.2590518,48.0225724,47.85315739999999,49.6691026,50.2553896,53.5011856,53.68222960000001,57.97911360000001,64.79471840000001,74.116623,78.96246099999998,84.041053,87.556463,94.36555,91.219472,98.239418,104.16177,117.922391,116.656658,126.833732,120.19615,121.54308,108.622566,100.732732,90.659943,86.337781,79.380783,77.43328299999999,80.60085500000001,81.74554499999999,84.15906100000002,85.51664099999998,86.29562899999998,84.722073,80.97655,77.16391,71.27864480000002,64.11389880000002,52.74332740000001,43.70596940000001,34.6479884,26.84802120000001,19.08510048,15.38917684,9.920612840000002,5.85638984,2.28232824,0.7749309600000001,0.0,0.0,0.0,0,0,0,0,0,0,0,0,0,0,0.0,0.0,0.0
120322>120390,884,884,CNTu,Canning Town,Jubilee // NB,884,CNTu,Canning Town,DLR (City routes) // OB,Alight-Interchange-Board,5683.690732600003,654.9708226,1081.3298106,1690.7516338,1375.2731668,647.0342684,234.3310304,12.3038498,31.1259318,47.7898098,74.62689379999999,96.4284898,135.645082,126.3173428,130.7334228,131.0547548,117.8920348,92.1242048,102.374396,105.583563,95.9275258,91.9531458,83.90929659999999,79.50218659999999,65.77523760000001,57.7571108,57.476354,66.85643519999999,65.3197832,60.9844748,65.09550680000001,62.4274576,55.9078936,49.613435,60.47870140000001,56.7401968,61.0373608,57.629864,69.71818859999999,67.5627126,76.3289012,73.3076202,81.053113,75.8316378,81.01669460000002,71.07867259999999,80.95593459999999,73.7334452,88.0523964,93.0752536,96.9459542,97.2804652,109.7022966,101.1892026,108.6452186,122.44292,133.363356,132.871373,140.035361,126.138675,117.520379,98.31586999999999,87.7680498,71.3411986,65.6185366,61.5775866,60.01117040000001,60.04372960000001,56.37130140000001,52.69495800000001,49.473709,44.7587102,42.0971714,41.6376896,41.408507,38.47548320000001,38.3272504,32.49930860000001,31.5964724,27.198082,21.6370364,16.940478,14.05718012,8.17576952,3.49844592,1.51966232,0.40586152,0.0,0.0,0.0,0,0,0,0,0,0,0,0,0,0,0.0,0.0,0.0
120322>120391,884,884,CNTu,Canning Town,Jubilee // NB,884,CNTu,Canning Town,DLR (City routes) // IB,Alight-Interchange-Board,2635.8783453,265.205819,652.7381232,685.473281,661.8036394000001,277.3023585000001,93.35512419999999,7.914050200000001,11.4851768,16.28950600000001,23.996616,34.33585160000001,49.68166280000001,55.80175940000001,65.70119620000001,70.7230802,62.63345420000001,53.2374664,56.12673780000001,54.77091980000001,52.7248688,54.3146868,56.31044760000001,51.3769562,51.77589820000001,45.7765916,42.9670156,39.2781376,34.76884500000001,25.44166300000001,26.444352,24.5944732,23.646896,25.042781,24.0199084,23.2629966,21.500508,21.5952198,21.8241382,27.9169108,28.1678302,31.5211968,30.7793816,32.57024560000001,28.0871596,26.9440806,24.0554266,27.6907426,29.6097486,37.8826226,48.82801660000001,52.59983620000001,54.8505236,60.20521160000001,63.71756760000001,59.6980444,67.3157646,66.8271878,61.620043,50.31453939999999,48.4723966,40.546481,35.6360436,33.42054040000001,34.482308,31.5055136,27.9683442,27.5258408,22.81157450000001,20.7036483,16.2130581,14.9857467,14.3071883,16.8029346,16.575661,17.9634284,18.1228794,15.8202644,12.66890734,9.182188300000002,7.036123799999999,4.622955780000002,3.25454844,2.2200015,1.49390434,0.59860404,0.37131846,0.0,0.0,0.0,0,0,0,0,0,0,0,0,0,0,0.0,0.0,0.0
120322>120392,884,884,CNTu,Canning Town,Jubilee // NB,884,CNTu,Canning Town,DLR (Stratford Int'l route) // OB,Alight-Interchange-Board,2289.6780675,53.52638020000001,662.909439,749.6042170000002,460.6295552,250.701416,112.3070601,1.8567722,1.8567722,1.8567722,1.8567722,0.0,2.0548286,15.7234666,28.3209962,37.98982700000001,52.25780500000001,64.3579264,67.6218424,74.448582,78.59011720000001,73.57737320000001,68.2308032,55.1783956,39.2194248,29.1748792,22.262463,18.652855,18.8207464,24.4579946,26.5897458,31.035562,29.3652206,32.5305244,27.15458180000001,30.7994362,27.1941804,33.3953862,30.7334622,38.02922820000001,32.9806002,39.382738,33.6078342,39.0974706,31.6596392,29.9751718,24.2893838,37.52632120000001,31.0412654,37.6897202,43.5951486,49.8104002,41.35321019999999,47.830268,46.56386540000001,41.250255,40.6278604,40.8667764,37.52546080000001,31.8633706,33.0432072,27.993266,21.901615,20.8210616,19.8522072,17.2937662,14.2186124,15.503736,13.0014424,15.2863044,19.4746118,26.5196938,27.2146852,31.2029198,30.3123752,29.99541140000001,23.7685658,20.22463268,13.12750468,10.17834414,5.69801814,3.51229174,2.19436486,2.19436486,1.4135618,0.0,0.0,0.0,0.0,0.0,0,0,0,0,0,0,0,0,0,0,0.0,0.0,0.0
120322>120393,884,884,CNTu,Canning Town,Jubilee // NB,884,CNTu,Canning Town,DLR (Stratford Int'l route) // IB,Alight-Interchange-Board,8.26072346225223,2.993592288,0.07999332,2.068962491292201,0.0,0.962068041,2.15610732196003,0.079086972,0.614535852,0.614535852,0.614535852,0.53544888,0.53544888,0.0,0.0,0.0,0.0,0.0,0.0,0.0,0.0,0.0,0.0,0.0,0.0,0.0,0.07999332,0.199246192,0.1992481585,0.2616325185,0.3293051945,0.2732295205,0.1539766485000001,0.183952388,0.12156866625292,0.05389653076598001,0.02997888476598,0.02997934098044001,0.02735269898044,0.04658923272752,0.04658869221446001,0.04658898281230001,0.0465887776257,0.019237916778,7.447780000000002e-07,7.447780000000002e-07,4.5418016e-07,2.031523e-07,0.0,0.0,0.0,0.0,0.0,0.0,0.0,0.0,0.0,0.0,0.0,0.0,0.0,0.0,0.0,0.0,0.0,0.0,0.0,0.012496899,0.05688077900000001,0.07058916900000001,0.122421815,0.154549695,0.191607982,0.161441666,0.192080036,0.164703328,0.149851158,0.139120718,0.351984374,0.307637664131792,0.283181773592006,0.265906063592006,0.280409473592006,0.05332825359200601,0.05332820346021401,0.05332815600000002,0.05332815600000002,0.0,0.0,0.0,0,0,0,0,0,0,0,0,0,0,0.0,0.0,0.0
120323>120301,884,884,CNTu,Canning Town,Jubilee // SB,884,CNTu,Canning Town,EntEx,Alight-Exit,11792.9081232,233.0256014,1172.0674508,2018.006008,4006.056508,2563.309142,1800.443413,1.4070199,2.85341864,9.59118564,16.84565764,28.14486044,40.70685254,60.6804738,72.79613280000002,97.3497748,116.298424,126.542518,125.949528,131.750173,116.612451,101.764293,90.730373,81.41534899999999,66.670315,60.92675500000001,56.05749700000001,53.074837,52.05371160000001,52.95559599999999,52.9270696,53.3463848,55.1788834,56.43372339999999,57.5423516,60.98096,63.8200648,66.36513620000001,70.40075159999999,76.73571199999998,80.824448,85.22539200000001,89.69615680000003,99.3057088,104.5989988,106.4953468,114.5794068,126.153674,127.84227,143.681488,167.787936,195.247656,222.150854,263.77305,291.734658,340.1503160000001,368.824512,402.60774,409.1504200000001,421.5645740000002,392.88381,370.798422,327.170496,304.40517,270.332994,243.813188,221.530094,212.668516,197.692338,187.591678,186.711568,186.942834,183.965664,182.318288,185.33681,190.716684,193.795972,195.370426,192.128226,187.144402,168.965588,155.70259,133.6201108,117.7829968,95.5947788,74.5900718,46.50322180000001,31.172367,14.396201,2.959777,0,0,0,0,0,0,0,0,0,0,0.0,0.0,0.0
120323>120390,884,884,CNTu,Canning Town,Jubilee // SB,884,CNTu,Canning Town,DLR (City routes) // OB,Alight-Interchange-Board,8175.850090000003,451.3470258,1690.1070092,2073.4060686,2080.7314454,1163.408622,716.8499189999999,7.449056000000001,12.8247552,27.0975762,47.7875512,65.87951439999999,83.26751740000002,98.5086852,108.5323702,126.6906952,139.331164,137.949467,160.43194,181.926206,173.58765,168.830768,166.373665,143.066035,107.864015,97.641805,86.413599,80.021384,75.511662,75.79064600000002,73.98750679999999,69.65299399999999,75.8121248,71.44349679999998,81.8230988,75.58569,86.07932480000001,74.5304074,84.34776020000002,73.65000340000002,81.27892340000001,69.11457340000001,80.35374000000002,69.9735804,85.2242772,80.5542592,111.3209872,111.6748802,122.4931442,123.4834662,139.6981382,141.3908162,154.8640432,182.738644,187.81651,201.975586,203.416844,205.287532,184.232518,183.59681,165.933166,142.827906,126.65107,120.438386,109.903994,96.348484,92.222488,98.734434,99.500248,97.772712,99.96088600000002,99.199476,88.521088,79.52598800000001,81.280438,81.51417599999998,84.79212199999999,82.14291999999999,83.086574,72.904256,68.6951728,56.06718180000001,48.71532300000001,44.438329,36.503639,23.9303282,18.6302592,12.821366,2.608272,0.0,0,0,0,0,0,0,0,0,0,0,0.0,0.0,0.0
120323>120391,884,884,CNTu,Canning Town,Jubilee // SB,884,CNTu,Canning Town,DLR (City routes) // IB,Alight-Interchange-Board,2804.5922332,91.7978737,786.3079416000002,654.3145748000001,574.130999,338.1746146,359.8662295000001,1.381628,1.61609126,6.34339846,8.58406646,11.28375706,12.94455666,23.6434888,26.000887,35.11309900000001,48.4493804,61.23956080000001,66.3627034,78.91232600000001,82.80840079999999,81.70225079999999,77.82253440000001,73.8857304,67.6644532,61.35589640000001,50.991606,44.03663080000001,36.5672776,27.919642,24.03893,23.7586382,22.4714058,21.10422620000001,20.2052604,19.3195646,18.9817064,18.9487114,20.3763516,21.8061454,23.5555612,24.2977876,26.15627,27.287996,28.3983454,25.7363244,29.8333298,32.7407404,33.919527,37.21952080000001,45.6346818,46.1262284,46.077901,49.711323,52.1358466,52.8387134,53.106577,56.076331,54.02032820000001,49.2444436,42.34665620000001,39.582596,32.8640546,29.25029260000001,25.7212912,26.0406718,24.31327080000001,24.7314718,25.0722656,26.729379,28.756852,30.0018914,31.6012178,32.0608434,33.8951672,35.1158822,39.4335838,42.5011232,50.34828660000001,52.11691740000001,44.60787128000001,36.64532538,28.62896458,15.69171498,6.605422979999998,5.0652751,2.4105176,0.6953444000000001,0.0,0.0,0,0,0,0,0,0,0,0,0,0,0.0,0.0,0.0
120323>120392,884,884,CNTu,Canning Town,Jubilee // SB,884,CNTu,Canning Town,DLR (Stratford Int'l route) // OB,Alight-Interchange-Board,5358.493365000001,107.745543,902.2122896000001,1192.7656566,1869.4006298,820.343404,466.0258420000001,0.0,0.0,1.9830518,4.9380486,7.5700282,17.3704898,32.4867078,43.3972168,51.11612000000001,65.33621040000001,75.59898480000003,77.96090400000001,88.52704720000001,97.8405432,96.53542520000002,89.70466120000002,80.48078500000003,68.6740626,58.87273,51.56481600000001,50.095036,51.969589,51.2675244,50.840633,53.337273,49.684955,49.76034179999999,48.0545248,49.5046548,47.8492296,48.9203696,46.91373580000001,49.54581700000001,46.6712456,47.00803079999999,46.5683564,48.9181222,45.404043,39.3131908,34.3010596,45.72125,52.2195212,55.50472780000001,83.39242540000002,97.0388646,104.5321846,125.2269546,143.210406,159.883026,186.454388,200.519158,192.255008,196.050632,176.923704,156.564716,130.741588,121.34797,103.679232,89.3523988,76.7583288,67.83256879999999,55.38344740000001,46.2023068,45.108572,45.6546294,51.78340739999999,55.2617324,61.97881020000001,64.92503620000001,65.37074,63.119401,61.909128,58.2337144,50.0390424,38.45753420000001,29.5062624,19.6047258,9.9855562,2.9773022,1.8973992,0.0,0.0,0.0,0,0,0,0,0,0,0,0,0,0,0.0,0.0,0.0
120323>120393,884,884,CNTu,Canning Town,Jubilee // SB,884,CNTu,Canning Town,DLR (Stratford Int'l route) // IB,Alight-Interchange-Board,1104.0935886,69.7808907,125.90594402,280.16557428,226.4307776,245.9541342,155.8562678,2.1989772,3.3507207,5.5773925,9.428238499999999,12.9633811,11.9678529,11.9725332,12.3217946,12.41798,12.585449,13.792009,14.7855926,14.9158202,12.239888,9.9040461,8.510496900000001,7.50764402,6.2456063,6.3756357,6.625776199999999,7.578064599999998,6.99560454,6.389469940000001,8.41810094,7.91834134,8.29616434,8.971307280000003,10.988487,9.08788552,10.85701752,10.33642672,12.27656112,11.29867612,14.391126,13.4322498,15.8391044,15.0354244,16.5779636,13.04749014,15.29824794,13.47059034,13.94697914,12.64590834,17.0683832,14.7835586,14.3446458,16.5015858,19.8495002,17.6825328,19.4978392,23.0155366,22.1563012,20.1318738,17.89016920000001,20.6937722,19.8834622,22.0948174,25.236242,27.4192296,22.7890056,22.0532892,19.7903628,15.0988778,16.8549272,18.2810768,19.2155404,17.1521414,19.968624,18.1308328,21.4774114,21.7162118,20.77341146,21.33564606,19.89171426,13.71154492,8.600345319999999,7.507730660000001,2.23683526,0.47458386,0.0,0.0,0.0,0.0,0,0,0,0,0,0,0,0,0,0,0.0,0.0,0.0
120390>120301,884,884,CNTu,Canning Town,DLR (City routes) // OB,884,CNTu,Canning Town,EntEx,Alight-Exit,1362.15535715,21.75554363,145.63951572,278.905215,537.4680596000001,243.87199,134.5150332,0.05058285000000001,0.24206939,1.19980759,2.13108559,3.11126159,3.8585417,5.05688996,6.10530496,8.61969276,10.85531676,14.6370554,16.468507,16.2972126,14.3322924,12.8248202,10.6681204,9.790006800000002,9.7735958,10.6466834,10.7262122,9.5137192,8.590755999999999,7.966005279999999,7.56144188,7.369868340000001,8.02226254,8.17880122,9.00387774,8.781093140000001,9.60159148,9.52847928,10.4561034,10.4941995,11.0593059,10.3909347,10.9220487,10.5164005,12.0280714,12.0017124,14.1699812,15.65914,19.6446158,21.646026,25.7987794,29.9436064,31.3727366,33.763117,37.8691008,43.41312420000001,46.6611402,54.6899632,58.66367680000001,58.3973622,52.5254934,48.9362994,41.2324394,34.1164662,28.0957508,26.14331360000001,22.319167,20.7464722,17.7233536,17.6547294,16.7610586,15.4140342,14.6658076,15.0395825,15.1922543,14.0910392,14.2089664,13.5296418,13.0574241,11.3539774,11.1579275,11.9202353,11.4447317,10.5348573,9.35379566,7.40702806,3.97763606,1.88932886,0.58844386,0.0,0,0,0,0,0,0,0,0,0,0,0.0,0.0,0.0
120390>120322,884,884,CNTu,Canning Town,DLR (City routes) // OB,884,CNTu,Canning Town,Jubilee // NB,Alight-Interchange-Board,2039.66354022,85.15205082000001,461.3432844,703.6837754000002,542.5045214,182.8551574,64.1247508,1.52488838,2.77009312,6.11309352,9.30194092,13.09486374,14.75005314,17.7761074,19.8210106,23.3051566,28.140208,37.22891079999999,43.7759372,46.939175,48.2251484,48.0471882,43.607573,39.385373,36.8569626,34.819997,31.0116546,28.0175234,24.8870424,22.9198074,21.5210052,22.8550668,22.6545184,24.481746,24.85455,25.674206,24.4895512,26.84492,25.85800840000001,26.6396572,27.0946686,29.1911276,27.2060602,29.01004,30.07554560000001,31.2608172,33.5937582,38.25446600000001,40.39987739999999,45.2516134,50.64819880000001,52.86551980000001,54.10308540000001,57.46418380000001,57.0264748,53.53343539999999,48.33176599999999,45.74661520000001,40.83931400000001,36.002646,32.33840960000001,33.588739,30.6643324,27.534451,24.5511932,22.1364098,17.5622246,15.0055789,13.6723855,13.2708873,12.1078809,10.5896861,9.50380248,9.01735708,7.90330054,7.55914454,6.81952214,6.964109860000002,6.704097860000001,7.1461538,6.991419,7.594561200000001,5.895588200000001,4.3960116,2.5999548,1.4541878,0.0,0.0,0.0,0.0,0,0,0,0,0,0,0,0,0,0,0.0,0.0,0.0
120390>120323,884,884,CNTu,Canning Town,DLR (City routes) // OB,884,CNTu,Canning Town,Jubilee // SB,Alight-Interchange-Board,1804.99867778,21.82420678,225.467074,871.7980102000002,439.5296654000001,174.09920636,72.28051504000003,0.67974014,0.94975364,1.1657318,1.895455,2.42266168,2.70483476,4.79819306,7.2078367,11.6863711,16.7150091,23.4331642,25.603475,27.2219862,25.3338682,22.531313,17.2247428,15.016191,13.6846964,13.298922,13.717335,16.4217896,15.7377784,15.8352622,17.1657926,22.3451916,26.3367442,33.38482260000001,38.97419920000001,45.20515700000001,45.4701534,44.01612220000001,42.5656322,41.57367139999999,38.58690679999999,38.6333556,39.4402182,39.4320698,36.3262198,40.32576599999999,44.78426,43.7928566,48.1105324,51.0458344,46.28767400000001,43.05969,45.0138696,44.2531906,45.09382960000001,46.179543,41.016331,39.2526538,33.5448318,31.4126368,27.1568938,24.5686834,18.977512,16.1833878,11.57215752,9.75621592,10.40172692,15.19195532,16.44382652,19.4249198,19.634762,18.6669647,14.4251573,12.9679369,9.43019566,9.83931086,8.752067100000001,7.60160384,8.21844604,8.07805948,6.60256688,6.4624709,5.841680279999999,3.81323328,3.01867966,2.11071146,1.1877979,0.71127178,0.04261558,0.0,0,0,0,0,0,0,0,0,0,0,0.0,0.0,0.0
120390>120392,884,884,CNTu,Canning Town,DLR (City routes) // OB,884,CNTu,Canning Town,DLR (Stratford Int'l route) // OB,Alight-Interchange-Board,26.176605535,1.63582975,0.5078491862,14.4454626988,3.8648175,5.7226464,0.0,0.0,0.15602249,0.15602249,0.203475374,0.358088594,0.358088594,0.202066104,0.202066104,0.15461322,0.0,0.0,0.0,0.0,0.0,0.0,0.0,0.0160304472,0.018185293,0.018185293,0.300834933,0.300834933,0.2848044858,0.28264964,0.28264964,0.0,0.0,0.0,0.0,0.0,0.0,0.0,0.0,0.0,0.0,0.0,0.0,0.0,0.0,0.7135011200000001,0.7135011200000001,2.28541798,3.4318683,3.4318683,2.71836718,2.71836718,1.14645032,0.0,0.0,0.0,0.0,0.0,0.0,0.0,0.0,0.0,0.0,0.0,0.0,0.0,0.22854676,0.22854676,0.65012616,1.14452928,1.14452928,0.91598252,0.91598252,0.4944031200000001,0.0,0.0,0.0,0.0,0.0,0.0,0.0,0.0,0.0,0.0,0.0,0.0,0.0,0.0,0.0,0.0,0,0,0,0,0,0,0,0,0,0,0.0,0.0,0.0
120390>120393,884,884,CNTu,Canning Town,DLR (City routes) // OB,884,CNTu,Canning Town,DLR (Stratford Int'l route) // IB,Alight-Interchange-Board,482.4727886400001,25.10913502,105.30790854,103.5725758,189.0436764,54.937091696,4.502401184,0.26618742,0.6896713600000001,1.09846896,1.805376,3.320025,4.172234520000001,5.84378598,7.91338578,10.06279954,10.98016694,11.8348376,12.1119678,11.07336046,8.856770160000002,7.69122362,7.28113754,6.59834714,6.093516960000001,6.44529326,6.27848752,5.22205364,4.24677398,3.70242536,3.39269814,3.00637974,2.77234306,2.68795938,2.393342092,2.180741752,1.721637932,1.773811552,1.225945392,1.71839782,1.45396582,1.74862786,1.55546908,2.84778644,2.48687846,3.320687120000001,3.22112142,7.922187620000001,10.32792856,14.28224774,18.36116584,22.096909,18.8959672,18.3413428,17.5652686,15.881238,15.1820468,17.0140526,16.1419132,14.3956062,12.0383856,11.0992112,10.3917352,9.1922998,9.387953199999998,9.44015486,7.35176646,4.8654242,4.291559299999999,2.91292972,1.88098738,1.74539354,1.649287592,1.296527052,0.9228085920000002,0.962710692,0.6664356060000001,0.6436489639999999,0.544658784,0.510737572,0.374353352,0.38512509,0.23417994,0.10609076,0.03723021200000001,0.03723021200000001,0.0,0.0,0.0,0.0,0,0,0,0,0,0,0,0,0,0,0.0,0.0,0.0
120391>120301,884,884,CNTu,Canning Town,DLR (City routes) // IB,884,CNTu,Canning Town,EntEx,Alight-Exit,721.6403935979998,43.81115666000001,174.17225958,203.0218455200001,175.0112814,85.93951386,39.68433657799999,1.72755936,2.76117162,3.88979282,4.693160020000001,5.611963180000001,6.40083486,8.2465908,10.480084,15.3755126,19.000713,21.9027246,22.1947546,20.7973304,17.3062016,14.3319368,10.1923837,8.766222099999998,8.735802099999999,8.1598213,7.408856780000002,7.59961988,7.17200588,6.54094228,6.21082536,6.46652188,6.68305344,6.953161160000001,7.429627160000001,7.88817348,8.588994079999999,8.847999119999997,8.79602148,8.45023368,8.62485828,8.33721268,8.30463068,8.402724800000001,9.1791804,9.208903999999999,9.3874886,10.1620018,11.2866118,11.0991282,11.4019254,12.5458058,13.8647296,14.5876982,15.030604,16.0036686,17.5604362,16.5305686,15.185543,15.1873234,14.736328,12.7179994,11.0605766,10.836598,10.4227988,8.9490218,7.438698800000001,8.142001400000002,7.938424000000001,6.782543680000002,6.38258658,6.151595780000001,5.01431272,3.93859246,3.942339840000001,3.686670680000001,3.91152198,4.0798853,4.12928456,3.850754100000001,3.718002360000001,3.00210438,3.22666904,3.17880128,2.5612775476,2.0341023476,1.6594946276,0.6402117076,0.005556667600000001,0.0,0,0,0,0,0,0,0,0,0,0,0.0,0.0,0.0
120391>120322,884,884,CNTu,Canning Town,DLR (City routes) // IB,884,CNTu,Canning Town,Jubilee // NB,Alight-Interchange-Board,7091.3439808,932.8363168000001,2094.486496,1925.606911,1520.523946,480.621957,137.268354,11.3417296,40.1559596,84.37766760000002,105.2178036,142.6411704,182.617372,192.725114,173.7595,189.165324,189.979374,188.234138,187.947096,202.42308,203.467992,197.228634,174.892692,163.796474,152.379804,131.902819,113.069069,103.0029762,88.73951220000002,74.87269620000002,73.1636012,70.077158,70.9030978,74.05785379999999,74.63508780000002,74.82572979999999,74.16778000000002,74.688535,72.423815,71.078641,69.66498700000001,72.163584,71.07220799999999,72.0426708,76.4656488,83.04666879999999,83.85961280000002,91.5699088,97.46344000000002,108.159584,103.462114,119.438066,126.573726,139.127996,132.935524,148.767142,146.301572,143.0543,126.643232,127.967125,116.745397,104.806147,88.163719,81.07527840000002,66.8197006,55.78057460000001,43.14337280000001,41.12001280000001,37.3016136,32.6822004,28.64835860000001,27.1274884,24.9707664,21.8178114,20.134779,17.8189062,17.4991828,16.6359986,16.22547,15.2474246,14.9699364,13.880888,10.1490402,7.4468836,5.0517574,2.3428662,0.0,0.0,0.0,0.0,0,0,0,0,0,0,0,0,0,0,0.0,0.0,0.0
120391>120323,884,884,CNTu,Canning Town,DLR (City routes) // IB,884,CNTu,Canning Town,Jubilee // SB,Alight-Interchange-Board,6475.211276752202,325.6779208,1265.6317876,2418.214676399999,1515.3344028,692.9030138,257.4494753522,6.8214796,11.7321316,18.7153164,37.5326204,48.2786292,58.6124428,67.86242680000001,76.12287400000002,84.916508,102.925902,122.302202,131.616188,148.569352,140.480388,133.41139,106.738972,93.479912,73.495354,69.51623199999999,58.17938760000001,62.23694159999999,72.4968796,69.8414866,69.00947860000001,71.52246380000003,85.2663378,83.8337578,100.8864688,104.2812168,115.040486,106.712311,112.131471,103.789607,111.240609,106.4504622,116.8324972,104.83649,107.9588248,99.5661088,107.6121916,112.0822276,125.1563048,138.8122,130.617854,128.269106,123.089318,133.10569,123.0608132,148.1542412,148.3248492,146.8173012,126.6310124,122.9708872,108.4180172,104.9978232,101.495344,99.3929128,93.0833428,85.9870248,68.05894760000001,60.94344880000001,55.02957600000001,45.973805,42.9249882,40.7912358,33.8107698,32.0616556,34.84530660000001,30.4352674,34.665149,30.61524480000001,31.5896578,24.82744760000001,25.6288068,21.3956044,19.1342476,14.446596,12.45030799044,6.694032790440001,3.67407319044,1.89230819044,0.00073179044,0.0,0,0,0,0,0,0,0,0,0,0,0.0,0.0,0.0
120391>120392,884,884,CNTu,Canning Town,DLR (City routes) // IB,884,CNTu,Canning Town,DLR (Stratford Int'l route) // OB,Alight-Interchange-Board,167.6718655380477,7.965664500000001,37.21452894,58.18718558,43.07890336000001,15.272553366,5.953029792047751,0.227141814,0.287157248,0.447610588,0.525271476,0.932484276,1.649281222,1.876884208,2.019833668,2.77694938,3.93269952,4.225474960000001,4.287203020000002,4.614608580000001,4.17274998,2.94219168,2.20241076,2.19912744,1.7053522,2.06765084,2.08811058,1.878024132,2.033292732,2.217483392,2.006368172,1.811236012,1.94083386,1.77437588,2.12734614,1.7603692,1.81294302,1.75061142,1.7870292,1.34856742,1.47167178,1.43211362,1.69409892,1.5612595,2.04086644,2.22550774,3.09600186,3.99428348,5.581282940000001,5.48612782,5.3554909,4.933973000000001,4.22907926,3.06245454,3.30554666,3.97309784,4.2890294,4.10797992,3.68548116,3.43888424,3.09273664,2.59338958,2.36725112,2.295894828,1.958557488,1.728529448,1.207013554,1.121875414,1.215762306,1.285373206,1.036532574,1.106381714,0.9624391259999999,0.759329638,0.5948640700000001,0.4506327020000001,0.5039601360000001,0.5653693040000001,0.745190412,0.74932904,0.91110274,0.7716910954207,0.6385068876095501,0.40293654760955,0.21431064760955,1.876095500000001e-07,9.218885e-08,0.0,0.0,0.0,0,0,0,0,0,0,0,0,0,0,0.0,0.0,0.0
120391>120393,884,884,CNTu,Canning Town,DLR (City routes) // IB,884,CNTu,Canning Town,DLR (Stratford Int'l route) // IB,Alight-Interchange-Board,370.7290061138796,40.218271,65.85671884000001,151.42426297,68.23164456,38.62481032,6.373298423879564,0.7745413400000001,2.66105414,3.20130068,3.85422994,5.13900934,8.560582,7.733764200000001,8.293789360000002,9.648006100000002,9.857554900000002,6.926286500000002,6.36247464,6.26180602,5.088679880000001,4.048272000000001,3.33726064,3.784999899999999,3.42692042,2.81179468,4.30266316,4.40055116,6.079610560000001,5.588197360000001,6.161270780000002,4.413743086,4.627027646,2.511951446,3.684045726,3.301629586,3.90302012,3.57979866,4.2405428,3.50985146,4.35111586,4.17372538,5.996142240000001,8.3637807,10.19233316,9.80131808,12.12012592,11.79959492,10.03678152,9.29472212,9.29338268,8.37135368,7.90861776,7.300062500000001,6.939167100000001,7.61573456,6.456654900000001,5.598649100000001,4.72249346,3.9969496,3.33747046,3.19221876,2.79227268,3.08277292,2.86420436,2.46631908,2.11087812,2.33522358,4.20185384,3.975133212,4.098215772000001,4.664455891999999,4.404103492,2.093347432,2.32830262,1.868958212,1.060233832,0.799084518,0.923406478,0.5548047528,0.4476755468000001,0.3318921327759131,0.306064986775913,0.04690468677591299,0.034273271975913,5.975913e-09,0.0,0.0,0.0,0.0,0,0,0,0,0,0,0,0,0,0,0.0,0.0,0.0
120392>120301,884,884,CNTu,Canning Town,DLR (Stratford Int'l route) // OB,884,CNTu,Canning Town,EntEx,Alight-Exit,521.0986633600002,14.92085752,50.49929404000001,180.76097644,103.08507966,116.48519372,55.34726198,0.030972732,0.208679552,0.4808201520000001,0.5958093520000001,1.930164612,2.34460432,4.323483100000002,5.0063237,6.656830100000001,5.5408875,5.84150338,4.2126047,4.032529380000001,2.81524874,3.04577254,3.16229542,3.38482498,2.87329796,4.001722200000001,4.93177714,5.073211820000001,4.616133580000001,5.60940452,4.52723444,4.515320099999999,4.22035106,5.76334782,5.045854020000001,6.925989500000001,6.42478684,7.512657600000002,6.37001954,8.07159114,6.671019220000002,8.211589620000002,7.25963172,8.94414458,8.57990638,10.5296097,10.2703083,12.2636014,10.7151128,12.1282764,10.51187434,10.74093154,9.69617314,10.3915642,8.5706122,8.78402066,7.279031660000001,7.20392946,7.381338400000002,7.3379244,7.447960000000001,8.835331,9.416263,11.0300612,11.3609128,11.365713,10.45130612,10.00504352,7.383681319999999,8.78184772,8.03091698,9.73425086,8.85558698,10.88820358,8.597669640000001,9.34479638,6.981632700000001,7.854531380000001,5.81689666,6.024041,4.838646700000001,4.398340180000001,2.86601954,2.78963666,1.71872126,1.17234136,0.9283019600000002,0.6133562000000001,0.0,0.0,0,0,0,0,0,0,0,0,0,0,0.0,0.0,0.0
120392>120322,884,884,CNTu,Canning Town,DLR (Stratford Int'l route) // OB,884,CNTu,Canning Town,Jubilee // NB,Alight-Interchange-Board,886.0230609000001,78.71432440000001,198.7426895999999,315.5722825,168.5245232,82.34289342000002,42.12634778,1.0142202,2.0849642,5.1837602,7.890293600000001,11.6205086,14.2362574,19.3954782,17.288842,17.6008974,15.05047528,16.50516508,14.70005568,18.73375188,18.50405308,21.530841,20.6450236,17.1613513,12.6020467,13.5552779,12.1537507,10.1927995,11.0864324,16.4661888,13.7736413,15.1673417,14.08411544000001,14.93418584,10.29664516,11.89729046,8.73308236,10.05397402,8.57480052,10.4429124,9.0468936,11.8194969,10.89954796,12.62602786,10.6928364,15.0378848,13.8732788,16.91683014,16.90891114,21.611238,20.435927,22.0480378,21.3800112,22.8194348,19.0268645,16.6126745,13.0299386,10.5728662,7.798780000000002,7.5718297,8.099029900000001,10.1485006,9.4165554,10.9300818,10.4331612,9.643097599999999,8.3905974,8.70977968,6.05652124,6.05276716,4.77380378,4.35483564,3.69998148,5.098053119999999,4.20021332,4.849126180000002,4.5626389,4.85101198,3.812581980000001,4.90221426,4.32534178,4.7212879,4.0264729,3.2169521,1.6993405,1.1593793,0.0,0.0,0.0,0.0,0,0,0,0,0,0,0,0,0,0,0.0,0.0,0.0
120392>120390,884,884,CNTu,Canning Town,DLR (Stratford Int'l route) // OB,884,CNTu,Canning Town,DLR (City routes) // OB,Alight-Interchange-Board,519.6421730700001,76.37536071000001,80.30206742000001,186.9214291,113.12319526,38.88636100999999,24.03375957,0.72253966,1.01040076,1.112537194,13.038817194,14.043067194,14.600442874,15.179886974,16.66766886000001,6.353957460000001,6.085276560000001,6.802323220000001,7.69033542,7.6226285,7.353502499999999,7.469173599999999,6.950712000000001,6.595169,5.49082436,5.4991719,6.388992900000001,6.312039299999999,5.246720400000001,6.160825099999999,5.30813508,5.61903308,4.862704740000002,6.38097284,5.88796184,7.68753032,6.15826958,7.17652492,5.93046616,6.628363900000001,4.995758300000001,6.70656384,5.90978844,6.86003832,7.77018812,11.68706952,10.34895146,13.29750566,13.29155386,14.44370426,12.25076006,14.43018192,13.86174292,14.7943088,13.311842,12.6100756,10.35003992,8.06940578,6.33414324,5.131062760000002,4.76467076,4.88966458,4.576056980000001,4.46822442,3.89961938,3.36957112,3.08633638,3.3944514,3.1477082,3.60975432,2.98996703,3.21412269,2.70170431,2.78939137,2.21551039,2.99717054,2.260105948,2.288598928,1.874806436,2.513786876,1.695096184,1.607260382,1.448321962,2.334308414,1.462156754,1.327181046,1.27139458,0.95357152,0.0,0.0,0,0,0,0,0,0,0,0,0,0,0.0,0.0,0.0
120392>120391,884,884,CNTu,Canning Town,DLR (Stratford Int'l route) // OB,884,CNTu,Canning Town,DLR (City routes) // IB,Alight-Interchange-Board,370.20402193288,15.40349171,61.29675436000001,135.31980002,64.58163155999999,67.46364208,26.13870220287991,0.0,0.049808422,0.333277702,1.049890042,1.999776442,2.885448542,3.79287112,5.292419440000002,5.49364596,5.55392906,5.84396706,5.529016120000001,4.78359732,4.6004168,3.939631320000001,3.890438140000001,5.029831080000001,4.484552,5.121173460000001,7.02655604,6.596566800000001,5.175330000000001,5.96184854,5.07621934,4.162369740000001,3.70435614,4.71671474,3.63698938,4.18163138,3.09063064,3.74551504,3.07768506,4.72170876,4.20103616,5.5954393,5.39990962,5.805147499999999,4.9095263,6.036440300000002,7.1587015,10.2989967,9.604062380000002,9.466637580000002,8.99633712,7.85654852,5.40022742,6.49302564,6.757113040000001,6.5587367,5.264697000000001,4.45055954,3.68066242,3.50526942,4.19415302,4.91381084,5.506828000000001,5.433391220000002,5.03460278,4.15743152,4.704197000000002,5.883886,5.8922963,6.6400072,6.89199598,6.97360078,4.88943832,5.72836832,5.23442666,5.74841706,4.56184614,4.93816932,3.615281712,3.135952372,1.590403656375983,1.096292568575984,0.5517794345759837,0.4173123525759836,0.1428758925759836,0.1428758882,0.142777496,0.05471831000000001,0.0,0.0,0,0,0,0,0,0,0,0,0,0,0.0,0.0,0.0
120393>120301,884,884,CNTu,Canning Town,DLR (Stratford Int'l route) // IB,884,CNTu,Canning Town,EntEx,Alight-Exit,655.9089348,18.99615396,132.20525164,202.1042375,179.0172293000001,93.13178378,30.45427861999999,0.0,0.9344462,1.15643572,1.35046888,1.76400972,2.85206512,3.70448632,7.234242,10.35022884,13.787822,16.6128658,16.16326188,13.91269768,12.69225568,10.28722154,7.80161964,7.782289820000001,8.224753920000001,7.358910320000001,7.231324520000001,7.113915560000001,7.108728800000002,6.37432022,6.41459722,6.330557160000001,6.20445176,6.28693926,6.768371340000002,7.59261734,8.53381374,9.1284504,9.3833148,9.4621178,9.020240199999998,8.976137800000002,8.817717199999999,8.66574566,9.13987246,9.49613726,9.35896326,9.60135446,10.5730514,10.8454711,10.9073513,11.7566611,13.9884835,14.8910509,15.8843296,16.1715944,17.7639246,16.2867828,15.0174072,14.8268932,16.1038474,13.7443914,12.5818632,12.07513654,10.66592794,9.26934914,8.903757940000002,8.75893984,8.690090380000001,8.20400998,6.80589286,5.90268614,5.463552840000001,4.61497776,3.77746242,3.59377274,3.6149568,3.6244154,3.46567614,3.43539474,3.08767546,2.25871132,1.70582386,1.5747958,1.26948684,0.96684792,0.96684792,0.63948558,0.2503881,0.0,0,0,0,0,0,0,0,0,0,0,0.0,0.0,0.0
120393>120322,884,884,CNTu,Canning Town,DLR (Stratford Int'l route) // IB,884,CNTu,Canning Town,Jubilee // NB,Alight-Interchange-Board,5195.139907,225.4346096,1698.4907544,1590.6136188,1137.6306912,415.7348688,127.2353642,0.0,6.932456999999999,6.932456999999999,9.8343742,19.6179656,36.9642806,58.01910359999999,87.1339716,108.0494684,134.521293,155.132,158.745194,165.041132,176.787808,173.560346,163.734494,147.370002,125.688647,105.639851,84.220519,68.42113,66.858935,64.12646600000001,59.753874,59.2282666,58.2564412,59.52888420000001,60.4156562,63.12560420000001,61.90498960000001,64.782728,60.6791906,62.24891460000001,58.595626,63.113846,59.69660100000001,62.50147920000001,63.082866,69.5026926,73.91743459999999,76.73903279999998,79.768106,86.10218920000001,88.2626652,95.3428432,106.125658,112.380482,112.37738,109.199216,103.818006,98.601036,89.4407808,84.7920448,83.15564280000002,75.7914868,66.60611479999999,60.26177879999999,51.32334880000001,43.3753608,36.5499082,31.937078,29.76470400000001,29.9625354,28.9020028,28.1506604,26.7662662,26.3317784,22.409447,21.0907938,18.8850218,17.4305905,15.3415609,14.6247306,13.7530016,10.4053946,7.834530300000001,5.103544900000001,2.7661952,0.0,0.0,0.0,0.0,0.0,0,0,0,0,0,0,0,0,0,0,0.0,0.0,0.0
120393>120323,884,884,CNTu,Canning Town,DLR (Stratford Int'l route) // IB,884,CNTu,Canning Town,Jubilee // SB,Alight-Interchange-Board,3285.252685770003,14.16461115,492.24728522,1298.186872,975.1905972,374.6823234600001,130.78099674,0.0,0.0,0.0,0.061806774,0.061806774,1.650232134,3.289274034,9.101491434,12.84265066,23.01194266000001,42.60188650000001,52.10285,61.8291426,66.0613672,61.3605928,45.7118416,37.023893,28.545499,29.0015324,32.1540868,46.32257979999999,46.55612540000001,45.3137054,46.211045,46.587161,33.93878520000001,49.03219080000001,51.3849188,52.5502952,51.57730720000001,54.217172,42.2560794,43.79634420000001,40.4533752,47.18918720000001,43.9783832,57.01894580000001,58.60881620000001,67.21043920000001,63.71373220000001,68.36346700000001,77.82927099999999,81.7330978,82.34444780000003,91.0467068,101.695204,94.7047248,94.5939108,86.5735442,84.2271782,80.72773020000002,71.94564860000001,68.23437100000001,66.5227262,72.19464620000002,62.72420620000001,61.45215800000001,52.878241,55.5869714,38.42828220000001,35.45949140000001,26.1625892,27.27297140000001,19.6861354,16.704485,13.0440944,15.1966928,12.81021126,14.92523106,14.81644426,17.88474506,14.84255118,19.65995512000001,15.82988388,12.78789228,8.393266420000002,7.63754314,1.28786114,1.18908558,1.18908558,0.3374520400000001,0.0,0.0,0,0,0,0,0,0,0,0,0,0,0.0,0.0,0.0
120393>120390,884,884,CNTu,Canning Town,DLR (Stratford Int'l route) // IB,884,CNTu,Canning Town,DLR (City routes) // OB,Alight-Interchange-Board,480.0569131620001,15.66450718,108.0633048,192.9813378,113.55002814,33.03411730000001,16.763617942,0.0,1.026434,1.30143584,1.60388228,2.3797237,2.7790278,2.5586379,4.015365660000001,5.950036020000002,8.907728599999999,12.5988511,13.4485882,13.8355152,12.69937934,10.23914304,7.35518016,6.95859362,5.835129540000001,5.19439154,5.040768440000001,5.450313120000001,5.86318766,6.315575000000001,7.421928380000002,7.696682780000002,7.645292880000001,7.55945214,8.34142008,8.498546560000001,8.711891959999999,8.373083520000002,8.49632686,7.908762660000002,7.35180136,6.93486996,7.161690620000001,6.628170420000001,6.40278914,7.57734424,9.822129040000002,9.837311120000004,9.944722380000002,11.78063846,11.25740746,10.25562976,11.06972176,12.0331171,10.9838779,11.5900159,11.4289828,10.4303864,8.999514699999999,8.2223765,7.302042300000001,5.9834639,5.250899120000001,4.987913180000001,3.9480458,2.9253828,2.58720336,2.4589892,2.1205533,2.5567944,2.56340316,2.34901502,2.21384546,2.2029673,2.12000432,1.80216216,1.63043062,1.76684778,2.15330792,1.8814013,2.23208182,2.00214234,1.612671178,1.0273559308,0.5622508324000001,0.0415773124,0.0415773124,0.0072714144,0.0025400216,0.0,0,0,0,0,0,0,0,0,0,0,0.0,0.0,0.0
120393>120391,884,884,CNTu,Canning Town,DLR (Stratford Int'l route) // IB,884,CNTu,Canning Town,DLR (City routes) // IB,Alight-Interchange-Board,8.5131396,1.98364446,1.32242964,0.0,0.0,5.207065499999999,0.0,0.0,0.0,0.0,0.0,0.0,0.6612148200000001,0.6612148200000001,0.6612148200000001,0.6612148200000001,0.6612148200000001,0.0,0.0,0.0,0.0,0.0,0.0,0.0,0.0,0.0,0.0,0.0,0.0,0.0,0.0,0.0,0.0,0.0,0.0,0.0,0.0,0.0,0.0,0.0,0.0,0.0,0.0,0.0,0.0,0.0,0.0,0.0,0.0,0.0,0.0,0.0,0.0,0.0,0.0,0.0,0.0,0.0,0.0,0.0,0.0,0.0,0.0,0.0,0.0,0.0,0.4940619000000001,1.0414131,1.0414131,1.0414131,1.0414131,0.5473511999999999,0.0,0.0,0.0,0.0,0.0,0.0,0.0,0.0,0.0,0.0,0.0,0.0,0.0,0.0,0.0,0.0,0.0,0.0,0,0,0,0,0,0,0,0,0,0,0.0,0.0,0.0
30701>30714,524,524,BDSu,Bond Street,Bond Street // EntEx,524,BDSu,Bond Street,Bond Street // Central // EB,Enter-Board,15439.6012172,75.0567544,717.0201268000001,4489.205248,6162.002602,2851.709908,1144.606578,0.6274930400000001,2.07476864,3.964098640000001,6.297762840000001,10.35938484,13.7886454,17.6841322,20.2604688,23.43890740000001,25.9972828,31.7595348,38.5496138,49.98956920000001,60.7996894,71.627178,78.96156140000002,84.77065999999999,82.22032200000002,84.852723,84.053085,85.918152,88.892472,98.01553800000002,102.216698,111.51263,123.600734,137.947904,148.761336,159.654594,165.071998,170.268362,172.17182,178.87811,186.891584,201.260282,211.401832,222.408698,232.519408,243.715046,254.249978,267.504698,283.023376,307.293974,336.026024,371.16096,411.4436060000001,455.429294,498.667822,546.873418,585.899588,605.7081880000002,625.910168,598.6468679999998,547.1731279999998,488.8365679999999,426.2529940000001,349.2764,307.171132,278.69668,253.103248,238.663758,228.773054,222.168084,211.053682,196.98102,187.041836,187.693496,191.087518,183.84996,179.835494,171.856016,149.379802,120.624474,101.799168,82.86015340000002,63.1228328,43.9345848,27.6515208,14.5811788,5.111393400000001,0.0,0.0,0.0,0,0,0,0,0,0,0,0,0,0,0.0,0.0,0.0
30701>30715,524,524,BDSu,Bond Street,Bond Street // EntEx,524,BDSu,Bond Street,Bond Street // Central // WB,Enter-Board,4214.139305360002,15.00564602,112.76695894,1065.5081974,1651.990666,982.4678468,386.3999902,0.0,0.123105252,0.5431189120000001,1.176599372,2.149906032,2.817166872,3.71951032,4.47623926,5.1405191,5.29404624,6.551155000000001,7.677840299999999,9.061252699999999,9.773794,10.849778,10.7680198,10.6315186,10.6424222,12.2419682,14.1346448,16.79865460000001,19.7179488,23.0905368,25.1131692,26.9308848,28.664224,31.1038338,33.60140120000001,35.61830620000001,36.87078020000001,38.7286424,40.17392760000001,41.36240160000001,42.83275380000001,44.98343580000001,47.39803460000001,51.24691920000001,53.46249020000001,59.02520300000001,63.79749500000001,68.62942360000001,70.96707500000002,78.42823800000002,86.96241800000001,95.2163732,100.9891272,111.8253572,123.2648732,132.4426972,144.422628,156.437528,165.49133,167.132644,161.344684,152.4357,140.987724,125.27397,110.19596,101.134504,91.931898,82.97145479999999,77.38082779999999,73.4308578,68.2219182,64.89172020000001,62.48221240000001,61.49847820000001,63.05404540000001,61.62532760000001,56.97258300000001,53.42426800000001,47.2607724,37.66513380000001,33.1453732,28.2865646,23.5478046,18.7354466,13.416246,7.028625999999999,3.6594232,1.6324212,0.0,0.0,0,0,0,0,0,0,0,0,0,0,0.0,0.0,0.0
30701>30722,524,524,BDSu,Bond Street,Bond Street // EntEx,524,BDSu,Bond Street,Bond Street // Jubilee // NB,Enter-Board,6584.368830400002,15.9326788,118.3419664,1475.0233308,2560.5002714,1706.624012,707.9465710000001,0.36611328,0.61733248,1.15985524,1.44312124,2.31484664,2.42857484,3.487724940000001,4.11511014,5.21114834,6.593264540000002,9.04981706,9.97503176,10.793155,10.9236335,10.5845189,9.3119715,9.013108099999998,9.8110639,12.46493100000001,14.6103228,17.55616280000001,20.377931,24.61794,26.4436742,29.1268394,32.4231914,36.9772206,38.8116206,43.0011054,45.430229,49.9736624,51.311831,55.845691,60.49524939999999,66.43666479999999,71.5501978,78.5726652,84.20326419999999,92.325463,97.2208,100.215278,106.1302512,116.8399722,129.1364262,145.6102962000001,162.0916872,181.674678,199.328282,208.564282,218.15446,234.02844,243.613328,249.245948,250.134504,243.43079,224.623576,203.757652,180.930422,166.325946,156.614932,147.922768,139.262526,134.342691,124.629428,118.13545,112.745462,112.71092,109.245815,107.781571,98.422203,93.346347,82.883567,71.448428,60.955475,54.40124300000001,45.19695820000001,36.5079988,26.13450780000001,17.0378078,9.786905800000001,4.0435586,0.0,0.0,0,0,0,0,0,0,0,0,0,0,0.0,0.0,0.0
30701>30723,524,524,BDSu,Bond Street,Bond Street // EntEx,524,BDSu,Bond Street,Bond Street // Jubilee // SB,Enter-Board,15862.0028446,84.4584234,538.9279873999999,4273.860477799999,6143.037538,3454.1456,1367.572818,5.531859600000002,7.290900000000001,9.676399,10.93188348,10.09340148,10.57795348,14.57433268,15.78169368,19.8208732,23.205437,27.1955062,31.70395,39.90357040000001,46.02221580000001,51.9671172,56.4696358,58.57043299999999,56.6873002,61.66805680000001,65.7138918,71.1188712,77.48879759999998,88.794756,94.12924,102.404147,110.92557,123.218131,133.395735,143.122907,146.878679,158.633366,163.087276,168.390604,175.301548,191.676952,197.590448,210.74054,219.765372,239.457766,250.327434,270.467494,285.508188,319.287938,332.1487180000001,364.056384,388.035716,438.311392,468.795484,538.557798,570.698546,611.345458,617.582692,612.73373,553.7609259999998,517.3875459999998,461.771866,406.81182,355.3704980000001,337.7215880000001,311.573892,292.219974,271.5726760000001,273.952308,255.20178,245.078306,234.264556,239.583732,230.79447,227.874482,208.88728,199.22763,175.233196,143.807788,113.495988,96.9660948,72.97425559999999,51.726056,35.866466,23.788342,13.0712872,4.653952400000001,0.0,0.0,0,0,0,0,0,0,0,0,0,0,0.0,0.0,0.0
30701>30787,524,524,BDSu,Bond Street,Bond Street // EntEx,524,BDSu,Bond Street,Bond Street // Elizabeth Line // EB,Enter-Board,15621.20293200001,123.4477854,672.6427610000001,3636.2578116,6504.624376,3282.05014,1402.180058,0.4006156,3.2234658,9.8532518,14.0480318,18.52282180000001,23.1527516,27.38396340000001,26.8628836,28.332279,31.90481800000001,36.784074,42.49958,52.1103486,60.2380872,67.21359220000001,71.832044,71.86857800000001,68.83491400000001,70.69557800000003,70.328868,71.8364988,74.78332280000002,78.841233,81.11164699999999,85.951902,89.97227099999999,99.654985,106.705751,114.327305,116.54501,127.789983,131.348039,140.519756,145.010912,160.991832,168.699138,179.232762,184.16325,207.600082,213.685006,229.814426,239.43819,288.1219580000001,300.112552,339.211548,368.530652,448.325168,482.7279679999999,572.326828,628.518664,706.159868,689.856168,662.1918840000002,599.2232759999999,548.3936960000002,459.1586560000001,408.423982,365.127162,339.2066460000001,300.947382,276.394982,255.974902,257.119658,230.2239,219.648466,206.535226,215.191492,207.256342,208.606262,196.800448,189.850838,168.52376,151.581664,133.3429208,118.9130108,97.3285624,68.51222840000001,42.2225624,19.8342796,6.6635216,0.0,0.0,0.0,0,0,0,0,0,0,0,0,0,0,0.0,0.0,0.0
30701>30788,524,524,BDSu,Bond Street,Bond Street // EntEx,524,BDSu,Bond Street,Bond Street // Elizabeth Line // WB,Enter-Board,7287.718170200002,56.35060410000001,187.2040293,1852.3744328,2722.831179,1811.431508800001,657.5264162,0.27246696,1.80132124,2.12774734,6.14067694,8.21540334,11.49576298,11.7184931,14.5787322,13.1545036,15.4979366,15.2189732,17.5616382,16.247307,16.2266702,14.3166445,14.3536409,13.0749137,14.0545245,16.2591843,21.2380926,23.3255164,28.0720968,32.8310132,38.75932,39.8651972,47.1630878,50.77761520000001,58.01247600000001,60.77933920000001,63.9129428,64.1513116,71.76111159999999,71.2006676,74.7520656,78.63362679999999,86.563834,85.61042699999999,96.052151,105.824683,119.600205,124.20762,135.016879,144.742263,150.758983,157.446309,163.16198,190.851504,198.174424,222.937756,236.947494,282.384066,270.130562,275.361824,258.698048,251.86021,214.877002,205.197852,190.137058,185.103304,169.26433,156.053742,145.110816,138.198546,128.687454,123.6221932,119.9395712,125.6956932,124.4209492,116.9946632,110.388418,105.69901,87.56213120000001,76.9532964,59.51931260000001,45.7076586,28.67604900000001,17.60057980000001,4.450654599999999,2.9476704,1.0269724,0.0,0.0,0.0,0,0,0,0,0,0,0,0,0,0,0.0,0.0,0.0
30714>30510,524,524,BDSu,Bond Street,Bond Street // Central // EB,669,OXCu,Oxford Circus,Oxford Circus // Bakerloo // NB,Alight-Exit-Interchange-Enter-Board,0.0,0.0,0.0,0.0,0.0,0.0,0.0,0.0,0.0,0.0,0.0,0.0,0.0,0.0,0.0,0.0,0.0,0.0,0.0,0.0,0.0,0.0,0.0,0.0,0.0,0.0,0.0,0.0,0.0,0.0,0.0,0.0,0.0,0.0,0.0,0.0,0.0,0.0,0.0,0.0,0.0,0.0,0.0,0.0,0.0,0.0,0.0,0.0,0.0,0.0,0.0,0.0,0.0,0.0,0.0,0.0,0.0,0.0,0.0,0.0,0.0,0.0,0.0,0.0,0.0,0.0,0.0,0.0,0.0,0.0,0.0,0.0,0.0,0.0,0.0,0.0,0.0,0.0,0.0,0.0,0.0,0.0,0.0,0.0,0.0,0.0,0.0,0.0,0.0,0.0,0,0,0,0,0,0,0,0,0,0,0.0,0.0,0.0
30714>30511,524,524,BDSu,Bond Street,Bond Street // Central // EB,669,OXCu,Oxford Circus,Oxford Circus // Bakerloo // SB,Alight-Exit-Interchange-Enter-Board,0.0,0.0,0.0,0.0,0.0,0.0,0.0,0.0,0.0,0.0,0.0,0.0,0.0,0.0,0.0,0.0,0.0,0.0,0.0,0.0,0.0,0.0,0.0,0.0,0.0,0.0,0.0,0.0,0.0,0.0,0.0,0.0,0.0,0.0,0.0,0.0,0.0,0.0,0.0,0.0,0.0,0.0,0.0,0.0,0.0,0.0,0.0,0.0,0.0,0.0,0.0,0.0,0.0,0.0,0.0,0.0,0.0,0.0,0.0,0.0,0.0,0.0,0.0,0.0,0.0,0.0,0.0,0.0,0.0,0.0,0.0,0.0,0.0,0.0,0.0,0.0,0.0,0.0,0.0,0.0,0.0,0.0,0.0,0.0,0.0,0.0,0.0,0.0,0.0,0.0,0,0,0,0,0,0,0,0,0,0,0.0,0.0,0.0
30714>30514,524,524,BDSu,Bond Street,Bond Street // Central // EB,669,OXCu,Oxford Circus,Oxford Circus // Central // EB,Alight-Exit-Interchange-Enter-Board,0.0,0.0,0.0,0.0,0.0,0.0,0.0,0.0,0.0,0.0,0.0,0.0,0.0,0.0,0.0,0.0,0.0,0.0,0.0,0.0,0.0,0.0,0.0,0.0,0.0,0.0,0.0,0.0,0.0,0.0,0.0,0.0,0.0,0.0,0.0,0.0,0.0,0.0,0.0,0.0,0.0,0.0,0.0,0.0,0.0,0.0,0.0,0.0,0.0,0.0,0.0,0.0,0.0,0.0,0.0,0.0,0.0,0.0,0.0,0.0,0.0,0.0,0.0,0.0,0.0,0.0,0.0,0.0,0.0,0.0,0.0,0.0,0.0,0.0,0.0,0.0,0.0,0.0,0.0,0.0,0.0,0.0,0.0,0.0,0.0,0.0,0.0,0.0,0.0,0.0,0,0,0,0,0,0,0,0,0,0,0.0,0.0,0.0
30714>30515,524,524,BDSu,Bond Street,Bond Street // Central // EB,669,OXCu,Oxford Circus,Oxford Circus // Central // WB,Alight-Exit-Interchange-Enter-Board,0.0,0.0,0.0,0.0,0.0,0.0,0.0,0.0,0.0,0.0,0.0,0.0,0.0,0.0,0.0,0.0,0.0,0.0,0.0,0.0,0.0,0.0,0.0,0.0,0.0,0.0,0.0,0.0,0.0,0.0,0.0,0.0,0.0,0.0,0.0,0.0,0.0,0.0,0.0,0.0,0.0,0.0,0.0,0.0,0.0,0.0,0.0,0.0,0.0,0.0,0.0,0.0,0.0,0.0,0.0,0.0,0.0,0.0,0.0,0.0,0.0,0.0,0.0,0.0,0.0,0.0,0.0,0.0,0.0,0.0,0.0,0.0,0.0,0.0,0.0,0.0,0.0,0.0,0.0,0.0,0.0,0.0,0.0,0.0,0.0,0.0,0.0,0.0,0.0,0.0,0,0,0,0,0,0,0,0,0,0,0.0,0.0,0.0
30714>30532,524,524,BDSu,Bond Street,Bond Street // Central // EB,669,OXCu,Oxford Circus,Oxford Circus // Victoria // NB,Alight-Exit-Interchange-Enter-Board,0.0,0.0,0.0,0.0,0.0,0.0,0.0,0.0,0.0,0.0,0.0,0.0,0.0,0.0,0.0,0.0,0.0,0.0,0.0,0.0,0.0,0.0,0.0,0.0,0.0,0.0,0.0,0.0,0.0,0.0,0.0,0.0,0.0,0.0,0.0,0.0,0.0,0.0,0.0,0.0,0.0,0.0,0.0,0.0,0.0,0.0,0.0,0.0,0.0,0.0,0.0,0.0,0.0,0.0,0.0,0.0,0.0,0.0,0.0,0.0,0.0,0.0,0.0,0.0,0.0,0.0,0.0,0.0,0.0,0.0,0.0,0.0,0.0,0.0,0.0,0.0,0.0,0.0,0.0,0.0,0.0,0.0,0.0,0.0,0.0,0.0,0.0,0.0,0.0,0.0,0,0,0,0,0,0,0,0,0,0,0.0,0.0,0.0
30714>30533,524,524,BDSu,Bond Street,Bond Street // Central // EB,669,OXCu,Oxford Circus,Oxford Circus // Victoria // SB,Alight-Exit-Interchange-Enter-Board,0.0,0.0,0.0,0.0,0.0,0.0,0.0,0.0,0.0,0.0,0.0,0.0,0.0,0.0,0.0,0.0,0.0,0.0,0.0,0.0,0.0,0.0,0.0,0.0,0.0,0.0,0.0,0.0,0.0,0.0,0.0,0.0,0.0,0.0,0.0,0.0,0.0,0.0,0.0,0.0,0.0,0.0,0.0,0.0,0.0,0.0,0.0,0.0,0.0,0.0,0.0,0.0,0.0,0.0,0.0,0.0,0.0,0.0,0.0,0.0,0.0,0.0,0.0,0.0,0.0,0.0,0.0,0.0,0.0,0.0,0.0,0.0,0.0,0.0,0.0,0.0,0.0,0.0,0.0,0.0,0.0,0.0,0.0,0.0,0.0,0.0,0.0,0.0,0.0,0.0,0,0,0,0,0,0,0,0,0,0,0.0,0.0,0.0
30714>30701,524,524,BDSu,Bond Street,Bond Street // Central // EB,524,BDSu,Bond Street,Bond Street // EntEx,Alight-Exit,4580.697123500002,131.693061,1550.6619142,1802.7636992,815.9400156,238.97827898,40.66015452,0.0,1.6065294,4.363221800000002,9.867225,15.8139134,23.7592938,32.251401,44.03147660000001,57.37219740000001,73.00495699999999,88.9929598,107.4382012,133.0510132,159.1903312,168.3704892,177.777454,173.9408468,159.4469828,132.1577048,119.9187768,109.3725828,101.626322,91.411206,89.32421,89.315172,82.041682,81.305856,81.79020600000003,82.69491199999999,77.22476800000003,74.55368600000001,71.04606720000002,69.63468320000001,65.7706972,65.60810120000001,63.905076,65.3032328,62.67672679999999,62.41509420000001,61.8403922,64.4670534,62.79365139999999,63.4757808,63.16654,64.833764,64.51890800000001,65.533865,67.6109896,69.47126700000001,72.501903,73.670243,74.774935,73.380797,70.27834820000001,63.2012406,56.1637552,46.6956704,36.982759,29.906457,23.904367,19.7003894,17.0625374,15.841934,13.66802468,11.67820328,9.30994998,7.881813580000001,6.34617326,6.76606658,6.108950839999999,6.16977324,5.787045980000001,5.401156680000001,3.783820940000001,2.70271022,1.73661808,1.09144954,0.69431796,0.3065285,0.11171596,0.0,0.0,0.0,0,0,0,0,0,0,0,0,0,0,0.0,0.0,0.0
30714>30715,524,524,BDSu,Bond Street,Bond Street // Central // EB,524,BDSu,Bond Street,Bond Street // Central // WB,Alight-Interchange-Board,0.0,0.0,0.0,0.0,0.0,0.0,0.0,0.0,0.0,0.0,0.0,0.0,0.0,0.0,0.0,0.0,0.0,0.0,0.0,0.0,0.0,0.0,0.0,0.0,0.0,0.0,0.0,0.0,0.0,0.0,0.0,0.0,0.0,0.0,0.0,0.0,0.0,0.0,0.0,0.0,0.0,0.0,0.0,0.0,0.0,0.0,0.0,0.0,0.0,0.0,0.0,0.0,0.0,0.0,0.0,0.0,0.0,0.0,0.0,0.0,0.0,0.0,0.0,0.0,0.0,0.0,0.0,0.0,0.0,0.0,0.0,0.0,0.0,0.0,0.0,0.0,0.0,0.0,0.0,0.0,0.0,0.0,0.0,0.0,0.0,0.0,0.0,0.0,0.0,0.0,0,0,0,0,0,0,0,0,0,0,0.0,0.0,0.0
30714>30722,524,524,BDSu,Bond Street,Bond Street // Central // EB,524,BDSu,Bond Street,Bond Street // Jubilee // NB,Alight-Interchange-Board,2243.860697000001,44.5625656,369.0668212,599.7338424,733.2754266000002,329.1407892,168.081252,0.0,1.44047708,2.21875838,3.11550368,5.33893208,7.56907168,9.944490000000002,14.9353327,20.331611,26.6614602,31.6998886,37.7718746,41.4306486,42.662225,37.95104540000001,35.2090102,29.2660132,24.207994,20.584245,21.2908054,22.14660940000001,22.1270718,21.328303,20.4501406,19.7010676,17.4658468,17.0697176,17.731581,19.3852612,19.6614456,20.0652496,20.3291594,20.5063132,20.5057124,22.03838,23.6604646,25.59625560000001,27.40695280000001,29.79819220000001,31.77816420000001,34.9303536,37.97423040000001,42.2300806,45.84728920000001,50.5390266,57.68675740000001,63.4026282,70.1679816,73.58680360000002,74.7361348,69.072102,67.0938608,60.37046840000001,54.18692240000001,47.57735100000001,44.85538980000001,37.8118984,33.1943596,29.48643000000001,27.748016,26.1437504,25.821682,24.340742,24.991133,24.9653244,24.6067524,24.5555772,25.4751238,25.3598546,24.102713,22.23171420000001,20.8776134,19.0511492,15.74529848,13.90548108,11.42917872,7.689589720000003,4.176350520000002,2.73551704,0.7767920400000001,0.0,0.0,0.0,0,0,0,0,0,0,0,0,0,0,0.0,0.0,0.0
30714>30723,524,524,BDSu,Bond Street,Bond Street // Central // EB,524,BDSu,Bond Street,Bond Street // Jubilee // SB,Alight-Interchange-Board,7951.930226999998,264.61081,1936.5375376,1910.8455544,2449.169402,960.0842254000002,430.6826975999999,0.0,6.109467,13.0061276,22.2032556,30.7713916,50.56677360000001,62.4906986,79.46309600000002,93.84374400000002,112.376954,121.120104,149.79999,171.46026,196.826192,207.946566,218.92297,201.70642,179.574822,149.6394728,133.3200428,114.9946058,101.9947878,90.8965702,87.24800440000001,81.03137840000001,72.9132142,71.6780602,73.6515198,75.22804479999999,70.8414652,70.0791164,68.1210516,69.5316566,64.1359826,65.8614882,67.8911642,71.757513,69.69959,74.176594,77.03908,82.66006000000002,85.55664300000002,96.056129,107.801835,129.621639,153.744465,173.157188,204.261192,224.655922,238.729762,241.816752,253.811612,242.458914,222.602494,195.124862,169.1846,139.2411,111.637006,97.51443600000002,87.82179200000002,79.56059800000001,69.226348,63.831918,62.87289200000001,61.98926600000001,60.63336400000001,62.029224,63.72628140000001,62.13084880000001,61.1726868,56.97571439999999,57.5383576,51.8759182,42.843311,33.3467654,29.3225438,16.1675846,9.2550446,6.6630164,3.390906,0.0,0.0,0.0,0,0,0,0,0,0,0,0,0,0,0.0,0.0,0.0
30714>30787,524,524,BDSu,Bond Street,Bond Street // Central // EB,524,BDSu,Bond Street,Bond Street // Elizabeth Line // EB,Alight-Interchange-Board,901.0179826999997,17.23202324,157.93624786,193.4044246,352.8306152800001,138.59919332,41.01547840000001,0.0,0.0,0.34179318,0.60727134,2.50561954,2.60107076,5.00355676,6.172711660000001,5.9072335,7.9103997,12.19544848,13.80140168,17.96224620000001,19.5782492,17.33039,16.808438,16.1041538,10.4323612,10.608402,9.297524099999999,6.900409599999999,4.401336000000001,5.419596,4.659569340000001,5.57754834,5.05859824,5.365816100000001,5.5230283,5.64866906,5.321873300000001,5.6001862,5.75675954,5.99335208,5.90782538,6.61903444,7.34021374,8.36365314,9.2883754,10.7809806,12.623389,14.1142324,14.805351,17.15644,15.1781874,14.8818264,16.0068122,25.4068056,28.0032356,42.0500418,43.6737322,52.39145840000001,40.31141198,33.41038846,23.80167046,22.86890806000001,10.02432412,13.89989894,15.99628906,12.95698286,11.14472586,12.5462402,10.0972958,9.6260978,10.2074574,10.9400396,10.8965292,10.3604736,9.927163,9.076982000000001,9.0854638,7.296512799999999,6.102560400000002,4.67168364,3.234074200000001,0.4231221999999999,0.4231221999999999,0.4231221999999999,0.27883496,0.0,0.0,0.0,0.0,0.0,0,0,0,0,0,0,0,0,0,0,0.0,0.0,0.0
30714>30788,524,524,BDSu,Bond Street,Bond Street // Central // EB,524,BDSu,Bond Street,Bond Street // Elizabeth Line // WB,Alight-Interchange-Board,196.7162000759999,4.661654449999999,7.243407626000001,59.763115172,60.75115126,44.75779638000001,19.539075188,0.0,0.6549186800000001,0.6602037936,0.7924562836,0.8506836676,0.9239585356,0.3681949756,0.411238514,0.497333024,0.54537954,0.5688176520000001,0.7827275120000001,0.8302244059999999,0.6741915000000002,0.64971166,0.661864252,0.453051272,0.4272906520000001,0.5092793780000001,0.643536778,1.092506446,1.299792686,1.76428956,2.0413417,2.29717334,2.38155282,2.29190436,2.2884826,2.38472484,2.26784086,2.13900586,2.43482414,2.23290008,2.58078816,2.656838720000001,2.59569404,2.39709202,3.11085544,2.70086342,3.07380634,3.0118064,3.78656936,3.455565819999999,3.476896159999999,3.74695896,4.24055718,4.40089158,5.42121712,6.13856052,6.04654652,6.00596834,5.88097674,5.240237140000001,4.85607814,4.50425358,4.26890544,3.72651172,3.55285432,3.74070722,4.03944184,4.14927056,4.11758128,3.72489636,3.3931415,3.11858352,3.30540246,3.7468268,4.1425788,4.38297748,3.9375854,3.29472966,2.55612426,2.06156608,1.15506136,0.9503450176,0.7032003696000001,0.4452526296,0.0188393296,0.0188393296,0.014554272,0.0,0.0,0.0,0,0,0,0,0,0,0,0,0,0,0.0,0.0,0.0
30715>30510,524,524,BDSu,Bond Street,Bond Street // Central // WB,669,OXCu,Oxford Circus,Oxford Circus // Bakerloo // NB,Alight-Exit-Interchange-Enter-Board,0.0,0.0,0.0,0.0,0.0,0.0,0.0,0.0,0.0,0.0,0.0,0.0,0.0,0.0,0.0,0.0,0.0,0.0,0.0,0.0,0.0,0.0,0.0,0.0,0.0,0.0,0.0,0.0,0.0,0.0,0.0,0.0,0.0,0.0,0.0,0.0,0.0,0.0,0.0,0.0,0.0,0.0,0.0,0.0,0.0,0.0,0.0,0.0,0.0,0.0,0.0,0.0,0.0,0.0,0.0,0.0,0.0,0.0,0.0,0.0,0.0,0.0,0.0,0.0,0.0,0.0,0.0,0.0,0.0,0.0,0.0,0.0,0.0,0.0,0.0,0.0,0.0,0.0,0.0,0.0,0.0,0.0,0.0,0.0,0.0,0.0,0.0,0.0,0.0,0.0,0,0,0,0,0,0,0,0,0,0,0.0,0.0,0.0
30715>30511,524,524,BDSu,Bond Street,Bond Street // Central // WB,669,OXCu,Oxford Circus,Oxford Circus // Bakerloo // SB,Alight-Exit-Interchange-Enter-Board,0.0,0.0,0.0,0.0,0.0,0.0,0.0,0.0,0.0,0.0,0.0,0.0,0.0,0.0,0.0,0.0,0.0,0.0,0.0,0.0,0.0,0.0,0.0,0.0,0.0,0.0,0.0,0.0,0.0,0.0,0.0,0.0,0.0,0.0,0.0,0.0,0.0,0.0,0.0,0.0,0.0,0.0,0.0,0.0,0.0,0.0,0.0,0.0,0.0,0.0,0.0,0.0,0.0,0.0,0.0,0.0,0.0,0.0,0.0,0.0,0.0,0.0,0.0,0.0,0.0,0.0,0.0,0.0,0.0,0.0,0.0,0.0,0.0,0.0,0.0,0.0,0.0,0.0,0.0,0.0,0.0,0.0,0.0,0.0,0.0,0.0,0.0,0.0,0.0,0.0,0,0,0,0,0,0,0,0,0,0,0.0,0.0,0.0
30715>30514,524,524,BDSu,Bond Street,Bond Street // Central // WB,669,OXCu,Oxford Circus,Oxford Circus // Central // EB,Alight-Exit-Interchange-Enter-Board,0.0,0.0,0.0,0.0,0.0,0.0,0.0,0.0,0.0,0.0,0.0,0.0,0.0,0.0,0.0,0.0,0.0,0.0,0.0,0.0,0.0,0.0,0.0,0.0,0.0,0.0,0.0,0.0,0.0,0.0,0.0,0.0,0.0,0.0,0.0,0.0,0.0,0.0,0.0,0.0,0.0,0.0,0.0,0.0,0.0,0.0,0.0,0.0,0.0,0.0,0.0,0.0,0.0,0.0,0.0,0.0,0.0,0.0,0.0,0.0,0.0,0.0,0.0,0.0,0.0,0.0,0.0,0.0,0.0,0.0,0.0,0.0,0.0,0.0,0.0,0.0,0.0,0.0,0.0,0.0,0.0,0.0,0.0,0.0,0.0,0.0,0.0,0.0,0.0,0.0,0,0,0,0,0,0,0,0,0,0,0.0,0.0,0.0
30715>30515,524,524,BDSu,Bond Street,Bond Street // Central // WB,669,OXCu,Oxford Circus,Oxford Circus // Central // WB,Alight-Exit-Interchange-Enter-Board,0.0,0.0,0.0,0.0,0.0,0.0,0.0,0.0,0.0,0.0,0.0,0.0,0.0,0.0,0.0,0.0,0.0,0.0,0.0,0.0,0.0,0.0,0.0,0.0,0.0,0.0,0.0,0.0,0.0,0.0,0.0,0.0,0.0,0.0,0.0,0.0,0.0,0.0,0.0,0.0,0.0,0.0,0.0,0.0,0.0,0.0,0.0,0.0,0.0,0.0,0.0,0.0,0.0,0.0,0.0,0.0,0.0,0.0,0.0,0.0,0.0,0.0,0.0,0.0,0.0,0.0,0.0,0.0,0.0,0.0,0.0,0.0,0.0,0.0,0.0,0.0,0.0,0.0,0.0,0.0,0.0,0.0,0.0,0.0,0.0,0.0,0.0,0.0,0.0,0.0,0,0,0,0,0,0,0,0,0,0,0.0,0.0,0.0
30715>30532,524,524,BDSu,Bond Street,Bond Street // Central // WB,669,OXCu,Oxford Circus,Oxford Circus // Victoria // NB,Alight-Exit-Interchange-Enter-Board,0.0,0.0,0.0,0.0,0.0,0.0,0.0,0.0,0.0,0.0,0.0,0.0,0.0,0.0,0.0,0.0,0.0,0.0,0.0,0.0,0.0,0.0,0.0,0.0,0.0,0.0,0.0,0.0,0.0,0.0,0.0,0.0,0.0,0.0,0.0,0.0,0.0,0.0,0.0,0.0,0.0,0.0,0.0,0.0,0.0,0.0,0.0,0.0,0.0,0.0,0.0,0.0,0.0,0.0,0.0,0.0,0.0,0.0,0.0,0.0,0.0,0.0,0.0,0.0,0.0,0.0,0.0,0.0,0.0,0.0,0.0,0.0,0.0,0.0,0.0,0.0,0.0,0.0,0.0,0.0,0.0,0.0,0.0,0.0,0.0,0.0,0.0,0.0,0.0,0.0,0,0,0,0,0,0,0,0,0,0,0.0,0.0,0.0
30715>30533,524,524,BDSu,Bond Street,Bond Street // Central // WB,669,OXCu,Oxford Circus,Oxford Circus // Victoria // SB,Alight-Exit-Interchange-Enter-Board,0.0,0.0,0.0,0.0,0.0,0.0,0.0,0.0,0.0,0.0,0.0,0.0,0.0,0.0,0.0,0.0,0.0,0.0,0.0,0.0,0.0,0.0,0.0,0.0,0.0,0.0,0.0,0.0,0.0,0.0,0.0,0.0,0.0,0.0,0.0,0.0,0.0,0.0,0.0,0.0,0.0,0.0,0.0,0.0,0.0,0.0,0.0,0.0,0.0,0.0,0.0,0.0,0.0,0.0,0.0,0.0,0.0,0.0,0.0,0.0,0.0,0.0,0.0,0.0,0.0,0.0,0.0,0.0,0.0,0.0,0.0,0.0,0.0,0.0,0.0,0.0,0.0,0.0,0.0,0.0,0.0,0.0,0.0,0.0,0.0,0.0,0.0,0.0,0.0,0.0,0,0,0,0,0,0,0,0,0,0,0.0,0.0,0.0
30715>30701,524,524,BDSu,Bond Street,Bond Street // Central // WB,524,BDSu,Bond Street,Bond Street // EntEx,Alight-Exit,16075.2180457,529.7454337,4753.13661,6110.305818,3360.790966,1107.2009052,214.0383128,0.0,1.45036994,8.19910874,23.59923074,50.00485874,92.87476474,145.7108948,207.906206,257.224212,319.082012,353.04537,379.831538,415.7628080000001,488.5605000000002,488.245156,487.418512,474.6421040000001,432.375756,348.9856920000001,307.9629500000001,283.211456,266.589276,251.381048,245.864044,252.664472,258.143312,260.5666620000001,270.648694,282.087152,280.704948,268.15522,261.818722,253.041918,244.425934,239.564948,240.55227,241.676476,242.61184,236.877438,239.239856,244.241734,246.37217,248.550786,251.315442,250.96868,252.240908,250.929012,257.03727,264.15253,286.179002,306.408702,317.908144,324.0678420000001,317.307436,287.1897660000001,246.401674,212.04069,168.391152,137.165244,111.655802,94.437342,78.25125840000003,67.15858840000001,58.02231579999999,51.48128180000001,45.39070720000001,42.14673980000001,41.0597838,40.0434764,36.15168300000001,32.0600212,27.8462902,21.3533126,16.2041698,12.2333715,9.4278359,7.263261999999999,5.497495600000001,3.2087924,1.7148221,1.0337801,0.0,0.0,0,0,0,0,0,0,0,0,0,0,0.0,0.0,0.0
30715>30714,524,524,BDSu,Bond Street,Bond Street // Central // WB,524,BDSu,Bond Street,Bond Street // Central // EB,Alight-Interchange-Board,0.0,0.0,0.0,0.0,0.0,0.0,0.0,0.0,0.0,0.0,0.0,0.0,0.0,0.0,0.0,0.0,0.0,0.0,0.0,0.0,0.0,0.0,0.0,0.0,0.0,0.0,0.0,0.0,0.0,0.0,0.0,0.0,0.0,0.0,0.0,0.0,0.0,0.0,0.0,0.0,0.0,0.0,0.0,0.0,0.0,0.0,0.0,0.0,0.0,0.0,0.0,0.0,0.0,0.0,0.0,0.0,0.0,0.0,0.0,0.0,0.0,0.0,0.0,0.0,0.0,0.0,0.0,0.0,0.0,0.0,0.0,0.0,0.0,0.0,0.0,0.0,0.0,0.0,0.0,0.0,0.0,0.0,0.0,0.0,0.0,0.0,0.0,0.0,0.0,0.0,0,0,0,0,0,0,0,0,0,0,0.0,0.0,0.0
30715>30722,524,524,BDSu,Bond Street,Bond Street // Central // WB,524,BDSu,Bond Street,Bond Street // Jubilee // NB,Alight-Interchange-Board,7560.041752700001,134.3101041,512.8406586,1235.43098,2668.417282,1963.090826,1045.951902,0.0,0.7847087400000001,2.66746254,9.33976094,14.31885634,26.04732534,36.75412739999999,44.3978628,47.1543624,53.07130580000001,52.5611298,51.5268554,53.5228614,54.5934858,48.09819400000001,41.934735,35.8359222,28.2858216,22.7579332,23.498052,23.5839438,23.6397562,24.4342684,26.20969100000001,27.5725392,28.1777458,30.3954526,33.178671,33.4476972,33.93873120000001,35.81683080000001,39.1575168,41.6046068,44.764625,47.9105722,53.1683522,56.72823940000001,59.75644620000001,67.2661672,81.42416,89.86010999999999,94.531929,114.389221,124.473707,138.490873,154.650461,182.218032,205.377872,225.398466,246.666972,265.91843,273.6439,263.863286,259.368684,237.260624,215.559682,192.384266,179.30751,169.34282,163.674586,160.702226,158.755016,156.321708,153.58281,152.203968,152.392142,159.000648,165.423126,169.282982,164.368524,150.4809108,133.4568238,114.8701598,90.5251694,71.5738074,58.9061554,43.195157,24.607467,14.4999894,7.9365854,2.2481706,0.0,0.0,0,0,0,0,0,0,0,0,0,0,0.0,0.0,0.0
30715>30723,524,524,BDSu,Bond Street,Bond Street // Central // WB,524,BDSu,Bond Street,Bond Street // Jubilee // SB,Alight-Interchange-Board,1271.64202248,15.54237412,40.84506804000001,367.28818612,409.1116927,234.0799438000001,204.7747577,0.0,0.033254692,1.038214752,1.076220026,3.396421426,3.533969426,3.638423554,2.825870243999999,3.86671267,2.11856185,2.21088923,2.30116591,2.99676442,2.77822992,3.20063754,4.04314528,4.3791849,4.09345684,4.275878840000002,4.580440640000001,5.511032220000001,5.76418764,6.40581764,7.40862944,8.42229264,9.12896054,11.170846,13.9722764,15.473834,15.561483,16.2351044,17.9647864,17.1832496,17.3647408,18.8921856,18.6078828,18.5957884,20.9862028,21.5563996,21.6601326,19.8665547,18.40357310000001,18.7441409,22.4080849,23.79725250000001,26.2508432,30.0181432,34.65372139999999,29.5256252,32.2839776,37.1162168,38.42571880000001,35.04373560000001,40.71714320000001,39.65904920000001,41.620266,43.85840520000001,38.1771857,31.09472336,26.45016536,17.90969776,9.727550360000002,10.01336806,10.8995906,10.5621536,10.7210736,11.6727424,12.9932878,13.0389018,13.2410456,16.03406540000001,26.1995538,27.792551,26.1198261,27.69732430000001,24.33876590000001,12.17508014,7.40856134,6.72386404,2.80528104,1.19993724,0.0,0.0,0,0,0,0,0,0,0,0,0,0,0.0,0.0,0.0
30715>30787,524,524,BDSu,Bond Street,Bond Street // Central // WB,524,BDSu,Bond Street,Bond Street // Elizabeth Line // EB,Alight-Interchange-Board,12.364418140543,0.57557849,0.235098618543,1.1577289028,8.8255432066,1.5603937316,0.010075191,0.0,0.0,0.06951674000000001,0.06951674000000001,0.08383915200000001,0.114729334,0.150129942,0.08784658199999999,0.08784658199999999,0.07352417,0.0474024498,0.0120054797086,0.004772099708600001,0.004772099708600001,0.004772099708600001,3.6379086e-06,0.0,0.0,0.0,0.0,0.0,0.0,0.0,0.0,0.0,0.0,0.0,0.0,0.0,0.0,0.0,0.0,0.0,0.0,0.0,0.0,0.0,0.0,0.0,0.061831052,0.2070265,0.2070265,0.33626582,0.3455790308000001,0.4109325728000001,0.3907637328,0.7039187328000001,0.6650247928000002,0.900883242,0.7736986480000001,0.82368854,0.71022313,0.79434808,0.7071187,1.05768864,0.8872543954000001,0.6875648054000001,0.5130944754000001,0.3551521954,0.0045822554,0.0,0.0,0.0,0.0,0.0,0.0,0.0,0.0,0.0,0.0,0.0,0.0,0.0020150382,0.0020150382,0.0020150382,0.0020150382,0.0020150382,0.0,0.0,0.0,0.0,0.0,0.0,0,0,0,0,0,0,0,0,0,0,0.0,0.0,0.0
30715>30788,524,524,BDSu,Bond Street,Bond Street // Central // WB,524,BDSu,Bond Street,Bond Street // Elizabeth Line // WB,Alight-Interchange-Board,1139.38316339,35.06402194,85.72376390000001,282.39986276,426.2555967,251.9317288,58.00818929,0.0,0.3486994800000001,1.36893588,4.24775728,5.20294278,6.99594558,8.6602175,8.23952344,9.33913204,9.81061614,8.551394740000001,10.22360714,10.675172,7.703939599999999,6.552116799999999,6.908925680000001,3.850429880000001,4.14878988,3.5314335,4.428206500000001,4.49791952,5.128752520000001,5.06933364,6.46634242,7.129026220000001,8.17894032,8.428626920000001,9.5680482,9.7029058,10.8549982,10.08302486,10.86119766,10.17745426,11.15946426,10.04175246,11.7773617,11.3802375,13.0693941,14.8780825,17.86593970000001,17.179826,22.7821932,22.4771461,23.6418947,26.5556893,30.1816089,31.5697483,37.72456980000001,42.1309266,37.0231854,40.89842820000001,42.58238060000001,38.286435,32.1634036,35.3111768,31.8280442,25.16232,26.4000784,25.638428,24.7194178,21.5340482,20.726436,17.4261826,19.6597402,17.6931746,18.5973384,17.5331418,16.8414228,13.1617654,10.66708018,7.44773678,6.29361752,6.108242519999999,4.31949838,3.910232798,3.216089598,2.345026658,0.2959040580000001,0.131918398,0.111077,0.0,0.0,0.0,0,0,0,0,0,0,0,0,0,0,0.0,0.0,0.0
30722>30510,524,524,BDSu,Bond Street,Bond Street // Jubilee // NB,669,OXCu,Oxford Circus,Oxford Circus // Bakerloo // NB,Alight-Exit-Interchange-Enter-Board,0.0,0.0,0.0,0.0,0.0,0.0,0.0,0.0,0.0,0.0,0.0,0.0,0.0,0.0,0.0,0.0,0.0,0.0,0.0,0.0,0.0,0.0,0.0,0.0,0.0,0.0,0.0,0.0,0.0,0.0,0.0,0.0,0.0,0.0,0.0,0.0,0.0,0.0,0.0,0.0,0.0,0.0,0.0,0.0,0.0,0.0,0.0,0.0,0.0,0.0,0.0,0.0,0.0,0.0,0.0,0.0,0.0,0.0,0.0,0.0,0.0,0.0,0.0,0.0,0.0,0.0,0.0,0.0,0.0,0.0,0.0,0.0,0.0,0.0,0.0,0.0,0.0,0.0,0.0,0.0,0.0,0.0,0.0,0.0,0.0,0.0,0.0,0.0,0.0,0.0,0,0,0,0,0,0,0,0,0,0,0.0,0.0,0.0
30722>30511,524,524,BDSu,Bond Street,Bond Street // Jubilee // NB,669,OXCu,Oxford Circus,Oxford Circus // Bakerloo // SB,Alight-Exit-Interchange-Enter-Board,0.0,0.0,0.0,0.0,0.0,0.0,0.0,0.0,0.0,0.0,0.0,0.0,0.0,0.0,0.0,0.0,0.0,0.0,0.0,0.0,0.0,0.0,0.0,0.0,0.0,0.0,0.0,0.0,0.0,0.0,0.0,0.0,0.0,0.0,0.0,0.0,0.0,0.0,0.0,0.0,0.0,0.0,0.0,0.0,0.0,0.0,0.0,0.0,0.0,0.0,0.0,0.0,0.0,0.0,0.0,0.0,0.0,0.0,0.0,0.0,0.0,0.0,0.0,0.0,0.0,0.0,0.0,0.0,0.0,0.0,0.0,0.0,0.0,0.0,0.0,0.0,0.0,0.0,0.0,0.0,0.0,0.0,0.0,0.0,0.0,0.0,0.0,0.0,0.0,0.0,0,0,0,0,0,0,0,0,0,0,0.0,0.0,0.0
30722>30514,524,524,BDSu,Bond Street,Bond Street // Jubilee // NB,669,OXCu,Oxford Circus,Oxford Circus // Central // EB,Alight-Exit-Interchange-Enter-Board,0.0,0.0,0.0,0.0,0.0,0.0,0.0,0.0,0.0,0.0,0.0,0.0,0.0,0.0,0.0,0.0,0.0,0.0,0.0,0.0,0.0,0.0,0.0,0.0,0.0,0.0,0.0,0.0,0.0,0.0,0.0,0.0,0.0,0.0,0.0,0.0,0.0,0.0,0.0,0.0,0.0,0.0,0.0,0.0,0.0,0.0,0.0,0.0,0.0,0.0,0.0,0.0,0.0,0.0,0.0,0.0,0.0,0.0,0.0,0.0,0.0,0.0,0.0,0.0,0.0,0.0,0.0,0.0,0.0,0.0,0.0,0.0,0.0,0.0,0.0,0.0,0.0,0.0,0.0,0.0,0.0,0.0,0.0,0.0,0.0,0.0,0.0,0.0,0.0,0.0,0,0,0,0,0,0,0,0,0,0,0.0,0.0,0.0
30722>30515,524,524,BDSu,Bond Street,Bond Street // Jubilee // NB,669,OXCu,Oxford Circus,Oxford Circus // Central // WB,Alight-Exit-Interchange-Enter-Board,0.0,0.0,0.0,0.0,0.0,0.0,0.0,0.0,0.0,0.0,0.0,0.0,0.0,0.0,0.0,0.0,0.0,0.0,0.0,0.0,0.0,0.0,0.0,0.0,0.0,0.0,0.0,0.0,0.0,0.0,0.0,0.0,0.0,0.0,0.0,0.0,0.0,0.0,0.0,0.0,0.0,0.0,0.0,0.0,0.0,0.0,0.0,0.0,0.0,0.0,0.0,0.0,0.0,0.0,0.0,0.0,0.0,0.0,0.0,0.0,0.0,0.0,0.0,0.0,0.0,0.0,0.0,0.0,0.0,0.0,0.0,0.0,0.0,0.0,0.0,0.0,0.0,0.0,0.0,0.0,0.0,0.0,0.0,0.0,0.0,0.0,0.0,0.0,0.0,0.0,0,0,0,0,0,0,0,0,0,0,0.0,0.0,0.0
30722>30532,524,524,BDSu,Bond Street,Bond Street // Jubilee // NB,669,OXCu,Oxford Circus,Oxford Circus // Victoria // NB,Alight-Exit-Interchange-Enter-Board,0.0,0.0,0.0,0.0,0.0,0.0,0.0,0.0,0.0,0.0,0.0,0.0,0.0,0.0,0.0,0.0,0.0,0.0,0.0,0.0,0.0,0.0,0.0,0.0,0.0,0.0,0.0,0.0,0.0,0.0,0.0,0.0,0.0,0.0,0.0,0.0,0.0,0.0,0.0,0.0,0.0,0.0,0.0,0.0,0.0,0.0,0.0,0.0,0.0,0.0,0.0,0.0,0.0,0.0,0.0,0.0,0.0,0.0,0.0,0.0,0.0,0.0,0.0,0.0,0.0,0.0,0.0,0.0,0.0,0.0,0.0,0.0,0.0,0.0,0.0,0.0,0.0,0.0,0.0,0.0,0.0,0.0,0.0,0.0,0.0,0.0,0.0,0.0,0.0,0.0,0,0,0,0,0,0,0,0,0,0,0.0,0.0,0.0
30722>30533,524,524,BDSu,Bond Street,Bond Street // Jubilee // NB,669,OXCu,Oxford Circus,Oxford Circus // Victoria // SB,Alight-Exit-Interchange-Enter-Board,0.0,0.0,0.0,0.0,0.0,0.0,0.0,0.0,0.0,0.0,0.0,0.0,0.0,0.0,0.0,0.0,0.0,0.0,0.0,0.0,0.0,0.0,0.0,0.0,0.0,0.0,0.0,0.0,0.0,0.0,0.0,0.0,0.0,0.0,0.0,0.0,0.0,0.0,0.0,0.0,0.0,0.0,0.0,0.0,0.0,0.0,0.0,0.0,0.0,0.0,0.0,0.0,0.0,0.0,0.0,0.0,0.0,0.0,0.0,0.0,0.0,0.0,0.0,0.0,0.0,0.0,0.0,0.0,0.0,0.0,0.0,0.0,0.0,0.0,0.0,0.0,0.0,0.0,0.0,0.0,0.0,0.0,0.0,0.0,0.0,0.0,0.0,0.0,0.0,0.0,0,0,0,0,0,0,0,0,0,0,0.0,0.0,0.0
30722>30701,524,524,BDSu,Bond Street,Bond Street // Jubilee // NB,524,BDSu,Bond Street,Bond Street // EntEx,Alight-Exit,16465.283662,581.352576,5479.854240000001,6167.130373999999,3097.967236,924.4133024000001,214.5659336,2.171814,4.6516628,12.9018222,27.5596592,58.63360920000001,108.9098912,154.3727704,212.151347,272.608006,345.434616,389.360854,479.118146,533.3202900000001,591.2311599999999,584.5536000000002,582.0590060000002,515.22499,463.8337340000002,384.458924,338.650914,298.628998,283.543514,265.437108,262.96339,270.38518,271.77727,273.020524,277.635326,285.91428,279.88424,271.121658,260.980944,262.089184,248.939826,243.33439,242.512258,242.38626,230.492354,233.068776,229.604166,231.974934,228.401642,236.367008,236.667144,240.915392,247.755688,252.976774,259.265558,262.866486,276.33794,275.704144,286.653158,274.189368,267.120648,239.962864,214.219216,177.483574,147.807444,116.659169,95.017823,77.741091,64.1839966,54.25093760000001,46.22078320000001,41.2853404,37.1386132,33.69891320000001,32.9256172,31.27611000000001,27.7057532,24.0735516,21.8608934,18.6274168,16.426859,15.5332082,14.3784114,14.49897,11.7622176,9.075512,5.817696400000001,3.529334,0.0,0.0,0,0,0,0,0,0,0,0,0,0,0.0,0.0,0.0
30722>30714,524,524,BDSu,Bond Street,Bond Street // Jubilee // NB,524,BDSu,Bond Street,Bond Street // Central // EB,Alight-Interchange-Board,1480.24985476,55.71825440000001,392.2800798000001,416.4536168000001,368.5596911,180.03242356,67.2057891,0.28758254,0.60399056,2.76138756,5.277155560000002,9.069493560000002,9.92445442,12.2982774,15.4959128,15.9857372,19.8707262,21.9533732,26.04062560000001,32.6297692,47.3692128,45.9194112,50.3757848,47.623755,39.734827,24.07758560000001,20.699272,16.2137556,15.465438,14.148768,14.7678614,15.1489916,15.0786822,14.6365162,15.1874344,15.6647056,15.1020126,15.4341964,16.1061804,16.01988020000001,15.5453408,15.7533578,15.2320128,14.7267478,14.488599,16.6019296,20.058977,22.988774,25.364595,28.6622912,28.0565692,28.8634906,36.3807006,43.0453918,53.5625496,50.7753228,45.06671732,32.98384762000001,23.08504542,7.828567120000002,14.78732512,14.7279651,17.45276800000001,20.3011362,22.6552059,17.6792865,19.1776122,17.84643400000001,15.6236234,14.3795394,12.781698,11.7924772,10.3122434,9.01967068,8.46349668,9.48901108,10.19466128,10.07739648,10.7245688,8.804767686,6.717643486000003,4.295527812,3.507964892,1.384408692,1.226975206,0.473586206,0.30927748,0.0,0.0,0.0,0,0,0,0,0,0,0,0,0,0,0.0,0.0,0.0
30722>30715,524,524,BDSu,Bond Street,Bond Street // Jubilee // NB,524,BDSu,Bond Street,Bond Street // Central // WB,Alight-Interchange-Board,7081.103642,350.722664,1773.6600062,1478.5441054,1999.7651634,931.5314332,546.8802698,0.0,2.8367356,7.875357600000001,18.2754376,41.17762560000001,69.6009056,93.12145799999999,117.835144,140.871648,160.305208,163.755774,188.270928,192.964832,190.523698,171.9651488,162.1618408,128.3414808,107.4093938,90.38396479999999,76.7060892,64.56463980000001,56.99294260000001,52.68480960000001,48.58497600000001,49.1861998,49.00118620000001,50.07279260000001,51.19221940000001,51.63651800000001,50.6135054,50.67249840000001,50.84311460000001,53.24446180000001,52.70923520000001,53.83893680000001,56.4303108,58.7141654,56.9348534,63.15917,74.285912,84.647002,86.778672,101.3257568,110.4302268,118.5694788,133.6600768,141.7688788,169.25796,175.4899720000001,196.255436,196.254118,207.315426,183.851804,182.329144,153.749034,141.263835,129.889947,114.412181,98.655547,90.11036700000001,77.4718874,66.099652,65.037716,61.6753834,59.0704762,57.49778939999999,56.46979640000001,55.1406904,58.070088,62.2306402,63.07235960000001,66.03553600000001,65.042732,60.27715660000001,49.6743176,43.47526,32.6692026,22.0108166,13.148563,8.482353,2.6912446,0.0,0.0,0,0,0,0,0,0,0,0,0,0,0.0,0.0,0.0
30722>30723,524,524,BDSu,Bond Street,Bond Street // Jubilee // NB,524,BDSu,Bond Street,Bond Street // Jubilee // SB,Alight-Interchange-Board,0.0,0.0,0.0,0.0,0.0,0.0,0.0,0.0,0.0,0.0,0.0,0.0,0.0,0.0,0.0,0.0,0.0,0.0,0.0,0.0,0.0,0.0,0.0,0.0,0.0,0.0,0.0,0.0,0.0,0.0,0.0,0.0,0.0,0.0,0.0,0.0,0.0,0.0,0.0,0.0,0.0,0.0,0.0,0.0,0.0,0.0,0.0,0.0,0.0,0.0,0.0,0.0,0.0,0.0,0.0,0.0,0.0,0.0,0.0,0.0,0.0,0.0,0.0,0.0,0.0,0.0,0.0,0.0,0.0,0.0,0.0,0.0,0.0,0.0,0.0,0.0,0.0,0.0,0.0,0.0,0.0,0.0,0.0,0.0,0.0,0.0,0.0,0.0,0.0,0.0,0,0,0,0,0,0,0,0,0,0,0.0,0.0,0.0
30722>30787,524,524,BDSu,Bond Street,Bond Street // Jubilee // NB,524,BDSu,Bond Street,Bond Street // Elizabeth Line // EB,Alight-Interchange-Board,899.9908805,15.41339358,44.39118037999999,196.38677494,343.6172196000001,157.6531357,142.5291763,0.011049116,0.558601616,0.723187648,0.92260568,2.65496408,3.360153164,3.291866304,3.890965972,4.27485744,3.00584838,3.025502980000001,4.0553084,3.97529442,4.32498972,4.48017042,4.33694568,3.5031767,3.24397388,2.97402216,3.1910902,3.68388674,3.83505218,4.23244008,4.67386212,4.524565600000002,4.13751848,4.39777576,4.607540900000001,4.72003818,5.05232754,5.095094660000001,5.009263160000001,5.199182420000001,4.91284776,5.196685940000001,6.690710040000001,8.57810594,9.85324994,13.7494574,16.8271393,17.0659434,16.5337428,19.6303854,18.1799592,17.6700214,19.71779200000001,21.4032414,24.5785492,30.027533,34.9816018,35.3318724,39.0818244,34.9810454,32.14828660000001,26.9924116,26.70304040000001,22.948196,20.108508,16.0431646,14.2707694,11.6600032,9.3634448,9.910447099999999,10.4519356,10.3863722,10.5222887,10.7008205,11.2871856,11.5981621,13.5633389,13.4177168,18.5422474,19.167522,18.95136320000001,15.92160514,15.23865834,8.195508740000001,4.60869814,2.04509134,1.2792642,0.0,0.0,0.0,0,0,0,0,0,0,0,0,0,0,0.0,0.0,0.0
30722>30788,524,524,BDSu,Bond Street,Bond Street // Jubilee // NB,524,BDSu,Bond Street,Bond Street // Elizabeth Line // WB,Alight-Interchange-Board,4093.096944500001,201.7143104,315.4898914,1065.5630798,1398.5254144,697.8214170000002,413.9828315000001,19.61091,22.54038520000001,25.1412484,30.03550580000001,32.6277568,18.7963618,23.77430780000001,29.1878346,29.2209532,31.93969620000001,31.5871878,29.6109136,27.1951262,26.4858688,25.3915208,24.3623936,23.0100426,21.9711946,22.08943,22.625564,23.3181466,27.329057,27.0375142,28.8820852,31.3903612,34.59458920000001,33.3829868,39.0471594,40.4923818,42.3168368,40.21385479999999,44.7732234,43.217787,46.4144876,45.2109566,49.1503406,46.6318232,49.7307072,52.35011840000001,59.2043284,59.34170480000001,65.0028176,66.3410856,70.18872640000001,79.3666752,92.4833668,92.06001479999999,113.3628408,119.0348808,132.656422,128.856384,148.910078,137.543638,131.891536,112.906764,109.452814,85.89852800000001,74.69770860000001,68.43466459999999,59.65426260000001,53.26486379999999,51.5834408,48.5773082,50.08851980000001,50.8225952,50.717202,50.8985824,53.183741,51.5561766,51.5466346,65.42292859999999,61.51873700000001,60.10044640000001,50.92544820000001,40.95901450000001,17.4463405,11.6944507,2.2840487,0.5286057,0.0,0.0,0.0,0.0,0,0,0,0,0,0,0,0,0,0,0.0,0.0,0.0
30723>30510,524,524,BDSu,Bond Street,Bond Street // Jubilee // SB,669,OXCu,Oxford Circus,Oxford Circus // Bakerloo // NB,Alight-Exit-Interchange-Enter-Board,0.0,0.0,0.0,0.0,0.0,0.0,0.0,0.0,0.0,0.0,0.0,0.0,0.0,0.0,0.0,0.0,0.0,0.0,0.0,0.0,0.0,0.0,0.0,0.0,0.0,0.0,0.0,0.0,0.0,0.0,0.0,0.0,0.0,0.0,0.0,0.0,0.0,0.0,0.0,0.0,0.0,0.0,0.0,0.0,0.0,0.0,0.0,0.0,0.0,0.0,0.0,0.0,0.0,0.0,0.0,0.0,0.0,0.0,0.0,0.0,0.0,0.0,0.0,0.0,0.0,0.0,0.0,0.0,0.0,0.0,0.0,0.0,0.0,0.0,0.0,0.0,0.0,0.0,0.0,0.0,0.0,0.0,0.0,0.0,0.0,0.0,0.0,0.0,0.0,0.0,0,0,0,0,0,0,0,0,0,0,0.0,0.0,0.0
30723>30511,524,524,BDSu,Bond Street,Bond Street // Jubilee // SB,669,OXCu,Oxford Circus,Oxford Circus // Bakerloo // SB,Alight-Exit-Interchange-Enter-Board,0.0,0.0,0.0,0.0,0.0,0.0,0.0,0.0,0.0,0.0,0.0,0.0,0.0,0.0,0.0,0.0,0.0,0.0,0.0,0.0,0.0,0.0,0.0,0.0,0.0,0.0,0.0,0.0,0.0,0.0,0.0,0.0,0.0,0.0,0.0,0.0,0.0,0.0,0.0,0.0,0.0,0.0,0.0,0.0,0.0,0.0,0.0,0.0,0.0,0.0,0.0,0.0,0.0,0.0,0.0,0.0,0.0,0.0,0.0,0.0,0.0,0.0,0.0,0.0,0.0,0.0,0.0,0.0,0.0,0.0,0.0,0.0,0.0,0.0,0.0,0.0,0.0,0.0,0.0,0.0,0.0,0.0,0.0,0.0,0.0,0.0,0.0,0.0,0.0,0.0,0,0,0,0,0,0,0,0,0,0,0.0,0.0,0.0
30723>30514,524,524,BDSu,Bond Street,Bond Street // Jubilee // SB,669,OXCu,Oxford Circus,Oxford Circus // Central // EB,Alight-Exit-Interchange-Enter-Board,0.0,0.0,0.0,0.0,0.0,0.0,0.0,0.0,0.0,0.0,0.0,0.0,0.0,0.0,0.0,0.0,0.0,0.0,0.0,0.0,0.0,0.0,0.0,0.0,0.0,0.0,0.0,0.0,0.0,0.0,0.0,0.0,0.0,0.0,0.0,0.0,0.0,0.0,0.0,0.0,0.0,0.0,0.0,0.0,0.0,0.0,0.0,0.0,0.0,0.0,0.0,0.0,0.0,0.0,0.0,0.0,0.0,0.0,0.0,0.0,0.0,0.0,0.0,0.0,0.0,0.0,0.0,0.0,0.0,0.0,0.0,0.0,0.0,0.0,0.0,0.0,0.0,0.0,0.0,0.0,0.0,0.0,0.0,0.0,0.0,0.0,0.0,0.0,0.0,0.0,0,0,0,0,0,0,0,0,0,0,0.0,0.0,0.0
30723>30515,524,524,BDSu,Bond Street,Bond Street // Jubilee // SB,669,OXCu,Oxford Circus,Oxford Circus // Central // WB,Alight-Exit-Interchange-Enter-Board,0.0,0.0,0.0,0.0,0.0,0.0,0.0,0.0,0.0,0.0,0.0,0.0,0.0,0.0,0.0,0.0,0.0,0.0,0.0,0.0,0.0,0.0,0.0,0.0,0.0,0.0,0.0,0.0,0.0,0.0,0.0,0.0,0.0,0.0,0.0,0.0,0.0,0.0,0.0,0.0,0.0,0.0,0.0,0.0,0.0,0.0,0.0,0.0,0.0,0.0,0.0,0.0,0.0,0.0,0.0,0.0,0.0,0.0,0.0,0.0,0.0,0.0,0.0,0.0,0.0,0.0,0.0,0.0,0.0,0.0,0.0,0.0,0.0,0.0,0.0,0.0,0.0,0.0,0.0,0.0,0.0,0.0,0.0,0.0,0.0,0.0,0.0,0.0,0.0,0.0,0,0,0,0,0,0,0,0,0,0,0.0,0.0,0.0
30723>30532,524,524,BDSu,Bond Street,Bond Street // Jubilee // SB,669,OXCu,Oxford Circus,Oxford Circus // Victoria // NB,Alight-Exit-Interchange-Enter-Board,0.0,0.0,0.0,0.0,0.0,0.0,0.0,0.0,0.0,0.0,0.0,0.0,0.0,0.0,0.0,0.0,0.0,0.0,0.0,0.0,0.0,0.0,0.0,0.0,0.0,0.0,0.0,0.0,0.0,0.0,0.0,0.0,0.0,0.0,0.0,0.0,0.0,0.0,0.0,0.0,0.0,0.0,0.0,0.0,0.0,0.0,0.0,0.0,0.0,0.0,0.0,0.0,0.0,0.0,0.0,0.0,0.0,0.0,0.0,0.0,0.0,0.0,0.0,0.0,0.0,0.0,0.0,0.0,0.0,0.0,0.0,0.0,0.0,0.0,0.0,0.0,0.0,0.0,0.0,0.0,0.0,0.0,0.0,0.0,0.0,0.0,0.0,0.0,0.0,0.0,0,0,0,0,0,0,0,0,0,0,0.0,0.0,0.0
30723>30533,524,524,BDSu,Bond Street,Bond Street // Jubilee // SB,669,OXCu,Oxford Circus,Oxford Circus // Victoria // SB,Alight-Exit-Interchange-Enter-Board,0.440858,0.440858,0.0,0.0,0.0,0.0,0.0,0.1102145,0.1102145,0.1102145,0.1102145,0.0,0.0,0.0,0.0,0.0,0.0,0.0,0.0,0.0,0.0,0.0,0.0,0.0,0.0,0.0,0.0,0.0,0.0,0.0,0.0,0.0,0.0,0.0,0.0,0.0,0.0,0.0,0.0,0.0,0.0,0.0,0.0,0.0,0.0,0.0,0.0,0.0,0.0,0.0,0.0,0.0,0.0,0.0,0.0,0.0,0.0,0.0,0.0,0.0,0.0,0.0,0.0,0.0,0.0,0.0,0.0,0.0,0.0,0.0,0.0,0.0,0.0,0.0,0.0,0.0,0.0,0.0,0.0,0.0,0.0,0.0,0.0,0.0,0.0,0.0,0.0,0.0,0.0,0.0,0,0,0,0,0,0,0,0,0,0,0.0,0.0,0.0
30723>30701,524,524,BDSu,Bond Street,Bond Street // Jubilee // SB,524,BDSu,Bond Street,Bond Street // EntEx,Alight-Exit,6801.433275043998,248.177951344,2530.184395,2628.2873898,1062.2695782,286.4295911200001,46.08436958000001,0.465363886,2.637506086,5.860192486000002,11.328357686,28.7914576,47.2054388,64.6304926,87.2591422,118.011891,137.218624,163.051456,190.769222,232.105472,251.880178,271.452146,271.9961520000001,270.230366,236.641766,206.332246,180.494876,163.936294,145.49793,136.8188368,136.8930788,132.5732608,128.2507348,123.6477448,121.01567,117.638434,111.723081,106.199138,102.253942,100.2890092,95.96634720000002,93.3056142,92.5063212,93.0548784,89.9157732,87.13382320000001,87.09973919999999,89.1149944,89.9220042,91.2362422,92.2944982,92.64404420000001,91.176763,87.2420188,88.24775600000002,90.701219,94.84553780000002,94.04149179999999,97.722873,93.2721798,88.14028080000001,76.17865900000002,68.05675500000001,55.94456899999999,46.95280460000001,38.01446060000001,31.83606360000001,25.6196264,20.196443,16.1757384,13.450721,11.5870536,9.39016808,8.776720620000003,8.48522222,8.07983102,7.497298480000001,7.3586728,6.085230999999999,4.744674699999999,3.26636386,2.07757706,1.27796416,1.68483492,1.27629662,1.16504606,0.9211368000000001,0.6494420999999999,0.0,0.0,0,0,0,0,0,0,0,0,0,0,0.0,0.0,0.0
30723>30714,524,524,BDSu,Bond Street,Bond Street // Jubilee // SB,524,BDSu,Bond Street,Bond Street // Central // EB,Alight-Interchange-Board,8031.0613588,361.8803021,3205.674383200001,2584.808953,1375.9796276,406.442166,96.27592689999999,0.77426786,2.37913886,9.04001486,19.46072946,38.91003066,70.7551588,99.1714638,121.3894978,154.7295292,174.861448,205.207772,240.088762,295.0497440000001,319.3295580000001,347.3328720000001,350.0339620000001,338.8117160000001,300.3196360000001,259.3946120000001,220.514772,181.733822,151.525153,124.191875,120.971879,117.061884,114.424637,113.69187,118.660102,118.143826,112.785385,106.704588,104.47849,102.267578,96.641668,93.445388,93.669104,90.807514,87.2181552,86.04732520000002,88.77367120000002,88.39785520000002,89.80921120000002,89.303852,94.05412,98.547546,104.080971,104.8390842,118.2482942,122.3093622,129.4167622,127.6931644,134.3353052,126.4206542,117.9781934,100.2514534,91.8588372,76.6093676,60.203417,48.96468180000001,42.0541482,33.8707732,26.8985968,25.109627,22.6566776,20.1930416,18.0930978,16.4827428,15.3059946,14.3670982,13.557847,13.1836352,11.75691252,10.61523912,9.20284502,7.745258420000001,5.730626100000001,4.52694378,2.86859078,1.96016668,0.7607640800000001,0.0,0.0,0.0,0,0,0,0,0,0,0,0,0,0,0.0,0.0,0.0
30723>30715,524,524,BDSu,Bond Street,Bond Street // Jubilee // SB,524,BDSu,Bond Street,Bond Street // Central // WB,Alight-Interchange-Board,2094.53681574,99.8321459,696.0590609999999,643.2512294000002,454.9573892000001,150.72039646,49.71659378,0.0,0.5224282,1.68344534,4.368435740000002,11.26501694,18.08342814,27.56807934,36.3413122,49.1783388,56.34842560000001,69.16764559999999,73.81127420000001,77.9406854,73.1752618,69.95808780000002,58.06425540000001,51.82790440000001,43.57402639999999,38.72843380000001,34.2847218,32.6818464,29.8966274,29.42590280000001,28.3727626,26.9261592,25.58785120000001,24.7932598,24.365207,24.2441594,23.5139218,23.3906734,23.666002,23.5722234,23.190796,23.4485482,23.6169638,24.0080946,23.9582934,25.9761764,28.1120196,29.8241324,31.22191440000001,33.2901464,36.16754779999999,38.9171594,41.667025,44.043759,47.1358414,44.62059840000001,42.9357064,40.1646126,37.7602026,32.6536558,31.2887534,27.8685838,25.9014914,22.9026008,20.1535765,16.9473139,15.2373645,12.6769955,10.39399902,9.80842712,9.69843952,8.91528912,8.00951126,7.944106940000001,8.03277228,7.48258188,6.86568868,7.372367639999998,6.46859336,5.46707522,4.52141174,3.82904846,2.60651568,2.078517088,1.504772488,0.946351968,0.481621848,0.09204772800000001,0.0,0.0,0,0,0,0,0,0,0,0,0,0,0.0,0.0,0.0
30723>30722,524,524,BDSu,Bond Street,Bond Street // Jubilee // SB,524,BDSu,Bond Street,Bond Street // Jubilee // NB,Alight-Interchange-Board,0.0,0.0,0.0,0.0,0.0,0.0,0.0,0.0,0.0,0.0,0.0,0.0,0.0,0.0,0.0,0.0,0.0,0.0,0.0,0.0,0.0,0.0,0.0,0.0,0.0,0.0,0.0,0.0,0.0,0.0,0.0,0.0,0.0,0.0,0.0,0.0,0.0,0.0,0.0,0.0,0.0,0.0,0.0,0.0,0.0,0.0,0.0,0.0,0.0,0.0,0.0,0.0,0.0,0.0,0.0,0.0,0.0,0.0,0.0,0.0,0.0,0.0,0.0,0.0,0.0,0.0,0.0,0.0,0.0,0.0,0.0,0.0,0.0,0.0,0.0,0.0,0.0,0.0,0.0,0.0,0.0,0.0,0.0,0.0,0.0,0.0,0.0,0.0,0.0,0.0,0,0,0,0,0,0,0,0,0,0,0.0,0.0,0.0
30723>30787,524,524,BDSu,Bond Street,Bond Street // Jubilee // SB,524,BDSu,Bond Street,Bond Street // Elizabeth Line // EB,Alight-Interchange-Board,1976.879532259999,120.6287938,572.9868174,394.4806495,563.3769020000002,229.6336888,95.77268076000001,0.5596734,1.66892032,3.71641612,7.387020920000001,14.18383792,23.60812912,32.7842022,36.7205938,41.44836780000001,42.825076,45.92168340000001,50.43540740000001,61.8542132,64.85293300000001,66.62756379999999,57.9291688,49.5550424,36.60224779999999,29.86642320000001,25.0686906,24.37830940000001,22.1819478,20.9961488,18.3355748,15.7357382,14.4418758,12.8160966,11.790591,11.9287229,11.6328687,11.6448199,12.3737101,13.2037689,13.6081214,13.8882178,14.7036452,15.2943784,15.55652280000001,16.367089,17.7103748,17.92527040000001,18.1930622,24.2106606,25.56313400000001,28.9970058,34.55217560000001,38.6371324,45.1292656,53.88163840000001,58.19611380000001,59.30469840000002,63.75427360000001,52.94046820000001,47.90008140000001,41.46556140000001,38.61848740000001,30.837278,28.93217660000001,24.1179826,22.6989276,18.7409306,16.8400408,16.5159668,15.1960986,14.1919988,14.0151634,13.8615105,13.6856145,13.6182893,13.2090719,12.1951789,11.2189718,11.951001,10.57129932,8.77758264,6.836696732,4.923931932,1.570250732,0.733129812,0.167276692,0.0,0.0,0.0,0,0,0,0,0,0,0,0,0,0,0.0,0.0,0.0
30723>30788,524,524,BDSu,Bond Street,Bond Street // Jubilee // SB,524,BDSu,Bond Street,Bond Street // Elizabeth Line // WB,Alight-Interchange-Board,636.8197594296233,68.5623064,155.19681708,155.31553962,192.73708212,52.921301,12.08671320962341,0.09791246,3.55358226,4.76356056,8.16526696,10.35972296,13.5383379,13.0760947,15.0078286,14.3942388,17.189327,15.7041612,16.0291356,14.25790908,14.18467438,11.41466298,12.06565768,10.93262588,11.2905918,9.2330704,8.50076228,7.49088688,6.850015559999999,5.794639559999998,6.30721106,5.64550118,5.528791760000002,4.7315059,5.305711000000001,5.097113800000002,5.736096860000001,5.274607660000001,6.12002698,5.86004528,6.60741568,6.26306752,6.93060024,6.08264672,6.12121128,5.50942734,6.365407040000001,6.462674240000001,8.13821342,9.54876626,11.5439564,12.2144816,13.0122968,12.3776282,15.5394482,16.3854248,21.6070708,21.2720208,23.61363040000001,19.38778060000001,16.68891,10.39515126,10.24323866,6.94190254,6.546556140000002,6.311113280000002,5.4680141,4.30350604,4.17855864,3.75326294,3.43978024,3.33525892,3.07879458,2.85456938,2.7099842,2.59294576,2.2064162,2.11301328,1.77095538,1.476656192,0.903402792,0.663011122153932,0.247451705924682,0.112860325924682,1.93924682e-07,1.93924682e-07,6.377075e-08,0.0,0.0,0.0,0,0,0,0,0,0,0,0,0,0,0.0,0.0,0.0
30787>30510,524,524,BDSu,Bond Street,Bond Street // Elizabeth Line // EB,669,OXCu,Oxford Circus,Oxford Circus // Bakerloo // NB,Alight-Exit-Interchange-Enter-Board,0.00010864748,0.0,0.00010864748,0.0,0.0,0.0,0.0,0.0,0.0,0.0,0.0,0.0,0.0,0.0,0.0,0.0,0.0,0.0,0.0,0.0,2.1729496e-05,2.1729496e-05,2.1729496e-05,2.1729496e-05,2.1729496e-05,0.0,0.0,0.0,0.0,0.0,0.0,0.0,0.0,0.0,0.0,0.0,0.0,0.0,0.0,0.0,0.0,0.0,0.0,0.0,0.0,0.0,0.0,0.0,0.0,0.0,0.0,0.0,0.0,0.0,0.0,0.0,0.0,0.0,0.0,0.0,0.0,0.0,0.0,0.0,0.0,0.0,0.0,0.0,0.0,0.0,0.0,0.0,0.0,0.0,0.0,0.0,0.0,0.0,0.0,0.0,0.0,0.0,0.0,0.0,0.0,0.0,0.0,0.0,0.0,0.0,0,0,0,0,0,0,0,0,0,0,0.0,0.0,0.0
30787>30511,524,524,BDSu,Bond Street,Bond Street // Elizabeth Line // EB,669,OXCu,Oxford Circus,Oxford Circus // Bakerloo // SB,Alight-Exit-Interchange-Enter-Board,0.2764854575,0.0,0.0,0.0,0.0,0.05577772936000001,0.22070772814,0.0,0.0,0.0,0.0,0.0,0.0,0.0,0.0,0.0,0.0,0.0,0.0,0.0,0.0,0.0,0.0,0.0,0.0,0.0,0.0,0.0,0.0,0.0,0.0,0.0,0.0,0.0,0.0,0.0,0.0,0.0,0.0,0.0,0.0,0.0,0.0,0.0,0.0,0.0,0.0,0.0,0.0,0.0,0.0,0.0,0.0,0.0,0.0,0.0,0.0,0.0,0.0,0.0,0.0,0.0,0.0,0.0,0.0,0.0,0.0,0.0,0.0,0.0,0.0,0.0,0.00029777912,0.00029777912,0.05518217112000001,0.05518217112000001,0.05529709150000001,0.05499931238000001,0.05499931238000001,0.00011492038,0.00011492038,0.0,0.0,0.0,0.0,0.0,0.0,0.0,0.0,0.0,0,0,0,0,0,0,0,0,0,0,0.0,0.0,0.0
30787>30514,524,524,BDSu,Bond Street,Bond Street // Elizabeth Line // EB,669,OXCu,Oxford Circus,Oxford Circus // Central // EB,Alight-Exit-Interchange-Enter-Board,0.0,0.0,0.0,0.0,0.0,0.0,0.0,0.0,0.0,0.0,0.0,0.0,0.0,0.0,0.0,0.0,0.0,0.0,0.0,0.0,0.0,0.0,0.0,0.0,0.0,0.0,0.0,0.0,0.0,0.0,0.0,0.0,0.0,0.0,0.0,0.0,0.0,0.0,0.0,0.0,0.0,0.0,0.0,0.0,0.0,0.0,0.0,0.0,0.0,0.0,0.0,0.0,0.0,0.0,0.0,0.0,0.0,0.0,0.0,0.0,0.0,0.0,0.0,0.0,0.0,0.0,0.0,0.0,0.0,0.0,0.0,0.0,0.0,0.0,0.0,0.0,0.0,0.0,0.0,0.0,0.0,0.0,0.0,0.0,0.0,0.0,0.0,0.0,0.0,0.0,0,0,0,0,0,0,0,0,0,0,0.0,0.0,0.0
30787>30515,524,524,BDSu,Bond Street,Bond Street // Elizabeth Line // EB,669,OXCu,Oxford Circus,Oxford Circus // Central // WB,Alight-Exit-Interchange-Enter-Board,0.0,0.0,0.0,0.0,0.0,0.0,0.0,0.0,0.0,0.0,0.0,0.0,0.0,0.0,0.0,0.0,0.0,0.0,0.0,0.0,0.0,0.0,0.0,0.0,0.0,0.0,0.0,0.0,0.0,0.0,0.0,0.0,0.0,0.0,0.0,0.0,0.0,0.0,0.0,0.0,0.0,0.0,0.0,0.0,0.0,0.0,0.0,0.0,0.0,0.0,0.0,0.0,0.0,0.0,0.0,0.0,0.0,0.0,0.0,0.0,0.0,0.0,0.0,0.0,0.0,0.0,0.0,0.0,0.0,0.0,0.0,0.0,0.0,0.0,0.0,0.0,0.0,0.0,0.0,0.0,0.0,0.0,0.0,0.0,0.0,0.0,0.0,0.0,0.0,0.0,0,0,0,0,0,0,0,0,0,0,0.0,0.0,0.0
30787>30532,524,524,BDSu,Bond Street,Bond Street // Elizabeth Line // EB,669,OXCu,Oxford Circus,Oxford Circus // Victoria // NB,Alight-Exit-Interchange-Enter-Board,884.4127749800001,69.56419290000001,236.5710977200001,255.68401508,216.196155,80.2392848,26.15802948,0.0,2.8135646,3.77169886,7.66428386,9.93168886,13.31953266,14.30983006,17.753594,17.67583560000001,18.4824914,20.68455,21.5698584,22.8573118,23.02003920000001,23.9236888,22.69762080000001,20.0826304,16.4349998,13.74003866,15.40203286,12.74107646,12.75908586,12.11471536,12.8753195,9.462495100000002,9.508403699999999,8.62366536,9.302663460000002,9.08910266,8.25288598,8.046740380000001,9.43515872,8.423319719999999,8.46937372,8.60200274,9.37902794,9.26041574,10.75773074,10.2608953,11.39192516,11.70294336,13.42153536,14.24191936,17.5616134,18.129874,19.2703154,19.4146098,20.060152,18.3945378,19.9876424,20.0080506,19.2628738,17.376516,17.2436176,14.4793076,12.568658,10.47878888,9.68835528,7.70918948,6.975046400000001,6.701084000000002,6.65856824,6.0156197,6.3663021,5.899645980000002,4.71273498,4.31699676,4.716953,4.2109958,4.123933640000002,4.01649302,3.20277484,2.198831446,1.500700216,1.837894076,1.525323696,1.272198176,1.16817447,1.1007101,0.0,0.0,0.0,0.0,0,0,0,0,0,0,0,0,0,0,0.0,0.0,0.0
30787>30533,524,524,BDSu,Bond Street,Bond Street // Elizabeth Line // EB,669,OXCu,Oxford Circus,Oxford Circus // Victoria // SB,Alight-Exit-Interchange-Enter-Board,637.4641498699999,44.3397635,236.1115334,185.65732494,97.90611074,55.68631594000001,17.76310135,0.0,1.08695746,2.90112086,5.30988566,7.319491660000002,8.74487886,9.005591599999999,9.971837400000002,10.6154594,12.8135918,20.0416698,23.4697278,27.8994818,29.6610892,29.4835048,24.3022296,20.8353162,15.49159,11.6777926,9.8200804,7.526070800000001,7.236490660000001,6.65015166,8.64932826,7.19702882,7.517405420000001,7.524611760000001,8.314122560000001,6.83689062,9.01600766,8.31747556,8.99908536,7.92991736,7.43736098,5.350631180000001,8.50476728,7.550499520000002,7.849629000000001,8.327024320000001,9.48840712,6.563392800000001,7.567138760000002,7.31679714,7.98709034,6.969190940000002,7.358083260000001,7.612319660000002,8.816912599999998,8.204656320000002,9.14220152,9.84662842,9.62487652,8.32684032,8.29416096,7.38043516,6.32980506,5.300668780000001,5.0306107,5.0881512,5.61191386,5.425543460000001,5.875685760000001,5.586808480000001,4.49465902,3.56810068,3.279987160000001,3.03083664,3.3933502,3.3746223,3.19295792,2.94366148,2.43642928,1.70951562,1.324080074,1.139286454,0.7912310140000001,0.336594214,0.304144274,0.21057872,0.0,0.0,0.0,0.0,0,0,0,0,0,0,0,0,0,0,0.0,0.0,0.0
30787>30701,524,524,BDSu,Bond Street,Bond Street // Elizabeth Line // EB,524,BDSu,Bond Street,Bond Street // EntEx,Alight-Exit,6607.732355300001,295.1707106,2618.2097424,2382.2801502,997.0003644,269.0826801000001,45.98870760000001,0.0,3.2523224,12.0058264,21.9074514,35.5211154,53.8515314,70.7292978,97.9031658,116.9880588,136.3390668,181.7263268,207.551278,238.704076,270.337962,299.00115,284.6714800000001,270.138794,234.524372,199.229754,178.9974240000001,154.009984,152.20325,142.7285908,142.6583348,121.9417548,124.1560748,114.263282,114.8438192,109.7813992,108.5515752,94.5300412,93.1763988,86.15012800000002,83.533488,77.49434000000001,80.26575079999999,75.98734400000002,76.64695479999999,69.9329024,70.8571574,68.03926740000001,71.4168834,71.1912954,77.9201338,79.04128560000002,81.03020479999999,79.6039048,83.1337218,83.583753,86.78973820000002,91.4169242,94.53611100000002,89.237494,85.57112599999998,77.02958000000002,66.026521,53.6795796,43.89966520000001,33.493515,27.7377104,23.30482760000001,18.7373478,15.78400906,13.61897766,11.10409066,9.19487966,8.899041060000002,9.6290364,9.3074656,8.450139400000001,7.00412726,5.68376278,3.82670302,2.5768629,2.12795244,2.31853014,1.68787362,1.33761318,1.1052865,0.56239076,0.0,0.0,0.0,0,0,0,0,0,0,0,0,0,0,0.0,0.0,0.0
30787>30714,524,524,BDSu,Bond Street,Bond Street // Elizabeth Line // EB,524,BDSu,Bond Street,Bond Street // Central // EB,Alight-Interchange-Board,1084.828963756,50.4911046,388.2324277,424.6386988000001,126.1040264,77.94646818,17.416238076,0.0,1.1332212,2.7343226,4.433365,5.2150371,10.8369643,11.2173267,14.9208677,16.1527363,18.2187668,26.0730466,29.3015158,34.9818154,41.09441339999999,47.67719879999999,43.7100044,42.4158566,34.7221576,27.43259440000001,26.4523216,21.6232162,22.3937968,22.4938784,25.6089702,21.2980574,20.175846,19.1555318,20.1922172,19.004787,19.0999844,17.6011732,19.2144124,17.0392128,16.6056568,14.4963916,15.8968312,13.1289022,14.617471,13.1072506,14.825724,13.9861874,14.1156194,14.7331472,14.2244336,13.0241702,13.9205412,13.3084479,11.4344535,11.3851349,10.5459261,8.46019896,9.29460006,7.815291160000001,8.248132360000001,9.21003156,9.4570985,9.4435153,9.8105773,9.249443160000002,7.813663900000001,7.653500900000001,5.834541900000001,5.46871032,5.361129740000001,4.914531680000001,3.74729162,4.4958673,4.15369506,3.846205380000001,3.5688376,3.61538934,2.44859586,1.80057767,1.20777599,0.6013860900000001,0.2085029312,0.0640415312,0.0473978412,0.0037639212,0.0037639212,0.0,0.0,0.0,0,0,0,0,0,0,0,0,0,0,0.0,0.0,0.0
30787>30715,524,524,BDSu,Bond Street,Bond Street // Elizabeth Line // EB,524,BDSu,Bond Street,Bond Street // Central // WB,Alight-Interchange-Board,112.1250843891129,5.4280065745,32.45224182,51.30374372599999,14.394064204,6.54865696,1.99837110461293,0.0,0.0022908749,0.0806660829,0.3544825029,0.7242212029,1.0899394029,1.442122168,1.73428434,1.98431932,1.97686032,2.00946442,2.42027932,2.60168374,2.93449586,3.0509529,3.7044056,3.50296512,3.221882480000001,2.6123203,2.43261244,1.70726838,2.42796146,2.53510178,2.57110186,2.68506912,2.96811318,2.19884136,2.20925088,2.32191806,2.5398728,2.29606746,2.12908126,2.02537956,2.04208068,1.824888,1.78191578,1.74681448,1.9519586,1.92632928,1.749823120000001,1.84855074,1.91764178,2.110112,1.788602106,1.779474306,1.553527786,1.774579866,1.258779346,1.3242938,1.30864794,1.18150528,0.767888668,0.855131128,0.837689948,0.7831617280000001,0.9693844079999999,0.97220078,0.8578650999999999,0.8740315600000002,0.7470375,0.5991162280000001,0.498299014,0.41878838,0.31939615,0.342149742,0.308510018,0.30196864,0.309293848,0.303386298,0.395622476,0.3342613226,0.2563348566,0.189141119328,0.201843819328,0.05589798292258601,0.07298687232258601,0.065747230322586,0.065698493594586,0.028725333594586,0.0287253,0.0,0.0,0.0,0,0,0,0,0,0,0,0,0,0,0.0,0.0,0.0
30787>30722,524,524,BDSu,Bond Street,Bond Street // Elizabeth Line // EB,524,BDSu,Bond Street,Bond Street // Jubilee // NB,Alight-Interchange-Board,716.1159403000003,40.4291338,188.38741758,216.94336336,169.77271638,73.45168963999998,27.13161954,0.0,1.19512892,2.38134732,4.418411519999998,5.72993772,7.60916352,7.8920051,11.2031397,12.9119061,14.8927177,17.4521979,20.2921934,19.205993,18.0988396,16.7849896,17.3192296,14.26066712,12.55293172,11.19794512,13.41780672,9.794478520000002,10.2809798,10.13292072,10.81003832,8.03013384,8.55205164,7.76785024,8.522725620000001,7.465806420000002,7.996401900000001,7.048633500000001,8.150995700000001,7.199716720000001,8.56419892,8.281373320000002,9.08470272,8.178989920000001,9.0140788,8.12025326,9.61948446,9.48562012,11.33320692,11.13230092,12.37642106,11.34507706,13.7413438,15.251595,17.6937056,17.50128620000001,18.9580072,17.6428072,15.212045,11.9073349,11.9125421,10.0566407,8.55033162,7.40104362,7.42189552,6.18830012,5.69330362,6.1896726,6.37844712,6.37121702,6.20803882,5.74950532,4.905767920000002,5.5126636,5.431834360000001,5.3360451,5.253047980000002,4.66584102,3.15618626,2.252227320000001,1.73841018,1.41476092,1.18134638,0.95919034,0.79981882,0.3747452200000001,0.0,0.0,0.0,0.0,0,0,0,0,0,0,0,0,0,0,0.0,0.0,0.0
30787>30723,524,524,BDSu,Bond Street,Bond Street // Elizabeth Line // EB,524,BDSu,Bond Street,Bond Street // Jubilee // SB,Alight-Interchange-Board,3786.2421778,222.2778144,1560.929029,968.4831822,684.3699101999999,270.9285029,79.2537391,0.0,4.937146,9.499151199999998,17.1066844,27.274853,39.487371,50.94766900000001,73.0249398,85.81184259999999,93.555376,124.847972,139.738422,154.77162,161.331024,179.003062,165.611262,150.573498,121.504772,102.2050892,81.9750892,61.1130082,58.57680620000001,52.43818880000001,55.31037520000001,47.64869980000001,46.0509382,39.9806716,43.06063380000001,40.1511756,40.382257,38.8068164,38.765341,35.30959760000001,34.77594620000001,31.7574754,33.9517232,32.42385580000001,33.57272039999999,32.2685358,33.81980320000001,32.2444538,34.8612492,34.46505860000001,36.74785120000001,39.3864216,41.37019160000001,47.9626696,58.2365782,63.5262652,68.30666219999999,73.237385,70.6625622,63.36879139999999,59.14273639999999,53.14838640000001,46.0212604,39.3322028,34.1379438,29.9770106,26.80830780000001,24.627226,21.5145006,19.7477747,17.170143,15.090246,12.8388876,14.6835188,15.0007412,15.9493953,14.9354397,13.9758615,10.4509672,8.04758266,4.90891534,4.15635626,3.06407866,1.83735556,1.0623414,0.86544552,0.0,0.0,0.0,0.0,0,0,0,0,0,0,0,0,0,0,0.0,0.0,0.0
30787>30788,524,524,BDSu,Bond Street,Bond Street // Elizabeth Line // EB,524,BDSu,Bond Street,Bond Street // Elizabeth Line // WB,Alight-Interchange-Board,0.0,0.0,0.0,0.0,0.0,0.0,0.0,0.0,0.0,0.0,0.0,0.0,0.0,0.0,0.0,0.0,0.0,0.0,0.0,0.0,0.0,0.0,0.0,0.0,0.0,0.0,0.0,0.0,0.0,0.0,0.0,0.0,0.0,0.0,0.0,0.0,0.0,0.0,0.0,0.0,0.0,0.0,0.0,0.0,0.0,0.0,0.0,0.0,0.0,0.0,0.0,0.0,0.0,0.0,0.0,0.0,0.0,0.0,0.0,0.0,0.0,0.0,0.0,0.0,0.0,0.0,0.0,0.0,0.0,0.0,0.0,0.0,0.0,0.0,0.0,0.0,0.0,0.0,0.0,0.0,0.0,0.0,0.0,0.0,0.0,0.0,0.0,0.0,0.0,0.0,0,0,0,0,0,0,0,0,0,0,0.0,0.0,0.0
30788>30510,524,524,BDSu,Bond Street,Bond Street // Elizabeth Line // WB,669,OXCu,Oxford Circus,Oxford Circus // Bakerloo // NB,Alight-Exit-Interchange-Enter-Board,4.77339848357504,0.281825483,2.3113056584,1.12075999970116,0.30252073425812,0.5678098438453599,0.1891767643704,0.0,0.0,0.0,0.004991063400000001,0.004991063400000001,0.03336681740000001,0.08700344539999999,0.1514730934,0.1659024928,0.1895345096,0.1838267816,0.1698976596,0.1199393656,0.121477924,0.1190126912,0.1587573792,0.2663767012,0.2861119192,0.272167228,0.2583010064,0.2124097954,0.0929891134,0.05874254139999999,0.0721784964,0.077025478,0.06050969797200001,0.032603551972,0.04492065657200001,0.040323995572,0.034406124572,0.03555728740000001,0.035559930063,0.027753954263,0.016321933863,0.010092260863,0.013292444463,0.0171047014,0.0287735746,0.035277447,0.03527842425132,0.04637969085132,0.04256551880784001,0.02638551680784,0.02430786380784,0.02430688655652,0.008848962307,0.01680559275048,0.01680594599792,0.03128990219792,0.04157286859792,0.04157281109636,0.03723609449636,0.03723605292664,0.01390427372664,0.008520737926640001,0.02442060567772,0.11526290427772,0.11526281258356,0.11526281258356,0.11036358645572,0.09446336445571997,6.155049600000001e-07,0.0034310839214,0.003431259028848,0.003431054556688001,0.003439715003888,0.003439523954648,2.1111518648e-05,2.09364112e-05,2.6000016e-05,1.73395688e-05,0.0002506076088,0.000241591924,0.023469879924,0.0234648163192,0.0378170043192,0.0375837362792,0.037580476,0.014352188,0.014352188,0.0,0.0,0.0,0,0,0,0,0,0,0,0,0,0,0.0,0.0,0.0
30788>30511,524,524,BDSu,Bond Street,Bond Street // Elizabeth Line // WB,669,OXCu,Oxford Circus,Oxford Circus // Bakerloo // SB,Alight-Exit-Interchange-Enter-Board,88.41964402300002,14.40088392,33.564008388,18.006886746,17.09586765,4.630266900000001,0.7217304189999999,0.0,1.17823706,1.43950224,1.70892144,2.09751258,2.75942192,2.342032,2.87525668,3.05491886,3.1696024,3.0860521,3.10422684,3.07118378,3.14972624,3.23609442,2.98605044,2.69297564,2.38462364,2.048145554,1.580408474,1.458992714,1.106557894,0.8363318260000001,0.867483212,0.8575600120000001,0.790186872,0.843467592,0.83544794,0.770647408,0.7859095979999999,0.757943198,0.6636600579999999,0.603849498,0.6198509600000001,0.5597656700000001,0.5462214980000001,0.514899062,0.539969782,0.47129256,0.5521851879999999,0.547853116,0.695116132,0.773828592,1.007866364,1.184638776,1.33946106,1.42675004,1.40854212,1.43923098,1.38619946,1.44364568,1.63355104,1.64344672,1.56252518,1.42567028,1.202206314,0.8822525340000001,0.6966056630000002,0.453006597,0.4646557770000001,0.419017869,0.334004269,0.343888288,0.32671656,0.227645032,0.209445619,0.147593758,0.125434934,0.131025788,0.106245424,0.09489925099999999,0.0776046196,0.0818870976,0.04844109760000001,0.0257057096,0.0425311536,0.041000266,0.024130004,0.024130004,0.024130004,0.0,0.0,0.0,0,0,0,0,0,0,0,0,0,0,0.0,0.0,0.0
30788>30514,524,524,BDSu,Bond Street,Bond Street // Elizabeth Line // WB,669,OXCu,Oxford Circus,Oxford Circus // Central // EB,Alight-Exit-Interchange-Enter-Board,0.0,0.0,0.0,0.0,0.0,0.0,0.0,0.0,0.0,0.0,0.0,0.0,0.0,0.0,0.0,0.0,0.0,0.0,0.0,0.0,0.0,0.0,0.0,0.0,0.0,0.0,0.0,0.0,0.0,0.0,0.0,0.0,0.0,0.0,0.0,0.0,0.0,0.0,0.0,0.0,0.0,0.0,0.0,0.0,0.0,0.0,0.0,0.0,0.0,0.0,0.0,0.0,0.0,0.0,0.0,0.0,0.0,0.0,0.0,0.0,0.0,0.0,0.0,0.0,0.0,0.0,0.0,0.0,0.0,0.0,0.0,0.0,0.0,0.0,0.0,0.0,0.0,0.0,0.0,0.0,0.0,0.0,0.0,0.0,0.0,0.0,0.0,0.0,0.0,0.0,0,0,0,0,0,0,0,0,0,0,0.0,0.0,0.0
30788>30515,524,524,BDSu,Bond Street,Bond Street // Elizabeth Line // WB,669,OXCu,Oxford Circus,Oxford Circus // Central // WB,Alight-Exit-Interchange-Enter-Board,0.0,0.0,0.0,0.0,0.0,0.0,0.0,0.0,0.0,0.0,0.0,0.0,0.0,0.0,0.0,0.0,0.0,0.0,0.0,0.0,0.0,0.0,0.0,0.0,0.0,0.0,0.0,0.0,0.0,0.0,0.0,0.0,0.0,0.0,0.0,0.0,0.0,0.0,0.0,0.0,0.0,0.0,0.0,0.0,0.0,0.0,0.0,0.0,0.0,0.0,0.0,0.0,0.0,0.0,0.0,0.0,0.0,0.0,0.0,0.0,0.0,0.0,0.0,0.0,0.0,0.0,0.0,0.0,0.0,0.0,0.0,0.0,0.0,0.0,0.0,0.0,0.0,0.0,0.0,0.0,0.0,0.0,0.0,0.0,0.0,0.0,0.0,0.0,0.0,0.0,0,0,0,0,0,0,0,0,0,0,0.0,0.0,0.0
30788>30532,524,524,BDSu,Bond Street,Bond Street // Elizabeth Line // WB,669,OXCu,Oxford Circus,Oxford Circus // Victoria // NB,Alight-Exit-Interchange-Enter-Board,52.620272404,2.17089898,13.439111794,10.066500236,15.770219318,8.22226588,2.951276195999999,0.0,0.01470254,0.044277628,0.108062668,0.208310016,0.421649496,0.6469355760000001,0.7269610559999999,0.922509316,1.034427948,1.168255368,1.337803748,1.53692076,1.425434874,1.453773034,1.185587588,1.086359468,0.8951895080000001,0.8056723339999999,0.5871778480000001,0.6065609380000001,0.3793779940000001,0.3032093140000001,0.26366211,0.29071559,0.2894053600000001,0.244258704,0.372754024,0.389944192,0.408133014,0.41498516,0.4108896600000001,0.30456617,0.411965132,0.418906708,0.42030394,0.485097586,0.505475186,0.430309766,0.4824114660000001,0.5214222540000001,0.530577168,0.541311988,0.6402568120000001,0.77224578,0.76547984,0.9812941200000004,1.14737939,1.21236388,1.14588214,1.52062584,1.59856202,1.7334119,1.72666444,1.7842111,1.382098868,1.136298508,1.191088508,1.021661552,0.8461547779999999,0.8407897400000002,0.747551174,0.3506433879999999,0.3587503440000001,0.418244066,0.428270096,0.4238622420000001,0.458951484,0.476503804,0.43329282,0.344546394,0.323488832,0.28685562,0.22613085,0.1502171048,0.2140735988,0.1769951408,0.1250585568,0.1041624068,0.08995106800000001,0.0,0.0,0.0,0,0,0,0,0,0,0,0,0,0,0.0,0.0,0.0
30788>30533,524,524,BDSu,Bond Street,Bond Street // Elizabeth Line // WB,669,OXCu,Oxford Circus,Oxford Circus // Victoria // SB,Alight-Exit-Interchange-Enter-Board,436.8058864058888,63.90480310000001,175.86553166,84.69295335999999,74.16344148,25.3938551,12.78530170588887,0.0,0.74793686,4.10712566,6.930120260000002,9.42764146,12.13092866,14.976941,15.5841092,15.6532318,16.7133354,19.091188,19.9945668,20.3687872,20.2211104,18.2078448,14.54979594,11.93360774,8.11973102,6.003495880000001,5.00883668,4.16105,2.96988184,3.17399672,3.60693572,3.9555048,3.90515062,3.7875375,3.78721844,3.21184966,2.83211678,2.9777773,3.05835386,3.00169646,3.3367455,3.21302994,3.35481444,3.472269880000001,3.47841438,3.40836334,4.1336481,3.96088876,4.06416978,3.93712068,3.90441886,3.752669060000001,3.97496282,4.693212280000001,5.47552218,6.541975520000001,7.68364152,8.857583400000001,8.521119800000001,8.12486352,7.18613206,5.550772439999998,3.80098688,3.040573,2.40475558,1.86313814,1.69788218,1.81278262,1.7877155,1.74861664,1.9930322,2.23190394,2.23949496,2.23356076,2.34039958,2.22184274,2.02481734,1.99114222,1.77622742,1.67635172,1.278785094,0.9275328355989202,0.5526306611777752,0.303503261177775,0.032468301177775,1.07177775e-07,5.578854999999999e-09,0.0,0.0,0.0,0,0,0,0,0,0,0,0,0,0,0.0,0.0,0.0
30788>30701,524,524,BDSu,Bond Street,Bond Street // Elizabeth Line // WB,524,BDSu,Bond Street,Bond Street // EntEx,Alight-Exit,16248.49217459999,1088.675182,6349.088121999999,4950.741573999999,2951.862031,749.2489762,158.8762894,0.0,7.098862,24.648068,58.65677400000001,117.027098,211.230834,296.0747760000001,373.93877,453.6298240000002,506.76378,530.059884,569.41148,636.345106,656.616946,655.1836860000001,615.200118,561.182278,465.294652,382.532378,316.86799,282.462518,252.352352,227.622998,221.712592,222.224944,228.368464,222.443506,225.829554,226.14893,223.850524,206.490896,201.05928,192.875072,188.598902,181.744464,186.160182,187.50679,188.416844,178.279634,178.646054,178.27178,180.984898,178.484598,190.205798,199.115844,203.413222,211.67399,227.69441,248.400258,266.407768,292.556486,301.7200860000001,302.0234660000001,272.622624,236.477086,189.756791,150.707849,111.868061,89.67038240000001,72.0297838,60.29729780000001,49.8493672,43.43117000000001,37.1697138,35.50397580000001,34.28049680000001,33.050762,31.3901166,30.3222966,26.6007608,22.8051581,18.3483401,15.6940159,12.43115644,9.72683824,7.62524294,6.233818619999999,4.14153342,2.70022568,1.52783828,0.71906428,0.0,0.0,0,0,0,0,0,0,0,0,0,0,0.0,0.0,0.0
30788>30714,524,524,BDSu,Bond Street,Bond Street // Elizabeth Line // WB,524,BDSu,Bond Street,Bond Street // Central // EB,Alight-Interchange-Board,10.18279396455341,1.808258624,2.8294056772,1.9856449658,3.1720213104,0.3874633406,4.655340585e-08,0.0,0.0,0.0,0.136299348,0.267671768,0.414125908,0.4486342680000001,0.541527332,0.4052279840000001,0.2738555640000001,0.21106208,0.1765537200000001,0.083660656,0.199617656,0.26034878,0.176688124,0.330356124,0.330356124,0.2184616886,0.1632171766,0.1700516062,0.04359234219999999,0.0494436196,0.073762795,0.068276183,0.0737896514,0.04658091540000001,0.04072963800000001,0.012347898,0.028434147,0.0181216294,0.0181216294,0.0181216294,0.0181216294,0.0020353804,0.0,0.0,0.0,0.1556565600000001,0.1556565600000001,0.2234084140000001,0.285018738,0.285018738,0.199355262,0.229989638,0.1653122832,0.1689029192,0.2282466452,0.2964537212,0.4266247451999999,0.423550246,0.400114826,0.3491803826,0.2109802226,0.1176387226,0.1550269586,0.1132614186,0.104852136,0.104852136,0.03738823600000001,0.0,0.0,0.005421882800000001,0.005421882800000001,0.005421882800000001,0.005421882800000001,0.005421882800000001,0.0,0.0,0.0,0.0,0.0,0.0,9.2784732e-09,9.31068117e-09,9.31068117e-09,9.31068117e-09,9.31068117e-09,3.220797e-11,0.0,0.0,0.0,0.0,0,0,0,0,0,0,0,0,0,0,0.0,0.0,0.0
30788>30715,524,524,BDSu,Bond Street,Bond Street // Elizabeth Line // WB,524,BDSu,Bond Street,Bond Street // Central // WB,Alight-Interchange-Board,817.2033907599999,62.58039910000001,383.01146582,138.49032248,171.5110723,46.53296974000001,15.07716132,0.0,0.0,0.0,0.4108613400000001,0.4108613400000001,13.46146734,20.12129014,28.17591894000001,36.97261900000001,44.37962820000001,45.758583,50.28701820000001,46.7918554,41.1160472,38.6447584,26.9767897,17.4571011,14.6778817,11.49215686,8.457027060000001,6.91181556,6.40683196,5.83249966,6.77350342,5.87476476,6.138019760000001,6.31368096,6.32918218,5.89628306,5.9404708,5.319886599999999,5.0333548,5.08183502,5.52694814,5.73014618,6.23763238,6.60304186,6.49058278,6.50902886,5.25979114,4.611561599999999,4.72750264,3.57006598,5.37189238,7.710322980000001,7.103820192000001,10.042943272,13.495246672,18.060460072,20.857525272,22.0225516,22.177947,19.87444226,12.18971026,8.688486260000001,9.28761646,5.82614346,5.45846972,6.16758288,5.054885479999998,3.86890848,3.21611168,3.15311354,2.85700674,2.90822926,2.81166464,2.70896318,2.50189068,2.58258478,2.00978786,1.41636768,1.00475474,0.49370046,0.9925558,1.51399316,1.51399316,1.51399316,1.51399316,0.5214373600000001,0.0,0.0,0.0,0.0,0,0,0,0,0,0,0,0,0,0,0.0,0.0,0.0
30788>30722,524,524,BDSu,Bond Street,Bond Street // Elizabeth Line // WB,524,BDSu,Bond Street,Bond Street // Jubilee // NB,Alight-Interchange-Board,1828.855192700001,175.288876,548.2077584000001,431.5998873999999,418.1089092999999,168.4968186,87.15294300000001,0.0,2.6140942,8.525632600000002,14.6294328,22.5905848,34.29618480000001,43.6017486,49.03119820000001,54.85136720000001,59.39275420000001,60.7954142,64.29460019999999,64.6562822,61.12674360000001,54.65361280000001,43.6859784,30.74994340000001,22.2000426,17.4161428,14.3848768,15.2961062,15.7537626,16.6387548,16.9761972,17.03633880000001,17.4687002,17.4990138,17.4652682,16.8773532,17.2911512,16.7672104,17.7716348,17.4204984,18.0426556,18.721275,21.1161088,21.2958852,22.2069592,21.05336,19.737137,17.4060785,17.7696195,16.06251390000001,17.9263049,20.9154091,23.4410554,27.8503646,34.87603679999999,37.9847968,42.2146584,45.2645348,46.7273308,41.89442400000001,38.58211679999999,32.1344678,26.223714,18.6167936,17.0459414,14.515176,13.1972622,13.1197224,13.079761,12.0694498,13.2557344,13.7039302,13.6191634,13.2962958,12.9775884,12.015459,10.6391054,9.952409800000002,9.8616534,9.0125716,9.612871400000001,8.78743474,7.31865724,4.98853704,3.687876440000001,0.90532684,0.3710401,0.0,0.0,0.0,0,0,0,0,0,0,0,0,0,0,0.0,0.0,0.0
30788>30723,524,524,BDSu,Bond Street,Bond Street // Elizabeth Line // WB,524,BDSu,Bond Street,Bond Street // Jubilee // SB,Alight-Interchange-Board,550.1686668199999,70.9072424,232.866905,140.68843294,70.36343866000001,25.56943873,9.77320909,0.0,0.33812072,0.8222251200000001,3.08424072,6.82533832,14.65965072,20.5636386,24.6140282,31.037516,30.163429,26.0363256,23.7869126,24.793824,18.2236508,17.6337498,15.8734012,14.8086546,10.4463334,10.4626872,9.600420800000002,8.9856672,7.2480112,8.401137599999998,7.9784492,8.02297546,7.73453894,7.421468140000003,5.87743798,5.12390702,4.26953644,4.24005376,4.392770560000002,4.81974744,4.803926000000001,5.421342000000001,4.95593976,4.767284660000001,4.264113740000001,4.63253442,4.60328884,5.40565208,5.84319708,5.776842520000002,5.6986109,5.814161520000001,5.937311020000001,5.830569400000001,6.457232960000002,6.46718638,6.378597460000001,6.00774056,6.09996428,5.90682008,5.674496599999999,5.18729264,4.60206576,3.80803998,3.16141518,2.4832786,1.95642888,1.71158006,1.427474966,1.357472926,1.686798126,1.966044906,1.955173066,2.09246048,1.96327156,1.6409745,1.44346774,1.50476412,1.207566368,1.177238008,0.8857417740000001,0.6686024340000001,0.364977154,0.39759973,0.19459265,0.149735124,0.079057124,0.058892364,0.0,0.0,0,0,0,0,0,0,0,0,0,0,0.0,0.0,0.0
30788>30787,524,524,BDSu,Bond Street,Bond Street // Elizabeth Line // WB,524,BDSu,Bond Street,Bond Street // Elizabeth Line // EB,Alight-Interchange-Board,0.0,0.0,0.0,0.0,0.0,0.0,0.0,0.0,0.0,0.0,0.0,0.0,0.0,0.0,0.0,0.0,0.0,0.0,0.0,0.0,0.0,0.0,0.0,0.0,0.0,0.0,0.0,0.0,0.0,0.0,0.0,0.0,0.0,0.0,0.0,0.0,0.0,0.0,0.0,0.0,0.0,0.0,0.0,0.0,0.0,0.0,0.0,0.0,0.0,0.0,0.0,0.0,0.0,0.0,0.0,0.0,0.0,0.0,0.0,0.0,0.0,0.0,0.0,0.0,0.0,0.0,0.0,0.0,0.0,0.0,0.0,0.0,0.0,0.0,0.0,0.0,0.0,0.0,0.0,0.0,0.0,0.0,0.0,0.0,0.0,0.0,0.0,0.0,0.0,0.0,0,0,0,0,0,0,0,0,0,0,0.0,0.0,0.0
