ID,Complex NLC,From NLC,From ASC,From Station,From Node,To NLC,To ASC,To Station,To Node,Movement,Total,Early,AM Peak,Midday,PM Peak,Evening,Late,0500-0515,0515-0530,0530-0545,0545-0600,0600-0615,0615-0630,0630-0645,0645-0700,0700-0715,0715-0730,0730-0745,0745-0800,0800-0815,0815-0830,0830-0845,0845-0900,0900-0915,0915-0930,0930-0945,0945-1000,1000-1015,1015-1030,1030-1045,1045-1100,1100-1115,1115-1130,1130-1145,1145-1200,1200-1215,1215-1230,1230-1245,1245-1300,1300-1315,1315-1330,1330-1345,1345-1400,1400-1415,1415-1430,1430-1445,1445-1500,1500-1515,1515-1530,1530-1545,1545-1600,1600-1615,1615-1630,1630-1645,1645-1700,1700-1715,1715-1730,1730-1745,1745-1800,1800-1815,1815-1830,1830-1845,1845-1900,1900-1915,1915-1930,1930-1945,1945-2000,2000-2015,2015-2030,2030-2045,2045-2100,2100-2115,2115-2130,2130-2145,2145-2200,2200-2215,2215-2230,2230-2245,2245-2300,2300-2315,2315-2330,2330-2345,2345-0000,0000-0015,0015-0030,0030-0045,0045-0100,0100-0115,0115-0130,0130-0145,0145-0200,0200-0215,0215-0230,0230-0245,0245-0300,0300-0315,0315-0330,0330-0345,0345-0400,0400-0415,0415-0430,0430-0445,0445-0500
30101>30110,1475,511,BSTu,Baker Street,EntEx,511,BSTu,Baker Street,Bakerloo // NB,Enter-Board,1060.11028307,0.10606788,44.71144526,445.12897646,342.3986184,166.9011199,60.86405517,0.0,0.0,0.0,0.0,0.0,0.0,0.0,0.10606788,0.48379498,0.7900311,1.56180496,2.00878362,2.6386316,2.89149884,4.17412304,4.47265598,5.09153178,5.97352372,7.062209380000001,7.56285626,8.15796586,8.804499400000003,9.356287400000001,10.0627022,10.4374064,11.5765042,12.1982858,13.1277628,13.6093244,16.756744,17.729921,20.1146212,20.536922,22.1971362,20.349412,21.7696944,20.8459386,22.32128620000001,22.7730802,24.2899414,25.1462342,28.5542502,31.317982,33.0950744,34.30301100000001,33.3757202,33.08763680000001,31.9366602,31.1325418,29.4581972,29.1643492,26.1070964,25.070402,24.6370174,22.5967167,21.5292695,20.7969055,19.1447889,15.6682451,15.2418314,14.4225866,13.3753868,11.4254506,11.3241516,10.369056,11.2716362,12.0993732,11.761708,11.31473524,12.28250284,9.71761456,8.091235300000001,7.158703640000001,5.770544874,3.410227274,2.126099754,0.8465120140000001,0.145879674,0.0,0.0,0.0,0.0,0.0,0.0,0.0,0.0,0.0,0.0,0.0,0.0,0.0,0.0,0.0,0.0,0.0,0.0
30101>30111,1475,511,BSTu,Baker Street,EntEx,511,BSTu,Baker Street,Bakerloo // SB,Enter-Board,2968.908629700001,0.351683,122.6560698,1728.4086322,733.9812384,303.5474654000001,79.9635409,0.0,0.0,0.0,0.0,0.0,0.0,0.0,0.351683,1.34880072,1.8563524,2.9150138,4.242243599999999,5.409933400000001,6.48478208,9.1581288,11.024364,14.3172338,17.9522228,22.0786824,25.868312,30.6536602,33.4454038,39.37993,46.32726400000001,51.45798720000001,59.93111440000001,68.8613172,73.11401400000003,77.32441700000003,85.671115,84.89726700000001,85.576389,84.6802342,84.9800292,79.55279800000002,80.15446600000001,76.12535600000002,77.509878,77.466346,81.005094,81.683666,89.366592,89.85355600000001,89.390738,87.113428,84.77315279999999,77.33844680000001,73.7070296,66.7279856,60.093289,55.5568006,51.17994960000001,47.45452160000001,45.48199840000001,43.54034420000001,41.0142922,37.8353372,35.621229,32.4344522,28.637507,26.6687222,25.4084222,22.7504842,21.6025644,21.24887480000001,18.550589,17.236558,15.5527252,14.306872,13.0078578,12.6290336,11.6239982,10.44428494,7.82679394,5.57063774,3.32958414,1.22447854,0.0,0.0,0.0,0.0,0.0,0.0,0.0,0.0,0.0,0.0,0.0,0.0,0.0,0.0,0.0,0.0,0.0,0.0,0.0
30101>30120,1475,511,BSTu,Baker Street,EntEx,511,BSTu,Baker Street,H&C and Circle // EB,Enter-Board,2898.274449800001,14.9855323,167.421844,1334.885662,740.6031356000001,416.5301413999999,223.8481345,0.0,0.0,0.0,0.0,1.27071952,2.63951158,5.045434780000001,6.029866420000001,6.950138820000001,6.59972884,6.548492299999999,6.582974900000001,8.33001386,10.34296156,12.96795722,15.9511407,17.97527730000001,20.9498241,24.8424234,29.380911,32.291168,35.98524920000001,38.34602340000001,44.11890400000001,46.5518332,51.2105378,53.42481540000001,56.83851780000001,55.0714042,57.4478642,55.8731616,58.6960524,57.92031440000001,59.80321240000001,59.12316980000002,59.46722580000001,57.92221180000001,60.1522238,60.69770340000001,62.49762200000001,64.601652,68.239549,69.24812820000001,69.3571182,68.6195134,70.11920440000002,66.9732228,65.80306820000001,63.53873760000001,62.3893044,59.79393700000001,58.91192860000001,57.150879,58.42210160000001,55.79428260000001,53.08695600000001,48.00933760000001,46.1304198,41.13507920000001,37.2888206,34.171054,34.35430700000001,31.6465698,29.7422544,29.097166,28.84682380000001,28.7102566,27.3980526,26.9292856,26.447696,25.1357954,23.8538648,22.7870488,21.9868864,23.498398,19.91822958,14.97040778,10.92393978,6.71667918,0.67990318,0.0,0.0,0.0,0.0,0.0,0.0,0.0,0.0,0.0,0.0,0.0,0.0,0.0,0.0,0.0,0.0
30101>30121,1475,511,BSTu,Baker Street,EntEx,511,BSTu,Baker Street,H&C and Circle // WB,Enter-Board,1850.013886,21.649743,133.1678307,849.9399877999998,454.6160492000001,228.3532846,162.2869907,0.0,0.0,0.0,0.0,0.0,0.8529675999999999,7.036437400000001,13.760338,15.32894904,15.72092358,15.60861474,11.24453854,6.011306540000001,6.1666558,7.14242656,9.007177800000003,9.883365199999998,10.5907972,12.0990073,14.3640684,15.419003,16.6236238,19.7418048,23.06808920000001,24.60993300000001,29.0100956,32.6989884,34.4708868,34.41917400000001,37.7459704,36.96352520000001,36.82848060000001,36.55773060000001,38.280628,36.8196164,36.798028,39.867384,42.1222554,42.0759084,44.8737348,46.38153579999999,46.9254238,47.70678760000001,49.9313802,48.7340124,47.9705366,43.7033174,43.1248712,39.4935052,37.71583260000001,36.7212014,36.193465,32.4443924,31.5409684,29.45972260000001,27.514224,24.87487700000001,24.54181120000001,22.2330736,21.4259206,19.475579,19.4423034,17.0643968,16.9963666,15.8529146,15.7798898,15.2708272,15.3953248,15.5627294,16.612103,18.0252494,17.3781302,18.8646068,19.4933074,17.10768728,12.76042606,12.03161526,7.60546706,3.31303466,1.81791098,1.7147232,0.0,0.0,0.0,0.0,0.0,0.0,0.0,0.0,0.0,0.0,0.0,0.0,0.0,0.0,0.0
30101>30122,1475,511,BSTu,Baker Street,EntEx,511,BSTu,Baker Street,Jubilee // NB,Enter-Board,1116.11700322,23.16336938,39.68217194,455.4176135,334.3035296,177.5078646,86.04245420000002,1.5594705,1.82308962,3.02764694,3.508497500000001,3.592940560000001,3.37610962,3.486976620000001,2.78863802,2.08416602,1.97917922,1.96120802,2.0183995,1.88091382,2.24215224,2.62708804,3.10057016,4.11290976,5.037879800000002,5.658468580000001,6.979236780000001,7.78626784,8.707783240000001,10.03971416,11.22512208,11.68408538,13.0868377,14.3587917,15.3640369,16.4487533,18.6268794,20.8199112,21.4768902,22.49714740000001,23.3681936,22.6308924,21.28894720000001,21.1086494,21.2334594,21.89700980000001,22.7414022,23.519303,26.553456,28.5146896,30.4393904,31.5876752,32.5351898,31.4630954,30.690866,28.6095756,27.346333,27.4212902,26.32045560000001,25.44854440000001,25.7051976,24.4666188,22.708688,21.038036,19.4247626,17.0085588,16.67649620000001,15.0149126,14.1923294,13.3250492,13.181082,11.9374412,11.9462688,12.2832876,11.4796402,10.913292,11.2350524,10.8537426,9.6374842,9.207008,8.312206,8.3827032,6.566066000000001,4.963149,3.5847868,2.386964,0.0,0.0,0.0,0.0,0.0,0.0,0.0,0.0,0.0,0.0,0.0,0.0,0.0,0.0,0.0,0.0,0.0
30101>30123,1475,511,BSTu,Baker Street,EntEx,511,BSTu,Baker Street,Jubilee // SB,Enter-Board,5053.69935604,109.80774482,286.5381896,2483.014998200001,1224.536019,678.1275086,271.67489582,4.249030980000001,6.408332980000001,9.11878138,12.45700438,17.5965905,19.6346538,20.49099,19.8523608,17.6649842,13.4433812,12.2830404,12.940787,15.4472596,18.46406540000001,20.85119700000001,25.5087442,28.95384940000001,32.9329742,38.906607,49.14130000000001,53.0908846,59.35807860000001,67.356178,77.13740200000002,82.87019400000001,93.24348,99.50559799999999,104.54912,103.719538,113.857838,116.3453892,120.5023612,118.2408232,119.3162002,108.6345362,105.0172862,103.1520182,107.2729102,110.6809452,114.8055792,120.21097,125.890784,129.145444,129.11144,126.449554,120.608966,117.459564,112.647686,105.449118,102.252549,100.747919,93.520651,88.36034699999999,89.23028500000002,86.48171599999998,81.327664,74.0831708,71.79773680000002,64.86501200000001,58.66585140000001,53.9450994,55.16949860000001,52.52659660000001,50.8184574,49.62301,50.16995200000001,49.57836680000001,46.88475680000001,43.0139952,41.69868320000001,39.22854580000001,34.08189460000001,30.7046988,28.4923396,21.8536636,15.085881,9.6015614,3.8598332,0.0,0.0,0.0,0.0,0.0,0.0,0.0,0.0,0.0,0.014645113,0.0258469246,0.04288905060000001,0.049990056,0.0977145,0.118461327,1.2484792354,1.2314371094,1.224336104
30101>30124,1475,511,BSTu,Baker Street,EntEx,511,BSTu,Baker Street,Metropolitan // NB,Enter-Board,2210.3321793,5.082467500000001,96.18538720000001,822.2363696000002,665.9020796000001,403.2860584000001,217.639817,0.0,0.0,0.0,0.0,0.0,0.4699277400000001,1.70600342,2.90653634,4.41898866,5.466903540000001,5.863931460000001,5.957811940000001,6.38897022,6.657781700000001,7.54734012,9.32080446,10.4827291,10.3152671,10.9302795,12.8345794,12.8216352,13.7937242,15.5621122,17.781226,17.802416,19.8800996,21.8611368,25.0549736,26.6792412,31.7809494,35.63688320000001,38.73172140000001,39.4726204,40.5889028,40.80374800000001,40.11872080000001,38.86317500000001,40.24899120000001,42.69902920000001,44.95002340000001,47.26337540000001,52.48273400000001,57.54881480000001,59.81011580000001,59.97281940000001,61.08954540000001,61.15563460000001,58.81568000000001,57.269133,55.84402859999999,55.67943860000001,54.34467600000001,53.36125920000001,51.43610820000001,50.05161560000001,46.882141,42.39602120000001,39.4090598,37.5212494,36.32313600000001,34.5137642,33.7551024,33.5306172,32.6943402,30.0918424,29.2157712,28.0444968,25.79065760000001,24.45622,23.1815168,21.8333936,20.958173,19.312491,17.8026948,20.49237,21.477004,17.533296,14.3483852,11.3211254,4.9231472,0.0,0.0,0.0,0.0,0.0,0.0,0.0,0.0,0.0,0.0,0.0,0.0,0.0,0.0,0.0,0.0
30101>30125,1475,511,BSTu,Baker Street,EntEx,511,BSTu,Baker Street,Metropolitan // SB,Enter-Board,2469.858695899999,0.9822325799999999,138.97173632,1213.3317376,677.4892010000002,342.3826982,96.7010902,0.0,0.0,0.0,0.0,0.0,0.0,0.288798,0.6934345799999999,1.79042238,2.60167438,3.90996538,5.39808858,7.4611296,9.0290808,11.2834718,14.3277764,16.5557242,18.7352454,21.907933,25.9712244,28.5357682,31.2767692,34.4080244,39.2513564,42.437096,46.86930120000001,49.43866720000001,52.0933018,52.7007716,54.87820960000001,52.77491759999999,54.484416,55.00284420000001,54.85656379999999,52.9370878,54.55256120000001,52.878016,53.40026480000001,54.2081748,56.1105822,56.30375740000001,60.1990722,61.14987400000001,62.58434000000001,61.92544059999999,64.1680594,62.6951814,62.53039720000001,60.45353920000001,59.21966219999999,56.5217548,54.71500680000001,51.99120360000001,50.89534760000001,47.61281500000001,44.7607932,40.46629620000001,38.7653412,34.93274940000001,33.353425,29.62667980000001,29.33917080000001,26.5872666,24.3615072,22.2948058,22.2392602,20.4072208,20.0089752,17.929108,16.5603966,15.6586082,13.8151062,11.1444366,9.070845,6.785847800000001,3.7225362,2.0142056,0.0,0.0,0.0,0.0,0.0,0.0,0.0,0.0,0.0,0.0,0.0,0.0,0.0,0.0,0.0,0.0,0.0,0.0,0.0
30110>30101,1475,511,BSTu,Baker Street,Bakerloo // NB,511,BSTu,Baker Street,EntEx,Alight-Exit,1862.98159915,0.0,164.7214724,1037.7657524,382.926498,229.9415754,47.62630095000001,0.0,0.0,0.0,0.0,0.0,0.0,0.0,0.0,1.43878946,5.46748666,7.60266826,8.5300534,10.7664454,11.44600114,10.33947114,13.42605474,18.1070024,22.0384246,25.753859,29.8052162,31.4547896,34.65293279999999,37.2931882,40.603968,42.294632,44.8667778,45.35662980000001,45.97932220000001,47.1043488,48.38681939999999,50.55353160000001,51.7418648,52.2718088,52.10145,52.35722240000001,48.70118460000001,46.62068220000001,44.2604742,41.41166500000001,38.09691760000001,35.82450400000001,34.4667602,35.3429702,36.02130820000001,36.2145118,36.96021939999999,36.58094240000001,34.6005472,32.8922414,31.88575720000001,30.8955336,30.235763,29.4701692,28.6458486,27.9733282,26.57163600000001,23.604227,21.50944,19.2568662,16.1850842,20.6062452,20.2149378,23.5103578,22.52510340000001,22.0291626,15.5974682,14.8791234,10.0235596,9.5586138,9.2231442,8.468935080000001,7.21500284,5.346438880000001,3.83625683,2.33756623,1.06677175,0.39039779,0.18317355,0.0,0.0,0.0,0.0,0.0,0.0,0.0,0.0,0.0,0.0,0.0,0.0,0.0,0.0,0.0,0.0,0.0,0.0
30110>30120,1475,511,BSTu,Baker Street,Bakerloo // NB,511,BSTu,Baker Street,H&C and Circle // EB,Alight-Interchange-Board,27.47099415529425,0.0,2.343798706294248,8.476830326,10.491448398,4.704018286,1.454898439,0.0,0.0,0.0,0.0,0.0,0.0,0.0,0.0,0.06472992799999999,0.101845306,0.310790206,0.339723874,0.3500906460000001,0.2853607202588497,0.3055949582588496,0.1136466882588496,0.09481795825884963,0.1038647512588496,0.149734037,0.123599633,0.131186659,0.155154731,0.187027326,0.187848848,0.189454988,0.1938753060000001,0.198323086,0.2124479820000001,0.203145312,0.2295443640000001,0.324458696,0.362482698,0.330234066,0.331984694,0.337696242,0.301839012,0.304106956,0.352884972,0.419124974,0.5208024880000001,0.6038065720000001,0.6623319860000001,0.8517088060000001,0.8853595620000001,0.9448849360000002,0.982981676,1.016352146,0.8429388859999999,0.99719948,0.90750121,0.86954905,0.8607330100000001,0.96633979,0.75685191,0.7359720340000001,0.61014427,0.4671064168,0.2959519308,0.3304924248,0.2709797668,0.3592365788,0.3987024220000001,0.535000068,0.4780286660000001,0.4358169830000001,0.363810255,0.4241117250000001,0.3447810490000001,0.3698025670000001,0.367078914,0.305446854,0.1868248140000001,0.118672578,0.034535708,0.023427008,0.023427008,0.023427008,0.00225598,0.0,0.0,0.0,0.0,0.0,0.0,0.0,0.0,0.0,0.0,0.0,0.0,0.0,0.0,0.0,0.0,0.0,0.0
30110>30121,1475,511,BSTu,Baker Street,Bakerloo // NB,511,BSTu,Baker Street,H&C and Circle // WB,Alight-Interchange-Board,859.6529695399997,0.0,28.8604554,342.9400649,268.6632708,165.7559227,53.43325574,0.0,0.0,0.0,0.0,0.0,0.0,0.0,0.0,0.26439946,0.5146608800000001,0.958879,1.31575326,1.74203286,1.85184654,1.97269554,2.03750538,2.97442092,4.07377666,5.12607042,6.02841448,7.173031519999999,7.441015400000001,8.38528606,9.47873276,10.51707048,10.63340468,12.0526706,12.0516426,11.8717024,12.7304136,14.4192104,14.246702,14.2848294,15.27632,15.5686958,15.827861,16.3463348,16.984109,17.85278240000001,17.9284012,17.97360800000001,19.9430496,21.6104224,22.3427688,22.61124340000001,23.238014,21.90654,21.1309252,20.3595354,21.0311052,21.9751068,23.3997346,23.9147598,24.0832526,23.5042512,21.50880260000001,18.852131,16.9109772,15.7473308,14.0802317,13.5472235,13.5941481,13.7889749,12.8816129,12.6483254,12.096537,11.3475414,10.2608888,10.1017694,9.35393994,8.15995854,7.393197280000001,6.66867508,4.692470028,3.441145088,2.381451488000001,1.117354948,0.123293948,0.0,0.0,0.0,0.0,0.0,0.0,0.0,0.0,0.0,0.0,0.0,0.0,0.0,0.0,0.0,0.0,0.0,0.0
30110>30122,1475,511,BSTu,Baker Street,Bakerloo // NB,511,BSTu,Baker Street,Jubilee // NB,Alight-Interchange-Board,1850.6669832,0.0,50.2237763,497.8081342,627.2803782,461.8568882,213.4978063,0.0,0.0,0.0,0.0,0.0,0.0,0.0,0.0,1.1081986,2.927338600000001,3.692412720000001,4.50754104,5.1543264,4.82599826,4.00966466,4.07416034,4.29939972,4.92118576,5.0407577,5.6627925,5.930334299999998,6.4541795,7.161638700000001,8.1617439,8.643479500000002,9.629116499999999,10.4899234,11.3279028,12.815886,14.3257642,16.7237568,18.8848244,20.4055022,21.3146012,23.049407,24.7551392,26.1854642,28.1773568,29.867131,31.7532932,34.2913934,37.5300316,42.5957512,47.3345132,50.00948260000001,51.251017,50.999247,48.6231282,47.9357342,47.6806332,49.85853239999999,52.30574379999999,54.94662360000001,56.75924300000001,59.1426522,57.76834100000001,54.8753334,52.0635636,47.2062286,40.3721458,36.6525666,34.418261,32.4738114,32.22703300000001,33.96611060000001,33.01904020000001,33.9885822,30.5942118,30.3896198,35.9560094,34.946761,33.8859428,31.11480404000001,25.14670818,12.63462318,7.540825180000001,1.30892258,0.5735901400000001,0.0,0.0,0.0,0.0,0.0,0.0,0.0,0.0,0.0,0.0,0.0,0.0,0.0,0.0,0.0,0.0,0.0,0.0
30110>30123,1475,511,BSTu,Baker Street,Bakerloo // NB,511,BSTu,Baker Street,Jubilee // SB,Alight-Interchange-Board,24.4250873950821,0.0,1.716234809494,10.906536473206,7.663764430000001,2.540750782,1.5978009003821,0.0,0.0,0.0,0.0,0.0,0.0,0.0,0.0,0.00581979,0.04486119,0.044899225534,0.05236188753400001,0.08001622753399999,0.08513510653400001,0.162968914534,0.263869239,0.256416726206,0.257414544206,0.2662000312060001,0.196271927206,0.221179507206,0.361408838,0.35993993,0.5049559140000001,0.528654434,0.484289134,0.37471683,0.47729847,0.366899414,0.46298185,0.48945371,0.5510490880000001,0.521437406,0.509822896,0.388318138,0.361753146,0.426946452,0.413873284,0.45402806,0.4728827900000001,0.503581982,0.5196555920000001,0.547609252,0.603800356,0.6787429580000001,0.7805229779999999,0.7155813480000001,0.7585697880000001,0.7391608460000001,0.6792294420000001,0.5632112979999999,0.628031812,0.6085444520000001,0.5713363960000001,0.5110550260000001,0.4297780860000001,0.274000624,0.1414580014000001,0.07828429640000001,0.09967936039999999,0.0876642844,0.1421710044,0.170102831,0.218219824,0.24240462,0.279048808,0.350903936,0.456813192,0.426490844,0.406779488,0.3755810528000001,0.2315883128,0.09194003262,0.05486370487642001,0.01018734087642,0.0001850280764200001,0.0001850280764200001,6.825641999999999e-08,0.0,0.0,0.0,0.0,0.0,0.0,0.0,0.0,0.0,0.0,0.0,0.0,0.0,0.0,0.0,0.0,0.0,0.0
30110>30124,1475,511,BSTu,Baker Street,Bakerloo // NB,511,BSTu,Baker Street,Metropolitan // NB,Alight-Interchange-Board,4322.5234056,0.0,66.37126492000002,1198.47165738,1585.092477,1143.178827,329.4091793,0.0,0.0,0.0,0.0,0.0,0.0,0.0,0.0,1.992783,4.0426892,5.41453368,6.46126038,7.610251099999998,6.14872082,4.61904842,4.83825174,5.36416174,5.448116560000001,6.176524640000001,8.254923640000001,9.974337640000002,12.92639394,17.3226204,22.4093002,26.68570140000001,30.4481828,33.652129,37.2989122,40.9978764,42.7850792,46.6584532,49.741668,50.25948280000001,50.0801348,54.320462,55.84884200000001,58.54151,62.50444399999999,67.0330642,71.12479420000001,79.181211,85.991219,92.696887,99.988952,106.511334,108.379335,113.993821,120.328789,127.452737,132.153655,142.602806,146.843556,151.817594,149.520334,147.47301,138.015506,127.6420672,114.0488982,106.8829142,99.2273674,95.8691006,93.2174754,92.2244592,90.67457120000002,87.62010000000002,82.37246080000001,79.1124808,74.28693200000002,67.59342679999999,62.44273520000001,53.0982922,46.0053374,37.58209400000001,27.55334186,17.24378146,11.80336846,5.01160126,1.07520066,0.0,0.0,0.0,0.0,0.0,0.0,0.0,0.0,0.0,0.0,0.0,0.0,0.0,0.0,0.0,0.0,0.0,0.0
30110>30125,1475,511,BSTu,Baker Street,Bakerloo // NB,511,BSTu,Baker Street,Metropolitan // SB,Alight-Interchange-Board,73.436363683,0.0,0.7102617928,28.8727724632,28.035611116,13.086699604,2.731018707000001,0.0,0.0,0.0,0.0,0.0,0.0,0.0,0.0,0.0,0.0,0.0,0.0,0.0,0.0,0.0,0.045816108,0.0530003012,0.09168477119999999,0.2121281912,0.3076324212,0.3421944692,0.435075556,0.5821317960000001,0.5822810360000001,0.6323330060000001,0.6627488580000002,0.7719584580000002,0.7973107280000001,0.8461842280000001,0.937189368,1.22313292,1.24828668,1.205025108,1.224780628,1.177289208,1.176707288,1.228624788,1.41683584,1.52177594,1.91508662,1.98375414,2.14952844,2.2847157,2.52782166,2.44244796,2.607276440000001,2.47268668,2.37966658,2.50674896,2.51684612,2.29065868,2.56697794,2.52583496,2.20196248,1.820366728,1.704137588,1.297294508,1.163873408,1.009200708,1.1991504,1.1585833,1.20734564,1.23280894,1.2448803,1.034806448,0.98208566,0.857269886,0.699400406,0.501524106,0.456185248,0.5080344960000001,0.3992238594000001,0.3079844994000001,0.3079844994000001,0.2479392094000001,0.0021427894,0.0,0.0,0.0,0.0,0.0,0.0,0.0,0.0,0.0,0.0,0.0,0.0,0.0,0.0,0.0,0.0,0.0,0.0,0.0,0.0
30111>30101,1475,511,BSTu,Baker Street,Bakerloo // SB,511,BSTu,Baker Street,EntEx,Alight-Exit,159.4934572399999,0.071548926,20.885536824,100.37906096,23.58746242,11.972650178,2.597197932000001,0.0,0.0,0.0,0.0,0.0,0.0,0.0,0.071548926,0.2844827460000001,0.6021069460000001,0.8145579060000001,1.056899346,1.26399526,1.48364616,1.51817814,1.76337308,2.16692136,2.83586582,3.25133036,3.8441797,4.58455026,5.27744254,5.44783764,5.748609180000001,5.97365038,5.82523642,5.52823682,5.349677700000001,4.98019802,4.598158980000001,4.42208582,4.09144672,3.880039480000001,3.82591196,3.7067104,3.44191018,3.33102148,3.158436,3.11454012,2.96217812,2.84769286,2.80727712,2.86683296,2.609379800000001,2.5142759,2.40019812,2.2168201,1.94429222,1.90057776,1.83898218,1.72967698,1.7476921,1.81427618,1.8349048,1.83578354,1.80998254,1.69201722,1.6203146,1.47919264,1.27623422,1.22082428,1.08085644,0.8645779400000001,0.6816411740000001,0.59730112,0.518990332,0.481520572,0.4591796400000001,0.432003864,0.471061788,0.4345646360000001,0.381998468,0.296973534,0.272272864,0.159890034,0.08504803400000001,0.038541162,0.024843548,0.0,0.0,0.0,0.0,0.0,0.0,0.0,0.0,0.0,0.0,0.0,0.0,0.0,0.0,0.0,0.0,0.0,0.0
30111>30120,1475,511,BSTu,Baker Street,Bakerloo // SB,511,BSTu,Baker Street,H&C and Circle // EB,Alight-Interchange-Board,153.45810909,0.14336246,14.02524416,71.01912552,31.3420968,23.36600864,13.56227151,0.0,0.0,0.0,0.0,0.0,0.0,0.0,0.14336246,1.05750386,2.28276706,2.28276706,2.28276706,2.1394046,1.2252632,0.0,0.0,0.0,0.4102376000000001,0.7711781600000002,1.57335556,2.255153920000001,3.060226040000001,3.34401696,3.774659900000001,3.783242800000001,3.659010700000001,3.636150980000001,3.52723832,3.33220094,2.93603724,3.04527926,2.82664866,2.996794560000001,2.87259184,3.0510336,2.81988578,2.72005386,2.35985604,2.45581844,2.42099308,2.36737854,2.50639046,2.739549360000001,2.528914240000001,2.5003115,2.616598280000001,2.5482852,2.44833722,2.6206266,2.50868822,2.73078132,2.76680922,2.72909216,2.603132,2.76324022,2.50619486,2.2648784,2.3393942,2.40972058,2.18940744,2.08424588,2.063487400000001,1.89733426,1.75470182,1.7143846,1.7948468,1.62626386,1.2273434,0.9609297760000002,0.7383073760000001,0.315677648,0.315817098,1.121731218,2.324380462,2.229853122,2.21380177,2.07384358,1.26792946,0.0,0.0,0.0,0.0,0.0,0.0,0.0,0.0,0.0,0.0,0.0,0.0,0.0,0.0,0.0,0.0,0.0,0.0
30111>30121,1475,511,BSTu,Baker Street,Bakerloo // SB,511,BSTu,Baker Street,H&C and Circle // WB,Alight-Interchange-Board,128.036001522,0.027070692,6.293612638,72.21303170000002,28.77153004,18.908572186,1.822184266,0.0,0.0,0.0,0.0,0.0,0.0,0.0,0.027070692,0.067042234,0.16272485,0.227079926,0.30157095,0.37780251,0.423379142,0.467880966,0.54090966,0.738821336,0.8653356440000001,0.98618851,1.13487691,1.47547948,1.51486328,1.95193286,2.36542182,2.74126398,2.79380114,2.947054700000001,2.97288162,3.24555354,3.25635134,3.37079654,3.42754568,3.54184282,3.31069032,3.47582484,3.22616396,3.21894162,3.21520576,3.39688086,3.29709682,3.370586,3.5148061,3.35605956,3.22598706,2.8111981,2.6875661,2.4884238,2.4857944,2.17661252,2.14386346,2.28280628,2.35169402,2.02276874,2.27553116,2.5901431,2.45512836,2.18336084,2.204729,1.98091756,1.65063542,1.51938332,1.6898929,1.74710288,1.53932982,1.41994166,1.35975076,0.9732583580000002,0.6402696680000001,0.471381354,0.347731782,0.220505024,0.1850435824,0.1786673824,0.1422844044,0.1076670764,0.0772437544,0.07192313800000001,0.019736768,0.0,0.0,0.0,0.0,0.0,0.0,0.0,0.0,0.0,0.0,0.0,0.0,0.0,0.0,0.0,0.0,0.0,0.0
30111>30122,1475,511,BSTu,Baker Street,Bakerloo // SB,511,BSTu,Baker Street,Jubilee // NB,Alight-Interchange-Board,1226.11713005,0.1876607300000001,90.83008082,507.501789,361.0151854000001,193.5682278,73.0141863,0.0,0.0,0.0,0.0,0.0,0.0,0.0,0.1876607300000001,3.86616373,4.40575963,8.859671630000003,9.49772843,10.9627419,8.331416900000002,9.690907800000002,6.260594200000001,7.777176000000001,7.3431261,7.325894700000001,6.5088998,8.2585464,8.7238992,11.6997805,14.5389029,17.740717,18.0450304,20.0896656,20.0815954,21.5173176,21.4280726,23.9112858,23.60305180000001,24.2454856,22.418206,23.596777,22.2963694,23.333448,22.6707104,24.9042572,23.651934,25.069172,26.5064602,30.2499592,28.9211448,29.715444,29.6309764,30.3558284,27.1257292,28.9421066,30.0212178,31.3147388,29.2599048,31.6088674,32.14886680000001,32.27717560000001,28.6143296,25.8959241,21.6062847,17.5573943,14.1517157,14.7284599,14.7070428,15.0973857,15.1716093,14.9215009,13.5993971,13.7317145,12.3997988,12.2356358,11.25849788,11.60300548,10.55240258,9.1782953,7.34450938,5.8548063,3.0318489,1.1891796,0.7660050800000001,0.0,0.0,0.0,0.0,0.0,0.0,0.0,0.0,0.0,0.0,0.0,0.0,0.0,0.0,0.0,0.0,0.0,0.0
30111>30123,1475,511,BSTu,Baker Street,Bakerloo // SB,511,BSTu,Baker Street,Jubilee // SB,Alight-Interchange-Board,3846.818751000001,1.9636536,364.7104472000001,1830.2072376,817.5286776000002,572.2968070000002,260.111928,0.0,0.0,0.0,0.0,0.0,0.0,0.0,1.9636536,10.7829776,16.0222034,22.76673000000001,26.6184364,29.3402182,25.0769836,25.5405964,25.6169964,34.463549,40.98435360000001,49.1458802,58.35152239999999,68.9407108,73.79436679999999,79.2935808,84.47204680000002,89.86890400000001,90.1060562,91.9471732,92.88308719999999,92.3528812,93.4709512,95.24554,93.792268,94.3307248,87.18610680000002,77.11585960000002,69.701356,63.31596540000001,55.59828580000001,56.1731184,55.578771,54.1750726,56.1074532,57.8703172,56.88664060000001,56.03045400000001,58.13795400000001,58.959588,61.01380079999999,63.6937674,70.7291266,75.1653166,74.48895060000002,73.81715960000002,76.48606600000001,76.22757,72.778924,70.75704240000002,68.55325340000002,64.8742098,58.669059,54.48755500000001,50.85174420000001,46.39242360000001,40.363475,34.07563140000001,29.94978720000001,27.1413472,26.1812788,27.2891794,30.5221198,32.90721660000001,40.987821,37.0762468,34.5804174,27.1609814,19.3845348,6.138044799999999,4.065366,0.0,0.0,0.0,0.0,0.0,0.0,0.0,0.0,0.0,0.0,0.0,0.0,0.0,0.0,0.0,0.0,0.0,0.0
30111>30124,1475,511,BSTu,Baker Street,Bakerloo // SB,511,BSTu,Baker Street,Metropolitan // NB,Alight-Interchange-Board,273.66313925,0.14433114,16.35496161,112.28695488,74.63988772,55.33960752000001,14.89739638,0.0,0.0,0.0,0.0,0.0,0.0,0.0,0.14433114,0.33984654,0.7947706,1.07199194,1.30251004,1.27282965,1.23852335,1.23748199,1.31475841,1.42198097,1.79239854,2.12515004,2.44271954,3.158719780000001,3.516084580000001,3.95532294,4.401966840000001,5.015348920000001,4.63612624,4.917925260000001,4.914149660000001,5.05437764,4.304409120000001,4.6286226,4.873991380000001,5.00142564,4.92467516,5.2593484,4.82123114,4.63852708,4.54952142,4.71012028,4.68911576,5.317797820000001,5.10115352,5.142003040000001,4.754990660000002,4.67400044,4.39352064,5.01411374,5.510335339999999,5.94608106,6.422911940000001,6.96542,6.989132799999999,7.3983186,7.388851460000001,7.22096992,6.71623178,6.161199180000001,5.21713378,5.026619599999999,4.8896432,4.671021680000001,4.91115128,4.82476758,4.43813996,4.12461456,4.391302960000001,3.64917916,3.03483458,2.88559842,2.3590332,1.72709516,1.7188523,1.72060856,1.49768684,1.29826026,0.9187877000000001,0.5168265599999999,0.25464738,0.0,0.0,0.0,0.0,0.0,0.0,0.0,0.0,0.0,0.0,0.0,0.0,0.0,0.0,0.0,0.0,0.0,0.0
30111>30125,1475,511,BSTu,Baker Street,Bakerloo // SB,511,BSTu,Baker Street,Metropolitan // SB,Alight-Interchange-Board,943.9227025999996,0.2923179200000001,95.64823928000001,491.9084276,222.3091666,109.66878416,24.09576704,0.0,0.0,0.0,0.0,0.0,0.0,0.0,0.2923179200000001,0.5720441400000001,1.27043514,2.89196774,4.48756538,6.42689486,8.28715004,10.16675854,10.43472614,10.9008889,12.8870397,13.3274149,13.9953538,16.1516316,17.70947959999999,19.0707842,20.1132254,22.8125244,22.6689364,23.53533340000001,21.6593046,23.1280462,20.9797124,23.7526772,23.7117982,24.4113926,22.6046292,23.3443666,19.6180102,19.048221,17.6556432,18.7105792,17.4576418,17.8982222,17.6144416,19.8144142,18.4374122,18.8387252,18.4128302,18.8621962,16.570103,17.6981396,17.218966,19.480163,19.11922460000001,20.1507232,19.104751,19.9716832,16.8816614,15.427018,13.8165326,12.7676068,10.1024796,10.1230274,9.24080852,8.707450519999998,7.49413896,7.07717546,5.49787686,4.98169462,4.43297482,4.75019832,4.29722362,4.73250306,4.1458705,2.888965100000001,1.78920456,1.25149476,0.24030712,0.0,0.0,0.0,0.0,0.0,0.0,0.0,0.0,0.0,0.0,0.0,0.0,0.0,0.0,0.0,0.0,0.0,0.0,0.0,0.0
30120>30101,1475,511,BSTu,Baker Street,H&C and Circle // EB,511,BSTu,Baker Street,EntEx,Alight-Exit,1622.495217800001,30.59563380000001,247.57321,890.125534,251.0771008,106.62660942,96.49712978000001,0.0,0.0,0.0,0.0,0.992809,6.391064600000001,10.212383,12.9993772,16.225408,19.5669232,16.2006564,14.6881912,15.2835266,16.0414752,16.1890544,18.8620178,24.0514766,27.9845142,30.1931282,32.2868382,34.4449316,36.80646300000001,39.1638306,42.47424160000001,44.69431220000001,47.72847460000001,46.1311808,44.804254,43.01446600000001,43.68934100000001,42.244217,42.2108246,41.85561180000001,41.92790040000001,38.67144320000001,36.0080966,33.5272652,30.97988740000001,28.7806876,27.22345300000001,25.7150836,25.4253042,26.3210828,26.2831812,27.2656214,28.1108222,26.8357268,24.611058,23.1785018,20.99159,18.8933572,17.5775626,16.8414188,16.0998866,15.6457518,15.0258036,14.7251548,13.6995738,12.0536822,10.9918596,10.2585548,8.922982800000002,7.55178594,6.87913774,5.793603940000001,5.235074940000001,5.295181400000001,5.220017460000001,4.94349998,4.96080898,4.59783552,3.83994062,7.186474220000001,6.9695385,12.1783007,13.70470056,14.24940594,9.99663074,9.43430854,3.35733294,1.07835254,0.0,0.0,0.0,0.0,0.0,0.0,0.0,0.0,0.0,0.0,0.0,0.0,0.0,0.0,0.0
30120>30110,1475,511,BSTu,Baker Street,H&C and Circle // EB,511,BSTu,Baker Street,Bakerloo // NB,Alight-Interchange-Board,134.77072776,0.075868714,7.966590316,58.6901234,43.75005672,19.15128123,5.13680738,0.0,0.0,0.0,0.0,0.0,0.0,0.0,0.075868714,0.155436766,0.193249536,0.230681816,0.397971466,0.472977752,0.4862894,0.5634227700000001,0.8417221300000002,0.89152282,0.9496515,1.23420832,1.54945604,1.489375,1.72244112,1.82258334,1.69451338,1.70778208,1.7525324,1.81477454,1.80968728,1.89506384,1.9481436,2.04964684,2.15648414,2.4810262,2.39473996,2.49763288,2.41707436,2.54943576,2.66775374,3.03124816,2.78469582,3.47509578,3.76633048,4.330112400000001,4.4319503,4.884241080000002,4.38400542,4.172437340000001,3.416171180000001,3.3772064,3.10084346,3.38119696,3.25522726,3.40729312,3.45927638,3.61402076,3.298137360000001,2.91755238,2.55331482,2.1902318,1.7953177,1.6728791,1.58571354,1.41216313,1.30439243,1.16205059,0.95327666,0.84535699,0.75903209,0.573017236,0.9776841359999999,0.90381197,0.8464917740000001,0.796510286,0.72657118,0.1756051,0.104709756,0.032405942,0.0,0.0,0.0,0.0,0.0,0.0,0.0,0.0,0.0,0.0,0.0,0.0,0.0,0.0,0.0,0.0,0.0,0.0,0.0
30120>30111,1475,511,BSTu,Baker Street,H&C and Circle // EB,511,BSTu,Baker Street,Bakerloo // SB,Alight-Interchange-Board,1077.35572477,0.054124414,58.691659036,586.4510547200001,320.7691186,91.32007378000003,20.06969422000001,0.0,0.0,0.0,0.0,0.0,0.0,0.0,0.054124414,0.310870474,0.5831271140000001,1.300353814,2.082188174,3.04647136,4.2195341,5.73820926,7.19517776,7.6689488,8.20698746,9.04095066,9.29884006,9.57198246,11.03868246,12.2940944,13.1681674,15.62971,17.4375944,19.144676,21.0804008,23.7157652,25.6029274,27.8092094,29.035218,30.67307040000001,31.464983,31.256523,30.2981558,30.4410084,29.271399,28.2010234,27.985382,29.0272232,29.7241006,30.8057042,31.7740538,32.3121206,32.695456,32.26461380000001,31.5225968,31.1535964,29.4983286,27.1288402,24.9302784,23.0851392,20.3826712,18.968367,16.8271104,15.3270672,13.4964352,11.4806106,9.670772200000002,8.487592800000002,6.917898340000002,5.873043740000001,5.214566,4.02368712,3.59803006,3.60521312,3.6251574,3.558820440000001,3.5566616,3.509439600000001,3.178123280000001,2.436520580000001,1.78553228,1.346489,0.58497906,0.11312838,0.0,0.0,0.0,0.0,0.0,0.0,0.0,0.0,0.0,0.0,0.0,0.0,0.0,0.0,0.0,0.0,0.0,0.0,0.0
30120>30122,1475,511,BSTu,Baker Street,H&C and Circle // EB,511,BSTu,Baker Street,Jubilee // NB,Alight-Interchange-Board,510.3867491000001,4.67545752,33.91044428,197.2521813,141.9811807,83.85941604,48.70806926000001,0.0,0.0,0.0,0.0,0.53433776,0.98908864,1.18061756,1.97141356,2.5268031,3.41216914,3.2887138,3.4636873,3.36442354,3.258330200000001,2.18050546,2.4096124,2.62956742,2.377054240000001,2.36547138,2.6341063,3.29501968,4.00863984,4.62931558,5.45719816,6.11433068,5.97869216,6.14310832,6.589254019999998,6.948756099999999,7.333121199999999,7.882049059999999,7.804316960000001,8.103598660000001,8.87354286,8.81433526,9.48665446,10.0038374,10.210718,9.387831199999999,10.2904797,10.6847535,11.7208013,13.4470897,14.0447375,13.4100494,12.4099424,11.5633566,10.0869494,10.1844004,11.0812591,11.6844917,12.1984951,12.4029853,12.4778279,12.0745012,12.4069222,11.7818762,11.0519856,10.3158824,8.927878399999997,7.4581422,6.37270852,5.581621719999998,4.77437438,4.65162278,4.32404858,4.39096066,4.228314599999999,4.27894826,5.23080626,5.77535926,5.63069516,6.770870820000002,7.183245980000001,5.387847180000001,4.003859780000001,3.18468148,1.26175508,0.0,0.0,0.0,0.0,0.0,0.0,0.0,0.0,0.0,0.0,0.0,0.0,0.0,0.0,0.0,0.0,0.0,0.0
30120>30123,1475,511,BSTu,Baker Street,H&C and Circle // EB,511,BSTu,Baker Street,Jubilee // SB,Alight-Interchange-Board,1670.4643623,16.858377,165.1700051,858.2695422,319.3741842000001,171.6947075,139.0975463,0.0,0.0,0.0,0.0,1.908213,2.9192615,4.904385100000002,7.126517400000001,8.1448678,8.071529799999999,8.7611945,8.426192400000001,8.407146699999998,9.781159100000002,10.7355617,12.4137513,14.5695698,19.7147788,24.5269494,31.6173038,36.083111,40.9839726,43.4416722,46.9062184,48.57767579999999,51.83710780000001,53.47204120000001,54.71698520000001,49.25443640000001,43.72291260000001,38.51118960000001,33.5529446,27.7555298,28.152908,27.475267,26.7418954,26.394211,25.8563676,24.4361938,23.8000632,24.22371840000001,26.0704888,27.6634104,28.6392214,29.153493,29.0245734,26.6440634,26.68546580000001,27.5766616,28.1425376,27.8750736,28.42125140000001,26.60693980000001,24.90124520000001,22.7754042,21.5674752,19.2123572,17.3869884,15.282892,14.6287084,14.7862464,14.945498,14.8932484,14.6890276,13.8576972,11.484214,10.5047062,10.0231237,9.777676699999999,11.0471091,11.8985327,14.6842259,22.7076342,22.02341506,18.57939606,15.96552766,11.30696486,1.10706406,0.0,0.0,0.0,0.0,0.0,0.0,0.0,0.0,0.0,0.0,0.0,0.0,0.0,0.0,0.0,0.0,0.0,0.0
30120>30124,1475,511,BSTu,Baker Street,H&C and Circle // EB,511,BSTu,Baker Street,Metropolitan // NB,Alight-Interchange-Board,2158.04397997,9.001698401999999,164.871714268,803.9264424000002,579.794861,412.066052,188.3832119,0.0,0.0,0.0,0.0,0.0,0.197106934,3.003938734,5.800652734,8.086088134,11.638117934,15.6549552,14.761496,14.8010952,14.2880774,13.5856476,11.6128456,13.9226682,13.8367266,15.881336,16.8026604,19.2572126,19.213746,22.0070384,23.3828516,28.7120772,32.0627208,35.7848652,36.8758412,39.17638779999999,36.9078304,36.0457224,34.0032804,33.75535379999999,32.797719,32.1996434,32.055013,34.8210696,35.560129,35.610749,36.547798,39.93031240000001,40.78906780000001,42.72351900000001,43.7064944,45.2653198,43.2329428,43.9000868,43.7217514,47.17600239999999,47.56081,49.02533560000001,49.922882,52.3697822,51.70164260000001,53.295575,52.6227304,50.234559,46.3599822,43.2273864,39.834025,37.746547,34.39970020000001,31.96453420000001,29.87309620000001,27.7177436,24.44716600000001,23.3119862,22.949326,21.2603842,19.4718988,20.3238816,22.6223362,22.5368668,21.4228604,20.8202142,17.39430366,10.91711366,6.346197260000001,4.01772046,1.24943466,0.0,0.0,0.0,0.0,0.0,0.0,0.0,0.0,0.0,0.0,0.0,0.0,0.0,0.0,0.0,0.0
30120>30125,1475,511,BSTu,Baker Street,H&C and Circle // EB,511,BSTu,Baker Street,Metropolitan // SB,Alight-Interchange-Board,58.29155033599999,0.129022044,6.669936822,27.95782104999999,11.629121812,5.483007821999999,6.422640786000001,0.0,0.0,0.0,0.0,0.0,0.0,0.024952062,0.104069982,0.195182376,0.2101548452,0.2772820132,0.2872142392,0.3137314392,0.3027773852,0.488651256,0.601846408,0.9015609,0.92974754,1.14134662,1.0204418,1.21321358,1.11715888,1.34348796,1.27068926,1.48191032,1.29152899,1.42689049,1.207109698,1.289052238,1.126456078,1.270392068,1.031504648,1.24812658,1.25517432,1.43439196,1.21184226,1.22633346,0.9840832460000002,0.8763736260000001,0.6398483620000001,0.8720493020000001,0.9118778759999999,1.15331521,1.075010638,1.264950202,1.087932162,1.156781108,0.917459968,1.02866684,0.884178452,0.941673372,0.812654812,0.917712072,0.8292032199999999,0.9573841079999998,0.8305254959999999,0.8235268259999999,0.67531126,0.6538075720000001,0.460036176,0.492877148,0.426337126,0.412190016,0.3178957139999999,0.333539866,0.263821866,0.297285738,0.3263785140000001,0.317545104,0.391550628,0.610424988,0.613900362,1.125586582,1.105585154,0.964816014,0.692900414,0.60033154,0.0,0.0,0.0,0.0,0.0,0.0,0.0,0.0,0.0,0.0,0.0,0.0,0.0,0.0,0.0,0.0,0.0,0.0,0.0
30120>50370,1475,511,BSTu,Baker Street,H&C and Circle // EB,1475,MYBr,Marylebone NR,NR Chiltern // DN,Alight-Exit-Interchange-Enter-Board,4.546152606468201,0.0,0.2212409291,1.934441086139999,1.55035250012,0.4637202869,0.3763978042082,0.0,0.0,0.0,0.0,0.0,0.0,0.0,0.0,4.987612e-05,6.624106600000001e-05,6.624106600000001e-05,6.624106600000001e-05,0.036157687066,0.0361112444228,0.03609487947680001,0.03609487947680001,0.04619964347680001,0.0101136209388,0.010110187462,0.010110187462,0.06457258746200001,0.0544770768932,0.05447165343119999,0.05447165343119999,0.1680107054312,0.1145436361312,0.1145343827,0.1145343827,0.1320376687000001,0.018539351068,0.017544020368,0.017544020368,0.08914388036800001,0.071773278336,0.071732543968,0.071732543968,0.110348839968,0.03970101348799999,0.03956832952,0.03956832952,0.12981433952,0.09174446527999999,0.12701619176,0.12701619176,0.18948108376,0.10116247436,0.1347117926,0.09848803260000004,0.1709291866,0.1112835878,0.122996132,0.088900392,0.173302416,0.1037501432,0.134493602,0.1208536572,0.1412465922,0.0580050022,0.055116121,0.021553369,0.032190149,0.01220720766,0.01104677366,0.01104677366,0.03514112366,0.02611335866,0.0277092646,0.0323445516,0.0615336016,0.0449527486,0.0700007616,0.0695394372,0.06490518751808,0.03571626548164,0.02820276848164,0.00154574048164,1.16528164e-06,1.2796356e-07,0.0,0.0,0.0,0.0,0.0,0.0,0.0,0.0,0.0,0.0,0.0,0.0,0.0,0.0,0.0,0.0,0.0,0.0
30121>30101,1475,511,BSTu,Baker Street,H&C and Circle // WB,511,BSTu,Baker Street,EntEx,Alight-Exit,2752.058380399999,20.72193,415.0445794,1463.6032136,473.8764684,240.8841192,137.9280698,0.0,0.0,0.0,0.0,0.0,0.0,7.059446,13.662484,18.67153980000001,25.9172298,30.4963668,28.05648900000001,26.7521456,27.9892426,26.6834946,31.6958982,38.4566554,47.74813080000001,52.2032368,60.37415000000001,62.30742400000001,66.8145306,64.553772,67.9959392,67.3688028,70.6123642,67.1126622,68.30376679999999,67.35410759999999,68.770398,69.185816,69.988174,67.5045256,65.95894480000001,61.85480800000001,58.53188400000001,55.907637,56.07054059999999,52.8674474,50.99593419999999,47.38092520000001,46.1266042,44.4581104,45.5780948,45.88562260000001,46.8501506,45.2178906,43.8843816,41.8736924,40.6710554,38.0499784,37.1660544,35.67017360000001,34.9153302,32.40709680000001,31.2850418,29.471029,27.8692226,24.7257712,22.774187,20.9167044,19.6086892,17.3870658,17.192609,16.6128876,15.7781524,14.5686224,13.9791786,12.5498622,12.0334404,11.0964822,10.5756094,9.6097436,8.645334080000001,10.31720968,14.32665328,14.28158268,12.95843448,11.890524,7.745359199999998,1.8978346,0.0,0.0,0.0,0.0,0.0,0.0,0.0,0.0,0.0,0.0,0.0,0.0,0.0,0.0,0.0
30121>30110,1475,511,BSTu,Baker Street,H&C and Circle // WB,511,BSTu,Baker Street,Bakerloo // NB,Alight-Interchange-Board,222.62412748,0.26362472,14.63792819,73.41028338000001,65.58529693999999,41.20659906000002,27.52039519000001,0.0,0.0,0.0,0.0,0.0,0.0,0.0,0.26362472,0.8210246600000002,1.33603878,1.33603878,1.33603878,1.099891986,0.542492046,0.027477926,0.743479206,1.200452526,1.63235684,2.08786354,2.47477312,2.23377744,2.15472532,2.17051974,2.13127024,2.32041962,2.36149542,2.72691082,2.893389280000001,3.042955280000001,3.127167720000001,3.452397880000001,3.18927326,3.117619840000001,3.33816334,3.45632054,3.16785332,3.35804506,3.42183376,3.26211446,3.09353302,3.47272956,3.55068556,4.071486920000001,4.29559598,4.82482342,4.94068554,5.50650702,5.42555146,5.7995888,5.73385452,5.91418886,5.66596216,5.53671264,5.5643983,5.54020938,5.132814840000001,4.805817740000001,4.67400678,4.30041306,3.661597480000001,3.392051820000001,3.257554760000001,3.226872240000001,2.864888660000001,3.11731364,3.03541976,2.82627816,2.04438496,1.5274828,0.91994649,1.71371929,4.36910335,4.946574330000002,4.946574330000002,4.891349840000001,3.628173780000001,0.5774709800000001,0.0,0.0,0.0,0.0,0.0,0.0,0.0,0.0,0.0,0.0,0.0,0.0,0.0,0.0,0.0,0.0,0.0,0.0,0.0
30121>30111,1475,511,BSTu,Baker Street,H&C and Circle // WB,511,BSTu,Baker Street,Bakerloo // SB,Alight-Interchange-Board,9.401357049000003,0.0177111908,0.4010001328,4.712758117400001,2.812282295,1.4321397898,0.0254655232,0.0,0.0,0.0,0.0,0.0,0.0,0.0,0.0177111908,0.0177111908,0.0177111908,0.0177111908,0.0177111908,0.0,0.0,0.0,0.0,0.04546657599999999,0.0541440072,0.1012940292,0.1292507572,0.1648839192,0.1616302712,0.184084444,0.170705284,0.173390472,0.156012524,0.1692987860000001,0.214834718,0.2354754520000001,0.2464061420000001,0.270548806,0.2420598340000001,0.219301238,0.250786694,0.237470724,0.212371072,0.240962308,0.19678128,0.138564408,0.131187373,0.166854043,0.137973727,0.176928201,0.2142463970000001,0.260554124,0.26057262,0.2674583820000001,0.267105772,0.24672994,0.199909806,0.1775955700000001,0.18153293,0.198619646,0.229758026,0.27294506,0.2495004190000001,0.255488575,0.209827773,0.1405593796,0.09755211560000003,0.1092065666,0.0901302326,0.1157385646,0.124430246,0.1100298552,0.09115088920000003,0.06669480720000001,0.0213307852,0.006146573200000001,0.003863790000000001,0.003863790000000001,0.003863790000000001,0.003863790000000001,0.003863790000000001,0.0,0.0,0.0,0.0,0.0,0.0,0.0,0.0,0.0,0.0,0.0,0.0,0.0,0.0,0.0,0.0,0.0,0.0,0.0,0.0,0.0,0.0
30121>30122,1475,511,BSTu,Baker Street,H&C and Circle // WB,511,BSTu,Baker Street,Jubilee // NB,Alight-Interchange-Board,424.0689184499999,5.2275994,43.88942325000001,154.9135811,105.3181125,81.74607118000002,32.97413102,0.0,0.0,0.0,0.0,0.0,0.0,2.0674799,3.1601195,5.2979311,5.696953280000002,5.834065850000001,4.352632150000002,3.805433550000001,2.34398733,2.20245555,2.4402678,2.5010729,2.72397306,2.95070328,3.7399474,4.35274584,4.67872174,4.83151066,5.01345326,4.93273354,4.80580454,4.86670934,5.15823646,5.40269054,5.69470682,6.166102020000001,6.828872820000001,7.088875680000001,7.036744400000001,6.92682362,7.075705960000001,6.67340836,6.8885167,7.006050299999999,7.7030576,7.9555894,8.677888300000001,9.1992769,9.949356300000002,10.0438691,9.9703789,9.332585600000002,8.939623600000003,8.2753154,7.67036146,7.529651659999999,7.99750986,8.01004246,8.653342460000001,9.329023,9.566409,8.95020708,8.915875880000002,8.319384880000001,7.364380880000001,7.148096600000001,7.096487560000001,6.407498300000001,6.044494700000001,6.018925240000002,5.520693820000003,5.45308728,4.50693896,4.30495308,5.19358834,5.02919144,4.10219996,4.74270864,4.21537666,2.29695786,1.41908086,1.23492084,0.4351533400000001,0.0,0.0,0.0,0.0,0.0,0.0,0.0,0.0,0.0,0.0,0.0,0.0,0.0,0.0,0.0,0.0,0.0,0.0
30121>30123,1475,511,BSTu,Baker Street,H&C and Circle // WB,511,BSTu,Baker Street,Jubilee // SB,Alight-Interchange-Board,48.53017722000001,1.08781198,10.479977868,29.631857862,0.0,2.184235134,5.146294376000001,0.0,0.0,0.0,0.0,0.0,0.0,0.47878942,0.60902256,0.79961646,1.05877784,1.132866514,0.7838128740000001,0.6983853,0.601509606,0.4254793360000001,0.4693419820000001,0.460905994,0.7696973280000001,1.317469202,1.962115432,2.325818372000001,2.66513188,2.8947991,3.21400742,3.31192302,3.2867556,3.33787846,3.16590098,2.307326854,1.481633914,1.025147074,0.5134109139999999,0.102124274,0.0,0.0,0.0,0.0,0.0,0.0,0.0,0.0,0.0,0.0,0.0,0.0,0.0,0.0,0.0,0.0,0.0,0.0,0.0,0.0,0.0,0.0,0.0,0.0,0.0,0.0,0.0,0.034639726,0.117830542,0.194235948,0.285279134,0.33689101,0.418638484,0.4001551480000001,0.396565142,0.4255079960000001,0.44649066,0.5304751999999999,0.46576772,0.5472502920000001,0.7553187720000001,0.682724232,0.4823524920000001,0.4823524920000001,0.3280545200000001,0.0,0.0,0.0,0.0,0.0,0.0,0.0,0.0,0.0,0.0,0.0,0.0,0.0,0.0,0.0,0.0,0.0,0.0
30121>30124,1475,511,BSTu,Baker Street,H&C and Circle // WB,511,BSTu,Baker Street,Metropolitan // NB,Alight-Interchange-Board,377.6259642000001,12.2851134,80.84658008000001,85.52477232000003,66.73964118000002,49.76217648000001,82.46768074,0.0,0.0,0.0,0.0,0.0,0.0,3.005429,9.279684399999999,13.1684884,15.0201546,15.41676094,12.7518146,6.710052360000001,3.247413960000001,1.73659532,1.73547662,2.13683604,2.69282828,2.98052496,3.249634,3.432770800000001,3.30593272,2.91539592,3.04230618,2.98380822,3.16657666,3.153650440000001,3.55662308,3.39660454,3.53318034,3.58898592,3.92735308,3.7016912,3.74509462,3.72750538,3.4838272,3.15685,3.38046764,3.4399927,3.51260274,3.8151502,4.30793952,4.65844052,4.592022700000001,4.77845006,5.025646320000001,4.85423426,4.515806060000001,4.962905999999999,5.3823328,5.987069400000001,6.02375294,6.432216040000001,6.58512284,6.48692316,5.7051813,6.02877768,5.86349938,5.29601722,4.791309460000001,4.550290780000001,3.76444396,3.21665874,3.17093278,3.28217402,3.26627222,3.26155626,3.27024398,2.9831706,5.8455216,6.29208346,6.279761659999999,7.28725664,12.91253734,11.19500114,10.05910102,9.56686068,8.0443286,2.002058,0.0,0.0,0.0,0.0,0.0,0.0,0.0,0.0,0.0,0.0,0.0,0.0,0.0,0.0,0.0,0.0,0.0
30121>50370,1475,511,BSTu,Baker Street,H&C and Circle // WB,1475,MYBr,Marylebone NR,NR Chiltern // DN,Alight-Exit-Interchange-Enter-Board,15.19644300027071,0.0,1.42186049999,8.34363924614,2.92035897721,2.0729089072848,0.4376753696459,0.0,0.0,0.0,0.0,0.0,0.0,0.0,0.0,0.05274095600000001,0.052757024598,0.052757024598,0.052757024598,0.235814444598,0.183206973598,0.183190905,0.183190905,0.225356981,0.066785077,0.06665159200000001,0.06665159200000001,0.163037272,0.12210630212,0.09762078612,0.09762078612,0.1377255681200001,0.04413658312000001,0.04290147700000001,0.04290147700000001,0.252599837,0.283765115,0.28096842,0.28096842,0.6303225400000001,0.4405226480000001,0.3692525880000001,0.3692525880000001,0.7510038080000001,0.4056053052,0.3857068372,0.3857068372,0.9763510372000002,0.5970336022000001,0.5932647057700001,0.5932647057700001,0.7457111057700001,0.15583294453,0.17090879153,0.17072207076,0.34191089076,0.21633518276,0.2186154979,0.2011058659,0.3069085459,0.1393813811,0.1279865271,0.1249401732,0.3605573332000001,0.2599604554,0.2562988002,0.2408229622,0.3298155022,0.0952586549,0.09005285269999999,0.09005285269999999,0.09005452214620001,0.005275132346200001,0.1273799196462,0.1273799196462,0.12738097308354,0.12737930363734,0.13511483503734,0.01194973503734,0.01194973503734,0.0119493665226,0.0119493665226,6.849226e-07,6.849226e-07,6.849226e-07,0.0,0.0,0.0,0.0,0.0,0.0,0.0,0.0,0.0,0.0,0.0,0.0,0.0,0.0,0.0,0.0,0.0,0.0
30122>30101,1475,511,BSTu,Baker Street,Jubilee // NB,511,BSTu,Baker Street,EntEx,Alight-Exit,4769.414785896425,144.11538618,702.0872292,2548.164786,865.3097283999999,385.1308792,124.606776916426,2.35149542,5.21839442,7.309479619999999,12.39295992,17.6663892,31.034404,30.7472698,37.39499379999999,37.5623312,39.65739680000001,36.09490480000001,41.38143400000001,43.86073480000001,49.00418360000001,53.85936080000001,59.5752676,71.55607359999999,81.5323756,90.0274396,97.9757268,103.901462,106.6760188,108.1085148,111.3747508,116.9313668,120.8034748,122.132836,122.285608,122.780768,122.032796,123.456554,122.5746308,121.6693608,119.6172048,113.5050848,102.8889868,99.331148,95.159515,88.46073100000002,83.443781,81.387727,78.981131,80.015744,80.64559100000002,81.17962779999999,82.7800168,81.990402,77.494874,77.530583,76.8626754,73.0665364,68.1452032,66.41891120000001,63.1059932,60.6497554,56.08515000000001,52.139898,47.0991526,41.84882260000001,36.50733320000001,33.5043668,31.7391668,28.7312772,26.9362356,24.5880182,22.3940208,20.1534854,19.489102,17.4634108,16.3010898,16.6770476,16.0988882,15.392792,14.082806,11.794486,8.319571400000001,5.455006200000001,2.3585508,0.6630335999999999,0.0,0.0,0.0,0.0,0.0,0.0,0.0,0.0,0.0,3.549520600000001e-06,9.692862e-06,1.1228836e-05,1.546650200000001e-05,1.765145840000001e-05,1.691663460000001e-05,1.07732932e-05,9.237319199999999e-06
30122>30110,1475,511,BSTu,Baker Street,Jubilee // NB,511,BSTu,Baker Street,Bakerloo // NB,Alight-Interchange-Board,3378.655385500001,0.0,420.8465874,1251.5160908,920.2540268,572.2652638,213.7734167,0.0,0.0,0.0,0.0,0.0,0.0,0.0,0.0,2.0254756,6.1753008,11.0574108,19.579926,28.2215772,36.2528766,42.92054180000001,50.6166034,54.6523302,56.6878778,56.75673979999999,55.8999274,52.71198100000001,49.055004,47.31966840000001,45.07504480000001,44.5033028,44.2502144,44.7275674,44.7520282,45.98358580000001,47.07391320000001,51.41531340000001,52.83589880000001,54.82029800000001,56.03833900000001,55.57501960000001,50.7090696,50.91982720000001,50.572208,50.89552520000001,51.54688780000001,56.5389516,60.81007260000001,70.01122459999999,73.37514540000002,79.21357480000002,81.23772200000002,82.137628,77.538949,79.14894100000001,76.881088,75.884764,74.262518,74.30042399999999,73.465254,74.05143699999999,72.13172700000001,70.72005100000001,66.66923700000001,64.35114100000001,57.62642500000001,54.07950500000001,49.30565379999999,44.5828502,38.36882379999999,35.8946066,32.1582022,29.474371,29.0343972,30.8947804,31.6260544,32.78189680000001,34.0701672,30.06578780000001,23.0994047,16.7429979,10.1577159,3.1800619,1.1545497,0.0,0.0,0.0,0.0,0.0,0.0,0.0,0.0,0.0,0.0,0.0,0.0,0.0,0.0,0.0,0.0,0.0,0.0
30122>30111,1475,511,BSTu,Baker Street,Jubilee // NB,511,BSTu,Baker Street,Bakerloo // SB,Alight-Interchange-Board,43.92194972300002,0.009870360000000002,10.22339027,18.704358868,7.629651494000002,5.1576549262,2.1970238048,0.0,0.0,0.0,0.0,0.0,0.0,0.0,0.009870360000000002,0.023844772,0.155620312,0.638873832,0.8695246320000001,1.176841252,1.47425984,1.39116291,0.9441253059999999,0.9536003259999999,0.8508770660000001,0.7665598660000001,0.978100156,1.19785022,1.09653946,0.963518752,0.77573847,0.7102506980000001,0.5617784579999999,0.5709357079999999,0.574090564,0.6390757060000001,0.538058822,0.5852036420000001,0.701406412,0.8649753840000001,0.928845564,1.001105448,0.962145818,0.934812598,0.8184135080000001,0.7657095880000001,0.69294582,0.6843707620000001,0.5634525020000001,0.793763392,0.7793715720000001,0.822253032,0.8976041400000001,0.8826819100000001,0.6059704360000001,0.6819693840000001,0.6711620340000001,0.5385601680000001,0.5084769379999999,0.4898520320000001,0.3778456180000001,0.465621188,0.687654614,0.6569016420000001,0.7994762820000001,0.7704515679999999,0.611685596,0.3904151000000001,0.3548158870000001,0.209373775,0.283871527,0.277544943,0.271870509,0.2742853196,0.2569627776,0.2188752456,0.2729422716,0.2790923556,0.35967341,0.370404364,0.297971224,0.195936714,0.14484502,0.05728320000000001,0.0,0.0,0.0,0.0,0.0,0.0,0.0,0.0,0.0,0.0,0.0,0.0,0.0,0.0,0.0,0.0,0.0,0.0,0.0
30122>30120,1475,511,BSTu,Baker Street,Jubilee // NB,511,BSTu,Baker Street,H&C and Circle // EB,Alight-Interchange-Board,107.030977573,7.253795554400002,11.1715286386,41.36149518000001,32.74774454,5.128593634,9.367820026,0.0,0.0,0.0,0.0,0.0066783786,2.1029191786,2.4345124786,2.7096855186,2.9494804586,2.94280208,0.97699497,0.7618329500000001,0.6461764700000001,0.4824364360000001,0.636870636,0.60515069,0.4887194100000001,0.32920285,0.253147944,0.098713744,0.295726,0.52539812,0.8046485800000001,1.0858182,1.31160846,1.3131917,1.38503092,1.4259883,1.65999602,1.68730082,1.85115638,1.94030472,1.92235378,1.7117818,1.84342352,1.76038026,1.7752896,1.9334333,2.09066714,2.37850456,2.39090736,2.66856926,2.67361876,2.92639762,2.87125622,3.06708538,3.3311176,3.31677138,3.082684860000001,3.14536032,2.97073542,2.45561828,2.52621196,2.40635656,1.99313758,1.58140898,1.14926298,0.62756542,0.26688928,0.039281564,0.15841357,0.229472618,0.350107592,0.464189618,0.4848659220000001,0.4622374120000001,0.4634522680000001,0.43285539,0.405596088,0.55729994,0.5196227040000001,0.7165022600000002,0.7624751240000002,0.73837869,1.40909177,1.35026551,1.08111205,0.94510109,0.8823748,0.0,0.0,0.0,0.0,0.0,0.0,0.0,0.0,0.0,0.0,0.0,0.0,0.0,0.0,0.0,0.0,0.0
30122>30121,1475,511,BSTu,Baker Street,Jubilee // NB,511,BSTu,Baker Street,H&C and Circle // WB,Alight-Interchange-Board,877.4411972,2.70605246,86.91576584000002,358.9609484000001,217.5838002,121.57393244,89.70069786,0.0,0.0,0.0,0.0,0.0,0.16423286,0.3780319,2.1637877,3.0140667,3.93537998,5.27699132,6.773585280000002,6.513104800000002,7.309097400000002,8.105733520000001,8.50297332,8.657041320000001,8.9331998,9.463475,10.4311174,10.9370028,11.2549684,12.502005,13.1782792,13.303643,13.4556924,14.1694238,14.1056674,14.4824816,15.2407806,16.4075408,16.2116804,16.0587104,15.6480818,15.1700314,14.3086212,14.7845052,14.9961962,15.7598758,15.9293562,16.7451232,17.5259328,18.5862258,18.199123,18.1473104,17.95412600000001,17.2251408,16.8426054,17.3822686,17.6035726,17.4510042,18.0942552,18.4076806,18.3643004,20.6511478,19.4603882,17.4918958,15.0684756,13.4655036,9.253392800000002,8.50605192,8.61277112,8.98959812,8.3455906,8.25508688,8.46563496,7.84353356,7.27639748,8.867633999999999,9.70516692,12.54324832,13.59691872,13.30560154,11.72121954,9.756519940000002,5.30960794,2.868555140000001,1.7389836,0.2872422000000001,0.0,0.0,0.0,0.0,0.0,0.0,0.0,0.0,0.0,0.0,0.0,0.0,0.0,0.0,0.0,0.0,0.0
30122>30124,1475,511,BSTu,Baker Street,Jubilee // NB,511,BSTu,Baker Street,Metropolitan // NB,Alight-Interchange-Board,1335.910983766001,6.48367412,20.140691406,670.0302902000001,615.3139198079999,3.218254882,20.72415335,0.0,0.0,0.0,0.0,0.0,1.00526084,1.00526084,4.47315244,4.47315244,4.87601224,3.979010852000001,4.030345316000002,0.5678781268,0.5926647660000001,0.2105123632,0.1569596912000001,0.1500570212000001,0.2802669604,0.3266106272,0.497221002,0.627518722,0.8256971479999999,3.358657398000001,5.939668492000001,8.462705620000001,11.47772472,14.1874057,15.2124035,16.3332777,22.0560276,25.8946996,30.5138196,33.5105012,36.8738144,35.1324966,35.56124560000001,37.0767244,38.97559680000001,39.758734,43.129857,48.33757840000001,51.94532120000001,55.51140940000001,59.3274054,61.4181174,60.1825022,60.88763340000001,63.0266248,67.0950968,69.3191448,64.64124939999999,60.8979208,47.2677754,31.9329672,17.66839854000001,10.976489068,1.348918612,0.6963834859999999,0.295232378,0.2513361180000001,0.18159019,0.1618472860000001,0.1503018120000001,0.08686471600000002,0.013659636,0.015974568,0.006852528,0.009293552,0.004755956,0.026245894,0.023930962,3.087229162,3.299529778000001,4.141951878,4.12046194,4.12046194,1.05716374,0.8424221000000002,0.0,0.0,0.0,0.0,0.0,0.0,0.0,0.0,0.0,0.0,0.0,0.0,0.0,0.0,0.0,0.0,0.0,0.0
30122>30125,1475,511,BSTu,Baker Street,Jubilee // NB,511,BSTu,Baker Street,Metropolitan // SB,Alight-Interchange-Board,202.49795065,0.2195947000000001,23.96854756,59.16598626,41.41944164,62.91473508000001,14.80964541,0.0,0.0,0.0,0.0,0.0,0.0,0.0,0.2195947000000001,0.35368384,0.79324172,1.37236774,1.83859466,2.06303876,2.33906166,2.22620012,1.9551235,2.04944202,2.33654612,2.84834914,3.79289828,3.9490038,3.64788396,3.16906724,2.50334672,1.58048646,1.45733548,1.53420784,1.69692654,1.82401784,1.90850826,2.01152436,2.20890518,2.21430578,2.23181702,2.23895894,2.2296215,2.27284936,2.51277504,2.67906446,2.92632284,3.091495,3.23172112,2.95449014,3.09135138,2.96934568,3.270486180000001,3.370351220000001,3.414515600000001,3.33210578,3.37491364,2.93923624,2.58127374,2.6413009,2.42732124,4.57346534,6.525126080000001,7.83542258,8.794535060000001,9.756526800000001,7.483227640000001,5.81548548,4.555426580000002,3.836209680000001,3.09702544,3.3745008,3.13694272,2.7744649,2.4549674,2.41975568,2.01184192,2.42604196,2.566211180000001,2.19131717,1.59616313,1.24567849,0.31980009,0.03283579,0.0,0.0,0.0,0.0,0.0,0.0,0.0,0.0,0.0,0.0,0.0,0.0,0.0,0.0,0.0,0.0,0.0,0.0,0.0
30122>50370,1475,511,BSTu,Baker Street,Jubilee // NB,1475,MYBr,Marylebone NR,NR Chiltern // DN,Alight-Exit-Interchange-Enter-Board,32.62093961614349,3.063993e-05,1.481632057316,11.945487780348,13.810790698718,3.633663768678001,1.749334671153478,0.0,0.0,0.0,0.0,0.0,0.0,0.0,3.063993e-05,0.00161825513,0.00176449459,0.00176449459,0.0017649229512,0.1788916430212,0.1776769749012,0.1775307354412,0.1776006560312,0.32051878767,0.14737830167,0.14700535459,0.14811743673,0.23445919614,0.09412037934,0.09010350534,0.09169014094000001,0.2777265108,0.19252946244,0.18994971924,0.19054985262,0.8743236170199999,0.68813008162,0.68691544998,0.6870482126599999,1.08348589928,0.40948304068,0.40852812408,0.408619930484,0.674092547804,0.2858489158039999,0.274491374404,0.2745434634239999,1.06039621702,0.8005071670199999,0.98396477902,0.983980193188,1.994566104168,1.210618410568,1.433273300568,1.241031955364,1.484100341196,0.4773082063960001,0.8126781599959999,0.58431793024,1.348685775444,1.107056733644,1.227258088444,0.8898956926899999,1.130026262446,0.3671345148460001,0.3656797566460001,0.2416325366460001,0.3899547844000001,0.1509897152,0.1495031628000001,0.1495059610588,0.2408390170588001,0.1106466990588,0.1563971802588,0.1813541782588,0.2241558860000001,0.2578472900000001,0.274924252,0.291463346,0.2665063498306956,0.2334202938306956,0.1083958338306956,0.0731845178306956,0.0097184518306956,0.00971845,0.0,0.0,0.0,0.0,0.0,0.0,0.0,0.0,0.0,0.0,0.0,0.0,0.0,0.0,0.0,0.0,0.0,0.0
30123>30101,1475,511,BSTu,Baker Street,Jubilee // SB,511,BSTu,Baker Street,EntEx,Alight-Exit,1209.879014672254,69.1387252104036,191.68788,665.464544,195.8716286,73.85635139999998,13.8598854618504,1.3348124968012,2.0045880368012,4.507354636801201,6.37189586,12.47802624,13.46831774,14.7100742,14.263656,14.8475582,10.7449002,10.6109294,10.9608152,11.6686212,12.4317602,13.4704918,16.1335112,18.9642408,22.3094598,23.7033174,25.8422746,27.5104348,28.7823766,28.4183676,29.4323202,29.6562582,29.3758312,28.5310188,28.369529,28.837219,30.0842256,30.8389206,31.7922986,32.403356,32.42222899999999,31.3553822,29.5078934,27.48049240000001,25.8948384,24.5902746,22.7728116,22.2209402,22.1552264,22.1217572,20.9105424,21.0560748,19.9757152,18.8242332,17.530804,17.5383486,16.0835682,15.3835058,14.9843772,14.5455808,13.776394,13.4054914,12.7675354,11.6342296,10.1256724,8.673229079999999,7.88247868,6.77586312,5.906235060000001,5.228413300000001,4.498571340000002,3.61568082,3.2373331,3.07720742,3.20143748,3.11087924,2.79518876,2.474682539999999,1.91978638,1.258036072,0.8651400320000001,0.5968646320000001,0.3934633320000001,0.282489632,0.16280564,0.0,0.0,0.0,0.0,0.0,0.0,0.0,0.0,0.0,0.0,4.970555400000002e-05,6.404630600000001e-05,8.621897400000002e-05,9.5009346e-05,0.0001092196172,6.52854084e-05,5.094465639999999e-05,2.87719884e-05
30123>30110,1475,511,BSTu,Baker Street,Jubilee // SB,511,BSTu,Baker Street,Bakerloo // NB,Alight-Interchange-Board,964.6034690000002,0.322188,194.2333894,416.9931631,229.5016353,100.17290096,23.38019224,0.0,0.0,0.0,0.0,0.0,0.0,0.0,0.322188,1.9665458,3.9887422,7.204580200000001,11.0124366,14.8016386,17.293383,19.426259,24.431511,24.3656452,24.5386408,22.8991727,22.3048343,17.3802321,16.7928965,15.9906479,16.88024780000001,16.5193484,16.6141272,16.934235,17.230998,17.3078416,18.1432804,18.19963,18.1842352,17.8447204,17.8129202,16.6165514,16.6895598,16.8190288,16.999245,16.6493876,17.2060674,17.6471494,18.7252408,18.7156046,19.0899676,19.8034306,20.2546722,18.5632441,18.7376535,19.2807745,19.5183027,18.9334051,19.9678936,19.76238780000001,19.7883358,18.035474,16.8560614,14.5953417,13.5867427,11.0596395,10.3036403,8.484165560000001,7.95163146,6.38535086,6.191811460000001,5.326773520000001,5.536555940000001,5.253395540000001,5.49785242,4.729257980000001,4.099850640000001,3.26796862,2.49781868,2.2622198,1.97140826,1.62813894,1.42107528,1.25765062,0.24480342,0.0,0.0,0.0,0.0,0.0,0.0,0.0,0.0,0.0,0.0,0.0,0.0,0.0,0.0,0.0,0.0,0.0,0.0
30123>30111,1475,511,BSTu,Baker Street,Jubilee // SB,511,BSTu,Baker Street,Bakerloo // SB,Alight-Interchange-Board,3091.8398331,2.6574514,253.0594299,2049.5574692,569.1043136000001,199.18303798,18.27813102,0.0,0.0,0.0,0.0,0.0,0.0,0.0,2.6574514,5.4619732,7.2061356,8.4902449,11.6687437,13.2605721,13.5511807,15.3773605,18.2535172,27.7837594,34.0626672,43.9371228,54.00615260000001,66.72975960000001,70.49803259999999,76.78176900000003,82.62836899999999,92.887351,97.059429,103.907083,111.6756018,116.0500838,111.6062718,111.1676088,105.3562328,98.8395412,91.0247072,87.23754720000002,81.23670720000001,78.0344692,73.42929000000001,70.6165266,67.3374754,65.11025080000002,64.87377280000001,63.08415600000001,62.3854334,60.98404660000001,58.11821420000001,53.76454740000001,50.16260500000001,47.11154900000001,45.7244776,44.175831,42.95527660000001,44.51849780000001,43.37254979999999,40.1543598,38.06235880000001,34.8644656,28.8299324,24.48260100000001,22.1402552,19.159359,15.9145408,13.7779659,12.00740418,9.66130898,7.54855966,5.887823560000001,4.908821700000002,4.055494660000001,2.82550394,2.666249,2.32939162,2.379095120000001,1.68297128,1.2197204,0.5898774600000001,0.5298275400000001,0.0,0.0,0.0,0.0,0.0,0.0,0.0,0.0,0.0,0.0,0.0,0.0,0.0,0.0,0.0,0.0,0.0,0.0,0.0
30123>30120,1475,511,BSTu,Baker Street,Jubilee // SB,511,BSTu,Baker Street,H&C and Circle // EB,Alight-Interchange-Board,184.70488924,20.54836764,79.69390532800001,16.175598144,43.71649258,9.48655495,15.083970598,0.0,0.0,0.0,0.0,1.8809276,2.81077808,6.716963680000001,9.13969828,11.84952168,9.989079413999999,9.130884854,7.395328754000001,5.880964354000001,4.279256753999999,5.20363602,6.49524036,6.16901946,5.343330485999999,4.327481706,3.630161486,2.368603946,0.7892048859999999,0.83158776,0.96111468,0.89240884,0.99194438,0.7867985259999999,0.921624766,0.7900387059999999,0.7381947259999999,0.605987426,0.7041985,0.5080102240000001,0.51604552,0.46302738,0.5057061939999999,0.367231998,0.391565834,0.360774254,0.400265434,0.334287732,0.396833276,0.308797376,0.24134578,0.12787818,1.457264168,3.47860706,5.70552326,8.32348966,8.389376646,7.067639732000001,5.066027944,2.902787684,0.421490896,0.384372164,0.392035186,0.30662024,0.274210462,0.18291751,0.221891556,0.267704128,0.7293983820000001,0.94832484,1.15855534,1.30908122,1.43258892,1.4195253,1.235737052,1.313238892,1.288701102,1.452759602,1.447410902,1.86661087,2.21570647,2.02197608,1.627553140000001,1.16780894,0.6822045999999999,0.0,0.0,0.0,0.0,0.0,0.0,0.0,0.0,0.0,0.0,0.0,0.0,0.0,0.0,0.0,0.0,0.0,0.0
30123>30121,1475,511,BSTu,Baker Street,Jubilee // SB,511,BSTu,Baker Street,H&C and Circle // WB,Alight-Interchange-Board,463.1609708399998,2.50388059,68.80105132,246.71064464,90.94508082,37.08030252,17.12001095,0.0,0.0,0.0,0.0,0.0,0.06019249,0.7057249500000001,1.73796315,4.51447855,4.81108915,5.403990960000002,5.707819900000001,5.670855100000002,3.7875834,4.53710012,5.320521019999998,6.29453242,6.524375940000001,7.39036604,8.83833872,9.40569452,9.27649472,10.2551792,10.7365996,10.7395318,11.4232474,11.6428076,11.8483702,12.631628,12.1579842,12.2012294,12.1157632,12.1610068,10.64956772,10.67095592,9.48259492,9.60737112,8.54629392,8.816992599999999,8.022370800000001,8.331937600000002,7.9256514,9.0381864,9.0231856,9.706978,8.991352000000003,8.755297200000001,7.417250520000001,6.959058120000001,6.243726840000001,6.79790424,6.829472040000002,7.46520632,7.505646860000001,7.39472374,6.878464940000002,6.32769734,5.29613982,4.488271340000002,3.9178992,3.156462,2.6741836,2.31680278,2.05181028,1.82408926,1.78617948,1.61240434,1.62836308,2.13737186,2.2524289,2.56401556,2.434873348,2.188130218,1.939634198,1.514977518,0.8284076380000001,0.72210099,0.53807072,0.0,0.0,0.0,0.0,0.0,0.0,0.0,0.0,0.0,0.0,0.0,0.0,0.0,0.0,0.0,0.0,0.0,0.0
30123>30124,1475,511,BSTu,Baker Street,Jubilee // SB,511,BSTu,Baker Street,Metropolitan // NB,Alight-Interchange-Board,0.4963219095497001,0.018389426,0.0275930765476,0.3819390653021001,0.00637669158,0.06202365012,0.0,0.0,0.0,0.0,0.0,0.0,0.0,0.009194713,0.009194713,0.009194713,0.009194713,0.009194713,6.243859e-07,6.243859e-07,6.243859e-07,6.243859e-07,6.243859e-07,5.351590600000001e-07,1.0712739e-06,1.7596369e-06,2.449548240000001e-06,0.00960625314824,0.00960657503498,0.00960719929722,0.01259012033422,0.0125908866424,0.006777130042399999,0.006778247990000001,0.01676186561292,0.01377825621292,0.0194145659934,0.0156245189934,0.06000361799999999,0.05001884,0.05001884,0.04438107400000001,0.04438107400000001,0.0,0.0,0.0,0.0,0.0,0.0,0.0,0.0,0.0,0.0,0.0,0.0,0.0,0.00011543918,0.00011543918,0.00011543918,0.00011543918,0.00030872974,0.00019329056,0.00541291456,0.00541291456,0.01356462916,0.0133713386,0.0133713386,0.0081517146,0.0081517146,0.0,0.0,0.0,0.0,0.0,0.0,0.0,0.0,0.0,0.0,0.0,0.0,0.0,0.0,0.0,0.0,0.0,0.0,0.0,0.0,0.0,0.0,0.0,0.0,0.0,0.0,0.0,0.0,0.0,0.0,0.0,0.0,0.0,0.0
30123>30125,1475,511,BSTu,Baker Street,Jubilee // SB,511,BSTu,Baker Street,Metropolitan // SB,Alight-Interchange-Board,743.5986977099999,0.14651744,50.9713985,483.6322856800001,143.8416901,60.73544326,4.27136273,0.0,0.0,0.0,0.0,0.0,0.0,0.0,0.14651744,0.170457824,0.5812109839999999,0.7996927640000001,1.230526364,1.951268724,2.64238642,3.07771126,3.80649348,4.63931296,7.240306160000001,10.67144808,14.16058348,18.09046648,21.1411758,21.9549008,22.654658,23.7075832,23.7708522,23.9856956,24.6591784,24.603945,23.512786,22.15924,21.5208378,20.5348346,19.6391132,18.7367876,18.4549782,18.1906956,17.5249794,17.0317554,16.838889,16.8919362,16.396914,15.975656,15.6544272,15.2444968,13.283674,11.0417687,9.0454983,8.168885300000001,7.966489900000001,9.814719900000002,12.3740518,14.689753,15.1087638,14.2565538,12.8470348,11.249061,9.5584256,8.283309740000002,7.850059840000001,6.385416440000001,4.86963286,3.759842060000001,2.73558926,1.69371858,1.58215604,1.45055642,1.31767542,1.045108546,0.8578262520000001,0.7776316520000001,0.6184548780000001,0.3609036380000001,0.3098917720000001,0.2350428460000001,0.05544738599999999,0.01105576,0.0,0.0,0.0,0.0,0.0,0.0,0.0,0.0,0.0,0.0,0.0,0.0,0.0,0.0,0.0,0.0,0.0,0.0,0.0
30123>50370,1475,511,BSTu,Baker Street,Jubilee // SB,1475,MYBr,Marylebone NR,NR Chiltern // DN,Alight-Exit-Interchange-Enter-Board,0.6000949244577567,0.0,0.007599106599999999,0.3549416211999999,0.1598140061,0.0533478990609,0.024392291496857,0.0,0.0,0.0,0.0,0.0,0.0,0.0,0.0,0.0011793322,0.0011793322,0.0011793322,0.0011793322,0.00151982132,0.00034048912,0.00034048912,0.00034048912,0.00034048912,0.0,0.0,0.0,0.0022893764,0.0022893764,0.0022893764,0.0022893764,0.005253315200000001,0.0029639388,0.0029639388,0.0029639388,0.0202031116,0.0172391728,0.0172391728,0.0172391728,0.0410277516,0.0237885788,0.0237885788,0.0237885788,0.0321258108,0.008337232,0.008337232,0.008337232,0.02617764,0.017840408,0.0230846556,0.0230846556,0.028495215,0.010654807,0.0113262594,0.0060820118,0.0157685698,0.0103580104,0.0118142653,0.0111428129,0.0202474439,0.0105608859,0.0124099898,0.0109537349,0.0185937529,0.0094891219,0.0094891219,0.007640018,0.007705661148,6.5643148e-05,6.5643148e-05,6.5643148e-05,9.6008292e-05,3.070466374e-05,5.308389693999999e-05,5.349691622000001e-05,7.082902722e-05,4.046388322000001e-05,4.012436348e-05,0.004858902130279999,0.004858489111000001,0.0048411593963314,0.0048411593963314,0.0048411593963314,2.3963314e-09,2.3963314e-09,0.0,0.0,0.0,0.0,0.0,0.0,0.0,0.0,0.0,0.0,0.0,0.0,0.0,0.0,0.0,0.0,0.0,0.0
30124>30101,1475,511,BSTu,Baker Street,Metropolitan // NB,511,BSTu,Baker Street,EntEx,Alight-Exit,2426.003400700001,0.0,284.887919,1337.1097454,474.0708832,256.4297682000001,73.5050849,0.0,0.0,0.0,0.0,0.0,0.0,0.0,0.0,0.0,2.3283952,5.858250599999999,9.6029748,15.4648198,20.4945016,24.4590408,28.5688888,35.6851246,41.5794984,47.1642354,53.682189,59.54239860000001,60.9394426,60.78666579999999,62.8328046,62.9774286,61.3981836,60.62661600000001,61.1799092,61.7386496,61.63210360000001,63.86928960000001,62.8707892,61.47757800000001,58.57724660000002,55.30792,51.2308414,50.8097614,49.25930580000001,48.0141192,46.7656344,44.13145180000001,43.40269180000001,43.7723474,43.9665666,44.73722100000001,45.4262216,44.0886296,43.0362956,42.2730128,40.1880278,38.5157072,37.8597398,36.5732852,34.9362454,33.63670579999999,32.7997914,31.2968296,28.9815758,26.1035644,24.3927032,23.089553,20.8353398,19.4268696,18.6925476,17.75415180000001,16.0366246,15.5519788,14.26803,13.2460888,11.3527195,9.9326169,8.5848309,7.12198802,5.34906074,5.98643944,4.800861040000001,3.04593124,2.27251152,1.8120368,0.0,0.0,0.0,0.0,0.0,0.0,0.0,0.0,0.0,0.0,0.0,0.0,0.0,0.0,0.0,0.0,0.0
30124>30110,1475,511,BSTu,Baker Street,Metropolitan // NB,511,BSTu,Baker Street,Bakerloo // NB,Alight-Interchange-Board,967.6647318700002,0.0,97.4019803,344.0272338,295.7069960000001,179.48106,51.04746177,0.0,0.0,0.0,0.0,0.0,0.0,0.0,0.0,0.0,1.56374808,3.72561288,6.71234828,9.64040688,12.30603448,13.51791,12.08124386,10.71430566,9.89817126,9.06514626,8.177052660000001,9.1049464,9.5060546,9.2051114,9.8597576,10.0149418,11.47673,11.46118,12.5667306,12.54656,14.2227854,14.1408946,14.947931,14.5062488,15.6401854,14.5985688,15.9229272,16.453772,17.1137508,16.5045836,16.9439134,16.255842,19.2276468,20.1912686,21.614903,23.0564354,25.6306378,24.098217,26.9282658,26.8798458,26.6643352,25.166966,25.0771684,22.3297952,24.0035732,23.5955334,22.27622280000001,20.5042502,19.8289862,16.6502662,15.0998632,13.7160304,13.7519928,13.1395954,13.9337682,13.412948,13.5028064,12.7195806,13.2209724,12.948522,11.55626476,10.2407851,8.136719073999997,4.766795073999999,1.579800634,1.108646274,0.291300934,0.2217799600000001,0.19684796,0.0,0.0,0.0,0.0,0.0,0.0,0.0,0.0,0.0,0.0,0.0,0.0,0.0,0.0,0.0,0.0,0.0,0.0
30124>30111,1475,511,BSTu,Baker Street,Metropolitan // NB,511,BSTu,Baker Street,Bakerloo // SB,Alight-Interchange-Board,40.456408577,0.0,2.390152843,20.71343512800001,10.215451646,5.262220166000001,1.875148794,0.0,0.0,0.0,0.0,0.0,0.0,0.0,0.0,0.0,0.0,0.018890124,0.053714978,0.0575019702,0.1068394342,0.1435455182,0.2129576142,0.3099250662,0.40172677,0.460799186,0.624252182,0.722621792,0.771731286,0.82086929,0.92570263,0.8413483100000001,0.7535589340000001,0.7883954540000001,1.012987254,1.104981374,1.208797074,1.278964,1.21099294,1.011904208,0.924864668,0.8327152880000002,0.7740402479999999,0.7760082280000001,0.72812142,0.60581205,0.5982833700000001,0.6555063600000001,0.7299616400000001,0.7551854800000001,0.8800818300000001,0.96729825,0.99087624,0.87182348,0.8467815000000001,0.6950041159999999,0.603734856,0.7027369560000001,0.7334363159999999,0.8158921360000001,1.032908,1.083926872,0.8710329240000001,0.836762384,0.722980724,0.46275288,0.3976295960000001,0.382698524,0.370936968,0.383234302,0.423606092,0.343735254,0.351104964,0.317124608,0.26965387,0.308592124,0.302435578,0.261118688,0.3021539520000001,0.2644427912,0.1593373312,0.1435795672,0.1151743472,0.0183144152,0.0,0.0,0.0,0.0,0.0,0.0,0.0,0.0,0.0,0.0,0.0,0.0,0.0,0.0,0.0,0.0,0.0,0.0,0.0
30124>30120,1475,511,BSTu,Baker Street,Metropolitan // NB,511,BSTu,Baker Street,H&C and Circle // EB,Alight-Interchange-Board,0.0,0.0,0.0,0.0,0.0,0.0,0.0,0.0,0.0,0.0,0.0,0.0,0.0,0.0,0.0,0.0,0.0,0.0,0.0,0.0,0.0,0.0,0.0,0.0,0.0,0.0,0.0,0.0,0.0,0.0,0.0,0.0,0.0,0.0,0.0,0.0,0.0,0.0,0.0,0.0,0.0,0.0,0.0,0.0,0.0,0.0,0.0,0.0,0.0,0.0,0.0,0.0,0.0,0.0,0.0,0.0,0.0,0.0,0.0,0.0,0.0,0.0,0.0,0.0,0.0,0.0,0.0,0.0,0.0,0.0,0.0,0.0,0.0,0.0,0.0,0.0,0.0,0.0,0.0,0.0,0.0,0.0,0.0,0.0,0.0,0.0,0.0,0.0,0.0,0.0,0.0,0.0,0.0,0.0,0.0,0.0,0.0,0.0,0.0,0.0,0.0,0.0,0.0
30124>30121,1475,511,BSTu,Baker Street,Metropolitan // NB,511,BSTu,Baker Street,H&C and Circle // WB,Alight-Interchange-Board,45.45762549,0.0,4.738211402,22.73561544,7.35029318,6.433295864,4.200209604,0.0,0.0,0.0,0.0,0.0,0.0,0.0,0.0,0.0,0.032420656,0.1229085,0.1398572908,0.1918937968,0.203644284,0.306777408,0.29876305,0.6707635992000001,0.7294073931999999,1.018165766,1.023609658,1.178469772,0.8800246440000001,1.049558624,0.863463724,1.096858052,0.9283287459999999,1.130065374,0.9574941260000002,1.146302866,0.8413419059999999,1.125293252,0.925824342,1.04422123,0.8564652300000002,1.06121825,0.79100877,0.967181,0.79977858,0.93714554,0.7435984000000001,0.99286986,0.7771363040000001,0.9002728440000001,0.7416940040000001,0.8319910640000001,0.5549009140000001,0.6038183300000001,0.4810154560000001,0.5770822360000001,0.486732696,0.614653872,0.587198062,0.6769385160000001,0.52714026,0.7630212000000001,0.645800574,0.74685399,0.648338844,0.709572228,0.4544198940000001,0.451886434,0.30032478,0.484449186,0.446596804,0.601453378,0.5640908139999999,0.619412748,0.405896764,0.5538066380000001,0.3376370180000001,0.4155405020000001,0.3844555500000001,0.5109476140000001,0.384319178,0.5104455179999999,0.407010038,0.358609084,0.211312124,0.12612634,0.0,0.0,0.0,0.0,0.0,0.0,0.0,0.0,0.0,0.0,0.0,0.0,0.0,0.0,0.0,0.0,0.0
30124>30122,1475,511,BSTu,Baker Street,Metropolitan // NB,511,BSTu,Baker Street,Jubilee // NB,Alight-Interchange-Board,227.6101044,0.0,19.65229488,79.64137646,40.21599550000001,54.93850178000001,33.16193578000001,0.0,0.0,0.0,0.0,0.0,0.0,0.0,0.0,0.0,0.14999054,0.5465171000000001,0.8206251,1.45776662,2.04715542,2.3380386,2.47733764,2.61240638,2.33137936,2.35048132,2.5205968,2.5304084,2.55082952,2.817314860000001,2.59993014,2.340003,2.20457974,2.33977728,2.32026758,2.53929014,2.76458854,3.04907046,3.42418032,3.48695828,3.47790342,3.95693904,4.14259788,3.92938748,4.037937260000001,4.131782060000001,4.00470958,4.031740620000001,4.073259500000002,4.3984899,4.48943146,4.3953132,3.84897914,3.63248536,3.07668292,2.85549586,2.53788064,2.7652505,3.021065140000001,3.271929040000001,3.416588400000001,3.66059284,3.733732460000001,3.59583082,3.39130252,3.46763826,4.0238461,4.938310420000001,5.16801186,5.525043300000001,5.585682620000001,5.12328302,4.63841954,4.89474244,4.58639088,4.66065162,4.59510182,4.02774282,3.522260120000001,3.074163160000001,3.899990160000001,3.11113716,2.58733416,1.93715956,1.7463952,0.0,0.0,0.0,0.0,0.0,0.0,0.0,0.0,0.0,0.0,0.0,0.0,0.0,0.0,0.0,0.0,0.0,0.0
30124>30123,1475,511,BSTu,Baker Street,Metropolitan // NB,511,BSTu,Baker Street,Jubilee // SB,Alight-Interchange-Board,254.12758205,0.0,18.31060927,107.40286428,68.74354024,34.23578848,25.43477978000001,0.0,0.0,0.0,0.0,0.0,0.0,0.0,0.0,0.0,0.17323469,0.5974602100000002,0.96135519,1.22773659,1.51379433,1.74100514,1.76021486,2.02219648,2.35335948,2.83480792,3.12544438,3.224774,3.194236660000001,3.200182,3.29454922,3.41175012,3.28150132,3.39162146,3.26839324,3.37025804,3.964579580000001,4.954941320000001,5.19196782,5.8690248,5.91281052,5.552486320000001,5.15286722,5.17223244,5.00717526,4.958924140000001,4.79976014,4.791814039999998,5.05713352,5.507957,5.871924099999999,6.07165664,6.45855284,6.497643920000002,6.425453320000001,6.152019340000002,5.86418508,5.60080982,5.273629240000001,4.908710580000001,5.107876320000001,5.33292324,5.050079900000001,4.768953920000001,4.38064362,3.68472844,3.20534578,2.67414508,2.46290056,2.17761916,2.07933582,1.98681896,2.20915562,2.26268588,2.34345564,2.30977462,2.42878326,2.54270114,2.67459062,2.80649646,3.734713600000001,3.167543080000001,2.52649904,1.8943687,1.34930926,0.0,0.0,0.0,0.0,0.0,0.0,0.0,0.0,0.0,0.0,0.0,0.0,0.0,0.0,0.0,0.0,0.0,0.0
30124>30124,1475,511,BSTu,Baker Street,Metropolitan // NB,511,BSTu,Baker Street,Metropolitan // NB,Alight-Interchange-Board,0.0,0.0,0.0,0.0,0.0,0.0,0.0,0.0,0.0,0.0,0.0,0.0,0.0,0.0,0.0,0.0,0.0,0.0,0.0,0.0,0.0,0.0,0.0,0.0,0.0,0.0,0.0,0.0,0.0,0.0,0.0,0.0,0.0,0.0,0.0,0.0,0.0,0.0,0.0,0.0,0.0,0.0,0.0,0.0,0.0,0.0,0.0,0.0,0.0,0.0,0.0,0.0,0.0,0.0,0.0,0.0,0.0,0.0,0.0,0.0,0.0,0.0,0.0,0.0,0.0,0.0,0.0,0.0,0.0,0.0,0.0,0.0,0.0,0.0,0.0,0.0,0.0,0.0,0.0,0.0,0.0,0.0,0.0,0.0,0.0,0.0,0.0,0.0,0.0,0.0,0.0,0.0,0.0,0.0,0.0,0.0,0.0,0.0,0.0,0.0,0.0,0.0,0.0
30124>50370,1475,511,BSTu,Baker Street,Metropolitan // NB,1475,MYBr,Marylebone NR,NR Chiltern // DN,Alight-Exit-Interchange-Enter-Board,1.9701387134908,0.0,0.001026673875,0.038337488786,0.6289267687398001,0.10637753132352,1.19547025076648,0.0,0.0,0.0,0.0,0.0,0.0,0.0,0.0,0.0,0.00018044071,0.00018044071,0.00018044071,0.0001852540354,0.0001871574206,6.7167106e-06,6.7167106e-06,2.58729186e-05,2.58135732e-05,2.3910188e-05,2.3910188e-05,0.000149172808,0.0001427064639999999,0.000137952484,0.000137952484,0.001540647224,0.001456803064,0.0014441132,0.0014441132,0.0042402254,0.003002909660000001,0.0029614912,0.0029614912,0.00328391746,0.000649891232,0.000484512232,0.000484512232,0.0007133279120000001,0.002779133452,0.00261704748,0.00261704748,0.002631854774,0.002411043248,2.2811448e-05,2.2811448e-05,0.001833967448,0.001823643016,0.001815638862,0.001815638862,0.125775218862,0.123966243436,0.123961760574,0.123961760574,0.123963152927,4.7017756e-06,2.5212016e-06,2.5212016e-06,3.320964000000001e-06,2.6260425e-06,1.4971939e-06,1.4971939e-06,1.98997942e-06,1.62726232e-06,9.2983082e-07,9.2983082e-07,9.2983082e-07,7.624285400000002e-07,3.2538324e-07,0.10636109538324,0.10636109538324,0.22038480538324,0.22038448,0.260366074,0.154005304,0.154005304,0.039981594,0.039981594,0.0,0.0,0.0,0.0,0.0,0.0,0.0,0.0,0.0,0.0,0.0,0.0,0.0,0.0,0.0,0.0,0.0,0.0,0.0,0.0
30125>30101,1475,511,BSTu,Baker Street,Metropolitan // SB,511,BSTu,Baker Street,EntEx,Alight-Exit,2116.7797024,14.7861042,341.9246861999999,1245.419124,346.1804334,122.05892768,46.41042692000001,0.0,0.0,0.0,0.0,0.0,0.0,5.327026400000001,9.459077800000003,13.9014122,20.263028,25.081178,24.5517532,25.273595,26.2643512,26.23502539999999,29.43114540000001,31.8467278,35.98403339999999,39.51959979999999,43.57283680000001,47.4497088,52.3704184,54.28046479999999,56.8234372,59.23334699999999,60.8645042,59.891027,62.0467938,64.03720440000001,64.58301660000001,64.80064660000001,65.85818420000001,63.92026479999999,59.25974480000001,55.71036820000001,49.55751180000001,45.58944480000001,43.0241486,41.5536414,37.3520942,36.0113834,34.7739674,33.6186924,32.80910919999999,34.10817460000001,34.11337460000001,33.4103202,31.9050204,31.6763244,30.43618720000001,29.2406252,27.5654586,26.3649674,23.8968792,22.5305684,20.9325332,18.1746022,15.667352,13.9746814,12.2197578,10.8150242,10.272683,9.463203000000002,8.353003320000001,6.807008600000001,5.66782732,5.42154672,5.22223812,5.2504158,5.23943978,4.991565359999999,4.636116080000001,4.24203252,3.61425762,4.58563396,4.3989124,3.66666448,2.88405644,2.42187854,0.47945394,0.0,0.0,0.0,0.0,0.0,0.0,0.0,0.0,0.0,0.0,0.0,0.0,0.0,0.0,0.0,0.0
30125>30110,1475,511,BSTu,Baker Street,Metropolitan // SB,511,BSTu,Baker Street,Bakerloo // NB,Alight-Interchange-Board,849.05515371,0.118991704,134.410580406,383.1919919000001,198.4502856,114.55731298,18.32599112,0.0,0.0,0.0,0.0,0.0,0.0,0.003339122,0.115652582,1.137154502,3.616115302,5.307014702,7.22688178,10.30659572,12.5504774,13.1225402,13.8287736,19.058272,17.7080458,15.7728889,14.7758205,19.10204430000001,13.7700071,13.5757405,14.352423,16.2674696,11.6706734,11.84735,12.9954044,15.0605988,14.0540516,14.7303752,15.6610832,20.2204002,18.7047186,18.0050904,17.4574364,22.2890964,17.2329444,16.3420074,16.0357404,17.87000639999999,14.725568,15.297852,15.9239102,18.206715,16.7093862,16.4848464,17.2656204,18.7704308,17.2301782,17.875101,16.0570348,16.421446,14.6205828,15.2370184,13.5719256,14.7487652,12.0035006,13.0339794,11.8824504,13.4362062,10.87897014,10.71291034,8.455109740000001,7.18489942,4.662643500000001,4.14571568,3.41216236,3.20912948,2.9274429,2.389978,2.13227456,2.54275544,1.87761972,1.26549842,1.19946624,0.78182636,0.0,0.0,0.0,0.0,0.0,0.0,0.0,0.0,0.0,0.0,0.0,0.0,0.0,0.0,0.0,0.0,0.0,0.0,0.0
30125>30111,1475,511,BSTu,Baker Street,Metropolitan // SB,511,BSTu,Baker Street,Bakerloo // SB,Alight-Interchange-Board,1785.291256259999,3.8671002,280.1200276,1104.398702,291.1412866000001,80.0160462,25.74809366,0.0,0.0,0.0,0.0,0.0,0.0,1.2161406,2.6509596,4.3086426,8.9424354,14.7891562,18.0167956,22.9252676,26.9392612,28.7691324,31.3601442,32.45062060000001,30.42085680000001,30.7986346,30.3990804,29.4402906,31.0587456,34.788394,38.2389956,43.11798579999999,46.526405,51.8127484,55.8945848,60.3481468,62.0145438,66.82742579999999,64.96683399999999,64.1869316,58.81007819999999,55.69213120000001,47.47895,45.097133,40.0524006,38.1163854,34.8300788,33.802754,33.679928,33.88902580000001,33.72780520000001,33.3419516,32.4486702,30.44309860000001,28.739843,26.9887292,26.114766,24.3014264,21.8226346,20.1903102,17.79936260000001,15.222888,13.7276062,11.840239,9.939491,8.818100540000003,8.36214974,7.281752219999999,6.349447900000001,5.9221697,5.398016660000001,4.184716760000001,3.901306280000001,4.066537540000001,3.952118860000001,4.64899206,4.96685248,4.223591832,3.980236652,3.505897692,2.117100592,1.099538872,0.94877232,0.25711116,0.0,0.0,0.0,0.0,0.0,0.0,0.0,0.0,0.0,0.0,0.0,0.0,0.0,0.0,0.0,0.0,0.0,0.0,0.0
30125>30120,1475,511,BSTu,Baker Street,Metropolitan // SB,511,BSTu,Baker Street,H&C and Circle // EB,Alight-Interchange-Board,306.5699174600001,2.681226,47.47509662,120.84657272,46.10308123999999,31.5343545,57.92958638,0.0,0.0,0.0,0.0,0.0,0.0,0.8719944000000001,1.8092316,2.49560902,3.23384468,3.94191762,3.92522322,3.93749888,3.98326296,4.289509440000002,4.4747447,4.27076044,4.24469586,4.52653436,4.15149544,4.23687014,4.85669212,4.97835604,5.127130240000001,5.44312594,5.70788364,5.41717442,5.54449712,5.89231332,6.32446654,6.63807788,6.721094180000001,6.288334880000002,5.44392234,4.81687634,3.9695153,3.69945476,4.01021096,4.10200984,4.3539005,4.474961299999999,4.512460040000001,3.97111546,4.31612942,3.93651162,3.92140732,3.91188772,4.00134248,3.46069854,3.71592514,3.6104389,3.76450884,3.86619036,4.134097199999998,3.734949940000001,4.045123180000001,3.38275404,3.1408576,2.78404124,3.2196463,2.54574802,2.88688422,2.65215112,2.61260768,1.90732406,2.2244872,2.00809866,2.16975436,4.69519916,4.97765552,4.447204132,5.166769072,5.508682772,4.309108372,7.208752032,7.075604160000001,5.91822736,5.191064000000001,3.4313198,0.0,0.0,0.0,0.0,0.0,0.0,0.0,0.0,0.0,0.0,0.0,0.0,0.0,0.0,0.0,0.0,0.0
30125>30121,1475,511,BSTu,Baker Street,Metropolitan // SB,511,BSTu,Baker Street,H&C and Circle // WB,Alight-Interchange-Board,1596.28682971,6.519423560000001,231.00218834,869.2031506,309.4979468,134.43082838,45.63329203,0.0,0.0,0.0,0.0,0.0,0.0,0.7667721799999999,5.752651380000001,8.35756158,10.20505618,13.49276058,16.971437,16.0528814,16.8202312,18.5285102,22.3761772,25.0133298,25.6988504,27.2774392,30.2079536,29.0100894,28.8589716,31.1159228,34.24808,35.50574,38.3845834,39.3930986,41.06574120000001,42.63728380000001,42.9512986,43.1502106,44.16375900000001,42.6997864,40.07268379999999,38.91957299999999,37.5512656,34.826851,34.5112376,32.8282294,31.9502256,30.1098778,32.7965108,31.17032080000001,31.2818098,30.8953696,29.6705638,26.5095694,27.59358940000001,26.7248376,25.8809362,25.46631600000001,25.9724744,24.098933,23.482103,21.9727814,21.230473,17.82340660000001,15.5164984,13.591989,14.1670378,12.7034808,11.785414,11.2485012,10.48651646,7.715665260000002,6.973742800000001,6.444310860000001,5.9742652,6.20981234,6.53542654,6.984832400000001,6.44495168,6.33913924,5.04084982,3.79256776,2.152992562,1.486509022,0.419047522,0.197938942,0.029224202,0.0,0.0,0.0,0.0,0.0,0.0,0.0,0.0,0.0,0.0,0.0,0.0,0.0,0.0,0.0,0.0
30125>30122,1475,511,BSTu,Baker Street,Metropolitan // SB,511,BSTu,Baker Street,Jubilee // NB,Alight-Interchange-Board,0.3561955847971459,0.0,0.23112813,0.050532058,0.0,0.05962826,0.014907136797146,0.0,0.0,0.0,0.0,0.0,0.0,0.0,0.0,0.0,0.0,0.0,0.0,0.0,0.0,0.0,0.046225626,0.046225626,0.046225626,0.046225626,0.046225626,0.0,0.0,0.0,0.0101064116,0.0101064116,0.0101064116,0.0101064116,0.0101064116,0.0,0.0,0.0,0.0,0.0,0.0,0.0,0.0,0.0,0.0,0.0,0.0,0.0,0.0,0.0,0.0,0.0,0.0,0.0,0.0,0.0,0.0,0.0,0.0,0.0,0.0,0.0,0.0,0.0,0.0,0.0,0.0,0.0,0.0,0.0,0.0,0.014907065,0.014907065,0.014907065,0.014907065,0.014907065,0.0,0.0,0.0,0.0,0.0,1.43594292e-08,1.43594292e-08,1.43594292e-08,1.43594292e-08,1.43594292e-08,0.0,0.0,0.0,0.0,0.0,0.0,0.0,0.0,0.0,0.0,0.0,0.0,0.0,0.0,0.0,0.0,0.0
30125>30123,1475,511,BSTu,Baker Street,Metropolitan // SB,511,BSTu,Baker Street,Jubilee // SB,Alight-Interchange-Board,459.3063927600003,0.0,150.8726007,174.49218218,55.55774796000001,48.95260177,29.43126015,0.0,0.0,0.0,0.0,0.0,0.0,0.0,0.0,2.0612118,12.4289608,24.3561298,24.6523573,25.91799404,24.37686164,15.02931764,4.12464604,4.449075140000001,4.108287140000002,4.84729388,4.52046548,4.632265920000001,4.941014820000001,4.647045479999999,4.054780740000001,4.02804104,4.329889660000001,4.519908360000001,6.66446616,8.77371336,10.50858966,11.9380686,12.7485354,11.8495862,10.4362131,9.2142859,7.68814442,6.953769520000002,6.01861212,6.320654320000001,6.28272338,6.36974598,6.927805680000001,7.62599848,7.018323880000001,6.718903900000001,6.014023380000001,5.12461784,4.565813520000002,4.30768398,4.15877838,4.204186780000001,4.348265120000002,3.80186176,3.8248774,4.22200298,4.26673292,4.55366226,4.608157980000001,4.472570800000002,4.98590694,6.712614200000001,5.67947686,5.264407726,4.720035546,3.451171566,1.040694226,1.720229146,1.74367452,1.6864782,1.62647456,1.500978026,2.444566306,5.045373425999999,4.960579906,4.685656326,4.6831586,2.7979948,0.0,0.0,0.0,0.0,0.0,0.0,0.0,0.0,0.0,0.0,0.0,0.0,0.0,0.0,0.0,0.0,0.0,0.0,0.0
590201>590222,537,537,CPKu,Canons Park,EntEx,537,CPKu,Canons Park,Jubilee // NB,Enter-Board,26.84455201,0.120895494,4.625968382000001,13.503635789,4.042481673,2.815555326,1.736015346,0.0,0.0,0.0,0.0,0.0,0.040298498,0.040298498,0.040298498,0.063759962,0.063759962,0.206473804,0.30382287,0.47967851,0.490077682,0.685231562,0.5482651219999999,0.600220268,0.450815244,0.445848978,0.288014418,0.344510938,0.329308766,0.47517065,0.529927704,0.57410035,0.6381022840000001,0.613145218,0.440832718,0.4191307380000001,0.4175384520000001,0.280334506,0.3724437720000001,0.632461212,0.8232739680000001,0.7987806980000001,0.8626212980000001,0.922317618,0.682767355,0.542378447,0.5723067310000001,0.6422098629999999,0.487218223,0.5170293260000001,0.585724954,0.50039026,0.4420046200000001,0.357384747,0.354837625,0.2187228290000001,0.3504686890000001,0.2457701890000001,0.323973602,0.355839584,0.3355926960000001,0.278748416,0.278748416,0.229526724,0.2434034960000001,0.3258229480000001,0.281003192,0.308780268,0.313319568,0.241568412,0.1756529540000001,0.1751064,0.21043592,0.155575852,0.155359592,0.168266982,0.191795504,0.171829104,0.291803634,0.29884818,0.24472956,0.191665768,0.148525572,0.028551042,0.0,0.0,0.0,0.0,0.0,0.0,0.0,0.0,0.0,0.0,0.0,0.0,0.0,0.0,0.0,0.0,0.0,0.0,0.0
590201>590223,537,537,CPKu,Canons Park,EntEx,537,CPKu,Canons Park,Jubilee // SB,Enter-Board,1802.912109651241,98.798176764,294.5582872000001,936.6539294000003,301.5071569000001,119.28124874,52.11331064724161,3.520665388,5.383898188000001,9.626367988000002,13.0309892,15.4126232,16.4131334,17.8167234,17.59377600000001,17.94317180000001,19.1169018,18.8424476,20.6395946,20.6572014,24.00668180000001,24.801262,27.6698376,28.8289618,30.8108638,30.0600246,31.1813384,32.681548,34.44265,37.13468880000001,38.70840620000001,42.0820466,43.3272774,43.5907914,42.8196874,43.45173,44.6613128,44.4890006,45.4201586,45.9056346,46.392236,42.58110140000001,41.4897676,38.55194120000001,35.85451280000001,32.1539738,31.085759,31.572403,32.5558846,32.291187,33.41023060000001,31.960918,30.230415,27.7730854,27.7277278,25.8775258,26.10018980000001,23.7891294,24.1161562,22.9799216,21.8563016,20.0320262,19.0637601,16.8088493,14.8093191,13.0749899,12.5729895,11.01100572,9.2182052,8.1610117,7.531586219999999,6.36694862,6.1841013,6.47509194,7.067150239999999,6.704552660000001,6.788361459999999,8.879659660000002,8.97995024,7.26713564,6.43968582,5.01898842,1.67079002,0.23299972,0.12875592,0.0,0.0,0.0,0.0,0.0,0.0,0.0,0.0,0.00010088086,0.000130863684,0.000176980296,0.0001956622528,0.0004458403528,0.0003577494828,0.0003516731956000001,0.0003196597104,0.0003009777536,5.07996536e-05
590222>590201,537,537,CPKu,Canons Park,Jubilee // NB,537,CPKu,Canons Park,EntEx,Alight-Exit,1763.501402172217,22.35320408,115.85625228,545.368871,539.8614784,374.1600778,165.9015186122167,0.32429418,0.6181416000000001,1.6853244,2.19493826,3.29507018,3.96433514,5.161989720000001,5.109110600000001,6.461383660000001,6.658871760000001,7.35726338,7.210650579999998,8.4549815,9.2069459,10.3836025,11.2493984,11.7696266,12.2268066,12.1810704,12.695651,13.4078362,14.4769182,14.3604542,14.4245882,14.6730984,15.1151892,15.3808434,16.3801628,17.4241598,18.1933102,19.8646274,21.5109674,23.5244054,25.0677434,26.02142000000001,25.4543144,26.8329446,27.07295,28.2458458,29.2909436,31.5078266,33.8121082,35.89516879999999,37.4310448,39.17807579999999,39.98426439999999,39.435499,40.032989,42.5170456,44.27043000000001,44.8189312,48.1051792,48.51908579999999,51.8454792,50.0476506,51.10684860000001,46.13306040000001,46.0680078,37.7667052,34.391392,31.352254,31.2203344,26.4433984,25.2550218,25.585795,25.27795780000001,22.4122798,22.2538712,22.5136792,21.1138864,18.5054294,17.74389320000001,17.2124328,15.4009216,14.1966846,12.5595396,10.8909118,7.476198800000001,4.760239200000001,2.6621682,0.8650382000000001,0.0,0.0,0.0,0.0,0.0,0.0,0.0,0.0,0.0,5.6387712e-05,7.2741012e-05,9.801565399999999e-05,0.0001082851836,0.0001082851836,5.189747160000001e-05
590223>590201,537,537,CPKu,Canons Park,Jubilee // SB,537,CPKu,Canons Park,EntEx,Alight-Exit,26.746514515,0.02673761,3.527146222000001,11.014983968,7.317161378000002,4.304603239600001,0.5558820974,0.0,0.0,0.0,0.0,0.0,0.0,0.0,0.02673761,0.070796148,0.105473472,0.1799430800000001,0.2658703160000001,0.3649154060000001,0.370594458,0.400316508,0.42692604,0.374850932,0.312737332,0.34150453,0.313218,0.35365476,0.454256792,0.514441492,0.5283587479999999,0.6734682359999999,0.646258616,0.580588246,0.55369492,0.5721901960000001,0.4815490440000001,0.498474104,0.488349784,0.51876275,0.506968496,0.519212776,0.455448496,0.450106894,0.3924188000000001,0.3559285940000001,0.289143658,0.283563702,0.259132876,0.287272354,0.351739634,0.41535151,0.373531572,0.3857193840000001,0.322841174,0.256644226,0.367229806,0.7025528600000002,0.987110346,1.024517692,1.000637872,0.8143580780000002,0.6666668579999999,0.5741824180000001,0.6627837980000001,0.67755623,0.693667046,0.5327255300000001,0.314596132,0.1536407919999999,0.146996878,0.146489326,0.135468924,0.1282465174,0.1382496482,0.09638124220000001,0.0568197922,0.0210827102,0.04958105080000001,0.0586446888,0.07300565080000003,0.07300565080000003,0.07300565080000003,0.0367112148,0.017644446,0.0,0.0,0.0,0.0,0.0,0.0,0.0,0.0,0.0,0.0,0.0,0.0,0.0,0.0,0.0,0.0,0.0,0.0
580301>580322,558,558,DHLu,Dollis Hill,EntEx,558,DHLu,Dollis Hill,Jubilee // NB,Enter-Board,508.4837155320002,9.808658152000001,69.12964592000002,234.45675688,98.91802448,80.15878248000001,16.01184762,0.279432532,0.552700492,0.6729370320000001,0.8326559220000002,1.457833994,1.77959272,1.92196716,2.3115383,2.8156923,2.860520960000001,3.30009224,3.85862084,4.65666336,5.01238064,6.075569940000001,7.264913040000001,8.15566924,8.196753780000002,8.466665640000002,8.46610394,7.46914304,7.154376040000002,7.907411400000001,10.2141016,11.4870417,12.3379695,12.4654085,12.2849058,10.0590063,9.6627233,10.6264989,11.6926261,11.3323049,11.5977256,10.7052944,9.5845339,8.638950699999999,8.44761556,8.22704416,8.33718296,8.214901659999999,8.250941260000001,8.648415199999999,9.1106344,8.7838279,9.1216281,9.0346049,8.632840900000001,8.0273255,7.611275340000001,7.627823340000001,7.349758880000001,7.854762480000002,7.80457714,7.9273448,9.1422552,10.04134326,10.32813126,10.11639086,9.994544060000004,8.146844920000001,6.785768780000001,5.296151780000002,4.67225796,4.25426982,3.63082196,3.6577735,3.23448432,3.11982062,2.66011938,2.39310268,1.46355718,1.46413886,1.45202012,1.257254856,0.8576289559999999,0.753115856,0.508127756,0.082961356,0.0,0.0,0.0,0.0,0.0,0.0,0.0,0.0,0.0,0.0,0.0,0.0,0.0,0.0,0.0,0.0,0.0
580301>580323,558,558,DHLu,Dollis Hill,EntEx,558,DHLu,Dollis Hill,Jubilee // SB,Enter-Board,2540.407736811878,101.91783072,465.1032054,1384.9997858,391.4786252,157.8586814,39.049608291876,3.14445478,5.24072878,9.44916658,13.17052066,14.59627712,16.4537612,19.4684392,20.3944824,21.688282,23.8998836,27.45296,29.2344672,33.05554960000001,34.031755,39.1330078,44.71637640000001,48.56430320000001,50.23450039999999,54.9866912,58.105429,56.91591699999999,57.67919300000001,59.1906184,61.2344064,61.6204584,62.01950580000001,62.64414180000001,63.5734458,65.20360500000001,67.17455600000001,68.33070359999999,70.18122559999999,68.35312440000001,63.62432559999999,58.8074916,57.78262959999999,53.65834219999999,51.3928782,50.306739,48.939277,45.91182180000001,45.0425844,43.6994936,41.7133016,39.5159736,36.64303580000001,35.3394866,33.86346760000001,34.0753168,31.386243,31.2103688,30.6102128,33.04460419999999,30.1404022,28.45306160000001,27.1964522,23.7376378,18.7592158,16.7395878,16.0021472,14.5126038,12.9952742,10.93467832,9.687296,9.32633,8.6517144,8.538952400000001,7.973243679999999,7.944409599999999,7.22655134,6.198041940000001,4.508098660000001,4.30989046,2.96110566,1.94096692,1.08801232,0.7852716000000001,0.0,0.0,0.0,0.0,0.0,0.0,0.0,0.0,0.0,0.0,0.00029489846,0.00042527524,0.0005554338320000001,0.000607558186,0.0006925412200000001,0.0004344592040000001,0.6948540224240002,0.6947238638320001,0.6946717394780001
580322>580301,558,558,DHLu,Dollis Hill,Jubilee // NB,558,DHLu,Dollis Hill,EntEx,Alight-Exit,2225.512952054373,29.83712762,90.57926184,634.8166596,693.3287654000001,512.3432542,264.6078833943727,0.87732186,1.71575236,2.55465636,4.15017304,4.7071439,5.34201686,5.06857832,5.421484920000001,4.70267264,5.32976964,5.128065060000001,5.804633180000002,5.968989520000001,7.128156520000001,7.542635720000002,8.551660820000002,9.46391374,10.0994298,10.171669,10.6876662,11.8784948,12.5253178,13.478964,14.160136,14.308528,14.34951,15.194966,16.93913,18.73835900000001,22.3420502,25.722324,28.9521544,31.2104456,33.340712,33.1773488,33.2005864,32.67564280000001,33.2080098,33.64613180000001,35.1745322,36.2888774,38.5169746,40.9547446,44.83271939999999,50.04512620000001,53.7362292,56.69082400000001,57.57507920000001,57.45608040000001,55.10778880000001,55.69471579999999,57.282327,60.7610124,61.8755884,63.059662,64.04433200000001,61.3760446,55.36487460000001,52.2537126,47.59893820000001,41.4170482,39.1620836,37.6357136,36.3946028,36.08113839999999,36.1616504,34.02129900000001,34.8761482,34.0280838,32.9701506,31.787155,31.8705142,30.3413418,26.993718,25.5217696,20.9949148,14.853877,8.7848782,5.3023872,1.1566356,0.0,0.0,0.0,0.0,0.0,0.0,0.0,0.0,0.0,1.254001e-07,1.254001e-07,2.1406396e-07,8.40186716e-06,0.0008163261471599999,0.0008162007470600001,0.0008162007470600001
580323>580301,558,558,DHLu,Dollis Hill,Jubilee // SB,558,DHLu,Dollis Hill,EntEx,Alight-Exit,525.7313226720534,11.91004046,72.07391711999999,239.3615361400001,123.22743558,57.46081190000001,21.6975814720534,0.3318138,0.54237408,0.76760092,1.15340988,1.26132728,1.892915,2.49627664,3.46432286,4.58895808,5.7523591,6.69506926,7.11044784,7.1816485,6.41495196,5.88408836,5.12885576,5.16904578,5.374217760000001,6.171929420000001,6.6023453,7.3287071,7.45603858,7.564562220000001,7.190276020000002,7.31903006,7.81605546,8.49984546,9.14894032,10.07215192,11.1492908,11.3667212,11.041875,10.865879,10.5272754,9.3962811,8.880628699999999,9.4537207,9.5196869,9.7076177,10.7899301,11.6922819,12.5241997,14.2889187,15.7616221,15.8739882,15.4585146,14.0335286,12.1698468,10.07643034,9.04109554,8.472165539999999,8.541941340000001,7.74669706,7.82585452,7.37241122,6.61496182,5.98032342,5.87741596,5.548768900000001,5.282851200000001,4.95974636,4.74919736,4.7809723,4.34225862,3.92367582,4.08355206,4.171272060000002,3.760777840000001,3.46081864,3.63426484,3.35786156,2.7926307,2.5749006,2.17094634,1.54706754,1.00653762,0.5236704799999999,0.0,0.0,0.0,0.0,0.0,0.0,0.0,0.0,0.0,0.0,1.94334352e-05,2.49711404e-05,3.32161654e-05,3.64670448e-05,4.16984598e-05,2.44099632e-05,0.209574232258,0.209565987233,0.2095627363536
30125>30125,1475,511,BSTu,Baker Street,Metropolitan // SB,511,BSTu,Baker Street,Metropolitan // SB,Alight-Interchange-Board,0.0,0.0,0.0,0.0,0.0,0.0,0.0,0.0,0.0,0.0,0.0,0.0,0.0,0.0,0.0,0.0,0.0,0.0,0.0,0.0,0.0,0.0,0.0,0.0,0.0,0.0,0.0,0.0,0.0,0.0,0.0,0.0,0.0,0.0,0.0,0.0,0.0,0.0,0.0,0.0,0.0,0.0,0.0,0.0,0.0,0.0,0.0,0.0,0.0,0.0,0.0,0.0,0.0,0.0,0.0,0.0,0.0,0.0,0.0,0.0,0.0,0.0,0.0,0.0,0.0,0.0,0.0,0.0,0.0,0.0,0.0,0.0,0.0,0.0,0.0,0.0,0.0,0.0,0.0,0.0,0.0,0.0,0.0,0.0,0.0,0.0,0.0,0.0,0.0,0.0,0.0,0.0,0.0,0.0,0.0,0.0,0.0,0.0,0.0,0.0,0.0,0.0,0.0
30125>50370,1475,511,BSTu,Baker Street,Metropolitan // SB,1475,MYBr,Marylebone NR,NR Chiltern // DN,Alight-Exit-Interchange-Enter-Board,0.1536667825668644,0.0,5.619032704000001e-05,0.01281966917974,0.0986701147624,0.04201366992073999,0.0001071383769444,0.0,0.0,0.0,0.0,0.0,0.0,0.0,0.0,1.2581395e-06,5.155443300000001e-06,5.155443300000001e-06,5.155443300000001e-06,1.08215189e-05,9.656634036e-06,5.759330236000002e-06,5.759330236000002e-06,5.976595596000002e-06,5.59652636e-07,4.66398e-07,4.66398e-07,7.562354400000002e-07,8.940062800000002e-07,6.448736399999999e-07,0.00132283515364,0.00141727508164,0.001417591317460001,0.00141723628126,0.00176433608126,0.00048817898326,0.0005082746652599999,0.000507668592,0.0006117764620000001,0.000279544196,0.000312578274,0.000198042664,0.000246746088,0.000150738479,0.000463939925,0.000384872665,0.000415072881,0.0003753848173999999,0.0003873611344,5.929215440000002e-05,8.862816840000002e-05,7.808106440000001e-05,0.000107973562,8.789698400000001e-05,0.000158488092,0.011981952878,0.012185155406,0.012146247548,0.012326940788,0.02101160228,0.00967716248,0.00945430684,0.00945430684,0.0152882912,0.006834374380000001,0.00631636176272,0.00631636176272,0.006394209474720001,0.00042131176872,0.00011997598872,0.000119627606,0.000119627606,5.221997280000001e-05,1.051197817e-05,2.079642017e-05,2.079642017e-05,2.580653697000001e-05,1.550065919e-05,1.926503502e-05,8.98059302e-06,8.980950646880001e-06,3.970833846880001e-06,3.83663282688e-06,3.576268800000001e-10,3.576268800000001e-10,0.0,0.0,0.0,0.0,0.0,0.0,0.0,0.0,0.0,0.0,0.0,0.0,0.0,0.0,0.0,0.0,0.0,0.0
230501>230522,579,579,FRDu,Finchley Road,EntEx,579,FRDu,Finchley Road,Jubilee // NB,Enter-Board,1104.690822860254,11.91454259,42.43255522,513.98138508,299.8341572,155.55806174,80.97012103025361,0.72405675,1.31311801,1.50714327,1.8523151,1.55965194,1.69931272,1.46277014,1.79617466,1.8203304,2.17956582,2.39338608,2.36928766,2.558912,2.88386918,3.4539579,3.4862575,4.052076640000001,5.019531720000002,5.775875460000001,6.439504860000001,7.127204860000001,7.76015976,7.870789559999999,9.219113900000002,11.1011297,14.4292687,17.8657318,20.724926,22.1684596,24.1579956,24.6983548,25.4281118,25.8542916,26.2855242,25.9599756,26.694903,25.5053292,26.2083164,26.6643258,27.04517,25.97517280000001,28.3402576,27.9872258,28.909647,29.5264414,31.8078644,31.3398804,30.8736782,29.003703,28.1229158,24.8309168,21.610699,19.9226192,18.8922098,17.139412,16.7638172,16.7130662,15.9918364,14.7975662,14.1330828,13.3026146,12.1559274,11.9771966,11.8762966,11.75827,11.3837284,11.2896256,10.17885094,9.876311140000002,8.87559654,8.50884694,7.833600740000001,7.821114200000001,7.660716120000001,9.10299032,7.235494520000001,6.021558120000001,4.76859352,3.264421,0.0,0.0,0.0,0.0,0.0,0.0,0.0,0.0,0.0,5.001767400000001e-05,0.000104221666,0.000122616442,0.00015134939,0.0001630969794,0.0001377902874,8.35862954e-05,6.519151940000001e-05
230501>230523,579,579,FRDu,Finchley Road,EntEx,579,FRDu,Finchley Road,Jubilee // SB,Enter-Board,3451.545756603184,55.36759690000001,381.8791198,1833.5542556,667.3167390000001,360.1684096,153.2596357031838,2.291809600000001,4.371260800000001,5.515248200000001,6.39287234,7.789043740000001,8.220654540000002,9.42927894,11.35742874,13.3310842,15.8011786,19.0709902,21.0347146,24.1171394,28.2097844,33.0764414,37.85306660000001,42.4066934,44.7837514,47.97817480000001,54.21610079999999,59.13476680000001,62.8989948,72.2218776,75.99524360000002,76.16375959999999,77.23170760000002,80.61152080000002,79.95605520000002,82.22507120000002,82.9872272,82.7424452,82.20342040000001,82.3510612,80.5985292,79.6855752,79.6894652,80.20015699999999,75.3818978,75.1995438,73.99606779999999,76.09881779999999,73.86842879999999,72.13251860000003,69.98010320000002,68.29386400000001,62.00710860000001,58.604682,59.17668980000001,56.819934,54.5537964,55.3058586,53.44957660000001,51.93995020000001,51.3503444,49.44925180000001,46.36568260000001,43.653744,38.43378980000001,35.5271668,32.2982826,29.1786788,26.56347539999999,27.2755716,25.056188,25.4363156,25.0203156,26.8290498,24.8958316,23.0094746,20.6063716,18.6318622,15.639682,19.3350678,17.97177847999999,14.74559548,11.44335508,8.52190568,1.41270608,0.0,0.0,0.0,0.0,0.0,0.0,0.0,0.0,0.0,0.0,1.54421388e-07,2.21468764e-07,0.079307421468764,0.079307421468764,0.07948072042876402,0.594349366007376,0.5943492989600001,0.5150420989600001
230501>230524,579,579,FRDu,Finchley Road,EntEx,579,FRDu,Finchley Road,Metropolitan // NB,Enter-Board,1313.7122194,3.57308,120.2407551,501.9805834,340.9572314,230.4145518,116.5460177,0.0,0.0,0.0,0.0,0.0,0.0,0.8949848,2.6780952,3.83596186,5.21566806,6.459764460000001,7.93941526,8.881682260000002,10.4795574,11.4164032,13.3095558,13.0829064,12.6206538,13.1338752,13.8653114,12.5738892,12.9620518,14.1083394,14.6785218,15.1581482,16.3075328,17.93579140000001,18.8506314,18.4669012,18.6322506,19.417664,20.5123606,21.0352082,22.1238114,22.4625846,24.2646712,24.2038556,24.3408796,25.4646374,26.7818522,26.8577876,27.7745642,28.3409174,28.7257316,28.4770284,29.7451576,29.7299056,29.90469,30.1607374,30.3032564,29.8067356,28.5951586,27.5081912,25.987644,26.0090272,24.7296994,23.7001254,22.1857592,21.0149002,20.5773528,18.9522742,18.3729476,18.299901,18.4278232,17.78263280000001,17.2401768,17.0367464,16.8239122,16.080067,14.3249892,14.0992082,13.7923024,13.4564812,12.3191754,10.44040288,8.97832702,6.20932782,3.70710182,1.84309882,1.29553594,0.0,0.0,0.0,0.0,0.0,0.0,0.0,0.0,0.0,0.0,0.0,0.0,0.0,0.0,0.0,0.0
230501>230525,579,579,FRDu,Finchley Road,EntEx,579,FRDu,Finchley Road,Metropolitan // SB,Enter-Board,1499.941763811301,6.78596208,206.65767452,806.3799676000001,299.2084164,139.1677598,41.74198341130134,0.0,0.0,0.0,0.0,0.0,0.20687956,1.70012076,4.87896176,6.645442360000001,8.45758816,11.2742826,12.3166616,12.786532,14.8793802,17.5054084,21.1037758,24.30997360000001,24.375002,25.5538282,27.4497996,28.3136476,30.4219696,34.8908524,35.74017,38.1012866,36.69489779999999,35.705001,35.3551452,36.6138026,35.6292646,35.78862520000001,35.6799086,35.92986420000001,35.1179836,34.18016160000001,35.0761798,35.0548678,32.8247574,31.939451,30.3916574,30.5125246,29.2451534,28.391825,28.7809706,29.0342102,27.8566616,28.319049,28.6442286,26.9766498,25.594433,25.39339600000001,23.2162592,22.265648,22.2542702,21.1094492,18.5441616,17.3775404,15.2304568,13.40540240000001,12.5332552,11.2650976,10.5296148,10.3818404,9.599227,9.6674742,9.867312199999999,10.1302354,9.1803034,8.553307199999999,7.3658996,6.42125886,5.55309454,4.49165344,3.858293160000001,2.968464992,1.669651942260266,0.4289030622602656,0.3612821622602656,0.07017444226026559,1.02602656e-08,0.0,0.0,0.0,0.0,0.0,0.0,0.0,0.0,0.0,0.0,0.0,0.0,0.0,0.0,0.0,0.0
230522>230501,579,579,FRDu,Finchley Road,Jubilee // NB,579,FRDu,Finchley Road,EntEx,Alight-Exit,3127.886024805686,65.97562930000001,249.1705369,1260.0970316,873.1813088,469.0908492,210.3706690056875,2.87572546,3.86889086,7.03355406,7.89796672,10.7961874,10.3690478,12.1802487,10.9540083,12.4477771,13.5970881,16.3697955,16.9669688,18.712196,21.2505258,21.6096414,21.8125094,23.3132364,26.3388884,27.7787426,28.9731674,31.3379856,33.259031,34.418318,36.416052,41.10221420000001,43.097269,45.38119500000001,46.415142,48.499606,49.1100266,51.852281,54.32506779999999,57.3116078,58.5668358,58.30312320000001,58.133048,58.46051060000001,57.8199216,59.07763480000001,60.69161140000001,62.70916220000001,66.1962568,72.1878538,75.42527740000001,77.5337108,78.35999079999998,77.5428428,74.06750079999999,71.761886,71.95206800000001,72.96352900000001,73.334513,71.57784740000001,71.19148840000003,68.6185588,64.27737300000001,57.981577,53.15491760000001,47.6058786,42.8375338,37.5208208,35.76782580000001,34.7518088,33.8974828,32.0824956,31.868318,31.0135812,30.6086092,29.37263200000001,29.3912796,29.09569100000001,28.589856,25.5633792,22.6489558,18.6689876,13.0206476,7.4815924,4.7476412,1.7898818,0.0,0.0,0.0,0.0,0.0,0.0,0.0,0.0,0.0,5.799929600000002e-06,9.6038686e-06,1.4918913e-05,1.70242408e-05,2.59469568e-05,2.147823368e-05,1.767429468e-05,1.235925028e-05
230522>230524,579,579,FRDu,Finchley Road,Jubilee // NB,579,FRDu,Finchley Road,Metropolitan // NB,Alight-Interchange-Board,5295.430651999999,6.2608016,482.1652658,1378.7683642,1294.2131024,1436.574585,697.448533,0.0,0.0,0.0,0.0,0.0,0.0,1.364225,4.8965766,9.1263912,15.201294,26.5745614,33.5880876,39.805818,44.3128962,47.6831374,47.987808,50.8047224,52.3748224,55.6016096,59.1041176,60.32813280000001,58.68572320000001,57.4986826,55.73993460000001,54.4118946,52.83398940000001,54.85786779999999,58.8492656,60.44436260000001,60.0125566,59.25753780000001,57.87193340000001,53.21223720000001,52.45505860000001,50.4426586,49.8988178,49.3024886,50.8643256,50.89844120000001,55.89524520000001,59.59883180000001,66.997617,71.97796980000003,76.43279179999999,76.71366180000003,79.7728338,79.4781838,84.1990318,88.06980379999997,92.2065218,95.6702868,117.8204988,124.344442,139.00773,149.890452,167.039656,159.355626,159.740102,152.195934,145.458972,129.818072,118.080134,108.718044,101.518084,97.244199,92.370603,87.251429,84.823386,86.42053,91.123959,94.081048,102.3674592,94.1804634,86.27742140000002,63.6974608,43.8539518,21.2601346,13.6009634,0.5851414,0.0,0.0,0.0,0.0,0.0,0.0,0.0,0.0,0.0,0.0,0.0,0.0,0.0,0.0,0.0,0.0,0.0
230522>230525,579,579,FRDu,Finchley Road,Jubilee // NB,579,FRDu,Finchley Road,Metropolitan // SB,Alight-Interchange-Board,20.37422289222,0.082680928,7.837184561999999,7.595210823964003,0.8073561382559999,3.0712789464,0.9805114936,0.0,0.0,0.0,0.0,0.0,0.0,0.0,0.082680928,0.082680928,0.152665436,0.395769956,0.4243961120000001,0.4677180320000001,0.51670309,0.554790102,0.383563598,0.782499842,1.049037234,1.350202476,1.677157756,2.32182354,1.89426114,1.5017209,1.15289279028,0.7178659902800002,0.00132219028,0.00132219028,0.001669290080000001,0.0003470998,0.0003470998,0.0003470998,0.0004512076700000001,0.00010410787,0.00010410787,0.00010410787,0.000152811294,4.870342400000001e-05,4.870342400000001e-05,4.870342400000001e-05,7.890364000000003e-05,3.020021600000001e-05,3.020021600000001e-05,3.020021600000001e-05,5.953623e-05,2.9336014e-05,2.9336014e-05,0.047162588014,0.09535824601399999,0.145209356,0.145209356,0.145209356,0.09825679724,0.05006113924,0.00018069324,0.00018069324,0.08046924124000003,0.2494199080000001,0.299720852,0.502243992,0.502243992,0.4361016380000001,0.2782313612,0.2563806472,0.08847336119999999,0.1155505472,0.117091488,0.1201147968,0.1057063628,0.1334424388,0.1507366428,0.187592696,0.173308304,0.161391498,0.1022560056,0.0578846156,0.0053414276,0.0053414276,0.0032164376,0.0,0.0,0.0,0.0,0.0,0.0,0.0,0.0,0.0,0.0,0.0,0.0,0.0,0.0,0.0,0.0,0.0,0.0
230523>230501,579,579,FRDu,Finchley Road,Jubilee // SB,579,FRDu,Finchley Road,EntEx,Alight-Exit,972.9511474700001,34.07740084,110.11371006,573.8520696,168.33526126,70.2885147,16.28419101,1.47830332,2.58676612,2.96208002,4.76292022,5.08421092,5.744392060000001,5.32865448,6.130073700000001,5.406703240000001,5.0981773,4.91332984,5.4787017,5.778902780000001,6.61339124,8.16774668,9.81525268,12.0240302,13.9220228,15.8802988,17.01515280000001,18.7139172,20.0079786,22.5176102,24.131782,26.079753,27.3634038,27.7327298,26.530269,25.40421000000001,25.06311800000001,24.8346046,25.0434112,25.4470722,26.3655814,26.145507,25.7819,24.6382644,23.6611312,22.7761222,22.2868686,21.2377978,21.1737594,20.817039,20.098239,19.2327284,18.4800684,16.9737182,15.4579862,14.727594,14.0602248,13.065102,12.5948069,12.3323799,11.4633005,10.3892875,9.55806446,8.88633096,8.31673582,7.52714522,7.295780420000002,7.073442980000001,6.361315900000001,5.715974840000001,5.2765087,4.33190758,3.50352094,3.12850352,2.87134782,2.45321046,2.27190052,2.1335321,1.900464474,1.511752474,1.308856914,0.8863609740000001,0.499231714,0.33642804,0.22348594,0.0,0.0,0.0,0.0,0.0,0.0,0.0,0.0,0.0,0.0,0.0,0.0,0.0,0.0,0.0,0.9196558000000001,0.9196558000000001,0.9196558000000001
230523>230524,579,579,FRDu,Finchley Road,Jubilee // SB,579,FRDu,Finchley Road,Metropolitan // NB,Alight-Interchange-Board,269.09569212,0.6627983860000001,22.898330064,104.7708069,75.86092712,45.88282416,19.02000549,0.0,0.0,0.0,0.0,0.0,0.010951662,0.103110402,0.5487363220000001,0.7376010020000001,1.003365062,1.74472782,1.86956262,1.60846922,1.67939172,1.9707217,1.56995094,1.9489758,2.32411028,3.1331645,3.3082894,3.6680648,3.69847414,3.8468921,3.48005112,3.67025706,4.0002361,4.837203860000002,4.86893476,5.18276142,4.86589518,5.36262094,4.74560484,4.732385900000001,4.61922672,4.977245880000001,4.472286299999999,4.09071518,3.83316938,3.883096880000001,3.57222308,4.057179720000001,4.34488528,5.08991376,4.8714825,5.1154374,4.988782780000001,5.787401420000001,6.81279612,7.934901180000002,8.0491878,8.108707500000001,7.27821142,6.237143720000002,5.30983322,5.52863318,4.70989138,5.43857272,4.88652952,5.46676234,4.906590319999999,5.55585262,4.38596632,4.1264028,2.800579092,2.777533112,1.747110852,1.888287272,1.902637192,2.6070943,2.52109842,2.71321654,2.96831628,2.75727329,2.11319243,1.55266083,1.10955847,0.4338508700000001,0.24374406,0.0,0.0,0.0,0.0,0.0,0.0,0.0,0.0,0.0,0.0,0.0,0.0,0.0,0.0,0.0,0.0,0.0,0.0
230523>230525,579,579,FRDu,Finchley Road,Jubilee // SB,579,FRDu,Finchley Road,Metropolitan // SB,Alight-Interchange-Board,1169.925300526,6.20148341,228.72449964,629.5579949999999,197.5610519,87.68829266,20.191977916,0.0,0.0,0.0,0.0,0.0,0.56057596,2.81380336,2.82710409,5.62663549,8.27735389,11.43013993,13.08538193,17.6822534,19.0399406,21.1655982,23.58332140000001,26.1554948,26.2687612,27.425346,28.98427280000001,30.2492236,29.7075396,30.945045,32.04790120000001,33.029235,31.9530858,32.1399364,32.4306826,32.1635938,31.2823992,30.9696332,29.8692026,29.510179,28.0502922,25.4645516,23.3775834,22.3418682,19.7711418,18.4216934,18.1694408,17.754813,16.9643614,16.6071048,16.3374874,15.3987068,14.439904,15.0917112,16.5061944,18.2802406,18.35424320000001,18.9339231,18.6648871,17.5300769,15.4141773,15.0328639,13.9141234,12.3230564,10.6868184,9.5422579,8.48347338,8.08915858,7.22188098,6.661641700000001,6.096794320000001,5.43555274,4.619046099999998,4.26742044,4.26119172,3.8537422,3.82830594,3.4191227,3.33012968,2.2968650952,1.6849576952,1.0790626552,0.6914059351999999,0.008386015200000001,0.0,0.0,0.0,0.0,0.0,0.0,0.0,0.0,0.0,0.0,0.0,0.0,0.0,0.0,0.0,0.0,0.0,0.0,0.0
230524>230501,579,579,FRDu,Finchley Road,Metropolitan // NB,579,FRDu,Finchley Road,EntEx,Alight-Exit,1709.0567512,1.75995908,121.11614742,703.2043901999999,454.5009692,279.5817542,148.8935311,0.0,0.0,0.0,0.0,0.0,0.0,0.23624994,1.52370914,2.00311478,4.308064180000001,8.03837118,9.18891256,9.62373776,11.71311712,12.06851812,10.27429612,11.863737,13.4178286,13.67037,14.94608,16.666883,17.3532206,17.67540300000001,19.4445982,20.676711,21.5884708,22.3951518,23.88390080000001,25.1735156,26.3627524,29.40105860000001,31.55071040000001,33.27379699999999,34.0493206,33.5955396,33.89977639999999,34.2011258,34.1540672,35.42804520000001,36.606729,36.68076920000001,38.4014238,39.8427698,40.89865039999999,41.9869016,42.2083066,41.00039260000001,39.6582112,38.1974906,36.365983,35.8584124,35.95947520000001,35.95267200000001,35.4889656,36.74854660000001,35.0756118,32.93521980000001,30.74891580000001,27.9916508,24.5956998,22.7101508,21.4842276,21.1761716,20.7160072,19.9796878,19.2404058,19.05370880000001,18.9499084,19.2847656,18.0416304,18.8636818,17.65121599999999,14.5035564,12.6225446,11.54278014,11.30515574,8.53657834,7.42670154,5.12919394,3.9857266,0.0,0.0,0.0,0.0,0.0,0.0,0.0,0.0,0.0,0.0,0.0,0.0,0.0,0.0,0.0,0.0
230524>230522,579,579,FRDu,Finchley Road,Metropolitan // NB,579,FRDu,Finchley Road,Jubilee // NB,Alight-Interchange-Board,1732.95590917,0.8017305600000001,65.09121301,529.3455802,529.8159412000001,428.7424882,179.158956,0.0,0.0,0.0,0.0,0.0,0.0,0.21322198,0.5885085800000001,0.634530334,0.915570714,2.659283714,3.647270734,4.736688534,6.46580998,7.424440920000001,6.922895720000001,7.422021920000001,7.67129592,7.966077520000002,8.625327000000002,9.456354199999998,9.8414368,10.3316868,10.8573894,11.8790006,12.4436722,13.3980622,14.4719578,16.2477912,18.7741654,21.8654138,24.932556,26.8017392,27.737323,26.62443020000001,27.4239012,26.3664336,26.9514144,27.115726,29.4679046,29.4364766,32.3862472,35.3550304,39.1794674,40.6256926,44.66530460000001,44.572062,45.4193708,44.39199260000001,45.0728086,43.23669779999999,44.58971680000001,43.1830148,44.0188272,44.874524,45.1659294,42.8834374,42.4768088,41.0047534,38.0459414,36.7792796,36.59080520000001,34.7872946,33.5827822,33.52318020000001,30.7884818,29.6918822,28.5878414,28.2434638,24.5650788,25.4687404,23.6778214,21.3097306,19.1452478,16.17311680000001,10.2787508,6.378206400000002,3.918799200000001,0.0,0.0,0.0,0.0,0.0,0.0,0.0,0.0,0.0,0.0,0.0,0.0,0.0,0.0,0.0,0.0,0.0,0.0
230524>230523,579,579,FRDu,Finchley Road,Metropolitan // NB,579,FRDu,Finchley Road,Jubilee // SB,Alight-Interchange-Board,94.65395654999998,0.137577028,4.45155863,34.55130149199999,33.938625964,10.773374374,10.801519062,0.0,0.0,0.0,0.0,0.0,0.0,0.057973396,0.07960363200000001,0.07960363200000001,0.235214504,0.26758655,0.239651294,0.304988318,0.37086755,0.317748188,0.3475950820000001,0.455075252,0.5256602579999999,0.652687106,0.654880896,0.7195453759999999,0.9083650259999999,1.07061278,1.24107836,1.327928532,1.479852672,1.436669632,1.467691512,1.24859448,1.213492996,1.192698216,1.040658936,1.080847896,1.205470248,1.129332806,1.294104686,1.550401306,1.547531546,1.532139946,1.92080364,2.02614426,2.10509972,2.28546202,2.5267749,2.59567854,3.04584586,3.50212914,4.255236,4.35150008,4.11891872,3.42587878,2.92411992,1.80345486,1.390174928,1.308220268,1.217468868,0.998817368,0.914644916,0.928845868,0.7544328579999999,0.939589078,0.909129498,0.9582367300000002,0.8808909500000002,1.001855786,0.756137334,0.799611154,0.931182834,0.992942454,1.201261088,1.06732206,1.71848418,1.587226888,1.529220808,1.151022488,1.151022488,0.284605488,0.11841112,0.0,0.0,0.0,0.0,0.0,0.0,0.0,0.0,0.0,0.0,0.0,0.0,0.0,0.0,0.0,0.0,0.0,0.0
230525>230501,579,579,FRDu,Finchley Road,Metropolitan // SB,579,FRDu,Finchley Road,EntEx,Alight-Exit,1202.255503099999,10.27754254,204.25776316,608.5538904000001,220.0078916,121.36770838,37.79070702000001,0.0,0.0,0.0,0.0,0.0,0.38225538,3.51886718,6.376419980000001,11.85108438,13.52437618,15.0394712,13.8481244,14.5198186,12.7236324,14.9250034,17.6005758,21.0709034,22.034761,22.82546300000001,24.2945494,25.7423806,26.4221406,26.661834,27.0458956,27.1127944,27.4999724,26.7625346,27.6794112,27.93868740000001,28.474964,28.8250314,28.7828172,28.0838522,27.8411542,26.9695038,24.672643,23.355922,22.036034,21.285474,20.2223278,20.2733322,20.3976746,21.8703106,22.5971986,23.341435,23.4532528,22.675867,20.9769562,19.53673220000001,18.29092300000001,16.27632860000001,15.8643996,15.1642322,14.8078928,14.5074332,15.112439,14.7996056,14.2096916,13.1755438,11.8418342,10.568394,9.661289,9.119532199999998,8.63761552,8.2529398,7.64665126,6.94297566,6.511635740000001,5.98183502,5.3854278,4.85116654,4.26370368,3.5217696,3.41400186,2.9470006,2.50720644,2.0842761,1.6848415,0.7888898400000001,0.36058804,0.0,0.0,0.0,0.0,0.0,0.0,0.0,0.0,0.0,0.0,0.0,0.0,0.0,0.0,0.0,0.0
230525>230522,579,579,FRDu,Finchley Road,Metropolitan // SB,579,FRDu,Finchley Road,Jubilee // NB,Alight-Interchange-Board,298.9027893400001,0.23481688,24.66847195,157.4783288,62.60190394000001,42.03696318000001,11.88230459,0.0,0.0,0.0,0.0,0.0,0.0,0.0,0.23481688,0.63479776,0.80057462,0.9269221740000001,1.097779794,1.396795374,1.343509374,1.495444054,1.8689189,2.76515436,3.2071389,4.17554622,4.95589042,5.92979268,6.062869540000001,6.495459540000001,6.495589240000001,6.769232360000002,6.591263180000001,6.822221940000001,7.220291940000001,8.583693440000001,8.781967860000002,8.903860020000002,8.902272720000003,8.015997220000001,6.652588620000001,6.40164234,6.056232700000002,5.805526500000001,5.947166300000001,5.354564180000001,4.87273358,4.684228280000001,5.15594868,5.13039318,5.84279276,6.10900364,6.58094054,5.9753073,5.96411916,5.2855973,5.209255300000001,4.915845500000001,4.802794459999999,4.35913678,4.54825864,4.43701156,4.41463376,4.21850958,4.398639599999999,4.31669394,5.26768694,4.83148654,4.757007720000002,4.293264860000002,3.68907706,2.14626226,1.72767698,1.260210206,1.130447494,1.544371454,1.477509534,1.556374214,1.697431508,1.62405988,1.0925823,1.0563434,0.7923824,0.4575235600000001,0.36283076,0.22089558,0.0,0.0,0.0,0.0,0.0,0.0,0.0,0.0,0.0,0.0,0.0,0.0,0.0,0.0,0.0,0.0,0.0
230525>230523,579,579,FRDu,Finchley Road,Metropolitan // SB,579,FRDu,Finchley Road,Jubilee // SB,Alight-Interchange-Board,8275.418630000006,31.8737392,1149.3273188,4601.562910000001,1575.408306,712.9881144000001,204.2582416,0.0,0.0,0.0,0.0,0.0,0.0,2.4128046,29.4609346,51.3699306,57.4817936,62.3944728,80.5679142,73.52304620000002,72.2100302,90.5884212,113.152394,125.18924,130.741516,140.78014,151.32842,162.22462,164.95812,177.475282,185.99307,194.088224,196.037836,199.95073,205.17157,213.378752,221.644674,230.913478,233.370044,231.430824,222.21992,210.18043,195.607192,189.197522,177.167552,168.115934,158.626478,159.526826,163.323572,168.998636,171.961624,170.837384,163.69317,154.461772,147.441906,141.371078,136.3614628,129.3466488,120.4714148,113.1609228,106.4776228,99.070346,92.714578,84.5811472,74.5813478,67.8006418,67.7425358,62.6500606,61.44214340000001,60.73739800000001,57.0785052,49.8396362,46.2748034,41.58256179999999,38.67733320000001,35.60162980000001,32.0734006,32.1931438,31.30923240000001,26.51545740000001,20.7248476,15.2205198,8.3545026,2.2655076,0.0,0.0,0.0,0.0,0.0,0.0,0.0,0.0,0.0,0.0,0.0,0.0,0.0,0.0,0.0,0.0,0.0,0.0,0.0
230522>230472,579,579,FRDu,Finchley Road,Jubilee // NB,1445,FNYr,Finchley Road & Frognal,LO Mildmay // EB,Alight-Exit-Interchange-Enter-Board,0.0,0.0,0.0,0.0,0.0,0.0,0.0,0.0,0.0,0.0,0.0,0.0,0.0,0.0,0.0,0.0,0.0,0.0,0.0,0.0,0.0,0.0,0.0,0.0,0.0,0.0,0.0,0.0,0.0,0.0,0.0,0.0,0.0,0.0,0.0,0.0,0.0,0.0,0.0,0.0,0.0,0.0,0.0,0.0,0.0,0.0,0.0,0.0,0.0,0.0,0.0,0.0,0.0,0.0,0.0,0.0,0.0,0.0,0.0,0.0,0.0,0.0,0.0,0.0,0.0,0.0,0.0,0.0,0.0,0.0,0.0,0.0,0.0,0.0,0.0,0.0,0.0,0.0,0.0,0.0,0.0,0.0,0.0,0.0,0.0,0.0,0.0,0.0,0.0,0.0,0.0,0.0,0.0,0.0,0.0,0.0,0.0,0.0,0.0,0.0,0.0,0.0,0.0
230522>230473,579,579,FRDu,Finchley Road,Jubilee // NB,1445,FNYr,Finchley Road & Frognal,LO Mildmay // WB,Alight-Exit-Interchange-Enter-Board,2.4441331987915,0.0,0.013877388236,1.67540821594,0.514389403944,0.2285703542989001,0.0118878363726,0.0,0.0,0.0,0.0,0.0,0.0,0.0,0.0,0.0,0.0,0.0,0.0,0.0,0.0,0.0,3.089175200000001e-06,3.089175200000001e-06,0.0009482485752,0.0024367446552,0.0104862166552,0.01794440408,0.02326612548,0.04473384608,0.115425598,0.107376126,0.1096566206,0.1067655714,0.0853047832,0.0222491132,0.0228205766,0.0144687692,0.01232700364,0.01137491184,0.02114907584,0.11060856244,0.11631812724,0.1160292206,0.11616606294,0.11405705894,0.05960536094000001,0.05250583234,0.06911245534,0.107297945,0.098845065,0.08485969300000001,0.0970682494,0.0804616264,0.04215602772199999,0.033819169722,0.023149812322,0.016330671122,0.0163410561968,0.0262548628748,0.0269156531948,0.03069051659480001,0.0363420653948,0.03633168032,0.02659523468,0.03573909436,0.02103970836,0.01644346896,0.01644346896,0.0162493746,0.0064447246,0.0181526746,0.0117103082863,0.0117103082863,0.0117103082863,0.0117453422463,3.739224630000001e-05,3.503395999999999e-05,3.503395999999999e-05,3.503395999999999e-05,0.0,0.0,0.0,0.0,0.0,0.0,0.0,0.0,0.0,0.0,0.0,0.0,0.0,0.0,0.0,0.0,0.0,0.0,0.0,0.0,0.0,0.0,0.0
230523>230472,579,579,FRDu,Finchley Road,Jubilee // SB,1445,FNYr,Finchley Road & Frognal,LO Mildmay // EB,Alight-Exit-Interchange-Enter-Board,0.5522026061934,0.0,0.1352831864,0.210959368322,0.027455118,0.17850108537738,3.84809402e-06,0.0,0.0,0.0,0.0,0.0,0.0,0.0,0.0,0.0,0.0,0.0,0.0,0.0,0.0,0.0,0.019062164,0.019062164,0.02891268600000001,0.0316095386,0.0366366338,0.0222472452,0.0248886242,0.015067629796,0.014256315796,0.009252099856000002,0.006342948656,0.013548140656,0.02286027706,0.02097473846,0.0209518592,0.019188235,0.009341664,0.0,0.0,5.107943e-06,5.107943e-06,5.107943e-06,8.215088399999999e-06,8.215088399999999e-06,0.0024028101454,0.0024028101454,0.0024028101454,0.002399703,0.002399703,0.0,0.0,0.0,0.0,0.0,0.0,0.0,0.0,0.0,0.0,0.0,0.027455118,0.041189048,0.0411893875308,0.04118999621454,0.04119032419260001,0.0137352061926,1.7704792e-06,1.4309484e-06,1.18908902e-06,8.611109600000002e-07,8.611109600000002e-07,3.6682436e-07,6.436839400000001e-07,2.7685958e-07,5.0909354e-07,8.249907199999998e-07,8.249907199999998e-07,5.4813114e-07,5.4813114e-07,3.1589718e-07,0.0,0.0,0.0,0.0,0.0,0.0,0.0,0.0,0.0,0.0,0.0,0.0,0.0,0.0,0.0,0.0,0.0,0.0,0.0,0.0,0.0
230523>230473,579,579,FRDu,Finchley Road,Jubilee // SB,1445,FNYr,Finchley Road & Frognal,LO Mildmay // WB,Alight-Exit-Interchange-Enter-Board,2.283645171758299,0.0,1.57810056896,0.6250827085992,0.0208676810786,0.0595816656254,1.25474951e-05,0.0,0.0,0.0,0.0,0.0,0.0,0.0,0.0,0.0,0.0,0.0,0.0,0.0,0.0,0.00146894446,0.00146894446,0.39395172446,0.39395172446,0.39395172446,0.39330750666,0.39330750666,0.0008247266600000001,0.0008247266600000001,0.00683426206,0.008787879000000002,0.008787879000000002,0.008939283960000002,0.008939283960000002,0.00699100676,0.00421266316,0.004285342833999999,0.004133937874,0.004186823334,0.000125565134,0.000164836896,9.2157222e-05,0.006727707622,0.011385266962,0.021663706962,0.0318410972,0.0318592095788,0.0252236591788,0.0205275853608,0.0144165945608,0.0042115381828,0.004193425804,0.004202596446,0.004188225464,2.83310866e-05,1.67254646e-05,2.32039886e-05,1.40333466e-05,1.94847076e-05,1.1929885e-05,1.651681340000001e-05,0.003941669889400001,0.006631173489400001,0.0066257221284,0.006629058816800001,0.006624471888400001,0.0026957229828,6.2193828e-06,0.0060753229828,0.006071986294400001,0.006074249286000001,0.006071366591600001,0.006072737691000001,3.634091e-06,4.868332059999999e-06,2.60534046e-06,2.60534046e-06,1.23424106e-06,1.23424106e-06,0.0,0.0,0.0,0.0,0.0,0.0,0.0,0.0,0.0,0.0,0.0,0.0,0.0,0.0,0.0,0.0,0.0,0.0,0.0,0.0,0.0,0.0,0.0
230524>230472,579,579,FRDu,Finchley Road,Metropolitan // NB,1445,FNYr,Finchley Road & Frognal,LO Mildmay // EB,Alight-Exit-Interchange-Enter-Board,1.5160903953,0.0,0.17071868,0.9421067216000001,0.1255093552,0.2522288142400001,0.02552682426,0.0,0.0,0.0,0.0,0.0,0.0,0.0,0.0,0.0,0.0,0.0,0.0,0.0,0.0,0.0,0.0,0.04010894000000001,0.04010894000000001,0.04010894000000001,0.05039186000000001,0.05547000540000002,0.0258551844,0.029971539,0.03321592380000001,0.0229330038,0.0335905424,0.0230964234,0.0486854208,0.0481464892,0.05575543560000001,0.05128418960000002,0.05128418960000002,0.02866114720000001,0.0366054832,0.0326904694,0.0214260314,0.03390041940000001,0.0268181098,0.0357799926,0.0412334186,0.0588741346,0.0463997466,0.0571981682,0.04323125360000001,0.034083895,0.016443179,0.016443179,0.0056447574,0.0,0.0,0.004811887000000001,0.004811887000000001,0.009027668,0.0108218232,0.0130806092,0.0103404704,0.0103404704,0.006124689399999999,0.0043305342,0.003126110000000001,0.0010543618,0.004486357000000001,0.0145896498,0.04383537180000002,0.04379509186000001,0.04379509186000001,0.04036309666000001,0.03638798946000001,0.007142267459999999,0.006128185600000001,0.006128185600000001,0.006128185600000001,0.0,0.0,0.0,0.0,0.0,0.0,0.0,0.0,0.0,0.0,0.0,0.0,0.0,0.0,0.0,0.0,0.0,0.0,0.0,0.0,0.0,0.0,0.0,0.0
230524>230473,579,579,FRDu,Finchley Road,Metropolitan // NB,1445,FNYr,Finchley Road & Frognal,LO Mildmay // WB,Alight-Exit-Interchange-Enter-Board,5.604839906300001,0.0,0.1572954132,2.5787832554,1.4365098451,1.0392065574,0.3930448352000001,0.0,0.0,0.0,0.0,0.0,0.0,0.0,0.0,0.0,0.0,0.0,0.0,0.0,0.0,0.0192152172,0.0192152172,0.03125128,0.03125128,0.03778881799999999,0.0185736008,0.0210616656,0.0090256028,0.0367342588,0.037894826,0.07778225799999999,0.0941435632,0.1123214764,0.08461282040000001,0.1198421052,0.0901134884,0.1149580124,0.1016007312,0.1279500932,0.08502270320000001,0.150326628,0.1121530328,0.1246063048000001,0.1068876716,0.1348395496,0.08208120360000001,0.1720428648000001,0.1604198030000001,0.2171161282,0.2052464642,0.2393192862,0.1572928632,0.179707351,0.11527389086,0.11388847886,0.07272101686,0.09652703186,0.06846170186,0.099256754,0.1019353392,0.1126046712,0.07952146,0.100152644,0.08789983800000001,0.0921201778,0.0674339174,0.0879505274,0.07023565740000001,0.07756881140000002,0.05597308440000001,0.1039140588,0.07921910800000001,0.118964228,0.09777450480000001,0.1364164348,0.08688263480000001,0.08688263480000001,0.04422120080000001,0.03864193,0.0,0.0,0.0,0.0,0.0,0.0,0.0,0.0,0.0,0.0,0.0,0.0,0.0,0.0,0.0,0.0,0.0,0.0,0.0,0.0,0.0,0.0,0.0
230525>230472,579,579,FRDu,Finchley Road,Metropolitan // SB,1445,FNYr,Finchley Road & Frognal,LO Mildmay // EB,Alight-Exit-Interchange-Enter-Board,58.87360057295,0.0,2.22694340095,35.78199759600001,13.21504802,6.089745295199999,1.5598662608,0.0,0.0,0.0,0.0,0.0,0.0,0.0,0.0,0.0,0.0,0.0,0.0,9.447661e-05,0.00013198859,0.01939411059,0.03082532339000001,0.14149833339,0.49026025678,0.6198160568000001,0.9249228548,1.138480502,1.431900952,1.257142492,1.81503064,1.556913486,1.898002726,1.710630746,2.299313006,1.776859846,2.06194614,1.74422896,1.87696744,1.36167822,1.6411558,1.52332884,1.672571,1.5112513,1.4738475,1.157672208,1.129134328,0.874987108,0.8826077680000001,0.8664872680000001,1.11985932,1.03324684,1.1613866,1.10024208,1.25417322,0.942284624,1.052888184,0.943746524,1.267296124,1.012403664,1.21376998,1.114734066,1.118876114,0.7593631340000001,0.8335123,0.65218196,0.662324286,0.5693751979999999,0.5775771780000001,0.507236832,0.4648223960000001,0.340401224,0.309963234,0.250974788,0.1620127652,0.1424430672,0.2370321152,0.3122768252000001,0.2644102712,0.256558114,0.228692228,0.11845364,0.0,0.0,0.0,0.0,0.0,0.0,0.0,0.0,0.0,0.0,0.0,0.0,0.0,0.0,0.0,0.0,0.0,0.0,0.0,0.0,0.0
230525>230473,579,579,FRDu,Finchley Road,Metropolitan // SB,1445,FNYr,Finchley Road & Frognal,LO Mildmay // WB,Alight-Exit-Interchange-Enter-Board,43.66115287564559,0.0,4.862745298,26.53601192600001,9.425117978999998,2.598088852,0.239188820645565,0.0,0.0,0.0,0.0,0.0,0.0,0.0,0.0,0.0,0.0,0.0,0.0,0.0,0.01345726,0.4776962800000001,0.52100619,0.8936267100000002,0.9896831500000002,1.20191521,0.7653604980000001,1.009937688,0.7577239680000001,1.065134048,1.01611944,1.423804812,1.203012472,1.554199392,1.304293844,1.514811072,1.279768712,1.657711832,1.32723876,1.331762514,0.999951962,1.057966382,0.6506075420000001,0.634146862,0.666217236,0.9588030679999999,0.8184369280000001,0.984485568,1.11224336,1.23889546,0.968739004,1.152477964,1.034636048,1.161114388,0.8723753540000001,0.93006979,0.68746558,0.7795357759999999,0.479678546,0.6750280400000002,0.6009321400000001,0.61305998,0.438744373,0.3987859090000001,0.2023807310000001,0.279413077,0.266484383,0.292400776,0.2597149054,0.2606039054,0.1679824394,0.11075078452,0.12843387652,0.12926260372,0.10187546104,0.05633999108000001,0.07861465196,0.03137481396,0.02449516844,0.02398082912,0.02369611908,0.00034361708,0.000343619649113,2.569113000000001e-09,2.569113000000001e-09,2.569113000000001e-09,2.569113000000001e-09,0.0,0.0,0.0,0.0,0.0,0.0,0.0,0.0,0.0,0.0,0.0,0.0,0.0,0.0,0.0,0.0
230472>230522,579,1445,FNYr,Finchley Road & Frognal,LO Mildmay // EB,579,FRDu,Finchley Road,Jubilee // NB,Alight-Exit-Interchange-Enter-Board,54.10578380799998,0.0,1.123313628,22.84347862,18.795474823,11.3328177436,0.0106989934,0.0,0.0,0.0,0.0,0.0,0.0,0.0,0.0,0.0,0.0,0.0,0.0,0.0,0.0,0.0226877048,0.0500399128,0.0777934128,0.1677422728,0.1683923148000001,0.63665801,0.64762548,0.89628884,0.8080157859999999,0.8285106019999999,0.3413974100000001,0.38250796,0.14755024,0.333660822,0.325335312,0.5537848639999999,0.4743546360000001,0.4328954960000001,0.7861831879999999,1.12153298,0.8892432199999999,0.8892432199999999,1.87000042,1.84321486,1.521231012,1.974949212000001,1.999778118,1.459713578,0.945425058,1.371036306,0.917318106,0.8924892,0.9511130800000002,1.38017998,0.9283834400000002,1.84549894,1.8571721274,1.8946001274,1.4655332274,2.5199141274,1.6027986274,2.54047384,2.025305058,2.540648858,1.4977834786,1.9814641986,1.038750978,1.01717522,0.546977044,0.5354615234000001,0.05357563680000001,0.0469404574,0.0469404574,0.0017948334,0.0026795388,0.0008847054000000002,0.0008847054000000002,0.001780832,0.001780832,0.0008961265999999998,0.0008961265999999998,0.0008961265999999998,0.0,0.0,0.0,0.0,0.0,0.0,0.0,0.0,0.0,0.0,0.0,0.0,0.0,0.0,0.0,0.0,0.0,0.0,0.0,0.0
230472>230523,579,1445,FNYr,Finchley Road & Frognal,LO Mildmay // EB,579,FRDu,Finchley Road,Jubilee // SB,Alight-Exit-Interchange-Enter-Board,5.393790199042001,0.0,0.2716939789008,2.0885494056412,1.0359609452,0.5255911393600001,1.47199472994,0.0,0.0,0.0,0.0,0.0,0.0,0.0,0.0,0.0,0.0,0.0,0.0,0.0,0.0,0.0,0.0,0.04710665,0.07424678400000001,0.07424935185039999,0.07609119305039999,0.1233223550504,0.1555262710504,0.1283901367710001,0.1520449509206,0.1853418497206001,0.1484798887206001,0.069175896298,0.0901673445774,0.09033861657739999,0.0551998765774,0.0448306755774,0.06006042600000001,0.052599673,0.04371054019999999,0.05952769820000001,0.05952769820000001,0.0442913742,0.0622735732,0.088155706,0.087351968,0.087351968,0.087351968,0.06553184800000003,0.04799710280000001,0.0695446888,0.0695446888,0.0695446888,0.1585446888,0.13525778,0.098696774,0.123744374,0.123744374,0.05309662200000001,0.05309662200000001,0.05309662200000001,0.028049022,0.05218645000000001,0.024137428,0.05490107800000001,0.099082448,0.099082448,0.07494502,0.07494502,0.04418137,0.0,0.00070995912,0.00070995912,0.00070995912,0.00070995912,0.00104894146,0.00488530234,0.29411496234,0.29411496234,0.29411496234,0.29377598,0.28922966,0.0,0.0,0.0,0.0,0.0,0.0,0.0,0.0,0.0,0.0,0.0,0.0,0.0,0.0,0.0,0.0,0.0,0.0,0.0,0.0
230472>230524,579,1445,FNYr,Finchley Road & Frognal,LO Mildmay // EB,579,FRDu,Finchley Road,Metropolitan // NB,Alight-Exit-Interchange-Enter-Board,50.21444627225701,0.0,1.223534904257,20.005290078,16.500705554,11.41055512,1.074360616,0.0,0.0,0.0,0.0,0.0,0.0,0.0,0.0,0.0,0.0,0.0,0.0,0.0,0.0,7.3332514e-06,0.0657840092514,0.1516504492514,0.2647087192514,0.3118429032514,0.4295414900000001,0.4102193179999999,0.393567898,0.345342458,0.4169441480000001,0.5140455079999999,0.6802676640000002,0.7076663840000001,1.080903174,1.16475492,1.18442958,1.20309784,1.171057894,0.8613425840000001,0.8002437240000001,0.624149324,0.591904204,0.7224904700000001,0.8188584000000001,0.74036927,1.06879981,0.924130214,1.184968534,1.090820354,1.304916404,0.99761421,0.995911782,0.8893289620000001,1.337317102,1.146678066,1.62425346,1.630949328,1.792800048,1.286510888,1.688823164,1.362827564,1.74769098,1.320289692,1.733049492,1.40194846,1.46042226,1.11114338,1.121526564,0.7184065759999999,0.670952168,0.459462358,0.523684158,0.485487386,0.404182626,0.3038623472,0.24994425,0.1046739132,0.1020549732,0.1014468812,0.09155368,0.06739210720000001,0.05343246400000001,0.0,0.0,0.0,0.0,0.0,0.0,0.0,0.0,0.0,0.0,0.0,0.0,0.0,0.0,0.0,0.0,0.0,0.0,0.0,0.0
230472>230525,579,1445,FNYr,Finchley Road & Frognal,LO Mildmay // EB,579,FRDu,Finchley Road,Metropolitan // SB,Alight-Exit-Interchange-Enter-Board,14.75633613139,0.0,0.9644603548000001,9.550529796200001,2.995318179,1.169743471294,0.076284330096,0.0,0.0,0.0,0.0,0.0,0.0,0.0,0.0,0.0,0.0,0.0,0.0,0.0,0.0,0.0,0.010431062,0.04570368800000001,0.282474268,0.2946983134,0.3311530234,0.3366250494,0.3680074574,0.1453103104,0.563892865,0.5665263389999999,0.8129048510000001,0.754382969,0.8178393759999999,0.3894493338,0.4978755758,0.2624145998,0.4353689778,0.3948214118,0.451228464,0.3093666884,0.3843561384000001,0.2485714764,0.2675517944,0.2934075964,0.349577354,0.276544396,0.244767424,0.195323406,0.184415942,0.122593534,0.1434017900000001,0.163117696,0.250762974,0.190413773,0.328666893,0.279081521,0.351530679,0.288492551,0.351876024,0.25047189,0.274908854,0.169217894,0.183686758,0.119753974,0.129943982,0.1055229337,0.1400411197,0.09446296578199999,0.087700011382,0.040682674078,0.040666758378,0.02904041717800001,0.02902398309600001,0.022913501496,0.0244092726,0.0244092726,0.001517427800000001,0.001517427800000001,0.001517427800000001,0.0,0.0,0.0,0.0,0.0,0.0,0.0,0.0,0.0,0.0,0.0,0.0,0.0,0.0,0.0,0.0,0.0,0.0,0.0,0.0,0.0,0.0
230473>230522,579,1445,FNYr,Finchley Road & Frognal,LO Mildmay // WB,579,FRDu,Finchley Road,Jubilee // NB,Alight-Exit-Interchange-Enter-Board,1.916596974,0.0,0.062416476,0.7892445612,0.6551779477999999,0.361941989,0.047816,0.0,0.0,0.0,0.0,0.0,0.0,0.0,0.0,0.0,0.0,0.0,0.0,0.0,0.0,0.0,0.0,0.0,0.0,0.0,0.062416476,0.070827246,0.07704860820000001,0.07704860820000001,0.07704860820000001,0.0146321322,0.0532732622,0.0470519,0.0470519,0.0470519,0.0470519,0.0,0.0,0.0,0.0,0.0,0.0106379994,0.0200160102,0.0436259442,0.0436259442,0.0436259442,0.0329879448,0.023609934,0.0,0.0130287752,0.0130287752,0.0512719252,0.0512719252,0.07602429720000001,0.062995522,0.0680129888,0.035686619,0.035686619,0.010934247,0.07655394300000001,0.0715364762,0.10217461,0.10217461,0.10217461,0.036554914,0.036554914,0.0,0.0025517882,0.0025517882,0.0025517882,0.0025517882,0.0264597882,0.023908,0.023908,0.023908,0.023908,0.0,0.0,0.0,0.0,0.0,0.0,0.0,0.0,0.0,0.0,0.0,0.0,0.0,0.0,0.0,0.0,0.0,0.0,0.0,0.0,0.0,0.0,0.0,0.0,0.0,0.0
230473>230524,579,1445,FNYr,Finchley Road & Frognal,LO Mildmay // WB,579,FRDu,Finchley Road,Metropolitan // NB,Alight-Exit-Interchange-Enter-Board,103.6909752076,0.0,2.8389016376,39.39330489,29.88727334,24.63560128,6.935894060000001,0.0,0.0,0.0,0.0,0.0,0.0,0.0,0.0,0.0,0.0,0.0,0.0,0.0,0.0,0.0,0.00015698752,0.3642040075200001,0.6495611675200001,0.7473642875200002,1.07761518752,1.53575616,1.66883286,1.545658746,1.709212886,1.378961986,1.481063226,0.9839395059999999,1.48307614,1.22171888,1.8892868,1.3288876,2.07865152,1.41733184,2.01467534,1.34710742,1.9204704,1.40161628,1.82736028,1.23001678,1.55998314,1.77762338,2.18311004,1.75736604,2.65159764,2.32163128,2.1825809,1.54618444,2.32468,1.4304484,2.45879846,2.36088542,3.323572420000001,2.54507686,3.58064318,2.55229312,3.26047886,2.29779186,3.0921741,2.229305348,3.155714888,1.893489348,2.346007088,1.551624848,2.04656754,1.120158,1.695013,1.24249526,1.96526,1.29761974,1.59608516,1.02123016,1.02123016,0.57902502,0.57902502,0.2805596,0.2805596,0.2805596,0.0,0.0,0.0,0.0,0.0,0.0,0.0,0.0,0.0,0.0,0.0,0.0,0.0,0.0,0.0,0.0,0.0,0.0,0.0
230473>230525,579,1445,FNYr,Finchley Road & Frognal,LO Mildmay // WB,579,FRDu,Finchley Road,Metropolitan // SB,Alight-Exit-Interchange-Enter-Board,3.39087626062046,0.0,0.3016263054,2.3528766146,0.6361211384000001,0.0839205472,0.01633165502046,0.0,0.0,0.0,0.0,0.0,0.0,0.0,0.0,0.0,0.0,0.0,0.0,0.0,0.0,0.0,0.040405112,0.05566693599999999,0.0578820254,0.0631001766,0.08457205539999998,0.08413975139999999,0.1047126014,0.1043216018,0.1459156786,0.1244437998,0.1432218118,0.1073871378,0.152179462,0.105367234,0.112720754,0.053969934,0.074499068,0.027882654,0.046581152,0.03922763200000001,0.06692796599999999,0.046398832,0.068772652,0.050074154,0.116503084,0.132139076,0.145112238,0.122738418,0.177639922,0.111210992,0.080075616,0.067102454,0.083439078,0.02853757400000001,0.0477773,0.042295808,0.05436679000000001,0.038030166,0.04142132680000001,0.0221816008,0.0196824328,0.007611450800000002,0.007611450800000002,0.004220290000000001,0.015455144,0.011234854,0.011234854,0.011234854,0.011234854,0.0,0.0,0.0,0.0040827956,0.0040827956,0.004082890124092,0.004082890124092,0.004082890124092,9.4524092e-08,9.4524092e-08,0.0,0.0,0.0,0.0,0.0,0.0,0.0,0.0,0.0,0.0,0.0,0.0,0.0,0.0,0.0,0.0,0.0,0.0,0.0,0.0,0.0,0.0
20501>20522,590,590,GPKu,Green Park,EntEx,590,GPKu,Green Park,Jubilee // NB,Enter-Board,3277.789978963425,37.13071186,85.84980881999999,1214.9791608,1126.844237,541.4028832000001,271.583177283424,3.00712022,4.04853058,5.2732913,4.9687397,4.5450324,4.843193100000001,5.09125314,5.353551420000001,5.40355976,5.626122060000001,5.805234200000001,5.9968398,5.614866460000001,6.022280380000002,6.45147418,6.646109480000002,6.78905308,7.988189819999999,10.6629895,12.8430901,14.9065532,18.0309316,22.86720720000001,27.516702,35.560989,43.5898068,51.9638908,56.21764279999999,60.2500548,61.0739244,60.2387414,58.052966,54.385272,52.4119132,49.9229112,48.8135982,48.26970479999999,52.1004788,53.1152806,58.0454966,62.1784906,69.3583234,75.10020140000002,81.00808000000002,81.96247600000002,88.81304399999999,91.795969,97.65568100000002,101.562821,103.523323,102.581801,98.939726,97.105634,93.45307,88.85040700000002,80.600285,71.45780500000002,61.30149040000001,51.45943520000001,48.8571342,44.77745660000001,44.09412380000001,41.4106956,39.6394528,35.40218940000001,34.2084406,34.5625504,34.2321092,35.1396792,35.64130720000001,36.5805416,35.6399716,33.5941078,32.3303998,25.52850320000001,18.5348212,12.0335982,5.924818000000001,0.0,0.0,0.0,0.0,0.0,0.0,0.0,0.0,0.0,0.00027924184,0.000456364994,0.000692812614,0.0007832167999999999,0.1266996868,0.126480619936,0.126866946622,0.126630499002,0.126540094816
20501>20523,590,590,GPKu,Green Park,EntEx,590,GPKu,Green Park,Jubilee // SB,Enter-Board,6907.402346894341,128.1965456,186.6602208,2410.3781246,2242.117374,1163.001688,777.048393894342,5.8336898,8.0612668,16.5378316,18.0670904,19.7567588,20.6578092,21.8862506,17.3958484,15.9194588,15.0439244,14.3090588,13.3787346,11.4050254,11.8052408,11.7876352,13.5416254,14.2715092,16.5479642,22.528253,26.121791,31.5734098,37.2664638,47.0635414,55.75160080000001,70.92298079999999,82.555812,95.744618,101.251984,104.323974,109.02228,107.0394572,103.3665312,104.2530732,103.6778872,97.9083652,102.4632,107.567676,108.291094,112.60706,123.334312,130.297136,144.78069,159.068884,170.246094,172.149082,178.997788,183.6955,184.55652,187.26701,188.485068,195.711994,191.890058,197.269362,198.918394,192.804932,170.3716659999999,151.508916,128.597614,107.710398,98.29799,92.248129,87.91944600000002,86.482202,83.546193,79.393029,78.331096,84.746647,84.22002800000001,84.29259499999999,88.21699500000003,93.46073299999999,89.439763,89.52161400000001,103.87216,85.667916,65.25621600000001,47.12475000000001,30.186234,0.0,0.0,0.0,0.0,0.0,0.0,0.0,0.0,0.0,0.0,0.0008310456800000003,0.0008783309840000003,0.001375613844,0.001404228582,0.001954179582,0.001188783046,0.001141497742,0.0006442148820000001
20501>20530,590,590,GPKu,Green Park,EntEx,590,GPKu,Green Park,Piccadilly // EB,Enter-Board,2004.002425152116,31.56518062,61.33715294000001,926.5099399199999,567.4945002,247.7844002,169.3112512721163,1.742999020000001,2.2754034,4.0592044,4.0505128,4.304974420000002,4.82293582,5.36831564,4.94083512,4.59176956,4.72057364,4.354806,3.786629920000001,2.99790334,3.31855778,3.75890986,3.81152398,4.38361198,5.49850568,8.867503000000003,11.2468582,14.41418412,16.8989332,21.6966328,26.353892,34.6268074,43.70772460000001,51.4359114,54.6599738,53.1433196,49.89361420000001,42.991179,39.66091100000001,37.179056,36.80030479999999,34.73830820000001,35.43819000000001,35.17337000000001,36.42147139999999,37.51629240000001,39.356574,42.3134328,45.2994372,47.7629352,49.0274848,48.96252440000001,49.958406,49.19343959999999,47.7122632,48.31829320000001,49.3013206,48.5724536,47.65501640000001,47.86967480000001,47.0217974,43.9075868,39.0217242,34.6561184,28.7130392,24.5126782,21.5941088,20.6665326,19.0212748,19.32055920000001,17.1288186,17.0485118,15.2358222,15.3596169,14.5273195,15.1278409,14.4414141,18.5070801,18.4276944,18.3113706,16.3245231,22.1311927,15.6181471,12.5814569,9.5063969,8.320967999999999,0.0,0.0,0.0,0.0,0.0,0.0,0.0,0.0,0.0,0.0,0.0,7.158326e-08,0.00041126582326,0.00191867372326,0.00361217752326,0.00361217752326,0.00361210594
20501>20531,590,590,GPKu,Green Park,EntEx,590,GPKu,Green Park,Piccadilly // WB,Enter-Board,2794.628072074922,28.73965766000001,92.23828594,1136.0524004,967.8945492,396.2482686,173.4549102749224,1.6607657,2.97728124,3.64614806,3.843248720000001,3.846229960000001,3.93703136,4.301519420000001,4.5274332,4.650121220000001,5.30581228,5.50530908,5.26335108,5.57304502,5.862818,6.379454600000001,7.544823399999999,7.995348399999999,9.88163866,12.9202954,15.3562688,18.238255,20.8281834,25.013331,28.14444,34.7211586,39.528494,44.48633640000001,46.03799660000001,46.71306740000001,45.3237354,44.0585766,42.28961680000001,42.3753712,43.80456820000001,44.9898378,46.0635732,49.0249436,50.56341860000001,56.4259696,61.0830832,67.6944012,73.86309320000002,81.42804520000001,83.35290420000003,83.78868,83.2292148,84.51357080000002,84.0913678,81.1100288,80.10401060000002,83.114115,81.90214900000002,82.5567,81.797646,76.39222380000002,65.2948426,55.65870699999999,43.959539,36.02301160000001,32.2653536,31.4011724,29.89765400000001,28.8674114,28.8468274,28.4353258,26.7196664,26.7431652,27.4304348,26.806778,25.85608340000001,26.0596326,25.6714844,23.15602580000001,18.198798,14.1733436,9.058033000000002,3.691502400000001,0.0,0.0,0.0,0.0,0.0,0.0,0.0,0.0,0.0,0.0,0.0,1.09052446e-05,2.33572806e-05,2.75980062e-05,0.1566394980062001,0.1566424930950001,0.1566381226958,0.1566256706598,0.1566214299342001
20501>20532,590,590,GPKu,Green Park,EntEx,590,GPKu,Green Park,Victoria // NB,Enter-Board,5957.33105320204,65.84290708,172.56757756,2366.575384600001,2030.821585,873.8226896,447.7009093620401,3.60130296,5.57325896,8.77661496,9.38827886,9.55601216,9.57554956,10.39939716,8.97249246,8.81677806,9.5858369,10.7173589,10.7399711,11.2387452,12.22665,13.5895792,14.8392,15.9244738,17.6872756,21.6566852,25.5450236,30.0871666,34.47371740000001,42.3053474,57.3493508,71.34173559999998,83.77669759999999,98.6820152,106.975415,102.305647,103.133197,101.282577,98.45723900000002,95.064853,96.64788100000004,95.38971980000002,97.66171180000002,100.157007,106.893728,115.523026,122.3479312,133.3908232,149.2135400000001,160.169334,163.945724,171.362546,173.063816,169.482268,167.898636,171.32514,168.56461,174.427484,174.537268,175.872512,175.771472,165.3490499999999,143.166783,126.118093,106.002475,86.451051,78.23558299999999,73.18771760000001,66.34970760000002,63.60725360000001,59.61700520000001,55.19057800000001,51.492937,53.227429,54.3428596,54.488977,55.4744934,61.5204056,62.62594560000001,58.56655379999999,55.21585940000001,45.2576342,30.4168154,16.2470154,7.834250600000002,0.0,0.0,0.0,0.0,0.0,0.0,0.0,0.0,6.403522000000001e-05,0.00179614162,0.00548356362,0.006267235019999999,0.00822296762,0.008689905299999998,0.008860807200000001,0.00569912728,0.00491545588,0.00295972328
20501>20533,590,590,GPKu,Green Park,EntEx,590,GPKu,Green Park,Victoria // SB,Enter-Board,4300.917234992463,42.25742434000001,114.654569,1601.028384400001,1542.2768066,687.2145131999999,313.485537452464,2.23069736,3.0566435,4.109621499999999,3.80284216,5.689621320000001,6.380182260000002,8.45192452,8.53589172,8.916468660000003,7.40110578,7.37382138,6.01798632,6.722270120000001,7.093035260000002,8.390371940000001,9.97356354,10.7490054,11.7050818,14.20509500000001,16.1067638,18.0830286,21.4435874,25.502494,30.767761,36.8206456,42.03734360000001,48.1120324,53.20801239999999,57.1026314,61.36472280000001,66.2478296,69.7480648,71.27161679999999,71.8032728,73.7658988,75.21563200000001,76.75586600000003,79.688764,87.46203400000002,91.108696,98.226097,108.135649,116.0869482,121.0697562,126.6971162,128.7172192,128.4123452,131.51938,130.24868,131.205228,135.355592,135.348778,132.884912,131.696808,122.724632,107.466116,93.6902866,79.35577059999999,67.1653232,60.4068772,56.59771720000001,54.0285966,52.1727026,48.7288848,45.55447879999999,43.144626,42.903862,43.4653876,42.77995740000001,42.1393174,42.3127198,39.88942979999999,37.11061220000001,36.78387360000001,29.49902160000001,21.331062,13.94919,7.353782000000001,0.0,0.0,0.0,0.0,0.0,0.0,0.0,0.0,0.0,0.0,0.0,9.864523999999999e-05,9.864523999999999e-05,9.864523999999999e-05,0.000226416806,0.112082196806,0.111983551566,0.111983551566
20522>20501,590,590,GPKu,Green Park,Jubilee // NB,590,GPKu,Green Park,EntEx,Alight-Exit,8244.275559854796,317.29121696,1250.4246844,4764.791557999999,1285.4681762,477.9790912,148.320833094798,6.76409464,9.70023144,18.92711904,24.21565724,52.024597,58.6603556,72.06610880000002,74.93305320000002,86.05516320000002,69.859128,77.16306879999999,73.8517868,79.6619608,81.05785180000002,91.305734,99.87932800000002,115.550744,132.782928,156.376035,186.880956,204.407498,228.125926,244.046748,248.1373,243.537834,242.664042,228.151222,215.27359,207.922358,198.197782,197.728012,199.290156,198.531048,195.120952,191.827526,180.718564,176.36964,172.306762,170.48503,166.406942,166.065044,164.56715,166.435442,158.47499,153.657348,144.453288,134.2613832,119.1911052,113.8479782,104.8261182,99.6685322,92.66592299999999,86.960003,80.85941199999998,80.208608,74.8684772,69.2935052,62.1470272,56.70139720000001,47.3334856,42.13353,36.912782,34.5007888,30.3958708,27.2863452,24.367023,23.286745,23.6205912,22.0792576,21.7738364,20.441863,18.653601,15.7102446,16.5715586,12.435567,9.486285,6.722100999999999,4.4405944,0.0,0.0,0.0,0.0,0.0,0.0,0.0,0.0,0.0,0.0,0.0005507951999999999,0.0007065781319999999,0.000940005572,0.001031381412,0.001177538812,0.0006877296580000001,0.000531946726,0.000298519286
20522>20530,590,590,GPKu,Green Park,Jubilee // NB,590,GPKu,Green Park,Piccadilly // EB,Alight-Interchange-Board,2040.026813681305,27.9935489,142.5479888,1125.528602,451.1465092000001,205.2186443,87.591520481305,0.55343538,0.8013140999999999,1.24321392,1.58470934,3.27365026,3.47557252,7.8226844,9.23896898,9.9580865,8.38632632,9.76643532,6.60772792,6.54806032,7.152900020000001,9.8122362,11.6171256,13.5994184,16.833415,19.4614936,22.8047636,24.7215082,28.91229580000001,29.4267116,32.7199458,39.5303584,45.7538642,48.1387672,51.9200676,59.9310642,60.1701284,59.465988,58.93970239999999,61.9773618,55.784965,51.05497680000001,48.11294960000001,49.6325066,46.5565256,45.2105024,44.4935094,46.651658,45.8878794,45.26489179999999,45.27047380000001,46.8291912,45.328034,42.5661574,41.3207436,42.6696716,38.8812156,35.6232476,33.88619420000001,32.7485564,30.0607658,31.8273712,29.4053606,28.883451,25.4796242,23.0928714,18.4691416,19.35549240000001,16.4838592,16.29435800000001,13.56028680000001,13.70002620000001,11.0956921,10.1356176,8.668223800000002,8.631580699999999,8.966218300000003,10.2549158,11.2233601,11.0331313,12.934483,9.634008999999999,6.872038600000002,4.532382200000002,3.499464000000001,0.0,0.0,0.0,0.0,0.0,0.0,0.0,0.0,0.0,0.0,0.0,1.2481868e-05,2.66348832e-05,3.1779949e-05,0.001705185549,0.002733505269,0.002721023401,0.002706870385800001
20522>20531,590,590,GPKu,Green Park,Jubilee // NB,590,GPKu,Green Park,Piccadilly // WB,Alight-Interchange-Board,4309.511026005401,257.2096937,626.0899810000001,1983.5353946,849.4402234,434.6884930000001,158.5472403054,10.9376717,15.9416871,28.6015619,35.3590846,44.7833388,41.71810840000001,41.2946286,38.5736126,43.30045060000001,34.6407956,39.3130506,47.289725,47.063293,44.241734,51.3847524,54.8455338,61.1220488,62.6633794,68.35978440000001,71.8654334,74.77639740000002,73.0949204,75.244427,81.49852200000002,85.46055399999999,90.0452592,88.9439282,96.01090500000001,91.87005,91.4411408,86.24738359999999,90.2840246,85.48042579999999,83.62741980000001,78.01420100000001,81.135637,75.818725,75.151177,71.76227320000001,78.2413092,79.36329520000001,82.18505520000001,79.60861659999998,88.22974740000001,85.8940714,83.92946540000001,77.3071994,80.77871,73.805726,71.8993672,63.9749696,67.6236316,63.42126860000001,62.91367260000001,59.788211,58.10393060000001,52.1710836,45.69339,39.78200800000001,36.36802480000001,35.12659760000001,35.23566360000001,35.4351612,36.40494520000001,32.9466372,31.8520828,26.82627500000001,26.846624,24.9012382,25.1009792,24.769665,25.4413514,22.1234248,16.2413986,11.1692672,6.556928999999999,2.1160294,0.0,0.0,0.0,0.0,0.0,0.0,0.0,0.0,0.0,0.0,0.0,0.0023144414,0.00329135612,0.00430815566,0.00454376388,0.00535332788,0.03670569648000001,0.03572878176000002,0.03471198222000001
20522>20532,590,590,GPKu,Green Park,Jubilee // NB,590,GPKu,Green Park,Victoria // NB,Alight-Interchange-Board,4012.285725811733,128.71988382,459.4392616,1761.8415828,953.7594106000001,510.7651670000001,197.760419991734,6.609653540000001,8.40550314,13.81681214,15.9746308,20.5787054,18.2796092,21.66068180000001,23.3942878,27.4370684,23.76506,26.8897146,29.6777796,29.2443118,28.824766,34.6397838,40.2062344,46.02647520000001,51.8616566,59.2437936,61.62261760000001,62.9490356,58.1845566,57.72127000000001,57.36657200000001,59.399821,62.417115,72.7074912,73.5008712,76.0033952,84.38701400000001,83.9161508,79.25344759999999,84.25853959999999,79.8703102,72.2326074,73.6032754,71.26679180000002,68.52572380000001,73.3339852,73.24607920000003,75.9988304,86.18995799999999,87.72018520000002,87.7885564,94.30000040000002,90.84608640000002,84.83442360000002,85.45675640000002,82.39783720000001,77.97588440000001,79.5430984,75.0193458,71.4538168,73.4875228,71.76218259999999,66.68245580000001,64.84714520000001,57.60318420000001,52.43839620000001,49.0018532,46.29084800000001,45.0879864,43.5724218,38.5536918,33.1939006,29.4786214,25.5535506,25.1435676,23.0103146,27.2808264,27.2269308,26.7708046,25.175035,26.494736,17.1448534,12.2323782,7.684096800000002,4.721598,0.0,0.0,0.0,0.0,0.0,0.0,0.0,0.0,0.0,0.0,0.00035092852,0.000447988164,0.000615108384,0.000680114164,0.004505144964,0.004202715682,0.004105656038,0.003938535818
20522>20533,590,590,GPKu,Green Park,Jubilee // NB,590,GPKu,Green Park,Victoria // SB,Alight-Interchange-Board,1326.417217699999,144.753881,287.3884589,404.4557315000001,216.2973352,148.78412956,124.73768154,6.519214799999999,9.1044314,14.9815334,17.55126880000001,24.499822,22.4016694,25.46769560000001,24.2282456,23.7988296,16.7289065,19.6114011,22.0712369,22.6396201,26.6563221,30.2476656,30.5618184,26.3931234,25.1004262,21.7395292,21.83957980000001,19.3126886,19.6270296,19.3230736,18.0124014,15.7920154,17.7675886,15.9146664,15.8503982,16.9768296,17.5301636,16.456094,18.5205258,17.6950228,17.5441504,17.2622676,16.9396016,15.2227816,15.858023,14.5913085,14.6219399,15.2926875,15.1888335,15.5162921,17.6393482,17.180809,17.5078542,18.733162,17.5563786,17.1851264,19.1561532,17.890952,17.7103814,19.44300740000001,18.6606522,17.62631,17.6465488,15.9205368,14.3248796,15.071466,15.2499262,14.5405438,14.16638868,13.46213668,11.11590448,8.875562480000003,8.28106108,8.16449948,9.61122428,9.626757480000002,13.13496808,14.28158148,17.5164978,19.1926408,18.85228446,13.73981526,10.95840606,6.24792106,1.18680906,0.0,0.0,0.0,0.0,0.0,0.0,0.0,0.0,0.0,0.0,0.0,0.0,0.0,0.0,0.0,0.0,0.0,0.0
20523>20501,590,590,GPKu,Green Park,Jubilee // SB,590,GPKu,Green Park,EntEx,Alight-Exit,3921.504890235724,134.8314721208,660.9476374000001,2385.5868144,508.5779028000001,186.65857106,44.9024924549231,1.0793825136,3.7044205136,5.9870711136,12.66005398,18.6491136,28.45874060000001,28.4025462,35.89014360000001,37.72919020000001,39.2442904,35.67748500000001,41.63679699999999,40.2559456,43.5941026,46.80950020000001,54.50843880000001,63.1558752,75.44408940000002,84.5035474,98.38837559999999,113.5579916,124.8405196,129.8746148,134.9924668,134.088308,125.487372,116.9751612,109.3191102,103.8785022,99.0983922,99.0971742,98.913447,100.0401,98.588512,97.13866000000002,90.8188888,85.98955280000001,82.02503080000002,76.65270480000002,73.54301480000002,73.4990268,73.6969288,72.9026088,70.5687262,65.93544360000001,61.62719780000001,55.4516272,48.3812786,44.49326280000001,40.40903880000001,36.2709498,33.4215704,33.1253484,30.9164998,30.6892758,27.8564098,26.327978,21.819677,19.911705,17.849512,17.8712566,15.254342,14.5935866,13.217517,12.0260774,9.786720600000002,9.23524346,8.7649554,7.636918919999999,6.19770378,5.936705480000001,5.068983960000002,4.62289728,5.01516604,3.97952638,2.83284088,2.29158794,1.32012368,0.0,0.0,0.0,0.0,0.0,0.0,0.0,0.0,0.0,0.0,0.0,2.9373572e-06,3.571786460000001e-06,5.57709686e-06,6.840561660000001e-06,8.565754860000001e-06,5.628397660000001e-06,4.993968400000001e-06
20523>20530,590,590,GPKu,Green Park,Jubilee // SB,590,GPKu,Green Park,Piccadilly // EB,Alight-Interchange-Board,1143.262361651426,40.687044829068,131.8688296,663.7501982,214.21605984,72.3235554,20.41667378235801,0.549827636356,1.162885016356,1.633814776356,2.97191494,4.59413896,7.90549394,9.79676896,12.0722006,12.07543512,11.03597852,8.712325020000002,7.403730360000001,5.877833560000001,7.047888840000001,8.68016164,10.33541274,12.748257,14.795932,16.1119788,17.043896,19.704586,19.9809364,22.6610066,22.7013184,23.9119558,22.9853194,25.2824164,24.2532622,25.384548,27.426884,29.53367,32.4288532,34.19928280000001,35.7809552,34.3706864,34.0904712,32.0429706,31.1119608,28.9052082,29.1729678,28.1057142,27.2074582,25.9791006,26.5286658,25.68876,26.140588,23.78967440000001,22.592189,21.1811126,18.1706466,13.61766746,13.46867446,13.13264266,11.55175966,12.31703086,12.56531414,10.20087434,8.179525940000001,7.854396340000001,6.58401186,7.033944920000001,6.51291428,6.326527220000001,5.443647340000001,4.788584900000001,3.193594500000001,3.07387372,3.13166004,2.88576246,2.97422718,3.01113552,2.686264280000001,1.989067688,2.282660228,1.671110828,1.222230488,0.920743548,0.7712886800000001,0.0,0.0,0.0,0.0,0.0,0.0,0.0,0.0,0.0,0.0,0.0,0.00013493238,0.000224916372,0.000347605502,0.000395208732,0.000480022708,0.000345090328,0.000255106336
20523>20531,590,590,GPKu,Green Park,Jubilee // SB,590,GPKu,Green Park,Piccadilly // WB,Alight-Interchange-Board,3074.057851674,96.98453557800002,404.2479756,1603.9991858,667.111571,235.8707266,65.843857096,2.055059326,5.850215726000002,7.643573126000001,11.7141694,14.1441288,18.1488872,16.754051,20.674451,22.5802496,21.5697596,20.6546732,26.482399,28.235405,27.7291954,33.72560739999999,37.3693044,42.92625440000001,44.30450220000001,47.66195800000001,51.00866740000001,54.44015140000001,52.6442954,57.86729720000001,62.5302098,63.12562760000001,64.409199,65.265077,64.78014200000001,65.028997,64.57699240000001,66.451723,73.20594200000001,75.334936,74.680243,73.81873580000001,77.04451479999999,70.30192579999999,67.6395598,65.6766266,70.79939660000002,67.11368560000001,68.61823559999999,67.30424559999999,71.34142680000002,66.13973539999999,64.68511679999999,60.83621360000001,58.79739480000001,56.68143780000001,53.46498500000001,50.1281846,55.73613380000001,55.0568506,51.1148226,48.709512,45.761184,33.3068224,29.3514484,23.0695266,22.3567178,20.2061086,19.2074836,17.1827162,16.3721588,14.6987966,13.120995,13.919638,13.0783146,13.7057234,12.4169654,11.6152666,9.1276375,7.59221136,4.92005876,3.12788776,1.63899436,0.66072306,0.0,0.0,0.0,0.0,0.0,0.0,0.0,0.0,0.0,0.0,0.0,0.0143084512,0.03417686120000001,0.0418895172,0.1346223632,0.1739822632,0.2289529720000001,0.2090845620000001,0.201371906
20523>20532,590,590,GPKu,Green Park,Jubilee // SB,590,GPKu,Green Park,Victoria // NB,Alight-Interchange-Board,1150.98211351481,67.62134294536,131.68464154,466.9580369999999,271.0058844000001,148.13749956,65.57470806945001,2.45660279512,4.675484195119999,5.91322679512,9.9182271,11.0860773,12.4163116,10.76659648,10.38881668,6.95073082,5.47882734,5.08134434,7.26060906,9.18284246,11.05963152,12.2646446,13.6858218,13.7105544,14.6931986,16.1159464,16.2004902,16.642944,16.3347232,15.9455708,15.8322114,16.239182,15.9550328,17.7760492,17.03431419999999,16.7260774,17.5948586,18.1253468,18.4359792,19.4526312,20.3888858,21.2094726,20.73668420000001,21.2408892,23.5237302,22.355655,22.2502752,23.9794014,23.1212836,21.2298752,24.8269638,23.31580240000001,22.7768932,23.9325164,23.922975,21.798163,24.2664514,23.4595678,23.699362,23.4141696,22.0359116,19.3794416,19.0046304,16.2451008,14.8395028,14.0745694,13.776958,13.6623368,12.9226284,12.5219938,11.9756948,10.98613,9.399156800000002,8.56513048,9.16829748,8.813760980000003,8.636789180000001,8.752908580000001,8.912520760000003,7.63856576,7.65116966,6.182772460000002,4.390033260000001,2.925589200000001,1.655306,0.0,0.0,0.0,0.0,0.0,0.0,0.0,0.0,0.0,0.0,0.0003233909600000001,0.0006877896,0.00086705951,0.00113554693,0.00217329853,0.00367107037,0.00330667173,0.00312740182
20523>20533,590,590,GPKu,Green Park,Jubilee // SB,590,GPKu,Green Park,Victoria // SB,Alight-Interchange-Board,4453.531316109,139.47179604,612.5349231999999,2018.373673999999,1039.1179462,516.3064886000001,127.726488069,3.90113048,7.59543968,9.93052328,17.0718792,19.88466600000001,24.35367380000001,22.5756036,34.15888,36.65636720000001,36.94935039999999,40.21203920000001,46.2734826,43.56850379999999,45.0153346,49.7488366,53.4683144,59.527628,65.09477079999999,65.54028079999999,70.48001479999998,80.46831800000002,80.99994400000001,78.94037800000002,85.08666400000001,85.34151600000001,78.97555000000001,82.314008,80.96666,79.57732680000002,82.06467559999999,84.1721328,84.97527679999999,89.9278218,90.803629,92.4528082,88.412533,88.354752,86.655247,81.31480959999999,76.1331676,81.41508759999998,79.61242860000002,86.98360260000003,92.425337,92.34275699999999,93.752675,97.086643,88.99812299999999,90.53737320000002,93.89909920000001,88.9142252,85.01266120000003,83.6525752,79.55954700000002,74.0426926,71.31957460000002,65.77921860000001,58.42273660000001,50.4228396,48.141668,45.8332726,41.71078720000001,41.53164380000001,40.1622448,36.8924672,31.36299360000001,29.6351104,26.4115062,25.1988708,21.7741782,19.983245,16.272338,14.9874489,11.06793024,8.07109044,4.51836864,3.33781224,0.8327129400000001,0.0,0.0,0.0,0.0,0.0,0.0,0.0,0.0,0.0,0.0,0.0,0.0001215178,0.0001215178,0.0001215178,0.0001215178,0.5607498778,0.5606283599999999,0.5606283599999999
20530>20501,590,590,GPKu,Green Park,Piccadilly // EB,590,GPKu,Green Park,EntEx,Alight-Exit,3053.1530479767,29.2769005103,361.58959426,1806.2670088,560.3613266000002,171.16318206,124.4950357464,0.7088020341000001,0.9797518741000002,1.7487957541,2.044828948,3.8083816,4.837391220000002,6.006663580000001,9.1422855,12.42820948,17.94932968,18.6796593,19.5503455,19.2467413,20.8972993,22.7414565,28.0756614,40.0601998,47.1158192,55.88191500000001,58.96295780000001,72.5902858,73.856603,80.046336,87.778199,91.178551,85.39416899999999,84.05267300000001,81.193081,78.20055800000002,77.95630000000001,78.07645880000003,77.9133838,80.2284618,74.6816498,74.131167,72.12413719999998,73.1901462,69.83200620000001,69.32124019999999,65.26952960000001,66.12692460000001,64.11055259999999,64.2734326,64.74116260000001,66.1697088,61.60589760000001,58.37919360000001,54.06011240000001,50.67403239999999,46.59282820000001,44.10086260000001,41.08316660000001,40.1208604,35.68371720000001,32.635045,29.2559018,26.9506094,22.188442,20.2474194,17.5624464,16.5306048,14.0099744,12.5113716,10.258051,9.4061892,7.718739900000001,7.10275416,6.676579800000002,7.010530000000001,6.902056600000001,6.527269299999999,5.959500140000001,5.245531160000001,6.31119956,6.758326759999999,18.30702896,17.45427666,17.0299376,14.4997114,12.487008,0.0,0.0,0.0,0.0,0.0,0.0,0.0,0.0,0.0,0.0,0.00030168868,0.0003883694340000001,0.0005207997740000001,0.0005834790640000001,0.0005834790640000001,0.0002817903840000001
20530>20522,590,590,GPKu,Green Park,Piccadilly // EB,590,GPKu,Green Park,Jubilee // NB,Alight-Interchange-Board,2706.711681885371,18.55122557,190.05890708,1111.0036246,841.413624,389.5239074,156.160393235372,0.75602668,0.884085114,1.649854974,1.880845454,2.674215354,2.750753394,3.85866946,4.09677514,4.334819120000001,4.9373688,7.0313853,9.109960400000002,11.69421386,14.4911014,15.9137408,19.1398642,22.3806316,23.8224674,27.1224988,30.0808554,31.45802380000001,29.924729,31.9090228,33.3678788,35.1517358,35.3879936,37.74184800000001,40.008049,42.512337,45.430744,49.5422032,53.4230732,55.83879200000001,53.9987012,52.9487186,51.699941,50.7381104,48.85417940000001,48.988501,49.5907776,52.63729120000001,55.22575920000001,60.34715180000001,64.278063,66.51384719999999,64.3384072,64.29072420000001,63.0675462,63.2784312,63.62224399999999,68.021946,76.963095,79.66452100000002,79.35181600000001,78.62654,73.67450600000002,59.60642600000001,48.85259420000001,43.53430700000001,37.5822414,31.1537934,28.7731174,26.7579044,25.150283,22.3129248,22.3376008,22.088204,21.374511,20.3010418,22.2748146,22.5089462,23.379223,22.1638064,18.64422592,13.35208692,9.04923132,3.10025732,1.38652372,0.0,0.0,0.0,0.0,0.0,0.0,0.0,0.0,0.0,0.0,0.0,0.0,2.576730600000001e-05,3.35696944e-05,4.60386444e-05,5.21423444e-05,5.21423444e-05,2.63750384e-05
20530>20523,590,590,GPKu,Green Park,Piccadilly // EB,590,GPKu,Green Park,Jubilee // SB,Alight-Interchange-Board,4208.616965345926,99.95063160000001,320.9572772,1569.952197,1282.0340514,624.2028412000001,311.5199669459261,10.695508,11.6244802,14.1912532,13.1639088,11.5437812,11.5384974,12.0152346,15.1779682,18.258944,19.8619012,22.796731,25.9160986,25.304669,24.9872368,26.2866654,26.3246796,29.7253838,31.2851244,34.1464414,36.063402,40.3428418,40.87528200000001,44.136485,50.343919,52.7451414,54.8443454,57.86012,58.18825179999999,62.49826760000001,67.48850720000002,71.3927022,75.32797020000002,78.9667718,75.29474499999999,74.18604900000003,73.37221600000001,72.253244,70.7872276,69.7652396,71.39637160000002,71.2883056,73.23772960000002,79.00025480000002,84.36020880000002,86.49492400000003,87.42635600000001,87.69609,90.5240852,94.1134792,93.78374000000001,101.024674,122.151428,130.586916,132.569771,133.290081,122.372507,98.12468800000002,79.3134172,64.07004939999999,55.02954420000001,52.13747920000001,44.856495,43.45750820000001,41.0943446,40.04920080000001,36.40210039999999,36.7255346,32.94247960000001,32.3488158,33.2281134,34.64422279999999,41.07654580000001,41.6668756,43.9736528,34.7032762,27.2221822,14.3590242,8.296061,0.0,0.0,0.0,0.0,0.0,0.0,0.0,0.0,0.0,0.0,0.0,0.0,8.5297564e-05,0.000111006988,0.000251010638,0.0002783761,0.0002783761,0.000193078536
20530>20532,590,590,GPKu,Green Park,Piccadilly // EB,590,GPKu,Green Park,Victoria // NB,Alight-Interchange-Board,1249.072996736,6.227053970000001,77.84851224,473.4054282,479.1780734,164.4413798,47.97254912600001,0.01974704,0.045200262,0.096956222,0.513674842,0.7278482820000001,0.972370242,1.32525368,2.5260034,2.10928478,3.16705968,3.5640818,5.799197940000001,5.886589600000002,7.3265023,6.5058214,9.11665708,7.69503408,8.54463234,8.30585564,9.8277956,8.143181000000002,8.21274294,7.476996800000001,11.6864048,11.6776786,12.7340461,14.93793296,17.5139927,16.9637015,18.29343110000001,19.8246894,21.587366,24.067868,23.950267,23.5402109,25.5920019,26.6050803,23.8502051,23.92572730000001,26.2993234,26.1264814,25.1114098,26.57204620000001,28.712643,32.3419306,32.5505564,31.0547812,33.6624248,33.95577040000001,31.43149720000001,37.3719048,47.892628,52.683038,50.9344254,50.6329604,44.6661562,33.65235320000001,22.51534180000001,19.41871100000001,16.2609822,12.1298188,10.29533212,11.19158492,9.595134720000004,8.59983702,7.361300460000002,7.74233714,5.678646420000002,5.4871963,6.6447032,5.859354752000001,5.096231552,4.8072402452,6.929300365200001,3.863519765200002,3.782251973200002,2.761718173200001,2.741032800000001,0.0,0.0,0.0,0.0,0.0,0.0,0.0,0.0,0.0,0.0,0.0,0.0,0.0,0.0,0.0,0.0,0.0,0.0
20530>20533,590,590,GPKu,Green Park,Piccadilly // EB,590,GPKu,Green Park,Victoria // SB,Alight-Interchange-Board,1154.799812016323,42.28344678000001,78.57199192,418.479559,357.2599594000001,185.7502301,72.45462481632347,3.02101012,3.74401922,5.42713362,6.345103640000001,7.328985019999998,5.620640620000001,5.953748720000001,4.842805820000001,4.413937020000001,3.60615246,4.416741780000002,4.4454457,5.2673016,6.225063,7.280622639999999,7.465823919999999,8.380491000000001,8.375823,8.96172,9.7328698,10.3067074,9.86154192,10.76950932,11.37292232,11.89668732,12.77726592,14.06017,14.8993028,16.1718218,17.077397,17.944786,19.6403,20.9114156,20.16302120000001,20.3005136,19.6165216,20.2009348,19.7222296,19.838951,20.3610034,22.085935,21.8315282,22.5244768,24.1446164,25.3685856,24.5287128,24.9442618,24.9935724,26.9240542,26.3356476,27.83389439999999,33.1674498,38.20871760000001,35.79428760000001,35.5394986,33.62127700000001,26.9135986,19.6737226,18.2574066,15.7419042,14.9513128,13.1744074,13.314928,12.4133835,12.9413315,12.5747749,13.4283463,12.3651137,11.7907862,11.5738312,9.97428312,8.96335412,8.412280260000001,8.15106574,5.41027674,4.37219882,2.40228862,1.40355348,0.0,0.0,0.0,0.0,0.0,0.0,0.0,0.0,0.0,0.0,0.0,0.0,5.6033092e-06,7.3114424e-06,0.0001737873904,0.00017513916356,0.00017513916356,0.00016953585436
20531>20501,590,590,GPKu,Green Park,Piccadilly // WB,590,GPKu,Green Park,EntEx,Alight-Exit,2431.83440821669,47.484650446,358.86574608,1414.4371856,395.40125,175.96550714,39.68006895068999,0.723771982,1.726085302,2.492844602,4.812494940000001,6.28280258,9.32837602,9.72372916,12.39454586,12.60437946,12.94586766,11.02925366,10.96993226,11.40757946,14.26243026,18.37285146,28.34872346,39.7495554,53.75317140000001,63.89202099999999,81.5299806,93.605351,99.46544399999999,96.68100279999999,95.05925480000002,83.97190739999998,72.22340080000002,63.3115268,59.41886600000001,55.2621434,52.13076000000001,50.0912436,51.76356060000001,51.37145940000001,50.52479500000001,49.0691904,48.3938744,46.101226,44.3881416,43.90501400000001,43.832302,42.0576064,40.8454658,40.3107734,40.65287600000001,39.6422116,38.689353,37.992051,36.3674774,33.6598486,32.3749296,32.2130064,31.06877840000001,29.4612772,29.3597028,28.23048380000001,26.3421302,23.2613826,21.543013,18.5126956,16.934481,15.276377,15.6768026,13.7277316,12.7195652,11.2492254,10.2886724,8.439291520000001,8.33626922,7.69623872,7.343123520000002,6.333292080000001,5.970155320000001,4.766663080000002,3.48399658,2.25372118,1.47638362,0.35582926,0.0,0.0,0.0,0.0,0.0,0.0,0.0,0.0,0.0,0.0,0.0,0.0,7.3855516e-05,7.3855516e-05,0.000116031632,0.000116031632,0.000144509142,7.065362600000001e-05,7.065362600000001e-05
20531>20522,590,590,GPKu,Green Park,Piccadilly // WB,590,GPKu,Green Park,Jubilee // NB,Alight-Interchange-Board,1065.810430226873,21.931911132,41.48771798000001,270.88224618,323.275047,258.8199894000001,149.413518534873,1.121454904,2.040085504,2.383140984,3.40553666,3.01333572,3.56572824,2.84310344,3.55952568,3.13717718,3.29728832,2.95446476,3.18578676,2.70620358,2.795337840000001,3.15014468,3.64834976,3.93650072,4.2941551,4.18338164,4.19892764,4.209147639999999,4.79896282,4.963614980000001,5.49783248,5.678197760000002,5.846862420000001,5.99461576,6.88260148,7.87389622,9.21087894,10.29199668,11.2925518,11.000845,11.2762244,11.79815,12.409218,12.4145576,14.1367716,15.6067328,16.581547,16.7142058,19.6897974,22.8414362,23.8716014,23.3881016,25.910033,25.739187,24.95348520000001,23.81862,25.6316826,26.2121362,27.369511,27.9711204,30.9904602,30.78701520000001,30.50369460000001,27.2970078,24.6148622,21.6940374,20.33142680000001,19.549172,20.3025252,22.1655,22.216021,21.812035,20.0970508,18.9762026,19.7641486,20.3410586,22.0712034,22.478031,24.3778728,21.10741100000001,16.5499014,11.5657622,7.8332762,3.0865538,0.0,0.0,0.0,0.0,0.0,0.0,0.0,0.0,0.0,0.0,0.0,2.3531272e-05,5.3218806e-05,6.469202339999999e-05,8.599435139999999e-05,9.60526754e-05,0.0007318313434,0.0007021438094000001,0.000690670592
20531>20523,590,590,GPKu,Green Park,Piccadilly // WB,590,GPKu,Green Park,Jubilee // SB,Alight-Interchange-Board,1976.85362877257,82.71218438000001,121.70979998,609.0117785200001,532.0854750000001,474.7876912,156.54669969257,1.6150093,8.3357393,9.2199086,11.62163256,11.97972142,16.11960310000001,10.6882487,13.1323214,12.0904648,12.1695198,8.635269599999999,9.5674258,7.32023314,7.97640434,7.937077939999999,10.22348434,9.35198726,10.99296972,11.25703792,14.18792532,14.42032652,16.619102,17.3955298,18.7948468,18.5988956,19.0735306,18.3619224,19.5134452,20.6895548,21.8398632,23.7707526,26.7086536,27.3392796,27.66083920000001,27.712817,29.4543968,27.7034724,28.24894,29.63760760000001,33.17019260000001,30.0977416,33.88448220000001,37.7198362,40.5957502,37.74830160000001,42.2785542,43.034027,43.875577,40.2373244,46.188747,45.96394420000001,45.8467092,43.7871344,49.26725020000001,46.5432382,47.31466760000001,45.8589086,45.263384,40.3122532,40.0168796,35.47858580000001,42.9423898,37.86140820000001,42.67605520000001,35.96876760000001,41.70154380000001,29.9636968,36.7438186,28.1023814,28.9116104,23.5983802,24.6786056,17.2214786,14.4629548,11.498547,5.8894742,2.0898938,0.0,0.0,0.0,0.0,0.0,0.0,0.0,0.0,0.0,0.0,0.0,6.6195556e-05,0.000129852088,0.000150471462,0.000179205794,0.002015516194,0.03032679463800001,0.030263138106,0.030242518732
20531>20532,590,590,GPKu,Green Park,Piccadilly // WB,590,GPKu,Green Park,Victoria // NB,Alight-Interchange-Board,5.665866227999997,5.256246570799999,0.0393034772,0.0,0.0,0.0,0.3703161799999999,0.438954068,0.6693264480000001,0.8486005179999999,1.071643144,0.7635753702,0.6949423022,0.4742393952000001,0.2949653252000001,0.0164099252,0.013224079,0.009669473,0.0,0.0,0.0,0.0,0.0,0.0,0.0,0.0,0.0,0.0,0.0,0.0,0.0,0.0,0.0,0.0,0.0,0.0,0.0,0.0,0.0,0.0,0.0,0.0,0.0,0.0,0.0,0.0,0.0,0.0,0.0,0.0,0.0,0.0,0.0,0.0,0.0,0.0,0.0,0.0,0.0,0.0,0.0,0.0,0.0,0.0,0.0,0.0,0.0,0.0,0.0,0.0,0.0,0.0,0.0,0.0,0.0,0.0,0.0,0.0,0.07406323599999999,0.07406323599999999,0.07406323599999999,0.07406323599999999,0.07406323599999999,0.0,0.0,0.0,0.0,0.0,0.0,0.0,0.0,0.0,0.0,0.0,0.0,0.0,0.0,0.0,0.0,0.0,0.0,0.0,0.0
20531>20533,590,590,GPKu,Green Park,Piccadilly // WB,590,GPKu,Green Park,Victoria // SB,Alight-Interchange-Board,1050.0086689621,8.4846143188,30.0693103873,353.1425272,382.940066,221.0196656,54.35248545600001,0.2932784632,1.0067068232,1.2892771632,1.313143628,1.1376120253,1.2942251453,0.9756685053,1.174702565300001,1.4675270073,1.6673786,1.61576902,1.8509995,2.0883449,2.93920186,3.00361364,3.28569276,3.18139784,3.02280094,2.6198569,3.32672742,3.91266598,4.01443652,4.54812906,5.29623342,5.44855552,5.426498740000001,6.65543912,8.72501268,8.99073648,10.11202928,12.0418566,15.224903,16.9184274,18.0204848,19.2316794,20.2645552,19.6681186,18.179396,19.4258414,22.5967948,23.6773302,25.4244242,27.5403804,31.7985984,32.54151,32.744861,32.1953266,33.5779288,33.8692556,32.9291342,33.8107878,35.6637062,33.95857460000001,28.9353312,26.848665,25.864985,23.755144,22.7855034,23.287167,21.5146332,20.7170098,17.4411578,16.5254458,15.1780188,15.647406,14.0770486,15.2057872,14.885344,14.3056082,12.00360852,9.85542376,7.27057696,4.816675600000001,2.5871474,1.84728028,1.15395524,0.5021504400000001,0.0,0.0,0.0,0.0,0.0,0.0,0.0,0.0,0.0,0.0,0.0,0.0,0.00127373552,0.00127373552,0.00127373552,0.00219633012,0.00219633012,0.0009225946,0.0009225946
20532>20501,590,590,GPKu,Green Park,Victoria // NB,590,GPKu,Green Park,EntEx,Alight-Exit,5394.416190633998,88.96820472799999,831.9662944000002,3267.313251,844.5487478,304.7760984000001,56.84359430599999,1.924624336,3.784017836,4.392633656,9.58183738,10.47502758,16.29439572,19.33643022,23.179238,25.9195518,45.19391800000001,52.22605240000001,59.24840440000001,66.74094360000001,71.20737120000003,63.13692620000001,66.3896282,77.37064620000002,89.3589254,100.443105,114.730822,130.709658,138.834276,150.203084,159.906784,161.694372,165.755302,165.412726,157.67788,155.622734,158.293594,149.056688,150.328518,148.40581,140.905964,136.190064,132.018946,121.523925,120.975271,116.498571,105.970825,103.543651,105.08407,96.50254800000002,96.19799,94.818632,89.01391,80.82367199999999,79.75477599999998,72.84156200000002,72.468092,68.8630894,63.4566414,58.49108740000001,59.39375940000001,53.38204680000001,51.2414794,49.88420540000001,45.7706094,37.817646,33.2191658,27.1128866,23.422022,19.7278086,17.5572998,14.8767826,13.6271118,11.2190474,10.541513,9.2926472,8.561339539999999,8.04685254,6.82780998,5.37426138,5.09117058,4.70716424,3.310005240000001,2.5778688,2.0378912,0.829168,0.0,0.0,0.0,0.0,0.0,0.0,0.0,0.0,0.0149344712,0.0149344712,0.0149344712,0.0149344712,0.0374831212,0.02254865,0.02254865,0.02254865,0.02254865
20532>20522,590,590,GPKu,Green Park,Victoria // NB,590,GPKu,Green Park,Jubilee // NB,Alight-Interchange-Board,4280.82602964603,87.8829024,491.00011588,1788.9035158,962.2128462000002,695.972062,254.85458736603,5.32186806,7.75977766,8.77957136,12.8057231,9.83435478,12.20620498,13.59456538,17.58083708,20.05614848,21.528325,25.3184672,28.230708,30.0926434,31.6889652,38.43915920000001,44.34820780000001,52.87875700000001,59.9542834,67.5584906,70.90596059999999,70.403543,65.28484499999999,66.1395126,63.3772334,61.6911296,67.5262846,72.70487059999998,74.4089438,83.1237022,93.1762552,91.1650652,94.6265424,93.5133804,85.33618000000001,79.30205600000002,76.795074,68.8833978,68.14606380000001,67.402135,62.17566620000001,65.79304520000001,72.5341062,71.0581982,74.33628540000002,79.8005432,76.14588420000003,75.3739162,79.73623420000001,78.12676000000002,82.46303300000002,85.36726620000002,82.28261540000001,81.20265020000002,84.5474832,79.21646840000002,77.94999200000002,76.62041200000002,70.72308380000003,60.94134280000002,61.32450960000001,56.59143540000001,57.20633820000001,54.09342160000001,57.717278,51.818394,49.889374,49.18043,49.8660426,43.21508160000001,39.46820900000001,38.3728184,32.418762,27.5459344,26.3730348,21.0224394,13.7302614,7.3447478,4.0839908,0.0,0.0,0.0,0.0,0.0,0.0,0.0,0.0,0.0,0.00016462144,0.000271573954,0.000418759814,0.000476717934,0.255786777934,0.25566126703,0.255626792588,0.255479606728,0.255421648608
20532>20523,590,590,GPKu,Green Park,Victoria // NB,590,GPKu,Green Park,Jubilee // SB,Alight-Interchange-Board,1483.025108512752,65.29965982,129.08963928,619.719103,259.9001332,275.7754796,133.241093612752,4.65232,6.9400414,7.89636454,9.24558274,9.39336934,9.21205962,8.75373442,9.20618776,7.892224499999999,7.855011500000002,8.42176474,8.12316668,9.0203286,10.42812106,9.77183806,11.03516854,12.77806,14.224291,14.686694,14.8529706,18.6722362,20.1305534,21.445481,28.5581582,31.676615,30.5671588,34.69146,36.7126122,34.32080620000001,35.632441,33.3468474,31.5978974,30.018549,26.0053714,23.0449774,24.1628578,20.4183534,19.4299802,19.495471,18.91982800000001,19.5536334,20.7197628,19.7640034,20.8340484,21.44029,19.9752774,19.1261272,19.338797,18.325536,18.9034094,20.93796660000001,19.8438424,22.78106500000001,26.6009698,26.1016118,26.5252406,29.707067,26.6468904,23.3640618,24.4026672,21.6344292,19.5772614,20.6322514,21.3796292,20.821286,22.5391814,23.0131038,22.0576508,19.6827696,17.4593806,17.2935916,14.760997,13.6996054,15.874342,13.5278248,8.979161,7.327465999999998,4.6348366,0.0,0.0,0.0,0.0,0.0,0.0,0.0,0.0,0.0,3.697039000000001e-05,6.2221318e-05,9.9072228e-05,0.00011385647,0.0001382307,0.000111374578,0.00021525771,0.0001784068,0.000163622558
20532>20530,590,590,GPKu,Green Park,Victoria // NB,590,GPKu,Green Park,Piccadilly // EB,Alight-Interchange-Board,1246.062984670611,9.281438510400001,108.4415016,839.1703498000002,214.4743718,63.91871450000001,10.776608460212,0.3171633348,0.4475205048000001,0.5517310848000001,1.045827438,1.054538778,1.57514175,1.94719562,2.34232,3.4518094,4.87646094,4.978579100000001,5.083902400000001,5.783694360000001,5.737718220000001,6.11001782,8.06706632,11.94711078,15.05624886,17.9896382,19.3592552,21.8347824,24.316795,25.3566608,29.9719166,33.3814854,42.1873452,47.26845180000001,49.85081560000001,51.75702960000001,55.90606820000002,50.45638720000001,44.75236760000001,45.48759260000001,39.601035,36.4437994,34.1548158,31.2121248,28.9827066,28.7904152,24.853833,23.4943996,24.9491066,22.9244904,21.2359254,22.124281,19.783544,19.2724448,19.7264406,19.6599818,18.90159400000001,19.2250514,17.224497,15.6936744,14.9589514,14.0945456,13.8093658,12.7398196,10.7203812,9.2288502,7.2128854,5.19224578,4.63983418,3.65583002,3.09922548,2.19922392,1.89929666,1.62312166,1.7080004,1.59064788,1.62901004,1.60794144,1.27117512,1.04993717,1.09083545,0.8650790340000001,0.6854289140000001,0.5730872340000001,0.3780306040000001,0.034476184,0.0,0.0,0.0,0.0,0.0,0.0,0.0,0.0,0.0,0.0,3.2263062e-05,6.039412200000001e-05,0.000154875854,0.00017437166,0.000210047566,0.000177784504,0.000149653444
20532>20531,590,590,GPKu,Green Park,Victoria // NB,590,GPKu,Green Park,Piccadilly // WB,Alight-Interchange-Board,1132.655778730843,77.45723648,209.00807,572.7111038000002,171.4509276,78.93579068000001,23.09265017084287,4.574445140000001,7.088219440000001,8.365225440000001,11.68894538,11.04801778,11.6741489,11.1789444,11.83929,12.4614362,12.849793,13.1361898,13.9063434,14.9175942,13.8589132,14.629922,17.811574,19.6485334,23.29781,25.2241336,27.2658272,29.1275052,29.6941324,28.0982142,28.4566508,28.31694,26.9678932,27.7344566,26.251091,27.001144,26.5725518,27.4296536,26.5417798,27.1858806,24.1307952,23.7355162,20.7871768,19.1683872,19.3117002,19.8174852,17.7291698,18.4127796,17.518868,16.7896564,15.931676,16.4470546,14.6390022,15.4752834,14.902658,14.8013691,14.8492921,15.3138953,13.6978531,13.8011047,13.3346233,12.6841651,11.5046267,11.5072647,9.4304019,8.501768600000002,7.20592328,6.67976256,6.03244526,6.038450340000002,5.124741840000001,5.100211420000001,4.630335000000001,4.430034099999999,4.254451680000002,4.399372680000001,3.81490518,3.71414252,3.59235332,2.878641768,1.974895268,1.574151308,0.9590399079999999,0.147271908,0.0,0.0,0.0,0.0,0.0,0.0,0.0,0.0,0.0,0.0,3.3487286e-06,3.363144028e-06,5.734807827999999e-06,0.002235181207828,0.004547294807828,0.0045439560301574,0.0095905406147294,0.0095881689509294,0.007358722550929402
20533>20501,590,590,GPKu,Green Park,Victoria // SB,590,GPKu,Green Park,EntEx,Alight-Exit,7142.464888210523,155.37505112,1154.4479288,4390.329545000001,972.1098639999999,377.3183898,92.88410949052358,3.27623432,4.77949818,8.68290578,11.99557232,22.33140646,25.24138246,36.77118460000001,42.29686700000001,49.9286244,52.49710760000001,58.90476720000001,58.41429120000001,65.35379520000001,72.40662359999997,80.07082559999999,94.639382,116.885998,139.520014,168.038336,197.788164,239.643984,263.710894,269.663518,267.204848,261.661268,229.030074,207.115792,198.112838,185.08989,175.6986360000001,181.461616,177.559248,177.199846,177.758622,168.576906,156.850426,154.5917600000001,142.513878,136.432332,135.533976,125.503809,119.056676,123.190596,117.168112,112.998158,112.895416,102.406007,90.728567,87.84284100000002,78.57227979999999,72.9465368,71.8975188,65.67824759999999,60.8491836,60.3690422,54.9260662,49.4777454,48.3586186,41.8260268,36.5950794,34.4354518,32.30658220000001,28.0662108,26.2443218,23.0813094,20.680564,18.6708266,17.575653,16.7248158,15.381904,13.695265,11.99298746,11.19443506,9.032179100000002,6.786479300000001,4.528533299999999,3.02249864,0.52351804,0.0,0.0,0.0,0.0,0.0,0.0,0.0,0.0,0.0,1.972127e-05,0.00017852111,0.0001862126324,0.0002557144364,0.0002606483098,0.0002860377238,0.00013060663,0.0001229151076,5.341330360000001e-05
20533>20522,590,590,GPKu,Green Park,Victoria // SB,590,GPKu,Green Park,Jubilee // NB,Alight-Interchange-Board,870.1554544490089,50.828191792916,120.22202896,308.3806346,183.6702112,146.7066267,60.34776119609262,1.467171450972,2.009951190972,3.637645990972001,5.928748540000001,9.14023254,8.74443952,10.02142778,9.87857478,11.22832278,8.740942780000001,9.754584199999998,10.3682634,10.877244,8.924954399999997,9.5187194,10.0568306,9.9603608,9.7633,10.7133147,10.3151919,10.8252021,10.5757267,10.5613701,10.480182,12.4451928,11.10492060000001,11.4627706,13.072993,12.9112916,12.900055,15.1983754,14.8390538,14.3414624,14.8272382,13.9635303,12.7576829,13.6722895,12.7312221,12.3752989,12.7912874,12.676441,12.5251126,14.5162272,14.8257084,15.7209514,16.4105542,15.881476,14.760102,15.485324,14.033072,13.9680046,15.1333912,14.9112304,14.8226306,16.7354814,15.8079934,15.682887,15.6793086,14.5594419,12.7170491,12.7362359,11.3722799,10.8641933,11.1202066,10.655606,10.5619962,10.4941724,10.2632498,9.9436738,9.71076,9.584940699999999,8.9791411,7.86630276,5.965362979999999,4.31996618,2.45634008,1.13340888,0.38728642,0.0,0.0,0.0,0.0,0.0,0.0,0.0,0.0,0.0,2.84335e-05,6.140775599999999e-05,7.330826599999999e-05,9.2930687e-05,0.000101052315,8.635574000000001e-05,5.94104232e-05,4.75099132e-05,2.78874922e-05
20533>20523,590,590,GPKu,Green Park,Victoria // SB,590,GPKu,Green Park,Jubilee // SB,Alight-Interchange-Board,3886.58913778142,99.81483136000003,333.8534664,1671.0101912,978.2663434000001,622.5445962000001,181.09970922142,4.194476120000001,5.852792720000001,9.44063572,11.1124954,16.4554372,16.1811592,18.2153196,18.3625154,22.1192334,19.7780078,21.1414384,23.46589740000001,25.8731826,24.8233504,27.482162,30.1724382,31.2224508,33.1847308,35.299182,39.2913926,44.5763232,47.1635706,51.9242126,55.46747420000001,57.37559660000001,58.08903100000001,60.56132420000001,60.6040582,69.5033942,69.145088,77.650592,81.06041560000001,83.7153916,82.25098359999998,82.76050679999999,75.1794948,77.89939700000002,75.69978780000002,71.98755179999999,75.3021358,76.11886379999999,73.92117479999997,80.92517600000002,82.128647,81.52837099999998,85.055972,78.90033439999998,75.41659840000001,78.5140614,78.2140514,75.04798240000002,86.35052400000002,82.683428,78.89970079999999,88.04439680000002,89.61092280000003,79.45348480000001,82.80271280000001,80.97999399999999,65.478898,60.214078,54.6288264,43.6947096,36.5168006,33.78140379999999,28.098499,29.2050506,27.6901386,28.2181526,26.2901928,26.5147624,24.2719752,23.7496814,19.4245986,15.5012652,9.772898399999999,5.4463936,1.8519722,0.0,0.0,0.0,0.0,0.0,0.0,0.0,0.0,0.0,0.0,0.004149559200000001,0.005352148760000001,0.007162076360000002,0.007895811760000001,0.01197255076,0.0084999271,0.00729733754,0.005487409939999999
20533>20530,590,590,GPKu,Green Park,Victoria // SB,590,GPKu,Green Park,Piccadilly // EB,Alight-Interchange-Board,1.15437522,0.495196558,0.265390062,0.0,0.0,0.0,0.3937886,0.0,0.0,0.0,0.06365397,0.06365397,0.06365397,0.152117324,0.152117324,0.08846335400000001,0.08846335400000001,0.08846335400000001,0.0,0.0,0.0,0.0,0.0,0.0,0.0,0.0,0.0,0.0,0.0,0.0,0.0,0.0,0.0,0.0,0.0,0.0,0.0,0.0,0.0,0.0,0.0,0.0,0.0,0.0,0.0,0.0,0.0,0.0,0.0,0.0,0.0,0.0,0.0,0.0,0.0,0.0,0.0,0.0,0.0,0.0,0.0,0.0,0.0,0.0,0.0,0.0,0.0,0.0,0.0,0.0,0.0,0.0,0.0,0.0,0.0,0.0,0.0,0.0,0.0,0.0332745,0.07875772,0.07875772,0.07875772,0.07875772,0.04548322,0.0,0.0,0.0,0.0,0.0,0.0,0.0,0.0,0.0,0.0,0.0,0.0,0.0,0.0,0.0,0.0,0.0,0.0
20533>20531,590,590,GPKu,Green Park,Victoria // SB,590,GPKu,Green Park,Piccadilly // WB,Alight-Interchange-Board,760.0291359754532,7.024588374,71.55322017200001,381.2965716,192.40111534,88.50910278,19.24453770945317,0.38163704,0.43920868,0.7877233800000001,0.933641316,1.24751154,1.067976626,1.173507186,0.993382606,0.853177174,3.178599074000001,3.700698048000001,4.103952368000002,5.607031648,6.416763520000001,5.13611662,5.27618118,7.25295346,9.26561106,9.87353546,10.88860056,14.0736618,13.8137488,12.1701354,13.115183,14.4298906,12.954715,14.5811668,15.7182286,15.5985844,16.2553874,19.5511692,18.2382724,18.1413096,19.706807,18.04353840000001,14.323801,15.9981648,14.7546174,14.9851068,15.9486434,16.0469246,16.043982,19.1482856,17.65524760000001,16.53076819999999,18.0652672,16.3954658,13.5975208,15.007607,14.2395792,16.233049,17.3403656,17.6772668,16.20579780000001,17.5787584,13.52966954,11.68465774,11.15380434,11.05729494,8.54621874,8.382802540000002,7.477551480000002,6.63467874,4.931303400000001,5.14571028,4.725599680000001,4.87757226,3.891908640000001,4.596185980000001,4.5518105,3.5637138986,2.4562969786,2.5064443666,1.0514497666,0.1764511666,0.171082628,0.171082628,0.0,0.0,0.0,0.0,0.0,0.0,0.0,0.0,0.0,0.0,0.0,2.3185362e-06,2.3185362e-06,3.386797480000001e-06,3.386797480000001e-06,4.10241392e-06,1.78387772e-06,1.78387772e-06,7.1561644e-07
580201>580222,622,622,KILu,Kilburn,EntEx,622,KILu,Kilburn,Jubilee // NB,Enter-Board,720.0927447100406,11.39313933,62.82683222,310.60792808,176.2252286,110.36460544,48.67501104004039,0.6815651,0.8017083700000001,1.10012587,1.61642577,1.65633955,1.62687909,1.74425234,2.16584324,2.80610384,3.0384032,3.4164365,3.92385454,4.32665144,4.14268948,5.878093979999999,6.523435299999999,7.54856814,7.165094900000001,7.537611379999999,6.51988952,7.336496799999999,7.15141294,7.927974819999998,8.671877219999999,9.41706498,9.58078618,10.78811774,11.5191754,12.289421,13.4459977,14.2084853,14.844526,16.0297804,15.670744,15.1881602,15.5445142,14.431007,14.0376068,14.6827558,15.4524592,14.529014,15.9347502,16.0714266,15.8543736,15.4856768,15.446236,14.2808116,13.5455816,13.6750796,13.511079,14.1076648,14.4103746,15.486225,15.5764832,15.6448096,15.0552068,14.2031666,12.8854728,11.7083712,10.5186008,9.3014312,9.0324858,8.33417066,7.47966406,7.10916482,7.2347833,6.591167700000002,5.966126500000001,6.576511099999999,6.15271514,6.002977860000001,5.715334100000002,5.211591660000002,4.64561052,4.6970264,3.5218558,2.716230560000001,2.34492054,1.08962068,0.0,0.0,0.0,0.0,0.0,0.0,0.0,0.0,0.0,3.609150000000001e-05,5.88664988e-05,8.900770279999998e-05,0.000100441326,0.00012056021,9.58013348e-05,7.3026336e-05,4.2885132e-05
580201>580223,622,622,KILu,Kilburn,EntEx,622,KILu,Kilburn,Jubilee // SB,Enter-Board,4822.14239982026,134.016139,816.6482014,2609.3127948,756.6079518,382.4564758000001,123.10083702026,4.683688500000001,6.903620100000001,10.6827633,16.1872165,17.801043,21.24137360000001,25.1621322,31.3543018,33.0534802,39.8308064,46.8776294,52.82580179999999,54.64295260000001,58.0337912,65.38702119999999,75.14284620000002,84.75173760000001,91.61191600000001,103.405698,111.0845208,116.3235228,119.4849268,125.312858,126.083407,126.7349832,120.6027722,120.2301522,123.642419,124.95933,123.652235,124.354456,121.678027,116.2272958,110.5044658,104.6065558,102.3504518,98.4926208,93.02374400000002,89.57832480000002,88.9075708,85.23896680000001,85.770812,82.624172,78.9287252,75.62870720000002,72.11755120000002,66.589238,65.06485699999999,64.153062,61.185412,60.6790274,58.6299846,60.27645560000001,60.10462560000001,57.93826400000001,54.24076720000001,49.7009106,42.66473,37.097169,34.5264068,30.864833,28.9654682,26.0753834,26.7703054,25.883845,26.5462244,26.4932846,26.8679154,23.3971466,21.5012888,19.1852416,18.0011124,15.10149714,11.46652594,8.13434794,4.72390894,1.49343214,0.0,0.0,0.0,0.0,0.0,0.0,0.0,0.0,0.0,0.0,0.00026498548,0.00034407392,0.00046212984,0.000509514772,0.007101494772000002,0.011787174892,0.025383214452,0.025265158532,0.0252177736
580222>580201,622,622,KILu,Kilburn,Jubilee // NB,622,KILu,Kilburn,EntEx,Alight-Exit,4676.727590699001,72.25724820800002,244.1456568,1416.688413,1463.1650708,1005.931988,474.5392138910001,2.427932136,3.437011736000001,6.258377536000001,7.885594800000002,11.154361,11.7091658,14.9251968,14.4596084,19.4063002,19.0653568,21.1532082,19.8475888,21.0380814,18.1872744,18.6068038,17.7616268,19.2818276,21.1289308,22.7431578,25.9255002,29.3952516,31.9174142,34.128157,35.83384539999999,37.8097022,39.8970908,43.6443854,46.6207134,52.3773194,56.6126762,61.4274812,64.698102,67.24764800000001,68.62491399999999,68.15863519999999,68.3155802,69.4047082,70.58898020000002,71.31267620000001,73.280967,73.766626,75.90028079999999,84.3277848,91.3974736,99.45892679999999,105.4215028,112.058202,113.459926,119.4904392,121.842244,128.91766,132.642608,134.845118,132.505554,133.351034,129.171856,120.254906,109.91361,100.45049,91.527628,83.42217000000002,79.07391199999999,76.04418000000003,73.51328600000002,70.71981720000002,68.5314012,66.66638220000002,65.8142054,63.767516,61.15235800000001,60.613392,58.78463600000001,55.28123400000001,49.72078320000001,46.31837,33.3864,22.781183,14.1617898,8.065252000000001,0.0,0.0,0.0,0.0,0.0,0.0,0.0,0.0,0.0,7.327278800000001e-05,0.000300108708,0.000570079168,0.000681898008,0.126351638008,0.12634884554,0.12612200962,0.12585203916
580223>580201,622,622,KILu,Kilburn,Jubilee // SB,622,KILu,Kilburn,EntEx,Alight-Exit,755.5613856010696,27.353440676,104.9091372,383.1150910000001,150.9725198,69.71177820000001,19.4994187250694,1.169725774,1.569106414,2.397299614,2.881902674,4.480247599999999,4.61274236,5.093717180000001,5.14869906,5.931880740000001,5.28390738,5.415582280000002,5.92476102,6.58323174,6.537701340000001,7.301557499999999,8.868497000000003,10.8387158,12.2484396,13.821268,16.1535948,17.0537344,16.8574208,16.243841,15.6991144,14.2197304,14.059713,14.2914856,15.4828522,15.4411576,16.5949536,17.17551060000001,16.8933172,16.768622,17.3012988,17.4085714,17.6749966,17.6366258,16.8901484,16.2849958,14.752623,13.7017306,13.9232402,15.2019882,15.5574194,16.0965742,15.7027322,15.3693134,13.5854106,12.7805496,12.663304,12.0139334,11.0350798,10.8095822,11.014354,10.3497842,9.551902200000002,8.693763740000001,7.70237474,6.777568860000001,5.768627260000001,5.60175826,5.456035,5.3771516,4.935315340000002,4.98679622,4.92306862,4.702362880000001,4.78695568,4.428491340000001,3.63582656,2.96905872,2.42843842,1.91171132,1.4380959,1.1151622,0.8115800400000001,0.5928828,0.1679581000000001,0.0,0.0,0.0,0.0,0.0,0.0,0.0,0.0,0.0,1.15811774e-05,2.42473394e-05,2.8527399e-05,3.52502202e-05,3.79069246e-05,3.07076276e-05,2.01291072e-05,1.58490476e-05,9.1262264e-06
580222>580672,622,622,KILu,Kilburn,Jubilee // NB,1437,BSYr,Brondesbury,LO Mildmay // EB,Alight-Exit-Interchange-Enter-Board,7.391629185097401,0.0,0.284141265,4.2925323370724,1.95227566837714,0.7207353499318602,0.141944564716,0.0,0.0,0.0,0.0,0.0,0.0,0.0,0.0,0.0,0.0,0.0,0.0,0.0,0.02673944,0.0345065854,0.0345065854,0.0399321452,0.05251732720000001,0.0487903152,0.04714886660000001,0.07554344860000001,0.0733643336,0.0933972596,0.0934772296,0.08809999178000001,0.06186972538,0.11437027658,0.09442028938,0.13556658338,0.1737287844,0.2690597208,0.3014298288,0.346144696,0.298755116,0.2612037131,0.1831464463,0.2051807023,0.1477977143,0.1540506235,0.2278673264,0.2725919712,0.1905609852,0.2270029612,0.2039026096724,0.1581911916724,0.1321317616724,0.1406812656724,0.1169450568724,0.1485092052,0.1431266232,0.1955379112000001,0.1811135472,0.223024166,0.19145901202918,0.18888240482918,0.13267352282918,0.14556124482918,0.09094520981864003,0.09110584092946003,0.06960081847189999,0.05664712447190001,0.0215138884719,0.04033575748244,0.04017446234244,0.048483696,0.02713399703800001,0.05402776503800001,0.035205545038,0.035327813966,0.027018249966,0.037483622128,0.010589854128,0.010589854128,0.0104675852,0.0104675852,0.0,0.0,0.0,0.0,0.0,0.0,0.0,0.0,0.0,0.0,0.0,0.0,0.0,0.0,0.0,0.0,0.0,0.0,0.0,0.0,0.0
580222>580673,622,622,KILu,Kilburn,Jubilee // NB,1437,BSYr,Brondesbury,LO Mildmay // WB,Alight-Exit-Interchange-Enter-Board,44.54498661058749,0.0,3.224598106,32.18083494339999,4.9222043856,3.455455573970101,0.7618936016173999,0.0,0.0,0.0,0.0,0.0,0.0,0.0,0.0,0.0,0.0,0.0,0.0,0.0,0.0,0.0038209472,0.0498618392,0.5211961991999999,0.6981388091999999,0.8276104691999999,1.123969842,1.65206001,1.42765141,1.46539146,1.54138754,2.01819554,1.6486621,2.9461728,2.99514366,3.4053632,2.7598603,2.87352892,1.422082752,1.254635128,0.7262304039999999,0.6277967999999999,0.3519485900000001,0.2630546532,0.2489337712,0.1943115952,0.3716033992,0.4118379092,0.5597783940000001,0.519577198,0.4956274094000001,0.3762817594,0.3051439354,0.3061946154,0.2894259414,0.43576409,0.4841650000000001,0.5873538240000001,0.51491292,0.54785807,0.432754634,0.326678578,0.315671018,0.369140194,0.399064676,0.5654622920000001,0.598877936,0.5062414630000001,0.3721648282540001,0.2855836460540001,0.079258725462,0.05065820546200001,0.076828478462,0.076789321208,0.07538580806810001,0.07536780866010001,0.03724002285550002,1.02428555e-05,0.1298592348555,0.1298591541954,0.1298591541954,0.129848992,0.129848992,0.0,0.0,0.0,0.0,0.0,0.0,0.0,0.0,0.0,0.0,0.0,0.0,0.0,0.0,0.0,0.0,0.0,0.0,0.0,0.0
580223>580672,622,622,KILu,Kilburn,Jubilee // SB,1437,BSYr,Brondesbury,LO Mildmay // EB,Alight-Exit-Interchange-Enter-Board,12.734547391383,0.0,0.8870728436,10.49164486367,1.29586205918,0.05996357938660001,4.0455464e-06,0.0,0.0,0.0,0.0,0.0,0.0,0.0,0.0,0.0,0.0,0.0,0.0,0.0,0.007567184000000002,0.007567184000000002,0.0091300868,0.0199654892,0.1529130292,0.1453458452,0.5445840252,0.5430211224,0.7601119000000001,0.62716436,1.0165776,0.6173394200000001,1.07241522,0.84448904,1.25023388,0.878342368,0.890396428,0.4353206279999999,0.495680762,0.112274825,0.094753097,0.082699037,0.125706283,0.111925739,0.089586836,0.100113838,0.100113838,0.08317732600000001,0.03667684449000001,0.04283562589000001,0.08068884589,0.08068884589,0.07535737789000001,0.0830406784,0.113491255,0.07109498060000001,0.09378069860000003,0.1090142426,0.1816129616,0.1450036036,0.139019656,0.116333938,0.087423821,0.007062693000000002,0.007062693000000002,0.007062693000000002,0.007062693000000002,0.0,0.0,0.003653152,0.006342359200000001,0.006342359200000001,0.006342359200000001,0.006342359200000001,0.0026902185866,1.0113866e-06,1.0113866e-06,1.0113866e-06,1.0113866e-06,0.0,0.0,0.0,0.0,0.0,0.0,0.0,0.0,0.0,0.0,0.0,0.0,0.0,0.0,0.0,0.0,0.0,0.0,0.0,0.0,0.0,0.0,0.0,0.0
580223>580673,622,622,KILu,Kilburn,Jubilee // SB,1437,BSYr,Brondesbury,LO Mildmay // WB,Alight-Exit-Interchange-Enter-Board,110.8261598,0.0,19.42558,69.9009849,16.93571772,4.224889580000001,0.3389876,0.0,0.0,0.0,0.0,0.0,0.0,0.0,0.0,0.0,0.0,0.0,0.0,0.0,0.0,2.0727138,2.0727138,2.0727138,4.3418732,5.469139599999999,3.3964258,3.3964258,5.103951400000001,3.31110726,2.30083138,2.30083138,4.431942579999999,2.72441698,4.12805892,6.0881394,6.0881394,6.193958200000001,6.193958200000001,4.314001,2.23693,2.23693,0.6788038000000001,1.29762,1.29762,1.29762,1.7702726,1.0914688,0.4726526,0.4726526,0.4726526,0.0,0.0,0.63875728,0.63875728,1.74371328,2.2892002,2.99538988,2.3566326,2.74465676,1.63970076,1.29754968,0.59136,0.8489616200000001,0.46093746,0.59714656,0.3938107200000001,0.3938107200000001,0.38776996,0.38776996,0.25156086,0.25156086,0.25156086,0.0,0.0,0.06779752,0.06779752,0.06779752,0.06779752,0.06779752,0.0,0.0,0.0,0.0,0.0,0.0,0.0,0.0,0.0,0.0,0.0,0.0,0.0,0.0,0.0,0.0,0.0,0.0,0.0,0.0,0.0,0.0,0.0
580672>580222,622,1437,BSYr,Brondesbury,LO Mildmay // EB,622,KILu,Kilburn,Jubilee // NB,Alight-Exit-Interchange-Enter-Board,15.608262448,0.0,1.2541635,9.3141263,0.0,1.6131903496,3.4267822984,0.0,0.0,0.0,0.0,0.0,0.0,0.0,0.0,0.0,0.0,0.0,0.0,0.0,0.0,0.0,0.2508327,0.2508327,0.2508327,0.2508327,0.2508327,0.0,0.0,0.0,0.0,0.0,0.0,0.0,0.0,0.0,0.0,0.0,0.0,0.0,0.0,0.0,0.65675636,0.65675636,0.65675636,1.86282526,1.86282526,1.2060689,1.2060689,1.2060689,0.0,0.0,0.0,0.0,0.0,0.0,0.0,0.0,0.0,0.0,0.0,0.0,0.0,0.0,0.0,0.0,0.0,0.0,0.0,0.0,0.0,0.0,0.0,0.8041883400000001,0.8090020095999999,0.8090020095999999,1.0079945296,1.0079945296,0.2038061896,0.19899252,0.19899252,0.0,0.0,0.0,0.0,0.0,0.0,0.0,0.0,0.0,0.0,0.0,0.0,0.0,0.0,0.0,0.0,0.0,0.0,0.0,0.0,0.0,0.0
580672>580223,622,1437,BSYr,Brondesbury,LO Mildmay // EB,622,KILu,Kilburn,Jubilee // SB,Alight-Exit-Interchange-Enter-Board,125.531975647,0.0,6.06525345,69.79368474,24.6468054,20.1805382334,4.8456938236,0.0,0.0,0.0,0.0,0.0,0.0,0.0,0.0,0.0,0.0,0.0,0.0,0.0,0.0,0.09258585,0.281817258,0.6816495580000002,1.144237878,1.727546278,2.137416628,2.16692868,2.85751366,2.5917134,3.36421306,3.01146752,3.92793258,3.57582086,4.11903372,3.49807722,4.00209424,3.95632532,3.682356720000001,3.74269894,3.178590320000001,2.96052244,2.10962286,2.28007822,1.83490088,2.0753731,2.01609568,2.50169574,2.194024680000001,2.11485384,2.03175106,2.26866814,1.843572,1.95636268,2.0901898,2.63410082,2.39810438,2.44707656,2.148135208,2.291997268,1.491806768,1.410181908,1.666609868,2.15327088,1.79426985,2.04050023,2.25678187,2.06650279,1.63405327,2.01230756,1.90850424,1.533340246,1.160218432,1.095841106,0.5249477593999999,0.3861950534,0.2711982274,0.5085934414000001,0.8472882874000001,0.845244234,0.76973698,0.747938,0.4694996,0.0,0.0,0.0,0.0,0.0,0.0,0.0,0.0,0.0,0.0,0.0,0.0,0.0,0.0,0.0,0.0,0.0,0.0,0.0,0.0
580673>580222,622,1437,BSYr,Brondesbury,LO Mildmay // WB,622,KILu,Kilburn,Jubilee // NB,Alight-Exit-Interchange-Enter-Board,27.24353189406799,0.0,0.3955910528,8.6339940634,10.5042156884,3.1684017643716,4.541329325096402,0.0,0.0,0.0,0.0,0.0,0.0,0.0,0.0,0.0,0.0,0.0,0.0,0.0,0.0,0.0,0.00015968908,0.05216200508,0.08774562508,0.12336195508,0.13216177848,0.3067556594,0.2968919994000001,0.2773161554,0.2416998254,0.2461454780000001,0.122271882,0.08056119683999999,0.10450041884,0.18407813884,0.24960631684,0.23091361484,0.427415504,0.4239679080000001,0.5194571960000001,0.4517559654,0.6538186134,0.4685520108,0.6121021588000001,0.4669205508000001,0.5535685714,0.3729957034,0.5251278460000001,0.3633018648,0.4542694848000001,0.4405277408000001,0.4989069488000001,0.3720545648,0.6619554360000001,0.558253136,0.7834899960000001,0.8273241760000001,1.47260768,1.21989114,1.331548906,1.064534122,1.273121842,0.612316732,0.6868171439999999,0.626607632,0.584406856,0.2199446139588,0.2047341383588,0.07484340137080002,0.0342349773708,0.0342432876068,0.034227369648,0.0280215935348,0.0280040185228,0.3582533485227999,0.3582450382867999,0.5182237262867999,0.518218568,0.9082611079999999,0.5500212280000001,0.5500212280000001,0.3900425400000001,0.3900425400000001,0.0,0.0,0.0,0.0,0.0,0.0,0.0,0.0,0.0,0.0,0.0,0.0,0.0,0.0,0.0,0.0,0.0,0.0,0.0
580673>580223,622,1437,BSYr,Brondesbury,LO Mildmay // WB,622,KILu,Kilburn,Jubilee // SB,Alight-Exit-Interchange-Enter-Board,8.0065017413255,0.0,0.372539096,3.895835751,1.79363486965,1.826772320004,0.1177197046715,0.0,0.0,0.0,0.0,0.0,0.0,0.0,0.0,0.0,0.0,0.0,0.0,0.0,0.0,0.0,0.03391733800000001,0.03391733800000001,0.08910159000000001,0.08910159000000001,0.12650124,0.092583902,0.1031789472,0.0679205772,0.09380891720000001,0.09967323520000003,0.1437425972,0.155037798,0.294070804,0.356542428,0.3152053386000001,0.2754283690000001,0.298418447,0.1532765862,0.09110790220000001,0.1093233688,0.1179093904,0.0829286492,0.143747836,0.167898132,0.1649115928,0.1520331788,0.164163516,0.130984362,0.121939876,0.1072866508,0.1928609148,0.2014083408000001,0.2087773228,0.1937328248,0.1964948686,0.1443535446,0.11395262815,0.09861319015,0.07250963933000001,0.14849811473,0.11514683009,0.22086026854,0.187444005192,0.220771832012,0.260734124012,0.268864405452,0.1816657634520001,0.1815954228,0.148192064208,0.026976672208,0.03845666020800001,0.04558778420800001,0.045623317712,0.0455506384471,0.0456951425151,0.0260032177151,0.0001808677151,0.0001453342111,0.000144504068,0.0,0.0,0.0,0.0,0.0,0.0,0.0,0.0,0.0,0.0,0.0,0.0,0.0,0.0,0.0,0.0,0.0,0.0,0.0,0.0,0.0,0.0
560201>560222,624,624,KBYu,Kingsbury,EntEx,624,KBYu,Kingsbury,Jubilee // NB,Enter-Board,274.6291932600002,3.508238042,24.553455468,142.72623426,56.79893338000001,37.44127667200001,9.601055438000001,0.220165352,0.365550952,0.464688348,0.4535598412,0.4858793292,0.5181613772,0.5182493972,0.4819834452,0.788228664,0.8799406759999999,1.163330344,1.106385084,1.69708778,2.16097114,2.60584648,2.5526802,2.96575148,2.89191992,2.802055600000001,2.9392581,3.567258740000001,4.3674413,4.992530720000001,5.302987480000001,5.141192600000001,5.241095400000002,5.06453368,5.108055680000001,5.108727880000001,5.84772228,6.58351688,6.87447148,6.864621220000001,7.344365020000001,7.791803220000001,7.172073020000001,7.577392140000001,7.374492,6.63551362,5.900299560000001,6.18475626,5.418895320000002,5.317320920000001,5.94516784,5.656129900000001,5.5289676,5.15457894,4.934662300000001,4.208967120000001,4.483608,3.7018165,4.017307380000001,4.003224520000002,4.354218299999999,5.31814442,5.437308400000001,5.064193520000001,4.823070480000001,4.20843986,2.83023572,2.69233846,2.68368054,2.7341248,2.87296724,2.64384932,2.678963660000001,2.30366842,1.905744652,1.550493292,1.147493894,0.880178274,0.7399696940000001,0.917586702,0.963459222,1.032982548,0.8393356479999999,0.739876788,0.450832628,0.227924308,0.11092244,0.0,0.0,0.0,0.0,0.0,0.0,0.0,0.0,0.0,0.0,0.0,0.0,0.0,0.0,0.0,0.0
560201>560223,624,624,KBYu,Kingsbury,EntEx,624,KBYu,Kingsbury,Jubilee // SB,Enter-Board,3141.395301383212,245.17701856,547.1767662,1555.2292372,482.1021838000001,253.7668976,57.94319802321071,8.55364612,17.95218052,28.08050252,34.23566140000001,38.4553902,40.97907720000001,40.5895654,36.3309952,36.867798,35.98592760000001,41.0201896,40.113557,43.0346112,45.84286779999999,50.1065,47.38962679999999,49.23210880000001,50.97226600000001,52.48641700000001,54.1248964,57.91500880000001,60.9736448,61.6834226,62.78756420000001,62.8720302,65.764622,65.691438,69.04575899999999,72.268575,76.953731,74.59108800000001,76.11327800000002,73.1243912,70.0683712,65.68430320000002,64.86300320000001,60.85476320000001,60.04044900000001,59.32140660000001,59.77751460000001,59.34934760000001,60.14439020000001,59.09397660000001,56.247159,51.61784160000001,49.76316920000001,47.15417800000001,44.26953220000001,41.72277820000001,38.0810778,34.3988732,34.3447686,35.016305,34.9944934,35.93906980000001,34.8000968,30.68563480000001,28.6355144,25.1064918,22.91500760000001,21.6668406,20.4026842,18.5175306,19.0011828,18.097032,16.3545358,16.919607,15.464836,12.9092404,10.6439099,9.604447300000002,6.49555836,5.2208865,4.02951036,3.048647270642142,1.694884070642143,1.041099410642143,0.1774782706421424,1.06421424e-08,0.0,0.0,0.0,0.0,0.0,0.0,0.0,0.0,0.0,0.0,0.0,0.0,0.00298911,0.00298911,1.02385265,1.02385265,1.02385265
560222>560201,624,624,KBYu,Kingsbury,Jubilee // NB,624,KBYu,Kingsbury,EntEx,Alight-Exit,2998.293303731183,47.80271632,196.3382094,1010.3845264,864.5936656000001,620.9017654,258.2724206111841,0.70575452,2.40776172,3.62193304,6.237738060000001,7.04366364,9.02842712,8.74147732,10.0159609,10.3202025,12.2335571,12.8751459,14.4277659,15.0318164,15.2905176,16.2138748,17.4859798,19.3463976,19.7984602,20.9297018,22.3847898,23.5093482,24.079076,26.7585412,29.126374,30.3778898,32.0308816,33.17661939999999,34.63743940000001,36.07892860000001,39.50489020000001,41.686324,46.04805580000001,47.5047286,49.7915066,48.0704662,48.5597408,46.9728702,49.0192082,47.2443088,50.155859,49.8805036,54.7893996,56.7630536,64.61851300000001,65.3600122,71.12512459999999,68.4419792,71.7000112,67.1515092,70.41484860000001,68.06502660000001,75.3141752,72.39046320000001,78.5345672,75.96063720000002,80.13531120000002,73.61182880000001,74.30600380000001,65.99929379999999,65.0504346,57.9775898,53.57302420000001,47.32041640000001,44.5992468,38.7085346,35.32895840000001,33.6588948,30.7675394,27.6781722,28.5171548,27.0725158,26.2036516,27.2639132,27.23607500000001,25.5362052,24.19882740000001,18.872482,12.7659706,8.8051296,3.9589622,0.0,0.0,0.0,0.0,0.0,0.0,0.0,0.0,0.0,0.000185770192,0.000305651852,0.0004682645520000001,0.0005314816580000001,0.05412042165800001,0.05393465146600001,0.05381476980600002
560223>560201,624,624,KBYu,Kingsbury,Jubilee // SB,624,KBYu,Kingsbury,EntEx,Alight-Exit,276.5319726500001,5.281268818000001,39.48743114200001,149.6194181,52.39432836000001,25.026913094,4.722613136000001,0.394857434,0.629091034,0.722156914,0.7942830540000001,0.735578342,0.776094088,0.609623602,0.61958435,0.68018321,1.126596802,1.671326842,2.126071328,2.62419074,3.04783914,3.114087920000001,3.251431660000001,4.381190460000001,5.308880220000002,5.8400588,6.315574020000001,6.40519352,5.66461972,5.53033772,5.67584686,5.600312260000001,5.93234666,6.368310660000001,6.30980026,6.40861676,7.165632160000001,7.0387152,7.5249238,7.642528400000002,7.726971099999999,6.87177738,6.973553600000002,6.007368280000001,5.568512480000001,5.163014940000001,5.545696400000002,5.213424440000002,5.8118113,5.77635002,5.693754180000001,5.162952980000001,5.644392000000002,4.9042325,4.70835704,4.245670940000001,4.344657600000001,3.916608280000001,3.98784516,3.758163960000001,4.028832700000001,3.8774755,3.8151397,3.617362,3.42316532,2.926043,2.5179294,2.05618194,1.78597626,1.86129534,1.70449436,1.6613057,1.423557392,1.159969606,0.8896327759999999,0.956702376,0.7126730700000001,0.6813833980000001,0.64007097,0.5681123000000001,0.3890762900000001,0.325469056,0.196749296,0.17248877,0.07988761,0.0,0.0,0.0,0.0,0.0,0.0,0.0,0.0,0.0,0.0,0.0,0.0,0.0,0.0,0.0,0.0,0.0,0.0
560301>560322,649,649,NEAu,Neasden,EntEx,649,NEAu,Neasden,Jubilee // NB,Enter-Board,410.590196094,10.163260834,62.60815286,181.1552963,92.60142292000002,49.55039548000001,14.5116677,0.5637883080000001,0.921591888,1.078410158,1.20428091,1.30614701,1.15730533,1.71007815,2.22165908,2.60419986,3.31598214,4.14227962,4.539228420000001,4.956981620000001,5.73807514,5.831682099999999,6.35280158,6.368084640000001,6.564561840000001,6.098900980000002,6.095374920000001,5.74236104,6.03926958,6.09313404,6.94858898,7.76073518,7.82707826,7.31569786,7.56045828,7.19085014,6.917963540000001,7.30588234,7.716157140000003,7.59400978,7.893849320000001,7.6063758,7.903587600000002,8.153856800000002,8.18342688,7.988118160000001,8.40687508,8.01239774,7.99391044,8.0741469,8.926565420000003,8.45023022,8.62941296,8.205003660000001,8.549019600000001,7.529912260000001,7.74789086,7.2780052,7.851222,7.223822200000001,7.283635220000002,6.955324700000001,6.89794404,6.36698504,6.25432312,5.74588576,5.591190540000001,4.91157318,4.09211012,3.603895000000001,3.16383502,2.588396560000001,2.50149994,2.44293284,2.28776836,2.05370868,1.96466138,1.83908172,1.77293358,1.319670092,1.352077592,1.187656064,1.126694732,0.702631432,0.62640664,0.38093028,0.185215508,0.0,0.0,0.0,0.0,0.0,0.0,0.0,0.0,0.0,0.0,0.0,0.0,0.0,0.0,0.0,0.0
560301>560323,649,649,NEAu,Neasden,EntEx,649,NEAu,Neasden,Jubilee // SB,Enter-Board,1877.459297741996,110.40092332,373.0830614000001,848.5131386,354.8422008,151.33680764,39.28316598199476,3.49827496,5.739877760000001,10.19690436,13.45973724,16.0997138,17.9598942,20.5795932,22.8669278,23.4421842,24.4194418,26.4603034,29.063782,27.554362,27.79478120000001,29.9117386,33.042987,33.8411806,35.8559144,39.4480616,42.2483246,40.7120736,39.5380656,41.85908,40.452938,38.3796374,36.5892698,35.67780660000001,33.03372780000001,32.45504080000001,31.331445,33.2808144,35.3948976,34.5921274,33.4982576,33.5713224,34.430336,32.9184848,32.6910144,33.1694038,33.5233394,34.94648600000001,35.04402320000001,34.9272378,36.49630920000001,36.9059546,32.045103,30.5314602,32.1904976,30.15465480000001,29.384784,29.31846120000001,29.96089000000001,28.0103322,27.0059594,24.5833086,24.7507952,21.7004982,19.5860932,17.5234046,15.6609804,12.6078258,11.8213198,10.625375,9.475073,8.948337760000003,8.45037156,7.831738160000001,7.105790160000002,6.366556880000001,6.492640440000002,5.647136840000001,4.887962920000001,4.38224106,3.79070854,2.37890262,1.73749222,0.94604454,0.0,0.0,0.0,0.0,0.0,0.0,0.0,0.0,0.0,4.873696e-08,4.873696e-08,1.134182896e-05,1.1374318952e-05,0.000117412398952,0.000117363661992,0.323889723661992,0.7764795705699921,0.77647953808,0.7763734999999999
560322>560301,649,649,NEAu,Neasden,Jubilee // NB,649,NEAu,Neasden,EntEx,Alight-Exit,1823.695762123573,37.74182896382,128.28178866,595.5348756000001,466.8094420000001,397.9661518,197.3616750997529,1.00042394078,1.66461972078,3.40146012078,4.06986262148,6.40210682,6.55741308,7.4813985,7.164544160000001,8.622936520000001,8.227799220000001,8.525673660000002,10.14933446,11.1843396,11.042025,11.1472754,11.9777976,11.9378528,11.5406122,11.7810928,12.1450494,12.972927,12.5482948,13.6086874,14.730489,16.9647626,18.6257302,19.9614264,21.4066232,21.7708882,22.5481382,23.7957944,25.7468076,27.4532552,29.4239042,29.1324314,29.2337712,29.1177542,29.2153872,30.12135560000001,30.7183488,31.71521700000001,33.242193,35.3156034,36.16508540000001,37.6705862,37.2367156,37.54889960000001,37.29555660000001,37.1419842,37.5805256,38.3777096,38.50204900000001,38.66996640000001,40.48899640000001,42.0998058,44.19664700000001,43.6433808,42.0834024,40.2879174,36.3418926,32.27866940000001,32.4164974,31.4905692,29.087294,29.9005226,29.5426818,26.1782608,24.7150634,24.26123,22.5093122,23.032731,23.570556,22.371942,21.6242704,20.0173226,15.64141666,11.00199406,7.79430666,4.09103026,1.30447006,0.0,0.0,0.0,0.0,0.0,0.0,0.0,0.0,0.0,3.8661238e-05,8.9532358e-05,0.000109625636,0.035236463636,0.035249036827,0.035210375589,0.035159504469
560323>560301,649,649,NEAu,Neasden,Jubilee // SB,649,NEAu,Neasden,EntEx,Alight-Exit,421.3454478040001,6.651307304,48.81363644,178.22304596,100.6987386,63.32696724,23.63175226,0.334669698,0.440829738,0.487333412,0.604651834,0.4406828940000001,1.056934214,1.415674294,1.87053122,2.48935318,3.4365108,3.90805196,4.11999234,4.74315804,4.88633448,4.630717519999998,4.19415192,4.4389377,4.09884328,3.9926264,3.87495882,3.91756728,3.51742004,3.7454089,4.559522980000001,5.617472640000001,6.598466180000001,7.131010940000001,7.2827023,7.117194300000001,7.103620900000001,7.0757783,7.607951400000001,8.5984923,8.6612881,8.46684462,8.502025620000001,8.89203592,8.122862660000001,8.16025372,8.9310968,9.2125086,9.237404199999999,9.98193316,10.1821841,9.9239903,10.1154867,9.9063713,9.16013592,9.60350272,8.99906472,8.26273742,7.704955620000002,7.574353300000001,6.697332300000001,6.4715205,6.279287800000001,6.231664480000001,6.268266680000001,5.863512760000003,5.421448060000001,5.039034060000001,5.03473938,4.88249058,4.930071400000001,5.0915526,5.2888556,4.956954140000001,4.3183775,3.944131899999999,3.16556354,2.4268276,2.03702338,1.93878296,2.0430835,2.23073766,2.12403536,1.66345344,1.2627461,0.5691410600000001,0.2262257600000001,0.0,0.0,0.0,0.0,0.0,0.0,0.0,0.0,0.0,0.0,0.0,0.0,0.0,0.0,0.0,0.0
560101>560122,679,679,QBYu,Queensbury,EntEx,679,QBYu,Queensbury,Jubilee // NB,Enter-Board,99.94147201600002,4.024406256000001,15.65235753,49.36830390999999,18.145079734,8.714044892,4.037279694,0.08134007800000001,0.1571727480000001,0.262973674,0.314295466,0.6121120320000001,0.8583198280000002,0.9087682580000002,0.8294241720000002,0.8259158680000002,0.6271839980000001,0.779196058,0.9171724179999999,1.264030838,1.70678971,1.95840342,1.7670205,1.696567,1.58231026,1.34787508,1.17989238,1.64710142,1.6807604,1.96725918,2.03413252,2.37174916,2.04675684,2.2875163,2.00387762,2.0840755,1.736215414,1.507026114,1.745394754,2.267511474,2.247434354,2.412290280000001,2.97488804,2.65121316,2.28574094,2.35059268,2.22653504,1.72390086,1.66974566,1.58490918,1.86167702,1.95857288,2.07804486,2.01792212,1.775161568,1.204950148,1.304170528,1.240652868,1.185534128,1.33966422,1.41742422,1.40759212,1.215390074,1.06850541,0.917808014,0.974480974,0.7688705940000001,0.82433374,0.915964764,0.8504140060000001,0.598409816,0.493651568,0.5401558479999999,0.395149092,0.366301066,0.479140576,0.384883654,0.245446244,0.297016474,0.438728042,0.367184982,0.528111612,0.4632359620000001,0.398406648,0.25669508,0.1784304200000001,0.0,0.0,0.0,0.0,0.0,0.0,0.0,0.0,0.0,0.0,0.0,0.0,0.0,0.0,0.0,0.0,0.0
560101>560123,679,679,QBYu,Queensbury,EntEx,679,QBYu,Queensbury,Jubilee // SB,Enter-Board,2434.187898587657,205.96403684,526.5635968,1171.761186,327.010308,164.88317684,38.00559410765663,7.33344348,12.22828188,20.01940428,27.1523134,30.2033328,33.5013106,37.3672754,38.158675,36.64904439999999,40.16894540000001,41.8295518,42.74057400000001,41.06782140000001,44.67120800000001,46.07716660000001,45.1705714,44.3609516,47.43783420000001,47.4859148,48.9040132,51.53065720000001,53.64109860000001,53.66920340000001,53.37450880000001,53.38568580000001,53.42737640000001,56.17818140000001,56.6491194,57.86989240000001,56.7298614,55.3672012,53.50561980000001,52.0163536,49.3435862,46.9034476,45.8422592,40.5801696,39.326257,39.984625,40.83348820000001,39.779585,40.9693044,41.9277744,38.92593,36.5447166,35.10622979999999,32.8144288,29.8533422,27.5281114,25.9335894,25.8384488,24.7604934,23.0675366,23.14537720000001,22.2000726,20.2179612,19.2971048,17.9301508,17.8416368,15.6436024,14.0464842,12.9501138,13.1729992,11.659183,11.7062538,11.9501964,10.44288612,8.24256552,7.126180840000003,5.978007740000002,4.54706374,5.11841212,5.065357940000001,3.869526412,3.083860538289124,2.261286138289124,0.794730838289124,0.145231618289124,2.6289124e-08,0.0,0.0,0.0,0.0,0.0,0.0,0.0,2.201283e-05,4.862921000000001e-05,5.707883800000001e-05,7.074876800000003e-05,7.616684700000002e-05,0.002271788217,0.002248997831,0.003724497203,0.003710827273000001,0.003705409194
560122>560101,679,679,QBYu,Queensbury,Jubilee // NB,679,QBYu,Queensbury,EntEx,Alight-Exit,2371.913512786042,61.55620672200001,132.5656126,767.8234304000001,676.4464624,494.8314676000001,238.690333064042,8.157892074,9.247351014,9.749126654,10.86541268,7.586945980000001,5.38779718,4.95037372,5.61130742,5.536810579999999,8.79534548,8.51776368,10.0532374,11.28551026,13.1123668,11.3183144,11.9058818,12.3602898,12.925116,12.8550988,13.8998776,15.265623,16.7407298,17.9954886,19.14260920000001,20.7450666,21.4075206,22.239589,22.9578186,24.5355538,25.7359306,28.2184402,30.9858658,32.029325,36.59169920000001,38.2028244,41.54030760000001,41.1507076,45.83803760000001,42.54772300000001,44.93880360000001,41.8726216,45.41765100000001,42.95689400000001,48.7666,48.185237,53.0251876,50.72995820000001,55.05703879999999,51.3355894,56.756263,55.4326176,61.0898036,57.95776,63.93926800000001,60.060384,62.8773552,56.90618240000001,57.79014840000002,49.92673600000001,47.945992,42.1265508,39.7346142,37.1767162,36.52650139999999,33.3839074,31.0100426,31.6465456,30.6575306,28.8732906,26.2540632,25.717093,22.3948378,23.50939240000001,23.2676242,22.8907488,22.725873,19.5408306,11.691357,7.317662400000001,4.5056232,0.0,0.0,0.0,0.0,0.0,0.0,0.0,0.0,0.0,0.00012342446,0.00020294664,0.00031094993,0.0003529639700000001,0.000424316714,0.000300892254,0.000221370074
560123>560101,679,679,QBYu,Queensbury,Jubilee // SB,679,QBYu,Queensbury,EntEx,Alight-Exit,85.28680237500001,1.619220014,14.255421851,38.23575431,16.66302319,11.211299668,3.302083342,0.065338874,0.14810198,0.14810198,0.14810198,0.1614205290000001,0.168318861,0.221253915,0.558581895,0.887511135,1.081237646,1.21345322,1.373058,1.22354274,1.1652278,1.22720708,1.37369216,1.23912484,1.24956345,1.07388931,1.14791447,1.07305287,1.17534785,1.37791992,1.5849834,1.54584318,1.49557196,1.7094333,1.454512308,1.288363342,1.220256462,1.354264442,1.445254702,1.913788834,2.27600664,2.40636468,2.27659984,1.91896402,1.736026,1.5229003,1.41179004,1.50226166,1.68378114,1.4470649,1.41540252,1.34962974,1.30817056,1.088587546,1.078258246,1.004109706,1.499621626,1.507798526,1.5381287,1.5786233,1.80104378,1.41269646,1.496355,1.418546532,1.454234552,1.208751032,1.262736592,1.046405152,1.020689134,0.8170318500000001,0.7637196900000001,0.5637969500000001,0.5438284400000001,0.552050112,0.559509632,0.497605906,0.406787372,0.44048245,0.485320176,0.4425043480000001,0.419743934,0.360057648,0.19176646,0.039718528,0.01809652,0.0,0.0,0.0,0.0,0.0,0.0,0.0,0.0,0.0,0.0,0.0,0.0,0.0,0.0,0.0,0.0,0.0,0.0
60101>60122,696,696,SJWu,St. John's Wood,EntEx,696,SJWu,St. John's Wood,Jubilee // NB,Enter-Board,886.6265670099999,3.287803162,57.62895422800001,419.2827353200001,236.1863074,125.10142106,45.13934584,0.12562806,0.174839752,0.249625252,0.330847782,0.37244831,0.39006059,0.6292153180000002,1.015138098,1.392750168,2.05692318,2.8076752,3.68391718,4.564450840000001,5.328002660000001,5.893331920000001,5.808550180000001,5.870722860000001,5.922135240000001,6.752207100000001,7.548287700000001,8.825317600000002,9.72902412,10.7672636,11.4681892,12.505488,13.518811,15.2687312,17.475142,18.0959866,19.49032720000001,20.3240028,20.7184122,19.4562048,19.3259722,18.7467264,19.1466996,17.88013800000001,18.309774,19.3452404,20.6288842,19.932829,22.42126,23.16079340000001,22.7415178,22.197441,23.637254,22.6850224,22.69833400000001,21.7841852,20.9179882,19.9571304,18.1314656,17.0605594,16.8646216,16.1742718,14.0780338,13.0933998,11.7765254,10.6672867,11.4681471,13.0378221,12.8340123,12.0501469,11.5862924,8.79688014,6.631075340000002,6.584939739999998,6.57489314,6.08714498,5.74308526,6.19770266,6.08889506,5.42532674,5.33827964,4.76653776,2.91908456,1.54368136,0.8313640800000001,0.19824374,0.0,0.0,0.0,0.0,0.0,0.0,0.0,0.0,0.0,0.0,0.0,0.0,0.0,0.0,0.0,0.0,0.0
60101>60123,696,696,SJWu,St. John's Wood,EntEx,696,SJWu,St. John's Wood,Jubilee // SB,Enter-Board,4251.069833875431,36.443782456,376.9321091,2350.6603896,971.7935250000002,414.4364068,100.80362091943,0.983008232,2.316045632,2.982243512,3.83183726,4.66028306,6.30580228,6.56985798,8.794704500000002,10.2045187,11.6148619,14.2142961,18.02129,21.3466702,25.9432348,30.8226414,36.3476172,44.8750702,48.217311,53.1401382,62.1844594,67.568336,66.2411852,72.8271488,77.753989,79.931393,82.894571,91.18492579999999,98.0516208,104.9315768,113.2718008,113.3988488,116.2903668,115.640728,113.5440632,109.210754,112.168532,107.610698,104.3106688,105.2937968,100.8983912,98.45158720000002,101.2851712,100.8021332,97.0981032,95.94926900000002,94.012985,89.38825100000003,86.521567,83.092825,80.928674,80.22212320000001,77.34519519999998,75.89234019999998,74.76521220000002,71.2587522,62.41633100000001,55.6383578,47.7944068,41.4945962,38.2178714,38.23047680000001,35.1796732,32.6208296,29.1857668,25.69673520000001,22.5328224,23.0009128,24.8439578,21.843144,18.41442566,16.51733746,12.85555114,8.568860220000001,8.092715700000001,6.64627644,4.11700804,2.57913076,1.16649228,0.0,0.0,0.0,0.0,0.0,0.0,0.0,0.0,0.0,0.000106836332,0.000175846874,0.000269311614,0.00030561831,0.00043364297,0.000352057008,0.0004197141660000001,0.0003262494260000001,0.0002899427300000001
60122>60101,696,696,SJWu,St. John's Wood,Jubilee // NB,696,SJWu,St. John's Wood,EntEx,Alight-Exit,4231.121284600642,48.91489087704001,471.2224768200001,1927.6887316,1025.81079,550.4434630000002,207.0409323036,1.69726942568,2.90363034568,4.23137902568,5.783786599999999,6.39477132,9.003079800000002,8.64318742,10.25778694,15.37331274,21.06584094,24.67579814,31.7220122,38.75523,40.96242720000001,41.8572506,44.2758182,48.1524388,51.7984228,54.4095682,58.17435699999999,63.1717314,65.6463354,64.9667294,66.28450000000001,67.91814120000001,67.06750219999999,66.35769300000001,69.30683300000001,71.882497,77.427963,85.05975200000002,89.70645999999999,92.34895200000004,94.945218,93.00502200000004,88.50656000000002,85.74197720000002,84.14779920000002,82.8279672,83.39225800000001,84.56904899999999,87.95556579999999,94.2146678,101.2375578,101.894735,100.682847,96.186945,92.351567,87.74009900000001,83.35150900000002,83.42178200000002,83.096304,79.28369599999999,75.04392800000001,74.110974,68.646404,64.96784,59.88529000000001,53.12728600000001,48.07515800000001,47.01916660000001,46.39828740000001,44.19044600000001,42.97017960000001,41.02365500000001,37.2748958,33.94533300000001,31.5659256,30.8356774,31.8459412,30.7792466,28.4222242,25.880797,22.0901934,15.7667686,10.6007618,6.6054302,3.2661422,0.9367544,0.0,0.0,0.0,0.0,0.0,0.0,0.0,0.0,0.0,0.0,0.0007528037200000001,0.00094817334,0.0013261344,0.00144358134,0.00274186262,0.0019890589,0.00179368928
60123>60101,696,696,SJWu,St. John's Wood,Jubilee // SB,696,SJWu,St. John's Wood,EntEx,Alight-Exit,1061.079683590001,28.76206016,205.00925576,563.9654600000001,166.278722,78.21436308,18.84982259,0.46666188,0.90079922,1.31723666,3.10938886,4.17370248,5.061602580000002,5.31057596,8.422092520000001,10.72886192,14.42979192,16.56642692,18.6065712,18.3686966,18.199728,15.765443,15.8050214,17.4959532,18.9313378,19.5405908,20.570833,22.3579308,22.3296246,21.837413,21.90036580000001,22.3170152,21.5287462,22.3499392,23.48025800000001,24.7419638,25.5758612,25.8952914,25.25886819999999,25.3660306,24.7053642,24.9759772,24.7066298,24.6504706,23.9170306,23.3662372,22.7683442,22.8189312,23.1260868,22.5705258,21.4205544,20.022422,18.6131318,17.1179884,16.0449966,14.5868614,13.645036,13.073289,11.831304,10.9406978,10.9593756,10.0749851,9.3686343,9.634569699999998,9.5774653,8.46645702,8.60283902,8.042973219999999,6.85941022,5.74164582,5.603926700000001,4.78160234,4.15740548,3.627205280000001,3.11886298,2.94416206,2.80427296,2.904745080000001,2.59837984,2.29935896,1.80329933,1.29206309,0.70971603,0.37939067,0.14348805,0.0,0.0,0.0,0.0,0.0,0.0,0.0,0.0,0.0,0.0,0.0,0.0,0.0,0.0,0.0,0.32364884,0.32364884,0.32364884
590101>590123,714,714,STAu,Stanmore,EntEx,714,STAu,Stanmore,Jubilee // SB,Enter-Board,3020.116008835613,129.7618234,629.4265164,1556.199412,434.25552,217.7693363000001,52.70340073561199,6.9479284,7.401307200000002,11.9777984,13.9925236,16.038054,19.1432982,25.9248674,28.3360462,31.666267,34.5628314,38.48480360000001,43.8782004,49.5203468,55.200874,59.8951446,61.56489420000001,60.9819194,62.762911,64.08140900000001,66.826915,71.1566132,76.6486732,79.4001312,78.5750972,80.01594920000002,79.89864200000002,79.35261200000002,78.7718248,79.8128848,78.48682480000002,74.7435712,71.5295612,67.7107312,65.7477964,60.03446780000002,56.7686048,52.11590740000001,50.2487086,45.99120280000001,44.4129366,45.3633846,48.0192134,45.214676,46.1793976,46.7712344,43.1380414,38.0819714,35.71818160000001,32.3494332,33.03803000000001,35.9073816,35.6541834,35.33244240000001,35.2809198,31.09918720000001,31.8845136,30.4102044,28.04698280000001,25.96983460000001,24.6720782,18.1376773,17.7928229,16.4383549,14.6673945,12.8667617,11.8833638,8.362451400000001,8.5214098,8.0014254,7.6471676,7.8319922,7.75167036,6.24846292,5.20173976,4.67149586,2.35526966,1.3044143,0.9609711400000002,0.7277913000000001,0.0,0.0,0.0,0.0,0.0,0.0,0.0,2.4084178e-05,3.11716636e-05,4.1915697e-05,4.61751776e-05,0.0001914677376,0.0001701801344,0.0001681203406,0.0001603107348,0.0001560512542,1.07586942e-05
590122>590101,714,714,STAu,Stanmore,Jubilee // NB,714,STAu,Stanmore,EntEx,Alight-Exit,3281.931298634374,57.86666954956,225.9966422799999,1222.7057448,943.4423062,611.3583888000001,220.561547004814,1.86750898652,3.548846186520001,6.405779786519999,7.23815997,9.8573084,9.13320274,10.54123834,9.27462514,11.86180694,11.78007274,13.3015378,15.101498,17.1543756,18.3772982,20.4864694,22.5116644,22.288954,24.1665694,24.2998068,24.666589,25.748658,26.7865246,27.6980904,31.3300602,34.719411,37.8084228,41.82936460000001,44.81011740000001,46.81217839999999,50.38538800000001,50.8779294,54.52065039999999,55.13745300000001,59.12862700000001,57.62636180000001,61.61485700000001,60.3696496,64.157901,59.4412056,61.56507420000001,61.3611262,65.6504556,67.0091596,76.317079,84.92517000000002,85.537474,87.43570600000002,84.25937300000002,80.50058299999999,75.17917299999999,75.86405699999999,72.02079900000003,73.71267399999999,74.482174,73.393736,76.13138719999999,73.41857320000003,74.124864,67.301428,63.800808,55.41554179999999,51.85448179999999,46.536085,43.029298,39.8911232,36.3046722,32.4793348,27.2021788,26.71097900000001,22.595698,19.39398640000001,19.7538462,20.1970652,19.38202,19.8476436,21.7952686,18.6943828,14.4479938,10.0810218,5.53338,1.6270106,0.0,0.0,0.0,0.0,0.0,0.0,0.0,0.0,0.0,0.000178993726,0.000232732302,0.000316028128,0.166900748128,0.166900748128,0.166721754402
110501>110514,719,719,SFDu,Stratford,EntEx,719,SFDu,Stratford,Central // EB,Enter-Board,4355.362543497211,38.73406176,162.3185527,1824.0963156,1694.0323006,458.9715476000001,177.20976523721,2.16834984,3.0934145,3.76601616,4.60412996,4.63996422,5.86878742,6.65351276,7.9398869,8.5749961,9.8388214,10.3673522,10.919147,11.6408946,12.2245808,13.6605792,14.3472766,15.7598682,17.3784342,18.6164268,18.9901756,21.250018,22.42404860000001,24.5080772,26.53346800000001,27.92752,28.9161934,31.2344034,33.6790884,40.2987276,49.306634,58.899621,70.472892,80.71814300000001,90.02717100000002,95.3698452,104.3625952,112.2322172,116.8116824,116.6286924,131.5152132,132.1484392,127.8726852,135.808104,145.150836,139.505956,145.886128,155.253704,151.795906,147.50815,149.368826,156.704184,156.104232,147.782849,135.012989,118.786247,90.32312960000002,68.4713492,56.8566822,50.8820886,43.87215660000001,38.15211720000001,36.42071960000001,33.3895728,30.7908678,27.70512380000001,27.08971660000001,23.55563900000001,21.7855142,18.7024732,17.281929,15.767204,14.7577764,16.4781022,25.1236528,22.247245,19.238446,16.2639492,11.150605,0.0,0.0,0.0,0.0,0.0,0.0,0.0,0.0,0.0,0.0,0.0,0.00030599058,0.000336833522,0.0004911962420000001,0.003792125242,0.06469970524200001,0.06439371466200003,0.06436287172
110501>110515,719,719,SFDu,Stratford,EntEx,719,SFDu,Stratford,Central // WB,Enter-Board,13919.724744785,660.3225998,1571.653562,6095.835776000001,3655.210872,1469.1772258,467.524709185,43.00874520000001,54.7069562,84.1924542,97.6099402,100.312853,94.948575,100.756512,84.78656400000001,81.881148,86.76342199999998,97.22994200000001,107.792382,123.072136,128.372668,135.675098,144.47261,152.178564,159.601968,169.875372,184.738252,191.198786,200.23138,204.743638,220.188072,220.792452,223.660344,223.311072,229.82688,228.626574,238.892662,253.152392,264.447854,274.274408,276.42313,280.209642,278.98939,278.722258,274.584514,276.513274,279.607382,282.607518,290.44497,295.13681,309.250374,313.552824,317.00743,316.8923240000001,321.389492,309.867208,310.143666,323.850556,322.7120240000001,314.486638,298.5526140000001,275.779464,230.976632,198.58922,170.290514,163.802682,145.485712,134.4251172,124.2583892,114.1701802,95.37106419999999,84.057443,81.00659300000002,78.75775900000002,78.962552,76.06005,76.41024240000002,73.01000119999998,72.13498320000002,56.41789920000001,43.34831320000001,30.204554,16.392016,0.0,0.0,0.0,0.0,0.0,0.0,0.0,0.0,0.0,0.0,0.0,0.005155551,0.006551550000000001,0.008745555,0.034872827,0.217600117,2.713348566,6.863630367000001,6.861436362,6.835309090000001
110501>110522,719,719,SFDu,Stratford,EntEx,719,SFDu,Stratford,Jubilee // NB,Enter-Board,17500.10522590516,736.0206084000001,1436.9612896,8200.069528,4497.794794,1853.309942,775.949063905157,40.43884,56.67786,86.839124,98.927996,118.31073,114.0377828,118.9251348,101.8631408,97.2018808,82.24221480000001,86.78700200000002,87.21695799999999,98.44297480000002,106.9655828,113.0056128,128.4805928,139.6541908,144.860548,163.033268,189.070464,200.48557,212.695824,238.55815,255.042904,255.24503,263.252372,272.546952,277.029742,282.732818,317.379678,334.278756,356.225142,374.873516,388.513334,383.219566,399.231046,404.951872,408.077154,410.887036,423.962794,435.5246,447.043056,435.328308,422.9843080000001,408.7097520000002,387.6971320000001,367.49239,371.201094,372.4529000000001,376.060732,407.185352,410.77149,393.454328,372.6227240000001,344.2422000000001,285.9047,248.191108,226.818152,209.419022,189.590784,163.925274,148.47758,136.813333,125.097933,109.439643,102.964275,97.51184700000002,95.06099100000002,89.05004699999999,86.53541220000002,84.48979220000002,79.64325020000003,65.1974032,49.27212720000001,34.382494,19.73487200000001,6.393304000000001,0.0,0.0,0.0,0.0,0.0,0.0,0.0,0.0,0.0,4.9306236e-05,0.000174849416,0.0001865428214,0.0002530469014,0.0002593090314,0.0535478747954,33.1749743316154,76.00701863821,76.00695213412999,76.00694587199999
110501>110576,719,719,SFDu,Stratford,EntEx,719,SFDu,Stratford,Elizabeth Line // EB,Enter-Board,2658.439825484,15.18889768,137.17900612,1113.1660527,1035.0803466,295.2084434,62.61707898400001,0.0,0.0,0.0,0.0,0.8235525200000002,2.25122892,5.50448972,6.609626520000001,8.412809520000001,8.65327792,8.25518692,6.168628400000001,7.1832208,7.710845000000001,11.29462008,13.73045948,16.2271484,15.9583298,18.1188862,15.4655936,15.0449782,13.954506,16.7358464,15.8391846,17.88759420000001,17.3667945,21.5198395,21.2313721,24.6444691,26.83397830000001,35.66056520000001,38.27009,47.9315724,51.6668316,60.27759020000001,59.4422608,69.53450400000001,69.26802800000002,78.399624,77.24485920000002,88.801252,81.02873080000002,84.99666680000001,79.58491479999999,87.3974608,80.09423879999999,89.10247700000002,84.6658682,90.2299962,84.4364882,102.3237102,96.5272512,99.398023,86.365241,81.47860299999998,53.060989,46.4452914,33.974135,33.7922344,26.7355464,27.666065,22.4138724,23.7568934,19.1179452,18.4100728,15.339414,15.6408082,11.9161652,11.8920584,10.5832036,10.3637166,7.83351316,7.43385108,5.53599372,3.788592920000001,1.91017412,1.1428657968,0.2544172768,0.3769313568,0.3769313568,0.3769313568,0.37394912,0.37394912,0.0,0.0,0.0,0.0,0.0,0.0,0.0,0.0,0.0,0.0,0.0,0.0,0.0
110501>110577,719,719,SFDu,Stratford,EntEx,719,SFDu,Stratford,Elizabeth Line // WB,Enter-Board,6211.081120619002,56.221964459,549.2613116000001,2955.3687098,1843.754872,737.205842,69.26842076,0.0,0.0,0.0013639718,6.847152571800001,8.763714371799999,10.3259741718,12.8500869718,17.4336724,19.1545564,25.96760960000001,32.2774026,38.96590379999999,45.3044544,48.51709240000001,48.5124438,55.42262100000001,53.497877,54.70034739999999,57.99078780000001,68.9502154,75.1474242,86.4891262,98.88260179999999,107.8364988,113.4036328,115.828532,122.1419,119.091878,122.41228,125.831918,124.310246,125.2242,127.638718,126.310192,121.311262,128.069976,129.494884,132.265014,130.168132,139.52223,141.679166,143.107094,148.2950420000001,150.906762,151.26954,151.594738,152.754552,150.995354,154.924648,153.411382,163.775176,169.090618,165.020996,159.16452,147.145984,124.607364,103.440548,92.72589680000002,85.19857879999999,79.7713548,70.47778480000002,66.15411180000001,60.21988560000001,49.68691460000001,41.00933640000001,34.98002899999999,28.863348,24.6780534,18.95824552,14.43375038,11.77706838,9.006780500000003,4.8160431,4.052287636,2.839024442,1.942721972,1.135193852,0.146903252,0.08757559599999999,0.07282613,0.0,0.0,0.0,0.0,0.0,0.0,0.0,0.0,0.0,0.0,0.0,0.0,0.0,0.0,0.0,0.0
110501>110582,719,719,SFDu,Stratford,EntEx,719,SFDu,Stratford,NR Great Eastern // DN,Enter-Board,1349.1043663148,2.61806728,31.4813715828,453.74494026,595.80399914,216.607962384,48.84802566800001,0.0,0.0,0.0,0.0,0.0,0.60136338,0.60136338,1.41534052,1.41534052,1.90617828,1.70365822,2.59874442,1.78500497256,2.40965737256,2.11462950056,2.71078778056,1.96693964056,3.958027548000001,3.513256708,5.399146620000002,4.436094728,6.176330667999999,4.312376348000002,6.947023388000001,4.933585282,7.334312973999999,5.506313004000001,9.592976324000002,6.972614864000001,13.25748957,10.960427722,19.309431692,15.220594204,24.413715064,18.531559364,30.456302212,22.309933032,35.03529892,25.784105788,38.506259088,26.706288468,41.165305648,28.653420388,47.22318152,34.46846392,52.78736214000001,38.56383578000001,58.45325604000001,40.15726098,61.84967338000001,44.03357726,68.02160462,48.22989254,60.7486006,39.21763328,49.2728386,24.97551636,32.43445444,19.88905256,26.38855248,15.635452976,20.974130816,13.22478521600001,17.397876096,10.486637326,14.16351203,8.776000241999999,12.261991842,7.736432057999999,10.067953228,6.352526441999999,8.785960630000002,5.163320964,5.188965856,2.669322056,2.6449529716,0.06804797159999999,0.0801329964,0.0237898884,0.0237898884,0.0214153588,0.0214153588,0.0,0.0,0.0,0.0,0.0,0.0,0.0,0.0,0.0,0.0,0.0,0.0,0.0,0.0
110501>110583,719,719,SFDu,Stratford,EntEx,719,SFDu,Stratford,NR Great Eastern // UP,Enter-Board,662.3376197600002,6.6887808,95.91938160000001,322.7519862,162.25199146,54.74042548000001,19.98505422000001,0.0,0.0,0.0,0.0,0.0,0.0,2.1746018,4.514179,6.100787200000001,6.366620500000002,8.2146231,7.3196572,6.0794264,7.0296734,7.49348064,7.838735639999999,8.559138540000001,9.23037224,9.34525084,12.3416159,12.5885655,12.13692262,12.53913752,12.35945072,10.41041032,9.59845412,9.21769756,9.728147460000002,9.55155666,10.05777126,10.86461906,13.1983323,13.5552172,14.3517918,15.4247014,15.238402,17.3652766,17.1488231,17.4278395,17.5733733,18.0460107,14.91082870000001,13.8804404,15.5782164,14.5946856,15.3204512,15.0201592,16.461026,14.1677178,14.7244768,14.4315012,15.0927298,13.2257335,11.9275466,9.78441394,7.501549820000001,5.055230980000001,4.99391048,4.190319520000001,4.964014780000001,4.9867695,5.244929099999999,5.7797305,5.31153474,4.255631080000001,3.70370502,3.77324824,2.48140154,2.81957596,3.635132140000001,3.2929408,3.384189300000001,2.835396600000001,2.306262812,0.8411962920000001,0.8411962920000001,0.014582012,0.014582012,0.0,0.0,0.0,0.0,0.0,0.0,0.0,0.0,0.0,0.0,0.0,0.0,0.0,0.0,0.0,0.0,0.0,0.0
110501>110584,719,719,SFDu,Stratford,EntEx,719,SFDu,Stratford,NR Weaver // DN,Enter-Board,2997.053666000001,0.0,287.0501420000001,1210.266723,1138.084023,295.5998432,66.0529348,0.0,0.0,0.0,0.0,0.0,0.0,0.0,0.0,0.0,0.0,13.4128708,13.4128708,18.090118,24.114514,30.12565,33.5665312,39.20037360000001,38.0773336,37.258317,39.791563,27.81859140000001,25.3915228,27.1726164,32.3180754,27.7528914,26.479205,26.5927304,30.4501756,24.7158644,27.6074398,32.1944258,45.9120874,48.40803460000001,54.16431080000001,60.57021440000001,73.2623264,68.36761200000001,69.036472,76.01768659999999,77.56067359999999,72.51835960000003,76.61603720000002,82.255936,97.083434,101.673514,102.23172,103.995955,106.751951,89.96747780000003,89.8628298,101.4391738,106.5568328,99.2174408,91.9586128,82.81582279999998,61.6126924,43.59489800000001,35.64606879999999,33.908304,27.732819,24.637952,22.0117348,20.4175038,18.3279394,17.2970046,16.779239,17.63276100000001,17.6136188,17.1330726,14.1771864,11.0145214,10.1253174,6.2734638,2.4431244,2.4431244,2.4431244,0.0,0.0,0.0,0.0,0.0,0.0,0.0,0.0,0.0,0.0,0.0,0.0,0.0,0.0,0.0,0.0,0.0,0.0,0.0,0.0
110501>110589,719,719,SFDu,Stratford,EntEx,719,SFDu,Stratford,LO Mildmay // WB,Enter-Board,5611.806102099998,0.0,422.3330510000001,2415.54852,1972.436841,707.0304382000002,94.45725190000002,0.0,0.0,0.0,0.0,0.0,0.0,0.0,0.0,0.0,0.0,0.0,0.0,0.0,6.627738000000001,22.302857,48.62821700000001,73.32040900000001,86.77461900000002,93.28512099999999,91.39409,75.32491800000001,68.26844679999999,66.80109739999999,69.6998734,72.69335040000001,75.68366840000002,71.76356960000003,76.04754500000001,77.38955899999999,75.25589599999999,81.546284,91.65773,96.082782,102.964972,109.410636,121.0742,117.8621008,124.3665768,123.8434928,131.2182308,129.4938528,146.889052,150.820662,159.390024,163.834418,173.668418,167.63415,168.862472,170.000808,177.146514,173.322952,179.190406,172.391688,162.546971,140.332589,123.505455,98.71290820000002,86.99199220000004,77.0164752,73.11471,61.43378000000001,60.90172879999999,53.0691532,47.4116662,41.33088460000001,39.96634660000001,33.9220746,33.1587186,29.1468948,21.2894196,18.687297,12.212813,6.968082600000002,3.0117934,3.03762502,0.02583162000000001,0.02583162000000001,0.02583162000000001,0.02583162000000001,0.0,0.0,0.0,0.0,0.0,0.0,0.0,0.0,0.0,0.0,0.0,0.0,0.0,0.0,0.0,0.0,0.0
110501>110590,719,719,SFDu,Stratford,EntEx,719,SFDu,Stratford,DLR (Stratford route) // OB,Enter-Board,3180.757522834639,12.090344651,138.76436428,1572.4122378,1184.8142428,205.8725682,66.8037651036378,0.168010768,0.1698900398,0.3201825598,0.5831774397999999,0.7930956117999999,1.6190818318,3.70744736,4.72945904,5.77598416,6.37575612,6.928849599999999,7.540088799999999,8.1086116,9.4541656,11.5980044,13.96008,14.6371868,16.3602998,17.538998,20.4863394,22.3481174,23.7430156,25.7941414,30.27725520000001,34.677039,45.07451620000001,61.1703892,81.6567054,90.92565340000002,93.70242600000002,90.1498072,80.7434418,67.493565,62.888799,63.553639,64.29117500000001,66.0014816,69.9190744,73.89039040000002,76.6070152,81.45170200000003,85.84467880000003,89.05607280000002,91.15213680000002,95.52215600000002,99.531662,110.846888,119.244354,121.30343,119.759644,120.132952,110.923574,93.867448,80.27762600000001,66.0194928,47.385016,31.4199586,23.21025160000001,19.9168622,19.055201,18.5552998,17.2189382,15.9652152,14.3243904,12.2232765,11.3467123,11.1586089,11.4778535,11.3042615,10.3016022,9.0462052,8.6322834,7.597310680000001,6.54890924,5.430781092439999,4.173826306441853,2.405142513705565,1.362468640727557,0.0009742807275568,2.82875568e-08,1.4285704e-08,7.021992000000002e-09,0.0,0.0,0.0,0.0,0.0,0.0,0.0,0.0,0.0,0.0,0.0,0.0,0.0,0.0
110501>110592,719,719,SFDu,Stratford,EntEx,719,SFDu,Stratford,DLR (Stratford Int'l route) // OB,Enter-Board,1769.21681776829,16.785778982,169.78827888,827.5733954,501.1326728000001,191.649469,62.28722270628975,0.639144168,0.768351948,1.231984428,1.426092854,1.814614046,1.879763526,4.115980746,4.909847266,8.341154640000001,9.92441344,12.0117548,12.4559564,15.4669652,14.6958674,17.16387,17.2289852,17.5054208,15.1372792,15.6308868,14.225725,14.6270284,14.1350758,16.0043724,17.0861514,19.354523,19.8137338,22.705253,22.9479202,27.8393676,31.0575814,36.9633996,38.34920940000001,43.291007,42.5343906,45.96866179999999,43.50056100000001,47.20135240000001,45.74181179999999,46.42238500000001,41.7283816,48.8831904,46.9005284,48.7471218,45.7703876,47.66682400000001,41.4961788,42.6360572,40.0517488,44.3800776,42.12831260000001,47.17447980000001,43.2277856,45.54442160000001,40.2049676,38.39867820000001,28.223141,25.5012686,19.4129804,19.170149,16.278713,16.832163,16.090169,15.5658902,13.2111744,13.4618738,12.0402804,12.163253,11.9215542,10.6703886,8.8733412,8.364770680000001,7.316386380000001,7.700135380000001,6.45273334,5.657646647999999,4.199839836185807,2.806365801257952,0.203374601257952,0.04224004125795201,1.33257952e-07,6.507214599999999e-08,0.0,0.0,0.0,0.0,0.0,0.0,0.0,0.0,0.0,0.0,0.0,0.0,0.0,0.0,0.0
110501>110593,719,719,SFDu,Stratford,EntEx,719,SFDu,Stratford,DLR (Stratford Int'l route) // IB,Enter-Board,46.11475915640002,0.0,5.3989927494,25.750067934,9.248939342,4.798354991999999,0.9184041390000001,0.0,0.0,0.0,0.0,0.0,0.0,0.0,0.0,6.906908e-05,0.06081514908000001,0.12772054908,0.19889568308,0.3241090310800001,0.423948136,0.586172036,0.664858436,0.7583100920000001,0.7700694240000001,0.82533913,0.6586860140000002,0.7942722340000001,0.8656249840000001,0.8481212640000001,0.9546384040000002,0.9911880740000002,0.8802999140000001,0.8029634340000001,0.8776932260000001,0.9133274459999999,1.066376492,1.188868372,1.239577372,1.19697208,1.18210918,1.1797685,1.07524638,1.03298104,1.0774571,1.22538108,1.25918578,1.30735344,1.262349966,1.404851786,1.123460386,1.000173466,0.9724022659999999,1.025695674,0.8217748260000001,0.7862987579999999,0.7248893220000001,0.663263842,0.6155854279999999,0.5880237959999999,0.709132984,0.69363144,0.64806754,0.5813979539999999,0.5217464940000001,0.420998944,0.476083312,0.415850184,0.394401592,0.3852790919999999,0.326999386,0.289763346,0.341505898,0.33623848,0.30809031,0.2538752,0.20476665,0.141562278,0.107249634,0.097082904,0.0773737282,0.0314522502,0.0016804982,0.0016804982,0.0016804982,0.0,0.0,0.0,0.0,0.0,0.0,0.0,0.0,0.0,0.0,0.0,0.0,0.0,0.0,0.0,0.0,0.0,0.0
110514>110501,719,719,SFDu,Stratford,Central // EB,719,SFDu,Stratford,EntEx,Alight-Exit,11262.9865809347,245.121526,885.6304790000002,5564.076665000001,2752.133997999999,1241.610111,574.4138019347001,8.9994276,19.2845708,22.8251272,31.9666412,34.127977,43.3525722,38.89956480000001,45.66564520000001,54.182368,59.3528826,56.91059180000001,62.0603668,62.652632,60.94895,62.94969399999999,71.33826380000002,81.166301,96.071849,102.578202,115.418378,126.616105,135.652397,135.571367,155.520052,171.025654,193.116996,212.919796,241.460596,249.708646,263.05889,260.485278,261.1944360000001,256.341722,247.60077,251.410296,243.949646,250.000096,248.672656,264.567672,259.605846,282.8275280000001,280.35418,289.55856,282.85748,269.683188,257.217478,252.319486,241.932408,240.093526,243.373684,232.56299,222.66822,218.205402,206.338598,193.715792,174.023226,163.981088,139.521444,122.37489,109.9023048,106.7606968,94.0695708,95.4408488,90.4457578,87.991871,81.67574499999999,75.89288499999998,73.553009,72.77529799999999,72.95834280000003,71.91990799999999,77.65823400000002,75.61500799999999,68.88542840000001,53.95578900000001,41.89839380000001,25.5336538,10.5665718,2.5954674,0.0,0.0,0.0,0.0,0.0,0.0,0.0,0.0,0.0,0.0,0.00095871966,0.00148075762,0.00229391054,0.00261276304,0.01560008704,0.01464136738,0.01411932942
110514>110522,719,719,SFDu,Stratford,Central // EB,719,SFDu,Stratford,Jubilee // NB,Alight-Interchange-Board,1395.434170552098,19.34892012,98.46739508,609.0739376000001,380.3135353999999,188.1817193,100.0486630520972,0.5132756119999999,0.8642904919999999,0.998753444,1.434036524,1.287972564,3.498242932,4.219198452000001,6.533150099999999,7.47828126,7.96307578,7.72513238,8.35072258,6.55294542,7.16294534,7.67769344,7.59431824,8.06392604,9.154743400000001,9.6512764,11.0923348,11.9491412,12.815823,13.8146508,17.2577892,18.41825020000001,20.9052194,22.849471,26.1666222,26.8448274,27.33270000000001,29.3321874,29.46621720000001,28.59023640000001,25.57140020000001,28.53871940000001,26.3421232,27.3287072,26.775166,29.56849260000001,29.4909594,31.24787040000001,32.5814454,33.75420680000001,32.1317116,28.5975902,29.2173854,28.2538936,28.613622,30.73884020000001,34.13580280000001,33.7488034,34.3121766,36.2125438,33.4400252,33.4032592,29.639593,27.5115794,21.1702608,19.4411828,14.6843266,14.5357018,11.7735186,14.106364,13.4523482,14.2596292,12.32371994,11.58789928,13.33518868,14.81498808,13.71492328,14.39857934,16.8682744,13.411017,10.0883314,8.191010200000001,6.218177200000001,2.3423276,0.0,0.0,0.0,0.0,0.0,0.0,0.0,0.0,0.0,0.0,0.0,0.0,3.5346582e-08,4.81772032e-08,7.07417452e-08,8.248385620000001e-08,0.0003447996238562001,0.0003447642772742001,0.0003447514466530001
110514>110576,719,719,SFDu,Stratford,Central // EB,719,SFDu,Stratford,Elizabeth Line // EB,Alight-Interchange-Board,3473.211714,45.8721044,337.5949724,1192.9042428,1129.2287988,413.5654499,354.0461457,0.0,0.0,0.0,0.0,5.138533799999999,6.113965,12.3298742,22.2897314,41.4440954,44.347975,46.62727140000001,43.27090820000001,36.1387016,20.8107166,17.14844200000001,16.3202524,18.2034738,17.4145968,18.2618964,17.6066428,20.0959108,21.4889794,24.6549998,24.1148764,29.7578372,30.3185852,35.1426592,35.1564152,44.789794,44.2231992,54.4172892,50.876474,54.28203599999999,50.711606,54.55869379999999,49.2982798,55.948382,60.47956800000001,67.384718,71.22896779999998,77.4042378,77.578124,80.74324200000002,78.249368,78.18625,76.08340000000003,88.8351248,86.65125880000002,100.2359408,100.5567568,112.6440008,99.6500988,119.2731868,98.5023984,94.1115004,74.49888239999999,70.16683319999999,42.53355860000001,42.2791404,35.7233516,35.2173196,31.0661454,30.4831216,29.2635434,27.7536824,24.2181296,23.8418132,21.0188109,21.0717773,19.0667468,31.2398816,36.57574140000001,50.58690610000001,57.5224717,55.23376320000001,40.1449372,29.66771120000001,12.9362092,0.0,0.0,0.0,0.0,0.0,0.0,0.0,0.0,0.0,0.0,0.0,0.0,0.0,0.0,0.0,0.0,0.0,0.0
110514>110577,719,719,SFDu,Stratford,Central // EB,719,SFDu,Stratford,Elizabeth Line // WB,Alight-Interchange-Board,33.54305915690399,0.5569519218819999,4.747928408926,15.499306081,5.92000683,5.032939039691598,1.785926875404382,0.0,0.0,1.05893676e-05,5.69132356e-05,0.0001068921616,0.07813261216159999,0.07813261216159999,0.400512302794,0.448391718926,0.502671434,0.474566422,0.620440588,0.298050308,0.250124568,0.21857983,0.331621662,0.185747496,0.389850276,0.510219596,0.51766451,0.40894139,0.43972096,0.2424260094,0.3059547814,0.4076459314,0.4343411914000001,0.5556784414000001,0.6193139080000001,0.636068576,0.6977063160000001,0.8730920360000001,0.7480825,0.9556123640000002,0.7549596040000002,0.8263176040000001,0.5699972040000001,0.7405373479999999,0.4778007132,0.6884161531999999,0.4730944832,0.9226438231999999,0.9033940751999999,0.961847374,0.8557132940000001,0.8061182040000001,0.407087144,0.280120304,0.250888756,0.212664856,0.257713722,0.5130991220000001,0.5025741020000001,0.6489644379999999,0.6217423580000001,0.8624687520000001,0.5565650720000002,0.7365668120000001,0.558741044,0.635737894,0.3723086612000001,0.6213834012000001,0.4042846198,0.5161097478000001,0.4159600218,0.406110197,0.1660673898,0.1622586112,0.03741063989159722,0.02152813589159722,0.02119534149159722,0.1105923366915972,0.1363942606915972,0.3339707000000001,0.3510733588000001,0.3389099529275986,0.2404810249275987,0.2146791009275986,0.0171026609275986,2.1275986e-09,0.0,0.0,0.0,0.0,0.0,0.0,0.0,0.0,0.0,0.0,0.0,0.0,0.0,0.0,0.0,0.0,0.0
110514>110582,719,719,SFDu,Stratford,Central // EB,719,SFDu,Stratford,NR Great Eastern // DN,Alight-Interchange-Board,1756.556114,4.326298599999999,110.6257098,508.7081418,642.5122114,369.79361008,120.59014232,0.0,0.0,0.0,0.0,0.0,0.8252284,0.8252284,2.6758418,2.6758418,5.801116200000001,8.4320588,11.2481881,9.81418056,12.61781116,9.816088,9.8467662,7.554969,10.82562214,9.12811454,12.8649533,9.859285240000002,12.78496074,10.16824254,15.01661014,12.06156794,17.6544652,15.44344114,19.56860574,14.92153988,18.69242848,14.63202008,20.22038254000001,16.88658624,22.0867009,20.0518097,25.2558397,20.8526953,28.1511002,23.7675747,31.0334435,27.2215835,36.7771465,30.0623269,45.537785,39.5186874,50.9433494,44.15714080000001,58.99255040000001,46.56159,61.45556760000001,51.4545326,67.4187306,54.83181879999999,63.0570084,48.46555280000001,55.65568260000001,36.6204362,41.41524099999999,32.3376344,38.22726,28.1557442,34.88342460000001,27.3108162,31.1791936,22.9567158,28.3508388,20.54025994,27.81604534,20.86410874,25.23151714,18.25022356,20.65379522,11.86181128,11.55970954,5.134514940000001,4.77360452,1.33042372,0.93043366,0.0,0.0,0.0,0.0,0.0,0.0,0.0,0.0,0.0,0.0,0.0,0.0,0.0,0.0,0.0,0.0,0.0,0.0
110514>110583,719,719,SFDu,Stratford,Central // EB,719,SFDu,Stratford,NR Great Eastern // UP,Alight-Interchange-Board,54.59158104350001,0.293867064,10.1512474987,29.3309008048,8.364565465199998,4.1850066076,2.2659936032,0.0,0.0,0.0,0.0,0.0,0.0,0.067297888,0.226569176,0.314310986,0.3539222420000001,1.392997442,1.3261128249,1.1793182919,1.1056107899,1.2195466419,0.2858661419,0.5209490710000001,0.8226398360000001,0.8106221726,0.8193510586,1.1758517586,0.9899316126,0.6875350436000001,0.7097550370000001,0.7464951230000001,0.4823627970000001,0.6239530230000001,0.7402989320000001,1.009438954,0.943311114,1.3106869,1.247714928,1.554383908,1.353596496,1.938673256,1.450381306,1.962436198,1.595444502,2.111034254,1.514271628,1.621248998,1.223078278,1.443396334,0.8956204240000001,0.87879715,0.724581536,0.6937804959999999,0.432541384,0.962624894,0.8940588540000001,1.050869496,0.8531307600000001,0.89718422,0.380825724,0.3478639876000001,0.2483069636,0.2559087426,0.3119923346,0.3016314066,0.5406007429999999,0.5273756829999999,0.6468484940000001,0.5220486172,0.4600476462000001,0.2783661782,0.2060177444,0.06714472040000001,0.0670242974,0.2791214724,0.2499880004,0.2486992102,0.3584614922000001,0.356371652,0.224075952,0.193070232,0.193070232,0.08156768,0.08156768,0.0,0.0,0.0,0.0,0.0,0.0,0.0,0.0,0.0,0.0,0.0,0.0,0.0,0.0,0.0,0.0,0.0,0.0
110514>110584,719,719,SFDu,Stratford,Central // EB,719,SFDu,Stratford,NR Weaver // DN,Alight-Interchange-Board,1049.6601314162,0.0,108.1316323162,398.9425231,293.6581863,190.29885506,58.62893463999999,0.0,0.0,0.0,0.0,0.0,0.0,0.0,0.0,0.0,0.00017756324,1.08440416324,1.08440416324,5.684682963240001,8.192602163240002,11.2576566,12.9953114,18.023254,16.1507481,17.5786203,16.0797709,19.2120555,15.2861965,17.431702,17.6449772,21.3428498,17.4795288,18.9120728,19.4476164,18.0670414,14.3817841,15.3156199,14.4538171,12.9410531,11.9087193,15.180669,14.1314616,17.2444232,15.1520142,17.2917528,14.5005108,18.74105560000001,15.6453174,19.5088556,17.721429,23.2788568,19.44302,27.75338540000001,24.5483912,28.8549088,23.220447,25.7245506,18.87907460000001,25.83675700000001,22.2598318,28.3399242,25.5190389,27.9319521,19.58383096,22.11805416,14.94337376,16.93259706,12.29621056,14.6420199,10.9912615,14.2377527,10.8750811,14.2280598,11.51866146,13.30243106,9.16785626,8.477904859999999,8.19385866,7.485693400000001,4.0003968,4.0003968,4.0003968,0.0,0.0,0.0,0.0,0.0,0.0,0.0,0.0,0.0,0.0,0.0,0.0,0.0,0.0,0.0,0.0,0.0,0.0,0.0,0.0
110514>110589,719,719,SFDu,Stratford,Central // EB,719,SFDu,Stratford,LO Mildmay // WB,Alight-Interchange-Board,572.902484449505,0.0,42.79391095000001,283.08626128,165.6556736,71.23006066,10.136577959505,0.0,0.0,0.0,0.0,0.0,0.0,0.0,0.0,0.0,0.0,0.0,0.095143146,0.095143146,0.788060306,1.882814506,4.603620306000001,7.58005116,8.570986300000001,9.437726140000002,9.740365940000002,9.70964314,7.870644540000002,8.0832488,10.5464052,10.7152576,11.5216738,11.965578,13.589408,11.7858861,11.70524704,10.02411554,9.98922734,10.56354634,9.57878244,12.5679795,13.5481986,15.7467852,14.2417557,15.2304457,13.2845169,12.5427695,12.2478399,12.1934646,13.8338418,13.6611814,14.7809238,13.1802426,15.0058668,15.167074,15.6415138,14.8692214,15.2682045,14.5617776,12.05756934,11.46542014,9.996678220000002,9.83094252,8.209494300000001,8.54943996,7.2796173,7.27579554,6.3306912,5.72829028,4.53556704,4.211368220000002,3.59459078,2.94223488,2.74202864,2.830002380000001,2.42521378,2.1132655,1.53291114,0.9954856200000002,0.2396957200000001,7.63901e-07,7.63901e-07,7.63901e-07,7.63901e-07,7.63901e-07,0.0,0.0,0.0,0.0,0.0,0.0,0.0,0.0,0.0,0.0,0.0,0.0,0.0,0.0,0.0,0.0,0.0
110514>110590,719,719,SFDu,Stratford,Central // EB,719,SFDu,Stratford,DLR (Stratford route) // OB,Alight-Interchange-Board,1213.491058517111,1.869976761168856,38.98701359594221,606.90128576,416.78991316,105.9430364,42.99983284,0.005657321999999999,0.0159093426,0.0400511058,0.0775495058,0.074376850142214,0.334898459742214,0.4043094791422141,0.917224695942214,1.795239695942214,2.1170977,2.40834662,2.82413758,2.7269446,2.2076246,3.14223936,3.3996982,3.78461654,4.45156606,4.89692206,5.23258058,5.49383538,8.03219864,11.72046692,15.99210152,22.4705116,32.8913562,44.44226260000001,54.40716879999999,57.9184368,55.1558406,47.57212079999999,36.9641984,23.9695952,18.4755698,15.1073264,13.3177886,11.3650343,12.5681553,12.8034277,14.8400743,18.4078069,20.611052,25.3790528,26.9959042,32.263321,33.8636092,39.9268116,42.53173940000001,49.0916404,47.2806846,44.97090479999999,37.6478564,31.3090468,24.1182204,18.19712088,15.58895768,13.37274428,10.66798308,7.98087408,8.9025444,8.499069200000001,8.88822232,9.27441732,8.76143912,8.09963492,6.807116839999999,7.00154012,7.687450720000001,6.99355312,6.46970172,6.3890401,5.676614600000002,4.2023841,3.8706761,3.34261864,2.74863994,1.74133804,0.8455993400000001,0.7196671400000001,0.0,0.0,0.0,0.0,0.0,0.0,0.0,0.0,0.0,0.0,0.0,0.0,0.0,0.0,0.0,0.0,0.0
110514>110592,719,719,SFDu,Stratford,Central // EB,719,SFDu,Stratford,DLR (Stratford Int'l route) // OB,Alight-Interchange-Board,782.4332579160001,7.597678256,112.40471712,299.69123524,197.02116752,110.8469749,54.87148488,0.120490342,0.270252352,0.384435206,0.488799746,0.572734552,0.984744484,1.736591874,3.0396297,8.15036876,10.35011854,12.82747508,12.84106908,14.2151343,10.27855444,9.74001884,7.36793488,8.27670308,6.321857840000002,6.4346511,5.60083118,7.33883754,6.440694880000001,7.426751020000001,7.243636960000001,7.855439740000001,7.432466440000002,9.1108465,9.370074699999998,10.75658936,12.3475067,14.110934,12.56274506,14.18394866,12.73206426,14.70550386,12.63312286,17.1337084,14.57415472,17.48347912,14.95370402,18.35484602,15.71841042,18.4517369,16.7700331,18.8158756,16.020163,16.5200198,15.1392248,16.5365128,14.6891592,16.055747,15.3118146,17.8659556,16.428399,17.8591626,15.77913352,15.97280392,11.93490718,12.01207238,8.90527072,9.198476800000002,7.573947720000001,8.161362660000002,7.18582106,7.849837720000001,7.149833460000001,7.64055134,7.262089940000001,8.261703140000002,7.752983660000001,8.798554520000003,8.362828720000001,7.61344808,5.43369256,4.45776688,2.32157608,1.02134828,0.54962472,0.29795824,0.0,0.0,0.0,0.0,0.0,0.0,0.0,0.0,0.0,0.0,0.0,0.0,0.0,0.0,0.0,0.0,0.0
110514>110593,719,719,SFDu,Stratford,Central // EB,719,SFDu,Stratford,DLR (Stratford Int'l route) // IB,Alight-Interchange-Board,285.6165463953134,0.9508061214443881,25.69924695,103.8323117,69.4440969,60.0808798,25.609204923869,0.000149780811272,0.000279863665272,0.0002799627051320001,0.02888101070513201,0.09830605862386,0.2170799518938601,0.27718812903986,0.328641364,0.903203656,0.9313501059999999,1.242005054,1.325068934,2.26819034,1.9420962,2.4043377,2.26568926,3.54575772,2.67166038,3.13352556,3.06636204,4.35862486,3.16326282,3.46682474,3.101378120000001,3.12819554,1.96337038,2.65373862,2.76989658,3.28370462,3.36452864,3.74914484,3.56340992,3.80394512,3.79011048,4.61827648,4.16145154,4.90674612,4.75134766,5.4937603,4.88960216,7.410618340000001,6.898473580000001,7.62285088,6.91904936,7.5869625,5.51284308,5.518295720000001,4.887776280000002,4.976634600000001,4.439429799999999,4.820978719999998,4.54698938,5.404510960000001,6.72943156,7.678123560000001,7.342120739999999,7.665579940000002,6.568900599999999,5.5346492,4.1693122,4.637248420000001,4.40302742,5.33205216,4.7103727,4.936511920000001,4.31837914,4.181350080000001,3.623496020000001,3.986980040000001,3.752489740000001,4.100474820000001,3.844724460000001,3.59426526,2.58952633,2.0595207687738,1.0231303687738,0.6294165887738,0.0286709887738,5.558773800000002e-06,0.0,0.0,0.0,0.0,0.0,0.0,0.0,0.0,0.0,0.0,0.0,0.0,0.0,0.0,0.0,0.0,0.0
110515>110501,719,719,SFDu,Stratford,Central // WB,719,SFDu,Stratford,EntEx,Alight-Exit,3566.579426477521,73.28283080000001,339.125434,2619.7041608,416.9288412,95.15790724,22.38025243752151,2.47894634,4.824938940000001,7.083286140000001,7.56498978,12.0774617,12.6475861,12.9136431,13.69197870000001,16.096761,13.9852444,16.4908904,17.6181982,19.3650462,21.0746144,25.0954438,29.1788012,37.2411628,42.6034336,48.770952,51.60488599999999,59.0087186,63.39544260000001,73.54494900000002,83.354219,100.221245,118.891351,131.25469,147.117778,157.811212,163.688162,150.163506,147.385624,132.8558672,127.5761912,115.4947812,112.8402612,108.2904652,102.2318532,95.6829752,92.817544,93.316694,85.2301648,83.4251936,74.10527280000002,66.7546588,56.0019308,50.52395079999999,43.71916779999999,38.9319082,34.0231366,28.96505740000001,25.8299246,21.802076,19.3122366,16.3269984,14.7377952,12.153497,10.9759414,9.6834576,9.221903800000002,9.234444199999999,8.446446680000001,7.960441360000003,6.96954556,6.41657476,5.101387280000001,4.7074496,4.286818,4.345796600000001,4.017763599999999,3.85647934,3.677858360000001,2.82962648,1.92624528,1.11579188,0.57960762,0.0,0.0,0.0,0.0,0.0,0.0,0.0,0.0,0.0,0.0,0.0,4.975234400000001e-07,9.860181e-07,1.13572327e-06,1.46529109e-06,1.62025843e-06,1.37674233e-06,0.01035894164767,0.0103587919425,0.01035846237468
110515>110522,719,719,SFDu,Stratford,Central // WB,719,SFDu,Stratford,Jubilee // NB,Alight-Interchange-Board,5917.954709798611,211.28497168,957.7498793999999,3405.050228000001,800.3806128000001,441.3500970000001,102.138920918608,5.205186300000001,8.500554900000001,18.4348575,21.67831458,31.5872394,34.1065852,41.55088720000001,50.2213466,58.64746899999999,57.2651754,64.2080294,71.5653068,69.7818948,76.0077428,80.6988532,89.56073400000002,88.978936,93.242228,97.86171800000001,109.931792,118.998754,132.912894,143.008882,154.858814,164.1407740000001,171.007688,166.714848,173.406786,170.636774,173.540744,163.659764,168.890538,160.88664,156.40758,146.891544,143.0702028,138.1173468,124.2568036,118.0303136,107.6874916,108.1306068,100.3313968,102.661506,96.801536,91.48883959999999,78.14330960000002,71.19222400000002,65.66435200000001,61.9511,61.0906478,60.54944079999999,64.0619124,62.46207439999999,60.9996824,61.607263,61.16976680000001,55.1700012,51.0932512,46.8499198,41.36804340000001,41.47650760000001,37.1185304,34.7585768,33.5091228,31.3704988,24.6909844,22.9250198,21.0196408,20.6410648,19.0150048,17.6733132,15.8834034,13.01496,8.133945400000002,4.8397258,2.2629268,0.0,0.0,0.0,0.0,0.0,0.0,0.0,0.0,0.0,0.0,0.0,4.120345400000001e-06,5.856296540000001e-05,9.11511334e-05,0.0001166931934,0.0001193017216,0.0324115493762,0.2139553527562001,0.2139227645882001,0.2138972225282
110515>110576,719,719,SFDu,Stratford,Central // WB,719,SFDu,Stratford,Elizabeth Line // EB,Alight-Interchange-Board,430.2045021876999,1.9352966377,60.16026523000001,219.2911467,92.27295698,46.58225464,9.962582000000003,0.0,0.0,0.0,0.00010440554,0.06730300554,0.26532397554,0.43073406554,1.17183118554,1.59585702,2.1803244,2.52417737,3.67666168,4.1208425,4.688459920000001,5.898360140000001,6.816317340000001,7.144001340000001,6.72821608,7.701056620000001,7.085990820000001,7.480278880000001,7.352008680000001,8.6163184,7.541393140000001,8.713017740000002,8.15220994,8.25660294,7.918429340000001,9.3510556,8.6558208,9.202725,9.2796554,10.4376842,9.8188864,10.5665944,10.4903566,11.2416686,9.62272446,10.27210686,9.73050146,9.97397606,8.46453926,9.4559522,8.69664034,8.80407494,8.074210740000002,8.63909694,8.045100340000001,8.294730600000001,7.66204266,8.14663826,8.31005486,7.82042646,6.810431459999998,6.3611608,5.30498892,4.50622272,4.32404866,4.619572320000001,4.17479022,4.52366664,4.30185814,4.22936106,3.59529848,3.85093558,3.06197852,2.93936656,2.45515574,2.28919964,1.8166018,1.90522696,1.498429252,1.094809812,0.766107632,0.473381672,0.118825232,0.0,0.0,0.0,0.0,0.0,0.0,0.0,0.0,0.0,0.0,0.0,0.0,0.0,0.0,0.0,0.0,0.0,0.0,0.0,0.0
110515>110577,719,719,SFDu,Stratford,Central // WB,719,SFDu,Stratford,Elizabeth Line // WB,Alight-Interchange-Board,2063.289717511928,7.85834543228,196.556320468,1245.44752752,425.1098330000001,182.39512106,5.922570031648001,0.0,0.0,0.016663844,0.016703280056,1.578231000056,1.617600004056,2.048452844056,2.580694460056,6.091025623999999,6.172054104000001,10.9603427,13.63074686,17.4299702,14.59415724,16.32813524,13.15201624,19.37139124,16.3776275,27.79062486,34.65822866000001,45.93364326,43.97038206,56.698749,54.42051559999999,53.7245442,56.56711,58.14220080000001,61.49463480000001,64.369428,71.51293940000002,65.51736040000002,68.97851380000002,60.88803460000001,58.42050980000001,49.14056779999999,45.46931780000001,43.1441262,38.7254686,38.53696400000001,38.077249,45.04771100000001,41.6905076,45.25811400000001,39.7189358,40.53280220000001,34.36859560000001,36.16885240000001,34.496834,37.18851220000001,35.45673160000001,34.1094682,36.7033388,36.25981460000001,34.5728254,32.941289,32.310769,25.0286,21.11494320000001,20.1260226,17.9163804,17.95805840000001,15.4672822,16.7148024,13.3709126,13.7060196,8.973864720000002,7.839683600000001,4.178551339999999,3.017765540000001,0.6312011900000001,0.3905255383296001,0.4738650983296001,0.4230409583296,0.4230409583296,0.2815701083296001,0.28156064,0.0,0.0,0.0,0.0,0.0,0.0,0.0,0.0,0.0,0.0,0.0,0.0,0.0,0.0,0.0,0.0,0.0,0.0,0.0,0.0
110515>110582,719,719,SFDu,Stratford,Central // WB,719,SFDu,Stratford,NR Great Eastern // DN,Alight-Interchange-Board,186.76049792091,1.0908176,26.662754834,79.53627064311,38.569009888,31.55463792,9.347007035799999,0.0,0.0,0.0,0.0,0.0,0.14512256,0.14512256,0.80057248,0.80057248,1.12869318,1.4992671,1.85092948,1.247104746,2.247809226,2.034206446,2.954612446000001,2.682507354000001,3.731982508000001,2.777586694,3.707483174,2.376948714000001,3.467666626000001,2.4156148,3.648768134,2.642580916,3.633996696000001,2.50392861,3.901955836,2.622531618622,4.121284836621999,3.039463091822,4.381151777822,2.965762229822,4.1859947072,2.7097274072,4.294953152,2.952958766,4.022454854000001,2.946110714,4.096298114000001,2.537046966000001,3.560115052,2.515578972,3.993378052,2.794792542000001,3.96325149,2.977765656,4.111588456000001,2.525517408,3.944851218000001,2.777236722,3.864765516,2.76484723,3.580182998,2.195632478,3.068578174,1.948766228,2.977408974,2.14868831,3.20352103,2.336028208,3.204542774,2.170335906,3.45569491,2.366131102000001,2.870665884000001,1.964274543,2.908580051,1.60096492036,2.27219800836,1.75535366636,1.84760464136,0.8183125413599999,0.818299412,0.134699132,0.099574714,0.0,0.0,0.0,0.0,0.0,0.0,0.0,0.0,0.0,0.0,0.0,0.0,0.0,0.0,0.0,0.0,0.0,0.0,0.0,0.0
110515>110583,719,719,SFDu,Stratford,Central // WB,719,SFDu,Stratford,NR Great Eastern // UP,Alight-Interchange-Board,91.76387960011003,0.8809165000000001,15.75462158,59.11593141000001,11.87019805954,2.930576732651,1.211635317919,0.0,0.0,0.0,0.0,0.0,0.0,0.0,0.8809165000000001,1.5540041,1.647552112,1.761218832,1.89744892,1.081691336,0.7722703959999999,0.7904040240000001,0.712408148,1.15314348,1.351620764,1.484692244,1.548167224,1.86263562,1.359368894,1.457088174,2.703575434,3.230216814,2.95466418,3.048584106,2.85362534,1.75708396,1.53009808,2.104631674,2.576490734,3.04057392,3.3790849,3.31218924,3.08912684,2.91685526,2.94094984,2.3527365,2.60697776,2.64966768,2.2539646,1.63146745,1.50427441,1.28047443,0.92455699,1.34959171,1.4183182,1.38953988,1.30188568,1.37713102,0.8808850696200001,0.78025482948,0.59209809548,0.29975058348,0.27571157148,0.3706914818599999,0.413605728,0.412202534,0.4020492540000001,0.238043713922,0.266637153922,0.223572514726,0.172143123187,0.169846969187,0.169832295569,0.045981410922,0.045970553356,0.045959853355,0.107120799355,0.107104405051,0.233133099698,0.23312077046,0.23311049,0.12604295,0.12604295,0.0,0.0,0.0,0.0,0.0,0.0,0.0,0.0,0.0,0.0,0.0,0.0,0.0,0.0,0.0,0.0,0.0,0.0,0.0,0.0
110515>110584,719,719,SFDu,Stratford,Central // WB,719,SFDu,Stratford,NR Weaver // DN,Alight-Interchange-Board,299.90691885,0.0,59.70620000000001,169.13216326,43.8285439,23.51070866,3.72930303,0.0,0.0,0.0,0.0,0.0,0.0,0.0,0.0,0.0,0.0,2.3890416,2.3890416,4.4930452,6.0176572,7.06992428,5.642438160000001,6.570266560000001,8.047892560000001,8.40198016,8.68491268,9.16364994,9.46830484,7.524034040000001,7.104481040000001,8.825630240000002,9.798599500000002,9.244156660000002,8.92071512,10.08191432,7.907425580000001,6.427729100000001,7.36859964,7.834645780000002,6.41400024,6.697194700000002,6.61286892,6.557506,5.2923296,5.083198840000001,5.08716402,5.35337314,4.1829002,4.287757040000002,3.89398476,3.63999116,3.1344515,4.06958642,4.551057900000001,4.87037408,4.53049158,4.41718988,3.45882506,3.0647263,2.50634226,2.80055396,2.7849538,2.9824876,2.64872448,2.71030072,2.42093886,2.34437096,1.95579528,1.92254466,1.5998798,1.4472682,1.18313966,1.15801386,1.13724458,1.17700272,0.74962088,0.60930998,0.57590005,0.25666651,0.12026763,0.12026763,0.12026763,0.0,0.0,0.0,0.0,0.0,0.0,0.0,0.0,0.0,0.0,0.0,0.0,0.0,0.0,0.0,0.0,0.0,0.0,0.0,0.0
110515>110589,719,719,SFDu,Stratford,Central // WB,719,SFDu,Stratford,LO Mildmay // WB,Alight-Interchange-Board,1227.00394022,0.0,148.1308336,705.1745032000001,248.205286,114.4912619,11.00205552,0.0,0.0,0.0,0.0,0.0,0.0,0.0,0.0,0.0,0.0,0.0,0.0,0.0,1.7365614,6.468954200000002,16.3010922,23.5371642,29.4001586,34.3151704,36.3717326,30.9649898,30.21214680000001,31.9146232,32.63267,33.2180444,36.47719439999999,36.27566780000001,35.32749980000001,33.9047022,32.2977534,30.42963360000001,30.52627020000001,30.192702,29.8000712,28.7664674,28.5783872,27.2402272,25.3446806,24.1136778,24.141106,22.95125920000001,22.62777980000001,23.51928920000001,23.71766,22.0423584,22.11886100000001,22.2822158,21.5619694,21.094694,22.5096026,21.784397,21.0239162,19.8913306,19.0917496,17.9598516,16.8443398,14.858119,13.804193,12.6421892,11.4207572,10.9354334,10.5793448,9.887107199999999,8.6448666,7.4357622,5.9818939,4.75512856,3.546466840000001,3.25027264,2.374679604,2.033306544,1.482807684,1.010767604,0.456503004,0.39371844,0.0,0.0,0.0,0.0,0.0,0.0,0.0,0.0,0.0,0.0,0.0,0.0,0.0,0.0,0.0,0.0,0.0,0.0,0.0,0.0,0.0
110515>110590,719,719,SFDu,Stratford,Central // WB,719,SFDu,Stratford,DLR (Stratford route) // OB,Alight-Interchange-Board,761.8672295056004,11.8413358256,132.25633368,435.0278300000001,126.3698066,39.58530254000001,16.78662086,0.021544871,0.054086557,0.652976817,1.1198678706,1.505807844,1.797184566,2.08573868,4.604128620000001,5.47910816,7.241235900000001,8.300297340000002,9.508702220000002,7.772210220000002,8.951466080000003,9.42480268,12.78766348,14.3835168,15.3730602,16.071137,16.9631336,16.2067024,17.200261,18.1294746,19.0172012,19.0121392,20.1584618,20.1796972,22.17707200000001,22.3295222,22.845812,21.4872054,21.69073980000001,20.3508602,19.3769366,18.5344064,17.6877074,16.7141102,15.0279214,14.6944488,14.8055346,14.8339392,13.9213012,14.4152788,14.2310964,12.7643396,11.6214694,11.5220172,11.7336818,11.4182866,11.3573138,11.278445,10.8286043,9.7263489,8.888381500000003,8.07525878,7.155659720000001,6.093981880000001,4.955876,4.10068984,3.71971796,3.4864083,3.26403638,2.934051660000001,2.41058796,2.124501420000001,2.24770934,2.09604232,2.15169948,2.37517466,2.59059024,2.30309244,2.83131772,2.36951276,1.90907404,1.4071962,1.0006628,0.0,0.0,0.0,0.0,0.0,0.0,0.0,0.0,0.0,0.0,0.0,0.0,0.0,0.0,0.0,0.0,0.0,0.0,0.0,0.0
110515>110592,719,719,SFDu,Stratford,Central // WB,719,SFDu,Stratford,DLR (Stratford Int'l route) // OB,Alight-Interchange-Board,556.8930769665803,17.70377610858,128.707519368,268.85585524,96.29549022000002,33.83429003800001,11.496145992,0.29334156676,0.38672183276,1.06291159276,1.3109372223,2.572701866,2.42245704,4.083961174000001,5.570743814,8.342006694,8.575205433999999,10.9491178,10.4922551,11.1243853,9.5375599,11.6248333,10.37254736,12.64256046,11.20382554,13.04725234,10.79597014,13.71276968,11.93792528,14.5530564,12.4740812,14.9162306,12.2514882,12.7848898,11.6434352,13.6563612,12.4698286,12.7559256,12.4984984,12.4740658,10.128008,10.4056764,9.3915632,9.4610412,7.41388726,9.41887926,7.5170342,9.1854164,8.872343400000002,10.38235894,8.551091020000001,10.01967448,9.047195080000002,9.97041968,9.18725836,10.52350208,9.46178078,9.25527698,7.5312289,6.978670299999999,5.63947744,4.82034126,3.86066488,3.4954349,2.92756724,3.09518962,3.12954282,3.699115000000001,3.308121,3.489681580000001,2.69525966,2.54063106,1.815332286,1.989424606,1.648990266,1.934264446,1.793166966,1.98450414,1.92429786,1.718286,1.02438722,0.73483098,0.38240838,0.0,0.0,0.0,0.0,0.0,0.0,0.0,0.0,0.0,0.0,0.0,0.0,0.0,0.0,0.0,0.0,0.0,0.0,0.0,0.0
110515>110593,719,719,SFDu,Stratford,Central // WB,719,SFDu,Stratford,DLR (Stratford Int'l route) // IB,Alight-Interchange-Board,36.76003868862049,0.1121768124,9.6992826171,20.098631998,4.257915783000001,2.1813158783904,0.4107155997300999,0.0,0.0,0.0,0.0,0.0,0.0,0.0104694732,0.1017073392,0.2188377592,0.5672779592,0.5674059199,0.6385887267,0.7311840006999999,0.8193483007,0.7442095806999999,0.7852281659999999,1.129341686,1.122186846,1.286240646,1.089433026,1.31086852,0.96513551,0.90274803,0.5628476139999999,0.759211034,0.662029874,0.919972564,0.9185709040000001,1.29067786,1.17673788,1.19371386,0.9514909359999999,0.9838435959999999,0.7552552359999999,0.6900782620000001,0.6029841300000001,0.6920093740000001,0.6626914740000001,0.6387444440000001,0.680409198,0.7791244960000001,0.6832216360000001,0.6999570160000002,0.61630855,0.6152031179999999,0.438342078,0.4032784620000001,0.29599846,0.375101456,0.26289345,0.255673128,0.24476909,0.29695294,0.334448752,0.361645774,0.373609075,0.388392337,0.3391384290000001,0.280941697,0.242811887,0.255093898,0.2089251774,0.188712844,0.06493986307808,0.05908939767808001,0.03845544367808,0.05656697427808,0.05824793027808001,0.0855577552,0.08024955186789999,0.06672189614601999,0.05984579114602001,0.05006792854602,0.02275780454602,0.02275761927812,0.022757253,0.0,0.0,0.0,0.0,0.0,0.0,0.0,0.0,0.0,0.0,0.0,0.0,0.0,0.0,0.0,0.0,0.0,0.0,0.0,0.0
110523>110501,719,719,SFDu,Stratford,Jubilee // SB,719,SFDu,Stratford,EntEx,Alight-Exit,24383.2255191716,427.8707212,1463.4265408,11353.7728,5390.030646,3173.95711,2574.167701171601,34.1208286,48.1996726,54.60229320000001,51.53658720000001,51.19497439999999,62.1904498,55.365799,70.6601164,63.62136240000001,79.65452920000001,85.54146120000001,100.9473708,102.7633288,118.1072368,120.4670928,126.5019788,143.4871,164.6260720000001,170.382588,187.32642,215.949294,232.361064,245.63555,275.184144,305.1972120000001,332.8293220000001,364.37126,396.078186,429.975146,458.035534,488.939924,521.5802120000002,548.1706019999999,573.4758559999999,591.262812,588.2132799999999,590.0602,588.28097,584.3261560000002,587.090368,605.3548099999999,596.197442,615.210448,619.993008,605.494868,576.3696120000002,556.7669400000001,514.449194,480.988142,449.963868,417.169394,397.054188,368.200828,340.120188,337.4193380000001,346.034086,338.2989,337.11554,327.3836639999999,301.932524,271.066028,249.455836,232.49126,225.77836,223.779776,221.414726,223.17616,222.064336,240.233904,248.601006,258.25734,256.4883,246.246116,219.640422,252.88386,247.856842,203.998932,171.214536,137.06965,48.892398,0.0,0.0,0.0,0.0,0.0,0.0,0.0,0.0,0.0,0.0008651660799999999,0.0014486218,0.00223873808,0.00254310838,14.25987110838,14.2590059423,14.25842248658
110523>110514,719,719,SFDu,Stratford,Jubilee // SB,719,SFDu,Stratford,Central // EB,Alight-Interchange-Board,9220.0844093092,99.04372479999999,424.4144429000001,2116.827965,2569.60243,2489.564216,1520.6316306092,4.412706,7.522456999999998,8.9137258,13.3043542,12.3733119,14.5485121,13.6557243,24.3129335,24.3206381,27.0886986,26.6227504,36.8249312,29.5424852,32.2760584,33.93744760000001,44.3993978,41.1783824,44.20225520000001,41.55432200000001,42.46707600000001,40.87325540000001,40.4549748,44.7298412,51.198833,56.8519,52.27139260000001,54.5269122,52.952955,56.2991388,57.13296879999999,68.8148248,79.28403019999998,91.097481,100.5996598,108.5206498,111.4708518,113.2321308,116.990786,113.660737,121.352233,130.411399,134.730515,146.1892250000001,173.18127,192.90861,202.476014,220.224252,228.459126,227.40698,215.825152,212.44075,215.739068,213.870366,205.012406,209.438576,225.80113,228.186232,233.411718,236.49952,228.95746,209.84613,192.807156,181.159938,188.918306,187.449498,200.144606,203.229808,198.953844,196.749154,220.28749,201.733104,208.594454,200.547802,183.347716,126.789306,98.343466,54.419262,29.275808,0.0,0.0,0.0,0.0,0.0,0.0,0.0,0.0,0.0,0.0,0.0,0.0011285183,0.00214508864,0.00619530024,0.01768626224,0.17339568224,0.17226716394,0.1712505936
110523>110515,719,719,SFDu,Stratford,Jubilee // SB,719,SFDu,Stratford,Central // WB,Alight-Interchange-Board,1981.78028915429,169.03331828,143.56735082,627.8058706,513.9260876,361.3811376,166.06652425429,10.3116596,17.5915248,19.14460946,27.19289586,27.35066306,26.65392506,20.3419116,20.44612884,12.81113284,9.30305284,5.86058216,7.540517320000001,7.79024122,9.63946102,11.69524322,13.9707811,16.1963702,16.37382430000001,15.6642433,16.7219013,18.5544217,18.3704863,21.116688,23.1168012,24.07466800000001,21.7417066,22.4050686,21.173163,22.3912356,21.72549200000001,25.80949660000001,26.6995708,30.0737196,32.81767840000001,32.7886332,32.650866,30.3512784,30.3596532,26.8117264,28.7189052,27.2634878,28.6472006,28.56254400000001,31.58137940000001,34.31106440000001,39.14112539999999,44.6586402,46.250602,47.851636,47.59360940000001,47.72108500000001,42.94529220000001,41.65933540000001,40.4681308,40.21173440000001,41.11383240000001,43.6461894,43.36856820000001,42.59422080000001,38.6503796,30.5013814,26.21945940000001,22.704556,21.3635294,20.20351,22.28098300000001,24.44484940000001,25.403511,25.8937518,26.2051048,27.4293844,23.2299674,18.8611824,12.7440442,8.3129708,2.2836084,0.0,0.0,0.0,0.0,0.0,0.0,0.0,0.0,0.0,0.0,0.0,0.0,0.0,0.00017513209,0.000202471498,0.002783889098,0.005978241298,7.032582641297999,7.032407509207999,7.032380169800001
110523>110576,719,719,SFDu,Stratford,Jubilee // SB,719,SFDu,Stratford,Elizabeth Line // EB,Alight-Interchange-Board,5045.256577,34.66281640000001,298.7892074,1119.7333912,1230.661981,1220.7929454,1140.6162356,0.0,0.0,0.0,2.1216342,2.1216342,5.143118000000001,5.143118000000001,20.133312,18.0116778,26.3740672,24.3965266,27.8702666,17.366247,22.7510478,21.992753,27.5528958,30.082375,28.645589,27.8791788,25.8665828,25.1542128,23.4770156,29.77086000000001,29.9035486,32.3390474,31.77171640000001,32.6265004,27.5230196,30.0869978,27.8598974,34.3683644,37.8732236,47.1262404,48.598231,56.351838,54.20408399999999,59.6765578,57.3862022,66.38716020000001,65.77731820000001,74.10108819999999,71.01003720000001,78.64687400000003,77.71335600000002,89.33108800000002,87.03670200000002,96.349805,95.837171,103.721799,97.859415,105.6936162,104.1671492,113.5689572,105.7517692,115.3914372,115.953072,123.92804,110.9027028,115.9565698,102.1937718,99.02554659999998,95.06274659999998,109.0646198,101.2861636,102.6405976,94.49601159999999,88.0567436,78.1794316,96.5400608,102.3924708,125.371978,131.0816028,133.3542468,128.0334208,106.2506968,104.7823828,82.646134,61.54584200000001,34.3087,34.3087,0.0,0.0,0.0,0.0,0.0,0.0,0.0,0.0,0.0,0.0,0.0,0.0,0.0,0.0,0.0,0.0
110523>110577,719,719,SFDu,Stratford,Jubilee // SB,719,SFDu,Stratford,Elizabeth Line // WB,Alight-Interchange-Board,850.2035990499996,4.43307108,44.80979528400001,309.392578086,172.9887733,98.67757104000003,219.90181026,0.0,0.0,0.030176852,0.16942626,0.29536303,0.73966277,0.85915211,2.339290058,2.266213124,3.186390154,3.325133374,4.707501114000001,3.617415654000001,4.946206180000001,4.02699026,4.28838098,2.898156306,3.115569206,3.337159206,5.094679726000001,6.435889046000001,7.95807244,9.6174794,10.059231,10.952376,10.917879,12.7518454,12.2301482,13.9256266,13.1707801,16.9906441,15.5200323,17.7379877,15.55354484,17.32749794,12.76617108,14.68620048,11.89754628,13.16682854,10.84151044,13.8080549,11.8475291,15.0486639,14.1810393,16.5437914,13.2024786,14.587844,11.69773546,14.27849466,12.34853386,15.14936166,13.88763526,16.84833900000001,13.6769198,16.8725966,13.895043,16.42229080000001,12.75214014,12.64813462,8.18301716,9.39236936,6.11497022,6.39225768,6.23519772,6.40394358,5.07104232,4.26571982,4.796487620000002,4.3398587,4.118592700000001,12.00744076,16.0486622,15.529128,15.13872566,24.35208086,32.05116886,27.48510826,26.39035466,26.1181136,16.322576,0.0,0.0,0.0,0.0,0.0,0.0,0.0,0.0,0.0,0.0,0.0,0.0,0.0,0.0,0.0,0.0
110523>110582,719,719,SFDu,Stratford,Jubilee // SB,719,SFDu,Stratford,NR Great Eastern // DN,Alight-Interchange-Board,2440.587482,3.1282562,86.15218736,554.2924716399999,719.3578214000001,587.9158512399999,489.74089416,0.0,0.0,0.0,0.0,0.0,0.3588034,0.3588034,2.4106494,2.4106494,4.0158366,6.182678800000001,8.479181400000002,6.770538040000001,9.08261544,8.070407680000002,7.663513480000002,5.64612036,9.05189192,7.479893440000001,11.2988608,9.73204988,13.4236728,10.928,14.39434708,10.59527942,15.02877294,12.01224328,15.82635528,12.57656036,19.49096722,16.59742602,26.98211188000001,22.99698302,32.48929914,26.74785994,34.26936814,24.4560218,32.49986926,24.04497666,33.42894266,26.36973766,37.67017660000001,32.6561286,49.075322,40.8518424,57.53203240000001,48.95312180000001,62.72839580000002,50.57159960000001,67.08806840000001,52.743042,74.05673940000001,59.84176040000001,70.36832559999999,58.4221016,76.200792,54.80036379999999,67.3423268,57.25517779999999,63.6282468,43.4334244,51.9432386,38.5547506,46.9209666,34.3240504,45.0687388,33.93653132,50.70803532,38.06313232,47.30766052,35.35130132,48.3128968,29.30356756,31.93078096,35.54996596,61.58581516,47.08627316000001,46.4982444,41.45385,27.297406,0.0,0.0,0.0,0.0,0.0,0.0,0.0,0.0,0.0,0.0,0.0,0.0,0.0,0.0,0.0,0.0
110523>110583,719,719,SFDu,Stratford,Jubilee // SB,719,SFDu,Stratford,NR Great Eastern // UP,Alight-Interchange-Board,528.9738169380001,1.6412122,37.410344245,236.06068436,127.51605416,29.8655655552,96.47995641780001,0.0,0.0,0.0,0.0,0.0,0.0,0.0,1.6412122,1.6412122,3.3961356,3.52164478,5.0236679,3.417775108,3.628875068,2.685150068,2.568993093,2.240495173,3.031020565,2.992149145,3.263225545,5.203938340000001,6.92530754,6.84761118,7.710496440000001,7.52807716,7.28009256,4.89702576,4.879356660000001,6.117592060000002,7.234270940000001,10.32578294,10.48146562,12.19966248,10.36208236,11.22847836,8.41746916,10.01300808,11.10601668,13.641515,12.79710360000001,14.6709428,14.3618762,17.3477914,14.48372104,17.54791044000001,15.26493924,19.83263564000001,14.0671856,16.07206236,11.36462552,10.42684918,5.60274418,5.09755952,3.10952326,4.5435887,4.58643052,3.38768152,3.4599308,4.45976916,3.37690132,2.762607096,2.324499112,2.625932332,1.950348072,1.21246141,1.651613094,1.640020166,1.0138014732,2.3609512332,2.3620175046,11.7157593646,18.3829552766,18.3785261694,17.2644659894,17.25481722,7.39770122,0.68138122,0.68138122,0.0,0.0,0.0,0.0,0.0,0.0,0.0,0.0,0.0,0.0,0.0,0.0,0.0,0.0,0.0,0.0,0.0,0.0
110523>110584,719,719,SFDu,Stratford,Jubilee // SB,719,SFDu,Stratford,NR Weaver // DN,Alight-Interchange-Board,4567.168976698272,0.0,474.623547168,1191.595104,1203.4323168,1165.4136792,532.1043295302741,0.0,0.0,0.0,0.0,0.0,0.0,0.0,0.0,0.0,0.0,32.8646,32.86466119359999,53.47296319359999,65.94476519359999,70.58370059359999,46.37153979360001,55.40147060000001,41.678144,34.403778,41.0379246,44.4672674,40.3147912,41.1906838,40.897893,41.4492716,33.68309200000001,36.6890806,32.5224348,42.7446616,36.99072520000001,45.4923448,45.6176836,52.2182974,43.48441020000001,48.5041112,48.3694744,56.2621512,57.83826180000001,66.41017420000001,62.2276456,66.95225640000001,61.23208480000001,73.2263822,72.809925,97.50832240000001,89.2410968,105.2075724,93.0901868,116.1871748,93.8589488,104.0976044,95.7557444,106.240316,83.664278,103.840114,114.740958,119.204269,125.389081,126.694561,114.2745622,102.9259702,91.6838432,81.89072220000001,78.1951482,82.811665,74.80791940000002,79.8390454,87.69689240000002,108.3994324,86.74921040000002,75.8220957460548,93.3613977460548,66.97942974605479,33.59759374605481,33.59759374605481,33.597576,0.0,0.0,0.0,0.0,0.0,0.0,0.0,0.0,0.0,0.0,0.0,0.0,0.0,0.0,0.0,0.0,0.0,0.0,0.0,0.0
110523>110589,719,719,SFDu,Stratford,Jubilee // SB,719,SFDu,Stratford,LO Mildmay // WB,Alight-Interchange-Board,2929.3829557,0.0,159.3508479,1318.9078748,757.2512132,533.0422868,160.8307330000001,0.0,0.0,0.0,0.0,0.0,0.0,0.0,0.0,0.0,0.0,2.4963316,2.4963316,3.83118734,5.56367234,8.29991774,11.68937494,24.72897094,27.5552652,31.61287200000001,41.0769242,41.85408779999999,38.75527940000001,42.948099,45.1064158,41.7556062,42.65143180000001,42.29256820000001,44.58175800000001,49.19409,51.4631734,53.76354540000001,58.75549740000001,62.48680200000001,60.56705880000001,61.2384464,65.4191544,64.24292439999999,60.02790640000001,61.75670960000001,63.19816540000001,63.36366139999999,62.46478939999999,68.92425539999999,72.0964488,74.08273,70.466138,70.1845004,63.82195640000001,62.3169404,58.1756564,60.83095720000001,60.4603196,61.43385960000001,56.54440560000001,56.5562802,62.37746940000001,60.7915746,57.1962194,60.4229594,59.2058808,47.90160880000001,43.98117740000001,43.545812,37.3443504,34.7799524,31.0680458,29.7678848,27.036821,26.35747000000001,24.734922,20.6858486,15.645837,11.1777134,5.684262,11.308936,11.308936,11.308936,11.308936,11.308936,0.0,0.0,0.0,0.0,0.0,0.0,0.0,0.0,0.0,0.0,0.0,0.0,0.0,0.0,0.0,0.0,0.0
110523>110590,719,719,SFDu,Stratford,Jubilee // SB,719,SFDu,Stratford,DLR (Stratford route) // OB,Alight-Interchange-Board,2707.027750730001,4.370897104,105.506804126,1012.3246196,814.6989795999999,290.3885444000001,479.7379059,0.0,0.0,0.0,0.4143288000000001,0.4934262260000001,1.062969106,1.129038466,1.271134506,1.087569766,1.84391694,3.01908366,4.662825100000001,5.836063000000001,7.107526340000001,8.37575644,10.77056144,12.45624424,15.2071635,16.5496661,18.5904276,19.6840136,22.0534912,24.23724480000001,29.72131880000001,38.98043260000001,49.73208800000001,62.54064880000001,74.37062200000003,82.83249479999999,79.85630080000001,70.38424880000002,58.40126160000001,45.9988596,34.02201340000001,27.8769234,26.2091962,24.2054988,24.6593322,26.3519606,32.0290226,34.3351278,37.0225334,40.8302272,45.9897586,49.8923506,61.5287854,76.6265384,90.4557162,96.5922878,94.1773344,86.1805016,73.4913944,58.07988240000001,46.4141212,42.4529286,38.8071386,35.26232539999999,30.460399,30.48729820000001,26.5266752,26.3296732,24.5260116,23.0547444,20.5676462,20.4719848,16.8503142,16.338675,19.5127972,23.434008,22.491627,22.9099998,22.2690846,21.7825028,14.60898444,12.45095294,73.60184874,70.41997914,65.64886134,65.2245671,64.89549,0.0,0.0,0.0,0.0,0.0,0.0,0.0,0.0,0.0,0.0,0.0,0.0,0.0,0.0,0.0,0.0
110523>110592,719,719,SFDu,Stratford,Jubilee // SB,719,SFDu,Stratford,DLR (Stratford Int'l route) // OB,Alight-Interchange-Board,0.556137975875,0.0,0.556137975875,0.0,0.0,0.0,0.0,0.0,0.0,0.0,0.0,0.0,0.0,0.0,0.0,0.0,0.0,0.111218668,0.111218668,0.111218668,0.111227595175,0.111227595175,8.927175e-06,8.927175e-06,8.927175e-06,0.0,0.0,0.0,0.0,0.0,0.0,0.0,0.0,0.0,0.0,0.0,0.0,0.0,0.0,0.0,0.0,0.0,0.0,0.0,0.0,0.0,0.0,0.0,0.0,0.0,0.0,0.0,0.0,0.0,0.0,0.0,0.0,0.0,0.0,0.0,0.0,0.0,0.0,0.0,0.0,0.0,0.0,0.0,0.0,0.0,0.0,0.0,0.0,0.0,0.0,0.0,0.0,0.0,0.0,0.0,0.0,0.0,0.0,0.0,0.0,0.0,0.0,0.0,0.0,0.0,0.0,0.0,0.0,0.0,0.0,0.0,0.0,0.0,0.0,0.0,0.0,0.0,0.0
110523>110593,719,719,SFDu,Stratford,Jubilee // SB,719,SFDu,Stratford,DLR (Stratford Int'l route) // IB,Alight-Interchange-Board,992.7339911172157,0.0,50.05309248000001,360.77507072,289.8593296,185.3677686,106.6787297172155,0.0,0.0,0.0,0.0,0.0,0.0,0.0,0.0,0.0,0.0,0.4823164,2.6083406,3.885505060000001,3.885505060000001,5.888342060000001,5.406025660000001,6.795218660000002,6.280969860000001,7.487065460000001,7.333803660000001,9.515285660000002,8.84047446,9.5334992,10.5688614,10.01889252,10.61942452,9.75983152,11.46545812,11.37281632,13.4398668,13.9229552,15.3877846,15.137581,17.2808286,16.69635520000001,17.80382940000001,18.357804,19.2482422,17.8875268,19.1762144,18.3698392,19.4655018,21.1039636,25.8022342,25.1988566,27.84536120000001,25.5613646,25.9420386,21.619519,22.5671944,18.6454582,20.6593132,17.6853832,22.4341526,27.0534572,34.6472308,34.8753482,34.729524,27.5846738,18.73508844,8.85034504,3.797089640000001,4.64391944,3.73290104,9.2826394,9.2826394,16.7008066,13.1527936,20.9971036,15.2624772,22.6151012,15.196934,15.196934,7.89211694,7.8921171976431,0.5409863434431,0.5409863434431,0.5409863434431,0.0014934034431,0.0014931458,0.0,0.0,0.0,0.0,0.0,0.0,0.0,0.0,0.0,0.0,0.0,0.0,0.0,0.0,0.0,0.0
110576>110501,719,719,SFDu,Stratford,Elizabeth Line // EB,719,SFDu,Stratford,EntEx,Alight-Exit,6188.050999715,3.449358088,346.798351997,3201.178605600001,1471.5372414,973.8123403999998,191.27510223,0.0,0.0,0.0,0.0,0.64406476,0.82560906,0.9711622679999999,1.008522,1.025986377,0.5345037770000001,8.947901477,19.573645669,24.844643937,33.85142156,38.00169320000001,39.96105420000001,37.506028,42.9369096,46.42700960000001,53.1875546,59.95516559999999,74.1861844,85.23500080000002,92.2298328,106.683884,116.209772,126.025834,131.778312,144.225696,150.600826,153.34894,152.680428,151.514516,148.93206,144.287954,145.245958,144.443742,148.732324,149.432862,153.315216,153.561896,155.91298,155.551284,157.087938,153.59341,147.807922,139.7538,133.70047,125.118176,120.00458,116.468262,113.7375932,110.0596422,107.1645042,102.3603534,101.7685284,96.5143842,92.7565352,89.14211440000003,87.36188220000001,85.10488120000002,83.3270602,82.42632220000002,80.50914500000002,77.94398199999999,71.0912,68.3729172,59.26191660000001,52.57350660000001,47.474327,35.877655812,23.275536452,16.65792072,8.89971676,0.62573836,0.4452235480000001,1.232706188,1.04968252,0.990230646,0.990230646,0.990230646,0.096198166,0.096198166,0.0,0.0,0.0,0.0,0.0,0.0,0.0,0.0,0.0,0.0,0.0,0.0,0.0
110576>110514,719,719,SFDu,Stratford,Elizabeth Line // EB,719,SFDu,Stratford,Central // EB,Alight-Interchange-Board,2675.116890837584,1.137598886,60.85582653400001,837.44425166,903.0208016000001,737.2513402000001,135.4070719575847,0.0,0.0,0.0,0.0,0.24718964,0.2721141,0.299174454,0.319120692,0.368593916,0.202031836,0.5584973959999999,2.099912762,2.893590424,4.844151800000001,5.051022800000001,7.617082180000001,6.84570834,9.81705864,8.8248353,11.73334114,9.64715454,12.83833306,15.13143766,18.6168808,23.712613,26.666902,30.1576668,29.3710846,33.2027942,30.8851948,36.0462086,36.006374,37.15971740000001,34.9959494,39.8767034,39.5344854,42.57273600000001,46.345861,49.57944500000001,47.3056444,49.9503442,48.3135194,50.032737,49.49446500000001,52.64673440000002,52.73347980000001,58.70943140000001,62.48874680000001,70.8523868,78.1783748,86.231468,91.974604,96.99776999999999,91.425456,84.55538880000002,76.22696080000001,73.07369279999999,65.70240880000001,69.49376080000002,67.09397200000001,65.77188100000001,58.49417020000001,60.1084302,55.74763780000001,59.39951780000001,56.55287679999999,57.0857596,48.7272324,41.4933334,34.0360842,27.21392302000001,16.55229503331096,9.928182233310958,6.083687951516937,0.09956515151693801,3.31516938e-07,3.1820598e-07,3.1820598e-07,0.0,0.0,0.0,0.0,0.0,0.0,0.0,0.0,0.0,0.0,0.0,0.0,0.0,0.0,0.0,0.0,0.0,0.0
110576>110515,719,719,SFDu,Stratford,Elizabeth Line // EB,719,SFDu,Stratford,Central // WB,Alight-Interchange-Board,46.53067696300002,1.338523726,3.8429214952,12.6495863998,9.248549368,13.305259466,6.145836508000001,0.0,0.0,0.0,0.0,0.20829278,0.2975181800000001,0.3919966500000001,0.4407161160000001,0.489266972,0.2909030146000001,0.2273495406,0.1753406146,0.1266211486,0.2955499326,0.28562111,0.463931464,0.4443787808,0.4457857018,0.2723273978,0.3258458178,0.1343324928,0.1179499008,0.3083016718,0.2769112258,0.3579091518,0.4649550088000001,0.70143372,0.5381226560000001,0.6234922079999999,0.5145747540000001,0.6107432020000001,0.386648568,0.38438757,0.3344854,0.3671448920000001,0.2172880060000001,0.8233283600000001,0.8836539740000001,0.970620482,0.93598243,0.979174322,0.481991942,0.6535316379999999,0.582622824,0.6783674719999999,0.748062314,0.9253304940000001,0.8174065020000001,0.910264436,0.969086504,1.048654956,0.7664302268000001,0.6593058788000001,0.5649035228000001,0.6977802948000003,0.4629567668000001,0.6695866560000001,0.7726204680000001,1.422633424,1.227961284,1.736777492,1.636213626,1.578605844,0.8729190356000002,0.8529992316000001,0.3500872476,1.1366423936,1.0482127636,1.041275072,0.944803196,0.91544094,0.6488634600000001,0.6488634600000001,0.6488634600000001,0.6488634600000001,0.6488634600000001,0.0,0.0,0.0,0.0,0.0,0.0,0.0,0.0,0.0,0.0,0.0,0.0,0.0,0.0,0.0,0.0,0.0,0.0,0.0,0.0
110576>110522,719,719,SFDu,Stratford,Elizabeth Line // EB,719,SFDu,Stratford,Jubilee // NB,Alight-Interchange-Board,1119.510189275,0.237839434,42.352611201,438.1451305800001,333.7476792000001,228.5400021,76.48692675999999,0.0,0.0,0.0,0.0,0.001017317,0.001017317,0.09309477699999999,0.142710023,0.155075323,0.252623466,0.5586093860000001,1.815083586,2.00503104,3.37357454,3.84739408,4.37689016,3.8644951,7.3708496,6.802058659999998,7.93092626,7.79840718,8.81008218,8.45359098,9.26652712,11.65574612,13.7397952,15.5642616,14.572303,17.1417486,15.477173,17.5072734,16.9034944,20.9689024,19.1765324,22.4519342,20.9455366,24.0228088,20.7490548,24.4116308,21.8260594,25.2828456,24.9060828,29.044705,27.468635,29.9707378,27.3739212,27.6633028,26.4116402,28.0749226,27.11217680000001,29.1016456,27.176198,28.2426166,26.7531662,28.6508676,27.2164838,29.0516764,24.7781948,23.3520088,20.4202876,19.479171,16.337567,16.7249286,15.940111,16.4507102,16.1273576,15.880198,13.9977911,12.91462496,17.59957056,14.32983702,11.813692412,10.439719712,9.071421852,0.254813452,0.063246792,0.0,0.0,0.0,0.0,0.0,0.0,0.0,0.0,0.0,0.0,0.0,0.0,0.0,0.0,0.0,0.0,0.0,0.0,0.0,0.0
110576>110582,719,719,SFDu,Stratford,Elizabeth Line // EB,719,SFDu,Stratford,NR Great Eastern // DN,Alight-Interchange-Board,1155.06077032,0.0,83.04023362000002,306.1526686999999,371.8352128,325.961666,68.07098920000001,0.0,0.0,0.0,0.0,0.0,0.0,0.0,0.0,0.0,0.0,2.5446964,6.611708400000001,6.817443160000002,10.14115156,10.52183574,11.27002494,7.7926261,10.59146114,7.563765580000001,9.185520599999998,5.983436084,7.438531724000001,5.662515784,7.128455744,7.285858144,8.91235106,9.36575286,10.6905534,10.26520366,11.86150486,12.43880526,13.86138266,13.06576106,15.7497318,13.6804622,14.9341604,13.8910604,15.5242482,14.8976344,17.2184894,16.7530948,18.6279944,18.7607242,22.1549562,23.9847302,27.6920622,28.0954558,32.1957426,30.6681848,32.7716342,29.4998646,33.49859140000001,29.9233694,34.6831828,32.1738986,36.64849620000001,30.8632008,34.792506,28.4015006,29.4266652,28.8846264,31.097595,26.8092608,28.0869978,25.2867672,22.26256080000001,18.781591,21.2683944,17.89077052,17.61478772000001,13.18797492,11.08666352,4.91017392,3.3806186,0.0,0.0,0.0,0.0,0.0,0.0,0.0,0.0,0.0,0.0,0.0,0.0,0.0,0.0,0.0,0.0,0.0,0.0,0.0,0.0,0.0,0.0
110576>110583,719,719,SFDu,Stratford,Elizabeth Line // EB,719,SFDu,Stratford,NR Great Eastern // UP,Alight-Interchange-Board,24.69804926088,0.0,0.3254797637,19.6986507626,3.769631260960001,0.8489834494200001,0.05530402420000001,0.0,0.0,0.0,0.0,0.0,0.0,0.0,0.0,0.0,0.0,0.0011135716,0.003946543300000001,0.006975518500000002,0.0090789187,0.0387671807,0.0408483513,0.0456041088,0.0578972656,0.07113105139999999,0.05011725380000001,0.1072460356,0.1375627164,0.3159629524,0.3411079604,1.693382296,2.073667092,2.08631489,1.902426787,1.915157581,0.575097501,0.1846856090000001,0.146759191,0.20994558,0.415141052,0.986943792,0.993754028,1.251091358,1.212393788,1.122914948,0.592648748,0.566205078,0.3005771878,0.3674465538,0.2002180371999999,0.4982284572,0.4875949472,0.5600189134,0.4647481458000001,0.5717957624000001,0.2724363484,0.2866483304,0.2109052982000001,0.2235317646,0.11522819644,0.05611804424,0.02237705268,0.03104571088,0.01347424434,0.0187248401,0.05947543230000001,0.07636307786,0.1502298718600001,0.151587509,0.1470372354,0.10506969324,0.08821299212000001,0.00504858086,0.00271426146,0.01205404386,0.011325105296,0.010893686416,0.010505481676,0.010505481676,2.0225276e-05,0.0,0.0,0.0,0.0,0.0,0.0,0.0,0.0,0.0,0.0,0.0,0.0,0.0,0.0,0.0,0.0,0.0,0.0,0.0,0.0,0.0,0.0
110576>110584,719,719,SFDu,Stratford,Elizabeth Line // EB,719,SFDu,Stratford,NR Weaver // DN,Alight-Interchange-Board,757.6275979670002,0.0,52.27816994000001,251.77511615,219.58941234,184.6506534422,49.33424609480002,0.0,0.0,0.0,0.0,0.0,0.0,0.0,0.0,0.0,0.0,1.21476412,1.299168476,4.015386276000002,4.293902856000002,6.536588656000001,5.563933356000001,8.1123784,5.854277400000001,8.72818922,6.659581180000001,7.865782060000001,6.06065158,8.289041180000002,5.54319872,11.47321556,12.62519426,14.78061974,12.7538917,16.74631776,11.34952496,10.96017776,8.601848200000001,10.78555264,6.501102840000001,10.75969224,9.243428199999999,12.48704216,10.5390871,13.1051195,8.580160760000002,11.936622,8.26086227,12.28598533,10.24099763,15.69761537,12.14367761,19.55354654000001,15.12302434,20.46387944,14.97979222,21.97029458,15.08388788,24.47374288,19.66338488,23.6576883,16.7788783,19.995962,10.7423959,17.02052590000001,13.4542023,21.4102377,18.0022727,21.1447802,14.02219866,17.00688126,8.670020860000001,13.47467766,9.706498302200002,15.1965642422,11.3705767874,11.1425087874,5.8126019874,5.8118563452,0.0001379452,0.0,0.0,0.0,0.0,0.0,0.0,0.0,0.0,0.0,0.0,0.0,0.0,0.0,0.0,0.0,0.0,0.0,0.0,0.0,0.0,0.0,0.0
110576>110585,719,719,SFDu,Stratford,Elizabeth Line // EB,719,SFDu,Stratford,NR Weaver // UP,Alight-Interchange-Board,0.0,0.0,0.0,0.0,0.0,0.0,0.0,0.0,0.0,0.0,0.0,0.0,0.0,0.0,0.0,0.0,0.0,0.0,0.0,0.0,0.0,0.0,0.0,0.0,0.0,0.0,0.0,0.0,0.0,0.0,0.0,0.0,0.0,0.0,0.0,0.0,0.0,0.0,0.0,0.0,0.0,0.0,0.0,0.0,0.0,0.0,0.0,0.0,0.0,0.0,0.0,0.0,0.0,0.0,0.0,0.0,0.0,0.0,0.0,0.0,0.0,0.0,0.0,0.0,0.0,0.0,0.0,0.0,0.0,0.0,0.0,0.0,0.0,0.0,0.0,0.0,0.0,0.0,0.0,0.0,0.0,0.0,0.0,0.0,0.0,0.0,0.0,0.0,0.0,0.0,0.0,0.0,0.0,0.0,0.0,0.0,0.0,0.0,0.0,0.0,0.0,0.0,0.0
110576>110589,719,719,SFDu,Stratford,Elizabeth Line // EB,719,SFDu,Stratford,LO Mildmay // WB,Alight-Interchange-Board,375.6300640850001,0.0,14.229706003,146.2783094820001,113.7894157,86.6764204,14.6562125,0.0,0.0,0.0,0.0,0.0,0.0,0.0,0.0,0.0,0.0,0.0,1.43473006,1.43473006,1.78192426,1.804513483,2.306667283,1.143773643,1.397307243,1.170659837,1.755400134,2.306228274,2.660076934000001,4.181412334000002,4.668256420000001,5.3961629,5.29427512,5.815063740000001,5.01487258,5.69692424,5.90705414,6.39016078,6.18012792,6.48693768,6.747076140000001,6.909780840000002,6.939398780000001,7.89466614,7.94999084,7.94249664,7.293538120000001,7.130111380000002,6.549584380000002,7.32953348,7.594579680000002,7.958499880000002,8.05656722,8.79080422,8.405719220000002,8.35928062,8.989537740000003,9.896968200000002,9.809616000000002,10.7719232,10.7825968,11.3291901,10.6387125,10.2636529,9.16460682,8.81910008,7.73333878,7.872621580000001,7.510586099999999,7.37845232,6.439050320000002,6.55566052,5.04166952,5.222149900000001,4.67553156,4.912017280000001,3.49333618,3.25263218,1.85118088,0.93499548,0.2120505000000001,0.0,0.0,0.0,0.0,0.0,0.0,0.0,0.0,0.0,0.0,0.0,0.0,0.0,0.0,0.0,0.0,0.0,0.0,0.0,0.0,0.0,0.0
110576>110590,719,719,SFDu,Stratford,Elizabeth Line // EB,719,SFDu,Stratford,DLR (Stratford route) // OB,Alight-Interchange-Board,582.5601892343819,0.0,37.24714153,247.64751624,195.0755203,76.94195124,25.64805992438201,0.0,0.0,0.0,0.0,0.0,0.0,0.0,0.0,0.0,0.0,0.2182905,2.3837091,2.496119014,4.887027214000001,5.147918774000001,5.922265274000001,4.073058673999999,4.803998500000001,3.4552147,3.85953978,3.91326338,4.78728604,7.327642900000001,8.2061271,11.43880706,15.21712186,18.6066842,18.7816408,19.5843627,16.99315936,14.61746936,10.89290216,9.21235796,7.437426719999999,7.480727740000002,5.74184438,6.82588998,6.01643706,7.011170400000001,8.016867520000002,8.910587880000003,9.512174480000002,10.3718822,10.743683,10.6175908,13.5207436,15.651942,20.0363928,22.5750224,23.0965987,21.7445409,19.4212127,15.9961255,12.3053895,11.3092168,8.800744600000002,7.487480500000001,5.50813544,6.18315864,5.740263239999999,7.24283044,7.53387944,7.905259699999998,6.808917699999999,6.56360098,5.19734272,4.983865120000001,5.787217320000001,6.969361320000001,6.2469919,5.46423776,4.3512031266564,2.2680783266564,0.3444261266564,4.866656400000001e-06,4.866656400000001e-06,0.0007503262199999999,0.0007503262199999999,0.0007503262199999999,0.0007503262199999999,0.0007503262199999999,0.0,0.0,0.0,0.0,0.0,0.0,0.0,0.0,0.0,0.0,0.0,0.0,0.0,0.0,0.0
110576>110592,719,719,SFDu,Stratford,Elizabeth Line // EB,719,SFDu,Stratford,DLR (Stratford Int'l route) // OB,Alight-Interchange-Board,498.619608515,0.243331516,13.104743686,196.946155168,141.85078918,112.3778785,34.09671046500002,0.0,0.0,0.0,0.0,0.010151294,0.010151294,0.111514464,0.111514464,0.135113772,0.124962478,0.293709378,1.210917208,1.382240668,1.7137579,1.99369136,2.01440277,1.18018421,1.17992451,0.922297076,0.953542356,1.110143626,0.992132626,3.881706866,3.953093514,6.377731774000001,6.073016762000001,7.956097122,5.372959182000001,8.334628428,7.629644428000001,10.54403766,8.984457460000002,12.8792354,9.988494760000002,11.87858776,9.2015641,12.6256599,8.365832020000001,11.67343766,7.950151300000001,11.77658816,8.2882955,12.19128838,8.91737078,13.33435394000001,9.86735994,13.8770114,10.05248204,14.82827164,10.67654984,13.32053844,9.49451052,13.46861048,9.34485348,13.11851948,10.46772798,13.1612397,9.55837066,12.01889486,7.936611340000002,11.13368124,8.09268819,10.48896043,7.164966740000001,9.583123060000002,6.30859702,9.69993307,7.23081219,9.92611128,8.05871522,7.586074507999999,4.032951508,3.543655588,0.7863009880000001,0.081257248,0.0,0.016328825,0.016328825,0.016328825,0.016328825,0.016328825,0.0,0.0,0.0,0.0,0.0,0.0,0.0,0.0,0.0,0.0,0.0,0.0,0.0,0.0,0.0
110576>110593,719,719,SFDu,Stratford,Elizabeth Line // EB,719,SFDu,Stratford,DLR (Stratford Int'l route) // IB,Alight-Interchange-Board,233.5891974102339,0.0,13.341103350234,68.85318852,60.51060544000001,75.30888832000001,15.57541178,0.0,0.0,0.0,0.0,0.0,0.0,0.0,0.0,0.0,0.0,8.540468e-07,0.8128132540467999,1.1861334540468,1.5325065140468,1.8063721340468,1.98442826,1.47224528,1.38825844,1.61492152,1.54342364,1.5125612,1.4643951,1.64904798,1.1613758,1.52787642,1.97955326,2.3299882,2.6979211,3.97268694,3.56785492,3.84810854,3.49660922,3.846907880000001,2.853893000000001,3.69625186,2.860730144,3.686335404,2.778656344,3.364450704,2.560182024,3.62974384,2.76626388,4.01619742,3.58559734,4.61796332,3.571332184,5.101257943999999,3.818646764,5.045392564,4.168305004,5.59688364,4.08119776,6.04354086,5.301582460000001,7.044463120000001,6.120039820000001,7.5498709,6.064283120000002,6.83550912,4.899520980000001,6.69250128,5.33679192,7.257790100000001,5.7564449,7.402168240000001,5.32127356,7.151949520000001,5.04078468,5.359423139999999,3.88345782,3.6006829,1.4681211,0.92967134,0.33405548,0.0,0.0,0.0,0.0,0.0,0.0,0.0,0.0,0.0,0.0,0.0,0.0,0.0,0.0,0.0,0.0,0.0,0.0,0.0,0.0,0.0,0.0
110577>110501,719,719,SFDu,Stratford,Elizabeth Line // WB,719,SFDu,Stratford,EntEx,Alight-Exit,2560.611814030001,53.96157540000002,220.9550457,1725.8552622,420.8627148,106.06125926,32.91595666999999,0.0,0.0,0.0,5.000333400000001,8.460946200000002,11.520307,13.5546758,15.425313,11.9322558,10.726849,9.4648059,9.645698300000001,12.3188527,14.1254689,17.9442303,21.2964406,23.5955836,27.5274016,30.153295,32.224164,35.2097006,42.0068344,42.6017974,48.7376716,54.2131292,64.77492860000001,68.9945946,79.57201400000002,84.16138699999998,89.649303,85.507767,87.528965,83.64113500000002,86.295888,81.76330800000002,85.33659200000002,83.14626600000003,84.910022,78.415346,80.27078399999999,74.98906600000002,74.367072,65.43200440000001,64.3296864,56.90333939999999,53.86964279999999,45.2914654,44.952369,38.7340794,36.22927840000001,30.3929964,29.8637638,24.9798812,23.1811878,18.8734511,17.5912601,13.997457,13.0086234,10.62126094,10.59048564,9.45008958,9.08917568,7.711381339999999,7.715065400000001,6.456653280000001,6.28257606,5.4666242,5.67186674,5.201114860000001,5.12429798,4.142050680000001,3.649060940000001,2.77816238,3.23892606,2.41274706,2.23681674,1.925126086,1.591538646,0.279396246,0.279396246,0.05732274600000001,0.0,0.0,0.0,0.0,0.0,0.0,0.0,0.0,0.0,0.0,0.0,0.0,0.0,0.0,0.0
110577>110514,719,719,SFDu,Stratford,Elizabeth Line // WB,719,SFDu,Stratford,Central // EB,Alight-Interchange-Board,490.9337488999998,17.5662225,72.72617752000001,199.19643748,102.2346629,73.19146562,26.01878288,0.0,0.0,0.0,1.662118,2.00906444,3.59896824,4.50771904,5.788352779999999,4.80723602,5.46120338,4.73622158,4.98830118,5.08195464,5.29414188,6.38609168,6.67833578,7.09573386,7.15546986,7.79672838,7.244759280000001,7.532987980000001,7.037495100000001,7.359433300000001,7.217733980000001,7.322395480000001,7.269815080000001,7.53611618,6.67033212,6.406502320000001,5.916480780000001,6.099432460000001,6.814425160000001,8.56733122,9.11882654,9.85139468,9.927629,10.2869662,9.322908400000001,9.27033,9.7665606,10.4743,9.4455685,9.8664093,10.1150631,9.571173900000002,8.79195902,9.67401792,8.98625872,8.952979720000002,8.17793528,8.34967256,7.72595336,8.24490696,7.60102756,8.394358200000001,7.7644197,7.699185300000001,6.93609278,6.827814780000002,6.04850066,6.343977099999999,6.041761699999999,6.021234720000002,5.874891120000001,6.12979548,5.345980200000001,5.27296074,4.64927104,4.45092464,3.75105612,3.487047940000001,2.5447804,2.39107574,2.79043174,2.15597982,1.78600314,1.51576514,1.1457182,0.0,0.0,0.0,0.0,0.0,0.0,0.0,0.0,0.0,0.0,0.0,0.0,0.0,0.0,0.0,0.0,0.0,0.0
110577>110515,719,719,SFDu,Stratford,Elizabeth Line // WB,719,SFDu,Stratford,Central // WB,Alight-Interchange-Board,3955.484456,329.585648,857.2870328000001,1779.7787718,521.9283752,315.60761,151.2970182,0.0,0.0,0.0,21.5746368,53.7904968,62.54350279999999,85.7949168,105.8820948,93.22639000000001,66.54992399999999,68.95011480000001,55.330066,56.163352,52.66436280000001,66.58406880000001,66.98058800000001,84.3990828,73.2006724,89.07474160000002,84.1636696,87.72666960000002,72.49333560000002,74.99051200000002,77.04791300000002,79.134189,84.331028,85.95851400000002,89.8077608,81.3874478,77.26032679999999,70.75948580000001,73.26128179999998,71.4853358,70.35096379999999,77.2820868,79.2532608,79.39494479999999,76.20845959999998,76.2108588,69.0035608,63.80644640000001,57.27384480000001,54.73096520000001,50.61958000000001,46.32317740000001,42.4682278,41.8326284,42.27680640000001,41.84545180000001,41.78140440000001,46.2891212,46.13474420000001,46.49527020000001,44.3124638,43.86353279999999,38.3055468,38.15964520000001,32.6335934,31.553028,28.9359584,29.9141782,24.22228,26.2567676,23.514494,23.678677,18.9771344,19.8300248,17.931829,18.5330794,21.015587,25.2202914,27.011582,23.033472,19.18147960000001,11.7302316,5.571295200000002,0.0,0.0,0.0,0.0,0.0,0.0,0.0,0.0,0.0,0.0,0.0,0.0,0.0,0.0,0.0,0.0,0.0,0.0,0.0,0.0
110577>110522,719,719,SFDu,Stratford,Elizabeth Line // WB,719,SFDu,Stratford,Jubilee // NB,Alight-Interchange-Board,4118.408026999999,307.886276,758.1156748000001,1943.4879644,584.4554598000001,356.3752868,168.0873652,0.0,0.0,0.0,37.435032,47.2076036,61.2321566,75.11757659999998,86.8939072,58.27222320000001,52.93192020000001,48.960486,46.33744860000001,52.749422,55.14078600000001,67.0732222,70.48860619999998,79.28013960000001,73.37084720000001,77.2072942,76.30327940000002,82.43806059999999,75.9086746,79.286635,78.716368,85.01965,80.19548280000002,85.76034880000002,84.47062679999999,87.25394280000002,79.5920748,84.35856600000002,81.45095,86.00426879999999,85.44990680000002,90.1185108,86.86725880000002,88.56063080000001,81.81014720000002,80.51477320000002,74.1646652,74.2274572,72.17141120000002,72.35415259999999,66.79340160000001,65.60620920000001,57.45902520000001,50.4785052,47.4585476,48.0470326,45.4945736,47.4764102,48.0486502,47.1070132,43.61850220000001,43.75239360000001,39.908597,38.340485,34.4700976,33.92139,31.68472400000001,30.4150166,27.4865772,30.3086236,29.2299398,27.76528900000001,26.1059784,24.573259,22.0739066,22.036494,22.2577074,21.6001692,22.258,25.32341,20.044519,14.7097824,11.9483346,7.908948599999999,0.0,0.0,0.0,0.0,0.0,0.0,0.0,0.0,0.0,0.0,0.0,0.0,0.0,0.0,0.0,0.0,0.0,0.0,0.0
110577>110582,719,719,SFDu,Stratford,Elizabeth Line // WB,719,SFDu,Stratford,NR Great Eastern // DN,Alight-Interchange-Board,8.5278990788007,0.0,0.2490216976,3.714609031182921,1.368032398441252,2.840728128364158,0.35550782321237,0.0,0.0,0.0,0.0,0.0,0.0,0.0,0.0,0.0,0.0,0.0,0.0,0.0,0.0,0.0,0.0,0.0,0.08167317600000001,0.08167317600000001,0.08567534560000001,0.1091346076,0.1131132732,0.1786523292,0.2315812532,0.2275840673122,0.2159195393122,0.2227635997122,0.1277527757122,0.1152151977122,0.143138518,0.1313457911604,0.1321770845604,0.1512138485604,0.1577151065604,0.1708745405604,0.2030009514,0.222939214,0.166060452,0.15514424,0.11441900362,0.08229120894998003,0.08990535494997999,0.12403958694998,0.12862748694998,0.12826540910572,0.16804964977574,0.2001176617757401,0.1860526257757401,0.14548863153948,0.15002795976374,0.11024334820712,0.05117004220712001,0.0167416515597,0.06721267379596002,0.06267310668928601,0.08198963824590601,0.06978866382948602,0.07485742387690601,0.4095341438769061,0.4100954224435801,0.3907787591513801,0.3910208603678,0.3859519906827401,0.02391527768274,0.09195031422274001,0.19027774751494,0.19003548671494,0.212522038,0.189410711,0.120849709318,0.022522155318,0.022548561968,6.1904968e-05,6.191744247400001e-05,2.6419124474e-05,2.6419124474e-05,1.2474474e-08,1.2474474e-08,0.0,0.0,0.0,0.0,0.0,0.0,0.0,0.0,0.0,0.0,0.0,0.0,0.0,0.0,0.0,0.0,0.0,0.0
110577>110583,719,719,SFDu,Stratford,Elizabeth Line // WB,719,SFDu,Stratford,NR Great Eastern // UP,Alight-Interchange-Board,534.1495913600002,0.0,43.6173672,324.107623676,116.590722284,49.8338782,0.0,0.0,0.0,0.0,0.0,0.0,0.0,0.0,0.0,0.0,0.0,0.0,0.0,0.0,0.0,0.0,0.0,0.0,0.0,19.40597,24.2113972,24.42503248,28.80592348,28.80592348,14.70831028,10.08171524,13.64748056,9.579245240000002,12.26180944,7.127358406,11.127725046,7.412501906,11.105558826,8.478190356,13.48813779,9.437459718,13.776067658,9.770355058,15.745755928,10.561902728,15.14715,10.7443646,14.9018158,9.021522027999998,13.946317628,9.431410028,13.751077028,9.593625828,12.939852,8.015056400000002,10.6947796,6.375112600000001,10.9087708,7.4122418,10.2137584,7.335174800000001,9.919863,5.3862048,6.80567348,4.004156880000001,5.451448280000001,3.043946840000001,5.077818240000001,3.65834956,5.358949760000002,3.911658360000001,3.7344716,1.7006002,1.7006002,0.0,0.0,0.0,0.0,0.0,0.0,0.0,0.0,0.0,0.0,0.0,0.0,0.0,0.0,0.0,0.0,0.0,0.0,0.0,0.0,0.0,0.0,0.0,0.0,0.0,0.0,0.0,0.0
110577>110584,719,719,SFDu,Stratford,Elizabeth Line // WB,719,SFDu,Stratford,NR Weaver // DN,Alight-Interchange-Board,587.2400744700002,0.0,103.41653002,259.3102778800001,134.80992262,76.62169484,13.08164911,0.0,0.0,0.0,0.0,0.0,0.0,0.0,0.0,0.0,0.0,1.45545024,1.45545024,3.75329904,7.133041840000002,9.25366064,15.1593852,16.92672180000001,16.12515710000001,13.86822676,18.28613716000001,15.42445316,15.70855636,16.75619446,17.3742508,13.86739060000001,11.6108058,11.167314,9.79708766,11.12374186,8.57624682,7.90344314,8.107086540000001,8.85613408,6.8848394,8.96835624,9.66268972,9.91911872,10.46392332,10.89649148,9.92355408,9.749722280000002,8.89772508,8.252531880000003,9.418620400000002,9.5556625,10.1913823,10.8087683,10.9696153,10.7133359,11.670947,11.3760098,12.637869,12.7838113,12.0890249,11.6232887,10.39020762,8.77728862,7.971492660000001,8.262322260000001,7.016023460000001,7.432941940000001,6.813568140000001,6.910853000000001,5.39887346,5.067732700000001,4.3566444,4.1976,4.416354200000002,4.088698094000002,3.442467254000001,2.538331554,1.834400354,0.391560894,0.19654774,0.19654774,0.19654774,0.19654774,0.0,0.0,0.0,0.0,0.0,0.0,0.0,0.0,0.0,0.0,0.0,0.0,0.0,0.0,0.0,0.0,0.0,0.0,0.0
110577>110585,719,719,SFDu,Stratford,Elizabeth Line // WB,719,SFDu,Stratford,NR Weaver // UP,Alight-Interchange-Board,0.0,0.0,0.0,0.0,0.0,0.0,0.0,0.0,0.0,0.0,0.0,0.0,0.0,0.0,0.0,0.0,0.0,0.0,0.0,0.0,0.0,0.0,0.0,0.0,0.0,0.0,0.0,0.0,0.0,0.0,0.0,0.0,0.0,0.0,0.0,0.0,0.0,0.0,0.0,0.0,0.0,0.0,0.0,0.0,0.0,0.0,0.0,0.0,0.0,0.0,0.0,0.0,0.0,0.0,0.0,0.0,0.0,0.0,0.0,0.0,0.0,0.0,0.0,0.0,0.0,0.0,0.0,0.0,0.0,0.0,0.0,0.0,0.0,0.0,0.0,0.0,0.0,0.0,0.0,0.0,0.0,0.0,0.0,0.0,0.0,0.0,0.0,0.0,0.0,0.0,0.0,0.0,0.0,0.0,0.0,0.0,0.0,0.0,0.0,0.0,0.0,0.0,0.0
110577>110589,719,719,SFDu,Stratford,Elizabeth Line // WB,719,SFDu,Stratford,LO Mildmay // WB,Alight-Interchange-Board,891.034763322,0.0,104.7940122,474.3822414000001,195.3964634,100.4773036,15.984742722,0.0,0.0,0.0,0.0,0.0,0.0,0.0,0.0,0.0,0.0,0.0,0.0,0.0,0.64663548,2.98886428,5.583712080000002,14.73801048,21.86383908,27.1534406,31.8195102,33.7839924,28.5896748,25.0458706,22.33961020000001,18.6683262,17.62435080000001,16.9127296,17.29084000000001,17.162575,17.2925882,16.4747964,16.7234892,17.3146184,16.9779072,19.5581994,23.6276914,23.4007642,21.08349440000001,23.42199560000001,20.3497932,16.092644,15.1293452,15.813288,13.703657,13.4190492,14.2523538,13.981847,15.4474724,17.8531634,18.6099172,17.4916266,20.553688,18.7442024,15.9471468,13.7010318,15.3949648,12.441439,11.3053338,10.9087084,11.324318,8.86894406,8.11375266,8.12927514,6.69763862,6.443933820000002,5.57775212,5.90173952,4.764468460000002,4.145458228,2.782405028,3.431442528,1.717791328,1.401568308,1.2490161364,1.2490161364,0.0026816764,0.0026816764,0.0026816764,0.0,0.0,0.0,0.0,0.0,0.0,0.0,0.0,0.0,0.0,0.0,0.0,0.0,0.0,0.0,0.0,0.0,0.0
110577>110590,719,719,SFDu,Stratford,Elizabeth Line // WB,719,SFDu,Stratford,DLR (Stratford route) // OB,Alight-Interchange-Board,737.7046631135198,6.545180560000001,112.52388374,362.7271720000001,167.85076128,66.03619546,22.02147007352,0.0,0.0,0.0,0.8605107400000002,1.0212725,1.169130320000001,1.3324515,2.1618155,2.47344376,3.68404068,5.89221146,8.05957188,9.82814228,10.10111568,11.539827,10.9518944,12.4966588,11.8955344,12.5255926,13.0758508,14.4371548,12.8072678,13.7986418,14.4370876,14.375372,13.9288502,14.47934420000001,13.8019966,14.0266632,14.098212,16.165253,16.98461859999999,18.6814022,18.9449052,18.9368646,17.71086739999999,18.3981306,16.4536812,15.9590686,14.5425966,13.5545736,11.4527558,12.750356,12.0015084,13.4317534,13.0461358,15.1712842,14.3623078,15.68653,14.621682,15.5180166,13.7052452,14.5708816,13.8332626,12.8558844,11.04777768,9.9048242,7.24901126,5.73680746,5.70304026,5.65033398,5.43398786,5.78915572,5.252107560000002,4.571668799999999,3.897165800000001,3.48536584,3.36272672,3.44337472,3.08898874,3.54607454,3.2196647,2.67427456,2.2582993,1.99322364,1.024889084104,0.6097614427039999,0.161004982704,0.000655202704,0.000655202704,0.0006039586,0.0,0.0,0.0,0.0,0.0,0.0,0.0,0.0,0.0,0.0,0.0,0.0,0.0,0.0,0.0
110577>110592,719,719,SFDu,Stratford,Elizabeth Line // WB,719,SFDu,Stratford,DLR (Stratford Int'l route) // OB,Alight-Interchange-Board,302.0430929299456,5.1710615815,62.66310884,129.88738644,60.85679440000001,31.22897772,12.23576394844564,0.0,0.0,0.0,0.0003095323000000001,0.7428106523000001,0.7702210323,1.7273668323,1.9303535323,3.41022312,3.19507476,4.21237278,3.64237694,5.69400544,5.13549132,6.41430536,6.03933348,7.22362526,5.86014366,6.30437746,5.53177926,5.83378642,5.2603846,5.2659757,5.15738156,5.844509960000001,6.092522020000001,5.843410400000002,6.078432100000001,5.796673900000001,5.298121900000001,5.00632264,5.58727028,6.125683980000002,6.252993780000002,6.53424424,7.029620360000001,6.49169226,5.4072548,5.3584178,4.36925594,3.615502540000001,3.811696040000001,3.89602054,3.930212680000001,4.56495922,5.407054220000001,5.929666080000001,6.617951660000001,6.995154400000001,6.478125920000001,5.79198882,4.99049208,4.43747976,3.39926356,3.29423666,2.95042202,2.71384466,2.35092838,2.80139944,2.412780428,2.364282028,2.199402988,2.528732348,2.407068308,2.80115406,2.97694914,3.03885828,2.63357766,2.37481182,2.47726286,2.02718792,1.825941188,1.581375608,1.0841385224912,0.4492959824912001,0.290351818049128,0.122590697689128,0.0007034176891280001,0.0007013831979280001,0.0007013831979280001,0.0007013476400000001,0.0,0.0,0.0,0.0,0.0,0.0,0.0,0.0,0.0,0.0,0.0,0.0,0.0,0.0,0.0
110577>110593,719,719,SFDu,Stratford,Elizabeth Line // WB,719,SFDu,Stratford,DLR (Stratford Int'l route) // IB,Alight-Interchange-Board,30.48966719363424,0.33377432953,8.789013304,13.754513166,3.476960727999999,2.88592259792,1.249483068184234,0.0,0.0,0.0,2.3009906e-05,0.008647279906000001,0.026239893906,0.127546653906,0.171317491906,0.333017822,0.366562068,0.475487354,0.610225294,0.950842816,0.986999124,1.014606388,0.9730614780000002,0.9734032579999999,0.7406166900000001,0.7012727139999999,0.662918298,0.61348923,0.5220482500000001,0.460444834,0.379988094,0.45874801,0.767283968,0.713301128,0.830624412,0.8683721200000001,0.93661824,0.623381186,0.591933358,0.5250158979999999,0.5644800980000001,0.450596064,0.573643198,0.6393132460000001,0.6379859940000001,0.5919366939999999,0.58592758,0.4681633520000001,0.398928732,0.319020464,0.233269016,0.18989481,0.2599324240000001,0.272288192,0.237185326,0.270981794,0.322105564,0.2352428248000001,0.2599187168,0.3514251228,0.3529732828,0.3176901828,0.407322488,0.3345694352,0.2438734252,0.1855302446,0.1841673286,0.0980064686,0.1832064414,0.1611572444,0.212021955,0.324700341,0.368968863,0.26378735596,0.32593349496,0.32374643096,0.20156415596,0.13533477268,0.20717444772,0.14232389308,0.093286308828,0.073152397828,0.0723412101968468,0.0002889297408468,0.0001663323808468001,3.47306328468e-05,3.47306328468e-05,3.4727544e-05,0.0,0.0,0.0,0.0,0.0,0.0,0.0,0.0,0.0,0.0,0.0,0.0,0.0,0.0,0.0
110582>110501,719,719,SFDu,Stratford,NR Great Eastern // DN,719,SFDu,Stratford,EntEx,Alight-Exit,258.810324,0.380781,8.855299954000001,151.179370996,54.60576238,27.374441004,16.414668666,0.0,0.0,0.0,0.0,0.0,0.10266856,0.10266856,0.17544388,0.17544388,0.49512362,0.47908311,0.538307274,0.686505494,0.8365746540000001,0.8870280340000002,0.9157724040000004,0.9640650400000002,1.00290626,0.926269372,0.948220812,0.992443152,1.824930352,1.826667092,2.7153463,2.9750956,5.13648664,5.01411104,6.65688774,6.60480196,8.7412963,7.104768240000001,8.486437940000002,7.24741202,8.93190232,6.83383796,8.032756220000001,6.552801320000001,8.156561640000001,6.468146640000001,8.637221600000002,7.59663468,8.939252880000002,7.337586080000001,8.36598528,6.08882174,6.78244766,5.1323194,5.88993008,4.275398500000001,4.72452464,3.55269012,4.262836580000001,3.241593340000001,3.85975682,3.16670766,3.62873584,2.7264231,2.7786621,2.28696306,2.78634322,2.16525952,2.72825986,2.469680792,2.457813332,1.754523518,2.067799918,1.448358698,1.704353886,1.417666346,1.91365322,1.568405386,1.686232906,1.411362526,1.263484466,0.759707426,1.4590604,1.1780069,1.17651187,1.17651187,1.04995945,0.17705295,0.17705295,0.0,0.0,0.0,0.0,0.0,0.0,0.0,0.0,0.0,0.0,0.0,0.0,0.0,0.0
110582>110514,719,719,SFDu,Stratford,NR Great Eastern // DN,719,SFDu,Stratford,Central // EB,Alight-Interchange-Board,45.7544512988686,0.035671974,1.629836183864,18.064147890486,15.4878302448,8.679370418000001,1.8575945877186,0.0,0.0,0.0,0.0,0.0,0.0,0.0,0.035671974,0.035671974,0.073452298,0.202256498,0.287459738,0.2562649912,0.2580211906,0.22171469314,0.09374775902000003,0.008561021816,0.004890668476000001,0.04204973907599999,0.145745612536,0.182573588656,0.23822759186,0.315925466,0.469783796,0.364650328554,0.4481749065540001,0.423109386554,0.624641138554,0.470303090554,0.667565838,0.6391833579999999,0.8129158519999999,0.5617903020000001,0.7894455300000001,0.73559299,0.742031056,0.8290486159999999,1.126379086,0.9630362360000002,1.243939336,1.1599105488,1.4290548488,1.2686811148,1.5581838848,1.3133945648,1.934006686,1.3891895948,1.6109828688,1.2962748968,1.2920474768,0.7547916708,1.362306122,1.09120903,1.097607536,1.041382036,1.304637762,0.711259902,0.62737453,0.6171130600000001,0.7683984600000001,0.475591746,0.7591791860000001,0.760140198,0.9413921140000001,0.7125783720000001,0.941466426,0.6711561659999999,0.6937202579999999,0.5004462860000001,0.5192833280000001,0.238089816,0.2294219,0.17321863394372,0.11156092594372,0.05114492594372001,0.03442843794372,3.339437200000001e-07,0.0,0.0,0.0,0.0,0.0,0.0,0.0,0.0,0.0,0.0,0.0,0.0,0.0,0.0,0.0,0.0,0.0,0.0,0.0
110582>110515,719,719,SFDu,Stratford,NR Great Eastern // DN,719,SFDu,Stratford,Central // WB,Alight-Interchange-Board,37.163926932,0.03633404,2.28968851,16.37089746,4.329332382,2.378867944,11.758806596,0.0,0.0,0.0,0.0,0.0,0.0,0.0,0.03633404,0.03633404,0.097167054,0.097167054,0.1025736684,0.0662396284,0.1963718144,0.1686515744000001,0.2775717944,0.288939694,0.303061822,0.2401696,0.415440766,0.370187998,0.5481859440000001,0.5776335360000001,0.729769452,0.5503213079999999,0.8442479559999999,0.7552416559999999,0.943625016,0.964181176,1.18334744,1.1012844,1.12353432,1.03068062,0.8607393600000001,0.7052332520000001,0.4486978460000001,0.3893428720000001,0.250243492,0.270489442,0.244895238,0.2620017060000001,0.75632926,0.75632926,0.7043549100000001,0.662374072,0.6441350920000001,0.135036064,0.170467684,0.257387312,0.260116832,0.32493377,0.356463364,0.464993684,0.397201816,0.3694513860000001,0.286771306,0.20135208,0.05739014000000001,0.0,0.0,0.0,0.0,0.0,0.19038736,0.19038736,0.55280324,0.55280324,0.633744524,0.721212324,1.277044764,1.735690884,2.222983224,2.14204194,1.86418678,1.30835434,0.4872923400000001,0.0,0.0,0.0,0.0,0.0,0.0,0.0,0.0,0.0,0.0,0.0,0.0,0.0,0.0,0.0,0.0,0.0,0.0,0.0,0.0
110582>110522,719,719,SFDu,Stratford,NR Great Eastern // DN,719,SFDu,Stratford,Jubilee // NB,Alight-Interchange-Board,181.5980792562787,0.43348011,4.362256872050001,80.110085698,45.39632685,42.19894657609144,9.096983150137163,0.0,0.0,0.0,0.0,0.0,0.14007668,0.14007668,0.15332675,0.15332675,0.160032634,0.07690381800000001,0.07894044620000001,0.1874301962,0.2797783122,0.4039606762,0.34708748721,0.3846596030100001,0.7486340230100001,0.7019907070100001,0.8395122190100001,0.8966537600000002,1.606660616,1.266092316,2.412978716,2.324513456,3.75139784,3.15368172,4.06713638,3.17333998,4.59381528,3.20915721,4.04931487,3.40472599,4.30380393,2.80596145,3.63463692,2.7977097,4.52321958,3.45299334,4.82905622,4.056180008,5.099776688,3.047012134,3.650267594,2.692688294,3.778220186,2.673662238,3.380381872,2.741817052,3.779077552,2.646464232,3.804029460000001,3.109949086,5.815584546,4.604839146000001,6.369613186,5.182103156000001,6.18054285,3.74289421,4.691018410000001,3.026234930000001,3.89904454,2.96984452,3.07088436,1.826339114,3.038817194,2.10178438604572,2.46943890604572,2.22817206604572,2.569352672045721,1.21689888004572,1.348171748,0.8118812479999999,0.5917842879999999,0.199448728,0.13127352,0.0,0.0,0.0,0.0,0.0,0.0,0.0,0.0,0.0,0.0,0.0,0.0,0.0,0.0,0.0,0.0,0.0,0.0,0.0,0.0
110582>110576,719,719,SFDu,Stratford,NR Great Eastern // DN,719,SFDu,Stratford,Elizabeth Line // EB,Alight-Interchange-Board,29.04243346175,0.0,0.0,11.73155309175,10.65871484,6.612506587999999,0.039658942,0.0,0.0,0.0,0.0,0.0,0.0,0.0,0.0,0.0,0.0,0.0,0.0,0.0,0.0,0.0,0.0,0.0,0.0,0.0,0.0,3.081585999999999e-05,3.081585999999999e-05,0.26743647586,0.26743647586,0.53907685586,0.53904604,0.5390664264899999,0.27166076649,0.33255931449,0.06091893449,0.39168913449,0.391668748,0.635182028,0.57428348,0.8824665999999999,0.5516964,0.7372533,0.4937400200000001,0.9060925400000002,0.59790942,0.7500441,0.5644872000000001,0.9250648600000002,0.5127123400000001,0.8061644800000001,0.6540298000000001,1.0123755,0.6517978400000001,1.1379389,0.8444867600000001,1.12317404,0.76482834,1.14598388,0.6598428199999999,1.06838988,0.7897026,1.14407236,0.76291682,0.99001386,0.5814668000000001,0.6849836800000001,0.33061392,0.6150450599999999,0.38794802,0.427606962,0.324090082,0.324090082,0.039658942,0.039658942,0.0,0.0,0.0,0.0,0.0,0.0,0.0,0.0,0.0,0.0,0.0,0.0,0.0,0.0,0.0,0.0,0.0,0.0,0.0,0.0,0.0,0.0,0.0,0.0,0.0,0.0,0.0
110582>110577,719,719,SFDu,Stratford,NR Great Eastern // DN,719,SFDu,Stratford,Elizabeth Line // WB,Alight-Interchange-Board,52.575075554,0.0,5.730003928000001,23.66230871,11.383385846,9.774884538,2.024492532,0.0,0.0,0.0,0.0,0.0,0.0,0.0,0.0,0.0,0.3872750600000001,0.4903499320000001,0.5709165400000001,0.7419598280000002,0.8413627280000002,0.477150164,0.490878232,0.4232725960000001,0.4527461680000001,0.3798202880000001,0.474272392,0.416630066,0.8013919540000001,0.681026962,0.8416075020000001,0.7982542820000001,1.344203408,1.178653968,1.56265844,1.466471708,1.767354328,1.256083674,1.202473314,0.7547479748000001,0.9490378868,0.6383620668000001,0.7585655008000001,0.6540423608,1.09976294,0.903423128,1.149453208,0.975444594,1.100506324,0.6597177540000001,0.7024353659999999,0.5632425780000001,0.934382472,0.7927011359999999,1.164350866,1.047520684,1.029042052,0.713881786,0.945798892,0.619724112,1.150255494,1.124366874,1.2981189,1.09651402,1.26422606,0.90865798,1.13260186,0.96593818,0.9726673859999999,0.762878154,0.7018926740000001,0.399548826,0.4043148260000001,0.4144287200000001,0.7512158520000001,0.6225296720000001,0.57409142,0.4662235400000001,0.3616479,0.0,0.0,0.0,0.0,0.0,0.0,0.0,0.0,0.0,0.0,0.0,0.0,0.0,0.0,0.0,0.0,0.0,0.0,0.0,0.0,0.0,0.0,0.0,0.0
110582>110584,719,719,SFDu,Stratford,NR Great Eastern // DN,719,SFDu,Stratford,NR Weaver // DN,Alight-Interchange-Board,39.50994354740001,0.0,0.0720351896,15.2966645124,16.765513576,7.03806245412,0.3376678152800001,0.0,0.0,0.0,0.0,0.0,0.0,0.0,0.0,0.0,0.0,0.0,0.0,0.0001063732,0.0001063732,0.0002766832,0.0002766832,0.0002766832,0.0012084892,0.0012084892,0.06857541519999999,0.06857541519999999,0.0894454752,0.088407296,0.184564406,0.11702717,0.19494057,0.17407051,0.35253067,0.25637356,0.93001972,0.85210632,1.41297658,1.23451642,1.324223556,0.6505773960000001,1.038332396,0.477462136,0.9372908959999999,0.84758376,1.05196896,0.6642139600000001,0.9951679400000002,0.53533918,0.8189502200000001,0.61456502,0.8952968800000001,0.5643429,1.0348451,0.7512340600000001,0.8747374460000001,0.5940055860000001,2.208898786,1.738396586,2.523078386,2.399575,2.566537826,0.951644626,0.95199584866,0.22852467466,0.98319711466,0.8162342886600001,0.8163573512600001,0.8160061286000001,0.7973480506,0.0426756106,0.2114280506,0.211304988,0.21134572182,0.16879317382,0.16879317382,4.073382e-05,4.073382e-05,0.0,0.0,0.0,0.0,0.0,0.0,0.0,0.0,0.0,0.0,0.0,0.0,0.0,0.0,0.0,0.0,0.0,0.0,0.0,0.0,0.0,0.0,0.0,0.0
110582>110589,719,719,SFDu,Stratford,NR Great Eastern // DN,719,SFDu,Stratford,LO Mildmay // WB,Alight-Interchange-Board,3.855533607999999,0.0,0.2629099,1.9434194514,1.4090613786,0.240142878,0.0,0.0,0.0,0.0,0.0,0.0,0.0,0.0,0.0,0.0,0.0,0.0,0.0,0.0,0.0,0.0,0.028772086,0.028772086,0.06200326599999999,0.06200326599999999,0.081359196,0.05258711,0.05258711,0.01935593,0.050489374,0.0378273772,0.0378273772,0.043806973,0.07541657700000001,0.07329497300000001,0.08176336180000003,0.08310002920000002,0.1680559374,0.1434933834,0.1144815434,0.1252022974,0.154690258,0.08070149,0.07365444,0.08778677800000001,0.06913414699999999,0.064058579,0.06823109179999999,0.08555600880000001,0.1003173048,0.099209022,0.093958368,0.1672839392,0.1781383722,0.154245337,0.1628271348,0.1460937154,0.1067051554,0.08228875460000001,0.08382816220000001,0.06912420220000001,0.06535921559999999,0.0208382024,0.0250584542,0.0185184478,0.023714799,0.0273544494,0.0300353626,0.0220521616,0.0261415354,0.0209451842,0.0173055338,0.0040893738,0.0040893738,0.0,0.0,0.0,0.0,0.0,0.0,0.0,0.0,0.0,0.0,0.0,0.0,0.0,0.0,0.0,0.0,0.0,0.0,0.0,0.0,0.0,0.0,0.0,0.0,0.0,0.0,0.0,0.0
110582>110590,719,719,SFDu,Stratford,NR Great Eastern // DN,719,SFDu,Stratford,DLR (Stratford route) // OB,Alight-Interchange-Board,12.94732511404376,0.0,0.7791159057060002,4.967841369,4.689182379000001,1.6441122348,0.8670732255377498,0.0,0.0,0.0,0.0,0.0,0.0,0.0,0.0,0.0,1.6959412e-06,0.1095465159412,0.1095465159412,0.1095465159412,0.1095465159412,0.10954482,0.0,0.011155215,0.027137565,0.067277133,0.125813413,0.125813413,0.114658198,0.098675848,0.05853628000000001,0.0,0.0,0.0,0.05754358800000001,0.05754358800000001,0.05754358800000001,0.093586192,0.1453202760000001,0.087776688,0.183154794,0.20933432,0.31784241,0.2887840428,0.4587133028,0.4045537408000001,0.4595649668,0.3738553468,0.47867961,0.38364307,0.5127181060000001,0.4378682690000001,0.534955295,0.452317353,0.4412665010000001,0.323606147,0.4508747520000001,0.294946652,0.4453866740000001,0.401665436,0.376787306,0.2431777860000001,0.286330208,0.091028148,0.0834717912,0.09714433119999999,0.1773282372,0.1341758152,0.1341758152,0.14735987,0.206951634,0.134557196,0.1457157876,0.1457157876,0.1464878216,0.0454684216,0.1838558636,0.172697272,0.172697272,0.14617691,0.14617691,0.0,1.1526755e-07,1.1526755e-07,1.1526755e-07,1.1526755e-07,1.1526755e-07,0.0,0.0,0.0,0.0,0.0,0.0,0.0,0.0,0.0,0.0,0.0,0.0,0.0,0.0,0.0,0.0
110582>110592,719,719,SFDu,Stratford,NR Great Eastern // DN,719,SFDu,Stratford,DLR (Stratford Int'l route) // OB,Alight-Interchange-Board,119.2240261309184,0.6986135800000002,7.975260560399999,80.95081139199999,19.42822252,8.19125397802532,1.979864100493103,0.0,0.0,0.0,0.0,0.0,0.10004366,0.10004366,0.4985262600000001,0.4985262600000001,0.6066811880000001,0.5082423685999999,0.5948905946,0.2272940466,0.8177352466000001,0.7098166224800001,0.8731480218800001,0.7864997958800002,0.8106196398800001,0.22017843988,1.321628336,1.156692096,1.726973656,1.67196776,3.74010136,2.63841516,4.398146560000002,3.827865,8.662847,6.594713400000001,7.6735425,5.913811099999999,6.38290958,1.54792758,1.88646932,0.8076402199999999,2.30756802,1.83846954,3.37937464,3.0408329,3.53095278,2.03102498,2.89452568,1.35362058,1.94441998,1.4543001,2.23309716,1.36959646,1.6831307,1.0923313,1.96429384,1.18549678,1.59145104,1.2779168,2.3533726,1.48141006,1.74182568,1.33587142,1.59312582,0.5254275168,0.7380035768000001,0.4775879568,0.7920867568000001,0.5348323568,0.716888272,0.5043122120000001,0.5043129700084401,0.18981417000844,0.27899095000844,0.08917753800844001,0.3107289980084401,0.31072824,0.4113128400000001,0.3246306406000001,0.3246306406000001,0.1030791831737246,0.1030796328952446,0.002495032895244601,4.522952446e-07,4.522952446e-07,4.4972152e-07,0.0,0.0,0.0,0.0,0.0,0.0,0.0,0.0,0.0,0.0,0.0,0.0,0.0,0.0,0.0,0.0
110582>110593,719,719,SFDu,Stratford,NR Great Eastern // DN,719,SFDu,Stratford,DLR (Stratford Int'l route) // IB,Alight-Interchange-Board,5.213596326,0.0,0.0,3.284224114,0.8301962979999998,1.099175914,0.0,0.0,0.0,0.0,0.0,0.0,0.0,0.0,0.0,0.0,0.0,0.0,0.0,0.0,0.0,0.0,0.0,0.0,0.0,0.0,0.0,0.0,0.0,0.0,0.0,0.0,0.0,0.0,0.053191996,0.053191996,0.180182436,0.180182436,0.296045796,0.2428538,0.36834064,0.2413502,0.2413502,0.12548684,0.28162498,0.15613814,0.15613814,0.15613814,0.26996518,0.11382704,0.168216154,0.168216154,0.216023222,0.102196182,0.1189084572000001,0.06451934320000001,0.06451934320000001,0.0167122752,0.0167122752,0.0,0.0,0.0,0.062389046,0.062389046,0.08031260200000001,0.091343572,0.091343572,0.028954526,0.107043412,0.08911985600000001,0.14096942,0.14096942,0.14096942,0.062880534,0.062880534,0.0,0.0,0.0,0.0,0.0,0.0,0.0,0.0,0.0,0.0,0.0,0.0,0.0,0.0,0.0,0.0,0.0,0.0,0.0,0.0,0.0,0.0,0.0,0.0,0.0,0.0,0.0,0.0
110583>110501,719,719,SFDu,Stratford,NR Great Eastern // UP,719,SFDu,Stratford,EntEx,Alight-Exit,1065.52997529,2.0523882,123.50923298,789.97598118,114.402448,27.76414503200001,7.825779898,0.0,0.0,0.0,0.0,0.0,0.0,0.7913935999999999,1.2609946,1.7406854,2.33349536,3.31870568,2.6583625,3.59550922,3.292731372,3.586567012,14.263810092,15.340833072,21.309196752,22.69703246000001,29.37230406,20.20867806,28.52474466,23.90254686,33.1540602,29.4352612,40.7219098,34.88842500000001,46.01116340000001,39.1779878,49.7471256,38.7216094,45.97209340000001,35.0300738,41.9981944,30.3208158,37.12407,28.2005516,34.4438852,25.8504442,31.4901508,23.7481592,28.0092528,20.3128618,22.9819162,15.83306034,17.78573934,12.65737446,13.52983766,9.30671056,10.17368762,7.2366671,7.41760068,5.55340038,6.00807938,4.36129538,4.538995099999999,3.56901338,3.79707444,2.86280556,3.26279756,2.39825636,2.58066692,1.99332524,2.07652834,1.386728932,1.42366364,0.98326472,1.43001994,1.075962236,1.250544984,1.063570876,1.061007826,0.484695326,0.8828569500000001,0.55216041,0.55216041,0.45141044,0.45141044,0.0,0.0,0.0,0.0,0.0,0.0,0.0,0.0,0.0,0.0,0.0,0.0,0.0,0.0,0.0,0.0,0.0,0.0
110583>110514,719,719,SFDu,Stratford,NR Great Eastern // UP,719,SFDu,Stratford,Central // EB,Alight-Interchange-Board,190.429528763,0.46317354,21.62735551,98.40582786,42.50383788,23.43257564,3.996758333000001,0.0,0.0,0.0,0.0,0.0,0.0,0.03073897,0.43243457,0.527075416,0.7689042159999999,1.285088536,1.3254879,1.24640774,1.239620274,1.381711594,1.850876934,2.4432138,2.63467512,3.1748982,3.74939578,3.51787572,3.72148502,3.92214672,4.3520898,3.9582513,4.2249567,3.88697734,4.516370159999999,3.85412672,4.401510800000001,3.84511254,4.518376000000001,3.9526945,4.3501182,3.93952292,4.506081180000002,3.83931114,4.69009176,4.434273220000001,4.43365452,4.29423652,4.23536426,3.45540534,3.55579548,3.941508380000001,3.56672918,4.263224940000002,3.901549200000001,4.00287812,3.44451656,3.86656942,3.00956428,3.26730822,3.18719266,3.31375654,2.73904038,2.85771354,2.39552408,2.12390494,1.80227636,1.82360918,1.72384522,1.92033324,1.78159598,2.04128216,1.81406254,1.74305184,1.40537656,1.35264536,0.8191968100000001,0.6612491100000001,0.482525164,0.340562204,0.1496913826000001,0.0904178126,0.0904178126,0.005026338599999999,0.005026338599999999,0.0,0.0,0.0,0.0,0.0,0.0,0.0,0.0,0.0,0.0,0.0,0.0,0.0,0.0,0.0,0.0,0.0,0.0
110583>110515,719,719,SFDu,Stratford,NR Great Eastern // UP,719,SFDu,Stratford,Central // WB,Alight-Interchange-Board,1386.132672,12.8604956,245.7804058,794.7417461000002,231.2454854,82.14921176,19.35532734,0.0,0.0,0.0,0.0,0.0,0.0,5.0888672,7.7716284,9.6631974,13.4992406,20.93480120000001,16.92543106,22.43664026,21.50941472,22.90808112,20.48879632,25.12574486,19.48709486000001,26.872563,25.92940040000001,28.9799846,29.1013404,36.046132,33.5972464,37.62584740000001,38.7062438,43.75297640000001,45.52087640000001,48.1177644,48.9571444,47.99823720000001,45.36105420000001,40.1174684,36.6729618,33.611098,30.27339580000001,26.5010162,23.91167380000001,23.448108,21.0686606,19.0544392,17.4503279,20.1997855,18.6679633,18.1557947,19.8222995,20.5792854,19.32856120000001,19.6694748,21.0461484,20.2426854,21.0291662,19.2718922,19.2631516,16.8625802,15.9744458,12.9743851,11.8443507,9.6155715,8.820533300000003,6.84811842,6.26923352,5.09388252,4.70149508,4.00760192,3.928333120000001,4.32337298,3.722333600000001,4.307776140000001,3.94678248,3.18713316,2.74433298,2.47421456,1.11984626,0.7876208800000001,0.7876208800000001,0.0,0.0,0.0,0.0,0.0,0.0,0.0,0.0,0.0,0.0,0.0,0.0,0.0,0.0,0.0,0.0,0.0,0.0,0.0,0.0
110583>110522,719,719,SFDu,Stratford,NR Great Eastern // UP,719,SFDu,Stratford,Jubilee // NB,Alight-Interchange-Board,739.47271326,13.541408,151.2684719,400.52869646,106.36620168,52.260635044,15.507300176,0.0,0.0,0.0,0.0,0.0,0.0,5.480430200000002,8.060977800000002,9.802370800000002,12.3149804,16.7437386,11.70867846,12.77496926,11.89556194,12.61466694,8.81961946,14.0569792,10.4101408,15.74550852,14.38125752,18.0311798,14.3074266,20.0531282,15.7019424,19.9611832,18.1039362,22.7231096,19.6231524,24.3680676,20.1055348,23.3583358,18.5914527,20.3555603,15.5259087,18.1119747,13.5158995,15.7967294,12.23078648,14.56519848,10.87423836,13.28910316,10.12430916,12.37290048,8.837638440000003,10.87579716,8.12868602,10.39492942,8.0399677,10.61566534,8.332417620000001,10.73459696,7.76318744,9.457750960000002,7.00846624,8.78874976,6.22598706,7.64787138,5.581879720000001,6.645751240000001,4.394954838,5.103060638000001,4.100689638,4.618581218,3.039746098,3.70130174,2.557862120000001,2.86141084,2.007525574,2.675918774,2.653458934,2.498510654,2.337338614,2.30722176,1.46679808,0.7840266800000001,0.7840266800000001,0.0,0.0,0.0,0.0,0.0,0.0,0.0,0.0,0.0,0.0,0.0,0.0,0.0,0.0,0.0,0.0,0.0,0.0,0.0,0.0
110583>110576,719,719,SFDu,Stratford,NR Great Eastern // UP,719,SFDu,Stratford,Elizabeth Line // EB,Alight-Interchange-Board,39.13113923,0.10322771,3.291125142,18.120942048,6.465713386,9.578526446,1.571604498,0.0,0.0,0.0,0.0,0.0,0.0,0.0,0.10322771,0.10322771,0.10322771,0.200204056,0.23910695,0.42370776,0.4721549820000001,0.4721549820000001,0.406521064,0.36761817,0.18350482,0.135057598,0.18463934,0.248606706,0.456259926,0.521666996,0.6365192159999999,0.6835637539999999,0.737353072,0.559482192,0.7397807520000002,0.7082651959999999,0.9868451159999999,0.983679424,1.313521644,1.077216584,1.21913234,0.932437672,0.9175381859999999,0.7555171660000001,0.7916628760000002,0.6992078880000001,0.7193996760000001,0.7028602220000002,0.635824828,0.56322711,0.531373506,0.51003809,0.495254664,0.405201538,0.466923018,0.452080258,0.554241014,0.4709438420000001,0.626290762,0.58829801,0.693802942,0.5267461379999999,0.67589311,0.76298617,1.00798679,0.9571340000000002,1.151486264,1.1104434,1.06615122,0.7849867340000001,0.7454037840000001,0.589603604,0.601448214,0.362785394,0.438110872,0.336940612,0.346957636,0.210595036,0.210595036,0.071040964,0.135927814,0.06488685,0.06488685,0.06488685,0.06488685,0.0,0.0,0.0,0.0,0.0,0.0,0.0,0.0,0.0,0.0,0.0,0.0,0.0,0.0,0.0,0.0,0.0,0.0
110583>110577,719,719,SFDu,Stratford,NR Great Eastern // UP,719,SFDu,Stratford,Elizabeth Line // WB,Alight-Interchange-Board,960.0405104600002,0.0,132.85134086,541.7675422000001,184.66739628,93.96160069999999,6.79263042,0.0,0.0,0.0,0.0,0.0,0.0,0.0,0.0,1.22801114,3.082710140000001,4.92435454,5.028174732,6.968542532000001,6.478325932000001,10.901657732,13.144104532,18.32871734,17.10783964,24.9077443,20.7511583,23.5166361,19.91843170000001,26.9224336,19.69160648,24.75066628,19.0229762,27.4582664,21.9200902,30.53374732,24.39640012000001,31.1516752,22.05246846,27.65571666,18.91910026,25.59244366,19.89095886,25.3566794,18.60849006,22.99210086,17.00869946000001,21.11621506,16.74769066,20.1137212,16.43032800000001,19.901648,15.11459072,18.36748472,15.04115878,17.98282238,14.15218338,17.35593146,13.28521146,16.3098808,12.13051386,14.31872466,10.70724606,12.94952766,9.73917666,11.6991896,8.564863679999998,9.68995968,6.96026628,8.12636608,5.958734419999999,6.833148619999998,4.7218626,5.22381954,3.49468588,3.05587754,1.75379806,1.65159108,0.33136374,0.0,0.0,0.0,0.0,0.0,0.0,0.0,0.0,0.0,0.0,0.0,0.0,0.0,0.0,0.0,0.0,0.0,0.0,0.0,0.0,0.0,0.0,0.0,0.0
110583>110584,719,719,SFDu,Stratford,NR Great Eastern // UP,719,SFDu,Stratford,NR Weaver // DN,Alight-Interchange-Board,81.50734123835497,0.0,23.121509832,36.454407482,13.331772198,6.409462447596001,2.190189278759,0.0,0.0,0.0,0.0,0.0,0.0,0.0,0.0,0.0,0.0,1.03166494,1.03166494,2.71022354,2.8396466,3.548063260000001,2.546886636,3.419632436,1.8158642,2.265700020000001,1.91216326,2.744346604,1.931700716,2.529917552000001,2.102144832,3.359322232,2.519930596,2.750991404,2.239739964,2.307558184,0.7326341120000001,0.826004448,0.598433772,0.5337242680000001,0.381945436,0.819316908,0.8329454479999999,1.074416464,1.145673168,1.48460166,1.06704369,1.20578305,0.973755198,1.185527858,1.106949918,1.207658128,0.983986006,1.290203118,1.071182978,0.9394403179999999,0.901455178,1.07273536,0.99624252,1.35192308,1.247214976,1.224133948,1.045596588,0.8924694880000001,0.3757500888100001,0.33798228481,0.241407504744,0.268651040744,0.136783186744,0.195313095934,0.336211691934,0.7579546400000001,0.6926335092920001,1.027896543292,1.146409373292,0.951853245292,0.5301047457870002,0.5300933804950001,0.177278461635,0.000219081635,0.000219081635,0.00021064114,0.00021064114,0.0,0.0,0.0,0.0,0.0,0.0,0.0,0.0,0.0,0.0,0.0,0.0,0.0,0.0,0.0,0.0,0.0,0.0,0.0,0.0
110583>110589,719,719,SFDu,Stratford,NR Great Eastern // UP,719,SFDu,Stratford,LO Mildmay // WB,Alight-Interchange-Board,483.4488967614598,0.0,53.101863577,272.7699024999999,95.86086192000003,56.24457610000002,5.471692664460001,0.0,0.0,0.0,0.0,0.0,0.0,0.0,0.0,0.0,0.0,0.0,0.0,0.002738217,0.005060155399999999,2.3922115554,4.4526543554,8.3710179554,10.6749065384,13.8781106,13.3251642,14.7991678,12.4251024,14.0110922,12.5292456,14.5414346,13.3291512,14.6702017,13.4100939,14.6743503,12.4026451,13.1458525,11.7000194,11.8228896,10.10574114,10.27392744,8.556344900000001,9.2343035,7.69255776,8.947023620000003,8.56842044,9.25146818,8.41925958,9.66093512,8.59867452,9.2744788,8.4671726,8.8368728,7.600342200000001,8.5596444,8.2188012,8.653513799999999,8.184962800000001,8.384269880000002,6.774495080000001,6.774844080000001,6.131464280000001,7.003372480000001,6.341201940000001,6.92309114,6.026406340000001,5.86631642,4.3375466,4.462206,3.682757000000001,3.567141200000001,3.08813314,2.84846332,2.09794052,1.90695912,1.32415918,0.94839496,0.6585116,0.52846026,0.104626676892,0.000145216892,0.000145216892,0.000145216892,0.000145216892,0.0,0.0,0.0,0.0,0.0,0.0,0.0,0.0,0.0,0.0,0.0,0.0,0.0,0.0,0.0,0.0,0.0,0.0
110583>110590,719,719,SFDu,Stratford,NR Great Eastern // UP,719,SFDu,Stratford,DLR (Stratford route) // OB,Alight-Interchange-Board,133.844219998,0.60574374,20.51121245,78.99900194,24.385504748,8.040773384000001,1.301983736,0.0,0.0,0.0,0.0,0.0,0.0,0.20664518,0.39909856,0.61475756,0.6449051339999999,1.182644034,0.9883219384,1.4080833184,1.2276916304,2.0666823964,2.1311028964,2.694875292,2.141819298,2.835052586,2.575276366,2.698570826,2.684176946,3.235016540000001,3.1154327,3.39596638,3.39510984,3.66967076,3.6077546,3.95433224,3.72361324,4.39283792,4.33867236,4.56925616,3.98288688,4.32799688,3.37165904,3.08541364,2.74778804,2.845469,2.2925267,2.50208858,2.098334236,2.598843636,2.365584796,2.640486656,2.249438076,2.8312304,2.3346324,2.69705112,2.111928472,2.323390172,1.777811372,1.748927892,1.266079924,1.403558572,1.000969692,1.153398312,0.7617113280000001,0.8090214960000001,0.6524403220000001,0.7529146420000001,0.536976706,0.7055459500000001,0.5882045920000001,0.6200827260000001,0.492175006,0.5521671020000001,0.416135202,0.391069802,0.287315428,0.249878548,0.1466590052000001,0.0897403252,0.07620967320000001,0.0260647272,0.0260647272,0.004490750000000001,0.004490750000000001,0.0,0.0,0.0,0.0,0.0,0.0,0.0,0.0,0.0,0.0,0.0,0.0,0.0,0.0,0.0,0.0,0.0,0.0
110583>110592,719,719,SFDu,Stratford,NR Great Eastern // UP,719,SFDu,Stratford,DLR (Stratford Int'l route) // OB,Alight-Interchange-Board,152.7740608870001,0.495331364,26.878505576,74.91473277399999,32.37437525600001,15.032770339,3.078345578000001,0.0,0.0,0.0,0.0,0.0,0.0,0.192862452,0.302468912,0.472290698,0.595780338,1.465383018,1.293205176,2.137241116,2.08565687,3.21503363,2.37579749,3.44445188,2.49080948,4.277861140000002,3.02499474,3.72834888,2.79267851,4.46624491,2.57319086,4.11130598,3.48006664,4.65269853,2.97913213,4.20227098,2.9022284,3.76400766,2.476563966,3.635644086,2.48427655,3.33474571,2.420404828,3.197813202,2.156675832,3.099587868,2.011046168,3.19933637,2.42718723,2.91908248,1.900195004,2.938512684,1.830376312000001,3.413893452,2.901260418,3.908661274,2.955442004,3.649403916,2.021770716,2.53359219,1.87139243,2.58705266,1.7630172,2.42374666,1.8393642552,1.9360411352,1.1439384262,1.5213074662,0.9145331202,1.166188605,0.7162796050000001,1.090049154,0.75386746,0.901876986,0.625577466,0.947757646,0.565332166,0.5241448200000001,0.397106544,0.397106544,0.07935011720000001,0.07935011720000001,0.07935011720000001,0.004423753200000001,0.004423753200000001,0.0,0.0,0.0,0.0,0.0,0.0,0.0,0.0,0.0,0.0,0.0,0.0,0.0,0.0,0.0,0.0,0.0,0.0
110583>110593,719,719,SFDu,Stratford,NR Great Eastern // UP,719,SFDu,Stratford,DLR (Stratford Int'l route) // IB,Alight-Interchange-Board,6.558113251540001,0.03417077425,1.50997163243,3.390540852000001,1.139711893,0.4295948203600001,0.05412327949999999,0.0,0.0,0.0,0.0,0.0,0.0,0.017059352,0.01711142225,0.01719944867,0.017292374936,0.093335818936,0.07627646693600001,0.110368860686,0.110280834266,0.206896134,0.13085269,0.1856803300000001,0.151535866,0.2351435100000001,0.175109298,0.266967566,0.2121399260000001,0.278103236,0.194495592,0.1748365140000001,0.08297824599999999,0.16200702,0.09604371,0.16683605,0.1498211140000001,0.18619318,0.107164406,0.143105988,0.07231364800000001,0.092342552,0.07523578,0.089670444,0.079888994,0.12662771,0.106598806,0.119521256,0.1339970620000001,0.160195384,0.113456668,0.176800268,0.157112808,0.177951354,0.1255929,0.1350994928,0.07175589280000001,0.07530425180000001,0.0255552358,0.03976148779999999,0.03025489500000001,0.070285975,0.054237332,0.05569219412,0.04148594212,0.05629266811999999,0.01626158812,0.03798981412000001,0.036534952,0.05599541800000001,0.04118869200000001,0.04172939544,0.02000116944,0.02294172644,0.00348126044,0.01215531204,0.0116146086,0.0116146086,0.00885005652,0.00885005652,0.000278129412,0.000278129412,0.000278129412,0.000102124492,0.000102124492,0.0,0.0,0.0,0.0,0.0,0.0,0.0,0.0,0.0,0.0,0.0,0.0,0.0,0.0,0.0,0.0,0.0,0.0
110584>110501,719,719,SFDu,Stratford,NR Weaver // DN,719,SFDu,Stratford,EntEx,Alight-Exit,0.0,0.0,0.0,0.0,0.0,0.0,0.0,0.0,0.0,0.0,0.0,0.0,0.0,0.0,0.0,0.0,0.0,0.0,0.0,0.0,0.0,0.0,0.0,0.0,0.0,0.0,0.0,0.0,0.0,0.0,0.0,0.0,0.0,0.0,0.0,0.0,0.0,0.0,0.0,0.0,0.0,0.0,0.0,0.0,0.0,0.0,0.0,0.0,0.0,0.0,0.0,0.0,0.0,0.0,0.0,0.0,0.0,0.0,0.0,0.0,0.0,0.0,0.0,0.0,0.0,0.0,0.0,0.0,0.0,0.0,0.0,0.0,0.0,0.0,0.0,0.0,0.0,0.0,0.0,0.0,0.0,0.0,0.0,0.0,0.0,0.0,0.0,0.0,0.0,0.0,0.0,0.0,0.0,0.0,0.0,0.0,0.0,0.0,0.0,0.0,0.0,0.0,0.0
110585>110501,719,719,SFDu,Stratford,NR Weaver // UP,719,SFDu,Stratford,EntEx,Alight-Exit,1743.779834700001,0.0,153.1722326,1218.1901976,227.072241,112.9769203,32.3682432,0.0,0.0,0.0,0.0,0.0,0.0,0.0,0.0,0.0,0.0,3.206071,5.8378512,8.7784166,12.466628,16.8847334,17.9061284,21.2632456,21.8997922,21.6485884,23.2807778,23.8490578,25.4210574,29.1210946,37.8260556,38.99925020000001,46.18396620000001,48.94066420000001,60.237669,59.7808344,68.82856100000001,69.20528900000001,74.25542,67.3643708,68.66723280000002,62.0326074,61.58975840000002,57.30282240000001,52.63936360000001,48.55812880000001,50.0801518,45.45954279999999,43.1986348,41.1340924,37.5145722,30.1183106,27.2796468,21.8817248,20.9233608,18.2706558,17.6811826,16.0194276,15.8514496,14.548104,15.5439452,14.9788116,13.9756216,13.7092836,13.0612026,11.9975526,10.7967098,11.2514914,9.6257567,9.1414603,7.8440095,7.47545282,6.18201722,6.18217612,5.70980764,5.73108984,4.69274412,5.33868772,5.28588052,4.197232400000001,2.9066738,2.9066738,1.309261,0.0,0.0,0.0,0.0,0.0,0.0,0.0,0.0,0.0,0.0,0.0,0.0,0.0,0.0,0.0,0.0,0.0,0.0,0.0,0.0
110585>110514,719,719,SFDu,Stratford,NR Weaver // UP,719,SFDu,Stratford,Central // EB,Alight-Interchange-Board,227.5179283,0.0,18.40762842,88.81254158000002,61.40901290000001,48.36208546,10.52665994,0.0,0.0,0.0,0.0,0.0,0.0,0.0,0.0,0.0,0.0,0.1846654,0.45684556,1.02478064,1.44522994,1.9202255,2.2932472,2.4851004,2.65401186,2.67713784,3.26638408,3.09260682,2.8375281,2.47711446,3.0467039,2.7140106,3.38615402,3.832015100000001,4.7946366,4.104470360000001,4.328843320000002,4.26139098,4.72434078,4.57365632,4.92219864,4.16314214,3.67986968,3.53977416,2.66575016,2.47283532,3.56676226,3.69816656,3.5191628,4.12457966,4.28682884,4.01099114,4.106152440000002,3.88267712,5.16501952,5.039687259999999,5.19987496,5.7619328,6.036176279999999,5.421215360000001,5.752827680000001,5.707226120000001,5.32523222,4.868339140000002,4.25703018,4.23170198,3.68386792,3.65266602,4.32862464,4.16772366,3.948873120000001,4.74968704,4.16284296,3.43139758,2.87933122,2.63469566,1.25217546,1.77011524,1.561604,1.29873602,0.94039512,0.94039512,0.12854332,0.0,0.0,0.0,0.0,0.0,0.0,0.0,0.0,0.0,0.0,0.0,0.0,0.0,0.0,0.0,0.0,0.0,0.0,0.0,0.0
110585>110515,719,719,SFDu,Stratford,NR Weaver // UP,719,SFDu,Stratford,Central // WB,Alight-Interchange-Board,672.5203725000001,0.0,68.1940655,329.8688389000001,134.1309448,103.09796986,37.22855344000001,0.0,0.0,0.0,0.0,0.0,0.0,0.0,0.0,0.0,0.0,0.90885848,3.12385828,4.22927928,6.081039880000001,7.15187214,9.01012906,8.40099406,9.67987586,9.08498746,10.523171,8.710766000000001,11.1351044,9.33665108,14.94136688,13.96620208,17.68404648000001,14.36033048,19.4155478,13.7759008,17.721363,15.2001731,19.7504269,16.0957065,18.7769759,15.5922291,16.817279,13.6220346,13.7636464,11.2987914,10.913237,8.746962400000001,8.772564800000001,7.845512800000003,11.62602,10.53632724,12.16362404,10.8108423,13.0277389,9.3179205,11.37761726,9.971859599999998,11.30573234,10.98663214,11.75672914,11.13140834,11.744513,11.8864056,10.5564644,9.467805340000002,8.27828154,8.937659140000003,7.881982799999999,9.784345,9.07018932,8.897859799999997,6.72032436,7.251789800000001,4.36486276,6.805452000000002,5.91361012,6.565920440000001,6.20200814,5.41781158,2.50089588,2.50089588,1.3219594,0.0,0.0,0.0,0.0,0.0,0.0,0.0,0.0,0.0,0.0,0.0,0.0,0.0,0.0,0.0,0.0,0.0,0.0,0.0,0.0
110585>110522,719,719,SFDu,Stratford,NR Weaver // UP,719,SFDu,Stratford,Jubilee // NB,Alight-Interchange-Board,1695.186142,0.0,161.913881,809.1574384,349.6810488,297.6423981999999,76.79137560000001,0.0,0.0,0.0,0.0,0.0,0.0,0.0,0.0,0.0,0.0,4.1192794,8.557217999999999,10.4461002,14.6548858,19.4861538,20.9078542,19.3135648,21.9663498,20.2405738,22.2219012,19.2238016,23.7659184,24.10596120000001,29.370031,27.86242020000001,32.3433704,30.65985700000001,39.534429,37.2100092,42.4414114,39.9574908,47.3116242,39.2445576,41.28912200000001,34.9538574,40.636526,32.60954,33.7029026,33.4947156,37.2013494,31.5503774,32.7482646,29.9924052,27.9474962,24.1195918,24.8377506,23.5932494,29.31318000000001,27.80332,30.6492618,29.3969374,32.3935788,29.180637,31.8066222,31.918592,34.6683278,33.8736194,32.3250564,29.5302062,27.15538320000001,23.9893976,23.196263,23.058897,21.3181046,21.5013336,23.1096676,20.8421302,17.7423394,18.07669820000001,13.230529,11.9220576,10.1724006,8.424413000000001,6.2954436,6.2954436,2.37439,0.0,0.0,0.0,0.0,0.0,0.0,0.0,0.0,0.0,0.0,0.0,0.0,0.0,0.0,0.0,0.0,0.0,0.0,0.0,0.0
110585>110576,719,719,SFDu,Stratford,NR Weaver // UP,719,SFDu,Stratford,Elizabeth Line // EB,Alight-Interchange-Board,323.1331048900001,0.0,33.74027886,154.51954648,78.73318428000002,43.568181912,12.571913358,0.0,0.0,0.0,0.0,0.0,0.0,0.0,0.0,0.0,0.0,0.8034249400000001,1.0844343,2.0292153,2.6902819,3.863953820000001,3.616845440000001,4.94434988,4.510473200000001,5.488637000000001,4.708663079999999,5.415036020000001,4.31321672,4.6031962,3.9223013,4.508438900000002,3.84310886,4.64549562,5.01559294,5.286272120000001,5.92677872,6.50058492,6.927144060000002,6.987830460000001,7.454544380000002,7.57852398,7.65519892,8.21524012,8.212159999999999,8.041128520000001,7.403444199999999,8.670348800000001,7.27975868,8.342604080000001,7.77159796,8.87882938,6.992053180000001,7.209543500000001,6.176810300000001,7.196203500000001,6.531833260000001,7.149742660000001,6.978111660000001,6.839705400000001,5.5638912,4.979466800000001,4.23699344,4.28538012,3.87790518,3.820054300000001,3.44722638,3.907753000000001,3.48332496,4.28236276,3.91224588,3.83532552,3.40877794,3.3746378,1.933188072,2.968064832,2.452738852,2.366610132,1.885983558,1.815577086,0.511398086,0.511398086,0.06014272600000001,0.0,0.0,0.0,0.0,0.0,0.0,0.0,0.0,0.0,0.0,0.0,0.0,0.0,0.0,0.0,0.0,0.0,0.0,0.0,0.0
110585>110577,719,719,SFDu,Stratford,NR Weaver // UP,719,SFDu,Stratford,Elizabeth Line // WB,Alight-Interchange-Board,592.6241083500001,0.0,41.08978422200001,306.7435310280001,141.4155709,97.06338500000001,6.3118372,0.0,0.0,0.0,0.0,0.0,0.0,0.0,0.0,0.0,0.0,0.16036792,2.053057120000001,2.14053081,4.076805610000001,4.138276050000001,6.145632730000001,4.315773316,6.164617026,4.373081640000001,7.521642,7.559328000000002,9.799708814,9.719190014,13.580168,12.2420824,12.9530399,12.9418427,15.4922841,12.8203672,14.8676188,13.6951643,16.5180737,14.8888261,16.5008094,15.1519462,16.1623576,12.5656864,11.9570766,11.3962948,11.1021892,10.7699528,11.5049308,11.4994302,11.055163,10.5170508,10.50569,10.5911424,11.027435,11.9625166,13.1305228,12.8228268,12.4574177,11.3357712,11.4578522,12.5701882,13.0371572,12.3085923,12.9158798,11.37457772,8.67019958,8.592138180000001,8.57881958,7.777452680000001,7.018882820000001,7.08024536,5.25160196,4.07462752,3.4203675,2.72234204,1.34689964,0.79577181,0.81514932,0.18596064,0.18596064,0.18596064,0.07379247,0.0,0.0,0.0,0.0,0.0,0.0,0.0,0.0,0.0,0.0,0.0,0.0,0.0,0.0,0.0,0.0,0.0,0.0,0.0,0.0
110585>110582,719,719,SFDu,Stratford,NR Weaver // UP,719,SFDu,Stratford,NR Great Eastern // DN,Alight-Interchange-Board,142.8769600018499,0.0,16.74289977625,57.91882473960001,38.038539632,24.949013164,5.227682690000001,0.0,0.0,0.0,0.0,0.0,0.0,0.0,0.0,0.0,0.0,0.054131306,0.5735747660000001,0.5735939558500002,1.25598395585,1.26066110885,2.78624880285,2.30938354485,2.702918395,2.165099247,3.061304694,1.48250962792,2.29737428592,1.96456860592,3.02203715392,2.12438666832,2.9228360344,2.2205699744,3.6047412944,2.4536709704,3.097415896,2.580817656,2.796662976,1.385356886,2.03751741,1.80099617,2.44632811,2.182569484000001,3.038040894,2.35457273,2.39509139,1.58099919,2.379703216,2.208506676,3.54155144,3.4968215,4.50543082,3.87177796,4.7025337,3.626426440000001,3.65889666,2.63314976,2.805626660000001,1.48937568,2.32589024,1.948754716,2.973855496,3.092263696,3.834397076,2.7696484,3.506880484,2.515042804000001,2.541184304,1.5784192912,1.5626547632,0.7689701132,1.2331604932,0.7212836531999999,0.825108086,0.94364365,0.938517,0.41109514,0.7834174800000001,0.6678314600000002,0.5166956,0.5166956,0.4497867600000001,0.0,0.0,0.0,0.0,0.0,0.0,0.0,0.0,0.0,0.0,0.0,0.0,0.0,0.0,0.0,0.0,0.0,0.0,0.0,0.0
110585>110583,719,719,SFDu,Stratford,NR Weaver // UP,719,SFDu,Stratford,NR Great Eastern // UP,Alight-Interchange-Board,1.590609484,0.0,0.5976176999999998,0.930276128,0.062715656,0.0,0.0,0.0,0.0,0.0,0.0,0.0,0.0,0.0,0.0,0.0,0.0,0.0,0.0,0.11952354,0.11952354,0.11952354,0.11952354,0.11952354,0.0,0.0,0.0,0.0,0.0,0.0,0.0,0.0,0.0,0.0,0.0,0.0159384728,0.0159384728,0.0159384728,0.0159384728,0.0492567668,0.033318294,0.033318294,0.033318294,0.033318294,0.0,0.08662593400000003,0.08662593400000003,0.14934159,0.14934159,0.14934159,0.062715656,0.062715656,0.0,0.0,0.0,0.0,0.0,0.0,0.0,0.0,0.0,0.0,0.0,0.0,0.0,0.0,0.0,0.0,0.0,0.0,0.0,0.0,0.0,0.0,0.0,0.0,0.0,0.0,0.0,0.0,0.0,0.0,0.0,0.0,0.0,0.0,0.0,0.0,0.0,0.0,0.0,0.0,0.0,0.0,0.0,0.0,0.0,0.0,0.0,0.0,0.0,0.0,0.0
110585>110589,719,719,SFDu,Stratford,NR Weaver // UP,719,SFDu,Stratford,LO Mildmay // WB,Alight-Interchange-Board,129.0862120915,0.0,11.2069227375,62.831496073,31.61406323000001,19.482837987,3.950892064,0.0,0.0,0.0,0.0,0.0,0.0,0.0,0.0,0.0,0.0,0.0,0.0,0.0001853067,0.0237945147,0.0343710595,1.5021016595,1.9346923795,2.2253911328,2.4528654848,3.0335212,2.5314686,2.67579296,2.469021192,2.742076232,2.515333012,1.835796392,1.2665000746,2.1532227026,2.3495087626,2.6174905626,2.524564062600001,3.361732040000001,2.9654558,2.71250708,2.265090888,2.602957928,2.326939208,1.934247468,1.673102648,3.06807568,3.466866760000001,3.42088732,3.35405521,3.998803490000001,2.62663833,2.01364993,1.77548561,2.16232408,1.95531182,2.423335740000001,3.046183340000001,3.582331820000001,3.647009580000001,3.28834892,2.94613208,2.14731198,2.14547998,1.75224332,1.67656542,1.6559443,1.6462876,1.019513772,0.8512978481999999,0.7219483781999999,1.8287134982,1.9782841982,1.9340836942,2.272475978,2.222409668,0.8025960679999999,0.5217699680000001,0.37380356,0.0303128,0.0,0.0,0.0,0.0,0.0,0.0,0.0,0.0,0.0,0.0,0.0,0.0,0.0,0.0,0.0,0.0,0.0,0.0,0.0,0.0,0.0,0.0,0.0
110585>110590,719,719,SFDu,Stratford,NR Weaver // UP,719,SFDu,Stratford,DLR (Stratford route) // OB,Alight-Interchange-Board,293.5840697000002,0.0,28.97463984,167.45950684,68.80876218,21.629187154,6.711973685999999,0.0,0.0,0.0,0.0,0.0,0.0,0.0,0.0,0.0,0.0,0.29604094,0.7812922199999999,1.05119342,1.67004818,2.13533916,3.79237082,3.89736834,4.356031880000002,4.99714578,5.9978091,4.65713704,5.59203634,5.458867540000001,6.631734880000002,7.466647180000002,7.584986840000001,7.51124522,7.89431798,6.12046688,5.003871080000001,5.91714968,7.070883,7.12165338,8.97058208,9.00909908,9.11882828,8.35179928,8.339487,6.59378672,6.629233999999999,6.782317999999999,6.542170400000002,6.22708824,6.86411672,6.68905816,5.327331160000001,4.553075359999998,5.01543752,4.87690204,5.80427572,6.88135612,6.840450820000001,7.307739420000001,6.41693746,4.981927260000001,4.11427114,3.84744738,2.73765358,2.411029556,2.318114356,1.808765036,1.589381896,1.08613557,1.479037874,1.036729348,1.246801848,0.9932036320000001,1.074887078,0.79218225,0.7518659759999999,0.9558056559999999,1.146460052,1.046321332,0.89284352,0.89284352,0.23365138,0.0,0.0,0.0,0.0,0.0,0.0,0.0,0.0,0.0,0.0,0.0,0.0,0.0,0.0,0.0,0.0,0.0,0.0,0.0,0.0
110585>110592,719,719,SFDu,Stratford,NR Weaver // UP,719,SFDu,Stratford,DLR (Stratford Int'l route) // OB,Alight-Interchange-Board,215.778053954,0.0,34.56124446,63.28559757000001,33.532625504,67.7673488,16.63123762,0.0,0.0,0.0,0.0,0.0,0.0,0.0,0.0,0.0,0.0,0.9970458,2.46227408,2.644861512,3.378785232,4.128795672000002,4.260902872000002,3.856926392,4.18535604,4.41001624,4.23628062,3.35824754,2.88001238,2.486290494,2.394005774,2.062122914,2.102461654,2.909511914,3.1309271,2.46501292,2.8973289,3.26049598,2.38607974,2.44558308,2.60823752,2.24103586,2.54567592,3.0216912,2.89845158,3.1209064,3.25091524,2.65204942,1.98024654,2.13194672,2.05636078,2.06536994,1.9853367,1.9664844,2.93009886,2.85857212,3.29816772,3.0370497368,3.402423816800001,2.3807674768,3.3787469968,2.8717128768,3.35789486,3.81326876,5.19074116,4.395025780000001,4.7299791,4.662434400000001,4.689042860000002,5.99810506,5.80244318,6.0932347,8.00006406,8.56482686,5.82818288,5.544051988000001,4.537221388,2.521374548,1.222821848,0.9042988279999999,0.74344586,0.74344586,0.4145773,0.0,0.0,0.0,0.0,0.0,0.0,0.0,0.0,0.0,0.0,0.0,0.0,0.0,0.0,0.0,0.0,0.0,0.0,0.0,0.0
110585>110593,719,719,SFDu,Stratford,NR Weaver // UP,719,SFDu,Stratford,DLR (Stratford Int'l route) // IB,Alight-Interchange-Board,14.512873987531,0.0,0.5536226629446,6.906991748921,1.66720803327,2.7989236848966,2.586127857498801,0.0,0.0,0.0,0.0,0.0,0.0,0.0,0.0,0.0,0.0,0.0,0.0003174777000000001,0.0003177526266000001,0.0009928867066,0.00099323658468,0.00286263338468,0.00254560800432,0.10380934507772,0.10313480636904,0.3386489164909601,0.42196064369096,0.51220777137132,0.4109448607372,0.48518723936588,0.24967433936648,0.16490279924648,0.07465750571688,0.337617384351,0.2633779048806,0.3666819948800001,0.3662780384020001,0.3663404675916001,0.1081746633916,0.295919888862,0.192632537715,0.256719990313,0.331668692653,0.3268949357730001,0.139249353453,0.2621278446,0.1984247465200001,0.18111600852,0.2767686456,0.31746349192,0.2354337899200001,0.235062759562,0.177658598362,0.082009408278,0.041539242798,0.1775752347980001,0.177933166176,0.177691081028,0.177744769662,0.177521004202,0.003603391602,0.003435586882,0.003389705214,0.031490932664,0.0313935615146,0.1466778341146,0.1464726915328,0.1532255815488,0.2267134655488,0.2301708246382,0.3996664646382,0.514858689,0.5080944007013,0.4067695337812999,0.8165437727813001,0.5287783927813001,0.4135828444502801,0.4136618990949801,0.4133191000149801,8.082001497999999e-05,8.082001497999999e-05,8.020834599999999e-05,0.0,0.0,0.0,0.0,0.0,0.0,0.0,0.0,0.0,0.0,0.0,0.0,0.0,0.0,0.0,0.0,0.0,0.0,0.0,0.0
110588>110501,719,719,SFDu,Stratford,LO Mildmay // EB,719,SFDu,Stratford,EntEx,Alight-Exit,4288.877125099999,0.0,76.1644742,2558.9028368,1030.7428042,463.308854,159.7581559,0.0,0.0,0.0,0.0,0.0,0.0,0.0,0.0,0.0,0.0,0.0,0.0,0.0,0.0,0.0,0.0,8.655784599999999,12.5564796,19.192289,35.75992100000001,48.41858700000001,55.65676440000001,66.9096874,78.129828,81.59760400000002,94.223062,102.369234,114.566794,121.832192,127.97592,127.511614,130.45861,126.0023188,113.1449228,111.4012768,122.7268188,119.7749128,109.08183,129.189876,127.46283,102.168667,103.401105,128.239129,116.659253,113.075635,120.090248,103.371801,83.828703,89.197289,79.4096036,76.94721159999999,88.39222579999999,82.90160920000001,67.75154640000001,62.3394332,63.4374984,52.5276618,49.0975296,44.754271,50.72084960000001,41.82214879999999,40.1588508,35.46156679999999,35.43222720000001,30.1820466,29.3411942,26.523592,27.2869156,25.1451042,22.85000010000001,22.7473887,21.8582549,21.1318939,17.34662642,15.00030512,8.34098652,4.62662792,0.7109681200000001,0.0,0.0,0.0,0.0,0.0,0.0,0.0,0.0,0.0,0.0,0.0,0.0,0.0,0.0,0.0,0.0,0.0,0.0
110588>110514,719,719,SFDu,Stratford,LO Mildmay // EB,719,SFDu,Stratford,Central // EB,Alight-Interchange-Board,1366.709781700001,0.0,16.77404052,468.3620052800001,450.6401782,324.4817818,106.4517759,0.0,0.0,0.0,0.0,0.0,0.0,0.0,0.0,0.0,0.0,0.0,0.0,0.0,0.0,0.0,0.0,1.807537200000001,2.57167484,4.658375640000001,7.736452840000001,11.05479324,11.83148424,13.8911068,14.8923334,14.73194,14.4469274,14.927625,15.8759542,16.6453816,17.3624806,18.1855572,19.5973492,19.6668578,18.615593,19.322564,20.522473,20.759767,19.6347318,24.3250458,25.4791992,23.5301392,25.1333012,33.7776812,34.1517192,36.1647864,40.11848340000001,37.62493360000001,34.69975479999999,39.0668402,36.0995818,36.3417824,43.510468,41.30918920000001,34.9760716,33.1421986,37.58608820000001,33.1833786,33.7786854,34.4583768,37.07822539999999,30.1801186,27.4290026,24.5721412,22.342127,20.38245340000001,20.2136394,20.366602,20.4970314,20.647696,19.4740189,16.1131245,14.5483423,12.5543433,8.562396099999999,6.368055200000001,5.048829799999999,2.6221654,0.5128043999999999,0.0,0.0,0.0,0.0,0.0,0.0,0.0,0.0,0.0,0.0,0.0,0.0,0.0,0.0,0.0,0.0,0.0,0.0
110588>110515,719,719,SFDu,Stratford,LO Mildmay // EB,719,SFDu,Stratford,Central // WB,Alight-Interchange-Board,664.9000491999998,0.0,14.0008176,316.9710899,184.55932648,115.91274078,33.45607444,0.0,0.0,0.0,0.0,0.0,0.0,0.0,0.0,0.0,0.0,0.0,0.0,0.0,0.0,0.0,0.0,0.99910306,1.98363018,4.07946458,6.93861978,9.83584218,10.89292832,11.3477109,11.9503127,11.1973641,10.3709305,9.787150640000002,10.54673974,10.79856494,11.58481634,12.37852244,13.1027509,14.2834101,12.17887806,13.15096466,14.37569276,14.41400176,12.51538802,17.20845146,16.80601506,14.13029606,16.36935066,19.7752362,17.96977140000001,17.3431128,18.0376522,14.9366624,12.8691436,14.6822062,12.71866928,13.36889668,17.55621028,18.32999168000001,14.57899828,14.47740224,15.66038084,11.55817876,11.20077316,10.9811391,12.71747906,12.89758626,12.53808622,10.50812232,10.00318734,8.19852474,5.601111659999999,5.16345338,4.54509878,5.39590862,5.088837379999998,4.59858886,5.662133460000002,5.07476516,3.15312716,2.7582044,1.7245094,0.0,0.0,0.0,0.0,0.0,0.0,0.0,0.0,0.0,0.0,0.0,0.0,0.0,0.0,0.0,0.0,0.0,0.0,0.0,0.0
110588>110522,719,719,SFDu,Stratford,LO Mildmay // EB,719,SFDu,Stratford,Jubilee // NB,Alight-Interchange-Board,2496.987003000001,0.0,46.9684174,1097.5278258,627.7973978,583.2045383999999,141.4888236,0.0,0.0,0.0,0.0,0.0,0.0,0.0,0.0,0.0,0.0,0.0,0.0,0.0,0.0,0.0,0.0,5.571543599999999,7.925586200000001,12.0084898,21.4627978,28.7040298,29.5856862,35.33092960000001,38.40106,37.157774,37.278955,41.5357716,42.1001416,46.9225448,47.4057828,52.2214338,51.3640966,55.071661,46.7235824,47.4718324,50.3453324,52.86914,43.94594480000001,54.6558582,55.0749372,44.6599206,43.6729928,60.07356360000001,54.9548546,57.84904020000001,61.2367868,55.41253960000001,43.5603844,51.9569704,42.03065599999999,42.601524,51.75235120000001,56.9742256,50.40536420000001,53.55767320000001,60.4598822,60.01589499999999,55.1722434,57.5141348,61.26568960000001,55.37922560000001,51.3421456,48.03984940000001,42.96246439999999,41.6934074,38.31381860000001,34.452514,37.0531506,34.0522862,29.2357526,25.662911,21.8227244,14.1497204,8.839790800000001,5.1920574,2.5335808,0.0,0.0,0.0,0.0,0.0,0.0,0.0,0.0,0.0,0.0,0.0,0.0,0.0,0.0,0.0,0.0,0.0,0.0,0.0,0.0
110588>110576,719,719,SFDu,Stratford,LO Mildmay // EB,719,SFDu,Stratford,Elizabeth Line // EB,Alight-Interchange-Board,1274.12652449,0.0,11.42379364,452.4671968500001,388.6644298000001,310.1811842,111.38992,0.0,0.0,0.0,0.0,0.0,0.0,0.0,0.0,0.0,0.0,0.0,0.0,0.0,0.0,0.0,0.0,1.40223256,1.40223256,3.55015676,5.06917176,8.681650359999999,9.986237,13.1561932,13.827905,14.8449246,14.2175356,14.153892,13.9236164,13.9232172,14.9605052,15.976233,18.7816994,20.0729042,19.7197178,20.8841664,23.3460856,23.5002296,19.296167938,26.356391538,26.811168738,23.066547138,21.981467138,31.9537722,29.0449696,29.9898384,32.7602796,32.45199700000001,27.7071872,32.0589118,29.46997660000001,33.23824440000001,37.0249536,38.87418260000001,32.5614626,31.9810672,30.5463288,29.2294122,27.2681234,29.9882542,33.1629968,31.39474920000001,29.50896920000001,28.1850674,25.0248238,21.398455,19.397825,18.1544604,17.4680476,17.8737432,15.35728280000001,14.4842072,14.2552758,15.5178102,10.8957514,10.8957514,7.715619,4.394479,0.0,0.0,0.0,0.0,0.0,0.0,0.0,0.0,0.0,0.0,0.0,0.0,0.0,0.0,0.0,0.0,0.0,0.0,0.0
110588>110577,719,719,SFDu,Stratford,LO Mildmay // EB,719,SFDu,Stratford,Elizabeth Line // WB,Alight-Interchange-Board,467.6770987714901,0.0,13.82285804,277.3822679,109.00842064,63.77534875200001,3.688203439489999,0.0,0.0,0.0,0.0,0.0,0.0,0.0,0.0,0.0,0.0,0.0,0.0,0.0,0.0,0.0,0.0,1.9825756,3.1763288,3.54466052,5.11929312,8.02503812,7.900959120000001,9.20363632,12.3258388,12.8954908,13.5436886,14.3842628,14.4207822,14.9196702,16.9994674,16.0830352,16.40633840000001,17.9297298,14.10844152,10.49295104,10.33080084,10.23462284,6.56843896,8.82046704,9.60455942,8.538267020000001,6.3717705,8.69547738,8.57853358,9.95064568,11.02387988,10.53164284,8.473726560000001,9.209171160000002,6.63927226,4.772571020000001,7.794764580000002,9.91053566,9.500493960000002,9.800222,11.40149504,9.54231644,7.83568494,6.05226572,6.677133180000001,5.984245980000002,5.672133380000001,4.93769012,4.874952599999999,3.812118354,3.553005434,2.529410142,2.304392462,1.521928102,1.465352435194,0.200538205298,0.105768697298,0.07215606329799999,0.078996552298,0.078914065104,0.078854415,0.078854415,0.006840489,0.0,0.0,0.0,0.0,0.0,0.0,0.0,0.0,0.0,0.0,0.0,0.0,0.0,0.0,0.0,0.0,0.0,0.0
110588>110582,719,719,SFDu,Stratford,LO Mildmay // EB,719,SFDu,Stratford,NR Great Eastern // DN,Alight-Interchange-Board,332.6481104799998,0.0,7.7033889,122.55801713,96.63510753000003,80.23941732,25.5121796,0.0,0.0,0.0,0.0,0.0,0.0,0.0,0.0,0.0,0.0,0.0,0.0,0.0,0.0,0.0,0.0,0.3138745999999999,1.7837176,2.01932558,3.586471120000001,3.793642300000001,4.46302776,3.31688196,4.399448780000001,3.394668,4.37345388,3.898301720000001,4.22898608,3.38468256,3.71254388,3.17852336,4.00708272,4.0274329,5.58934962,4.833363726,6.215382386,5.510805646000001,7.384021705999999,6.384728066,8.10866388,6.544914080000002,8.00579296,6.440939360000002,7.361379800000001,6.2023669,7.0002435,5.12609278,7.12390478,6.73676678,7.65050888,6.54977499,10.72666051,9.45841111,9.56390451,8.23447835,12.26199444,9.05631884,8.99698254,8.69538762,9.91016558,7.074650180000003,7.896656780000002,6.753696720000002,6.206388940000001,4.95599946,4.58639586,2.83644776,3.270327040000001,2.953230540000001,3.77792462,2.937930520000001,3.64164642,2.75886698,3.2350293,2.1624677,2.0127166,1.0469136,0.98545332,0.0,0.0,0.0,0.0,0.0,0.0,0.0,0.0,0.0,0.0,0.0,0.0,0.0,0.0,0.0,0.0,0.0,0.0
110588>110583,719,719,SFDu,Stratford,LO Mildmay // EB,719,SFDu,Stratford,NR Great Eastern // UP,Alight-Interchange-Board,26.40812379964101,0.0,0.4807522328,12.0416620632,12.036086352,1.635408842328,0.214214309313,0.0,0.0,0.0,0.0,0.0,0.0,0.0,0.0,0.0,0.0,0.0,0.0,0.0,0.0,0.0,0.0,0.0124462112,0.0124462112,0.1005952052,0.3552646052,0.3552646052,0.353672652,0.353672652,0.5167916779999999,0.262122278,0.5581313380000001,0.5472770800000001,0.7083843340000001,0.4571163140000001,0.8529012340000001,0.556892174,0.730403762,0.569296508,0.709875288,0.380868324,0.5348578780000001,0.4107114760000001,0.4107114760000001,0.2984808620000001,0.294801006,0.140811452,0.553732266,0.553732266,0.93115316,0.8680550600000001,0.977213708,0.514927708,1.965589548,1.634074154,1.769860414,1.660701766,1.733676086,0.283014246,0.263208654,0.127422394,0.238342614,0.165368294,0.1716388948,0.1171908208,0.1494096288,0.0384894088,0.1535644888,0.147293888,0.1472988912552,0.1150853404282,0.2200633304282001,0.1049882504282,0.1050176057882,0.105045464173,0.105040207,6.2217e-05,0.0008564855000000001,0.0008271301400000001,0.0007942685000000001,0.0007942685000000001,0.0007942685000000001,0.0,0.0,0.0,0.0,0.0,0.0,0.0,0.0,0.0,0.0,0.0,0.0,0.0,0.0,0.0,0.0,0.0,0.0,0.0,0.0
110588>110584,719,719,SFDu,Stratford,LO Mildmay // EB,719,SFDu,Stratford,NR Weaver // DN,Alight-Interchange-Board,250.05255079024,0.0,5.82333622,110.53286795,60.06799864,66.231267736,7.397080244239999,0.0,0.0,0.0,0.0,0.0,0.0,0.0,0.0,0.0,0.0,0.0,0.0,0.0,0.0,0.0,0.0,1.0416518,1.0416518,1.73122538,2.00880724,2.408093,1.388161866,2.397635266,1.918229926,3.078651406,3.170015206,4.60895062,4.70190542,6.59970018,8.41235884,8.55944298,7.53473566,8.39634266,6.8685253,3.86964136,4.41257478,4.770433720000002,3.23616876,3.778072460000001,4.1863774,4.02042208,3.65898824,4.760816999999999,3.79662382,5.07556322,4.741877499999998,4.82087558,3.57513066,5.3706749,4.12715064,4.227013680000002,4.39616366,6.65142418,5.64849346,5.434843040000001,5.99878812,6.739944800000001,7.341478600000001,8.154665920000001,9.235122700000002,9.117467699999999,8.2037527,5.47333464,3.801414004000001,3.108974504,1.916408836,1.647351236,1.491352096,1.757180012,0.8873150120000001,0.8527355760479999,1.199500276048,0.943269076048,0.585704796048,0.585704796048,0.5856707,0.0,0.0,0.0,0.0,0.0,0.0,0.0,0.0,0.0,0.0,0.0,0.0,0.0,0.0,0.0,0.0,0.0,0.0,0.0,0.0
110588>110590,719,719,SFDu,Stratford,LO Mildmay // EB,719,SFDu,Stratford,DLR (Stratford route) // OB,Alight-Interchange-Board,614.1306681697242,0.0,8.9306308,294.7724058399999,216.4918401,68.47801482000001,25.4577766097241,0.0,0.0,0.0,0.0,0.0,0.0,0.0,0.0,0.0,0.0,0.0,0.0,0.0,0.0,0.0,0.0,1.0221571,1.57335906,2.28231482,4.05279982,5.84469442,8.11005212,10.44145736,12.682459,13.5003496,15.066274,15.517314,15.8339638,16.0054677,15.1099177,13.4820131,13.4075331,12.1872305,10.1217752,9.9075244,10.809291,9.348904199999998,8.56785104,10.65380544,11.29941444,10.0642221,11.8256033,17.68374206,17.30154626,17.81217706,22.0124664,19.9181618,18.2723558,23.5198842,22.03440546,19.14488086,21.45539906,18.41562666,11.84807060000001,11.2471226,10.8112896,7.526023800000001,6.767015400000001,6.762276200000001,8.02117194,6.882871020000001,6.82766742,5.728053760000001,4.880099600000001,3.322397800000001,3.44038278,3.65393598,4.66611912,4.72898854,4.8633913,4.079229000000002,3.63611208,2.68935876,2.03944607394482,1.65546151394482,1.18851935394482,0.57726967394482,3.1394482e-07,0.0,0.0,0.0,0.0,0.0,0.0,0.0,0.0,0.0,0.0,0.0,0.0,0.0,0.0,0.0,0.0,0.0,0.0
110588>110592,719,719,SFDu,Stratford,LO Mildmay // EB,719,SFDu,Stratford,DLR (Stratford Int'l route) // OB,Alight-Interchange-Board,870.4367246158412,0.0,11.26343234,319.8146303599999,218.16356432,150.4782198,170.7168777958415,0.0,0.0,0.0,0.0,0.0,0.0,0.0,0.0,0.0,0.0,0.0,0.0,0.0,0.0,0.0,0.0,0.7560181200000001,0.8286747400000001,2.95625534,6.722484140000001,7.258383680000001,12.78068476,13.10254694,14.08649134,10.60825582,13.75086648,7.992076140000001,12.35548814,10.15419314,14.73739166,11.6074776,16.49782574,12.26740062,14.75596782,12.54037982,16.52227968,13.01131778,12.4838121,12.1021217,15.7411719,11.9131445,14.9915498,17.7734278,20.7803754,15.4801764,19.4088558,15.1700466,16.39726559999999,14.6055736,18.44468,17.1107686,22.4173684,19.64828634,21.77410234,17.59489862,20.11154202,14.99434374,18.3260332,13.34348452,17.91637704,12.8279343,16.07775218,12.00671188,13.11075556,8.51509144,8.76629088,5.31635158,9.27709348,9.39903688,8.868549027999999,9.540259228,10.390550728,29.620602728,27.0189872831683,26.9178890551683,25.2695421551683,23.6914593551683,1.3551683e-06,0.0,0.0,0.0,0.0,0.0,0.0,0.0,0.0,0.0,0.0,0.0,0.0,0.0,0.0,0.0,0.0,0.0,0.0
110588>110593,719,719,SFDu,Stratford,LO Mildmay // EB,719,SFDu,Stratford,DLR (Stratford Int'l route) // IB,Alight-Interchange-Board,40.88758966884038,0.0,0.43521169692,14.13842589438,12.661272144,10.437668347,3.215011586540379,0.0,0.0,0.0,0.0,0.0,0.0,0.0,0.0,0.0,0.0,0.0,0.0,0.0,0.0,0.0,0.0,0.099315148,0.099315148,0.09972150946,0.13685989146,0.17363945946,0.09910880646,0.13745984446,0.1787610970000001,0.1483920876,0.2903231996,0.2714671686,0.4261256626,0.4618674486,0.568580976,0.423424736,0.6775356320000001,0.7074054000000001,0.9576503200000002,0.91836484,1.079969048,0.98688262,0.7640033200000002,0.7510563800000001,0.8765977400000001,0.70977502,0.803512088,0.91448268,0.8120403200000001,0.7212775100000001,0.950958462,0.8467098880000001,0.899691026,0.9918046859999999,1.450192456,1.28693631,1.423100904,1.291721696,1.237440396,0.707633682,0.8538051279999999,0.6202441959999999,0.7685329799999999,0.6852861000000001,0.6887926440000002,0.461633345,1.117833597,1.032244957,1.155143557,1.175418179,1.266295638,0.6774058500000001,0.7888373040000001,0.5389714720000001,0.4776332800000001,0.6263688000000001,0.5470723880000001,0.3476978988,0.307774647708076,0.307774647708076,0.05438878770807602,0.007329647708076,1.6908076e-08,0.0,0.0,0.0,0.0,0.0,0.0,0.0,0.0,0.0,0.0,0.0,0.0,0.0,0.0,0.0,0.0,0.0,0.0
110591>110501,719,719,SFDu,Stratford,DLR (Stratford route) // IB,719,SFDu,Stratford,EntEx,Alight-Exit,2923.847858938567,6.75926108,183.22045464,2041.2380692,516.3441356000001,139.02450588,37.26143253856659,0.0,0.0,0.0,0.034309784,0.243925544,0.8368517440000001,2.089091544,3.555082464,6.261742480000001,8.12487772,9.34207632,9.89713072,11.2480066,11.3444986,13.4452468,15.1258664,18.9169682,21.8539882,26.9614094,30.69864320000001,36.50012479999999,41.1447808,45.7660848,50.5816044,58.8704174,67.22975840000001,77.5251104,85.73530360000002,91.394475,94.04750899999999,93.60274280000002,88.2156618,85.84127480000002,84.8651048,83.4178368,83.17629600000002,91.311205,110.22984,122.460352,126.011254,126.89013,119.606102,96.99925800000004,79.81584260000002,70.52978920000002,62.71618980000001,56.67715380000001,52.85250040000001,48.4991138,43.5716572,39.378066,34.8674294,32.6039772,29.0427572,24.63401360000001,20.971488,19.0941618,17.02371500000001,15.6007598,15.6115554,15.0839538,13.0084955,10.1427163,8.0955595,6.88712562,6.39695414,6.28439978,5.79510924,5.673861980000001,5.394038760000001,5.07283678,4.38688864,4.228208299999999,3.79736436,3.28168146,2.44623672,1.74499240371332,0.8945068837133201,0.34081608371332,8.371332000000001e-08,8.371332000000001e-08,0.0,0.0,0.0,0.0,0.0,0.0,0.0,0.0,0.0,0.0,0.0,0.0,0.0,0.0,0.0
110591>110514,719,719,SFDu,Stratford,DLR (Stratford route) // IB,719,SFDu,Stratford,Central // EB,Alight-Interchange-Board,736.5264029514998,3.398731119500001,58.86316283200001,306.1190432,223.2816356,99.46681441999999,45.39701578000001,0.0009096439,0.0029243671,0.007871410300000001,0.0224323223,0.2354276623,0.5771093984000001,1.1785911752,1.37346514,2.191839948,2.759167728,3.024850668,3.768037168,4.26789444,5.12886352,5.169282340000001,6.04341388,6.38541088,6.549355,6.194321599999999,7.380725660000001,7.195499400000001,6.663072400000003,7.609058400000001,7.429257600000001,7.7225678,8.540945800000001,9.3781492,8.96247648,10.62722388,10.56390068,10.55256568,11.36849088,11.9699972,12.8056674,13.5765054,15.0303908,16.4408388,18.3703442,18.503679,19.1386862,19.6072806,18.8955404,17.8452056,17.3216994,17.6582092,16.4111626,16.3303242,16.9130866,17.1486672,16.67628400000001,18.710683,20.1995922,21.5378472,22.4102402,21.010101,18.2754382,15.2876366,12.9298154,10.1367512,9.4564754,8.46415768,8.09989608,6.61726754,6.041603540000001,5.598245540000002,5.49761154,5.47666874,5.860685160000001,5.735371100000001,5.9674192,6.341013580000001,5.76003138,5.79794136,5.607662680000002,4.39228278,3.03224812,2.07007612,0.69296946,0.0,0.0,0.0,0.0,0.0,0.0,0.0,0.0,0.0,0.0,0.0,0.0,0.0,0.0,0.0,0.0,0.0,0.0
110591>110515,719,719,SFDu,Stratford,DLR (Stratford route) // IB,719,SFDu,Stratford,Central // WB,Alight-Interchange-Board,1829.7409285394,4.1408321514,135.476781288,832.4296372000002,230.1424207,566.4687693000001,61.0824879,0.001773124,0.00293101388,0.01255640388,0.06107403988,0.16246238788,0.3831277038800001,1.490185154,2.026722324,2.521836048,4.4921989,5.354082460000001,6.46141072,7.862614559999999,10.9706598,12.6318726,14.4008756,16.059613,17.6339244,18.7275886,18.3601046,20.2275048,20.129065,21.21477620000001,20.9076126,20.5589612,20.201721,19.1332776,19.2122182,18.3873146,20.349153,19.93181360000001,21.7750674,22.3573512,23.6584356,22.9995134,22.1096666,34.56309300000001,50.9370296,80.5627136,84.77589880000001,88.06862680000002,74.47832439999998,57.625105,28.265394,23.8942884,21.7513762,22.9210772,21.5894546,20.0906616,19.579948,18.4098861,17.6784183,17.3178419,16.5678401,15.5725297,14.7690986,30.0525978,56.8477762,87.913622,93.4703096,96.58200000000002,80.2823874,52.29082700000001,20.9400554,14.6772994,11.3656388,10.9428404,11.1034153,9.231988520000002,9.51465672,11.06293732,9.97789732,7.916572820000002,7.141389200000001,4.908989,1.328057,0.0,0.0,0.0,0.0,0.0,0.0,0.0,0.0,0.0,0.0,0.0,0.0,0.0,0.0,0.0,0.0,0.0,0.0,0.0,0.0
110591>110522,719,719,SFDu,Stratford,DLR (Stratford route) // IB,719,SFDu,Stratford,Jubilee // NB,Alight-Interchange-Board,1484.7334840872,11.5875648272,96.43677186000001,772.1992849999999,237.0042982,318.8187818200001,48.68678238,1.41711854,1.41732018796,1.42074253496,1.42097837744,1.60117755744,0.9799759574400002,1.45739290948,1.87285876248,2.97441058,3.92553036,3.65553482,4.99557482,5.817750220000002,7.18189846,7.57846722,9.50973902,10.44175482,12.02508922,12.90392672,15.4270956,17.70767840000001,18.6560978,20.1057862,21.1892948,21.8628614,20.6352934,21.7203646,21.30914180000001,21.705949,21.7371944,23.75123,23.421067,24.0310198,23.0276366,22.5995336,22.1121038,27.6517118,48.59193860000001,66.7729386,72.392961,72.46995179999999,66.40412820000002,45.16911740000001,27.174285,21.53155760000001,20.6103968,21.0988044,21.2109744,21.06670320000001,20.064681,19.6645924,18.8751266,18.24291100000001,18.1349692,18.4458704,18.0577112,23.2854964,33.4394896,42.2733744,45.6825968,45.39594829999999,39.2377231,27.8509445,17.5319989,12.4436675,11.2856436,10.6860618,9.705836920000003,8.559643920000001,7.40851082,8.22729042,6.83468838,6.153095860000001,5.02868906,4.244991560000001,1.46648836,0.7633840000000001,0.0,0.0,0.0,0.0,0.0,0.0,0.0,0.0,0.0,0.0,0.0,0.0,0.0,0.0,0.0,0.0,0.0,0.0,0.0
110591>110576,719,719,SFDu,Stratford,DLR (Stratford route) // IB,719,SFDu,Stratford,Elizabeth Line // EB,Alight-Interchange-Board,530.7319682620004,5.228664000000001,50.97125195999999,232.92576824,157.6541375,62.5484469,21.403699662,0.0,0.0,0.0,0.0,0.4044275800000001,1.36567778,1.729279320000001,1.729279320000001,3.20369138,4.20649428,3.24524408,3.376664140000001,4.877781740000001,4.39937818,4.0963775,4.92275242,5.25240076,4.49121896,4.31840386,4.58084466,5.87005594,6.232868400000001,6.967189600000001,7.729247340000001,8.407053340000001,7.991970740000001,8.31999642,8.382585300000002,8.119602360000002,7.92641616,8.453431960000001,9.028228680000002,9.7878988,10.5176636,10.6365704,10.648149,11.3225696,11.742367,12.2622142,12.9736796,13.1291338,12.4764736,11.8205002,12.1799022,12.3753002,11.952697,12.4569452,12.8092843,13.1280497,13.1571789,14.2053387,14.9093191,15.4218842,14.027869,12.4144678,10.7958034,8.69817548,6.849388279999999,6.147220880000001,5.854831880000001,5.36424278,4.944272300000002,4.778904499999999,4.544670020000001,4.252402500000001,3.94073272,3.84964248,3.32396308,2.40433256,2.40150352,3.1577124,2.44610724,2.55740178,3.15421732,2.44891428,1.09351988,1.1034509324,0.6067465924000001,0.0099310524,0.0099310524,0.0099310524,0.0,0.0,0.0,0.0,0.0,0.0,0.0,0.0,0.0,0.0,0.0,0.0,0.0,0.0,0.0
110591>110577,719,719,SFDu,Stratford,DLR (Stratford route) // IB,719,SFDu,Stratford,Elizabeth Line // WB,Alight-Interchange-Board,1547.827576049118,0.32087328232,100.25838745248,744.5521848,327.7791082000001,362.8339741400001,12.08304817431745,0.0,0.0,0.00027303098,0.00052501968,0.0009111225599999999,0.00176250616,0.00939758696,0.30800401598,1.38090002728,3.5199545244,4.3048287408,5.55528216,7.999624100000001,9.4904199,8.910932420000002,11.09663482,11.36258372,11.23058072,11.61702372,13.7896226,14.5483028,16.2757094,17.6622026,18.7323998,19.2846032,19.2147436,20.7038876,21.0574588,21.8363178,22.3293108,23.6960814,23.6724788,24.35028,23.6081758,22.9734754,22.7066842,26.3864814,48.99478540000001,60.53153260000001,67.22982660000001,67.66767060000001,64.0947146,42.8344034,34.16065820000001,28.5093954,27.8939506,29.89222,29.7899326,28.059703,27.8043634,29.2491708,27.1064266,26.422472,25.9784622,25.3605488,21.7124628,27.9652078,46.676969,54.4943876,57.80608460000001,58.36934060000001,48.99194646000001,26.30565586,15.08029026,8.761516860000002,6.695322660000001,6.459080200000002,5.22817224,3.890017840000001,2.86384246,2.33626284,1.01801823952,0.7044729995200002,0.7044730310234902,0.4210296959834901,0.07229624286349,0.07208064334349001,0.00022844334349,0.00022841184,9.732688000000003e-05,0.0,0.0,0.0,0.0,0.0,0.0,0.0,0.0,0.0,0.0,0.0,0.0,0.0,0.0,0.0,0.0
110591>110582,719,719,SFDu,Stratford,DLR (Stratford route) // IB,719,SFDu,Stratford,NR Great Eastern // DN,Alight-Interchange-Board,212.1763871168554,2.24050536,18.421288847,78.40878522258002,68.767172374,35.7862618291465,8.552373484129001,0.0,0.0,0.0,0.0,0.0,0.11908732,0.11908732,2.00233072,2.00233072,2.113029552,2.411335232,2.612816832,0.7384029332000002,0.9562662532,0.8611899462000002,0.7236498662,0.5637710322,1.478140131,1.331368337,2.628988012,2.3734497832,3.134814817200001,2.2293391772,2.996823591200001,1.7108826932,2.293701542,1.687696992,2.746195972000001,1.962664812,3.07328541,2.507804424,3.712597654000001,2.636427829316001,3.832896249316001,2.797624789316001,4.352728875316001,3.065714575316,5.56759946,4.431838372000001,5.238946792,3.849118412000001,5.095746512000001,2.6983084,4.412578088000001,3.612970068000001,4.919886408,3.674806042,5.656230154,4.096225533999999,6.544577894000001,5.459834194000001,8.11922328,6.3896578,8.16421762,5.84680934,6.28273404,3.55070527,4.652021749999999,2.87212935,3.47633969,2.611317209811,3.768552179811,2.3108808866293,3.2042868866293,2.439083230629301,2.862432310818301,1.9214791308183,2.117033934,0.996082106,1.678800102,1.340896978,1.229837418,1.0342812601458,1.1725294181458,0.4119891727458001,0.3265400967458,0.1784283680258001,0.17842701588,0.00304008588,0.0007607312799999999,0.0007607312799999999,0.0,0.0,0.0,0.0,0.0,0.0,0.0,0.0,0.0,0.0,0.0,0.0,0.0,0.0,0.0
110591>110583,719,719,SFDu,Stratford,DLR (Stratford route) // IB,719,SFDu,Stratford,NR Great Eastern // UP,Alight-Interchange-Board,57.39645312700001,0.0,4.375468442,37.99935149200001,7.919759226,5.9658544928,1.1360194742,0.0,0.0,0.0,0.0,0.0,0.0,0.0,0.0,0.2072195000000001,0.291321088,0.291321088,0.305767356,0.3279424192,0.2385738592,0.2672743592,0.3035005572,0.3052319812,0.535800098,0.594100732,0.707415404,0.9331884860000002,1.125555134,1.103926414,1.112259608,1.109919348,1.096935408,0.914467316,0.719129322,0.7795174140000001,0.634876922,0.542662382,0.607381008,0.732623128,0.6259821280000001,1.09802706,1.4071315,2.285494426000001,3.17164038,3.95036542,3.89461852,3.733959840000001,3.08414336,2.064874044,1.270672924,0.9122594359999999,0.731206116,0.6513198360000001,0.829191592,0.8501882920000001,0.7824057759999999,0.7821777160000001,0.6229112300000001,0.507754056,0.431920096,0.4381508000000001,0.3802742800000001,0.408014252,0.5397494460000001,0.8382434259999999,0.979827086,0.976106974,0.8910755052000001,0.6771436171999999,0.3154498276000001,0.1282310936,0.08765525560000001,0.0663855608,0.05797244880000001,0.05372338137999999,0.0241976568,0.008137702600000001,0.0065103402,0.0065103402,0.21107401722,0.2107660758,0.20503332,0.20503332,0.20503332,0.0,0.0,0.0,0.0,0.0,0.0,0.0,0.0,0.0,0.0,0.0,0.0,0.0,0.0,0.0,0.0,0.0,0.0
110591>110584,719,719,SFDu,Stratford,DLR (Stratford route) // IB,719,SFDu,Stratford,NR Weaver // DN,Alight-Interchange-Board,355.7481918000002,0.0,35.34720568,166.98254152,96.16415276000001,46.80855760000001,10.44573424,0.0,0.0,0.0,0.0,0.0,0.0,0.0,0.0,0.0,0.0,0.6577970599999999,0.6577970599999999,1.04911438,1.60136906,3.29266646,4.15371886,5.66601526,6.00460206,6.234977440000002,6.029148040000001,5.876217780000001,5.758584240000001,6.96435732,7.99447646,7.8286552,7.06966912,6.94414326,6.08546678,6.76023208,6.75931114,6.57140778,7.08486858,8.92432506,7.173673839999998,7.201014320000001,8.72381636,8.15180776,6.105410900000001,6.94227662,7.096604880000001,6.06244268,5.566241280000002,6.716736940000001,6.62080114,6.530708860000002,6.814771660000001,9.33094486,9.32148866,9.11628006,9.8918764,10.4942038,7.91642954,7.52413594,7.45750734,6.201969820000001,5.56383582,5.765938760000001,4.418577200000001,4.1036492,3.73528734,3.993161580000001,3.46228414,3.6699315,3.37990738,3.87680146,2.97734712,3.95238196,3.473289960000001,3.38029098,2.32139768,1.80705198,0.89220166,0.89220166,0.38419676,0.38419676,0.38419676,0.0,0.0,0.0,0.0,0.0,0.0,0.0,0.0,0.0,0.0,0.0,0.0,0.0,0.0,0.0,0.0,0.0,0.0,0.0,0.0
110591>110589,719,719,SFDu,Stratford,DLR (Stratford route) // IB,719,SFDu,Stratford,LO Mildmay // WB,Alight-Interchange-Board,765.7034605700997,0.0,49.1992039,413.8534759,164.63433346,126.47768886,11.5387584501,0.0,0.0,0.0,0.0,0.0,0.0,0.0,0.0,0.0,0.0,0.0,0.0,0.0,0.89536906,2.25687418,4.05800098,8.54924398,9.49113758,11.10052352,12.8480546,14.1278957,11.9335057,14.6524761,16.0470153,15.60641,16.9858447,17.75138290000001,17.49204850000001,16.4809611,16.69117,14.9045946,15.8221126,15.6120558,15.8961884,15.8497889,17.1860833,16.4989063,18.7201295,20.7863383,22.2629816,21.7572762,22.4711712,20.6094712,17.70766799999999,15.0782804,14.3203322,13.03256,12.8371506,13.4631959,14.8785177,15.1628673,15.4893825,14.4384153,13.9150242,11.80214248,10.21646488,9.91869218,13.34192778,13.87731258,15.9240923,17.1667209,15.088872,10.28825708,8.31913928,6.23611554,5.088572340000002,5.70254184,5.525445039999998,4.617016272,3.705992012,2.165766612,0.882048512,0.131905232,0.03466780000000001,0.00027240202,0.00027240202,0.00027240202,0.00027240202,0.00027240202,0.0,0.0,0.0,0.0,0.0,0.0,0.0,0.0,0.0,0.0,0.0,0.0,0.0,0.0,0.0,0.0,0.0
110591>110592,719,719,SFDu,Stratford,DLR (Stratford route) // IB,719,SFDu,Stratford,DLR (Stratford Int'l route) // OB,Alight-Interchange-Board,62.24367828844002,0.5470611094000002,3.2540228916,33.48791157000001,14.726449774,9.070046582000002,1.158186361440001,0.0,0.0,0.0,0.0,0.008479906,0.06640488,0.2317419400000001,0.2404343834000001,0.2491593994,0.3282346034,0.2703096294,0.1132442942,0.1045518508,0.2383600148,0.1903871188,0.2276872128,0.257700698,0.406306248,0.383072098,0.485009724,0.6957559099999999,1.07811976,1.008722036,1.296493066,1.300476166,1.158876646,0.858138052,1.149381506,1.096855886,2.341040346,2.270309776,2.339262849999999,1.989020566,2.174206726,0.8310476499999999,1.20695342,1.23370436,1.839341804,1.339882572,1.524461388,1.296462408,1.529184568,0.930684348,0.99952976,0.917434554,0.947110054,0.681468634,1.214917614,1.251795234,1.60550156,1.502945292,1.459945912,1.177256012,1.552781092,1.100497964,1.314795852,1.403546972,1.442173432,0.9873430679999999,1.038248136,0.8180131159999999,0.7662952160000001,0.4622885172000001,0.5173245211999999,0.4761887852000001,0.4415954852000001,0.3613301252000001,0.355699208,0.316082514,0.2899521700000001,0.2314971100000001,0.13503341,0.127939266,0.04583084,0.011775586288,1.886628800000001e-05,1.886628800000001e-05,1.886628800000001e-05,1.886628800000001e-05,0.0,0.0,0.0,0.0,0.0,0.0,0.0,0.0,0.0,0.0,0.0,0.0,0.0,0.0,0.0,0.0,0.0
110591>110593,719,719,SFDu,Stratford,DLR (Stratford route) // IB,719,SFDu,Stratford,DLR (Stratford Int'l route) // IB,Alight-Interchange-Board,100.14833222,0.425146702,15.008831502,59.301709706,12.833793112,9.856514908000001,2.72233629,0.0,0.0,0.0,0.0,0.0,0.03261061000000001,0.146407822,0.24612827,0.39204987,0.5295886360000001,0.6768755140000001,0.7369189020000001,0.965826834,0.91105631,1.312439624,1.317712856,2.056796056,1.881406164,2.229601728,1.998559008,2.335692768,1.475037098,1.92159141,1.60821487,1.73920261,1.51785061,1.7000351,1.4480855,2.2453407,2.04905196,2.29570076,2.19400486,2.41983142,1.8088288,2.32415688,2.49741946,3.29141226,3.4205156,4.56730046,4.2931735,4.22941884,3.397813520000001,2.8968699,1.62516082,1.35857678,0.8005875800000001,1.07619666,1.0062649,1.12274706,1.08783996,1.31559934,1.13130098,1.2419163,0.999548724,0.950054954,0.743159874,1.026929094,0.974658344,1.23374444,1.150008206,1.177880226,0.7937303900000001,0.7297428800000001,0.49692056,0.558892284,0.522766364,0.6248840600000001,0.5663580600000001,0.5037744620000001,0.494047182,0.554521102,0.366329102,0.310470862,0.28537764,0.18407486,0.01187054,0.01187054,0.0,0.0,0.0,0.0,0.0,0.0,0.0,0.0,0.0,0.0,0.0,0.0,0.0,0.0,0.0,0.0,0.0,0.0,0.0
110592>110501,719,719,SFDu,Stratford,DLR (Stratford Int'l route) // OB,719,SFDu,Stratford,EntEx,Alight-Exit,68.61914164800001,0.038719118,5.793821068000001,28.933039066,21.506018578,6.939880444,5.407663374000001,0.0,0.0,0.0,0.0,0.0,0.0,0.0,0.038719118,0.04985373360000001,0.1183996776,0.1276643616000001,0.2409402716000001,0.2222364016,0.442438046,0.492216902,0.7079717179999999,0.796567448,0.918474292,0.7288523280000001,0.9482058880000002,0.8118799820000001,0.8276348020000002,0.7481465780000001,1.187868002,0.968125728,1.289075794,1.185943094,1.508157706,1.215449938,1.339360332,1.020628024,1.279381664,1.000043112,1.14506484,1.01302243,1.125404138,0.8626390500000001,1.169722682,1.013346682,1.450800752,1.465768552,1.69235232,1.376057272,2.237165592,1.998408132,2.592726672,2.556807352,3.02757652,2.158123554,2.064348254,1.350506154,1.425189014,1.073228274,1.16952658,0.979712576,1.109865496,0.8131557360000001,0.7485449559999999,0.505533098,0.6645839820000001,0.544538622,0.66314841,0.51285225,0.680853108,0.530629514,0.47972925,0.320475922,0.475835596,0.32226562,0.452647068,0.394702472,0.496386962,0.3612887480000001,0.479627444,0.4074093540000001,0.7033670940000001,0.5632062840000001,0.542944824,0.387859764,0.29595774,0.0,0.0,0.0,0.0,0.0,0.0,0.0,0.0,0.0,0.0,0.0,0.0,0.0,0.0,0.0,0.0
110592>110514,719,719,SFDu,Stratford,DLR (Stratford Int'l route) // OB,719,SFDu,Stratford,Central // EB,Alight-Interchange-Board,42.46964107110598,0.7904611875884,2.9279405619336,14.282323346958,13.671424818,7.503510746,3.293980410626,0.0,0.0,3.6090728e-06,7.821562000000001e-06,7.821562000000001e-06,0.207310621562,0.2073164714512,0.3758148423784,0.3771096442092,0.3771233673232,0.1698283499480001,0.2542192600588,0.1491328260588,0.1985225617388,0.2347444146248,0.271847724,0.198851124,0.2274751280000001,0.1768211229860001,0.292265038986,0.267491864986,0.345371552986,0.294100480986,0.346191296,0.22721262,0.290419708,0.236331136,0.458665578,0.5099112379999999,0.607989974,0.5555331059999999,0.75873159,0.59994391,0.80646865,0.7303449059999999,1.089146828,0.989431148,0.977700256,0.7044239620000001,0.8122390080000002,0.516035068,0.51750648,0.4837028860000001,1.1574301,1.318578866,1.536036646,1.5189489,1.762874786,1.109152116,0.9114950279999999,0.670722864,0.8508881780000002,0.7034262460000001,0.9867273559999999,0.978062354,1.324511478,1.057960236,1.021109568,0.709195934,0.7153383640000001,0.306517504,0.313524806,0.225959162,0.5467255360000001,0.5028096639999999,0.6392428360000001,0.6931137860000001,0.7720133500000002,0.473057618,0.5865106,0.473237518,0.5358790800000001,0.442003756,0.3921832577252,0.1992061877252,0.1760460977252,0.0158544657252,1.8297252e-06,0.0,0.0,0.0,0.0,0.0,0.0,0.0,0.0,0.0,0.0,0.0,0.0,0.0,0.0,0.0,0.0,0.0,0.0
110592>110515,719,719,SFDu,Stratford,DLR (Stratford Int'l route) // OB,719,SFDu,Stratford,Central // WB,Alight-Interchange-Board,692.3434365869404,3.00500979858,72.37158866835999,328.16269136,163.19805252,89.12098447600002,36.485109764,0.00017821318,0.01056151078,0.010654584864,0.011106545844,0.011353070124,0.265924861024,0.5423380434239999,2.15289296934,2.61497924836,3.42455256,3.4815265,4.99316062,4.05892482,5.78128418,5.6287951,8.09381346,6.90084966,8.92406386,7.600517260000001,10.8691214,8.56312694,11.89915494,9.728579540000002,12.70374854,10.31254294,14.1965758,11.3722687,14.8719611,12.4715987,15.4794945,12.2003771,17.8961402,14.94803826,19.22919786,15.57637574,19.11043454,13.05813394,15.44658208,10.27703186,14.97523618,11.37014812,14.86612132,11.84463222,15.76519024,10.880798,14.03750886,10.28203526,14.79737536,11.32894308,14.75938552,12.06311044,16.74489364,12.81549034,16.60707602,13.12748286,15.75395314,11.48975144,13.41250094,8.92812074,10.9195825,7.32558778,8.53134068,5.94350192,6.85579182,4.272555383999999,4.593995904000001,2.891677044,3.956578324000001,2.987094784,5.26506902,5.245700680000001,6.990283139999999,5.556933819999998,5.30702926,2.96625126,2.1667478,0.0,0.0,0.0,0.0,0.0,0.0,0.0,0.0,0.0,0.0,0.0,0.0,0.0,0.0,0.0,0.0,0.0,0.0,0.0,0.0
110592>110522,719,719,SFDu,Stratford,DLR (Stratford Int'l route) // OB,719,SFDu,Stratford,Jubilee // NB,Alight-Interchange-Board,75.33997824760002,7.846492320120001,20.28322530748,1.71809252,0.0,31.6926208,13.7995473,0.0,0.76778732,0.7697581490000001,0.7704986420400001,0.7706057595200001,1.44302263952,1.20764937952,2.11717043052,2.11642993748,2.2603968,1.58797992,1.14461561,0.2331237300000001,0.54704109,0.4029671100000001,2.07951321,1.99046346,2.84950972,2.53559236,2.53559236,0.85904626,0.85904626,0.0,0.0,0.0,0.0,0.0,0.0,0.0,0.0,0.0,0.0,0.0,0.0,0.0,0.0,0.0,0.0,0.0,0.0,0.0,0.0,0.0,0.0,0.0,0.0,0.0,0.0,0.0,0.0,0.0,0.0,0.0,0.0,0.0,0.0,0.0,2.4376308,2.4376308,2.900324,3.45995378,4.0124053,2.25507578,2.78172368,3.02389046,2.81928458,2.8331508,2.73155082,3.03677592,2.33191594,2.28695282,2.25287752,1.67417622,0.84230322,0.84230322,0.5322424400000001,0.0,0.0,0.0,0.0,0.0,0.0,0.0,0.0,0.0,0.0,0.0,0.0,0.0,0.0,0.0,0.0,0.0,0.0,0.0,0.0
110592>110576,719,719,SFDu,Stratford,DLR (Stratford Int'l route) // OB,719,SFDu,Stratford,Elizabeth Line // EB,Alight-Interchange-Board,48.01741558782999,0.24536891152,3.55758023038,12.72440317,18.7837880696,10.9238120044,1.782463201930001,0.0,0.0,0.0,0.0,0.00019231238,0.00019231238,0.10882687238,0.13615741438,0.18953138838,0.201860196,0.23792191,0.12928735,0.170320504,0.172665036,0.213866876,0.2663125160000001,0.472729676,0.47371306,0.526098462,0.5032732560000001,0.473362022,0.27555655,0.2348991580000001,0.2547839820000001,0.292907728,0.276749716,0.2825277400000001,0.533191392,0.48268343,0.4653684499999999,0.513600498,0.641651558,0.5039596120000001,0.523015872,0.47981624,0.5491018639999999,0.525009642,0.537592278,0.5290742279999999,0.6926625599999999,0.8016160600000001,0.9003450500000001,0.9196329,1.03529464,1.68795852,1.55096902,1.496232192,1.614887972,2.345744652,1.709229418,1.635496968,1.774888516,1.773580636,1.059744096,0.8863710048000001,1.2486850748,1.3880124548,1.2269629288,1.1677619628,1.240675808,1.225642808,0.906265448,0.8268153460000001,0.7203687919999999,0.7946791919999999,0.4441565240000001,0.449197296,0.533273444,0.4962928560000001,0.410139422,0.35605560724,0.22933255524,0.11839455324,0.10032180124,0.02438021524,0.023518298,0.023620217146,0.000101919146,0.000101919146,0.000101919146,0.000101919146,0.0,0.0,0.0,0.0,0.0,0.0,0.0,0.0,0.0,0.0,0.0,0.0,0.0,0.0,0.0
110592>110577,719,719,SFDu,Stratford,DLR (Stratford Int'l route) // OB,719,SFDu,Stratford,Elizabeth Line // WB,Alight-Interchange-Board,338.1570734758387,2.351301364e-06,19.27822886153744,176.4022649,104.92009572,33.553169168,4.003312475,0.0,0.0,1.304934e-07,2.699021e-07,3.983441140000001e-07,5.16243694e-07,5.16243694e-07,5.200743620000001e-07,0.09978427266566198,0.6295615842236479,0.7895968463240681,1.780638646324068,1.847120972,2.55930274,2.16839438,2.56095194,1.67823462,1.9470311,1.24693712,1.97067464,3.5817745,4.371313220000001,6.461085480000001,7.344067100000001,8.065824820000001,7.050093420000001,8.82864182,7.41851934,8.488335840000001,8.13317872,8.84714892,6.766474520000001,8.326265800000002,7.141765300000001,7.31165964,6.32096704,7.89480404,6.702819100000001,7.6529452,7.210907260000001,8.68702296,7.65864406,8.2687414,7.869265400000001,8.879893,7.841779700000001,8.9614118,8.533646699999998,9.7642477,9.171380699999998,10.0638624,9.1992796,10.046492,8.02240896,8.145429360000001,6.290263800000001,5.8923542,3.79255092,4.07211744,2.9784363,3.47657004,2.84785858,2.8443594,2.1910012,2.07956146,1.394757028,1.05253287,0.9310697300000002,0.6675240500000001,0.55451235,0.457097238,0.594630966,0.505031526,0.5061766484800001,0.3276691252,0.2695283466,0.1045952366,0.006680576600000001,0.005535454120000001,0.004330957400000001,0.0,0.0,0.0,0.0,0.0,0.0,0.0,0.0,0.0,0.0,0.0,0.0,0.0,0.0,0.0,0.0
110592>110582,719,719,SFDu,Stratford,DLR (Stratford Int'l route) // OB,719,SFDu,Stratford,NR Great Eastern // DN,Alight-Interchange-Board,42.4642060175598,0.00594310722,1.3231278274058,10.1034592211652,17.7038282637468,11.65472395758446,1.67312364043754,0.0,0.0,0.0,0.0,0.0,0.00060154214,0.00060154214,0.00474002294,0.00474002294,0.01188974834,0.0130019912,0.0161162116,0.0119806862938,0.02896340709380001,0.021818055551,0.091616190551,0.08850872493239999,0.3235449694386,0.3065732486612,0.404374570804,0.332881820262,0.4367349554806,0.2017323013926,0.32035926937,0.22263247257,0.2668086071120001,0.163153550912,0.191037093,0.0731177432,0.211628684,0.171955304,0.3663227502000001,0.3400623458000001,0.4819218876,0.34370298102,0.50810365702,0.31365639722,0.68506699362,0.542542048268,0.8568807348480001,0.6879844651540001,0.945417404954,0.5723616044050002,0.8673941497570001,0.5526931357080002,0.8314982654020001,0.5739457372838,1.1469732578328,0.8518910926359999,1.139927326685,0.8610983398008001,2.212644707919,1.6396044645012,2.669491869698001,2.398822689698,2.8252373765822,1.4736865338111,1.7763872372289,0.7464969663511999,1.0793464663512,0.7511309743512,1.0350940771223,0.73239206182364,0.94974379270134,0.59951898743286,0.99858947943286,0.7146257058395998,0.7977116751382598,0.58035944890632,0.5824213661747999,0.08514939886048001,0.15166914845374,0.06858288680916001,0.0689503949811,0.0668881229811,0.06710599005541999,0.0005859540554199999,0.0006636032880000001,0.000295861348,0.000295861348,7.7801588e-05,7.7801588e-05,0.0,0.0,0.0,0.0,0.0,0.0,0.0,0.0,0.0,0.0,0.0,0.0,0.0,0.0
110592>110583,719,719,SFDu,Stratford,DLR (Stratford Int'l route) // OB,719,SFDu,Stratford,NR Great Eastern // UP,Alight-Interchange-Board,13.25141327492979,3.68525406e-07,2.833455656171764,7.79703840195174,1.88182106761308,0.7329125468138,0.006185233854,0.0,0.0,0.0,0.0,0.0,0.0,1.249262e-07,2.43599206e-07,3.75182558e-07,5.281100380000001e-07,0.07712976811003801,0.4849854431838381,0.484985529309872,0.4849855940092401,0.4849856414361601,0.4078566022973001,0.0871108562973,0.08711103905449999,0.08711104576766002,0.14719323341326,0.1471933229796001,0.0600835609849,0.06008350478532001,0.06008363526616001,0.05921548726616001,0.10830415083868,0.10830429614812,0.14713208679146,0.1471322595224001,0.1812696335224,0.13218126874578,0.42390157143104,0.38507413940568,0.3850743322718401,0.60299267827184,0.74202236904846,0.45030259428254,0.8678056443079001,0.8678060997430201,0.5565373159220199,0.4175084283947,0.57401117716062,0.15650913229062,0.15650971257048,0.15651062092228,0.1565113683720001,1.02470314e-05,1.12192618e-05,1.27496986e-05,0.2049075051678,0.204909536326,0.2049112596226,0.3409513722622,0.3409537455134,0.1360640617924,0.1360673816426,0.2551836056866,0.1191509950566,0.1191587146198,0.1191657168276,0.1191772357868,7.700608680000001e-05,9.48299628e-05,0.0001116685828,0.000140478278,0.000168369136,0.000217496384,0.000266430406,0.000347291906,0.000418145056,0.000371244308,0.0007311656600000001,0.0006542383920000001,0.000995430332,0.000881609,0.000881609,0.0004522501,0.0004522501,0.0,0.0,0.0,0.0,0.0,0.0,0.0,0.0,0.0,0.0,0.0,0.0,0.0,0.0,0.0,0.0,0.0,0.0
110592>110584,719,719,SFDu,Stratford,DLR (Stratford Int'l route) // OB,719,SFDu,Stratford,NR Weaver // DN,Alight-Interchange-Board,17.4723458668517,0.0,0.6404954161495001,7.026857970325002,1.58497748777,5.894623658383841,2.325391334223359,0.0,0.0,0.0,0.0,0.0,0.0,0.0,0.0,0.0,0.0,3.2993084e-06,3.2993084e-06,6.9971e-06,8.5765062e-06,1.28828596e-05,1.17620533e-05,1.680838170000001e-05,0.2134742705901,0.2134786456385001,0.2134788744033,0.2134837746412001,0.2148342391128001,0.0013815656704,0.0028073941358,0.2982442190176001,0.3022440136776001,0.3009010544096001,0.3950948598520001,0.3936785953220001,0.174593315322,0.273500441922,0.47662683039,0.38836643779,0.5298167394,0.4534926398360001,0.3536896124360001,0.1505928804020001,0.394589401002,0.253180635738,0.253630455482,0.425350822882,0.425465943316,0.175641817276,0.175650281292,0.175340097402,0.000540840502,0.007809262102000001,0.007712403333000001,0.008120827581,0.007959516331000002,0.008848021111000002,0.269985611111,0.27206162632,0.2715919466589999,0.277962500619,0.277044834699,0.04068676069900001,0.0385953797464,0.0528579292074,0.7938864702074,0.8000749814474001,0.7678708375882,0.7764749741407999,0.9484895913408,0.3544147913408,0.3482240181284,0.4908268059876,0.48222111854964,0.6368171085496399,0.48348250854964,0.48348184856204,0.34884884056204,0.348848322,0.007970902,0.007970902,0.007970902,0.0,0.0,0.0,0.0,0.0,0.0,0.0,0.0,0.0,0.0,0.0,0.0,0.0,0.0,0.0,0.0,0.0,0.0,0.0,0.0
110592>110589,719,719,SFDu,Stratford,DLR (Stratford Int'l route) // OB,719,SFDu,Stratford,LO Mildmay // WB,Alight-Interchange-Board,69.9823760348845,0.0,6.323493490000001,36.0684892144,17.6270156416,8.4196600942693,1.5437175946152,0.0,0.0,0.0,0.0,0.0,0.0,0.0,0.0,0.0,0.0,0.0,0.0,0.0,0.12306024,0.151900198,0.7186184379999999,0.996282098,1.315077198,1.306562018,1.7119933,1.27244144,1.73961926,1.53766366,1.81645266,1.442612966,2.025153746,1.36144627,1.65881509,1.316143,1.599318314,0.95964092,1.352353636,0.979304826,1.434905776,1.175359924,1.419015018,1.008568286,1.496955176,1.058404248,1.80998434,1.60363156,2.137297412,1.6168332392,2.2465684472,1.5138459012,1.7749205412,1.3014746612,1.655920034,1.053165548,1.796901794,1.568849494,1.713390974,1.40119667,1.698542256,0.970748284,1.178059484,0.9880743160000002,1.30823564,0.98421092,1.026676942,0.6790124328209001,0.8495911408209,0.6203428508209,0.5524163905929,0.3910906204191,0.4768114135982001,0.2655797355982,0.2776176915982,0.4060322318262,0.4060352529146,0.3203133489146001,0.2827900469146,0.1285057609146001,4.1009146e-06,7.3704432e-06,7.3704432e-06,7.3704432e-06,7.3704432e-06,7.3704432e-06,0.0,0.0,0.0,0.0,0.0,0.0,0.0,0.0,0.0,0.0,0.0,0.0,0.0,0.0,0.0,0.0,0.0
110592>110590,719,719,SFDu,Stratford,DLR (Stratford Int'l route) // OB,719,SFDu,Stratford,DLR (Stratford route) // OB,Alight-Interchange-Board,191.8267515360001,0.2695085,10.175616616,85.97006725000003,70.140357152,19.201077644,6.070124374000001,0.0,0.0,0.0,0.0,0.0,0.0,0.0,0.2695085,0.35823462,0.393326798,0.393326798,0.483662352,0.2285741512,0.5646028912000001,0.7845833332000001,1.1367309132,1.2566536992,1.50514544,1.16320836,1.90756726,1.80979636,2.12497202,2.02002719,3.02259855,2.53217523,3.52528035,3.56560357,5.403148760000001,5.221834220000001,5.83229966,4.993281860000002,5.38969224,3.59612588,3.38677008,2.6191632,3.43759826,2.70288858,3.49790554,3.0799786,3.57040034,2.76341576,3.913863500000001,3.32974478,4.63150272,4.66086616,6.29237788,5.81482116,7.89770708,7.521399080000001,7.86601254,6.317491080000001,7.25473134,5.153294400000001,4.4975112,3.421312566,3.442832666,1.721684298,1.899273478,1.511906888,2.368043062,2.075707762,2.30793887,1.82959107,1.9622636,0.989633558,0.968804338,0.70175429,0.8644764300000001,0.6063333200000001,0.623352068,0.49144368,0.996237548,0.8708276079999999,0.837206178,0.796614532,0.7172626,0.13084684,0.0,0.0,0.0,0.0,0.0,0.0,0.0,0.0,0.0,0.0,0.0,0.0,0.0,0.0,0.0,0.0,0.0,0.0,0.0
110593>110501,719,719,SFDu,Stratford,DLR (Stratford Int'l route) // IB,719,SFDu,Stratford,EntEx,Alight-Exit,2252.29696225,36.39021906000001,171.29205774,1342.1018516,507.1384818000001,122.20825456,73.16609749,0.47118912,1.45814932,1.5858397,3.4985395,4.7903799,6.407625580000001,7.006434460000001,11.17206148,10.64890588,13.41252628,12.47601838,13.5006349,10.8852725,13.0404179,10.4657719,12.7985744,12.4926928,17.5991524,18.7073196,25.2647708,25.4519358,33.1921058,31.3870212,37.2604156,35.77546080000001,47.14339340000001,45.6262954,55.88271820000001,54.442792,64.5478868,58.70982979999999,68.29468979999999,62.110497,70.13633399999999,62.93646460000001,71.11428459999998,62.13546659999999,69.6206266,59.1047366,69.02957699999999,60.354579,66.77600699999999,60.20798900000001,70.86074500000002,58.7321134,64.71952940000001,54.49861700000001,55.59409100000001,43.80507460000001,46.51653720000001,35.27099600000001,38.3358812,31.10813640000001,31.6689066,23.569517,23.319082,16.4974622,15.440533,10.92366832,11.87777692,10.33069232,10.86169872,9.47124586,9.62342374,7.295654979999999,7.49373878,6.1685965,6.22376322,5.0849735,6.577921260000001,5.267388940000001,9.74551182,8.926673000000003,9.45608532,8.87986412,8.46749563,3.86914893,3.24377189,2.19705429,0.7871694899999999,0.6630392999999999,0.0,0.0,0.0,0.0,0.0,0.0,0.0,0.0,0.0,0.0,0.0,0.0,0.0,0.0,0.0
110593>110514,719,719,SFDu,Stratford,DLR (Stratford Int'l route) // IB,719,SFDu,Stratford,Central // EB,Alight-Interchange-Board,847.3486621999998,18.89582752,89.49506302000002,298.67051056,244.1487841999999,146.1629114,49.9755655,0.0,0.5573393400000001,0.90828202,1.62842896,1.98400354,2.98603634,4.158607200000001,6.673130120000001,8.088274980000001,10.782662,10.75935606,10.55337906,8.26776326,7.17292686,4.89242666,4.9867233,3.9381249,5.5190115,5.879414220000001,8.65500022,9.14889566,12.29997986,11.83363366,14.12560734,11.68712054,12.3301664,9.592644,10.3239754,7.491781599999999,10.0465866,9.4183474,12.850805,12.5901782,14.940919,12.8380666,13.6904892,11.6199804,12.3041137,11.4328139,13.4583923,12.9701479,15.3398413,15.318923,21.0171016,21.1384246,25.7328888,23.6514526,26.3749674,21.7194388,21.3688486,16.934689,18.867598,14.9815899,17.0623901,17.1949029,19.1215935,17.0225577,18.25049880000001,14.4538822,13.44768,10.7315547,11.2149817,9.8525909,10.8442811,10.6711075,11.1603332,9.145319100000002,9.3681245,7.43455022,6.88630482,5.36267806,6.26207456,5.703567960000001,6.177921560000001,4.418205560000001,4.13583292,2.39504772,1.19938212,0.0,0.0,0.0,0.0,0.0,0.0,0.0,0.0,0.0,0.0,0.0,0.0,0.0,0.0,0.0,0.0,0.0,0.0
110593>110515,719,719,SFDu,Stratford,DLR (Stratford Int'l route) // IB,719,SFDu,Stratford,Central // WB,Alight-Interchange-Board,981.293311546047,8.900387136047001,107.85032511,433.0117224000001,273.501529,121.2126166,36.8167313,9.306094e-07,0.0001408241434,0.0002317629094,0.0003627792094000001,0.1750077492094,0.8374170186000001,2.066079805066,5.821146266300001,7.17976085,8.77317528,9.93388028,9.7084606,6.832432700000001,7.9872939,7.0943877,7.288469099999999,7.903487299999999,10.8059892,9.9653886,14.3775996,14.2228954,17.6855374,16.2026308,18.3041696,14.8005284,19.19825,15.49521288,18.76527248,16.59784868,20.42740768,16.06392208,20.129922,17.6417056,20.6317252,18.134606,20.7456528,19.1949776,18.9334226,17.4150226,19.6209762,17.3148276,17.4160658,17.95694880000001,20.1121942,17.5947548,22.8977962,25.7445716,27.8571548,25.38569060000001,27.9171036,23.269988,23.572788,19.841846,21.4469994,18.6746028,19.2982332,14.8256122,16.1627376,14.345844,13.587092,11.2314184,9.80916248,7.391207980000001,6.86896578,5.629268379999999,6.14183678,7.5502845,7.6691865,6.118629620000001,6.92413796,5.92190392,5.15635932,4.376749220000002,3.8987665,2.52801416,1.8921706,0.0,0.0,0.0,0.0,0.0,0.0,0.0,0.0,0.0,0.0,0.0,0.0,0.0,0.0,0.0,0.0,0.0,0.0,0.0,0.0
110593>110522,719,719,SFDu,Stratford,DLR (Stratford Int'l route) // IB,719,SFDu,Stratford,Jubilee // NB,Alight-Interchange-Board,328.7727086226586,1.3350098954374,22.31356216722111,156.07274172,82.28497401999999,48.04982282,18.716598,4.5840726e-06,8.562271659999999e-05,0.0001718616906,0.0003706793106,0.0003708865317000001,0.06898849245910002,0.4551829138151,0.8098348548411001,0.8096360372211,0.91375183,0.84512964,1.06970738,0.7149692000000001,1.981388,1.877272,2.902896280000001,2.29204308,3.04302932,2.46128536,3.40245404,3.20117656,4.88670976,4.87037504,5.406453480000001,4.93620674,4.8924788,4.231205740000001,4.92285002,5.048353540000001,6.929726800000001,7.69865794,9.0810218,8.72538954,9.00440654,8.07224646,8.782809660000002,7.095143380000001,7.65045244,6.6866212,7.195565480000001,5.61777748,6.982455160000002,6.40990736,7.7447508,7.09853588,8.49439568,7.12703226,7.08877956,6.03681566,6.458264980000001,5.36007848,6.8125421,6.494326000000001,6.71002844,6.556588240000001,8.04758674,6.518484500000001,6.442713660000001,5.282689120000001,3.935038700000001,2.2167485,2.1415459,1.76338668,2.41585856,3.32489926,4.34455126,4.20228118,5.461625499999999,5.056448780000001,4.310934060000001,3.1453144,2.859100948,1.356730688,1.109435528,0.7426863680000001,0.135947228,0.0,0.0,0.0,0.0,0.0,0.0,0.0,0.0,0.0,0.0,0.0,0.0,0.0,0.0,0.0,0.0,0.0,0.0,0.0,0.0
110593>110576,719,719,SFDu,Stratford,DLR (Stratford Int'l route) // IB,719,SFDu,Stratford,Elizabeth Line // EB,Alight-Interchange-Board,584.1185429999999,8.2741471,60.97179682000001,237.00380546,177.5867449,72.06110652,28.2209422,0.0,0.0,0.0,0.0,0.8688208000000001,1.5065649,2.4485551,3.4502063,5.5548451,5.5721957,5.465517400000001,4.9280221,4.8683721,3.34457364,3.68566104,4.20994754,5.574831440000001,5.117841760000001,6.477978220000002,6.172010780000001,6.36329782,6.57798422,7.560050900000001,7.4217827,7.50671788,7.646457740000002,6.801973080000002,7.54210488,7.1151102,8.38560026,9.82582826,11.26007612,10.96109012,11.8437954,11.257292,11.9808924,11.4586858,12.7558444,11.9538494,13.0572884,12.3365404,12.2198738,10.21845734,12.95321194,11.75841634,11.97037174,12.41736334,15.9022354,14.1018928,16.62303420000001,16.35331840000001,17.985557,15.7432098,16.85216,14.08815194,13.79103394,10.51615374,9.65688014,7.42392034,7.08871812,5.16933908,5.65333902,4.813872420000001,4.47129562,4.335640700000001,4.655096540000002,4.3262088,3.950642,3.85813954,3.2804533,3.0877023,2.6954121,3.435167299999999,3.13162412,2.82417756,2.14227056,1.95967294,0.8477337399999999,0.31952958,0.31952958,0.31952958,0.0,0.0,0.0,0.0,0.0,0.0,0.0,0.0,0.0,0.0,0.0,0.0,0.0,0.0,0.0
110593>110577,719,719,SFDu,Stratford,DLR (Stratford Int'l route) // IB,719,SFDu,Stratford,Elizabeth Line // WB,Alight-Interchange-Board,331.9903052023949,0.1131956176,30.90727140492,121.15044756,114.45814156,53.53581360399999,11.825435455875,0.0,0.0,2.6589384e-05,6.291454800000001e-05,9.606753999999997e-05,0.000136042504,0.000136042504,0.11273796112,0.214450269956,0.844890916964,1.329592062,2.331524782,2.260962538,3.131627244,2.955377084,3.693126164,3.003328464,4.00632456,3.16804828,3.96801904,2.9529628,3.54538024,2.6138367,3.80421832,2.86224566,3.8228185,3.408667299999999,4.91701808,4.05092888,5.01140106,4.282732419999999,4.66440272,3.53289052,5.343478040000001,4.303396640000001,5.508485480000001,5.30986644,8.98353684,7.111457799999999,8.51955108,7.319597960000001,8.16016798,4.362864180000001,6.758541920000001,5.747213200000001,8.264767720000002,7.392297240000001,12.72010224,10.36716054,12.74683936,10.05052056,12.6303605,8.6343931,9.828854699999999,7.219463300000001,8.856169099999999,5.99101132,5.19846826,3.86831466,4.62560816,3.55360016,4.69949154,4.187626799999999,6.0323552,4.892962268,4.522758128,3.097442834000001,2.866174274,0.7174638740000001,0.7300585199999999,0.9307746,1.444892374,1.351877868,1.412903994,1.382748123975,1.310019343975,0.7190912639749999,0.649220529975,0.588194403975,0.58819056,0.0,0.0,0.0,0.0,0.0,0.0,0.0,0.0,0.0,0.0,0.0,0.0,0.0,0.0,0.0,0.0
110593>110582,719,719,SFDu,Stratford,DLR (Stratford Int'l route) // IB,719,SFDu,Stratford,NR Great Eastern // DN,Alight-Interchange-Board,229.8307367200001,1.13805952,15.828807924,76.029563812,82.704950802,40.713155606,13.416199056,0.0,0.0,0.0,0.0,0.0,0.11527996,0.11527996,0.9074996000000002,0.9074996000000002,1.64195408,1.62738384,1.8499927,1.05777306,1.72952086,0.99506638,1.17502142,1.026625456,1.522714776,0.8509669759999999,1.444288776,1.1693814704,1.3504278944,0.8607110323999999,1.8912451124,1.30508665,1.9024937156,1.6472343956,2.5028989376,1.4723648576,2.41069522,1.96270468,4.13853988,3.30652411,4.53835481,3.603536752,6.233695772000001,4.072915016,5.152850786,4.004066952,5.10943031,2.394458864,4.94170682,3.83174982,6.226489954,5.110450954000001,7.815075999999999,5.252773599999999,7.412272200000001,4.9344852,7.465499,4.80520582,8.19880022,6.187783012000001,9.835358812,7.384319552000001,8.302926432000001,4.932338922,5.374924930000001,1.98185205,2.75777571,1.72447541,2.84551932,2.49386646,2.66046082,1.80456262,5.347217820000001,4.247522312,4.542639232000001,4.121541952,4.759052552,1.216397352,1.27753756,0.7430061,0.7952967120000001,0.157786112,0.174428788,0.06893328800000001,0.06893328800000001,0.016642676,0.016642676,0.0,0.0,0.0,0.0,0.0,0.0,0.0,0.0,0.0,0.0,0.0,0.0,0.0,0.0,0.0,0.0
110593>110583,719,719,SFDu,Stratford,DLR (Stratford Int'l route) // IB,719,SFDu,Stratford,NR Great Eastern // UP,Alight-Interchange-Board,406.2926895265431,0.669582432,59.34656641800001,159.50648314,131.69159302,45.72478644100001,9.353678075543,0.0,0.0,0.0,0.0,0.0,0.0,0.09417572600000003,0.575406706,1.519158226,2.123431166,5.383458766,7.272253840000001,7.64778206,6.890320148000001,7.510332407999999,4.513094228000001,2.930316728,4.116836328000002,4.927232720000001,4.512349800000001,7.32278838,7.449110320000001,7.985355520000001,7.31602818,8.3723033,5.7236678,7.545788160000002,5.194362379999999,5.752466719999998,4.22460776,6.140735660000002,4.31165766,6.31839944,6.590939300000001,7.48949676,5.656081560000001,6.406875360000001,5.57100376,5.6377045,5.4245676,6.995984400000001,6.47848934,9.622348940000002,9.97572034,11.44240294,9.80974384,13.8072685,9.487628140000002,11.68686034,9.6057671,13.9898994,9.48266,13.40652696,9.74732776,11.7499066,7.47560144,10.26448784,6.69772676,7.124511780000002,5.052470680000001,5.614399380000003,2.628108358,2.361794158,1.8230606448,1.7803153648,0.6667039922000001,1.0110169742,0.7001905090000001,1.329739862200001,1.0331235465086,1.0289161791086,1.1224264991086,1.1192736443086,0.9374673843086,0.93746288,0.93746288,0.4539026,0.4539026,0.0,0.0,0.0,0.0,0.0,0.0,0.0,0.0,0.0,0.0,0.0,0.0,0.0,0.0,0.0,0.0,0.0,0.0
110593>110584,719,719,SFDu,Stratford,DLR (Stratford Int'l route) // IB,719,SFDu,Stratford,NR Weaver // DN,Alight-Interchange-Board,579.6949308060001,0.0,85.07381056000001,230.45057719,161.13175894,90.795571108,12.243213008,0.0,0.0,0.0,0.0,0.0,0.0,0.0,0.0,0.0,0.0,3.445756,3.445756,6.171641999999999,7.325467280000002,9.61105868,8.29859068,11.24777708,11.54464068,11.98179288,12.00132928000001,15.49204288,15.59257408,14.75189988,13.8232215,14.9438609,9.41930289,7.04415833,5.24699129,7.25280319,5.90399319,7.3124248,7.460407119999998,8.65257366,6.20899834,5.64324882,6.40127962,8.59714286,8.481681720000001,9.85708672,10.09202904,9.81499044,7.95451844,12.01860548,12.484742,12.9120966,11.7377946,13.7448734,9.8125338,13.7634086,14.8458366,17.3981864,15.0765589,17.0639377,12.8448807,10.94118342,10.99046822,11.26229092,8.61008692,9.84459712,10.5618962,8.047746799999999,7.558818960000001,8.58253456,6.86559856,5.06561532,5.572944720000002,5.112169993999999,3.711271034000001,3.430191634,3.160640474,1.7515151712,1.8419400772,1.2905874372,0.2561976372,0.2561976372,0.25594294,0.0,0.0,0.0,0.0,0.0,0.0,0.0,0.0,0.0,0.0,0.0,0.0,0.0,0.0,0.0,0.0,0.0,0.0,0.0,0.0
110593>110589,719,719,SFDu,Stratford,DLR (Stratford Int'l route) // IB,719,SFDu,Stratford,LO Mildmay // WB,Alight-Interchange-Board,1074.836958043001,0.0,45.99978504,453.2025268200002,388.83741594,165.05050068,21.74672956300001,0.0,0.0,0.0,0.0,0.0,0.0,0.0,0.0,0.0,0.0,0.0,0.0,0.159347748,1.384188948,1.737544788,4.508540688000001,4.988055008000001,9.58073926,9.05030662,14.59106198,12.37902814,16.43122342,12.57961332,19.02465936,14.11027996,21.2373469,17.6275889,23.802857,17.7575936,21.5823822,15.0410338,21.7741878,16.23837846,20.29478886,16.36212546,21.70546086,15.28996718,19.47597772,15.8171072,21.9325556,16.4906948,25.37827548,21.23316994,29.63623086,25.36151546,35.95970086,27.08311446,42.4782268,33.77481168000001,41.66324028,31.43193908000001,41.31024088,25.66148868,32.854615,23.18636808,28.07215468,19.01009028,21.69117168,14.04923736,17.52538908,12.61339808,15.71965848,13.23794008,14.1555412,10.965743,11.432673,6.89734972,7.752308720000001,6.33268182,5.945731820000002,4.091966820000001,3.4541861,1.0727183,0.8327227048,0.0034539006,0.0034539006,0.0034539006,0.0034539006,0.0029063958,0.0,0.0,0.0,0.0,0.0,0.0,0.0,0.0,0.0,0.0,0.0,0.0,0.0,0.0,0.0,0.0,0.0
110593>110590,719,719,SFDu,Stratford,DLR (Stratford Int'l route) // IB,719,SFDu,Stratford,DLR (Stratford route) // OB,Alight-Interchange-Board,144.259441054,1.046892116,16.443692724,72.42569515999999,38.644030786,11.137164764,4.561965504,0.0,0.0,0.0,0.0,0.157776486,0.157776486,0.216843092,0.514496052,0.821318312,1.211431726,1.418100986,1.87657398,1.660760784,1.637866224,1.322331484,1.327448784,0.8896056640000001,1.25613034,1.07821846,1.94390598,1.9375273,2.49621088,2.389612120000001,3.4578265,2.84502638,3.9824555,3.76314016,3.99536372,3.31073484,3.324091720000001,2.4056191,2.83974558,3.03218558,2.96483792,2.69624448,4.0345705,3.4941048,3.09103052,3.08761192,3.733689000000001,2.10252463,2.26020743,2.14593967,3.03539491,2.327400802,3.383982272,3.373259772,4.172027272,3.273692972,3.824451940000001,2.8668684,3.489677040000001,3.34829322,3.239484780000001,2.689509148,2.655383168,1.696269008,1.141678868,1.083160648,1.070422314,0.902642932,1.090167792,0.8414526179999999,0.719938298,0.65992644,0.661602376,0.369204158,0.9006993120000001,0.7998235740000001,0.7223231068000001,0.7759764588000002,0.8845712368000002,0.3176583728,0.3419788528,0.323357204,0.239409318,0.112307618,0.044559762,0.0,0.0,0.0,0.0,0.0,0.0,0.0,0.0,0.0,0.0,0.0,0.0,0.0,0.0,0.0,0.0,0.0,0.0
231001>231022,723,723,SWCu,Swiss Cottage,EntEx,723,SWCu,Swiss Cottage,Jubilee // NB,Enter-Board,791.070627446,8.929899240000001,67.61972016600001,319.83998724,197.5603743,121.19579968,75.92484682,0.5754709560000001,0.6480776680000001,1.172215828,1.39860758,1.299896542,1.097098802,1.214137262,1.524394602,1.480291222,2.280098312,3.094889872,3.7323185,3.89921428,4.85112578,6.11097578,6.932991780000001,8.04952538,8.8113071,8.974898880000003,9.40208328,10.20045088,10.41164468,10.62661788,11.514207,11.2497788,11.085564,12.2647186,13.44423,13.7802,14.3761716,15.3300058,15.0613466,15.1339544,14.8879126,14.8249234,14.3134452,13.2614538,12.023517,12.1310624,12.7383852,13.137407,15.0060502,16.0775244,16.9594158,17.36753280000001,17.3033833,16.6939157,16.9438269,16.9248117,16.0334481,16.4048478,16.2150395,16.38109750000001,16.2161549,15.7953253,15.2809908,13.8709861,12.4413696,11.5638408,11.4695314,10.1883437,10.2488687,10.2130445,9.6103699,8.06140442,7.67477122,7.62252362,8.230745720000002,8.61175192,9.519848800000002,10.1719316,10.7160791,9.8181771,8.437400300000002,7.512915299999999,5.4921601,3.2670674,1.542516,0.8349992,0.0,0.0,0.0,0.0,0.0,0.0,0.0,0.0,0.0,0.0,0.0,0.0,0.0,0.0,0.0,0.0,0.0
231001>231023,723,723,SWCu,Swiss Cottage,EntEx,723,SWCu,Swiss Cottage,Jubilee // SB,Enter-Board,3701.908322972406,57.57959266,498.4230066,2011.994462,702.1251758000002,327.5545408,104.2315451124038,2.417872,3.5089129,4.9880575,6.80280616,8.242249099999999,8.9928609,10.5427034,12.0841307,14.2249757,16.3555275,21.5682651,26.7638807,30.9622914,35.1725064,41.2915616,48.3378436,54.6562606,61.417986,69.99914000000001,77.672768,81.70991000000002,85.71739000000001,90.724892,93.96119,96.816808,96.100576,96.517186,95.18520800000002,97.499422,94.727128,94.83803499999999,92.440117,90.92185699999999,83.34098399999999,80.496941,77.67274800000001,74.950334,72.73259399999999,70.1580898,68.1314108,68.01320480000001,71.5671438,68.70746580000001,69.063827,68.34501900000001,64.0155742,58.75913320000001,60.1524946,58.918512,55.4662306,55.39678860000001,55.877626,57.76520060000001,56.2823958,56.33403120000001,54.81217,48.68276220000001,39.84210760000001,36.2301066,32.320834,28.0265214,25.7275204,24.532963,21.4788178,19.2794496,16.8554274,17.5667918,17.011239,16.8974646,16.5478702,16.5690518,14.9188368,12.8523487,10.31257722,7.49660842,5.352753620000001,2.48300362,0.79876652,0.0,0.0,0.0,0.0,0.0,0.0,0.0,0.0,0.0,5.2113972e-08,5.274819319999999e-07,5.274819319999999e-07,5.621187699999999e-07,8.438302477000001e-05,0.000544755230798,0.000544279862838,0.000544279862838,0.0005442452259999999
231022>231001,723,723,SWCu,Swiss Cottage,Jubilee // NB,723,SWCu,Swiss Cottage,EntEx,Alight-Exit,3514.677240512502,33.3445383092,236.2449095,1245.05998,1056.7065368,654.9330564000002,288.3882195033021,1.0396269364,1.2329571964,2.0308849164,2.59269534,4.54159676,5.1671997,7.69549114,9.04408632,11.192002,13.2633998,16.600061,17.5057307,19.72835460000001,21.63461400000001,21.5224656,20.9905002,22.4119404,22.9539376,23.4080102,25.0338934,27.9988234,31.5708888,34.1944814,36.28228720000001,37.32391200000001,38.048684,36.9639282,38.5167824,40.8136362,44.595727,48.2377924,52.61810480000001,55.07674400000001,57.15185320000001,59.419973,60.2977446,62.268064,63.3889392,65.3817212,64.2215176,67.28473720000001,68.4176762,75.32532900000002,79.66063299999999,84.148882,85.4859052,87.94603719999998,86.14208,86.83808200000001,88.476826,90.2978428,91.1590868,91.66332720000004,90.4170772,89.7097652,84.4216252,78.87588720000002,71.86961000000002,65.065703,57.598007,53.3873964,50.8205684,48.6910164,47.54130739999999,46.6353954,46.1030064,44.42289640000001,43.9222624,41.97682140000001,41.13854640000001,40.2397266,38.1227378,33.7495586,29.7075716,25.2057366,17.35916000000001,10.9278368,6.662438000000001,3.295024,0.0,0.0,0.0,0.0,0.0,0.0,0.0,0.0,0.0,0.000181482174,0.000296770594,0.0004509978740000001,0.000510066322,0.000608526282,0.0004662213920000001,0.0003509329720000001,0.000196705692
231022>231180,723,723,SWCu,Swiss Cottage,Jubilee // NB,1451,SOHr,South Hampstead,LO Lioness // NB,Alight-Exit-Interchange-Enter-Board,152.3302086235999,0.13996998652,12.74413440528,81.58301144480001,32.576366358,14.134344177,11.152382252,0.0,0.0,0.0,0.0,0.03430736,0.03430736,0.03567763326,0.03567763326,0.17073277326,0.13642541326,0.13746422192,0.13609394866,0.8152874886600001,0.6802323486599999,1.84759884866,2.03869288,2.201406992,1.5327183474,2.0709172874,0.9765638554,2.4546868154,2.4143199434,2.504982608,2.801586588,3.00220084,1.443390968,1.321043728,1.324939188,3.911774668000001,6.636962948000001,6.525517020000001,6.643190220000001,9.2682314,5.962403930000002,2.96358833,2.996737256,4.882944655999999,2.24721109,2.13140016,2.7469163,3.192504634,1.396215154,1.30184452,1.50841848,3.94965654,3.97176232,3.7641712,3.92674502,5.67435746,2.70694254,2.2060995,2.267035676,2.366040016,0.5515012420000001,0.462161962,0.729892882,1.041593366,1.950543206,1.81089558,2.00252328,1.7468991586,1.8131958986,0.6426678986000001,0.7775181865999999,0.6997919666000001,0.7754116240000001,0.406786736,0.466517276,0.6356318679999999,0.5278558468,1.8918669908,1.8583692848,2.055817164800001,1.7786711528,1.772545694,0.320808094,0.283997288,0.026818868,0.0,0.0,0.0,0.0,0.0,0.0,0.0,0.0,0.0,0.0,0.0,0.0,0.0,0.0,0.0,0.0,0.0,0.0
231022>231181,723,723,SWCu,Swiss Cottage,Jubilee // NB,1451,SOHr,South Hampstead,LO Lioness // SB,Alight-Exit-Interchange-Enter-Board,1.53287761621049,0.0013914,0.105415958662,0.6123216242680001,0.4237026889200001,0.32815842832,0.06188751604049,0.0,0.0,0.0,0.0,0.0,0.0,0.0006957,0.0006957,0.0006957,0.0009272441,0.0009272441,0.00054300582,0.00054300582,0.0007910767200000001,0.0005595326200000001,0.02009611582,0.02018172316,0.020194819288,0.01996507855,0.019991412664,0.000494199118,0.00013395906,0.002148055332,0.008685445570000002,0.015719705456,0.015680335802,0.01609972768,0.01458424712,0.03781760672000001,0.03075701272000001,0.05412260672000001,0.05407610588000001,0.06037463604000001,0.03058555604000001,0.05427542004000002,0.030983772476,0.042772184036,0.035961942036,0.037476037236,0.013820025554,0.014410831558,0.002212699958,0.014256587358,0.024872924758,0.0252438378,0.02457908536,0.03394867256,0.02222708388,0.05232133528000001,0.05191656992,0.05259338258,0.04351657568000001,0.04356607208,0.00134138808,0.03638400408,0.03606468162,0.03645183295999999,0.03608003784,0.03782220484,0.00277958884,0.007120676240000001,0.0193745546,0.0193745546,0.0317553536,0.0372160656,0.03662840020000002,0.02818216400000001,0.035372995,0.0216480798,0.01642206232,0.012494801612,0.008229796392000001,0.001195741332,0.0007976905319999999,0.000563041528098,0.000379390036098,0.000156821456098,4.551609800000001e-08,4.551609800000001e-08,0.0,0.0,0.0,0.0,0.0,0.0,0.0,0.0,0.0,0.0,0.0,0.0,0.0,0.0,0.0,0.0,0.0
231023>231001,723,723,SWCu,Swiss Cottage,Jubilee // SB,723,SWCu,Swiss Cottage,EntEx,Alight-Exit,1001.354914534246,26.8965414821524,189.7087444,465.3965222,196.8795738,94.44884490000001,28.02468775209359,0.2141192460508,0.7973278060508001,1.2039891660508,2.519162696,3.591035988,4.94650762,6.06241886,7.5619801,9.8199711,10.3552397,11.3336684,11.7691968,13.9131176,15.1755326,17.446199,18.3762426,20.191419,20.7390924,20.155148,20.4339172,21.3818744,21.923611,21.3667178,21.1149154,20.8251594,19.8150218,18.334156,17.5902848,17.4221424,17.6845192,18.7182296,19.7116322,20.0468446,20.0614542,19.6068884,19.473994,20.21252,20.670398,19.841928,18.911573,18.55554960000001,17.604935,17.297065,17.2251084,17.82510300000001,18.0468998,17.84386660000001,17.7279874,18.411141,18.8586978,17.1514382,16.1807936,15.1266538,14.2193364,12.8441662,12.64349,12.471731,11.5413675,10.7942769,9.8044837,9.01658818,7.642106300000001,7.134390800000001,6.064102400000001,5.431394300000001,4.90698122,4.7729383,4.8684843,4.7953367,4.7298413,4.50129936,4.23681524,3.29187226,2.67327524,1.83510614,1.21092988,0.5373662000000001,0.21258838,0.0,0.0,0.0,0.0,0.0,0.0,0.0,0.0,0.0,1.3622889e-05,2.24109244e-05,3.4180186e-05,3.871029000000001e-05,4.602612e-05,3.537160679999999e-05,3.15995682e-05,1.98303066e-05,1.53002026e-05
231023>231080,723,723,SWCu,Swiss Cottage,Jubilee // SB,1451,SOHr,South Hampstead,LO Lioness // NB,Alight-Exit-Interchange-Enter-Board,0.0,0.0,0.0,0.0,0.0,0.0,0.0,0.0,0.0,0.0,0.0,0.0,0.0,0.0,0.0,0.0,0.0,0.0,0.0,0.0,0.0,0.0,0.0,0.0,0.0,0.0,0.0,0.0,0.0,0.0,0.0,0.0,0.0,0.0,0.0,0.0,0.0,0.0,0.0,0.0,0.0,0.0,0.0,0.0,0.0,0.0,0.0,0.0,0.0,0.0,0.0,0.0,0.0,0.0,0.0,0.0,0.0,0.0,0.0,0.0,0.0,0.0,0.0,0.0,0.0,0.0,0.0,0.0,0.0,0.0,0.0,0.0,0.0,0.0,0.0,0.0,0.0,0.0,0.0,0.0,0.0,0.0,0.0,0.0,0.0,0.0,0.0,0.0,0.0,0.0,0.0,0.0,0.0,0.0,0.0,0.0,0.0,0.0,0.0,0.0,0.0,0.0,0.0
231023>231081,723,723,SWCu,Swiss Cottage,Jubilee // SB,1451,SOHr,South Hampstead,LO Lioness // SB,Alight-Exit-Interchange-Enter-Board,0.0,0.0,0.0,0.0,0.0,0.0,0.0,0.0,0.0,0.0,0.0,0.0,0.0,0.0,0.0,0.0,0.0,0.0,0.0,0.0,0.0,0.0,0.0,0.0,0.0,0.0,0.0,0.0,0.0,0.0,0.0,0.0,0.0,0.0,0.0,0.0,0.0,0.0,0.0,0.0,0.0,0.0,0.0,0.0,0.0,0.0,0.0,0.0,0.0,0.0,0.0,0.0,0.0,0.0,0.0,0.0,0.0,0.0,0.0,0.0,0.0,0.0,0.0,0.0,0.0,0.0,0.0,0.0,0.0,0.0,0.0,0.0,0.0,0.0,0.0,0.0,0.0,0.0,0.0,0.0,0.0,0.0,0.0,0.0,0.0,0.0,0.0,0.0,0.0,0.0,0.0,0.0,0.0,0.0,0.0,0.0,0.0,0.0,0.0,0.0,0.0,0.0,0.0
350101>350122,747,784,SWKu,Southwark,EntEx,784,SWKu,Southwark,Jubilee // NB,Enter-Board,1903.883788609703,36.83968412,273.85105514,1078.8175464,384.0543826000001,102.01985766,28.3012626897034,2.05216512,3.40029372,4.29866532,5.04571088,5.15182588,5.26509356,5.20198722,6.42394242,7.04295774,8.23518894,9.82478606,11.5815292,12.7162432,15.3242356,18.8908444,23.9165798,30.6860544,39.15140239999999,45.66214799999999,50.81908540000001,54.81987579999999,54.46460279999999,53.4040552,53.7456378,52.6508876,50.50786320000001,53.25496560000001,54.67010160000001,52.40129420000001,52.36429720000001,49.88078720000001,43.86962680000001,39.1386224,36.60545579999999,34.92320520000001,36.2908652,36.74471279999999,35.68896859999999,38.1942078,37.2007974,37.39249880000001,39.67704920000001,40.48422539999999,40.4429428,39.3968868,37.1200496,35.2707652,34.8442724,32.7597798,32.86627739999999,33.61990520000001,32.16331760000001,30.308898,29.0660228,25.5796128,21.058595,17.5363098,14.5959668,10.9805346,9.613354100000002,8.6016011,7.6782941,6.896761300000001,6.018350820000001,5.620679920000001,4.98027248,4.767564220000001,4.73016842,4.6758183,4.45792348,4.55497304,4.3320058,3.640602700000001,2.73989264,2.03234826,1.23909294,0.4959256400000001,0.13210794,0.0,0.0,0.0,0.0,0.0,0.0,0.0,0.0,0.0,3.461278e-06,6.2698775e-06,7.7771351e-06,9.3732809e-06,6.40762709e-05,0.0001228202629,0.0001209274197,0.0001194201621,0.0001178240163
350101>350123,747,784,SWKu,Southwark,EntEx,784,SWKu,Southwark,Jubilee // SB,Enter-Board,2092.7579002,27.98122054,152.32596346,817.7819586,605.6957600000001,298.8872446,190.085753,0.98620812,1.123512628,1.988584428,2.203283308,2.889724368,4.028374768,6.702473260000001,8.05905966,9.53287706,9.88269196,10.12125836,8.98944996,9.70837636,9.989649760000002,11.0955908,12.8621856,14.9867624,16.7544344,17.94075340000001,20.4619334,23.2050848,24.0415502,23.819362,26.01757640000001,25.42672820000001,25.317527,26.9440994,28.1270614,28.13275700000001,34.0611748,36.1668596,37.7334898,39.28406620000001,38.6617784,36.2197274,34.203645,31.7552316,30.9849458,35.1143886,38.1627848,41.4146306,48.5664536,51.39930500000001,53.021731,51.5648424,54.266997,52.6789828,52.4743444,52.81086679999999,53.811523,53.85003320000001,50.7869624,49.6367404,49.25695520000001,45.7828544,38.774658,37.2545306,32.9587474,27.3266476,22.6401214,22.8781716,20.04282460000001,23.5222868,22.5646508,22.9883624,21.9484018,22.2545466,22.507953,22.8351472,22.56234000000001,26.2640064,30.4029784,24.21248314,21.57643194,20.5925362,12.4862274,4.510421000000001,3.33651886,1.30666246,0.0,0.0,0.0,0.0,0.0,0.0,0.0,0.0,0.0,0.0,0.0,0.0,0.0,0.0,0.0,0.0,0.0
350101>310260,747,784,SWKu,Southwark,EntEx,5158,WAEr,Waterloo East,NR South Eastern // DN,Enter-Board,22.87650662472501,0.0,3.2416374473,13.004191394,4.926063322999999,1.4214963636,0.283118096825,0.0,0.0,0.0,0.0,0.0,0.0,0.0,0.0,0.07078278,0.2086890800000001,0.2277156200000001,0.2286453574600001,0.25316527026,0.18342235506,0.10475437506,0.15835602306,0.2741091956,0.2720944268,0.538671542,0.721231422,0.656537532,0.583597856,0.6516058220000001,0.437457976,0.3160797440000001,0.3766548820000001,0.4204932340000001,0.405071056,0.530957522,0.472120474,0.5810610279999999,0.5318708320000001,0.80928168,0.6692284639999999,0.7471828640000001,0.6089215800000001,0.7289914980000002,0.4023891140000001,0.4850966620000001,0.407515382,0.607911356,0.480788564,0.58102062,0.512355652,0.507111376,0.276194837,0.343834387,0.301860831,0.385293899,0.364574847,0.522555178,0.501900912,0.528805506,0.4269246620000001,0.44980136,0.317205528,0.270312342,0.1613135764,0.1612749664,0.1093657354,0.09753807460000001,0.0764664812,0.1223976468,0.0925246174,0.1031823784,0.0813827294,0.08542847480000001,0.0603093408,0.0559864563,0.0520872331,0.0579084649,0.0482708221,0.02567328664,0.025032492962,0.011566397902,0.005354434874000001,0.0005873116739999999,0.000313148245,0.000291277823,3.8656083e-05,4.057111e-06,4.057111e-06,0.0,0.0,0.0,0.0,0.0,0.0,0.0,0.0,0.0,0.0,0.0,0.0,0.0,0.0
350101>310261,747,784,SWKu,Southwark,EntEx,5158,WAEr,Waterloo East,NR South Eastern // UP,Enter-Board,0.0,0.0,0.0,0.0,0.0,0.0,0.0,0.0,0.0,0.0,0.0,0.0,0.0,0.0,0.0,0.0,0.0,0.0,0.0,0.0,0.0,0.0,0.0,0.0,0.0,0.0,0.0,0.0,0.0,0.0,0.0,0.0,0.0,0.0,0.0,0.0,0.0,0.0,0.0,0.0,0.0,0.0,0.0,0.0,0.0,0.0,0.0,0.0,0.0,0.0,0.0,0.0,0.0,0.0,0.0,0.0,0.0,0.0,0.0,0.0,0.0,0.0,0.0,0.0,0.0,0.0,0.0,0.0,0.0,0.0,0.0,0.0,0.0,0.0,0.0,0.0,0.0,0.0,0.0,0.0,0.0,0.0,0.0,0.0,0.0,0.0,0.0,0.0,0.0,0.0,0.0,0.0,0.0,0.0,0.0,0.0,0.0,0.0,0.0,0.0,0.0,0.0,0.0
350122>350101,747,784,SWKu,Southwark,Jubilee // NB,784,SWKu,Southwark,EntEx,Alight-Exit,1761.162215433403,72.89490753999999,223.7527574,853.431669,327.8134908,218.8022406,64.46715009340264,1.88355362,2.84584152,3.46600076,6.17417376,8.417865699999998,14.53181234,16.76609444,18.8095654,20.0491138,20.849731,17.1146784,17.2177986,18.0641594,17.3174966,16.79048319999999,16.9934528,18.4963284,19.6582166,20.2496572,20.9516414,24.9434384,28.42961780000001,30.86261260000001,33.016502,36.0022536,36.45839640000001,35.44119720000001,35.42336320000001,36.4950506,37.682786,39.5074652,39.1529518,38.667897,37.9782118,37.38013600000001,35.55004680000001,35.78448520000001,37.5133288,38.19099240000001,37.1196576,36.3773706,36.5233836,35.5621174,33.368407,32.7869528,32.6286726,30.638063,28.0005408,27.8369684,26.594573,24.4384912,23.8239,24.680612,25.3682098,25.4250836,25.5914236,25.8731334,24.62537680000001,22.7902232,22.2752172,21.8472154,19.8092608,17.7144272,16.13313680000001,13.9519808,11.9947088,10.933535,10.8540252,10.1202834,9.940705,9.332959080000002,8.777016880000001,7.79897122,7.0121523,4.884617700000002,3.47419842,2.15527602,0.9666692800000002,0.0,0.0,0.0,0.0,0.0,0.0,0.0,0.0,0.0,1.357002e-05,2.218171460000001e-05,3.401447779999999e-05,3.84275698e-05,4.56943394e-05,3.51449958e-05,0.0013799463012,0.001368113538,0.001363700446
350123>350101,747,784,SWKu,Southwark,Jubilee // SB,784,SWKu,Southwark,EntEx,Alight-Exit,2597.333874343695,31.026434784,191.83358208,1123.2643204,673.1460606,439.3733492,138.690127279694,0.589695968,1.159461908,1.647723108,3.18050888,4.31086236,5.97068694,6.18182176,7.98567386,9.00859186,10.89603046,11.33251466,13.7367267,14.6511754,15.2193126,15.5383662,17.3223276,18.482676,20.0579904,21.7057108,23.88215940000001,26.496952,29.2198562,31.52745880000001,34.96712,37.5543998,38.8305556,40.95166540000001,43.170327,45.0787618,46.6527098,50.608513,51.11704420000001,51.26631100000001,52.38873700000001,54.12086040000001,52.25323040000001,52.242463,53.9311288,53.49709940000001,52.55992760000001,53.07457660000001,54.5584168,57.6703376,59.52586820000001,62.7191614,63.8442476,64.22718,60.97538600000001,57.8923868,54.56045600000001,54.00169820000001,52.35132500000001,52.018075,52.257559,51.0151498,47.28343579999999,44.6453804,40.83440039999999,38.7432096,37.7792816,39.3037568,40.0560564,39.9782124,37.5085982,35.56151900000001,31.4250116,27.881821,25.6561018,24.4197536,21.8740634,20.926485,18.7076106,15.8425436,13.6650444,10.209237,6.2662682,4.0104506,2.3171108,0.4465272,0.0,0.0,0.0,0.0,0.0,0.0,0.0,0.0,0.0,3.115201e-05,6.589857799999999e-05,7.772965199999997e-05,9.6710098e-05,0.000104722459,0.001579330369,0.001544583801,0.001532752727
350122>310260,747,784,SWKu,Southwark,Jubilee // NB,5158,WAEr,Waterloo East,NR South Eastern // DN,Alight-Interchange-Board,0.0,0.0,0.0,0.0,0.0,0.0,0.0,0.0,0.0,0.0,0.0,0.0,0.0,0.0,0.0,0.0,0.0,0.0,0.0,0.0,0.0,0.0,0.0,0.0,0.0,0.0,0.0,0.0,0.0,0.0,0.0,0.0,0.0,0.0,0.0,0.0,0.0,0.0,0.0,0.0,0.0,0.0,0.0,0.0,0.0,0.0,0.0,0.0,0.0,0.0,0.0,0.0,0.0,0.0,0.0,0.0,0.0,0.0,0.0,0.0,0.0,0.0,0.0,0.0,0.0,0.0,0.0,0.0,0.0,0.0,0.0,0.0,0.0,0.0,0.0,0.0,0.0,0.0,0.0,0.0,0.0,0.0,0.0,0.0,0.0,0.0,0.0,0.0,0.0,0.0,0.0,0.0,0.0,0.0,0.0,0.0,0.0,0.0,0.0,0.0,0.0,0.0,0.0
350122>310261,747,784,SWKu,Southwark,Jubilee // NB,5158,WAEr,Waterloo East,NR South Eastern // UP,Alight-Interchange-Board,234.621810318356,0.0,28.88801524400001,194.2108135000001,9.248148484,2.046671101228001,0.228161989128,0.0,0.0,0.0,0.0,0.0,0.0,0.0,0.0,0.002765484,0.002765484,0.100939912,0.694118232,0.895603932,2.049782528,3.208076828,4.00477592,3.6988029,4.850020300000002,3.762133112,5.618230612000001,5.311585892,8.081069192000001,6.819529332,11.01679944,8.368765840000002,14.48748204,12.3108237,15.96225966,11.9628933,15.3436431,10.3236803,11.61005564,8.633503300000001,10.20463526,6.960656120000001,6.49600602,5.13785582,6.32403516,4.76721172,4.78795118,3.69954326,3.18746516,1.258746862,1.154616202,0.7762174520000001,0.953775492,0.865102532,0.97526433,0.93284777,0.95063599,0.7325163160000001,0.684999164,0.6248298520000001,0.646415752,0.53274429,0.572799544,0.416215485,0.4021470250000001,0.276611433,0.2354148864,0.1128785148,0.1635881858,0.1193214938,0.09363586300000001,0.08525218625939998,0.07438219473060001,0.020274491719,0.046949341719,0.053843901919,0.0538415072512,0.0538325529022,0.0539685347138,0.0121308076142,0.0001702977522,0.0001665877606,0.0001641052384,2.302643840000001e-05,2.0667538e-05,0.0,0.0,0.0,0.0,0.0,0.0,0.0,0.0,0.0,0.0,0.0,0.0,0.0,0.0,0.0,0.0,0.0,0.0
350123>310260,747,784,SWKu,Southwark,Jubilee // SB,5158,WAEr,Waterloo East,NR South Eastern // DN,Alight-Interchange-Board,1930.06974676,0.2751812,172.0339675,1085.8910532,416.5551282000001,206.62889984,48.68551682,0.0,0.0,0.0,0.0,0.0,0.0,0.0,0.2751812,0.75989604,1.4037229,2.9787449,4.03105938,6.79843798,10.69524354,14.44404788,19.16944128,24.2738564,27.6594856,28.0560024,31.7640292,31.9665648,35.7763224,36.79535139999999,42.5130722,44.61914560000001,52.70252660000001,50.5753682,55.03408660000001,54.0378566,59.7479892,52.1201678,56.1759784,51.14348860000001,53.95995720000001,43.6366536,44.813226,39.9004398,46.3768492,38.68335620000001,42.0946538,38.60318239999999,41.90980860000001,33.59156580000001,39.1134422,34.38892979999999,37.32053260000001,30.93337540000001,35.0778974,30.053226,35.9651816,33.09671160000001,40.85851940000001,36.18164300000001,37.94023720000001,31.150462,33.5884122,24.7953068,24.2677852,19.6998936,21.39638260000001,17.3467456,18.366008,16.5906364,17.2338322,13.13627546,12.59669006,10.22000326,10.97934066,8.076671294,9.478051234,7.795659774000001,7.343914374000001,5.067410833999999,5.14821204,2.788424478,1.915343738,0.853988938,0.174789478,0.043050638,0.0,0.0,0.0,0.0,0.0,0.0,0.0,0.0,0.0,0.0,0.0,0.0,0.0,0.0,0.0,0.0,0.0
350123>310261,747,784,SWKu,Southwark,Jubilee // SB,5158,WAEr,Waterloo East,NR South Eastern // UP,Alight-Interchange-Board,0.0,0.0,0.0,0.0,0.0,0.0,0.0,0.0,0.0,0.0,0.0,0.0,0.0,0.0,0.0,0.0,0.0,0.0,0.0,0.0,0.0,0.0,0.0,0.0,0.0,0.0,0.0,0.0,0.0,0.0,0.0,0.0,0.0,0.0,0.0,0.0,0.0,0.0,0.0,0.0,0.0,0.0,0.0,0.0,0.0,0.0,0.0,0.0,0.0,0.0,0.0,0.0,0.0,0.0,0.0,0.0,0.0,0.0,0.0,0.0,0.0,0.0,0.0,0.0,0.0,0.0,0.0,0.0,0.0,0.0,0.0,0.0,0.0,0.0,0.0,0.0,0.0,0.0,0.0,0.0,0.0,0.0,0.0,0.0,0.0,0.0,0.0,0.0,0.0,0.0,0.0,0.0,0.0,0.0,0.0,0.0,0.0,0.0,0.0,0.0,0.0,0.0,0.0
310260>350122,747,5158,WAEr,Waterloo East,NR South Eastern // DN,784,SWKu,Southwark,Jubilee // NB,Alight-Interchange-Board,0.0,0.0,0.0,0.0,0.0,0.0,0.0,0.0,0.0,0.0,0.0,0.0,0.0,0.0,0.0,0.0,0.0,0.0,0.0,0.0,0.0,0.0,0.0,0.0,0.0,0.0,0.0,0.0,0.0,0.0,0.0,0.0,0.0,0.0,0.0,0.0,0.0,0.0,0.0,0.0,0.0,0.0,0.0,0.0,0.0,0.0,0.0,0.0,0.0,0.0,0.0,0.0,0.0,0.0,0.0,0.0,0.0,0.0,0.0,0.0,0.0,0.0,0.0,0.0,0.0,0.0,0.0,0.0,0.0,0.0,0.0,0.0,0.0,0.0,0.0,0.0,0.0,0.0,0.0,0.0,0.0,0.0,0.0,0.0,0.0,0.0,0.0,0.0,0.0,0.0,0.0,0.0,0.0,0.0,0.0,0.0,0.0,0.0,0.0,0.0,0.0,0.0,0.0
310260>350123,747,5158,WAEr,Waterloo East,NR South Eastern // DN,784,SWKu,Southwark,Jubilee // SB,Alight-Interchange-Board,350.98375827413,0.0,0.3592549565299999,56.3032534276,135.57088164,111.45460424,47.29576401000001,0.0,0.0,0.0,0.0,0.0,0.0,0.0,0.0,0.0,7.9905766e-05,0.000231213346,0.012751417346,0.012751417346,0.013242815826,0.01356455346,0.02889013868000001,0.02575431068,0.02924320748,0.09327951699999999,0.1294664596,0.1407981008,0.2493373848,0.294573252,0.27345276,0.351998934,0.48177766,0.6053245,0.6975272159999999,0.7354054520000001,0.915889012,1.126579832,1.269672532,1.520425492,1.87465396,1.98962748,2.20892314,2.4311078,3.061266760000001,3.84020958,5.073141940000001,5.484359600000001,6.397907460000001,7.270331860000002,8.00896172,7.48747692,9.01999572,9.569386999999999,9.7676814,10.506488,12.35168,12.2965554,11.76774012,11.74030792,10.92791692,14.35421092,15.78144132,16.8318576,17.28938500000001,16.68977060000001,10.925457,7.87107528,6.390477780000001,4.937571820000001,4.65720162,6.84576702,6.91525068,6.388744120000001,5.712045720000001,6.089199120000001,3.46569557,2.69232267,2.72746253,7.67201809,6.48696959,6.29269594,6.148550900000001,5.529227099999999,0.1916225000000001,0.0,0.0,0.0,0.0,0.0,0.0,0.0,0.0,0.0,0.0,0.0,0.0,0.0,0.0,0.0,0.0,0.0,0.0
310261>350122,747,5158,WAEr,Waterloo East,NR South Eastern // UP,784,SWKu,Southwark,Jubilee // NB,Alight-Interchange-Board,2486.7839448,0.0,260.2480225,883.7110368000002,792.1226934000003,470.0486432600001,80.65354883999998,0.0,0.0,0.0,0.0,0.0,0.0,0.0,0.0,0.0,15.465876,15.465876,24.7000892,27.0869964,35.330065,21.35226226,28.18107306,20.57221366,25.15775646,18.81476326,28.1210512,24.156374,30.74952680000001,25.881458,35.84861360000001,27.7358222,33.54037660000001,28.0972066,36.24457640000001,27.3280418,35.82546679999999,30.1696564,39.16697840000001,32.21393939999999,39.830409,31.1109018,40.9445802,31.4801928,41.51903280000001,34.27719,48.4366124,39.1540304,56.02134120000001,46.56683720000001,67.41187200000002,56.56718040000001,81.7253204,68.37039120000001,87.3905412,66.67523120000001,83.16766679999999,58.6886218,67.87117900000001,48.11670460000001,64.6531286,47.3795806,61.51714760000001,51.91853880000001,64.1930892,46.48908880000001,53.25310880000001,37.1688952,44.2450808,30.06683606,37.10105046,26.93091226,32.17226066,20.99240054,25.51738168,17.54178962,18.07406282,10.8575009,11.47755642,6.375014220000002,6.05554562,3.93628462,3.61507574,1.69409354,1.02662534,0.0,0.0,0.0,0.0,0.0,0.0,0.0,0.0,0.0,0.0,0.0,0.0,0.0,0.0,0.0,0.0,0.0,0.0
310261>350123,747,5158,WAEr,Waterloo East,NR South Eastern // UP,784,SWKu,Southwark,Jubilee // SB,Alight-Interchange-Board,0.0,0.0,0.0,0.0,0.0,0.0,0.0,0.0,0.0,0.0,0.0,0.0,0.0,0.0,0.0,0.0,0.0,0.0,0.0,0.0,0.0,0.0,0.0,0.0,0.0,0.0,0.0,0.0,0.0,0.0,0.0,0.0,0.0,0.0,0.0,0.0,0.0,0.0,0.0,0.0,0.0,0.0,0.0,0.0,0.0,0.0,0.0,0.0,0.0,0.0,0.0,0.0,0.0,0.0,0.0,0.0,0.0,0.0,0.0,0.0,0.0,0.0,0.0,0.0,0.0,0.0,0.0,0.0,0.0,0.0,0.0,0.0,0.0,0.0,0.0,0.0,0.0,0.0,0.0,0.0,0.0,0.0,0.0,0.0,0.0,0.0,0.0,0.0,0.0,0.0,0.0,0.0,0.0,0.0,0.0,0.0,0.0,0.0,0.0,0.0,0.0,0.0,0.0
310260>350101,747,5158,WAEr,Waterloo East,NR South Eastern // DN,784,SWKu,Southwark,EntEx,Alight-Exit,0.0,0.0,0.0,0.0,0.0,0.0,0.0,0.0,0.0,0.0,0.0,0.0,0.0,0.0,0.0,0.0,0.0,0.0,0.0,0.0,0.0,0.0,0.0,0.0,0.0,0.0,0.0,0.0,0.0,0.0,0.0,0.0,0.0,0.0,0.0,0.0,0.0,0.0,0.0,0.0,0.0,0.0,0.0,0.0,0.0,0.0,0.0,0.0,0.0,0.0,0.0,0.0,0.0,0.0,0.0,0.0,0.0,0.0,0.0,0.0,0.0,0.0,0.0,0.0,0.0,0.0,0.0,0.0,0.0,0.0,0.0,0.0,0.0,0.0,0.0,0.0,0.0,0.0,0.0,0.0,0.0,0.0,0.0,0.0,0.0,0.0,0.0,0.0,0.0,0.0,0.0,0.0,0.0,0.0,0.0,0.0,0.0,0.0,0.0,0.0,0.0,0.0,0.0
310261>350101,747,5158,WAEr,Waterloo East,NR South Eastern // UP,784,SWKu,Southwark,EntEx,Alight-Exit,36.13426774848011,0.0,3.80186552176,13.9678121682552,7.093478787354121,9.58044222688158,1.6906690442292,0.0,0.0,0.0,0.0,0.0,0.0,0.0,0.0,0.0,0.32155544,0.32155544,0.414596026,0.446428214,0.611995874,0.320962316,0.356987366,0.2800709332,0.3232313552,0.15787833968,0.24660421768,0.25235551768,0.3343811524800001,0.259455275362,0.427375582882,0.308169269252,0.381387859252,0.2832651875459999,0.353694194664,0.206203287464,0.390151641094,0.325304013094,0.4744355968,0.4248546088,0.535392004,0.351409196882,0.506796984882,0.373097105682,1.040221153682,0.9090438015612002,1.3476321486792,1.142100252199,1.427237731399,0.8254606753990001,1.0883879275198,0.6497946360242001,0.9866317325044001,0.6860370993881999,0.7577305753882,0.49480060553834,0.63532379103394,0.29848462768104,0.35622834079724,0.22588693279724,0.4294528826471,0.28892845010066,1.28417911345356,1.42116431345356,1.63400488145356,1.53956713345356,1.762957192,0.7677058915016199,0.69618488350162,0.45573093516962,0.44577430316962,0.22238381813782,0.2751870386362,0.1542471620362,0.2055346743682,0.1063633084008,0.1415895114326,0.09713350023260002,0.2032355248326,0.1519487688282,0.2714249547956,0.2393571167956,0.2310442125796,0.1226724925796,0.122671304584,0.003193544584,3.480458400000001e-05,0.0,0.0,0.0,0.0,0.0,0.0,0.0,0.0,0.0,0.0,0.0,0.0,0.0,0.0,0.0,0.0
570501>570522,752,752,WPKu,Wembley Park,EntEx,752,WPKu,Wembley Park,Jubilee // NB,Enter-Board,1053.85867244,20.86945324,88.6239766,513.8278465999998,260.4313108,124.6000856,45.50599960000001,0.91682258,1.59949388,2.33186026,2.5586634,2.98542704,3.240158040000001,3.58472754,3.6523005,4.38896886,5.016887880000001,5.44779716,5.431971660000001,6.120242800000002,7.030541520000003,7.759574860000002,8.051184580000001,9.17237208,9.8441742,10.167013,10.193248,11.7840224,12.1018394,12.7562064,14.1537424,14.769222,14.6547622,15.577522,16.093076,16.985926,18.9314604,20.6510216,21.51608,23.9396842,24.6710144,24.535759,25.2723746,25.6414658,24.5682716,23.9307942,25.182624,29.9132244,31.7777392,31.65126160000001,32.7687528,31.5765998,27.4146218,24.9023096,25.4192524,23.3115062,23.9918044,21.00182700000001,19.1550096,16.8892266,16.53868820000001,15.0317148,15.1987504,15.1728758,15.1965174,16.9360564,15.2137016,13.1602878,12.12170326,10.53224856,6.369257080000001,5.564166,5.27904732,5.006124940000001,4.04809944,3.69410306,3.26644898,3.47256586,3.65299546,4.04911414,4.22017938,5.09196482,5.40117702,4.445414540000002,3.76810866,3.00282488,1.4411028,0.0,0.0,0.0,0.0,0.0,0.0,0.0,0.0,0.0,0.0,0.0,0.0,0.0,0.0,0.0,0.0
570501>570523,752,752,WPKu,Wembley Park,EntEx,752,WPKu,Wembley Park,Jubilee // SB,Enter-Board,6135.810284359,433.7621444000001,693.9382074,2882.228987,1074.7609492,529.6235088000001,521.496487559,21.8654362,31.1586722,46.1253262,64.0990256,65.8116346,71.881388,68.50110140000001,64.31956020000001,48.82462700000001,50.33624499999999,40.2626404,44.3217476,42.2083368,45.265768,49.75073999999999,60.6372066,65.56506800000001,74.463376,83.62901,88.67344200000001,89.82767999999999,92.754612,96.9731868,102.0353548,102.8012948,105.4468788,110.8110856,111.6210548,114.4227228,122.8799448,124.7275288,127.507798,128.048754,126.193886,122.5374368,124.0409188,121.4271988,119.3962268,118.9640848,120.93177,144.635846,150.204122,153.538376,150.501225,144.357879,114.310915,104.119299,97.312505,92.69954,85.2938,81.546244,78.46013,74.54024799999999,72.27771100000002,68.21990579999999,61.6227724,53.05866440000001,50.14574280000001,64.95899580000001,63.49489980000001,60.00790820000001,58.34730280000001,52.1925516,28.821482,25.1070592,24.5496366,24.180588,24.7586776,23.488673,24.351145,25.8425574,24.7744386,90.0927978,86.05628400000002,81.31415056000002,75.24098576000002,71.25471456000002,0.70982256,0.28621056,0.0,0.0,0.0,0.0,0.0,0.0,0.0,0.006407836,0.0105079452,0.0163487898,0.018569379,0.024970961,0.0206454758,2.1100691666,5.296010322000001,5.293789732800001,5.2873881508
570501>570524,752,752,WPKu,Wembley Park,EntEx,752,WPKu,Wembley Park,Metropolitan // NB,Enter-Board,1947.49973604,8.15802504,223.62475226,890.0158006000003,457.686156,286.0073274,82.00767474,0.0,0.0,0.0,0.0,0.0,0.49132448,1.79112678,5.87557378,8.805304379999997,11.49344838,14.9271673,16.2594014,15.6355772,16.0406362,17.58000160000001,20.0060568,23.6401192,25.5469204,26.8253572,26.8647622,25.15565740000001,23.0886114,23.321403,23.4856912,24.6845994,24.5198566,26.3061992,27.5289764,30.3729004,33.83526079999999,37.3668026,39.11376800000001,40.97194280000001,43.68353560000001,42.46803660000001,43.9552544,44.3736456,43.3417974,42.94819320000001,45.93100260000001,49.863182,50.86175600000001,51.76620260000001,51.07152540000001,47.35848740000001,43.1984568,41.27132540000001,41.18321640000001,41.04901779999999,42.49611179999999,38.2621188,37.6598332,34.259514,31.6158876,28.0926832,31.23950360000001,29.03380200000001,29.32703040000001,30.3293986,33.42617360000001,28.0678518,26.37284,24.3470286,22.992961,16.8617702,15.8538328,15.4913084,13.90333,9.07218128,9.46562368,9.96082168,9.29945928,9.83634508,9.87199954,8.14827638,5.974323888000001,4.936751348,2.655089148,1.335357808,0.7937093679999999,0.65773626,0.0,0.0,0.0,0.0,0.0,0.0,0.0,0.0,0.0,0.0,0.0,0.0,0.0,0.0,0.0
570501>570525,752,752,WPKu,Wembley Park,EntEx,752,WPKu,Wembley Park,Metropolitan // SB,Enter-Board,8269.8917136,66.9769522,1206.7173518,4189.597863999999,1720.5233316,852.5326014000001,233.5436126,0.0,0.0,0.0,0.0,0.0,5.5158734,22.0251894,39.43588940000001,51.03695940000001,62.73586000000001,73.62083860000001,77.2266046,76.7575946,85.12565460000002,100.110594,118.02856,124.579174,135.510436,148.475754,153.509322,151.131172,155.550842,163.43065,170.478182,174.786266,177.64948,184.492978,190.394124,190.665736,192.996686,189.221588,185.38291,175.137296,168.308166,162.364948,163.351284,158.552842,154.283042,150.767042,155.446148,186.580344,192.756472,197.728274,198.141392,189.837672,155.574102,152.39775,152.145826,151.057386,148.015386,145.640782,141.934132,133.0777548,128.1615688,117.256388,105.424584,88.8350554,84.32535060000002,100.4723066,99.3623974,96.0527264,92.4483456,82.44079959999999,51.07860360000001,43.9491146,38.47400600000001,37.5188034,37.5750922,35.4355654,35.0222902,36.0087898,35.6343066,29.9557238,24.5187586,18.58527052,11.70421252,4.64293772,1.78048972,0.25526772,0.0,0.0,0.0,0.0,0.0,0.0,0.0,0.0,0.0,0.0,0.0,0.0,0.0,0.0,0.0,0.0,0.0
570522>570501,752,752,WPKu,Wembley Park,Jubilee // NB,752,WPKu,Wembley Park,EntEx,Alight-Exit,5191.632922985831,179.81687386,281.3674224,1908.6917454,1382.133265,948.5928425999998,491.030773725828,5.090521799999999,9.457643,17.970494,21.86575706,30.6824894,32.01779639999999,34.6078568,28.1243154,28.8599748,25.5582366,23.5810702,21.2605246,22.3347256,20.77042740000001,18.428881,19.47660680000001,20.8082832,24.3137196,26.14063,29.8343426,33.338723,36.5636974,40.2000924,48.3408128,55.29831,62.74175279999999,70.12389200000001,77.39689720000001,82.01408320000002,87.4110512,95.05353120000001,96.8562492,101.715618,98.185842,97.287476,87.52197000000002,87.62918200000001,80.17201499999999,85.71920899999999,83.387091,92.896857,93.150831,106.986182,108.70038,118.111868,112.286762,117.727582,109.140467,113.860247,107.649083,116.983425,111.504197,119.654036,113.696394,123.360658,118.158546,122.878016,108.77627,104.7589208,89.48223879999999,80.00175279999998,69.1343468,67.24013719999999,62.88577700000001,61.89946500000001,62.261315,60.60290380000001,58.67169939999999,57.2170776,53.9121492,53.44222480000001,51.94056200000001,49.16541340000001,49.72776540000001,50.47098279999999,43.7539716,34.3610596,26.7447442,15.4038834,4.887756400000002,0.0,0.0,0.0,0.0,0.0,0.0,0.0,0.0,0.0,0.0001428500280000001,0.000380198348,0.000466644822,0.0006406494820000001,0.0006920105080000001,0.0005491604800000001,0.00031181216
570522>570524,752,752,WPKu,Wembley Park,Jubilee // NB,752,WPKu,Wembley Park,Metropolitan // NB,Alight-Interchange-Board,969.3976007000001,3.91636666,125.97145894,429.3233026,213.1096314,136.8860024,60.19083870000001,0.0,0.0,0.0,0.0,0.0,0.4452157,1.36617536,2.1049756,3.7087824,6.298946400000001,7.1310879,7.41952744,8.867739199999999,9.3032772,9.2186124,11.5806518,13.6884352,15.3440574,16.4275592,16.9827824,15.6616778,15.4240688,14.4204066,14.6623618,15.3378994,16.3750232,16.2462512,16.9540752,17.2990162,17.8469644,17.7014406,19.8052044,19.6719804,20.6047456,19.46531400000001,20.3234288,18.349409,19.0753016,17.407108,19.0394184,18.71756060000001,20.2798422,18.5174288,20.1373756,17.942882,17.879904,16.5374782,18.1991194,16.4647258,17.8570618,17.1898604,18.5572024,17.9693344,18.7453486,17.3275704,18.439144,16.3858764,15.9265874,15.4224084,15.2396462,12.9014538,11.9947422,10.58709286,9.13852226,7.91777258,7.31088818,7.08672192,6.9742902,6.467418400000001,6.502874380000002,5.991196220000001,6.339465280000002,5.959807540000001,6.310476240000002,5.406316680000002,6.230987140000001,4.399120140000001,3.307323540000001,1.78039444,1.4954587,0.0,0.0,0.0,0.0,0.0,0.0,0.0,0.0,0.0,0.0,0.0,0.0,0.0,0.0,0.0,0.0
570522>570525,752,752,WPKu,Wembley Park,Jubilee // NB,752,WPKu,Wembley Park,Metropolitan // SB,Alight-Interchange-Board,87.68191906299998,0.2350344,19.765240936,44.028256664,15.706667752,6.454385991800001,1.4923333192,0.0,0.0,0.0,0.0,0.0,0.0,0.1175172,0.1175172,0.1175172,0.28638514,0.28638514,0.7653913400000001,1.41799612,1.8486713,2.08855848,3.01983394,2.9473182,2.453095312,2.338896312,2.195192452,1.496141072,1.243820832,1.3807178,1.3901839,1.49713052,1.56836104,1.54451942,1.81049068,1.99602306,1.97429626,2.17211778,2.2835458,2.1389642,1.90211844,1.91116504,1.74813218,1.80935062,1.73253696,1.83700324,1.86089522,2.16010976,2.09457932,2.20933032,2.2667232,2.3125575,1.799226372,1.465087508,1.214823708,1.059630468,0.906884988,1.050479676,1.27532712,1.239626568,1.260187068,1.054355368,1.068481408,0.91886136,0.928840452,0.7221275920000001,0.6945985500000001,0.472645218,0.578331166,0.471003826,0.423180978,0.4458795640000001,0.3947430850000001,0.231165949,0.1730082518,0.1421960318,0.08137420560000001,0.0959036074,0.05774444340000001,0.04697151480000001,0.2319250228,0.2271105250000001,0.2038235342,0.2038235342,0.2014609000000001,0.0,0.0,0.0,0.0,0.0,0.0,0.0,0.0,0.0,0.0,0.0,0.0,0.0,0.0,0.0,0.0,0.0,0.0
570522>570526,752,752,WPKu,Wembley Park,Jubilee // NB,752,WPKu,Wembley Park,Metropolitan (Fast) // NB,Alight-Interchange-Board,0.0,0.0,0.0,0.0,0.0,0.0,0.0,0.0,0.0,0.0,0.0,0.0,0.0,0.0,0.0,0.0,0.0,0.0,0.0,0.0,0.0,0.0,0.0,0.0,0.0,0.0,0.0,0.0,0.0,0.0,0.0,0.0,0.0,0.0,0.0,0.0,0.0,0.0,0.0,0.0,0.0,0.0,0.0,0.0,0.0,0.0,0.0,0.0,0.0,0.0,0.0,0.0,0.0,0.0,0.0,0.0,0.0,0.0,0.0,0.0,0.0,0.0,0.0,0.0,0.0,0.0,0.0,0.0,0.0,0.0,0.0,0.0,0.0,0.0,0.0,0.0,0.0,0.0,0.0,0.0,0.0,0.0,0.0,0.0,0.0,0.0,0.0,0.0,0.0,0.0,0.0,0.0,0.0,0.0,0.0,0.0,0.0,0.0,0.0,0.0,0.0,0.0,0.0
570522>570527,752,752,WPKu,Wembley Park,Jubilee // NB,752,WPKu,Wembley Park,Metropolitan (Fast) // SB,Alight-Interchange-Board,0.0,0.0,0.0,0.0,0.0,0.0,0.0,0.0,0.0,0.0,0.0,0.0,0.0,0.0,0.0,0.0,0.0,0.0,0.0,0.0,0.0,0.0,0.0,0.0,0.0,0.0,0.0,0.0,0.0,0.0,0.0,0.0,0.0,0.0,0.0,0.0,0.0,0.0,0.0,0.0,0.0,0.0,0.0,0.0,0.0,0.0,0.0,0.0,0.0,0.0,0.0,0.0,0.0,0.0,0.0,0.0,0.0,0.0,0.0,0.0,0.0,0.0,0.0,0.0,0.0,0.0,0.0,0.0,0.0,0.0,0.0,0.0,0.0,0.0,0.0,0.0,0.0,0.0,0.0,0.0,0.0,0.0,0.0,0.0,0.0,0.0,0.0,0.0,0.0,0.0,0.0,0.0,0.0,0.0,0.0,0.0,0.0,0.0,0.0,0.0,0.0,0.0,0.0
570523>570501,752,752,WPKu,Wembley Park,Jubilee // SB,752,WPKu,Wembley Park,EntEx,Alight-Exit,964.0573921600003,48.0896625,76.86714618000002,503.5163064800001,207.410221,96.93042951999998,31.24362648,3.297716,4.1717044,6.619038600000001,6.826659660000002,8.204770400000001,6.655419860000001,6.839508120000001,5.474845460000001,5.836185260000001,4.94840516,5.000634,5.144103820000002,5.13247828,5.86413508,6.603572280000002,6.922463580000001,7.340667100000001,7.71458064,8.170726440000001,8.189194540000003,9.827628140000002,11.41608354,13.877319,15.1364274,17.2901016,19.5299586,21.0436468,22.0445712,22.8437034,22.7406238,23.0370654,22.7513432,23.5779362,23.4689214,25.821704,24.5805824,25.1017074,22.6284038,24.1196108,21.3486434,21.7657572,20.9988332,24.6506216,23.915113,25.619165,25.312944,25.3641498,21.0420658,19.0861228,15.6561586,13.9004348,12.0664788,12.5747594,11.6918208,12.7099172,12.386204,13.0271246,11.3367394,11.1606806,10.1405616,9.9650168,8.08459152,7.780727520000001,6.5523576,5.644106200000001,4.8416312,4.48100774,3.91588474,3.903634260000001,3.86224926,3.229614300000001,3.47243164,3.3916712,3.06801866,3.25943586,2.86233822,1.81202682,1.35376566,1.0284406,0.0,0.0,0.0,0.0,0.0,0.0,0.0,0.0,0.0,0.0,0.0,0.0,0.0,0.0,0.0,0.0,0.0
570523>570524,752,752,WPKu,Wembley Park,Jubilee // SB,752,WPKu,Wembley Park,Metropolitan // NB,Alight-Interchange-Board,396.92070846,1.195416962,83.600800048,200.7375573600001,63.65911232000001,37.09726216000001,10.63055961,0.0,0.0,0.0,0.0,0.0,0.03891535400000001,0.2482672340000001,0.9082343740000002,3.396451774,4.029342094,5.88276634,6.87707152,6.95359216,6.063586760000002,7.56920584,8.571926440000002,8.38504078,9.187927,8.73350572,7.950383620000001,6.787635420000001,7.526106220000001,7.45479272,8.0769822,8.467549900000002,8.9983939,9.0163469,9.07716366,8.57743492,8.67793752,8.79860252,8.61324464,9.14741538,9.41516966,9.05933406,8.13521116,8.57625844,8.15780724,8.5814789,8.663241699999999,8.748344079999999,8.03124518,7.65435926,6.495501780000001,5.95636898,5.46129738,5.40351082,5.11774746,4.99767568,4.70569298,5.191521499999999,5.10466284,5.209942,5.436393760000001,5.935945660000002,5.13835326,5.184913180000001,4.59239562,4.197141200000001,3.60060626,3.56609394,2.70122364,2.87828886,2.62408954,2.263275360000001,1.88173686,1.98827724,1.61922046,1.56859238,1.5754612,1.53957066,1.42643482,1.234511268,1.144390158,0.929796518,0.6437728779999999,0.301538238,0.19074423,0.07574726,0.0,0.0,0.0,0.0,0.0,0.0,0.0,0.0,0.0,0.0,0.0,0.0,0.0,0.0,0.0,0.0,0.0
570523>570525,752,752,WPKu,Wembley Park,Jubilee // SB,752,WPKu,Wembley Park,Metropolitan // SB,Alight-Interchange-Board,1180.6302784,11.6786278,259.2152684,631.957323,186.71016568,72.20861536000001,18.86027816,0.0,0.0,0.0,0.0,0.0,0.0,4.0477646,7.630863199999999,10.1844202,12.3397654,17.171696,18.3030384,20.0231156,22.168643,26.1262876,26.261283,26.814911,26.1298374,26.999285,26.6929858,27.337254,26.609473,27.01488800000001,26.805303,26.8553156,26.80560400000001,27.3715568,26.8568646,28.2641026,31.29679,32.12549480000001,33.20339600000001,33.53327220000001,31.85116,27.7587688,26.45051280000001,23.199926,22.7062668,21.47769,21.1362342,19.43816360000001,21.462005,21.0197794,21.3775018,20.1071676,20.2256488,17.7209518,17.1187654,14.9635154,14.5113248,14.1900328,15.1482416,14.518654,13.98287656,13.02593446,11.19705246,9.63605466,8.15765826,7.832006599999999,6.762340300000001,6.74072898,5.170035780000001,4.70311814,4.389203640000002,5.33926744,4.544297220000002,4.59702984,4.3368745,4.082736300000001,2.72615262,2.4305412,1.87070216,1.60844958,1.74761158,1.44772106,1.20774602,0.97096904,0.7676486,0.0,0.0,0.0,0.0,0.0,0.0,0.0,0.0,0.0,0.0,0.0,0.0,0.0,0.0,0.0,0.0,0.0,0.0
570523>570526,752,752,WPKu,Wembley Park,Jubilee // SB,752,WPKu,Wembley Park,Metropolitan (Fast) // NB,Alight-Interchange-Board,0.0,0.0,0.0,0.0,0.0,0.0,0.0,0.0,0.0,0.0,0.0,0.0,0.0,0.0,0.0,0.0,0.0,0.0,0.0,0.0,0.0,0.0,0.0,0.0,0.0,0.0,0.0,0.0,0.0,0.0,0.0,0.0,0.0,0.0,0.0,0.0,0.0,0.0,0.0,0.0,0.0,0.0,0.0,0.0,0.0,0.0,0.0,0.0,0.0,0.0,0.0,0.0,0.0,0.0,0.0,0.0,0.0,0.0,0.0,0.0,0.0,0.0,0.0,0.0,0.0,0.0,0.0,0.0,0.0,0.0,0.0,0.0,0.0,0.0,0.0,0.0,0.0,0.0,0.0,0.0,0.0,0.0,0.0,0.0,0.0,0.0,0.0,0.0,0.0,0.0,0.0,0.0,0.0,0.0,0.0,0.0,0.0,0.0,0.0,0.0,0.0,0.0,0.0
570523>570527,752,752,WPKu,Wembley Park,Jubilee // SB,752,WPKu,Wembley Park,Metropolitan (Fast) // SB,Alight-Interchange-Board,0.0,0.0,0.0,0.0,0.0,0.0,0.0,0.0,0.0,0.0,0.0,0.0,0.0,0.0,0.0,0.0,0.0,0.0,0.0,0.0,0.0,0.0,0.0,0.0,0.0,0.0,0.0,0.0,0.0,0.0,0.0,0.0,0.0,0.0,0.0,0.0,0.0,0.0,0.0,0.0,0.0,0.0,0.0,0.0,0.0,0.0,0.0,0.0,0.0,0.0,0.0,0.0,0.0,0.0,0.0,0.0,0.0,0.0,0.0,0.0,0.0,0.0,0.0,0.0,0.0,0.0,0.0,0.0,0.0,0.0,0.0,0.0,0.0,0.0,0.0,0.0,0.0,0.0,0.0,0.0,0.0,0.0,0.0,0.0,0.0,0.0,0.0,0.0,0.0,0.0,0.0,0.0,0.0,0.0,0.0,0.0,0.0,0.0,0.0,0.0,0.0,0.0,0.0
570524>570501,752,752,WPKu,Wembley Park,Metropolitan // NB,752,WPKu,Wembley Park,EntEx,Alight-Exit,8719.075377299998,5.98001912,407.91504978,3417.441573399999,2144.260896000001,1813.995806,929.4820330000002,0.0,0.0,0.0,0.0,0.0,0.0,1.26653146,4.71348766,10.66221286,14.35197286,23.17359766,28.688243,30.9955604,32.75472480000001,36.01102040000001,35.64121060000001,39.2747784,46.2390182,51.1828046,58.93990600000001,68.40503580000001,77.3075632,85.3030718,100.5717398,115.0850008,130.944256,147.795368,163.42528,173.743672,181.961154,183.083596,182.171062,175.848722,164.420368,151.1420908,142.5834688,134.2872408,132.1479228,133.3579488,139.272846,141.801948,150.559608,164.861008,177.361602,181.528322,184.885052,183.110366,178.293918,175.124606,175.763834,177.852914,178.009714,175.822368,173.548644,176.896736,183.424422,185.259966,180.325342,173.24249,164.42123,155.3815880000001,150.487258,144.699004,142.998342,139.769816,131.932902,123.779252,121.698616,119.2998,113.550885,109.713879,102.349755,97.232827,85.2453582,77.12954559999999,65.5060756,59.4683696,42.2089296,30.3007624,17.990716,9.48513,0.0,0.0,0.0,0.0,0.0,0.0,0.0,0.0,0.0,0.0,0.0,0.0,0.0,0.0,0.0
570524>570522,752,752,WPKu,Wembley Park,Metropolitan // NB,752,WPKu,Wembley Park,Jubilee // NB,Alight-Interchange-Board,1359.532163705,0.3240241,57.58471117,459.7066566000001,406.6605474,300.7800446,134.476179835,0.0,0.0,0.0,0.0,0.0,0.0,0.02783872000000001,0.29618538,1.02223052,1.219219294,2.400796974,3.161346934,3.863006674000001,3.965993134,4.66737556,5.50583308,6.3412156,7.476926000000002,8.5694242,9.3913432,9.4131576,9.601258,10.2163458,10.8695182,11.3961132,12.7033268,14.3153318,15.178982,17.38694379999999,20.6916348,20.7914684,22.0237384,22.8237048,21.9097264,20.531645,21.7498802,22.2095088,22.2999876,23.38106800000001,23.4291702,24.1745394,25.1442842,27.77225360000001,29.6930696,32.2767194,32.6667408,33.5259374,34.094146,33.707474,34.34267440000001,35.70299180000001,35.8893172,34.13978239999999,34.4904016,33.378943,32.4454194,30.9315046,30.6512098,28.034544,27.436356,26.585817,24.7186108,24.32766100000001,23.1010934,22.8760194,21.1677754,21.627963,19.3214902,19.6069648,16.5209762,16.2442068,14.1123558,15.0564478,13.662713,11.263171487,10.354479087,8.276221487,4.388303687000001,2.505268087000001,2.4850716,0.0,0.0,0.0,0.0,0.0,0.0,0.0,0.0,0.0,0.0,0.0,0.0,0.0,0.0,0.0,0.0
570524>570523,752,752,WPKu,Wembley Park,Metropolitan // NB,752,WPKu,Wembley Park,Jubilee // SB,Alight-Interchange-Board,88.27601039799998,0.06066746860000001,2.1315095194,32.798470106,27.82647322,20.21384071,5.245049374,0.0,0.0,0.0,0.0,0.0,0.0,0.0187502548,0.04191721380000001,0.1071568578,0.128348735,0.322437027,0.3036867722,0.2922130972,0.2269734532,0.2110706794,0.0287637118,0.0287637118,0.1199697178,0.1570000218000001,0.2051257344,0.27234121,0.344057936,0.3941344060000001,0.6214087420000001,0.750073746,1.067102086,1.4002324,1.51940574,1.48002716,1.64126104,1.61771086,1.39336138,1.41549438,1.5178223,1.4806165,1.36020808,1.543706,1.6951441,1.7051052,1.74071044,1.86234994,1.8144288,1.986757,2.17501066,2.23898462,2.37943818,2.58940534,2.433601540000001,2.37516424,2.43129226,2.38772698,2.28044836,2.2622709,2.18806744,2.20822558,2.05184778,2.01511228,1.85191358,1.84121916,1.372386608,1.539681448,1.304465458,1.357541198,1.297449418,1.72896099,1.72233615,2.14787646,2.03489796,1.740623472,1.295971192,0.953726112,0.400029676,0.1871156208,0.2221739548,0.2221739548,0.08953251480000002,0.07087725080000001,0.06282562600000001,0.0,0.0,0.0,0.0,0.0,0.0,0.0,0.0,0.0,0.0,0.0,0.0,0.0,0.0,0.0,0.0,0.0,0.0
570525>570501,752,752,WPKu,Wembley Park,Metropolitan // SB,752,WPKu,Wembley Park,EntEx,Alight-Exit,1865.8849573,5.910645880000001,123.33386492,907.4810200000002,472.7740840000001,242.0708518,114.3144907,0.0,0.0,0.0,0.0,0.0,0.0,2.1869638,3.723682080000001,5.570733280000002,7.496145680000001,9.64697538,9.77986708,10.4263748,10.9059724,10.7742058,10.6901611,10.8539264,11.2614052,12.0843164,13.8437814,15.9515798,19.1793764,22.03005880000001,24.48999520000001,28.5410088,31.8243614,34.42438660000001,37.999997,41.34959060000001,43.40190320000001,44.9958638,44.4919912,43.6761312,42.60796380000001,40.68099160000001,40.083927,41.47242500000001,41.05898740000001,41.22163000000001,42.35608120000001,42.77720120000001,43.38518320000001,47.68965720000001,51.79072840000001,52.8643324,54.3942536,52.9609792,48.94974620000001,43.70038240000001,39.68901140000001,34.8082392,31.720473,29.304916,27.2379934,28.3118764,28.8318808,28.703361,26.4748552,25.9571682,22.5985772,19.921376,18.4099608,17.4887076,17.84724,16.8303062,16.9398582,15.6022682,15.2971732,13.4412532,13.263661,12.0786608,11.9249612,10.38925778,9.19516618,8.50575478,7.292109580000001,7.30686298,7.406041800000001,5.776858000000002,4.0193544,2.9405436,0.7740054000000001,0.0,0.0,0.0,0.0,0.0,0.0,0.0,0.0,0.0,0.0,0.0,0.0,0.0,0.0
570525>570522,752,752,WPKu,Wembley Park,Metropolitan // SB,752,WPKu,Wembley Park,Jubilee // NB,Alight-Interchange-Board,370.6521292839999,1.71288686,37.44306304,156.2214103,98.90627014000002,56.4449103,19.923588644,0.0,0.0,0.0,0.0,0.0,0.0,0.4930428,1.21984406,1.52032574,1.75666038,2.2619907,2.61925022,2.6708469,3.1200631,3.69076114,4.04293942,3.8139098,3.88674806,4.118654080000002,3.940913500000001,4.190406579999999,4.543332080000001,4.58908428,4.66011252,4.97546402,5.169959540000002,5.395517940000001,5.92308494,6.1769572,6.3414378,6.3982697,6.71712196,7.171242960000002,7.45193956,7.874887760000001,7.760754260000001,8.1965018,7.805355800000001,7.261399400000001,6.681290520000001,7.16581752,7.281028720000003,7.984647120000003,8.50579632,9.6724274,9.621039800000002,9.4407248,8.8575718,9.0823752,8.246770999999999,8.095632400000001,7.566486200000001,7.387599120000001,6.885977260000002,7.083651400000001,6.966013760000001,6.53873536,6.239448700000001,5.7586909,5.56033216,5.0164586,4.81116856,4.36445188,4.07130096,3.60638836,3.56703256,3.485739000000001,3.425163260000001,3.650073680000001,3.375362320000001,3.17257168,2.96130888,2.398267734,1.855486242,1.3240780968,0.7015393368,0.2665577368,0.2070692428000001,0.0112736948,0.0,0.0,0.0,0.0,0.0,0.0,0.0,0.0,0.0,0.0,0.0,0.0,0.0,0.0,0.0,0.0,0.0
570525>570523,752,752,WPKu,Wembley Park,Metropolitan // SB,752,WPKu,Wembley Park,Jubilee // SB,Alight-Interchange-Board,1230.74850406,42.8355138,222.2646197,587.2785513,210.931532,124.5725498,42.86573746000001,0.0,0.0,0.0,0.0,0.0,0.0,20.35058200000001,22.4849318,25.184213,27.4504316,29.427737,11.3499356,11.7190956,11.9105403,12.43539850000001,13.3228109,16.2355753,18.3294815,20.7987062,24.1006942,28.6023904,30.9884106,33.79319120000001,36.93922199999999,39.45553,40.86340999999999,42.47831020000001,37.5777034,32.9408196,28.1348454,23.2487414,16.8802532,18.0468634,17.4134458,16.669207,16.1149694,17.0123726,16.0334326,15.5381491,15.0848371,15.6121311,15.0819365,15.8237933,16.944586,18.10609160000001,17.90820040000001,18.5727232,18.2179834,18.3165586,18.025585,18.359275,17.67761400000001,17.3886609,17.1479201,16.3173431,14.8935767,13.4554383,12.494316,10.6620512,9.908012199999998,9.3264892,9.2926478,9.993917199999999,10.0538836,10.0769526,10.4146916,9.95008532,8.944064780000003,8.600696580000001,7.490495300000001,5.64122696,6.31841384,4.989572647999999,3.642302188,2.894277212,2.414050752,0.505402352,0.3126930840000001,0.05660654400000002,0.0,0.0,0.0,0.0,0.0,0.0,0.0,0.0,0.0,0.0,0.0,0.0,0.0,0.0,0.0,0.0,0.0
570526>570501,752,752,WPKu,Wembley Park,Metropolitan (Fast) // NB,752,WPKu,Wembley Park,EntEx,Alight-Exit,0.0,0.0,0.0,0.0,0.0,0.0,0.0,0.0,0.0,0.0,0.0,0.0,0.0,0.0,0.0,0.0,0.0,0.0,0.0,0.0,0.0,0.0,0.0,0.0,0.0,0.0,0.0,0.0,0.0,0.0,0.0,0.0,0.0,0.0,0.0,0.0,0.0,0.0,0.0,0.0,0.0,0.0,0.0,0.0,0.0,0.0,0.0,0.0,0.0,0.0,0.0,0.0,0.0,0.0,0.0,0.0,0.0,0.0,0.0,0.0,0.0,0.0,0.0,0.0,0.0,0.0,0.0,0.0,0.0,0.0,0.0,0.0,0.0,0.0,0.0,0.0,0.0,0.0,0.0,0.0,0.0,0.0,0.0,0.0,0.0,0.0,0.0,0.0,0.0,0.0,0.0,0.0,0.0,0.0,0.0,0.0,0.0,0.0,0.0,0.0,0.0,0.0,0.0
570526>570522,752,752,WPKu,Wembley Park,Metropolitan (Fast) // NB,752,WPKu,Wembley Park,Jubilee // NB,Alight-Interchange-Board,0.0,0.0,0.0,0.0,0.0,0.0,0.0,0.0,0.0,0.0,0.0,0.0,0.0,0.0,0.0,0.0,0.0,0.0,0.0,0.0,0.0,0.0,0.0,0.0,0.0,0.0,0.0,0.0,0.0,0.0,0.0,0.0,0.0,0.0,0.0,0.0,0.0,0.0,0.0,0.0,0.0,0.0,0.0,0.0,0.0,0.0,0.0,0.0,0.0,0.0,0.0,0.0,0.0,0.0,0.0,0.0,0.0,0.0,0.0,0.0,0.0,0.0,0.0,0.0,0.0,0.0,0.0,0.0,0.0,0.0,0.0,0.0,0.0,0.0,0.0,0.0,0.0,0.0,0.0,0.0,0.0,0.0,0.0,0.0,0.0,0.0,0.0,0.0,0.0,0.0,0.0,0.0,0.0,0.0,0.0,0.0,0.0,0.0,0.0,0.0,0.0,0.0,0.0
570526>570523,752,752,WPKu,Wembley Park,Metropolitan (Fast) // NB,752,WPKu,Wembley Park,Jubilee // SB,Alight-Interchange-Board,0.0,0.0,0.0,0.0,0.0,0.0,0.0,0.0,0.0,0.0,0.0,0.0,0.0,0.0,0.0,0.0,0.0,0.0,0.0,0.0,0.0,0.0,0.0,0.0,0.0,0.0,0.0,0.0,0.0,0.0,0.0,0.0,0.0,0.0,0.0,0.0,0.0,0.0,0.0,0.0,0.0,0.0,0.0,0.0,0.0,0.0,0.0,0.0,0.0,0.0,0.0,0.0,0.0,0.0,0.0,0.0,0.0,0.0,0.0,0.0,0.0,0.0,0.0,0.0,0.0,0.0,0.0,0.0,0.0,0.0,0.0,0.0,0.0,0.0,0.0,0.0,0.0,0.0,0.0,0.0,0.0,0.0,0.0,0.0,0.0,0.0,0.0,0.0,0.0,0.0,0.0,0.0,0.0,0.0,0.0,0.0,0.0,0.0,0.0,0.0,0.0,0.0,0.0
570527>570501,752,752,WPKu,Wembley Park,Metropolitan (Fast) // SB,752,WPKu,Wembley Park,EntEx,Alight-Exit,0.0,0.0,0.0,0.0,0.0,0.0,0.0,0.0,0.0,0.0,0.0,0.0,0.0,0.0,0.0,0.0,0.0,0.0,0.0,0.0,0.0,0.0,0.0,0.0,0.0,0.0,0.0,0.0,0.0,0.0,0.0,0.0,0.0,0.0,0.0,0.0,0.0,0.0,0.0,0.0,0.0,0.0,0.0,0.0,0.0,0.0,0.0,0.0,0.0,0.0,0.0,0.0,0.0,0.0,0.0,0.0,0.0,0.0,0.0,0.0,0.0,0.0,0.0,0.0,0.0,0.0,0.0,0.0,0.0,0.0,0.0,0.0,0.0,0.0,0.0,0.0,0.0,0.0,0.0,0.0,0.0,0.0,0.0,0.0,0.0,0.0,0.0,0.0,0.0,0.0,0.0,0.0,0.0,0.0,0.0,0.0,0.0,0.0,0.0,0.0,0.0,0.0,0.0
570527>570522,752,752,WPKu,Wembley Park,Metropolitan (Fast) // SB,752,WPKu,Wembley Park,Jubilee // NB,Alight-Interchange-Board,0.0,0.0,0.0,0.0,0.0,0.0,0.0,0.0,0.0,0.0,0.0,0.0,0.0,0.0,0.0,0.0,0.0,0.0,0.0,0.0,0.0,0.0,0.0,0.0,0.0,0.0,0.0,0.0,0.0,0.0,0.0,0.0,0.0,0.0,0.0,0.0,0.0,0.0,0.0,0.0,0.0,0.0,0.0,0.0,0.0,0.0,0.0,0.0,0.0,0.0,0.0,0.0,0.0,0.0,0.0,0.0,0.0,0.0,0.0,0.0,0.0,0.0,0.0,0.0,0.0,0.0,0.0,0.0,0.0,0.0,0.0,0.0,0.0,0.0,0.0,0.0,0.0,0.0,0.0,0.0,0.0,0.0,0.0,0.0,0.0,0.0,0.0,0.0,0.0,0.0,0.0,0.0,0.0,0.0,0.0,0.0,0.0,0.0,0.0,0.0,0.0,0.0,0.0
570527>570523,752,752,WPKu,Wembley Park,Metropolitan (Fast) // SB,752,WPKu,Wembley Park,Jubilee // SB,Alight-Interchange-Board,0.0,0.0,0.0,0.0,0.0,0.0,0.0,0.0,0.0,0.0,0.0,0.0,0.0,0.0,0.0,0.0,0.0,0.0,0.0,0.0,0.0,0.0,0.0,0.0,0.0,0.0,0.0,0.0,0.0,0.0,0.0,0.0,0.0,0.0,0.0,0.0,0.0,0.0,0.0,0.0,0.0,0.0,0.0,0.0,0.0,0.0,0.0,0.0,0.0,0.0,0.0,0.0,0.0,0.0,0.0,0.0,0.0,0.0,0.0,0.0,0.0,0.0,0.0,0.0,0.0,0.0,0.0,0.0,0.0,0.0,0.0,0.0,0.0,0.0,0.0,0.0,0.0,0.0,0.0,0.0,0.0,0.0,0.0,0.0,0.0,0.0,0.0,0.0,0.0,0.0,0.0,0.0,0.0,0.0,0.0,0.0,0.0,0.0,0.0,0.0,0.0,0.0,0.0
110901>110916,757,757,WHMu,West Ham,EntEx,757,WHMu,West Ham,Dis+H&C // EB,Enter-Board,233.11993513,4.14150576,29.3700214,108.7226897,47.09876332,30.610224134,13.176730816,0.0,0.0,0.0,0.4659042400000001,0.68133774,0.9267681000000001,0.9267681000000001,1.14072758,0.9878956,1.05447984,1.80856968,2.0245603,2.43054462,2.50347634,2.75442182,2.20529658,2.96276596,3.460895760000001,3.58166626,3.59544864,3.64726088,3.8963218,3.90126208,4.665400999999999,5.192279,5.711011060000001,5.490155939999998,5.4350142,5.10335126,5.363668360000001,5.165307100000001,5.16989416,5.215356300000002,5.4930881,5.072019200000001,5.092511599999999,4.75163984,4.24372538,3.64365406,3.353550900000001,3.11651554,3.267954040000001,3.370191360000001,3.36155654,3.576369620000001,3.892246300000001,3.88797838,3.93618018,3.9608074,3.71585788,3.92258856,3.934526,3.953734260000001,4.16165686,4.30187702,3.85494086,3.36556258,3.23858874,2.8572782,2.54822978,2.32626014,2.5999401,2.32965764,2.31523048,2.36515,2.43748708,2.22132526,2.005514134,2.086702494,1.861076934,1.565943354,1.310602444,1.42842483,1.09783017,0.8892369240000001,0.8526227040000001,0.8139921219999999,0.534169962,0.3384880220000001,0.298983368,0.09865748800000003,0.0,0.0,0.0,0.0,0.0,0.0,0.0,0.0,0.0,0.0,0.0,0.0,0.0,0.0,0.0
110901>110917,757,757,WHMu,West Ham,EntEx,757,WHMu,West Ham,Dis+H&C // WB,Enter-Board,779.5121273399999,42.5594577,179.1724353,372.5950104,110.70358716,58.61472848,15.8669083,0.0,0.0,0.56434836,2.09275126,5.733519660000002,7.731706860000001,10.98112846,15.4560031,16.5121166,15.6589094,16.0723803,15.9932037,13.6602129,14.0805399,13.2643057,14.8997892,13.918544,14.5336272,14.3673454,16.211461,14.8583976,16.1952554,15.4113384,18.18414760000001,17.2113,18.7873062,18.5948074,20.5456022,17.7348262,19.868046,17.8232444,18.1850466,16.1316894,16.961339,14.1480358,14.8658996,13.2314804,13.2799556,11.454719,12.331483,11.3762196,12.0808336,11.5722094,11.761828,9.8141974,9.960472800000002,8.292725,8.696679800000002,8.287289999999999,8.977984800000002,8.9392442,10.0696802,9.4796058,10.1119826,9.31727068,8.75645388,7.55371908,6.484789480000001,5.128380880000001,5.68452846,4.81774838,4.92306798,4.67280766,4.444913980000001,3.90913772,3.9444764,3.49468214,3.55647632,3.15156342,2.64110102,2.64608346,2.1763536,1.72174606,1.628681628,1.131144828,0.423002588,0.211897908,0.135333788,0.0,0.0,0.0,0.0,0.0,0.0,0.0,0.0,0.0,0.0,0.0,0.0,0.0,0.0,0.0,0.0,0.0,0.0
110901>110922,757,757,WHMu,West Ham,EntEx,757,WHMu,West Ham,Jubilee // NB,Enter-Board,1400.127879645463,123.74513958,308.7619564,615.1450188,216.2617589,98.35859419999998,37.855411765463,4.72404146,6.409502460000001,10.19753386,13.9442566,20.07347140000001,20.1055028,22.642071,25.64876,24.7686774,21.6309664,24.3927068,25.9039684,24.0886764,25.0934268,25.3832346,27.5109286,26.1915268,27.667223,26.805455,29.3251662,26.63980380000001,28.4267498,26.89262960000001,30.41255260000001,28.66849400000001,30.16634500000001,28.8024786,30.4521086,27.8275782,31.2152916,28.4232036,27.7676838,25.552585,26.648445,22.1760842,24.363356,23.45008240000001,22.5801838,19.7548602,20.9810932,19.3758252,21.5483666,20.9609646,22.0582534,19.9184508,20.1254854,17.0253877,18.6120793,17.5812563,17.8993995,16.7914141,19.0264494,17.4250296,18.3254446,16.77812680000001,16.7532354,14.073307,12.8547727,9.939422500000001,9.967597099999999,7.7439499,7.37153696,6.60811532,6.72852812,5.668411519999998,6.0777866,5.573863340000001,5.75130314,4.920869199999999,4.51266454,4.09272274,3.33453088,2.427581494,1.869546834,1.247573694,0.433239014,0.172041274,0.0,0.0,0.0,0.0,0.0,0.0,0.0,0.0,0.0,2.00882888e-05,4.28959058e-05,5.07230652e-05,6.34989744e-05,6.85410446e-05,0.0013174803558,0.0019522357988,4.947052408639401,4.9470396327302,4.94703459066
110901>110923,757,757,WHMu,West Ham,EntEx,757,WHMu,West Ham,Jubilee // SB,Enter-Board,1154.180477512076,26.81006996,99.97454070000002,566.8913102000001,246.6435788,157.55366966,56.3073081920759,2.4509587,2.85529796,4.23700286,3.83816852,4.00006764,3.55845026,3.48697748,2.38314654,1.81317288,1.86884368,2.90166246,3.52355578,6.46156822,8.185412340000001,10.05073734,12.1162574,12.6991216,12.3664512,13.4602954,14.5274624,14.9158592,16.87158920000001,18.9096978,21.1479424,22.2028764,23.9374784,26.6143648,27.169774,24.9541702,25.3139254,26.063554,25.2414464,24.582829,26.57518140000001,26.62616880000001,26.4885114,26.379987,25.4866722,24.5098432,23.8046444,21.5457646,21.1940274,22.4013406,23.953662,23.0687268,23.4120232,23.1850506,21.9445012,19.507752,18.9778168,20.1818878,18.9077122,18.5165058,18.243189,20.9098756,19.7885378,19.7958204,19.15735,20.207665,16.739578,14.5001064,13.3056156,13.5671404,10.88470574,9.14974206,8.332227460000002,7.1884614,4.7252572,4.23649196,4.618305580000001,3.866842340000001,3.038144760000001,2.447615034000001,1.673254,3.63638886,3.1518039,2.924752740000001,2.855073266,2.7484232,0.0,0.0,0.0,0.0,0.0,0.0,0.0,0.0,0.0,0.0,3.2141518e-07,0.00206063961518,0.00255942129518,0.006451782695180001,7.03373378269518,7.03373346128,7.031673143080001
110901>110978,757,757,WHMu,West Ham,EntEx,757,WHMu,West Ham,NR Essex Thameside // DN,Enter-Board,139.2802205094721,1.74175036,30.68642790000001,61.42143985999999,24.6785527,17.19437196,3.55767772947207,0.0,0.0,0.0,0.0,0.30582664,0.30582664,0.30582664,0.82427044,0.8651839240000001,0.832420044,1.162483464,1.430477424,1.272486624,1.73753088,1.71638302,4.077799200000001,4.439096640000002,4.359164840000001,4.412035360000001,4.381366480000001,2.67766488,2.53568776,2.47551928,2.552261880000001,2.77672526,2.27690922,2.00065094,2.38059602,2.07505596,2.21190516,2.27748692,2.75087992,2.36786334,2.823248739999999,2.6265503,3.11463608,2.81500328,3.43313934,3.1270441,3.3832364,2.49696624,2.60269688,1.95182714,1.687884820000001,1.61074056,1.76807526,1.72948226,1.98673746,2.21484714,2.07134654,2.07078992,2.11029728,1.96367374,2.30524496,2.3190822,2.52823538,2.14837654,2.11106114,1.47768804,1.2733114,0.91612486,1.1746863,1.13441898,1.44473262,1.4512847,1.5881046,1.2179408,1.25664198,0.7946419,0.55722162,0.25629766,0.4662151,0.20991744,0.266225828,0.292464242,0.338643698,0.128726258,0.128726337894414,0.07241794989441401,0.04617953589441402,7.989441400000001e-08,7.989441400000001e-08,0.0,0.0,0.0,0.0,0.0,0.0,0.0,0.0,0.0,0.0,0.0,0.0,0.0,0.0
110901>110979,757,757,WHMu,West Ham,EntEx,757,WHMu,West Ham,NR Essex Thameside // UP,Enter-Board,60.42854502339999,3.052045616,26.867294254,19.81419998000001,6.343146758,3.019516866,1.3323415494,0.0,0.0,0.0,0.0,0.045539134,0.045539134,0.259684274,2.701283074,2.701283074,2.9273342,3.45529226,3.63055364,1.18895484,1.8660246,1.59443434,1.9547828,1.56537628,2.26273064,1.58566088,2.1348667,1.24656018,1.67508414,0.97772978,1.8353113,1.28610548,1.73946988,1.31094592,1.56760552,0.7100240000000002,0.93215254,0.47878814,0.5276535560000001,0.270993956,0.298333916,0.07620537599999999,0.364539156,0.31567374,0.74388286,0.7165429,0.8161911959999999,0.527857416,0.7136098359999999,0.285400716,0.397538476,0.29789018,0.5960008000000001,0.4102483800000001,0.6899572400000001,0.57781948,0.84854172,0.5504311000000001,0.7205910400000001,0.44088218,0.539832286,0.269110046,0.401842306,0.2316823660000001,0.299744034,0.200793928,0.344835128,0.212102868,0.284435692,0.216374024,0.28498185,0.14094065,0.249207158,0.176874334,0.377544834,0.308937008,0.368580268,0.2621937195999999,0.2621937195999999,0.06262530667999999,0.06262530667999999,0.00298204668,0.00110208708,0.00110208708,0.0,0.0,0.0,0.0,0.0,0.0,0.0,0.0,0.0,0.0,0.0,0.0,0.0,0.0,0.0,0.0,0.0,0.0,0.0
110901>110990,757,757,WHMu,West Ham,EntEx,757,WHMu,West Ham,DLR // OB,Enter-Board,53.79158678108001,2.4428242164,12.0028554606,20.010070984,11.07992542,6.533155244,1.72275545608,0.08082289000000001,0.08892132600000001,0.128179946,0.1948253060000001,0.1964284726,0.2165388626,0.5175651066,1.0195423066,1.0666104466,1.32108884,1.328532492,1.289156332,0.8136368120000002,0.910744352,0.7381044840000002,1.028670332,0.8259455520000001,0.925437752,0.8423444720000001,0.912583594,0.7875533539999999,1.101882674,0.9816366600000002,0.97758197,0.935845696,0.914737096,0.584728476,0.6749302380000001,0.6129217920000001,0.8436666319999999,0.7415159240000001,0.8641798839999999,0.801649536,0.909541506,0.7354628860000001,0.8013223340000001,0.671920704,0.838814664,0.7602140100000001,0.8784245099999999,0.7144388100000001,1.02328118,0.8388876940000001,1.014932754,0.8298478739999999,1.140269254,0.8582988340000001,1.10067774,0.90253581,1.09025337,0.81473839,1.02319615,0.85843117,0.939254228,0.68902514,0.83339746,0.59042235,0.6571357,0.549033752,0.8071783,0.625349238,0.723858508,0.57814605,0.587988716,0.321575016,0.361009302,0.324969432,0.4064888800000001,0.3777133672,0.3677612472,0.2818643046,0.2270842106000001,0.1346073606,0.112034590744,0.091031010744,0.08755731301599999,0.042906637016,0.000114847016,4.028367200000001e-05,4.028367200000001e-05,0.0,0.0,0.0,0.0,0.0,0.0,0.0,0.0,0.0,0.0,0.0,0.0,0.0,0.0,0.0,0.0
110901>110991,757,757,WHMu,West Ham,EntEx,757,WHMu,West Ham,DLR // IB,Enter-Board,203.6046175640001,10.41750084,26.05044266,108.95927056,36.67138264,17.888686,3.617334864,0.20399478,0.35498022,0.58478702,1.19121674,1.5110544,1.94751848,2.0286804,2.5952688,2.27546316,2.27780832,1.99567662,2.24920646,1.65300116,1.87193676,1.80444744,1.7527001,1.93213616,2.46173366,2.39950976,3.37682306,3.75100376,4.047736100000001,4.03398502,4.827619840000001,4.4055385,5.20419426,4.89297814,5.14805862,4.47431668,4.60472868,3.8372712,4.30262032,4.34397244,5.16557292,5.152375320000001,5.696586719999999,5.56497772,5.44221626,4.73603746,4.658359340000001,3.8630697,3.52541694,3.57761788,3.70301674,3.5666069,3.594514220000001,3.4235894,3.036543,2.8146946,2.36686322,3.21892294,3.21139488,3.01109746,2.90082536,3.19802878,2.32830188,2.04870578,2.10079318,1.723266924,1.776914684,1.364935948,1.683935908,1.524972528,1.572959584,1.077971664,1.23101148,0.8980309200000001,0.8851874,0.81138558,0.7248796820000001,0.512697902,0.4478204220000001,0.228576363,0.2416824230000001,0.21645906,0.2185235228,0.1087137428,0.09311272179999999,0.0114189818,0.0020644628,0.0,0.0,0.0,0.0,0.0,0.0,0.0,0.0,0.0,0.0,0.0,0.0,0.0,0.0,0.0,0.0
110916>110901,757,757,WHMu,West Ham,Dis+H&C // EB,757,WHMu,West Ham,EntEx,Alight-Exit,945.8421838999999,5.02795716,72.20585704000001,252.9974557,279.3431386,215.4385756,120.8291998,0.0,0.0,0.0,0.0,0.6575844000000001,1.0797279,1.0797279,2.21091696,4.23791456,4.9644677,5.4171164,7.110982000000001,6.83722684,6.33108664,6.0606925,6.5082855,5.7292959,6.578492999999999,6.002510600000001,6.4277854,6.1178288,6.463171000000001,5.585631260000001,5.62848696,5.52819536,6.31920956,6.67023176,7.3773372,8.3715607,9.2158041,10.2121391,10.8770173,11.3434466,11.838508,11.7155662,11.6495086,12.3227206,13.6912078,13.5196932,14.4292776,14.4076218,15.5630566,16.207705,17.9425306,19.621876,21.4528002,21.4097028,22.2258278,22.776756,23.3833038,23.9727612,24.851976,25.251632,25.5326552,24.673324,24.1905236,23.17207800000001,22.5601514,20.290086,19.7785272,18.6466208,18.922942,16.7811656,17.596669,15.8309752,15.1192126,13.2919698,13.448178,12.632032,12.804387,12.040118,11.6848635,11.4439584,10.29562812,9.14894702,8.78802402,9.33340232,7.625558920000001,6.1723192,4.9277233,3.2469387,0.6852993000000001,0.0,0.0,0.0,0.0,0.0,0.0,0.0,0.0,0.0,0.0,0.0,0.0,0.0,0.0
110916>110922,757,757,WHMu,West Ham,Dis+H&C // EB,757,WHMu,West Ham,Jubilee // NB,Alight-Interchange-Board,601.8365661,5.26725356,58.52936204,263.8984739000001,146.6077588,95.98859166000001,31.54512614,0.0,0.0,0.0,0.0,0.7616762599999999,1.1978589,1.1978589,2.1098595,3.0439843,3.15005964,3.4255527,4.3772965,4.32075044,4.151857720000002,4.249418980000002,5.29878108,5.26667108,6.45351234,6.68436366,8.1071136,7.687583900000001,9.1685259,8.39166522,10.13769622,8.990640280000003,9.78433018,8.69074034,9.62937042,8.87553862,10.81947056,10.28710736,11.8121278,11.688356,13.3187964,11.73268306,12.85101446,11.98517326,13.27623146,11.36521286,12.394582,12.2874976,13.6861814,12.125673,12.9122756,12.7670406,13.142055,11.1998858,11.8551526,11.6090828,12.1216782,11.2261428,12.5834642,12.2081922,13.394117,11.978512,12.5224356,11.862281,12.2991876,10.3326756,10.7058728,8.93277152,8.2110602,6.47566336,6.401115440000001,5.202028599999999,5.496170760000001,4.85675064,5.21301414,4.52339416,4.73369748,4.26726986,4.5002457,4.32068494,3.61720284,2.65283916,1.9607415,0.9690504999999999,0.0,0.0,0.0,0.0,0.0,0.0,0.0,0.0,0.0,0.0,0.0,0.0,0.0,0.0,0.0,0.0,0.0,0.0,0.0
110916>110923,757,757,WHMu,West Ham,Dis+H&C // EB,757,WHMu,West Ham,Jubilee // SB,Alight-Interchange-Board,25.81384452493001,0.0,7.620272244130001,12.6515939472,2.57991741,0.60157918136,2.36048174224,0.0,0.0,0.0,0.0,0.0,0.0,0.0,0.0,0.003688324,0.0084229992,0.0208043078,1.4155936278,1.415623939466,1.427060183466,1.422325508266,1.436050515666,0.08594146366599999,0.0899215116,0.1148226696,0.1800171936,0.2221876056,0.2523989456,0.300707802,0.310060156,0.28498454,0.3898427820000001,0.432291734,0.5061604180000001,0.5701129380000001,0.6523944800000001,0.6959964500000001,0.645214854,0.7161976400000001,0.71743574,0.76523956,0.60989112,0.6707428900000001,0.585432604,0.5943694720000001,0.4949797580000001,0.531391042,0.6253191080000001,0.570551028,0.50769128,0.4994315720000001,0.4594144800000001,0.24979404,0.19270172,0.1368355502,0.1782608502,0.1223739832,0.1106556232,0.1366196232,0.202315843,0.135612269,0.155901856,0.184810044,0.1605284686000001,0.09005259859999999,0.05277602460000001,0.0373145918,0.0084064038,0.0106729068,0.013266062,0.015601314,0.009998317,0.01105068888,0.007101761280000001,0.00450860608,0.00766419428,0.00654321208,0.006849353800000001,0.007754846040000002,0.07789120204,0.42222680184,0.46505864184,0.46370012824,0.462794636,0.39265828,0.04283184000000001,0.0,0.0,0.0,0.0,0.0,0.0,0.0,0.0,0.0,0.0,0.0,0.0,0.0,0.0,0.0,0.0
110916>110978,757,757,WHMu,West Ham,Dis+H&C // EB,757,WHMu,West Ham,NR Essex Thameside // DN,Alight-Interchange-Board,364.333117746042,0.0,66.90804586004201,94.23012061999998,87.80545426,97.54260887999999,17.846888126,0.0,0.0,0.0,0.0,0.0,0.0,0.0,0.0,2.2542204e-06,5.6114154542204,5.6114154542204,7.8214404542204,7.8214404542204,9.8977946,4.286394109788,6.632006709788,4.421981709788001,5.578351389788001,3.501994989788,5.72380828,3.37819568,5.15976048,4.003390799999999,5.5931282,3.3713022,3.7882154,3.2054448,3.56318478,1.97344738,2.58276216,3.63584356,3.03272684,2.67498686,3.33338454,3.79580596,2.98246018,2.3867827,3.0675535,5.106383620000001,4.807020220000001,4.1503714,5.492417,7.575087,5.57046536,4.798092560000002,5.804404760000001,7.23241896,5.446116760000002,4.7535106,6.1625642,9.7995186,8.24600466,7.26886606,8.733706,11.5644256,7.9958255,6.77927964,10.71664844,9.2518085,7.9905887,6.915922200000002,10.914343,6.976974200000001,9.8419998,6.863446400000001,9.334342,5.3359212,6.621334800000001,3.756309200000001,3.756309200000001,1.2854136,1.2854136,0.0172721252,0.1881267452,0.7875179252,1.5526885052,1.5526885052,1.53541638,1.36456176,0.76517058,0.0,0.0,0.0,0.0,0.0,0.0,0.0,0.0,0.0,0.0,0.0,0.0,0.0,0.0,0.0,0.0
110916>110979,757,757,WHMu,West Ham,Dis+H&C // EB,757,WHMu,West Ham,NR Essex Thameside // UP,Alight-Interchange-Board,49.66660590600641,1.258801564e-05,2.77336610901956,22.0309193187212,17.07214780206,7.07616660619,0.713993482,0.0,0.0,0.0,0.0,0.0,2.763148799999999e-07,2.763148799999999e-07,1.203538588e-05,1.203538588e-05,0.04231537938588,0.046993723871,0.0469959405726,0.0469853842714,0.0469874203352,0.004685969337800001,0.1361424485378,0.1758951298362,0.7377013270664001,0.7377025477110001,0.7509488027084,0.7077438947083999,0.7610146027083999,0.2488424787084,0.537676602,0.5244346133091999,1.0427689813092,0.9497519606932,1.4779387446932,1.1891137155852,1.716186356276,1.183940180276,1.332276234892,0.7544811447480001,1.012174313856,0.4851473364859999,0.766978312486,0.6631885204860001,1.11797865063,0.9049605866299999,0.941288712,0.58087467006,1.13093710206,0.7862842500599999,1.21493735406,1.24444004206,1.731978124,1.218036952,1.483134504,1.097861064,1.603705708,1.349613548,1.78206848,1.47531124,1.64451818,1.15028832,1.29119164,0.8697937640000001,1.035876444,0.8734973479999999,1.092410608,0.7176784447719999,0.709781100772,0.475260942238,0.4353032382379999,0.148324918838,0.288611312066,0.211909642066,0.2177188432,0.1627815832,0.2241256486000001,0.0837868586,0.0793455574,0.0757951922,0.0757951922,0.0050187662,0.0050187662,0.0023259174,0.0,0.0,0.0,0.0,0.0,0.0,0.0,0.0,0.0,0.0,0.0,0.0,0.0,0.0,0.0,0.0,0.0,0.0,0.0
110916>110990,757,757,WHMu,West Ham,Dis+H&C // EB,757,WHMu,West Ham,DLR // OB,Alight-Interchange-Board,191.8204031532661,0.328499124,19.307316316,63.35566698,47.18015740000001,40.09154478,21.55721855326597,0.0,0.0,0.0,0.0,0.0249677,0.07472160800000001,0.07472160800000001,0.154088208,0.8292742679999999,1.258980768,1.61719528,1.9580092,2.34907726,1.97214028,1.84487736,1.69338922,1.66236266,1.4210826,1.3488292,1.35209822,1.30158842,1.44232648,1.33798512,1.63475818,1.44510508,1.71354032,1.44211806,1.77252252,1.59677988,2.199698,2.18894908,2.91489292,2.80391598,3.275982340000001,3.0176631,3.24596416,2.8851676,3.24030244,3.024652080000001,3.92519514,3.81146594,4.325986159999998,4.08523188,4.7238761,3.98004928,4.39519482,3.6704722,4.43017428,3.83699536,3.952710960000001,3.40749346,3.877379220000001,3.17277502,4.01916762,4.046076940000002,4.39166824,3.90341046,4.27231566,3.213869600000001,3.783897420000001,3.43662582,3.78436308,3.18159394,3.56709364,2.62867292,3.04555178,2.47750486,2.7966456,2.42980972,2.3949311,2.07338664,2.82655,3.09820848,2.83853608,2.456840493465074,1.924548088865074,1.118815930865074,0.248161642653194,0.05231628265319401,0.05231614918812,0.04279775378812001,1.9178812e-07,0.0,0.0,0.0,0.0,0.0,0.0,0.0,0.0,0.0,0.0,0.0,0.0,0.0,0.0
110916>110991,757,757,WHMu,West Ham,Dis+H&C // EB,757,WHMu,West Ham,DLR // IB,Alight-Interchange-Board,369.0583979850001,0.3808818980000001,16.646595253,50.582500594,54.53171328000001,38.57834392000001,208.33836304,0.0,0.0,0.0,0.0,0.006581666999999999,0.042470037,0.042470037,0.2893601570000001,0.8492234770000001,1.49423861,1.58699022,2.0413355,1.923543628,1.928847448,1.31730125,1.49466665,1.17715337,1.197311822,0.66543765,0.970545628,0.9192155679999999,0.955612916,0.8445110240000001,1.135749016,1.078824676,1.628481036,1.583835894,1.762055366,1.583821166,2.152091926,1.761516766,2.3179224,2.4301311,2.71035422,2.37051154,2.56659902,2.1478481,2.664319920000001,2.60413676,2.7418262,2.56397674,3.306863920000001,2.79018892,3.962106400000001,3.6160488,4.00938746,3.703155960000001,4.59395196,3.59703802,4.68961026,4.22558686,4.781633660000002,4.29614602,5.72825416,5.18215476,6.10874536,5.26055144,5.25490492,3.54404376,3.23518376,2.2958743,2.59638098,2.17687112,2.61810678,2.48545528,3.26012284,2.74564686,3.10520188,2.988495380000001,3.21000394,2.3693882,3.1649605,3.3246267,3.29262806,3.076169300000001,38.97865854000001,37.98630806000001,37.15855506000001,36.6034373,36.185132,0.0,0.0,0.0,0.0,0.0,0.0,0.0,0.0,0.0,0.0,0.0,0.0,0.0,0.0,0.0,0.0
110917>110901,757,757,WHMu,West Ham,Dis+H&C // WB,757,WHMu,West Ham,EntEx,Alight-Exit,323.701441904717,23.66884786,43.88851766000001,123.3542482,70.83294792000001,50.65202710000001,11.304853164717,0.0,0.0,1.2766591,2.9451393,3.75383404,5.151853640000001,5.57245648,4.968905299999999,4.119688300000001,3.69400962,2.612153960000001,2.535274020000001,2.82755058,3.00214924,3.76189212,4.140540039999999,4.711544440000001,4.357217380000002,4.34736298,3.77913498,3.91768192,3.65913,4.110499580000001,3.865674020000001,4.19689298,4.33750764,4.76299138,4.871234380000002,5.393390340000002,5.553846900000001,5.64830158,5.51309086,5.631222859999998,5.756521,5.949932260000002,5.91819578,6.3862581,5.93678562,5.569637820000001,5.3993293,5.46070784,4.873038920000001,5.226976200000001,5.41540092,5.42631052,5.43307692,5.872331520000001,5.772169120000001,5.83879452,5.864569120000001,5.9429344,5.976918299999999,6.481677760000001,6.064938240000001,6.167838440000001,5.99138906,5.86755756,4.957048600000001,5.111764800000001,4.610504799999999,4.85299098,4.359855700000002,4.5468242,4.12006412,3.872665000000001,2.89615732,3.00288774,2.45370628,2.20293406,1.92098346,1.82311206,1.52523052,1.32181142,0.9868287209434002,0.7885448409434003,0.6136852409434003,0.1217228409434003,9.434003e-10,0.0,0.0,0.0,0.0,0.0,0.0,0.0,0.0,0.0,0.0,0.0,0.0,0.0,0.0,0.0,0.0,0.0,0.0
110917>110922,757,757,WHMu,West Ham,Dis+H&C // WB,757,WHMu,West Ham,Jubilee // NB,Alight-Interchange-Board,6575.965473999999,723.489504,1337.760574,2539.9304896,1106.0027744,678.4894136,190.2927184,0.0,0.0,52.68660800000001,91.22442,116.979798,158.146974,169.308284,135.14342,122.551616,115.7403,93.65872399999999,107.126826,116.030812,107.199998,113.224426,117.55761,118.999542,107.077092,112.701642,105.891986,108.407828,98.2830752,107.2710824,104.6450704,112.8430824,104.7316884,106.01312,99.5316,103.3258208,97.7214818,104.9103138,108.637243,116.0309738,112.872437,114.0277532,109.0168012,111.0310292,103.4822332,102.1329942,100.1785538,103.8029018,100.515927,104.845999,105.67148,109.2648652,102.7487912,100.091842,94.32045,95.55351,87.04124399999999,88.341924,87.13965080000001,89.9156588,83.9839988,86.71385679999999,80.8869828,79.249894,71.81496800000001,69.827978,61.78092760000001,59.5596596,53.14824300000001,53.234115,48.391831,48.407781,45.2026716,46.6362974,41.23504740000001,39.8680814,34.4708578,30.4552332,27.3586736,22.5730352,15.2422172,10.9061812,7.764991200000001,1.6534476,0.0,0.0,0.0,0.0,0.0,0.0,0.0,0.0,0.0,0.0,0.0,0.0,0.0,0.0,0.0,0.0,0.0,0.0,0.0
110917>110923,757,757,WHMu,West Ham,Dis+H&C // WB,757,WHMu,West Ham,Jubilee // SB,Alight-Interchange-Board,1938.6987864,1.48395594,199.97020966,1274.9303442,257.4656782000001,172.37180622,32.47679218,0.0,0.0,0.0,0.0,0.17161288,0.36491732,0.36491732,0.5825084200000001,1.93004356,3.91738488,9.78673104,12.41391204,15.37331834,15.7927152,21.201765,17.9774112,21.6520654,23.1348362,29.9159682,26.87405860000001,36.48237380000001,35.31007160000001,38.4944898,35.1252146,41.752635,38.54691500000001,40.73214720000001,42.2621796,49.3352516,46.9167016,51.3959016,55.6500558,63.36024699999999,59.3818954,66.3383266,61.28801000000001,70.35777660000001,63.13574600000001,69.45610680000001,63.39004480000001,69.95167140000001,58.59332440000002,62.15018500000001,55.52307300000001,52.59784820000001,40.066365,32.710593,20.8544224,15.1638052,10.2896132,9.01118392,8.5389744,11.581001,12.4910384,19.08265280000001,25.07818068000001,30.8220604,27.11397654,25.99502594,17.94108256,12.88567936,6.15224416,6.898863220000001,5.92115422,9.626381599999998,8.03695054,10.98684534,9.99154234,10.75447534,6.90653212,6.586577520000001,3.3964398,2.80644142,0.95398982,0.73311744,0.2808889,0.05832982,0.0,0.0,0.0,0.0,0.0,0.0,0.0,0.0,0.0,0.0,0.0,0.0,0.0,0.0,0.0,0.0,0.0,0.0,0.0
110917>110978,757,757,WHMu,West Ham,Dis+H&C // WB,757,WHMu,West Ham,NR Essex Thameside // DN,Alight-Interchange-Board,0.235872384,0.025257308,0.210615076,0.0,0.0,0.0,0.0,0.0,0.0,0.0,0.0,0.0,0.0,0.0,0.025257308,0.025257308,0.0471744768,0.0471744768,0.0471744768,0.0219171688,0.0219171688,0.0,0.0,0.0,0.0,0.0,0.0,0.0,0.0,0.0,0.0,0.0,0.0,0.0,0.0,0.0,0.0,0.0,0.0,0.0,0.0,0.0,0.0,0.0,0.0,0.0,0.0,0.0,0.0,0.0,0.0,0.0,0.0,0.0,0.0,0.0,0.0,0.0,0.0,0.0,0.0,0.0,0.0,0.0,0.0,0.0,0.0,0.0,0.0,0.0,0.0,0.0,0.0,0.0,0.0,0.0,0.0,0.0,0.0,0.0,0.0,0.0,0.0,0.0,0.0,0.0,0.0,0.0,0.0,0.0,0.0,0.0,0.0,0.0,0.0,0.0,0.0,0.0,0.0,0.0,0.0,0.0,0.0
110917>110979,757,757,WHMu,West Ham,Dis+H&C // WB,757,WHMu,West Ham,NR Essex Thameside // UP,Alight-Interchange-Board,179.536267658,12.112543353,65.54453854,63.55370387999999,21.82287522,13.461020898,3.041585767000001,0.0,0.0,0.0,0.0054684586,0.0054684586,2.6379958586,4.2781898586,5.185420718600001,5.17995226,6.11754906,3.77211492,4.96920032,4.47792982,5.48700042,6.15105602,6.79266136,5.44648716,6.2755052,5.9269873,4.9480947,4.46380876,3.34525934,2.74878882,3.08669332,2.7331244,2.92631984,3.05405466,2.5616547,1.9861172,2.368453,2.4646071,2.37236746,2.49967394,2.47948244,2.43349884,2.33374328,2.36284928,2.95501194,3.17481478,2.86305784,2.5054666,2.39665802,1.90511382,1.5330845,1.5419334,1.68937406,1.64480024,1.66677262,1.79210344,1.7590948,1.78486628,1.83024494,1.7796596,2.08351442,1.98578458,2.26472684,2.2131762,2.23953788,1.80439264,1.714725652,1.056977882,0.8685341120000001,0.597848052,0.4018991960000001,0.3967923,0.58995635,0.7953280600000001,0.7818525740000001,0.73325931,0.7756647740000001,0.5241375360000001,0.238564767,0.232483847,0.232483847,0.112955707,0.100496865,0.091539114,0.0,0.0,0.0,0.0,0.0,0.0,0.0,0.0,0.0,0.0,0.0,0.0,0.0,0.0,0.0,0.0,0.0,0.0,0.0
110917>110990,757,757,WHMu,West Ham,Dis+H&C // WB,757,WHMu,West Ham,DLR // OB,Alight-Interchange-Board,392.5365036087899,12.6363924,77.9667784,142.5987509,87.30267850000001,53.80988350000001,18.22201990879,0.0,0.0,0.26148564,1.30233332,1.30233332,2.24803024,2.46151216,5.06069772,5.72992584,7.79503424,7.58509572,9.181597199999999,7.23504172,6.58166778,5.48346218,6.09854024,5.11728584,5.876458120000001,5.53372736,5.74894216,5.32773082,5.73951842,4.892600620000001,5.076421120000001,4.706749820000002,4.849622900000001,4.18818754,4.86141954,4.837518340000001,6.09937204,6.19648224,7.200617599999998,6.60902206,7.37512926,6.32621866,6.79030506,5.97023972,6.857661660000002,5.939454520000001,6.59911132,5.820668120000001,6.785736060000001,6.15686126,7.392102200000001,6.547908000000001,7.431173800000002,6.9710258,7.776780200000001,6.893308,8.239958000000001,7.51417912,7.987277520000001,6.885547320000001,7.62010122,6.34274222,7.0926773,6.2987465,6.1709807,4.937128840000002,5.53005714,4.661633940000002,4.313352099999999,3.96700106,4.50781002,3.75458318,3.25962442,2.95380208,3.45516352,3.43080168,3.37907334,3.160826648,3.230014308,2.440579068,1.349871221758,0.6517551017580001,0.470710153758,0.108387873758,5.137580000000001e-07,0.0,0.0,0.0,0.0,0.0,0.0,0.0,0.0,0.0,0.0,0.0,0.0,0.0,0.0,0.0,0.0,0.0,0.0
110917>110991,757,757,WHMu,West Ham,Dis+H&C // WB,757,WHMu,West Ham,DLR // IB,Alight-Interchange-Board,361.9206925899999,26.12925342,84.46993271,122.2869361,92.43945456,29.395865748,7.199250052,0.0,0.0,1.01220074,2.1793666,2.97294232,5.49568992,6.957370040000002,7.5116838,7.925925740000001,9.14079802,6.75157839,6.840632990000001,6.163826629999999,6.53898463,5.83631643,7.15779058,7.542403259999999,7.487293659999999,6.611904720000001,6.472477660000001,5.88152294,4.70513322,4.74733522,5.107648820000001,4.5896282,4.573937900000002,4.26478476,4.572145320000002,3.985805860000001,4.678869140000002,4.63617564,5.480269700000001,5.68453586,6.34458596,5.44603424,5.671566240000002,5.18109896,5.31593896,4.11931016,4.79612952,4.85471158,5.5892714,4.968736799999999,7.091759700000001,8.77351646,9.609820599999999,8.84180386,9.557822,8.0960956,7.6363982,6.71201212,7.327795259999998,6.991750659999999,7.764685859999998,5.7717124,5.356041540000001,4.24623098,3.427452520000001,1.99791676,2.25718818,2.0341515,2.4842817,2.3337671,2.61967016,2.23813886,2.24167144,1.8659395,1.649457048,1.304731528,1.299993388,0.978915728,1.057122888,0.9601921999999998,0.69574642,0.4739955,0.4285524000000001,0.0,0.0,0.0,0.0,0.0,0.0,0.0,0.0,0.0,0.0,0.0,0.0,0.0,0.0,0.0,0.0,0.0,0.0,0.0,0.0
110922>110901,757,757,WHMu,West Ham,Jubilee // NB,757,WHMu,West Ham,EntEx,Alight-Exit,763.1517064963696,5.10848266,58.38382785,330.03564082,180.2139754,140.6290437,48.78073606636899,0.4329374700000001,0.469447484,0.53492681,0.416948836,0.4699918260000001,0.5814029360000001,1.033752042,1.169075256,1.48987069,1.64162814,1.81150436,2.57022338,3.9528125,4.812895280000001,6.234678860000002,7.299544259999998,7.751112519999999,7.34549586,7.13469276,6.33936924,7.14366298,6.34769218,6.288635899999999,7.040696699999999,8.55463142,9.21000682,11.29673682,12.6124198,13.5331463,13.7870961,14.3838245,13.8753579,15.110428,16.4902658,17.8164276,17.2413432,18.7177582,17.94905200000001,17.1531956,16.0779662,16.973565,16.802944,18.1460054,17.4827824,17.806682,16.5971638,15.8490094,14.512372,14.9559024,14.2159498,15.0544876,14.8510374,14.4158552,14.27105,14.5137482,13.1707176,13.1997258,12.7563634,11.7140584,12.0445551,12.8498033,12.7097693,12.5582937,12.5455699,11.1323816,10.2364376,9.364452600000002,9.517633,8.7380554,8.399250199999999,6.825640299999999,5.526499899999999,3.712496540000001,2.62856814,1.26055794,0.76982364,0.2163464400000001,0.0,0.0,0.0,0.0,0.0,0.0,0.0,0.0,0.0,0.0,0.0,3.782643200000002e-05,3.785648048000001e-05,5.922733248000003e-05,7.453815768000002e-05,2.67585573815768,2.675817936919206,2.675817906870726,2.675796536018726
110922>110916,757,757,WHMu,West Ham,Jubilee // NB,757,WHMu,West Ham,Dis+H&C // EB,Alight-Interchange-Board,1950.5686499,2.23345276,63.70098710000001,824.20747954,650.0825982000001,344.1271146000001,66.21701770000001,0.0,0.0,0.23406284,0.23406284,0.28305924,0.28305924,0.6478850600000001,0.5513235400000001,0.8785160200000001,1.02408584,1.961451,3.10533058,4.075625540000001,4.294033240000001,6.824454620000001,6.381522760000001,6.71585316,9.39576128,10.40159876,8.6427543,10.9265568,10.4060386,9.838076199999998,12.27516974,14.2508662,15.165719,18.7123206,19.816821,22.8416438,26.6320338,30.6273952,33.498818,39.9401436,43.242233,46.1727842,47.6521076,51.5315524,50.8585076,49.96090480000001,49.7350648,52.94978199999999,54.34108320000001,55.9227734,56.909084,56.6013042,55.062887,52.96077800000001,50.7257486,48.8444554,50.25910160000001,52.02878319999999,54.354443,56.86205000000001,58.5892446,59.48512780000002,54.30867480000001,52.01580680000001,47.93712720000001,42.95370820000001,35.38664740000001,31.330759,24.43936260000001,23.0751652,18.9423292,19.553536,17.1200358,18.4865902,12.886047,16.4037176,13.43341308,13.66557268,8.64758656,7.99449698,3.34302878,1.8294969,0.6494238999999999,0.25028122,0.0,0.0,0.0,0.0,0.0,0.0,0.0,0.0,0.0,0.0,0.0,0.0,0.0,0.0,0.0,0.0,0.0,0.0,0.0
110922>110917,757,757,WHMu,West Ham,Jubilee // NB,757,WHMu,West Ham,Dis+H&C // WB,Alight-Interchange-Board,61.36272563502022,3.205921437920224,2.1688649531,22.966277676,23.34316526,7.279999232,2.398497076,0.0,0.0,5.440448600000002e-10,0.5475978805440448,0.5656633793440448,0.6159476753440447,0.7119494913440447,0.7647630107999999,0.3761947808,0.3629507982,0.3131386772600001,0.23121842126,0.17840490126,0.02680578526,0.03760923506,0.0473590688,0.06207968680000001,0.1607899428,0.1773363288,0.1949773268,0.220535244,0.229256234,0.155454786,0.224182692,0.3777260280000001,0.412383814,0.7616724060000001,0.8318433120000001,0.8590576200000001,0.79257305,0.8970682179999999,0.7202431779999999,0.9088180840000002,1.03112683,1.12751822,1.14007334,1.17962282,1.26539464,1.36309278,1.43619352,1.83319812,1.78826156,1.72024702,1.69073416,1.84876514,1.63072972,1.93989884,1.95797478,2.20026428,2.29725402,2.35475884,2.18804484,2.11954312,1.86729486,1.57283802,1.3657988,1.41018014,1.25802835,1.028741926,0.8626922859999999,0.6815756140000001,0.4244914820000001,0.3574733,0.333085356,0.265226044,0.2694528900000001,0.171322072,0.217729772,0.206856696,0.2109563720000001,0.1833005356,0.1681477356,0.3760801076,0.3401731515999999,0.3196016876,0.30722457,0.28615622,0.0,0.0,0.0,0.0,0.0,0.0,0.0,0.0,0.0,0.0,0.0,0.0,0.0,0.0,0.0,0.0,0.0,0.0,0.0
110922>110978,757,757,WHMu,West Ham,Jubilee // NB,757,WHMu,West Ham,NR Essex Thameside // DN,Alight-Interchange-Board,582.3134983610198,0.24401346,80.65762481902,247.15449688,93.33679986000001,128.83796,32.082603342,0.0,0.0,0.0,0.0,0.0,0.0,0.0,0.24401346,0.30583008,1.81475688,1.81475688,6.79478048,6.55076702,10.4164684,8.907568783803999,12.716268583804,8.188437783804,8.960455303804,5.679034103804,8.508500520000002,5.973803660000002,6.85464026,7.97930874,10.95314714,8.82095068,11.14117614,10.97416214,11.18221114,8.57277374,10.1725852,8.9100284,10.4070406,9.85851792,11.15416032,10.48104212,10.29467032,8.7248166,12.13551188,12.20297088,13.27138928,12.92547448,14.3030386,10.34730072,9.51377592,7.50091358,7.117740860000001,6.02887018,6.54053466,6.971394660000001,7.901838000000001,8.734899120000001,8.77154548,8.680523560000001,8.968513360000003,8.3872857,7.732740700000001,6.865427420000001,8.622893540000002,6.6847925,9.39855836,8.21122628,10.97635968,9.24240182,11.85876446,13.85506286,15.56626874,12.24993494,15.3062694,12.3690836,6.630257200000001,4.517158108399999,5.323645508399999,0.8119905084000001,0.8119905084000001,0.8119905084000001,0.8064874,0.0,0.0,0.0,0.0,0.0,0.0,0.0,0.0,0.0,0.0,0.0,0.0,0.0,0.0,0.0,0.0,0.0,0.0,0.0,0.0
110922>110979,757,757,WHMu,West Ham,Jubilee // NB,757,WHMu,West Ham,NR Essex Thameside // UP,Alight-Interchange-Board,72.00384551370998,0.0004332515199999999,19.89136487419,30.29421795388,15.49065279152,5.6034302876,0.7237463550000001,0.0,0.0,0.0,0.0,0.0,0.0,0.00013983414,0.00029341738,0.00029341738,0.7924036173800001,2.27541629738,2.2754457041,2.275319859762,2.464973199762,1.842382387762,1.052734907762,1.120410126902,1.451054728,2.086547388,2.25438324,1.85526244,1.7890828314,1.5398262214,1.1549407814,1.0087914414,1.3524649414,1.56440067,1.8638734,1.67284104,1.74663714,1.197131966,1.072511886,1.072413126,0.8262288204000001,0.6400348803999999,1.0046040544,1.4209163944,1.0409112444,1.202623636,1.440168576,1.229763196,0.8237163160000001,0.969763886,0.8053090648800001,0.6645327508800001,0.5809566028800001,0.57758996288,0.71925090288,0.975387678,1.101968772,1.47781876,1.89633338,2.0465163,1.874487154,1.842978714,1.732831814,1.27889666,0.8891206140000001,0.9484876259999999,0.7849350660000001,0.408284742,0.386336278,0.3384124796,0.19595848072,0.09108493272,0.07498343872,0.09371740472,0.11321256512,0.111890458,0.187052598,0.155100956,0.097856668,0.0808003582,0.0808003582,0.003414986200000001,0.003414986200000001,0.003414986200000001,0.0,0.0,0.0,0.0,0.0,0.0,0.0,0.0,0.0,0.0,0.0,0.0,0.0,0.0,0.0,0.0,0.0,0.0,0.0
110922>110991,757,757,WHMu,West Ham,Jubilee // NB,757,WHMu,West Ham,DLR // IB,Alight-Interchange-Board,0.0,0.0,0.0,0.0,0.0,0.0,0.0,0.0,0.0,0.0,0.0,0.0,0.0,0.0,0.0,0.0,0.0,0.0,0.0,0.0,0.0,0.0,0.0,0.0,0.0,0.0,0.0,0.0,0.0,0.0,0.0,0.0,0.0,0.0,0.0,0.0,0.0,0.0,0.0,0.0,0.0,0.0,0.0,0.0,0.0,0.0,0.0,0.0,0.0,0.0,0.0,0.0,0.0,0.0,0.0,0.0,0.0,0.0,0.0,0.0,0.0,0.0,0.0,0.0,0.0,0.0,0.0,0.0,0.0,0.0,0.0,0.0,0.0,0.0,0.0,0.0,0.0,0.0,0.0,0.0,0.0,0.0,0.0,0.0,0.0,0.0,0.0,0.0,0.0,0.0,0.0,0.0,0.0,0.0,0.0,0.0,0.0,0.0,0.0,0.0,0.0,0.0,0.0
110923>110901,757,757,WHMu,West Ham,Jubilee // SB,757,WHMu,West Ham,EntEx,Alight-Exit,1429.698788400162,36.95010017202,132.46566742,434.5661474,393.9264356,288.8961054000001,142.894332408142,0.5305894773400001,2.55388847734,3.13378247734,4.492555100000001,5.40060706,7.170039859999998,6.03836036,7.63027736,8.278962420000001,9.275789699999999,9.3189327,10.4126168,10.1715506,10.3940114,10.8391938,11.8056378,12.5663352,13.2099946,13.28968,12.9029624,12.4436252,12.1143158,11.690953,11.5137582,12.4695404,13.4639392,14.2726946,15.965853,17.5108858,18.2816604,18.6577032,19.0973434,18.6715186,18.8347926,19.3804966,19.37255720000001,19.9351152,20.6020028,21.1063022,20.948194,21.73685720000001,23.342178,25.4871064,27.6667544,30.2007846,31.66985600000001,31.8734882,32.3425852,32.4167724,32.02749480000001,33.1645486,34.10748760000001,34.4287982,34.47329420000001,34.7131902,32.5081356,30.163116,27.8452224,26.45140840000001,24.73064840000001,24.0996716,24.57142300000001,24.2847264,23.2840558,22.4176788,21.4870726,20.31593920000001,19.2451428,18.50456620000001,17.8453346,18.02334500000001,16.82669,16.43304160000001,15.3590826,14.0795402,10.52896738,7.79048678,4.83892318,2.40352818,0.26006918,0.0,0.0,0.0,0.0,0.0,0.0,0.0,0.0,0.0,4.747944400000001e-05,7.8610958e-05,0.000121381266,0.000138205338,0.000165973846,0.000118494402,8.7362888e-05
110923>110916,757,757,WHMu,West Ham,Jubilee // SB,757,WHMu,West Ham,Dis+H&C // EB,Alight-Interchange-Board,4803.386215,54.2430572,396.2305944,1474.1239014,1202.984986,1053.1049932,622.6986827999999,0.0,0.0,0.0,3.4543534,9.375885,11.5243786,13.7714786,16.1169616,20.0935538,19.626979,26.4465884,31.93416180000001,35.86950460000001,34.936167,36.8882354,34.6540732,36.6474978,39.2238146,39.70365560000001,40.20636320000001,41.1086224,38.85729840000001,39.4495486,41.2398044,43.2536456,45.404133,48.810777,48.8533856,51.8961324,55.4879164,61.720163,62.45773199999999,66.4524738,67.4272692,69.58359320000001,67.01374919999999,71.02915420000002,70.4495582,74.2089272,71.4479592,76.8469592,80.9622932,90.15003000000002,90.012776,94.833774,92.464176,92.87283,86.626588,89.115746,89.55456400000001,98.309514,99.490042,108.426124,112.9198,122.303046,116.068782,112.705536,110.888768,101.709126,93.67023,90.118934,85.42425000000001,79.67085,80.66718399999999,75.69149200000003,74.17551999999999,75.79318,72.5899232,74.07974320000002,76.1445172,76.6902652,73.7934922,75.12270819999998,73.0092934,60.66347080000001,48.1313848,36.12751979999999,20.7870046,6.2037114,1.945572,0.0,0.0,0.0,0.0,0.0,0.0,0.0,0.0,0.0,0.0,0.0,0.0,0.0,0.0,0.0,0.0
110923>110917,757,757,WHMu,West Ham,Jubilee // SB,757,WHMu,West Ham,Dis+H&C // WB,Alight-Interchange-Board,487.45835311837,9.755399078369999,53.03183772000001,191.66397922,101.6441475,76.8637699,54.4992197,0.0,0.0001506236740000001,0.0001506236740000001,0.423485823674,1.184480443674,1.953689043674,2.57383866,3.61960386,3.5704887,3.26242682,3.091203920000001,3.47897588,3.54168542,3.87384558,4.30138324,4.772408540000002,5.049375660000001,5.27971032,5.99689192,6.81344172,7.23915392,7.870398400000001,8.147762799999999,8.348742600000001,7.935600720000001,8.275409320000001,7.60300828,7.49674478,7.511663779999999,8.24416966,8.01169186,8.02564802,8.39881832,8.16163272,7.74500712,7.51649072,7.774551800000001,7.465958000000001,7.509098599999999,7.541985400000002,7.819041599999999,8.678142999999999,8.829278400000002,9.513979400000002,9.029556800000002,8.790210540000002,8.01975914,8.00504074,7.301287220000002,8.060399820000002,8.47742868,8.62912908,8.75352628,9.042583800000001,9.054217199999998,8.4810082,8.813769599999999,8.126076119999999,7.669718660000001,7.067975860000002,6.714055860000001,5.65620318,5.35520906,4.998128040000001,4.85962184,5.15305604,5.844196520000001,6.60575912,7.354074600000001,8.3552186,9.1136936,8.69549632,7.62655786,6.21604918,4.03618538,2.08312878,0.7790264600000001,0.23978892,0.0,0.0,0.0,0.0,0.0,0.0,0.0,0.0,0.0,0.0,0.0,0.0,0.0,0.0,0.0,0.0,0.0,0.0
110923>110978,757,757,WHMu,West Ham,Jubilee // SB,757,WHMu,West Ham,NR Essex Thameside // DN,Alight-Interchange-Board,1996.48833238985,7.904631768000001,256.998011992,705.58824,550.1930452,385.09236278794,90.71204064191001,0.0,0.0,0.0,0.0,0.08600729200000001,0.08600729200000001,0.08600729200000001,7.646609892000001,9.322697292,12.8094416,14.8937646,22.5753876,18.6927692,24.9191518,24.4055343,30.1979273,25.0596129,27.0434637,22.5148321,24.56342960000001,20.8570414,23.9819788,23.0557814,24.6060804,23.6782834,25.1876766,23.7727448,24.93153280000001,23.8868776,27.1496134,26.3851332,29.012937,28.49623200000001,32.2958002,29.6128818,31.6188538,31.3710738,33.3501772,32.35565140000001,35.7397294,36.29539120000001,38.8955112,38.4283912,40.62286599999999,39.936888,43.1409682,40.9366062,44.58371560000001,42.4023742,46.35985120000001,44.0165528,49.8871958,48.2333376,51.71641,49.3487914,49.63035420000001,44.0394732,41.87918800000001,39.3400942,36.5512026,33.3627382,31.9514152,29.6350464,27.6471128,27.9150366,27.5749098,21.67740799397,23.51873779397,17.86503479397,11.33829219397,6.82323835397,10.83657416,4.719184292,7.630528692,8.474436892,9.227109532,5.213740532000001,5.083499400000001,2.172155,1.3282468,0.0,0.0,0.0,0.0,0.0,0.0,0.0,0.0,0.0,0.0,0.0,0.0,0.0,0.0,0.0,0.0
110923>110979,757,757,WHMu,West Ham,Jubilee // SB,757,WHMu,West Ham,NR Essex Thameside // UP,Alight-Interchange-Board,47.29978958319701,0.2076130776,5.973906099400001,20.3543309577,12.92052342,6.106764755000001,1.736651273497,0.0,0.0,0.0,0.007074347200000002,0.007074347200000002,0.0228804604,0.0360497774,0.1345341454,0.1887764442,0.2767204502,0.330602531,0.4830602040000001,0.397519534,0.3731820180000001,0.3862066000000001,0.558581306,0.5298911159999999,0.753763858,0.8485489380000001,0.8470530999999999,0.85399938,0.7244989507999999,0.7292974308,0.5998130166,0.50175753774,0.29225764174,0.3794206109400001,0.2060319809400001,0.51318216514,0.7075738140000001,0.6688977142000001,0.6378056042000001,0.9191440542,1.0869370342,1.0344357402,1.303821436,1.401880618,1.337368198,0.965800718,0.943751792,1.036556512,1.10122424,1.1861846,1.222690168,1.220357814,1.066741694,0.993151806,0.7651097859999999,0.8290800979999999,0.897204262,0.994417222,1.04440085,1.34753827,1.32772655,1.30826386,1.126531208,1.070246708,0.7574840279999999,0.6239709680000001,0.6136591580000001,0.509079963,0.449431973,0.348458881,0.2980041158000001,0.2747249458,0.3686108128,0.3954475628,0.3976456388,0.395293824,0.320969816,0.219845516,0.1063181154994,0.1798775114994,0.1798775114994,0.1202046794994,0.1071345194994,0.10712978,0.0,0.0,0.0,0.0,0.0,0.0,0.0,0.0,0.0,0.0,0.0,0.0,0.0,0.0,0.0,0.0,0.0,0.0,0.0
110923>110990,757,757,WHMu,West Ham,Jubilee // SB,757,WHMu,West Ham,DLR // OB,Alight-Interchange-Board,0.3520883631720843,8.657354000000003e-07,0.0384282931901,0.2314944411909,0.06027846481,0.01264706178,0.009239236465684001,0.0,0.0,0.0,1.731470800000001e-07,1.731470800000001e-07,1.731470800000001e-07,1.731470800000001e-07,1.731470800000001e-07,0.0,0.0,0.0,0.0,0.0,2.318869700000001e-06,2.318869700000001e-06,5.62481497e-05,5.62481497e-05,7.389984689999999e-05,0.0191088261772,0.0191284331272,0.0190746780353,0.0191063156433,0.0190888591943,9.079842629999999e-05,7.11914763e-05,0.0001182785382,8.66409302e-05,0.00015370663,0.000114522198,0.000219367578,0.000172106328,0.000332077168,0.000271304345,0.000552482885,0.000447637505,0.000944856985,0.0007848861449999999,0.01718044802,0.01689926948,0.01914430228,0.0186470828,0.043253342,0.026851292,0.0278889946,0.02567219569,0.02621717503,0.00161091583,0.00191153767,0.0008738350699999999,0.001033541528,0.000488562188,0.0006063382760000001,0.000305716436,0.000394422576,0.0002064822280000001,0.000957742288,0.00105232212,0.001115526694,0.001026820554,0.001091099042,0.0003398389820000001,0.000204130502,0.000140925928,0.001484376248,0.00142009776,0.00156516649,0.00148851905,0.001718238410000001,0.00037478809,0.00079659247,0.0006515237400000001,0.00183575914,0.00160603978,0.00160603978,0.0011842399331368,0.0011842399331368,4.5331368e-09,4.5331368e-09,4.5331368e-09,0.0,0.0,0.0,0.0,0.0,0.0,0.0,0.0,0.0,0.0,0.0,0.0,0.0,0.0,0.0,0.0,0.0
110923>110991,757,757,WHMu,West Ham,Jubilee // SB,757,WHMu,West Ham,DLR // IB,Alight-Interchange-Board,25.21341483875461,0.0,3.7289146e-06,21.38628672984,3.82712438,0.0,0.0,0.0,0.0,0.0,0.0,0.0,0.0,0.0,0.0,0.0,0.0,0.0,0.0,0.0,0.0,0.0,7.4578292e-07,7.4578292e-07,7.4578292e-07,7.4578292e-07,7.4578292e-07,2.018196800000001e-05,2.018196800000001e-05,2.018196800000001e-05,2.018196800000001e-05,2.018196800000001e-05,0.0,0.0,0.0,0.42809824,0.7370647,0.8594362600000001,1.77333616,2.00046922,1.85035,1.6763466,2.32625988,1.76546898,1.87133688,1.59335786,1.4583948,0.68610996,0.70544824,0.82735402,0.82735402,0.82735402,0.82735402,0.45490674,0.34350192,0.34350192,0.34350192,0.34350192,0.34350192,0.0,0.0,0.0,0.0,0.0,0.0,0.0,0.0,0.0,0.0,0.0,0.0,0.0,0.0,0.0,0.0,0.0,0.0,0.0,0.0,0.0,0.0,0.0,0.0,0.0,0.0,0.0,0.0,0.0,0.0,0.0,0.0,0.0,0.0,0.0,0.0,0.0,0.0,0.0,0.0,0.0,0.0,0.0,0.0
110978>110901,757,757,WHMu,West Ham,NR Essex Thameside // DN,757,WHMu,West Ham,EntEx,Alight-Exit,68.02230030378003,0.3870495602,3.35559612538,16.507640618,25.0222118,14.875209972,7.874592228200002,0.0,0.0,0.0,0.0,0.0,0.128592194,0.128592194,0.1298651722,0.1326806582,0.13291127488,0.004647287400000001,0.015985701,0.3250451228000001,0.322261240516,0.3573919998360001,0.460796793316,0.5911309077160001,0.280798507716,0.3836540040000001,0.348292628,0.3833909579999999,0.24171843,0.38645333,0.28356623,0.4368593100000001,0.29802798,0.4861908,0.3414559,0.63435958,0.4810665,0.6908432600000001,0.50268044,0.7982770800000001,0.5053734000000001,0.8335285600000002,0.6237518000000001,1.0724096,0.77681296,1.1599369,0.83178174,1.11650154,0.66784374,1.66896726,1.28584332,2.39748444,2.11276464,2.71670612,1.7155826,2.33546714,1.22382602,2.29930972,1.69536824,2.562321320000001,1.94243678,2.54821424,1.47273054,2.2381011,1.37114802,1.9451604,1.33938294,1.65598414,0.89061358,1.30292278,0.7289104000000001,0.85249038,0.9531639000000001,1.004820766,0.592511566,0.8796277259999999,0.7560477459999999,0.338773026,0.8328730199999999,0.8328730199999999,1.00796722,1.037170724,1.06444232,0.5186854599999999,0.51942542204,0.05721506204,0.02801155804,0.0007399620400000001,0.0007399620400000001,0.0,0.0,0.0,0.0,0.0,0.0,0.0,0.0,0.0,0.0,0.0,0.0,0.0,0.0
110978>110916,757,757,WHMu,West Ham,NR Essex Thameside // DN,757,WHMu,West Ham,Dis+H&C // EB,Alight-Interchange-Board,175.4021329566401,0.5166502134000002,4.43955222124,53.981397796,62.24467260000001,27.09522515680001,27.1246349692,0.0,0.0,0.0,0.0,0.0,0.1680957320000001,0.1680957320000001,0.1804587494000001,0.4886021694,0.4886021694,0.5054637574,0.5055416971500001,0.50315063775,0.195035029772,0.281586993772,0.09664212072799999,0.145219716978,0.135247758978,0.590506066956,0.503954102956,1.024892016,0.97623648,1.39994626,0.94466014,1.5014122,0.98046184,1.47302144,1.04931166,1.8466604,1.28990834,2.39161522,1.89905562,2.6425105,1.84516176,3.02112746,1.91942058,2.67132832,1.92787344,2.41668456,1.24071886,4.734014859999998,3.982107119999999,5.64603992,5.1572288,7.1441912,3.6508952,6.1986498,4.534717000000001,6.506567,4.519604599999999,6.5099206,3.962166,6.1697256,4.1978756,5.420338,3.430022,4.45711588,2.24955628,2.72305588,1.50059348,2.68861094,1.66151706,3.06436636,2.59086676,2.6008995472,1.5938118072,1.6838402312,0.2809909312,0.6157911911999999,0.6057584039999999,0.424828684,1.2478512,1.2478512,1.50482102,1.634151834,4.961731234,4.048680294,4.048680294,3.456910214,3.3275794,0.0,0.0,0.0,0.0,0.0,0.0,0.0,0.0,0.0,0.0,0.0,0.0,0.0,0.0,0.0,0.0
110978>110917,757,757,WHMu,West Ham,NR Essex Thameside // DN,757,WHMu,West Ham,Dis+H&C // WB,Alight-Interchange-Board,46.61324799952301,0.016131060282,2.967255453241,18.636988116,12.15489994,6.646512608000002,6.191460822,0.0,0.0,0.0,0.0,0.0,9.526094e-06,9.526094e-06,0.016112008094,0.097525760094,0.132607430094,0.179646076,0.1796535698106,0.3120413278106,0.2416374150106,0.3379968970106,0.3121500598106,0.3861789620000001,0.237688722,0.3407851928,0.2093440408,0.278639396,0.204603,0.5353613600000001,0.4212550500000001,0.71554695,0.6250502600000001,0.8444770400000001,0.51371868,0.80523422,0.5109423200000001,0.98615742,0.76673064,0.99104928,0.6995337400000001,0.92437424,0.44915914,0.93160494,0.7072863,1.16415538,0.93931488,1.49785722,1.01541142,1.283197160000001,0.8263280800000001,1.30046382,0.74192148,1.4348052,1.16701946,1.47239608,0.99826034,1.15995968,0.4670759600000001,0.97190808,0.66653146,0.96812886,0.80642952,1.04028142,0.5354493,0.6647881999999999,0.3631908,0.4854586400000001,0.25160674,0.38419702,0.25485812,0.3846860720000001,0.6565381920000001,0.8790241920000001,0.7464339120000001,1.333824292,1.20399634,0.80987638,0.91420368,0.91420368,0.33379661,0.33379661,0.33379661,0.00698331,0.00698331,0.0,0.0,0.0,0.0,0.0,0.0,0.0,0.0,0.0,0.0,0.0,0.0,0.0,0.0,0.0,0.0,0.0,0.0
110978>110922,757,757,WHMu,West Ham,NR Essex Thameside // DN,757,WHMu,West Ham,Jubilee // NB,Alight-Interchange-Board,94.21898942000001,0.533781338,5.925268182,35.15167743999999,31.37370896,14.18390522,7.05064828,0.0,0.0,0.0,0.0,0.0,0.16622907,0.16622907,0.201323198,0.302564524,0.32802213,0.290341348,0.304166358,0.50146877,0.43686905,0.6643804040000001,0.6434598060000001,0.8246616560000001,0.5922651160000001,0.64501899,0.3920500300000001,0.94786218,0.75283532,1.1819089,1.09251342,1.56871596,0.90527612,1.37041246,0.94133888,1.36710202,0.8908994800000001,1.77607928,1.31094294,2.11929998,1.69353684,1.89595304,1.01077324,1.38189234,0.5735353000000001,1.2723741,1.0699579,2.24161642,1.87049732,3.3075964,2.6087576,3.4428416,2.27118308,2.97844212,1.54134304,2.65747064,1.823386640000001,2.87358224,2.1663232,3.4748603,2.3587327,3.4178695,2.3676739,2.62654944,1.31801234,1.57725894,0.51812214,0.8147214600000001,0.5558459200000001,1.30741166,1.04816506,1.26745286,1.16905334,1.3664389,0.61487316,0.9962376000000001,0.7769497999999999,0.57875,1.16856084,1.16856084,0.7871964,0.7871964,0.7871964,0.0,0.0,0.0,0.0,0.0,0.0,0.0,0.0,0.0,0.0,0.0,0.0,0.0,0.0,0.0,0.0,0.0,0.0,0.0,0.0
110978>110923,757,757,WHMu,West Ham,NR Essex Thameside // DN,757,WHMu,West Ham,Jubilee // SB,Alight-Interchange-Board,490.44500188,0.0,10.10118093,105.5934319,173.223789,81.34966179,120.17693826,0.0,0.0,0.0,0.0,0.0,0.0,0.0,0.0,0.6469698400000001,0.7761810860000001,0.9905313260000002,0.9905313260000002,1.342291566,0.8050938259999999,0.7535499800000001,0.6555248599999999,0.8427071599999999,0.49094692,0.94226022,0.8645928199999999,1.3377016,1.1505193,1.8938691,1.3327837,2.27141276,1.68197886,1.90151798,1.15816818,1.88452498,0.94589592,4.34015892,4.1206198,5.28143484,4.555078040000001,7.995783240000002,4.60152024,6.87151424,5.710699200000001,8.4933274,5.0526222,8.745984199999999,6.4759902,10.2864776,7.503849400000001,13.809108,10.115746,13.9659932,10.1555058,24.6909778,18.3857192,22.9257762,19.075529,20.9322866,6.396814600000001,8.6551948,4.115137799999999,5.4724488,3.615691200000001,8.486633600000001,6.228253400000002,14.08799,12.730679,12.83479879,7.963856390000003,8.064751350000002,0.20501475,0.88183215,0.77771236,2.26810756,2.1672126,2.1672126,22.9996392,22.9996392,21.81178936,22.11872302,22.11872302,0.6094790200000001,0.6094790200000001,0.3069336600000001,0.0,0.0,0.0,0.0,0.0,0.0,0.0,0.0,0.0,0.0,0.0,0.0,0.0,0.0,0.0,0.0,0.0
110978>110990,757,757,WHMu,West Ham,NR Essex Thameside // DN,757,WHMu,West Ham,DLR // OB,Alight-Interchange-Board,18.9685630979,0.30462542,1.71802828924,4.804927847660001,5.499969918000001,2.809298795000001,3.831712828,0.0,0.0,0.0,0.0,0.0,0.05111520000000001,0.05111520000000001,0.20239502,0.378057192,0.389380162,0.345403198,0.3482131378,0.1992152218,0.0245585572,0.0141810584,0.00748913364,0.005182711160000001,0.00290080716,0.00219629064,0.00125081944,0.0261045282,0.02560101088,0.06042990088000001,0.06012891000000001,0.067568794,0.042268774,0.04233642,0.00750753,0.0321766408,0.02473675680000001,0.0621669868,0.06209934080000001,0.1058323388,0.081163228,0.08121857474000001,0.04378834473999999,0.12809947874,0.08436648074000001,0.18714958874,0.187094242,0.8723739420000001,0.7880628080000001,0.917718168,0.81493506,0.89953545,0.21425575,0.3631052500000001,0.23344989,0.4202352780000001,0.335634888,0.46438154,0.31553204,0.7067485400000001,0.5199631520000001,0.577937396,0.4491907440000001,0.4504413502000001,0.0592248502,0.2640428102,0.2060685662000001,0.3389641062000001,0.3377135,0.38772438,0.18290642,0.229746324,0.118130744,0.142173312,0.09216243199999999,0.1960690400000001,0.149229136,0.127949176,0.4659808479999999,0.4659808479999999,0.5530141679999999,0.6038076720000001,0.6301304520000001,0.268056212,0.268056212,0.07711628400000001,0.02632278,0.0,0.0,0.0,0.0,0.0,0.0,0.0,0.0,0.0,0.0,0.0,0.0,0.0,0.0,0.0,0.0
110978>110991,757,757,WHMu,West Ham,NR Essex Thameside // DN,757,WHMu,West Ham,DLR // IB,Alight-Interchange-Board,112.3469953119,0.09119330734799999,2.107622374012,17.78619138154,12.693035652,22.787803781,56.881148816,0.0,0.0,0.0,0.0,0.0,6.495911600000001e-05,6.495911600000001e-05,0.091063389116,0.135186589116,0.135236007252,0.135239798164,0.191747142164,0.190618300164,0.247063720164,0.276628378028,0.27662260272,0.25455123472,0.16468164672,0.06483051540000001,0.0352164394,0.24543840468,0.21100242868,0.21264716628,0.2119296776,0.2769930836,0.0667081436,0.0694283299,0.0677835923,0.1601356183,0.0950722123,1.0574924123,1.054772226,1.584503626,1.4921516,1.7365874,0.7741672000000002,1.454757,0.9250256,1.044653028,0.8002172280000001,1.379468428,0.6988786280000001,1.143002888,1.02337546,1.88474506,1.30549386,1.3087016308,0.8645773708000002,1.0603148708,0.1989452708,0.8725123307999999,0.8693045599999999,1.39212604,1.19638854,1.206746589,0.5331795290000001,1.420853329,0.8980318490000002,1.008838099,0.9984800500000002,1.136590378,0.248916578,1.039368338,0.928562088,1.027324744,4.705855616,5.082717236000001,4.292265476,5.359029156,5.2602665,1.4436253,6.33082208,6.33082208,7.155946000000001,7.630365299999999,8.536940099999999,3.2728817,3.2728817,1.3809941,0.9065748,0.0,0.0,0.0,0.0,0.0,0.0,0.0,0.0,0.0,0.0,0.0,0.0,0.0,0.0,0.0,0.0
110979>110901,757,757,WHMu,West Ham,NR Essex Thameside // UP,757,WHMu,West Ham,EntEx,Alight-Exit,136.2085328900001,3.63496812,17.09759351,42.90997832,46.81468506,20.90904962,4.842258260000001,0.0,0.0,0.0,0.0,0.6414194999999999,0.6414194999999999,0.8181167300000001,1.53401239,1.53401239,1.046676058,1.180082658,1.342197208,0.6263015479999999,1.288037148,1.13395398,1.81070048,1.4718887,2.13093636,1.46920076,2.06360622,1.25345312,2.33947606,1.6804284,2.27625904,1.68185358,2.24424228,1.15821934,1.7885571,1.19272646,1.96248116,1.40009246,1.86743154,1.23709378,1.9438601,1.1741054,1.90396146,1.43662238,2.14369802,1.4369317,2.19752164,1.46766558,2.4436019,1.73652626,2.94316956,2.18257962,4.38647222,3.4105359,5.3892431,4.1825998,6.0700592,3.8661666,5.05139114,3.07268394,4.13270914,2.24524974,2.82499466,1.63977012,2.74884492,1.68881972,2.55693372,1.9771888,2.75044576,1.64137096,1.97015236,1.10203836,1.35271372,0.57945676,0.90131442,0.5725330200000001,0.69372542,0.73374282,0.73374282,0.61069538,0.61069538,0.48950298,0.19881022,0.19881022,0.0,0.0,0.0,0.0,0.0,0.0,0.0,0.0,0.0,0.0,0.0,0.0,0.0,0.0,0.0,0.0,0.0,0.0,0.0
110979>110916,757,757,WHMu,West Ham,NR Essex Thameside // UP,757,WHMu,West Ham,Dis+H&C // EB,Alight-Interchange-Board,0.7217330000000001,0.0,0.0,0.0,0.0,0.0,0.7217330000000001,0.0,0.0,0.0,0.0,0.0,0.0,0.0,0.0,0.0,0.0,0.0,0.0,0.0,0.0,0.0,0.0,0.0,0.0,0.0,0.0,0.0,0.0,0.0,0.0,0.0,0.0,0.0,0.0,0.0,0.0,0.0,0.0,0.0,0.0,0.0,0.0,0.0,0.0,0.0,0.0,0.0,0.0,0.0,0.0,0.0,0.0,0.0,0.0,0.0,0.0,0.0,0.0,0.0,0.0,0.0,0.0,0.0,0.0,0.0,0.0,0.0,0.0,0.0,0.0,0.0,0.0,0.0,0.0,0.0,0.0,0.0,0.0,0.1443466,0.1443466,0.1443466,0.1443466,0.1443466,0.0,0.0,0.0,0.0,0.0,0.0,0.0,0.0,0.0,0.0,0.0,0.0,0.0,0.0,0.0,0.0,0.0,0.0,0.0
110979>110917,757,757,WHMu,West Ham,NR Essex Thameside // UP,757,WHMu,West Ham,Dis+H&C // WB,Alight-Interchange-Board,1006.55726,4.9122806,204.9198298,489.3191785999999,197.0870028000001,95.7884562,14.530512,0.0,0.0,0.0,0.0,0.0,0.0,0.0,4.9122806,4.9122806,9.112304600000002,12.211187,18.1347314,13.2224508,22.8554502,18.6554262,24.4624314,18.53888700000001,24.8634494,15.23045,22.7207812,13.8148936,22.9949336,16.6703712,25.4041762,17.91384500000001,26.8020438,17.6220038,27.5318708,18.7980658,28.6909552,19.8027564,28.8139716,18.9041046,28.03264,18.1397506,24.2114246,15.2002094,22.4657788,13.3372434,19.6576158,13.5859418,20.1383158,12.8727464,17.9135204,11.593148,18.91315680000001,12.3607828,20.43617080000001,15.3953968,22.57969480000001,15.25968600000001,20.959232,12.883844,18.7583084,11.5740104,16.373572,10.674026,14.3396396,8.4651752,12.5514198,7.751858200000001,10.224338,6.558724400000001,8.072795300000001,3.9865507,5.674323900000001,3.201844100000001,4.287761000000001,2.7736901,3.461026700000001,1.7732535,1.7732535,1.3622596,1.3622596,0.6749230000000002,0.6749230000000002,0.6749230000000002,0.0,0.0,0.0,0.0,0.0,0.0,0.0,0.0,0.0,0.0,0.0,0.0,0.0,0.0,0.0,0.0,0.0,0.0,0.0
110979>110922,757,757,WHMu,West Ham,NR Essex Thameside // UP,757,WHMu,West Ham,Jubilee // NB,Alight-Interchange-Board,2538.3459766,19.4748944,410.7386586,1281.065818,547.818611,236.286964,42.9610306,0.0,0.0,0.0,0.0,0.6519216000000001,0.6519216000000001,5.190004800000001,12.9810464,12.9810464,21.4950048,27.8624556,32.6670744,24.8760328,42.41963079999999,33.25375080000001,41.187358,31.844656,51.03731500000001,33.493717,57.62061700000001,43.31955900000001,67.77264579999999,48.57998680000001,74.06895080000002,49.9420508,72.2237628,47.770676,68.090676,42.60171200000001,66.05321500000001,43.771503,65.620627,45.30062700000001,65.493639,42.042136,61.48886400000001,39.63974,58.68712000000001,38.494108,56.11468900000001,36.66796100000001,55.87828100000001,36.830901,54.612387,36.991806,56.174226,36.963906,55.844625,38.063139,58.155476,38.973056,55.7768432,36.8961242,53.83562320000001,33.7432862,46.4005002,29.596713,38.089255,21.149756,28.4981996,15.8409856,21.8792456,13.3867036,18.845878,11.4974344,15.2789586,9.240698599999998,12.983136,7.5239616,9.4058344,7.1186117,7.1186117,4.08564652,4.08564652,2.20377372,0.7094722200000001,0.7094722200000001,0.0,0.0,0.0,0.0,0.0,0.0,0.0,0.0,0.0,0.0,0.0,0.0,0.0,0.0,0.0,0.0,0.0,0.0,0.0
110979>110923,757,757,WHMu,West Ham,NR Essex Thameside // UP,757,WHMu,West Ham,Jubilee // SB,Alight-Interchange-Board,678.5210278029999,0.0,40.4963922,389.7207908,200.2727472,36.56268896400001,11.468408639,0.0,0.0,0.0,0.0,0.0,0.0,0.0,0.0,0.0,0.0,0.0,0.0,0.0,0.7420316000000001,0.7420316000000001,5.492763999999998,5.492763999999998,8.946423,8.2043914,10.8759866,6.125254200000001,9.51858,6.064921000000001,9.7922754,7.120680200000002,11.0654892,7.6721634,12.1270282,8.3996738,16.1668368,12.2220278,22.2947444,17.8398796,26.6515786,18.8844156,26.5919466,16.51923,23.5351686,14.7234696,22.20847860000001,14.5009476,27.4683216,20.452383,31.775297,24.290288,33.59716899999999,20.629795,25.1339718,13.8110578,18.8111428,9.5042618,14.7849266,10.2807498,12.5802396,7.5801546,9.268990400000002,3.988325600000001,7.5387898,5.2393,5.7828503,4.0940145,4.44327874,0.89281454,1.01586094,0.47231064,1.24068144,0.8914171999999999,0.963045264,0.839998864,0.8468135406,1.7360471406,1.7360471406,1.9290309566,1.9290309566,1.92221628,0.26461188,0.26461188,0.0,0.0,0.0,0.0,0.0,0.0,0.0,0.0,0.0,0.0,0.0,0.0,0.0,0.0,0.0,0.0,0.0,0.0,0.0
110979>110990,757,757,WHMu,West Ham,NR Essex Thameside // UP,757,WHMu,West Ham,DLR // OB,Alight-Interchange-Board,346.7836694400001,2.090560064,52.942555016,126.1074464,90.9875068,60.82632996,13.8292712,0.0,0.0,0.0,0.0,0.04484641599999999,0.04484641599999999,0.547001056,1.453866176,1.453866176,2.36954156,3.28900476,4.07133412,3.164469,4.7671568,3.806635,6.3673128,5.0828288,6.6957834,5.0930956,6.781527000000001,3.301386,5.3268896,3.713935,5.4059464,3.717515,5.3360074,3.3105038,5.278240599999999,3.5862292,6.292375,4.673882600000002,6.9429528,4.975216000000001,7.063846099999999,4.357700299999999,6.267872499999998,3.9988023,6.085264700000001,3.9966346,6.43189,4.5217178,7.547290800000002,5.4608284,8.5145195,6.0792641,9.847323300000001,6.8217503,9.5734549,6.5197638,9.8516028,6.0835436,9.1729034,6.421198800000001,8.028967600000001,4.697128599999999,7.890605600000002,4.8012458,7.417971400000001,5.8102026,8.056052000000001,4.862575000000001,6.786305400000002,4.169579800000001,5.365588600000001,3.119739200000001,3.978144320000001,2.05441392,4.40451192,3.20850312,3.5568573,2.83189118,2.83189118,0.5424137920000001,0.5424137920000001,0.194059612,0.060620612,0.060620612,0.0,0.0,0.0,0.0,0.0,0.0,0.0,0.0,0.0,0.0,0.0,0.0,0.0,0.0,0.0,0.0,0.0,0.0,0.0
110979>110991,757,757,WHMu,West Ham,NR Essex Thameside // UP,757,WHMu,West Ham,DLR // IB,Alight-Interchange-Board,853.4718566339998,1.2605500752,129.7958327188,325.7717658,263.0429589999999,121.32936712,12.27138192,0.0,0.0,0.0,0.0,0.0078137688,0.0078137688,0.08103241879999999,1.1638901188,1.1638901188,5.22901635,7.988984950000001,9.8891645,8.806306800000002,14.4768536,10.4039136,13.2853352,11.311937,16.7578996,11.0873528,19.3951782,13.753788,20.8413254,15.3953628,21.1712888,12.8634634,18.3562742,11.2687368,14.1049914,8.329065400000001,12.1416062,6.648795400000001,12.3017474,9.465492800000002,12.6143786,8.801837800000003,13.3747482,7.721796200000001,12.4991366,9.3502508,14.9837964,10.410886,19.204146,14.4268056,25.7420456,20.1085,29.142682,20.349422,27.2818866,15.9666466,25.0839186,16.0497366,25.9637986,19.031334,25.112308,15.995036,22.95769,13.043628,18.3858594,12.3048854,16.7556574,9.7930034,12.2647074,6.922476,9.494488,5.043716000000001,6.935841400000001,4.4641374,5.920967320000001,3.34895532,3.5610089,1.685269008,1.685269008,0.531962288,0.531962288,0.319908708,0.3035232,0.3035232,0.0,0.0,0.0,0.0,0.0,0.0,0.0,0.0,0.0,0.0,0.0,0.0,0.0,0.0,0.0,0.0,0.0,0.0,0.0
110990>110901,757,757,WHMu,West Ham,DLR // OB,757,WHMu,West Ham,EntEx,Alight-Exit,152.7057522278601,7.623950900000001,13.686811312,63.47935378800001,40.35439414,21.321719372,6.239522715859999,0.2424717,0.371124714,0.552457094,0.882413254,1.388249794,1.458158074,1.39186266,1.33721361,1.28333189,0.7965366580000001,0.560227928,0.5849872079999999,0.7004477980000001,0.6442732580000001,0.8751624100000002,1.24404628,1.7731598,1.77354122,1.753500986,1.697595876,1.805034996000001,1.362365144,1.547869244,1.527343968,1.878657918,1.679565878,2.10077437,1.93538715,2.58585146,2.42457766,2.818993460000001,2.51547778,3.13730526,2.85727416,3.40224606,3.03975166,3.736758,3.44754702,3.49998274,2.89506304,3.50575656,2.96932946,3.46795846,3.33848234,3.93197644,3.493333,4.0731003,3.5900221,3.9301025,3.55121146,3.83472424,3.123888,3.13715694,2.58536256,2.7903748,2.3131418,2.94085044,2.66472888,2.83156958,2.36045942,2.19796394,1.40158988,1.34857012,1.14014868,1.15772912,1.08157602,1.1695189,1.027014392,0.966982352,0.765149538,0.863188038,0.7208968659999999,0.733591034,0.7130071659999999,0.626113594,0.403170214,0.305466923572,0.140340123572,0.001523551572,4.6657572e-05,4.6657572e-05,0.0,0.0,0.0,0.0,0.0,0.0,0.0,0.0,0.0,0.0,0.0,0.0,0.0,0.0,0.0
110990>110916,757,757,WHMu,West Ham,DLR // OB,757,WHMu,West Ham,Dis+H&C // EB,Alight-Interchange-Board,449.8089615014577,3.318655300732,37.409955776808,152.62625338,101.95022548,111.56592766,42.93794390391764,0.0,0.0,0.003194684,0.003194684,0.003263296408,0.5817728964080001,1.363690236408,1.363539503508,1.591010323508,1.7317107711,1.3432176311,0.8284372511,2.03388262,1.99577206,3.6733316,4.61722542,5.72926726,4.84106106,5.135109160000002,3.88993062,3.55667354,2.75720594,4.17498822,4.46816206,5.884636200000001,5.7055012,6.566927699999999,5.7189527,6.4618205,5.373855900000001,7.3213537,7.052176060000002,8.058493460000001,7.65672226,9.173093860000002,7.89023452,8.56162726,7.378260259999998,6.80920416,5.395667759999998,6.1987427,5.66385844,7.11731544,7.680779540000001,8.22625614,6.872130340000001,7.381265800000001,6.6667547,8.430000500000002,7.706339100000001,9.4663999,8.96296444,10.40583294,8.359826140000001,10.26751814,9.20493734,10.6260434,8.34570656,11.05365536,9.73451608,11.65325508,9.29661824,11.62149788,8.682117719999999,9.9020804,6.987834840000001,8.05661214,5.60598996,8.099934320000001,5.62938554,6.458252900000002,5.49569284,6.33049222,3.52474654,3.3702066174,2.104260159525566,1.619405292783526,0.295830092783526,0.009736972783526,2.75383526e-07,1.3325796e-07,0.0,0.0,0.0,0.0,0.0,0.0,0.0,0.0,0.0,0.0,0.0,0.0,0.0,0.0,0.0
110990>110917,757,757,WHMu,West Ham,DLR // OB,757,WHMu,West Ham,Dis+H&C // WB,Alight-Interchange-Board,201.15454865,1.210116154,29.937840756,92.30343405999999,40.54736314,23.26121442,13.89458012,0.0,0.0,0.0,0.0,0.032571652,0.127298804,0.4363307040000001,0.6139149939999999,0.9564354940000002,1.185660822,1.38382481,1.252119602,2.055851912,2.110724692,2.568653472,3.069606792,4.153153700000002,3.54976194,3.98453314,3.66751438,3.636577,3.2242978,3.67157866,3.46161918,3.872817700000001,3.763071580000001,3.720669580000001,3.39378112,4.209906780000002,4.44966606,5.0273392,4.697555,5.0659469,4.51994204,4.12513254,3.48917844,4.120277,3.582319759999999,3.516644100000001,3.006240212,3.696875612,3.107961312,3.581807512,3.362228972,4.16372968,3.09509264,3.7146011,3.65851188,3.74534402,3.28985926,3.82366516,3.1651241,3.16855476,2.92163746,3.0249111,2.77633198,2.81960994,2.30528954,2.4022156,1.9409255,2.10822516,1.8203461,1.8539593,1.47803908,1.90716344,1.31547724,1.59407908,1.71588444,2.11383876,1.80119682,2.07253112,1.638879826,1.332379752,1.447800412,1.194867092,0.8458141920000001,0.7659048860000001,0.68136726,0.0,0.0,0.0,0.0,0.0,0.0,0.0,0.0,0.0,0.0,0.0,0.0,0.0,0.0,0.0,0.0,0.0,0.0
110990>110922,757,757,WHMu,West Ham,DLR // OB,757,WHMu,West Ham,Jubilee // NB,Alight-Interchange-Board,585.9122190000004,0.0,24.20066408,384.9336335000002,140.67562322,36.10229819999999,0.0,0.0,0.0,0.0,0.0,0.0,0.0,0.0,0.0,0.0,0.0,0.0,0.0,0.0,0.0,1.48194608,1.48194608,2.8118018,4.7248792,6.4767782,7.22331272,11.77663532,12.8193596,15.0590986,17.3341356,19.907747,18.24657340000001,19.896605,19.0258004,19.2650468,17.60152040000001,18.1859202,18.0195514,17.9112466,16.4904754,17.3080694,16.2398636,15.6877028,14.6212922,14.4092426,13.17025920000001,14.0401162,12.20990266,12.85042306,12.85704606,13.42050686,11.5544272,12.19862934,12.11555114,12.17564574,10.76003214,11.8065988,11.5163746,12.2250484,11.235582,11.1341488,10.5330782,12.0225166,8.649104199999998,6.9384914,5.1749012,3.317284799999999,0.0,0.0,0.0,0.0,0.0,0.0,0.0,0.0,0.0,0.0,0.0,0.0,0.0,0.0,0.0,0.0,0.0,0.0,0.0,0.0,0.0,0.0,0.0,0.0,0.0,0.0,0.0,0.0,0.0,0.0,0.0,0.0,0.0,0.0,0.0
110990>110978,757,757,WHMu,West Ham,DLR // OB,757,WHMu,West Ham,NR Essex Thameside // DN,Alight-Interchange-Board,284.2766151652451,0.420405256,41.18219348240001,146.6717749106,54.12028408100001,40.37755937398001,1.5043980612651,0.0,0.0,0.0,0.0,0.027702924,0.027702924,0.027702924,0.337296484,0.833277424,0.92766306,1.98486186,2.35357672,4.17947036,3.6956267674,5.466017007400001,4.540592387399998,5.690383527400002,3.7636548874,4.81490008,2.9321694014,4.4120336214,2.9726364014,5.2060254414,4.2603926514,6.787732330000001,5.1840960756,7.4220548956,5.006899953600001,10.6406462036,8.110368837000001,9.9371110914,7.774538211399999,10.5111905534,4.828903663399999,6.79964763,4.974441772,7.510052852,4.755161642000001,6.032059452,4.303823652,6.26972371,3.850897890000001,5.120191,4.001145380000001,5.09669718,3.36763258,4.58578588,3.504158560000001,5.974765260000002,4.68485788,6.29655468,4.842797504000001,6.036770604000001,3.354378887,4.106419367,2.269465699,3.447581195000001,2.097594715,4.069833432000002,3.362010946000001,4.853048294000001,3.671250622,5.475423222000001,3.610719422,3.810310788,2.606108828,2.57417725799,0.79950065199,0.6766908171317201,0.37791843713172,0.08638614593172,0.08632378794172,0.01642321419172,0.01642184905,0.04954190905,0.04556296825,0.0455633643173,0.0455617440673,0.0455617440673,0.0124416840673,3.960673e-07,0.0,0.0,0.0,0.0,0.0,0.0,0.0,0.0,0.0,0.0,0.0,0.0,0.0,0.0,0.0
110990>110979,757,757,WHMu,West Ham,DLR // OB,757,WHMu,West Ham,NR Essex Thameside // UP,Alight-Interchange-Board,27.75425695650501,0.462104279145,7.05708642324,13.6299086009834,3.9259792317526,2.043773709774,0.6354047116099999,0.0,0.0,0.0,3.75829e-07,0.017979445829,0.017979445829,0.213072505829,0.213072505829,0.55956657,0.76631628,0.794791776,0.6083783509999999,0.611740993,0.2675107998,0.3368809198,0.4804424838000001,0.4725109349200001,0.4695653428400001,0.69934539604,0.9900365760400002,0.8181513663000001,0.8175308073399999,1.04386553742,0.8118999306739999,0.227168681966,0.463595591706,0.657388144546,1.101009844546,1.10095859344,1.10092426833,0.8643652833600001,0.98196112336,0.31160229783,0.399947155682,0.3999338062272,0.5069399711972,0.1954327995984,0.3556589451284,0.2672937153874,0.2672891842682,0.1602691554758,0.3368703770746,0.1766347551926,0.2632172649336,0.2802902623255999,0.2802891009054,0.1254112969054,0.1254109607248,0.07798474072480001,0.0609105462382,0.2304521564508001,0.3755935404508001,0.4899979905134,0.6257374705134,0.6928173260000001,0.56108384,0.5235794420000001,0.4091933916088,0.2343253677328,0.1672836086308,0.1295420634228,0.0264194114228,0.026570053014,0.02678179435,0.027263796292,0.1090922475,0.1789383875,0.1847841463,0.18453758884,0.188309193,0.130527288,0.034436622154,0.031744627354,0.031744627354,0.027447496354,0.003329621354,0.0033276472,0.0,0.0,0.0,0.0,0.0,0.0,0.0,0.0,0.0,0.0,0.0,0.0,0.0,0.0,0.0,0.0,0.0,0.0,0.0
110991>110901,757,757,WHMu,West Ham,DLR // IB,757,WHMu,West Ham,EntEx,Alight-Exit,47.17570124621302,0.892767018,9.734305568000002,21.064155052,9.084092562,5.361396060000001,1.038984986213,0.020524767,0.0322104804,0.0471734516,0.0596801756,0.0954782596,0.1338280406,0.2489440572,0.254927786,0.503683742,0.5644958520000001,0.637036224,0.531150848,0.6019118840000001,0.44034947,0.8462449559999999,0.82634687,1.188564216,1.268664806,1.38007106,0.94578564,0.9893515460000002,0.7231228860000001,0.7287882800000001,0.56834334,0.6763534400000001,0.618836672,0.654989332,0.7108339920000001,1.037138252,1.090226792,1.37854282,1.351773,1.34827998,1.12204638,1.020196626,0.753893798,0.8292545579999999,0.7174426519999999,0.7639722720000001,0.7369966059999999,0.8134046140000001,0.792261914,0.88261476,0.75549054,0.97336166,0.91121328,0.8474840800000001,0.7827014200000001,0.8817675200000001,0.633508956,0.6753785459999999,0.7002552720000002,0.750548792,0.6253918560000001,0.6925705520000001,0.609910628,0.6678969220000001,0.5219902660000001,0.56881125,0.4811772460000001,0.4837769800000001,0.41064594,0.412363164,0.362851716,0.421463062,0.42310905,0.317666278,0.289644186,0.296218564,0.216170322,0.138472104,0.1174117918826,0.1126658446826,0.0679001892826,0.0403015647626,0.0215143096426,0.02150867376,0.00458898496,0.00142392236,0.0008087148800000003,0.0,0.0,0.0,0.0,0.0,0.0,0.0,0.0,0.0,0.0,0.0,0.0,0.0,0.0,0.0,0.0
110991>110916,757,757,WHMu,West Ham,DLR // IB,757,WHMu,West Ham,Dis+H&C // EB,Alight-Interchange-Board,372.9135348876353,4.05887851,53.08138643000001,184.78619248,67.53592926000002,45.04653278000001,18.4046154276356,0.0,0.0,0.01507355,0.01507355,0.09087382,0.09087382,1.80458242,2.04240135,3.54209455,4.870874580000002,6.151297380000001,4.749131240000001,5.432650420000001,4.20411146,3.71746376,2.64134726,3.55493306,3.9117054,5.20747696,5.09830036,6.87950786,7.618365799999999,8.310325200000001,8.282375120000001,9.51901612,8.24136752,8.11396232,7.57747662,8.0969733,7.37488696,8.864406559999997,8.32804024,8.45279506,7.430600719999998,8.18508066,7.17609298,7.563679700000001,7.13640804,7.822276980000002,6.53472138,6.63054114,6.16273914,7.557717480000001,6.926835580000001,7.440718640000001,6.809095280000001,6.759022880000002,5.155477200000001,5.7005781,5.21324344,5.81851692,5.198640559999999,5.242900120000002,4.52382912,5.058528400000001,4.615378600000001,4.97732128,4.622554000000001,4.8322108,4.01258304,4.004711240000002,3.69687966,4.01280526,3.356763200000001,3.49012864,2.934367380000001,2.8799757,2.22623258,2.25526184,1.92813204,2.20091226,1.97331632,2.60530364,2.262640600000001,2.042665454,1.5242894248,1.20211665752712,0.28088105752712,0.12360509752712,0.00548968352712,1.35272712e-06,0.0,0.0,0.0,0.0,0.0,0.0,0.0,0.0,0.0,0.0,0.0,0.0,0.0,0.0,0.0
110991>110917,757,757,WHMu,West Ham,DLR // IB,757,WHMu,West Ham,Dis+H&C // WB,Alight-Interchange-Board,220.8336806490001,6.278043799000001,40.3373416,101.31631506,38.04946569999999,23.45680206,11.39571243,0.0,0.0,0.0122962326,0.0298832358,0.5672730958,0.8712847758,2.2112355358,2.5860709232,3.93643372,3.90363656,4.47608148,3.4575048,4.01058798,2.99453942,3.124730560000001,2.549870460000001,3.03917958,2.50676184,3.20918952,3.12882568,4.07349998,3.987658240000001,4.77241766,4.14763614,5.129132080000002,4.815754360000001,5.915180100000001,5.247458780000001,5.83749584,4.99490676,5.16112744,3.93654638,4.34609202,3.84031324,3.90838538,3.29657554,3.6864315,3.24388152,3.66693464,3.34665744,3.61037118,3.07756008,3.89880318,3.37549558,4.04409572,3.6062494,3.8172872,2.86220062,3.190686580000001,2.5829508,3.00479634,2.8381659,3.30507252,2.985587,3.10619868,2.70617494,2.88204182,2.34765346,2.66310532,2.2072118,2.3119422,1.77972912,1.91220288,1.34715906,1.61041418,1.32393306,1.6863073,1.38510186,1.5801413,1.35133566,1.51331934,1.38275106,1.62310518,1.362135534,1.160981734,0.8457556340000001,0.469157514,0.107029474,0.0,0.0,0.0,0.0,0.0,0.0,0.0,0.0,0.0,0.0,0.0,0.0,0.0,0.0,0.0,0.0,0.0,0.0
110991>110922,757,757,WHMu,West Ham,DLR // IB,757,WHMu,West Ham,Jubilee // NB,Alight-Interchange-Board,0.1262728091863,0.0,0.04105191871000001,0.023209811805,0.0345795882,0.02305430331426,0.00437718715704,0.0,0.0,0.0,0.0,0.0,0.0,0.0,0.0,0.0071862236,0.0071862236,0.0071862236,0.0071862236,0.0071862236,0.0,0.0010211472,0.0010211472,0.0010211472,0.0010211472,0.001028679555,7.532354999999999e-06,7.532354999999999e-06,7.532354999999999e-06,7.532354999999999e-06,0.0,9.799929200000001e-05,9.799929200000001e-05,9.799929200000001e-05,9.799929200000001e-05,9.799929200000001e-05,0.0,0.0,0.0,0.0,0.0044951384,0.0044951384,0.0044951384,0.0044951384,0.0044951384,4.4305256e-05,4.4305256e-05,4.4305256e-05,4.4305256e-05,4.4305256e-05,0.0,0.0,0.0,0.0,0.0,0.0,0.0,0.0,0.0,0.0,0.0115265294,0.0115265294,0.0115265294,0.0115265294,0.0115265294,0.0,0.0,0.0,0.0,0.0,0.0,0.0,0.0,0.0,1.24451426e-06,0.00044673437426,0.00044673437426,0.0008756863342600001,0.0008756863342600001,0.0008744418200000001,0.0004289519600000001,0.0004289519600000001,0.0,0.0,0.0,0.0,0.0,0.0,0.0,0.0,0.0,0.0,0.0,0.0,0.0,0.0,0.0,0.0,0.0,0.0,0.0,0.0,0.0
110991>110978,757,757,WHMu,West Ham,DLR // IB,757,WHMu,West Ham,NR Essex Thameside // DN,Alight-Interchange-Board,132.6246638880729,2.5096287388,39.4192503062,55.15835162199998,21.880254894,13.3424248664,0.314753460673,0.0,0.0,0.0,0.0,0.3922797,0.3922797,0.3932592394,1.3318100994,1.8085781594,1.8716105194,2.5583479594,3.289813,3.16546034,3.14315056,3.41694726,3.36917482,4.08657688,4.01229844,4.65716886,4.040123508,4.420527708,3.623083748,3.341319988,2.270928398000001,2.962646190000001,2.04805377,2.20502943,1.889719978,2.710134868,2.061948636,2.591296456,1.905164616,2.364772588,1.666071468,2.4243667,1.833228162,2.187355122,1.721545342,2.030345262,1.297443588,2.001932426,1.698000406,2.132182066,1.771254706,2.49086346,1.8818426,2.27154316,1.759663232,2.295633152,1.457473608,1.837532248,1.343320362,1.80349087,1.21361058,1.959310444,1.565971178,1.837440964,1.333834568,1.887532398,1.109591376,1.305997102,0.97345333,1.443310146,0.8624911279999999,0.99486111,0.6967433148000001,0.6888871867999999,0.2082822428,0.1907903608000001,0.02822380080000001,0.00593275372,0.00593275372,0.0012782585,0.0012782585,0.006200135900000001,0.01607179158,0.0160725796946,0.0159646189146,0.0159646189146,0.0110427415146,7.881146000000002e-07,0.0,0.0,0.0,0.0,0.0,0.0,0.0,0.0,0.0,0.0,0.0,0.0,0.0,0.0,0.0
110991>110979,757,757,WHMu,West Ham,DLR // IB,757,WHMu,West Ham,NR Essex Thameside // UP,Alight-Interchange-Board,12.697159115671,0.0004938924,1.65652800827,8.171229069141999,2.365943404468001,0.3659385245889001,0.1370262168021,0.0,0.0,0.0,0.0,5.2201166e-05,5.2201166e-05,0.000194745034,0.000194745034,0.000301528094,0.170121980928,0.258818836928,0.25894176956,0.2593726601,0.2599101734,0.09197218140000002,0.006443312600000001,0.0168400445,0.04020348916000002,0.0700600668,0.2235419648,0.2243018396000001,0.2163131244000001,0.1946487542000001,0.1667500852,0.2636652252,0.3789779432000001,0.443023046,0.5026027350000001,0.5121039766000001,0.2854650466,0.4210361866000001,0.4285496906,0.4248212646,0.45072198,0.4471950628,0.2815405308,0.4546014308,0.4358202488,0.39795380692,0.48190284212,0.39281930352,0.14558697985,0.106428817926,0.114399147806,0.07821103380600003,0.100106766406,0.2114038300760001,0.233850916,0.288647998,0.260645814,0.31692222,0.205572448316,0.2063654415160001,0.178781801516,0.179632621516,0.105802513316,0.1057983183254,0.08251982436540001,0.04720128076500001,0.0044285958794,1.52553448e-05,1.36542292e-05,1.2066119e-05,1.08717752e-05,0.007249850660800002,0.0135129377954,0.05258827958560001,0.05258758974370002,0.05258583568790001,0.04534514946530002,0.0390808204676,3.3064676e-06,3.2705701e-06,3.2705701e-06,2.2527927e-06,1.1553904e-06,1.1553904e-06,0.0,0.0,0.0,0.0,0.0,0.0,0.0,0.0,0.0,0.0,0.0,0.0,0.0,0.0,0.0,0.0,0.0,0.0,0.0
20901>20916,761,761,WMSu,Westminster,EntEx,761,WMSu,Westminster,Cir+Dis // EB,Enter-Board,4436.5549513,8.035301879999999,146.03011082,2309.164593400001,1267.7786838,584.6450962000002,120.9011652,0.0,0.0,0.0,0.0,0.0,1.2008058,2.6812363,4.15325978,4.99745918,5.74039518,6.554584980000001,7.209536680000001,8.4748008,10.164897,12.3257526,13.0079844,15.0947542,16.9191948,20.1186016,25.4221494,31.2273374,37.3574094,43.15881520000001,53.72809080000001,62.01271540000001,71.60680119999999,80.86294720000002,92.8251072,103.4633612,115.0291572,119.700372,121.72603,119.50068,114.159156,106.91558,104.77221,103.511396,104.3647128,105.2003148,110.1100908,116.9295988,126.2357248,131.565648,133.2013372,129.6022704,126.7063364,118.0053364,112.2327374,110.4550282,108.9172978,101.9918258,99.20156780000002,97.595176,92.250912,87.5213912,83.29880440000002,75.3711964,67.01204860000001,62.35621460000001,56.58111200000001,52.46378780000001,50.6397708,47.7864864,42.5333044,39.043201,34.8972096,29.9240048,26.0367598,21.9159204,20.751765,17.51883620000001,16.0631808,14.150266,12.76639288,7.338112280000002,5.434495480000002,3.42689868,1.53529748,0.0,0.0,0.0,0.0,0.0,0.0,0.0,0.0,0.0,0.0,0.0,0.0,0.0,0.0,0.0,0.0,0.0,0.0
20901>20917,761,761,WMSu,Westminster,EntEx,761,WMSu,Westminster,Cir+Dis // WB,Enter-Board,4186.710788599999,6.615400000000001,166.1074032,1975.8927814,1240.311866,630.8318598000001,166.9514782,0.0,0.0,0.0,0.0,0.0,0.0,2.4566946,4.158705400000001,5.269930599999999,6.72072272,7.83973392,7.320997119999999,8.59208292,10.53074932,12.8401188,15.5184418,17.2338654,19.3933962,24.530546,30.3168184,35.19746220000001,40.34019980000001,47.4678134,54.29139,58.3950552,63.98870120000001,74.1669902,76.87964520000001,82.72217520000002,88.15282800000001,90.3237348,88.1166968,91.5199488,88.33606479999999,84.71732879999999,86.60939,89.84921899999998,92.0238858,93.32993459999999,94.57047740000002,103.4084714,115.6198264,115.0356576,120.8298848,124.9315,117.394366,105.8499468,109.5451538,106.3404518,107.3416918,107.145133,103.4691152,97.2461542,92.80140820000001,86.8174802,81.42946500000002,75.71865600000001,69.14426740000002,63.40133680000001,57.95570000000001,54.82034000000001,52.8442052,51.526023,48.11584360000001,45.3998344,40.83959780000001,37.2477572,33.8182984,30.95357700000001,28.7761246,25.1223562,22.77636560000001,19.9521588,15.888865,10.4064774,7.704964400000001,4.331622400000001,1.0389668,0.0,0.0,0.0,0.0,0.0,0.0,0.0,0.0,0.0,0.0,0.0,0.0,0.0,0.0,0.0,0.0,0.0,0.0
20901>20922,761,761,WMSu,Westminster,EntEx,761,WMSu,Westminster,Jubilee // NB,Enter-Board,5742.698027689859,29.6080153,162.6459981,2578.0279546,1891.56971,904.9386228000001,175.90772688986,1.55984864,2.3728845,3.59256796,4.08481566,3.86954626,4.51921604,4.85452812,4.754608119999999,4.85141844,5.088089040000002,6.05975512,7.253174380000001,8.595641520000001,10.2019962,12.831256,14.181253,16.6769266,20.3486002,25.9864562,30.5714314,35.2267468,40.462238,47.3652708,53.79888399999999,63.56886,74.59679900000002,90.66674499999999,99.298142,112.388296,121.3371,128.040262,122.715364,122.390684,117.0124268,111.5530228,109.4437028,113.0347758,118.6369438,121.780887,130.641639,140.544287,157.535766,167.46904,178.520072,183.432414,185.351196,178.920744,179.69084,177.86902,170.7869480000001,162.119616,147.1067992,134.1791922,127.0919482,124.9937462,120.0272462,120.3868378,112.0811048,100.8429688,87.35698119999998,79.02303119999998,70.08052099999999,66.4585662,61.87099920000002,59.56206140000001,54.5167526,50.00158080000001,42.75721780000001,35.06598779999999,31.3499264,27.1003268,23.542594,19.9891056,17.048627,10.7748058,6.5367962,3.2353562,1.2393104,0.0,0.0,0.0,0.0,0.0,0.0,0.0,0.0,0.0,1.3921092e-07,2.792801e-07,3.776127800000001e-07,5.660120000000001e-07,0.001058402332,0.004774961721080001,0.006352116251900001,0.006352017919220001,0.00635182952
20901>20923,761,761,WMSu,Westminster,EntEx,761,WMSu,Westminster,Jubilee // SB,Enter-Board,4623.690248447042,61.17783862,160.1078762,2001.4011362,1352.3542114,806.9471049999999,241.7020810270432,2.40397164,3.365761540000001,5.408370540000001,6.983823740000003,9.24866586,10.3180683,11.9203152,11.5288618,10.2708942,8.6775594,9.5535372,11.0074744,12.3874394,13.9248324,14.4982402,14.4886714,13.5369562,14.9340372,17.16961400000001,19.6586202,23.6665518,27.792013,29.94291,35.95659600000001,45.19079660000001,54.02532460000001,67.45694060000001,80.27114200000003,90.486479,99.405511,105.204653,104.045417,103.009995,99.981098,95.24002800000001,94.0681952,92.1794392,94.796932,95.014533,99.4746742,101.378747,115.679049,119.471183,127.662928,130.5734888,130.3698908,122.4765736,118.65651,115.203616,112.479324,111.589934,105.5409932,103.999668,103.310022,100.20934,97.944851,92.61488100000001,86.623949,78.075255,72.44485,68.013795,68.64816379999999,68.0938838,66.3506292,59.6269834,51.80167700000001,50.1211082,44.53192960000001,35.5321136,34.37808460000001,34.700599,30.672505,27.049909,28.5071468,22.3117046,15.7397486,8.210624600000001,4.5614952,0.0,0.0,0.0,0.0,0.0,0.0,0.0,0.0,0.0,0.0,2.7980864e-07,2.7980864e-07,0.00199479900864,0.00199479900864,0.00903880700864,0.0090385272,0.0090385272,0.007044008000000002
20916>20901,761,761,WMSu,Westminster,Cir+Dis // EB,761,WMSu,Westminster,EntEx,Alight-Exit,5763.652507500002,19.8692742,747.5144688,3497.789581,1047.963441,378.7056502,71.8100923,0.0,0.0,0.0,0.0,0.0,2.985414,6.5309524,10.3529078,15.7050658,24.8220648,29.7764496,33.5378684,37.8690738,43.27691640000001,49.5475594,61.58095260000001,80.08532140000001,103.2122406,124.071298,144.029658,161.405154,173.367684,179.382272,185.335016,188.116534,186.978706,181.54031,174.601056,163.339316,155.310182,145.304592,140.90243,134.990894,134.64786,126.0616948,123.2234708,120.3792888,119.0174468,115.8031808,117.9057412,117.4369252,117.2478112,117.7489192,117.7430962,114.587131,112.862276,106.301644,101.377414,94.7643678,91.850373,84.826932,80.18125,72.70045200000001,69.11323920000001,61.81653600000001,57.58182600000002,51.27641460000001,48.13633120000001,42.02876480000001,38.9088436,34.1802658,31.9226628,27.9540714,26.6754524,22.3543158,20.145444,18.3439188,16.77916500000001,13.7922754,12.7640404,11.6758614,9.3834978,7.42368182,6.007444660000001,4.655827500000001,2.7662321,1.7294473,1.18457588,0.42720804,0.0,0.0,0.0,0.0,0.0,0.0,0.0,0.0,0.0,0.0,0.0,0.0,0.0,0.0,0.0,0.0,0.0
20916>20922,761,761,WMSu,Westminster,Cir+Dis // EB,761,WMSu,Westminster,Jubilee // NB,Alight-Interchange-Board,1292.9043095,1.23279362,112.61371438,506.4808337,341.778591,194.5740638,136.224313,0.0,0.0,0.0,0.0,0.0,0.08770828000000003,0.29165774,0.8534276,1.9611734,6.2909804,7.348227920000001,8.77049846,10.5339978,11.1696808,9.8906968,11.1797238,11.7313755,11.1540107,11.6759133,10.9074355,11.4866107,12.1204296,13.9778108,15.3897714,17.2818062,17.9847898,19.6397062,20.5859934,21.6502396,23.0273396,24.3452538,24.7142272,24.0036396,23.22114740000001,21.7804334,21.0804806,20.766185,21.4814598,22.124236,23.5940848,24.4595382,25.7069644,27.5265848,28.5321014,27.6297642,28.7231922,28.9615224,29.11328260000001,28.6483998,29.829805,29.1303382,29.7835944,28.139398,28.1649028,27.7250362,25.9293552,23.4320174,21.5384876,18.7550118,16.030723,16.3246574,14.4472196,15.3230526,15.3277072,15.1951324,12.559265,13.1397302,12.5010596,15.3017226,17.6570592,20.346174,21.3027746,20.3137118,16.65885440000001,11.7405652,7.595546799999999,3.7729592,1.5349452,0.0,0.0,0.0,0.0,0.0,0.0,0.0,0.0,0.0,0.0,0.0,0.0,0.0,0.0,0.0,0.0,0.0,0.0
20916>20923,761,761,WMSu,Westminster,Cir+Dis // EB,761,WMSu,Westminster,Jubilee // SB,Alight-Interchange-Board,9610.777531000003,24.13240700000001,800.6902630000001,4043.036122,2737.366806,1342.117525,663.434408,0.0,0.0,0.0,0.0,0.0,2.5064478,8.803450600000003,12.8225086,20.3703258,45.2682958,55.937934,61.3231872,69.1105798,73.7017138,62.3053438,65.92668660000001,74.6071906,82.80373800000002,91.29414279999999,98.0411248,105.835664,109.4690512,114.6497872,123.7558032,134.1645572,139.2896052,146.811826,152.890604,161.905388,175.59062,185.336742,192.105898,198.531244,196.180728,187.31572,183.355658,179.322134,177.258824,176.363828,179.603806,185.582126,201.37809,213.474798,222.86362,229.79513,239.269864,236.625588,241.679796,247.730206,249.742028,242.093286,237.802946,225.387662,210.654192,194.404626,182.181482,162.586574,143.079772,127.247903,117.566145,104.871331,103.305177,103.475058,102.465236,96.508794,94.635244,93.072076,93.304215,91.650628,94.61296000000002,99.68579400000002,94.86075799999999,81.19148800000002,75.9717916,57.23635560000001,35.6476416,20.0815596,12.4954316,0.0,0.0,0.0,0.0,0.0,0.0,0.0,0.0,0.0,0.0,0.0,0.0,0.0,0.0,0.0,0.0,0.0,0.0
20917>20901,761,761,WMSu,Westminster,Cir+Dis // WB,761,WMSu,Westminster,EntEx,Alight-Exit,4446.1776081,15.1736204,494.940118,2746.5921044,802.2022376000001,322.4439654,64.8255623,0.0,0.0,0.0,0.0,0.0,0.0,4.72042,10.4532004,16.4832294,21.679489,25.640914,25.5616764,24.87496,25.24982300000001,28.6508234,39.6165324,50.89283400000001,66.3202548,77.5979648,92.3716168,99.9864928,112.3695468,116.318555,126.218171,130.517767,135.302787,131.084035,130.941934,124.407194,120.343531,117.198749,117.668231,114.086231,114.477121,112.4969972,110.474466,107.830656,108.217527,106.410766,107.0624708,103.09346,101.823752,100.136631,98.1250328,92.4304708,90.27323879999999,85.45697080000002,81.3125448,75.4013532,69.44278919999999,63.3522298,57.53146040000001,49.9095124,46.88837000000001,45.908804,44.2944934,40.381618,39.2469036,35.38126320000001,31.47031620000001,28.4752572,28.011036,25.13618820000001,23.6181084,20.9422918,19.1337514,15.9591178,14.6881136,13.2156344,11.5878464,9.541078100000002,8.13919576,6.723701640000002,5.61022436,4.33030802,2.852071720000001,1.80497166,0.86926418,0.1512660600000001,0.0,0.0,0.0,0.0,0.0,0.0,0.0,0.0,0.0,0.0,0.0,0.0,0.0,0.0,0.0,0.0,0.0
20917>20922,761,761,WMSu,Westminster,Cir+Dis // WB,761,WMSu,Westminster,Jubilee // NB,Alight-Interchange-Board,740.9690001000001,2.76318504,46.11030186000001,307.8308725,184.181756,135.8733286,64.2095561,0.0,0.0,0.0,0.0,0.0,0.0,0.81841946,1.94476558,2.35214154,2.79871114,3.33986844,3.26518582,2.78698648,3.29770564,3.92203744,4.32404144,4.298663,4.950937560000002,5.10228118,5.67174218,6.478312480000001,7.672157480000001,8.74204034,9.940875199999999,10.9952926,11.705962,12.42651,13.2014634,13.9562566,13.6213518,14.253757,14.309251,13.9460542,13.3350334,13.650928,13.0836254,13.3687466,13.2628686,13.778979,14.1201908,14.9810512,15.4332824,15.871072,15.695811,15.4827724,14.5441344,14.149872,14.529404,15.8323988,15.9784088,16.6741572,16.7036544,15.9804594,14.6744686,14.9261744,14.7058516,13.9330792,13.2389512,12.2982778,11.3103326,11.4111814,10.9611726,11.258876,11.3371422,11.1721702,9.708263400000002,9.9059966,9.3378854,9.3822596,8.631729100000001,8.9041927,8.693660900000001,8.173789600000001,7.21016946,5.91195856,4.07940136,2.25414856,0.96824626,0.0,0.0,0.0,0.0,0.0,0.0,0.0,0.0,0.0,0.0,0.0,0.0,0.0,0.0,0.0,0.0,0.0,0.0
20917>20923,761,761,WMSu,Westminster,Cir+Dis // WB,761,WMSu,Westminster,Jubilee // SB,Alight-Interchange-Board,454.9863461399999,2.05613784,15.73939426,125.38440714,128.7236968,113.9290058,69.1537043,0.0,0.0,0.0,0.0,0.0,0.0,0.8435592000000001,1.21257864,1.55538298,1.71347608,1.94947244,1.233213372,0.995009992,0.7392814280000001,0.8724971080000001,0.986615308,1.145482556,1.316354856,1.54513162,1.68747652,1.79415556,2.06644798,2.2718829,2.417745,2.652642660000001,2.8101422,2.982947,3.39941018,4.019414340000001,4.51574508,4.979823140000001,5.416614640000001,5.95459206,6.18843046,6.28469692,6.59813452,7.018425220000001,6.683503340000001,6.532214260000001,6.586958800000001,7.262232400000001,7.9621342,9.1568452,9.82926908,10.7001948,10.130986,9.8261252,10.0194702,11.1042486,11.1721838,12.18812,11.78679968,11.27531288,10.31033328,10.28342788,9.92649448,9.7814742,8.91723634,8.22721894,7.44949954,7.686759139999999,8.473749940000001,9.0543645,10.2687661,11.3495973,11.1583221,10.9329287,10.629089,10.4922962,9.4401842,9.119622200000002,8.320803940000001,8.01308914,7.767536940000001,6.288688540000001,4.40638974,3.206563399999999,2.09853,0.0,0.0,0.0,0.0,0.0,0.0,0.0,0.0,0.0,0.0,0.0,0.0,0.0,0.0,0.0,0.0,0.0,0.0
20922>20901,761,761,WMSu,Westminster,Jubilee // NB,761,WMSu,Westminster,EntEx,Alight-Exit,5118.768653511021,152.79563088,622.6977310000002,3090.7235944,826.2980470000001,347.4485384,78.805111831022,1.89723546,4.68647346,5.89038496,15.8808953,21.1217919,30.8196139,31.1592447,41.3399912,40.7555102,43.39085160000001,41.1706744,44.5532736,40.4104324,39.6744168,41.4314182,44.84668520000001,53.80796120000001,66.01417760000001,76.47594760000001,90.16638220000002,106.5050972,120.1631792,128.251716,138.265642,142.17812,142.851726,139.936486,138.871964,136.213494,136.820856,137.368396,139.200934,137.969422,137.459794,133.22036,127.314478,123.29041,124.766368,122.012078,119.933308,119.208828,118.393842,112.89135,107.635746,103.191748,95.96891,86.66475200000002,78.152928,72.85978399999999,66.64178960000001,60.85037360000001,55.9249056,53.06120560000001,51.58650160000001,50.99423700000001,50.40091200000001,50.202958,47.984928,42.13478900000001,36.0456792,33.875655,29.4645892,25.0865744,22.204785,19.2993212,15.5466036,13.148397,12.4542588,11.9858042,11.8563674,10.0506276,9.080619800000001,7.607956000000001,6.928042,4.7609414,3.775658,2.7734482,1.697817,0.0,0.0,0.0,0.0,0.0,0.0,0.0,0.0,0.0,8.024252799999999e-06,1.3123675e-05,1.99584186e-05,2.25809192e-05,2.6776478e-05,2.043938320000001e-05,2.762578539961,2.7625717052174,2.7625690827168
20922>20916,761,761,WMSu,Westminster,Jubilee // NB,761,WMSu,Westminster,Cir+Dis // EB,Alight-Interchange-Board,240.6694894958,1.80989749748,46.86076083832,134.81679956,32.48196138,15.295721776,9.404348444,0.0,0.0,0.0,0.0,0.0,0.0005144271599999999,0.04245813516,1.76692493516,3.19689843516,3.47506729516,4.031639268,4.5757155,3.7201503,3.07060392,3.479583400000001,3.43310544,3.973042500000001,4.252918,4.537352360000001,5.114684420000001,5.927893040000002,5.56188184,5.264886140000002,5.266975260000001,5.255351780000002,5.45469192,5.91444284,6.682614040000002,6.839262840000001,6.574627320000001,6.214381720000001,5.90721008,5.31775522,5.44254942,5.93661658,5.90014898,5.71751744,5.9597615,5.4893869,5.112540540000001,4.82733008,5.124922140000002,4.707783340000002,4.4162686,3.97311148,3.59907664,3.06642818,2.70504338,2.65505406,2.45112966,2.450449700000001,2.33655088,2.31925614,2.321294340000001,2.357175760000001,2.24739116,2.2046599,2.0310976,1.75562486,1.49543582,1.34019542,1.2394127,1.16745686,1.02212052,0.8655930940000001,0.8709098740000001,0.7318050140000001,0.5714101140000001,0.618110174,0.85356672,0.8619701999999999,1.07674248,1.16513573,1.50239621,1.18941403,0.97420003,0.6611082699999999,0.5017046,0.0,0.0,0.0,0.0,0.0,0.0,0.0,0.0,0.0,0.0,0.0,0.0,0.0,0.0,0.0,0.0,0.0,0.0
20922>20917,761,761,WMSu,Westminster,Jubilee // NB,761,WMSu,Westminster,Cir+Dis // WB,Alight-Interchange-Board,7951.575022000001,14.9384034,919.5408026,4351.147312,1666.7199336,714.7463508000001,284.4822196,0.0,0.0,0.0,0.0,0.0,1.296346,2.903195,10.7388624,23.0460172,32.3150552,40.6975162,52.4195792,59.16748980000001,61.70090820000001,72.6727182,85.5062982,103.5677342,114.5862222,130.781705,143.079559,162.146942,168.512084,185.006512,195.569736,208.737434,208.352364,210.06676,202.8036,204.586944,198.9241040000001,200.666144,194.805898,196.822008,186.952244,181.441442,169.143866,168.690048,159.63241,156.68293,152.244252,157.025008,156.278436,164.2258,161.830346,163.91965,156.149864,154.865234,144.13808,145.717362,136.800302,137.34223,130.48483,133.919438,126.6363932,125.2570132,111.4895372,106.5415784,90.8484684,80.1009228,67.66091180000001,62.41676100000001,53.61015460000001,48.41587220000001,44.82719460000001,43.71996420000001,41.81209440000001,37.62397720000001,37.16845120000001,37.925138,39.33663780000001,39.6492218,40.4867806,36.36923220000001,33.9571634,24.205961,16.6208116,9.458715199999999,6.472558000000001,0.0,0.0,0.0,0.0,0.0,0.0,0.0,0.0,0.0,0.0,0.0,0.0,0.0,0.0,0.0,0.0,0.0,0.0
20923>20901,761,761,WMSu,Westminster,Jubilee // SB,761,WMSu,Westminster,EntEx,Alight-Exit,4061.957191960638,69.435705568,452.10306,2542.840330800001,673.9384818000001,280.7039634,42.93565039263704,0.7234319760000001,2.290659716,3.284814116000001,6.214658880000001,9.36021194,14.31584334,14.588499,18.6575866,22.77073140000001,27.14780720000001,25.3459788,27.52147960000001,28.4832052,28.0003342,26.7476462,33.82253060000001,42.0005714,52.4143078,60.5485498,77.29991779999999,89.42312700000001,100.818171,107.623071,116.840649,120.829157,123.994045,121.186623,120.338261,117.916437,112.336499,112.858331,114.745142,113.671691,113.233913,112.270737,104.327684,102.488389,98.85464400000002,94.6023672,91.3542212,89.6421454,89.48499040000002,87.98960240000001,86.01043320000001,81.13771059999999,74.9433534,66.62110080000001,62.07861600000001,56.95316260000001,52.3205316,50.9321328,47.8043946,45.7406294,45.1342228,46.0323292,44.240298,41.6726154,37.119728,32.84885300000001,28.3201894,25.5269148,22.6056058,20.5892576,18.720344,16.7287697,13.8689035,12.0084535,10.6943287,8.804145040000002,7.40612574,6.315433780000001,5.02993246,3.71390102,3.50314702,2.86464094,2.1688917,1.58241742,1.19540126,0.33780152,0.0,0.0,0.0,0.0,0.0,0.0,0.0,0.0,0.0,0.0,1.037143e-06,1.156620386e-06,1.876484446e-06,2.415988146e-06,0.004602733388146001,0.004601696245146,0.004601576767760001
20923>20916,761,761,WMSu,Westminster,Jubilee // SB,761,WMSu,Westminster,Cir+Dis // EB,Alight-Interchange-Board,883.5472913000001,8.4896664,126.1397168,371.2395986,255.6300558,82.54512299999999,39.50313070000001,0.0,0.0,0.0,0.0,0.0,1.8894994,2.6104526,3.9897144,5.864724600000002,8.0559896,7.828446799999999,7.97813,8.399542,8.496888199999999,8.6683164,10.1452282,13.7234688,14.969573,15.3260522,16.683357,17.20676120000001,16.0503426,16.4962888,17.8049234,16.8337474,16.4316852,16.0398168,15.8067498,16.4354536,17.2648982,17.1938288,17.737704,17.1850762,14.894391,13.4356632,12.8865784,11.6820216,11.0587438,11.6752362,11.7828488,12.0091012,13.3324966,18.288678,21.7065638,25.3491856,27.9377582,30.8473472,29.4725462,28.43472539999999,25.5664256,22.18536080000001,17.87764,14.4282352,11.6878452,10.9328296,10.9101568,10.0052759,8.6127747,7.625533099999998,6.54614836,5.50392906,5.5235675,6.3355207,6.209927140000001,6.508621740000001,6.84114556,6.72186482,6.110814420000001,6.28080698,5.73546798,5.2677014,4.960469800000001,5.02383432,4.266387440000001,3.34595878,2.47227724,1.61886004,0.5313667200000001,0.0,0.0,0.0,0.0,0.0,0.0,0.0,0.0,0.0,0.0,0.0,0.0,0.0,0.0,0.0,0.0,0.0,0.0
20923>20917,761,761,WMSu,Westminster,Jubilee // SB,761,WMSu,Westminster,Cir+Dis // WB,Alight-Interchange-Board,1395.66967127,1.842127502,265.955668468,736.5623524,228.8840318,109.17896106,53.24653004,0.0,0.0,0.0,0.0,0.0,0.086193674,0.205734514,1.550199314,6.120288714,11.738538714,15.07600044,18.433674,23.3909838,23.4025724,22.4290894,25.2661666,29.9882382,29.1341672,30.0286222,30.94732680000001,32.2779042,30.4598392,31.4197416,32.5671286,37.30710240000001,37.19918240000001,37.3066104,38.760122,41.7127212,37.8848984,36.56136600000001,34.474167,32.0438802,27.253547,25.3877968,23.4542256,24.0177354,23.7929722,24.4007522,24.1902854,24.9114336,26.3368538,26.6083558,26.233731,25.72891580000001,24.67274440000001,21.0739152,19.0873764,16.8893672,16.22321920000001,16.51564620000001,17.75018900000001,18.3082178,18.2589354,18.404937,15.9705682,14.59713900000001,12.3878698,11.3539814,9.2603424,9.5800498,8.32907788,7.981185340000001,7.397822140000001,7.70808044,6.73507796,7.04320208,6.805132820000001,6.834465320000001,6.74849442,7.4390733,7.631032900000001,7.09224178,6.679999480000001,5.174907080000001,3.38830188,1.48652568,0.7714882000000002,0.0,0.0,0.0,0.0,0.0,0.0,0.0,0.0,0.0,0.0,0.0,0.0,0.0,0.0,0.0,0.0,0.0,0.0
580101>580122,765,765,WLGu,Willesden Green,EntEx,765,WLGu,Willesden Green,Jubilee // NB,Enter-Board,681.0266312400001,11.797427428,74.45841041199999,307.5341695000001,161.5100125,97.2973793,28.4292321,0.6046331200000001,0.91655528,1.50409176,1.48487952,1.391769392,1.691306092,2.041325792,2.162866472,2.756619172,3.40334208,3.634672940000001,4.11827494,4.70707452,5.24457246,6.15318386,7.2952128,8.25444714,8.770859399999999,10.068791,10.0513601,10.0326819,10.1471291,9.985157699999998,9.9569483,10.5618018,10.912654,10.5909494,11.7886416,12.1796056,12.4867816,12.8495172,13.9225466,14.3754308,14.6630824,14.9287867,15.7282795,15.5887017,14.2543109,13.5888517,13.6767992,13.4660492,13.2446856,14.1187468,14.4860302,14.2573958,14.8911572,14.4922938,14.9801028,14.3787928,14.13212,13.1936122,13.4618215,12.088816,12.0028496,12.088335,11.5427158,11.4624025,11.8040704,11.4831737,10.7748187,9.54056384,8.36356256,7.41563376,6.322243100000001,5.39270084,5.308392780000001,5.021048400000002,4.40876872,4.23288028,3.65528142,3.44574406,3.13095344,2.8929696,2.94220658,2.92318218,2.19603446,1.57652934,1.07568586,0.35776488,0.0,0.0,0.0,0.0,0.0,0.0,0.0,0.0,0.0,0.0,0.0,0.0,0.0,0.0,0.0,0.0,0.0
580101>580123,765,765,WLGu,Willesden Green,EntEx,765,WLGu,Willesden Green,Jubilee // SB,Enter-Board,4909.805675563788,148.8981318,837.6093178,2746.375987200001,767.8125104000001,335.9747954000001,73.13493296378599,4.661139800000001,8.8155268,13.549336,18.458414,19.411593,25.2891958,27.55989880000001,31.1530276,33.3978048,39.36624279999999,42.22534700000001,49.323051,54.47137100000001,60.798127,69.60604239999999,83.081905,90.522181,96.78534,105.523786,112.5081198,114.2439398,118.2218038,123.781684,125.987938,128.8674812,129.3648412,127.0058332,128.131272,129.446662,128.510878,126.936337,130.395597,127.758841,122.409983,115.056013,112.28234,106.238879,100.035447,94.994751,96.07837500000002,94.38514700000002,91.77706000000002,89.016436,85.44844800000001,78.674018,71.48269520000001,67.364508,66.368268,65.85573000000001,64.592446,65.3108668,64.1032984,61.07374839999999,57.961575,54.683393,50.34196360000001,45.03228040000001,39.26525460000001,36.37289680000001,33.9694568,30.1300418,27.962778,27.7970284,24.314226,20.6346174,17.9491494,16.916586,15.6304798,14.8382806,13.4252206,12.906483,10.0665296,7.332665800000001,4.733764600000002,3.2638752,1.5588072,0.8443886000000002,0.0,0.0,0.0,0.0,0.0,0.0,0.0,0.0,0.0,0.0,3.5480962e-05,4.877458200000001e-05,6.619685079999999e-05,7.46290564e-05,0.0001458021364,0.0001773844504,1.3881375908304,1.3881201685616,1.388111736356
580122>580101,765,765,WLGu,Willesden Green,Jubilee // NB,765,WLGu,Willesden Green,EntEx,Alight-Exit,4919.671555207824,56.07703518438,191.969918,1454.512142,1520.297039,1126.593847,570.221574023444,1.52024384146,3.43472744146,4.236581441459999,7.192908259999998,8.071545,10.4296752,9.692407800000002,11.4989462,10.3931054,12.8404274,12.5469494,13.7984528,14.1274888,16.1650666,15.453299,16.848241,17.4796118,19.798538,20.544489,21.9742488,23.4156858,25.9917264,26.2465096,28.8070348,32.45187180000001,36.136139,39.27699920000001,43.44772640000001,48.33558840000001,52.2336262,57.02467620000001,64.59367100000001,70.86283,74.68410800000002,75.81259220000003,76.58320379999999,76.2940828,76.7093848,77.16918879999999,80.3932138,83.35625900000002,86.62458400000001,95.062716,102.998724,109.036606,113.668346,119.002058,117.422635,120.440211,123.030155,126.681879,130.182893,137.232366,138.588714,142.147376,142.8638,135.836858,124.032566,113.262093,101.450495,91.794025,86.726961,84.95091500000001,82.13378,80.97934900000001,77.98021700000002,74.58568600000002,72.86090200000002,72.654256,71.415163,70.480726,70.731139,67.466246,62.68326500000001,54.10484440000001,42.7599128,29.8381208,18.13362780000001,8.0370588,1.9130914,0.0,0.0,0.0,0.0,0.0,0.0,0.0,0.0,0.0,0.00040496318,0.0005215765120000001,0.0006984438120000001,0.0007686625080000001,0.0008853057080000002,0.000480342528,0.000363729196
580123>580101,765,765,WLGu,Willesden Green,Jubilee // SB,765,WLGu,Willesden Green,EntEx,Alight-Exit,725.1109957228617,25.694643568,99.00248306,343.0164724000001,146.9579152,83.7680946,26.6713868948618,1.020121142,1.288374062,2.375185602,2.510642602,3.8580476,3.89664568,5.20703466,5.53859222,7.29714148,7.000194080000001,7.800539,7.764106700000001,8.0517984,7.456782200000001,7.659127799999999,7.567236200000001,8.130489,9.047505000000001,10.0567904,11.1707728,11.9719582,12.7695244,12.7940184,12.2219134,12.6296648,13.0820892,13.0799016,13.6385268,13.9958118,13.6234382,14.2717178,14.7475018,15.7514308,16.477422,17.1358108,16.9044324,16.682466,15.67768,15.1098966,14.315498,14.336213,13.6691218,13.9842674,14.1461672,14.956998,14.896866,15.0765062,13.9578654,12.9260988,12.0864462,11.2295134,10.6849866,10.4891672,10.5510674,10.2360896,9.866310400000001,9.431861999999999,8.49902552,8.18431924,7.57575684,7.122148320000001,6.75614598,6.82627446,6.3056892,6.09642606,6.013991580000001,5.670999720000001,5.28545568,5.34972382,4.653843640000002,4.15417538,3.67994588,3.28036392,2.18834672,1.74330244,1.0631991,0.5581904000000001,0.0,0.0,0.0,0.0,0.0,0.0,0.0,0.0,0.0,0.0,1.6122234e-05,3.3708334e-05,3.96310308e-05,4.89137492e-05,5.25744992e-05,4.24811302e-05,2.77639988e-05,2.184130200000001e-05,1.25585836e-05
360101>360122,787,787,BERu,Bermondsey,EntEx,787,BERu,Bermondsey,Jubilee // NB,Enter-Board,3838.645763735369,98.71043288,594.9381282,2171.0737962,657.2714739999999,252.0377530000001,64.61417945537,3.54606212,6.86171352,9.99812052,12.83838852,14.180852,15.3450124,16.3349686,19.6053152,21.9699792,25.1587564,29.2928072,34.8574336,37.480946,41.91337979999999,49.06571180000001,57.71233540000001,64.4274834,70.88596340000002,77.586096,84.587236,91.19191100000002,93.693969,98.335968,103.1882668,104.5553508,101.021513,102.093051,104.26007,103.1441992,104.4193532,104.234132,102.844678,99.5772088,94.87421379999999,88.3105738,86.5169018,82.73579380000002,76.53880579999999,72.69779480000003,72.5524348,71.75179279999999,72.09768879999999,71.06941359999998,69.3687116,63.413054,58.306922,53.9378414,55.12582579999999,56.71377980000001,57.3057598,57.33161980000001,56.4521428,54.1981,52.04400400000001,48.33164520000001,44.11077940000001,39.32530920000001,33.3288474,27.6194068,25.122592,22.24164840000001,19.67930680000001,17.7772262,16.4269084,14.2893786,12.9323424,12.02162,11.2731668,10.4251602,9.72351446,9.29855546,8.841292800000002,8.183921400000001,6.570161280000002,5.114180020000001,3.455072620000001,2.08511508,0.6505088800000001,0.0,0.0,0.0,0.0,0.0,0.0,0.0,0.0,0.0,0.0002310159,0.000295324574,0.0003906978040000001,0.000427675274,0.009774438274,0.026213281374,0.07653084870000001,0.07643547547000001,0.07639849800000001
360101>360123,787,787,BERu,Bermondsey,EntEx,787,BERu,Bermondsey,Jubilee // SB,Enter-Board,3242.605745668275,65.54778866,278.9413694,1475.999144,772.0176402000001,459.9374114000001,190.1623920082738,2.87930274,4.267907,6.7384394,7.689436400000001,8.95073646,10.23610746,11.9550032,12.830856,15.0392874,16.3184888,16.8967306,16.99959740000001,17.2021942,18.05671,21.70469900000001,26.34651580000001,29.3496766,32.009661,33.92463060000001,35.093178,35.85991060000001,38.8745454,42.9145544,48.27891680000001,52.21111740000001,55.56192780000001,59.2056594,64.31102200000001,62.54126040000001,66.63292040000002,68.09124399999999,71.19308600000002,69.85508800000001,72.79341120000002,70.7403872,70.86607020000001,66.6012262,64.8518532,64.330651,62.525209,61.768722,67.52219880000001,68.55888979999999,69.90927280000001,67.01639399999999,68.98849000000001,65.4390592,67.35853920000001,66.14023519999999,68.788759,67.006138,63.79610460000001,59.42452979999999,60.4915978,59.72700820000001,57.84078520000001,55.63659800000001,53.7144048,46.2361532,43.4643864,40.4299344,39.42421100000001,36.2196884,34.2773568,31.25597320000001,29.057004,25.73054,24.4911612,23.010263,22.894231,22.3720882,23.4082222,23.6143224,25.0093826,20.06891452,14.75722852,9.55456452,4.862995720000002,0.32778492,0.0,0.0,0.0,0.0,0.0,0.0,0.0,0.0,0.0,1.1659997e-08,1.113501917e-06,2.031380117e-06,2.0408547504e-06,0.0314260028547504,0.0836554431947534,0.0836543413528334,0.08365342347463339
360122>360101,787,787,BERu,Bermondsey,Jubilee // NB,787,BERu,Bermondsey,EntEx,Alight-Exit,2644.330888261565,109.01714804,286.7443476,1143.7756296,621.0782972000001,333.4628006,150.2526652215649,7.03058426,7.967248179999999,9.96935198,8.352454980000001,14.99613112,17.38204352,20.2142696,23.1050644,24.44348,21.098776,21.0573434,20.9715788,21.3388616,22.3524374,23.2450124,24.6529828,25.7377178,26.640104,26.92755600000001,28.27849740000001,32.2311314,34.433319,36.48401200000001,38.88131079999999,41.474412,40.2258624,40.79240120000001,40.07306000000001,40.89659520000001,42.6533756,44.1328382,47.29105420000001,50.40060379999999,52.3016428,51.99089680000001,53.10846480000001,54.192042,55.07048500000001,55.63997500000001,57.4582686,58.4639346,58.19179920000001,59.45735800000001,57.93078700000001,56.74624640000001,55.65025140000001,54.81195180000001,52.54236940000001,52.8406804,51.5417348,50.5187118,51.15819020000001,51.11952460000001,49.83626760000001,48.63390940000001,45.6784594,41.06700160000001,37.0016432,33.5347144,30.38755860000001,28.4541566,26.91822740000001,25.0404014,23.5970912,23.311296,22.621394,20.9557004,20.5736158,20.733414,20.5607364,20.19980480000001,19.2601672,18.1996327,15.29090776,10.53042916,6.77102476,4.21631956,1.16290026,0.0,0.0,0.0,0.0,0.0,0.0,0.0,0.0,0.0,1.5579588e-05,3.26511e-05,3.936629520000001e-05,4.92115222e-05,5.2876709e-05,4.385662599999999e-05,4.442372785113999,4.4423660699188,4.4423562246918
360123>360101,787,787,BERu,Bermondsey,Jubilee // SB,787,BERu,Bermondsey,EntEx,Alight-Exit,4441.40595520578,32.51738294,225.53658636,1457.366041,1334.549705,958.9686310000001,432.4676089057802,1.32557078,1.7724845,2.43268366,2.71734162,5.22315796,5.135816960000001,6.800457440000002,7.109870020000002,9.608673540000002,10.33769334,13.02834774,15.50031174,18.3836324,20.1365658,20.50132,21.5998772,22.270759,23.9468896,24.2552384,25.9672776,27.6640382,30.0188996,32.213406,35.51286279999999,38.5590096,41.0982948,42.26184,42.67264660000001,44.1104052,50.47076660000001,56.28737200000001,61.4093744,68.10780940000001,73.78236079999998,72.99502,73.02548399999999,74.0649982,75.43626320000001,77.6581312,79.9366792,82.82450519999998,88.319372,93.01719,95.919312,99.299768,104.14583,106.336368,109.059492,112.02399,111.926386,112.7382532,113.6963132,113.7530332,113.5434892,120.4546432,117.572139,111.633439,102.759599,94.305679,82.944479,79.11909,75.820718,76.43620600000001,74.7340672,70.75847859999999,65.0475272,63.49847000000001,61.910878,61.1085,61.6812736,59.460241,56.01528100000001,50.8572184,45.8202352,36.886804,28.300932,18.9542332,10.2765018,3.064553800000001,0.0,0.0,0.0,0.0,0.0,0.0,0.0,0.0,0.0,0.0024653994,0.004051354799999999,0.006170286200000001,0.006983738080000001,0.008294287380000001,0.00638689404,0.004800938640000001,0.00268200724
360301>360318,788,788,CWRu,Canada Water,EntEx,788,CWRu,Canada Water,LO Windrush // NB,Enter-Board,1310.285262657999,11.21870917,101.58920304,747.709284,318.323454,108.417055,23.027557448,0.5240640400000001,0.6151413200000001,0.7652592900000001,0.83286243,1.07651311,1.93616883,2.51387283,2.95482732,3.02938106,3.89571906,3.731253440000001,4.66642336,5.19852424,6.49912114,7.22494726,9.87897014,11.22646774,13.146316,15.1855714,17.90650819999999,19.7726948,21.2858724,24.2040344,25.7770124,27.4731966,28.4965108,30.6884704,31.3353778,34.0879338,37.15876660000001,36.99626120000001,37.1776532,37.2136556,36.01042440000001,33.33681980000001,33.4694282,33.4253466,32.5684332,31.95658640000001,31.4859658,30.6247498,30.5904394,31.3461526,31.2274978,34.3154554,35.0339298,34.2304748,33.84058839999999,32.18145519999999,27.7973392,25.4486674,23.4083976,20.4865522,19.0390234,17.1045016,15.437069,13.805601,13.370982,12.4631666,11.685164,10.91684992,10.03416542,8.18574848,7.339130480000001,6.016152620000002,5.340214100000002,4.710629600000001,4.54925078,3.94908866,3.607290840000001,3.19356858,2.962701340000001,2.974514220000001,2.34656054,1.84047562,1.3428128096,0.8015558495999999,0.0029963296,0.0029963296,0.0029963296,0.0,0.0,0.0,0.0,0.0,0.0,0.0,0.0,0.0,0.0,0.0,0.0,0.0,0.0,0.0,0.0
360301>360319,788,788,CWRu,Canada Water,EntEx,788,CWRu,Canada Water,LO Windrush // SB,Enter-Board,473.3080362322151,1.6360244390581,49.243715493,228.18424454,112.49571696,44.89253468,36.85580012015699,0.2021044320000001,0.20210452941162,0.2483246474116201,0.21295638741162,0.16000552841162,0.1280702264116201,0.237645329,0.244813359,1.412082959,2.464756398,2.756094268,3.346963428,4.220724880000001,3.64351574,3.381421720000001,4.54808746,5.35497286,5.303612999999999,6.248759540000001,6.56272324,6.6218909,6.226422280000001,6.811196480000001,6.78421258,7.39076158,7.20945524,8.117671300000001,8.77696516,9.69165446,10.04823546,11.1010536,11.7533288,11.5260086,11.5631658,11.5493368,10.6654292,10.3833972,10.0686757,9.5879085,9.450015100000002,9.9385307,9.9453475,11.0965036,11.877078,13.1214098,12.7347476,12.3965352,11.26167348,10.01983336,8.419452660000001,8.490174460000002,7.629872360000002,7.508877880000001,7.2883303,7.104746,6.52006386,6.26430042,5.411338020000001,5.363024780000001,4.44391286,3.91078264,3.25648158,3.37428742,2.42805134,2.46633506,2.2600442,2.952,2.76197636,2.97117998,2.887503300000001,3.248053600000001,2.9077692,5.524310400000001,4.980258999999999,4.546336480000001,4.347796140000002,3.7188131088,0.5588692989999999,0.5610322357,0.56219088862,0.0197766727,0.00894984438,0.004691073940000001,0.002715028652,0.001688016292,0.001108072188,0.0007591199360000001,0.0005383356299999999,0.000392821614,0.00029361062,0.0002240055400000001,0.0001739602420000001,0.000137205952,0.000109784793,7.735522700000001e-05,5.1580331e-05
360301>360322,788,788,CWRu,Canada Water,EntEx,788,CWRu,Canada Water,Jubilee // NB,Enter-Board,6130.167919401651,200.87267,906.7523578,3322.9222656,1228.4685502,397.1787518,73.97332400165202,6.237362000000001,13.014029,18.68571020000001,24.87237660000001,28.25487900000001,33.76941960000001,35.1992254,40.83966820000001,41.990549,46.4009196,49.917491,56.8213062,60.9202822,67.5602494,73.92330140000001,86.2585,94.461474,100.339995,108.736861,119.421429,123.406825,125.199345,129.303766,136.554668,143.132554,144.84781,150.068062,160.028806,165.30985,169.818082,165.470876,164.968378,155.998386,146.122156,133.595529,135.169545,129.723025,126.231477,121.119878,119.211975,118.989361,119.495777,118.8016398,120.3544948,130.7629888,126.6917768,121.8212748,120.151726,114.039222,97.74644599999999,92.149506,90.67741300000002,88.701273,87.369941,82.08564960000002,76.2713332,66.412909,56.1689494,46.52615540000001,40.0275516,33.70769,29.4022036,25.2910552,23.4925822,21.3177924,19.8774124,18.1321836,16.822267,14.7597206,13.161177,11.7014058,10.7101126,8.726291,6.474295379999999,4.46268998,2.68108918,1.04068478,0.13611098,0.0,0.0,0.0,0.0,0.0,0.0,0.0,0.0,0.0,3.674522800000001e-05,4.74759448e-05,6.40010896e-05,7.0797101e-05,8.218601040000001e-05,0.009719793182399999,0.0365885164656,0.0365719913208,0.03656519530940001
360301>360323,788,788,CWRu,Canada Water,EntEx,788,CWRu,Canada Water,Jubilee // SB,Enter-Board,3955.248073822912,103.48440524,343.8025316000001,2017.6602746,965.5623812,397.3496898,127.3887913829113,6.217170680000002,8.036783880000002,10.52703068,13.1586976,13.7422806,14.180843,17.5788896,20.0427092,20.51810080000001,21.2927132,22.8916438,21.444327,20.4529276,22.6632902,25.7612156,29.796074,35.69477620000001,39.41151439999999,40.82443040000001,43.05151840000001,45.20023640000001,47.10330660000001,48.89693340000001,54.51071339999999,61.2086394,68.68620340000001,73.784306,83.949156,88.85820000000002,94.947598,94.980354,97.85070920000001,98.6995952,99.14003120000001,95.62351120000001,97.61001120000002,96.957202,95.330581,93.675093,95.40259,91.79390600000002,96.498162,96.135645,100.817591,105.69099,105.659982,100.002084,98.81995,89.09638520000001,77.40679200000002,74.23953200000003,69.335627,63.44464960000001,63.3993724,61.64507020000001,56.8219468,51.76867979999999,46.3880592,39.7452812,33.9184526,31.4479728,29.5182622,27.8705788,28.0111188,27.9343512,28.369053,26.248188,26.1296922,23.4949954,21.48476640000001,17.30439860000001,16.1224942,13.3450634,10.188505,9.241994199999999,6.8421054,4.097635400000001,2.5973474,2.4727626,0.0,0.0,0.0,0.0,0.0,0.0,0.0,0.0,0.0,2.8142718e-07,1.01632128e-06,1.77838226e-06,0.00044394218226,0.02218275618226,0.05803194675508,0.05803121186098,0.0580304498
360318>360301,788,788,CWRu,Canada Water,LO Windrush // NB,788,CWRu,Canada Water,EntEx,Alight-Exit,528.882360729447,1.054364972,43.524275412,271.91016704,119.69711154,69.7836688,22.91277296544692,0.045863098,0.05836861400000001,0.05836861400000001,0.035134622,0.055424164,0.06799825200000001,0.152097084,0.5811105240000001,0.5874990840000001,3.330874542,3.714330354,4.265780646000001,4.256871566000002,4.9349955,2.6482771,3.1030007,3.08440696,4.1836291,4.1556449,5.258964960000001,5.269470920000002,6.530282020000001,6.637803120000001,9.04677212,9.35283206,11.6664486,11.8634538,13.428289,11.9852104,12.6658334,11.41670620000001,11.5073396,10.6169028,11.6264962,11.1476254,11.741719,11.5997328,12.0043038,11.2205856,12.2937914,13.0309216,14.3344922,14.846526,16.076629,14.7220548,13.6565816,12.0959744,10.7839604,9.9156104,10.378173,9.779299600000002,9.089987479999998,8.3128104,7.567583659999999,7.067787360000001,6.32728844,6.669203660000001,6.590753660000002,6.500524240000002,5.549939940000002,6.038244860000002,6.031049680000002,6.230685760000001,5.730255720000001,5.940548240000003,5.50366044,4.782758599999999,4.216044,3.94302376,3.552610899999999,3.4930417,3.39066926,3.0467586,2.42298904,1.78421698,0.940242021089384,0.339220581089384,4.108938399999999e-08,4.108938399999999e-08,4.108938399999999e-08,0.0,0.0,0.0,0.0,0.0,0.0,0.0,0.0,0.0,0.0,0.0,0.0,0.0,0.0,0.0,0.0
360318>360322,788,788,CWRu,Canada Water,LO Windrush // NB,788,CWRu,Canada Water,Jubilee // NB,Alight-Interchange-Board,7258.034160559283,79.31176486000001,959.8463386000001,4115.722652,1420.361823,561.618723,121.1728590992837,1.959556,3.777298,6.706958200000001,7.794637540000003,10.16638142,9.9422213,14.3881943,24.5765181,32.98819640000001,42.496287,51.4410234,60.43195840000001,57.97999540000001,68.72157700000001,73.56003900000002,95.799329,98.073017,116.757048,118.551424,143.046444,135.070818,154.499862,154.191628,177.934986,164.71482,184.14987,181.026612,203.520714,191.727622,214.025882,209.990272,213.593846,196.395596,196.34567,176.18733,170.233064,161.820926,155.205836,147.382066,147.374752,144.537528,145.750442,144.802522,145.239988,140.986808,134.860863,128.168907,126.1931438,121.8917318,118.8884018,113.2719508,112.3701168,109.168034,109.388582,104.49917,100.674114,90.961478,81.4155154,67.64163880000001,56.38963680000001,48.54816820000001,41.484131,35.27347620000001,31.88531080000001,30.1999412,27.8158668,25.480684,24.5228758,22.7496684,21.5672664,19.9624568,18.0899896,15.1278374,11.1431668,6.903642399999999,3.580597,1.9202362,0.0,0.0,0.0,0.0,0.0,0.0,0.0,0.0,0.0,5.740555999999999e-07,5.740555999999999e-07,3.194448800000001e-06,3.552856740000001e-06,0.00241442545674,0.00241385140114,0.02561009940114,0.03332113900794,0.0333207806,0.03090990800000001
360318>360323,788,788,CWRu,Canada Water,LO Windrush // NB,788,CWRu,Canada Water,Jubilee // SB,Alight-Interchange-Board,4971.057170498099,39.25525936400001,521.6295106,2066.0718722,1116.3958274,859.8618708,367.8428301341001,1.511515408,1.833119108,3.192806308,4.53018034,5.065520900000001,4.7752119,7.7598726,10.5870328,14.3909004,30.74099660000001,36.694611,42.8391366,46.9482032,50.7521406,41.8231506,49.415844,47.386758,52.5535088,50.7344494,57.34981139999999,52.2560654,59.16426739999999,55.8432462,65.8888996,60.96689260000001,70.42531660000002,67.59120860000002,78.94748299999999,76.60266820000002,92.3328972,92.14710920000002,99.04270920000002,95.01111120000002,98.379997,89.0471962,90.9842662,90.98285820000001,96.4859662,98.3320212,104.393714,105.465338,110.476148,106.736139,108.5683538,107.1414138,104.1880238,97.968689,98.061598,94.31009820000001,90.0555302,88.74856820000002,86.60583299999999,85.3992078,87.7020888,88.10278079999998,88.11199580000002,92.796067,86.83147819999998,76.62343659999999,69.6603142,62.17404880000001,56.3242036,59.65135040000001,64.4855072,70.7089744,74.8516108,75.0657748,70.6891048,66.0089748,57.86461600000001,60.24885480000001,50.57075040000001,46.85381920000001,36.28844600000001,27.908258,11.7936752,7.384659599999999,0.0,0.0,0.0,0.0,0.0,0.0,0.0,0.0,0.0,0.0,0.0,0.0,2.859117e-05,4.562682e-05,4.562682e-05,4.562682e-05,0.9735616268200001,0.9735330356499999,0.9735159999999999
360319>360301,788,788,CWRu,Canada Water,LO Windrush // SB,788,CWRu,Canada Water,EntEx,Alight-Exit,1170.144280662306,13.1149458638268,63.78468372,556.69035244,291.3874218,172.7889416,72.3779352384788,0.2233175312756,0.6153850912755999,0.7834924312756001,1.00689707,1.82060814,2.54974428,2.76929552,3.3462058,3.84333162,3.88295662,3.8889496,4.05405934,4.24010098,4.037778260000001,3.987352580000001,4.3770794,6.09057546,7.305175200000001,8.823448460000002,9.253876199999999,10.62701826,10.46009846,11.75157026,13.09271226,16.4548378,18.4372758,20.845083,21.455285,22.052983,20.9986136,22.4351272,23.86935320000001,25.8342878,27.5082132,29.632687,29.4014526,29.2010534,28.24801380000001,28.3385442,27.62692280000001,27.8293268,28.360078,30.9018502,31.3279648,31.7860894,30.20170760000001,28.9939256,27.45208160000001,26.4786684,24.7495292,23.8807384,22.4128664,20.0826434,18.1538078,18.6002844,18.5950796,17.2539308,16.4718692,16.1425574,14.0789524,13.3355196,13.6910768,13.5605988,12.9860984,14.2124842,13.91724,13.5934346,13.5451794,13.7481272,12.5046082,11.3055766,10.4263762,8.23111612,6.21789866,4.08061626,2.83279227,1.39081253,0.8358028692000001,0.2868780059000001,0.28712739078,0.20835679408,0.01898463071200001,0.001172049126,0.000571587722,0.000348443542,0.0002252888600000001,0.00015249156,0.000107082196,7.750041500000001e-05,5.752694900000001e-05,4.362911160000001e-05,3.37074736e-05,2.646573320000001e-05,2.1076789e-05,1.4809555e-05,9.848774400000003e-06
360319>360322,788,788,CWRu,Canada Water,LO Windrush // SB,788,CWRu,Canada Water,Jubilee // NB,Alight-Interchange-Board,2373.454043900643,73.27908325898201,249.498234,1127.444839,552.5742534000001,267.887508,102.770126241661,1.820016852994,7.365029452994001,8.255291112994001,9.55828386,11.13825606,12.84839186,10.18990826,12.1039058,12.882714,13.5254968,13.396114,14.4784044,15.93472,17.2083564,19.411514,21.8636744,25.361468,27.2483346,33.0051496,35.1822878,38.9696484,38.46430479999999,41.1113168,40.252321,42.801561,42.431447,44.4814076,46.435935,49.43960379999999,50.537064,52.800724,54.182343,53.9667614,53.49679860000001,51.1097754,50.6469814,48.985384,47.289732,44.744598,45.57890800000001,44.07486100000001,46.0694426,48.7392524,50.83466780000001,50.8958786,51.26560960000001,49.3756904,48.31426460000001,47.00555500000001,46.510779,44.947779,45.238537,43.76464179999999,43.5158788,41.348508,40.39113160000001,36.6524182,32.76753720000001,28.3280864,26.03732960000001,22.4961488,20.4629948,18.6549318,17.8253068,16.3291536,15.9090846,15.909301,16.5152152,16.2548504,16.6443168,16.4168758,15.0402562,12.8422692,10.49816588,6.986949480000002,4.571934680000001,2.59353328,0.90631408,0.0,0.0,0.0,0.0,0.0,0.0,0.0,0.0,0.0,4.270804000000001e-07,5.74945468e-07,7.44576188e-07,7.44576188e-07,0.000102556556188,0.000172914845788,0.00479427278072,0.00479410315,0.00479410315
360319>360323,788,788,CWRu,Canada Water,LO Windrush // SB,788,CWRu,Canada Water,Jubilee // SB,Alight-Interchange-Board,1710.797920971211,24.272987192,100.26079036,718.0269100000002,476.9405836000001,278.8787336000001,112.417916219211,0.6269977219999999,1.187723802,1.609854582,2.307418846,3.13496912,3.63136252,5.368700039999998,6.40596056,7.33359576,6.9824842,7.1164068,6.24034028,6.788032579999999,6.18478826,7.58101336,8.52888136,10.02836528,10.00629288,11.4464576,12.024132,14.0464412,13.9000546,15.4511624,16.5569212,19.56999960000001,20.3992842,22.1955262,23.4036146,26.34358120000001,27.7562904,31.6193244,34.059027,35.80789160000001,36.690011,36.2099224,34.1496804,34.66185,36.5098852,36.5912082,37.6146518,37.9678132,40.3339112,42.40515600000001,43.78370200000001,45.149314,45.57729260000001,43.005858,41.064138,39.689183,37.93017740000001,38.3221542,38.3611422,37.56367760000001,36.68621760000001,37.53825680000001,36.05317220000001,34.47526920000001,31.41250580000001,28.67141800000001,24.83004660000001,23.85090820000001,21.5915512,19.82535720000001,19.66671920000001,19.128916,17.4711496,17.9311896,20.023703,20.0342514,20.2775366,18.3780942,17.2793936,13.29789872,10.1742077,6.304972500000003,4.4626775,1.5817381,0.62650958,0.0,0.0,0.0,0.0,0.0,0.0,0.0,0.0,0.0,0.0,0.0,3.904555999999999e-05,8.172144e-05,0.0001004794088,0.0001240935348,0.0001372487558,9.82031958e-05,5.552731580000001e-05
360322>360301,788,788,CWRu,Canada Water,Jubilee // NB,788,CWRu,Canada Water,EntEx,Alight-Exit,3358.456767541669,103.34769396,288.3311038,1705.863323,735.5263344,378.2861074,147.1022049816668,7.11806854,8.90271854,11.63915854,10.12678714,14.6555846,14.5472152,18.356176,18.00198540000001,19.1048232,17.827404,18.5309594,16.0076668,18.420171,19.87105780000001,20.971492,22.9747822,28.295173,32.5902334,35.2940318,38.4433092,43.4974672,44.6651382,45.1928682,49.64504340000001,57.25345180000001,64.4407108,69.38407880000001,72.4698848,74.21805479999999,73.34295800000002,71.11646,71.415391,75.18553299999999,78.96787900000002,80.05735899999999,81.9679282,83.0809252,83.4527192,81.65833520000002,81.0921012,80.16702599999998,81.15926000000002,82.053003,80.37974700000002,76.8953978,75.34911579999999,70.6475844,65.57041679999999,63.193176,62.4967946,58.6930486,58.55892900000001,55.1040546,52.33754,49.68828320000001,46.9919936,42.1723152,40.5185102,37.8954588,35.485422,34.1568942,31.7738288,29.4751386,27.72178520000001,26.7283238,24.7279572,24.1814762,23.4489972,23.98196340000001,23.4261084,21.7372276,20.862135,18.88809220000001,14.90042468,10.44221728,7.434498080000001,3.988556480000001,1.44058648,0.0,0.0,0.0,0.0,0.0,0.0,0.0,0.0,0.0,1.9855206e-05,4.194361920000001e-05,5.10858148e-05,6.428418080000001e-05,6.916638520000001e-05,5.82356532e-05,4.07645216e-05,3.162232599999999e-05,1.842396e-05
360322>360318,788,788,CWRu,Canada Water,Jubilee // NB,788,CWRu,Canada Water,LO Windrush // NB,Alight-Interchange-Board,1339.495636295258,32.138116175378,122.14972348,757.8160383999999,257.6057734,103.32556628,66.46041855987998,1.729381825126,2.283053465126,2.733039265126,3.85987914,4.7971124,4.951543320000002,6.11704628,5.66706048,6.18929168,6.547297800000001,6.442552920000002,6.63562872,7.97334412,7.953399920000002,8.59433292,10.4389174,12.3286526,13.8178734,17.0286798,18.1997522,20.67179560000001,23.3773136,26.42273740000001,28.79447200000001,32.5717436,35.4567014,35.75444680000001,38.1141648,39.2335214,41.4604928,41.32018220000001,40.3419828,38.4842328,36.168156,32.7116868,29.56054780000001,28.929413,27.748467,26.7879988,25.16560680000001,26.3717206,27.56864340000001,27.7164776,27.0835334,27.1758022,25.260746,22.9970798,22.0485314,22.2253106,22.26300860000001,22.0394292,21.5336194,20.662243,19.24698840000001,17.137793,15.0152218,13.5599404,12.1714188,10.7652096,9.7576908,9.3543758,8.604385080000002,7.715649580000001,6.94315274,6.437948260000002,5.8774256,5.80641426,6.33195536,7.983240200000001,9.17398828,10.52878914,11.1057338,10.4100118,7.754359599999999,5.4194398,2.9978762,1.0738534,0.0,0.0,0.0,0.0,0.0,0.0,0.0,0.0,0.0,0.0,7.010533e-05,0.000105628136,0.00014247495,0.00016307109,0.000186521576,0.000130461446,0.00414078904,0.004103942226,0.004083346086
360322>360319,788,788,CWRu,Canada Water,Jubilee // NB,788,CWRu,Canada Water,LO Windrush // SB,Alight-Interchange-Board,3800.754950146948,40.5797649,375.88162458,1597.3032964,937.0964792000002,585.4228668000001,264.4709182669475,2.47521932,3.06065348,5.08385388,5.511506980000001,6.350474060000002,4.60871146,7.170767100000001,6.31857862,8.51823682,10.15868862,15.57719782,16.84725822,25.9658849,28.082045,36.3439282,38.487652,48.5492678,46.87725379999999,51.3336124,49.140599,56.469306,49.9595552,54.49718860000001,53.21593860000001,56.86173360000001,52.25170160000001,54.5219012,51.6654508,56.00651080000001,56.81554480000001,65.25096980000001,68.37429100000001,73.87564940000001,76.41895600000002,77.34308700000003,74.104966,76.24536800000001,76.564666,74.259456,74.36064999999998,74.587032,77.416802,81.46739000000001,84.769182,86.46311999999998,85.86482000000002,83.320598,77.28404599999999,78.12164800000002,76.26103400000002,75.50957100000002,78.575811,79.889471,74.08282220000001,72.0366702,69.68686780000002,62.5625866,56.60240260000001,54.62864860000001,55.3381578,53.4273224,50.508613,49.64645,47.7449622,43.320387,38.76040380000001,36.64069240000001,36.2422404,37.8337024,36.46433,36.8672408,39.8912558,36.9233458,29.4492182,22.3610186,16.4238978,6.7074588,1.4490078,0.0,0.0,0.0,0.0,0.0,0.0,0.0,0.0,0.0,7.111435000000002e-07,4.3400299e-06,8.674751500000001e-06,1.36325043e-05,1.53855335e-05,1.718321e-05,0.0334653223236,0.033460987602,0.0334560298492
360323>360301,788,788,CWRu,Canada Water,Jubilee // SB,788,CWRu,Canada Water,EntEx,Alight-Exit,6811.250762128759,56.81299964315001,343.93622396,2505.055718,1880.925824,1315.3973124,709.1226841256079,2.23079350105,4.82766390105,5.81635290105,7.50075882,7.936560140000001,9.43468226,8.148376559999999,10.91781156,15.22135116,17.1471507,17.3797693,21.3694838,21.9496712,22.0353872,24.5568196,31.157048,35.8219748,42.5273614,46.3089374,48.4612694,50.1614586,54.3930786,58.8521706,66.75422859999999,81.0288386,93.390142,101.09137,104.695318,104.956834,105.514674,105.327106,106.8574348,111.1354128,115.6375288,114.4098838,114.0983438,114.590991,114.161421,115.8474718,119.1783748,125.2823128,132.3843608,142.6471468,152.659816,159.354356,161.0339,161.089468,159.721106,156.918308,154.179568,153.262464,156.32239,153.813902,153.91724,156.4288120000001,154.88431,146.780968,140.64496,130.92698,118.36015,110.700704,102.381332,99.6176292,96.2666962,95.2032502,92.1210992,92.67442,89.71912359999999,89.4023878,89.0721738,87.60364679999999,87.28350999999999,79.22833800000002,73.7107328,70.6117908,54.38323680000001,36.4341948,27.003292,14.386304,0.0,0.0,0.0,0.0,0.0,0.0,0.0,0.0,0.0,0.0,0.0002886795200000001,0.0003844258720000001,0.0005136380440000001,0.0005716372100000001,0.0006637501180000001,0.000375070598,0.0002793242460000001
360323>360318,788,788,CWRu,Canada Water,Jubilee // SB,788,CWRu,Canada Water,LO Windrush // NB,Alight-Interchange-Board,2150.444599104198,19.979644308,155.3353388,940.2911372000002,521.1309577999999,349.2077738,164.4997471961969,1.018573396,1.396316576,2.056659076,2.46083666,3.16603988,3.25001528,2.8722721,3.75893134,4.57928468,4.91571628,4.77205992,6.855952520000002,7.80453038,10.05353458,12.42766704,16.1107212,19.06708320000001,20.7394312,23.2256772,24.7836806,28.41818480000001,31.146665,34.0009154,35.87769640000001,38.39823560000001,37.86157040000001,36.9879406,38.41013820000001,38.6378032,38.9801654,40.93363340000001,43.4871684,44.6226382,45.01532220000001,44.90608140000001,42.6998514,41.8057634,39.7040766,38.97757979999999,38.3303568,39.0610528,39.0971274,41.6344702,41.29670020000001,41.7759422,42.49749420000001,43.1554966,42.3659566,44.156168,44.93859,45.44257680000001,45.2134928,44.59654099999999,43.3083712,42.7644074,40.915921,39.15630479999999,36.6202688,34.7778684,33.4764792,31.1193226,28.0307264,26.6564596,25.1709642,22.9852624,22.5520606,23.96783700000001,24.69421980000001,25.52459540000001,25.2924956,25.534286,26.3557814,22.48857888,17.02846428,12.74712190607888,7.966491506078877,1.557887106078876,2.6078876e-08,2.6078876e-08,0.0,0.0,0.0,0.0,0.0,0.0,0.0,0.0,0.0,0.0,2.9155504e-07,2.18173764e-06,2.370137148e-06,3.744856348e-06,0.001346316936348,0.001346025381308,0.001344135198708
360323>360319,788,788,CWRu,Canada Water,Jubilee // SB,788,CWRu,Canada Water,LO Windrush // SB,Alight-Interchange-Board,7613.12117762306,10.221870197,269.263819724,2518.7981732,2543.394844,1689.1760048,582.2664657020601,0.486300415,0.728689875,0.968072175,1.458760948,1.097797052,1.555860344,1.867629724,2.058759664,2.687987444,5.0540912,8.933934800000001,12.46611096,17.50588792,18.9140622,25.09568760000001,27.1365762,33.56032039999999,35.0896726,41.75299380000001,41.0664946,44.81875940000001,43.4549822,50.49198079999999,51.6502054,56.8012046,62.9375736,68.15090759999998,72.46280759999998,77.876755,91.266529,101.051748,114.339528,121.074354,132.506662,131.861608,131.295328,127.904218,130.98652,130.642778,133.24414,136.878996,153.96975,167.690974,185.439864,193.140038,205.385238,200.854618,201.94914,198.792802,211.432826,208.741412,224.30458,227.321744,230.434938,217.022974,224.014534,205.267854,193.901556,178.637226,175.50302,155.500572,144.034736,128.54552,118.91553,104.934656,99.20879,92.57485799999999,92.15168680000001,91.2648708,92.3340168,83.35492400000003,86.273812,75.84765780000002,61.6642806,42.3299803234,31.3493071234,12.8972591234,4.603520523399999,0.0023517234,0.0,0.0,0.0,0.0,0.0,0.0,0.0,0.0,0.0,0.0,2.260573400000001e-06,2.639602040000001e-06,0.05673138360204,0.05673267286454001,0.07700694286453999,0.07700468229113999,0.0770043032625
820301>820322,789,789,NOGu,North Greenwich,EntEx,789,NOGu,North Greenwich,Jubilee // NB,Enter-Board,12833.581298445,709.5497988,1411.0328936,5791.296418000001,2496.655383,1173.984575,1251.062230045,31.2929528,52.5091128,82.82338879999999,100.056982,115.072688,113.7929408,115.1615628,98.8401708,92.1594488,83.3510468,86.09804799999999,82.518576,89.52050600000003,96.961828,109.22238,126.699062,139.006062,151.658124,166.544608,187.293204,192.754392,205.911402,221.542032,235.716372,242.744796,252.591376,258.983286,260.759632,270.262408,275.10655,269.854926,264.526152,261.450354,243.968436,228.705816,231.93528,232.212498,226.726452,225.182206,228.006736,231.591856,239.288718,244.522152,246.95259,245.257642,234.248364,224.539078,223.070448,218.258168,213.734114,209.265372,205.059598,195.254012,191.003178,175.290575,161.674834,141.1035148,122.9670168,105.9109508,100.6346578,99.2116268,94.577052,88.89411199999999,83.73891200000001,77.406134,69.435648,77.817899,112.287051,168.431805,210.578929,229.333177,226.711178,190.336232,119.571552,63.933998,30.871828,10.725994,0.0,0.0,0.0,0.0,0.0,0.0,0.0,0.0,0.0,0.007382771400000002,0.0227091134,0.0381733054,0.0459815354,0.05779765940000001,0.05540598320000002,0.0928584932,0.0915535892,0.08374535920000001,0.07192923520000001
820301>820323,789,789,NOGu,North Greenwich,EntEx,789,NOGu,North Greenwich,Jubilee // SB,Enter-Board,13349.6662416106,345.925306,785.5898222,4117.0691676,3343.801326,2577.389848000001,2179.8907718106,22.113297,28.2580438,40.4081698,51.1097542,51.4247474,49.7362534,53.55714380000001,49.31789660000001,43.3847352,52.068872,52.34690380000001,58.55991660000001,63.69291379999999,66.49748319999999,65.4164912,74.127022,74.411826,74.02336679999998,79.1776168,81.8826748,80.11292159999999,81.32458359999998,86.9796188,92.8143688,97.4315848,101.297374,106.1524948,114.3153848,123.4249608,137.6133408,152.4159508,171.46839,186.374338,199.350824,203.493718,215.795858,224.85193,227.74444,231.773652,242.002352,242.279882,252.078238,263.035722,282.9372400000001,288.679352,300.992814,298.374198,308.923264,294.18827,285.957674,272.766032,273.563652,251.267636,250.072236,254.958344,264.057854,244.36205,244.201774,238.977698,228.142348,216.504178,209.723044,198.861806,190.01371,178.012572,177.807762,193.745996,257.03691,309.757522,349.004074,352.590734,345.873932,275.47675,200.214337,145.2020598,98.0980718,56.73746980000001,31.3829178,15.45577080000001,0.0,0.0,0.0,0.0,0.0,0.0,0.0,0.0,0.0,0.0,0.00094977832,0.00121871476,0.00841521196,0.01213054416,0.02552901816,0.02457923984,0.0243103034
820322>820301,789,789,NOGu,North Greenwich,Jubilee // NB,789,NOGu,North Greenwich,EntEx,Alight-Exit,9772.334713858334,391.2632022,847.5242586,4893.8954408,2262.122474,1080.1290172,297.4003210583339,17.3289658,27.0007554,30.6796686,47.9779874,51.110226,67.1677334,69.6995878,80.29827780000002,68.0154084,71.0108638,61.6303952,58.9608226,58.5968674,60.4525708,60.83791680000001,66.22064940000001,74.19561879999999,81.1368598,87.9286518,98.5376338,115.1939998,133.930781,149.9111940000001,171.774322,190.70101,200.750726,202.386404,208.243962,207.227958,208.96441,217.305954,223.055146,223.714208,223.364428,223.290946,218.804376,221.376932,220.89075,224.53132,223.779528,221.97988,222.369736,223.71081,216.63666,213.773038,210.298266,196.923024,185.975924,184.312692,180.606612,177.75396,184.842876,187.716692,184.509114,179.709752,175.700524,164.084288,150.6796612,133.4207072,117.6312472,98.9723972,81.85572979999999,69.89489859999999,64.2425712,56.2252372,50.97446400000001,47.9596734,44.1881422,41.2864756,39.1198648,33.556659,30.31722300000001,28.3370034,20.9943554,14.4475582,10.3359692,5.0163212,0.0,0.0,0.0,0.0,0.0,0.0,0.0,0.0,0.0,0.0,3.0618162e-07,7.647694399999999e-07,3.939566240000001e-06,5.974757440000001e-06,8.039791240000003e-06,7.998454060000001e-06,24.66295753986624,24.66295436506944,24.66295232987824
820323>820301,789,789,NOGu,North Greenwich,Jubilee // SB,789,NOGu,North Greenwich,EntEx,Alight-Exit,17046.76497258008,216.50323422,1001.016839,6609.856995200003,5471.526242000001,2753.144886,994.71677616007,6.207025860000003,9.40749726,17.32969326,21.00091984,32.7104438,33.79170300000001,46.7807236,49.2752276,69.9834576,68.76837059999998,81.41939520000001,81.01883520000001,87.2355292,77.10921520000002,79.9497832,78.123816,82.1064432,89.08139320000002,96.5974812,109.6231192,126.6838992,147.75873,166.7674060000001,193.696734,222.151566,240.867572,250.976462,260.555474,265.436006,268.925904,280.487856,290.06017,300.229938,308.2796620000001,308.577128,304.390494,305.7575480000001,310.201178,315.411364,318.996854,329.643796,342.160968,363.790718,388.049568,411.2451820000001,425.024794,439.7577180000001,438.074778,438.267126,447.112188,465.335836,478.875592,492.695518,493.76633,484.9893740000001,456.381806,417.831906,369.8380280000001,322.749586,275.114934,236.186918,209.21587,187.42421,170.404312,158.878882,146.267978,133.415842,125.81642,119.851738,114.9860712,113.699238,109.0121948,111.1673708,110.184564,102.2256668,85.04057580000001,65.41620300000001,40.06982100000001,18.6448698,4.4166958,0.0,0.0,0.0,0.0,0.0,0.0,0.0,0.0,0.0,9.367686e-05,0.000234755606,0.00027556786,0.000352785112,0.000379602366,0.000285925506,0.00014484676
120301>120322,884,884,CNTu,Canning Town,EntEx,884,CNTu,Canning Town,Jubilee // NB,Enter-Board,8120.126835076643,922.0532043999999,1545.2881956,3955.375554,1114.4396612,460.9120818,122.05813807664,62.471698,80.04301000000002,116.585154,133.754344,140.739764,135.430604,136.4899652,116.5386652,101.3813932,92.8466552,91.8852072,97.91923880000002,103.1449508,110.7594168,122.7294488,140.9925388,150.680752,162.480972,178.861932,191.60569,191.491662,197.211366,205.456822,208.817218,206.061908,206.016944,206.427288,201.435006,196.999226,195.036036,185.360558,175.04441,169.06656,156.069378,142.84186,141.171298,135.802496,127.124714,122.452972,119.80902,117.449844,117.080282,116.326624,114.822062,109.120216,104.29876,98.6485332,95.093438,94.476192,94.175516,94.196978,92.7698548,91.476722,87.678772,80.9999646,71.5047146,65.19160860000001,57.70055260000001,49.2239226,45.99151000000001,42.2618722,37.0980364,33.369385,30.8746288,27.096847,25.4282444,23.7606454,22.9148288,21.815669,20.1858544,17.9569092,16.1478304,12.9585764,9.0028884,6.2575108,3.7551384,1.357654,0.0,0.0,0.0,0.0,0.0,0.0,0.0,0.0,0.0,0.0004756795800000001,0.0007833123800000001,0.00118863054,0.001346593908,0.001758758948,0.001384882948,0.02945396614800001,4.194814447988001,4.194656484620001,4.194244319580001
120301>120323,884,884,CNTu,Canning Town,EntEx,884,CNTu,Canning Town,Jubilee // SB,Enter-Board,4530.165614837142,116.6340085,472.2875002,2222.5015892,918.3098188000001,553.9469622000001,246.4857359371422,11.1587432,12.61282226,15.12697646,17.67739686,14.74634866,14.42743126,15.2444616,15.6398282,10.8384396,20.5905526,22.4041552,25.07149040000001,32.53324720000001,39.68745480000001,37.4966708,48.6806388,54.18681160000001,55.76994679999999,60.23426020000001,64.79383220000001,63.9287402,67.90582380000001,71.26203100000002,74.179039,79.8873442,82.70982540000001,85.50663840000001,89.4792856,94.3082576,94.4302974,99.4277552,108.4879652,111.6927092,110.8205312,113.286057,112.15004,106.8875468,100.7335916,100.4270756,95.2721308,91.84622160000002,87.3584788,90.88455079999999,89.62965280000002,91.6203596,89.40572080000003,89.93034080000002,85.1582468,84.25318080000002,77.459236,75.57198120000002,68.47601920000001,67.97348620000001,65.6473022,64.01112619999999,58.80281900000001,59.74641,57.37806980000001,52.36439379999999,50.18036439999999,50.69757360000001,47.15457060000001,44.641767,41.918185,40.9666308,37.0692412,38.37354260000001,33.4562134,31.1039382,26.4371842,22.7417835,18.4032041,14.8951203,10.224336872,8.874063472000001,7.335124571999999,3.011668572,1.732724372,1.606555,0.0,0.0,0.0,0.0,0.0,0.0,0.0,0.0,0.0,0.0,6.859048799999999e-07,8.582284200000001e-07,0.00325640822842,0.05452409222842002,33.35408409222843,33.35408340632355,33.35408323400001
120301>120390,884,884,CNTu,Canning Town,EntEx,884,CNTu,Canning Town,DLR (City routes) // OB,Enter-Board,541.9525969546695,4.175810223999999,79.77403798600001,257.2825587200001,108.821479,61.04841976,30.85029126467,0.0,0.0,0.0,0.0019275,0.060030006,0.402285266,1.349587986,2.361979466,5.023474766000001,6.02543886,6.59659608,6.344171320000001,6.217172800000001,4.5072572,5.4646066,6.50334992,7.50759456,7.98919626,9.095354060000002,8.499825560000001,8.747488760000001,8.874817960000003,9.6598041,9.7049663,10.432306,10.1379468,10.5465316,11.0329196,11.5158392,12.4260156,13.0260416,13.0638174,13.269176,12.3515796,12.210423,11.7266998,11.5302636,10.27671488,10.36309728,9.18359588,9.43706998,9.168367580000002,9.577224699999999,9.0198515,9.405648300000001,9.2635438,9.616350400000002,8.8731522,9.353937,8.532961160000001,8.49401036,7.51312762,8.98724482,9.64949922,10.21399906,8.918005059999997,8.821483,6.9375117,5.4690261,4.29416682,4.803063320000001,4.43292202,4.75232682,4.536286540000001,4.96592354,4.20261158,4.09389634,3.73920198,3.93121526,4.219755620000001,4.37542344,4.5520041,4.64500076,3.867109416,2.455724936,1.756383624934,0.9755839049339999,0.07189330493400001,9.8448934e-05,9.8448934e-05,0.0,0.0,0.0,0.0,0.0,0.0,0.0,0.0,0.0,0.0,0.0,0.0,0.0,0.0,0.0,0.0
120301>120391,884,884,CNTu,Canning Town,EntEx,884,CNTu,Canning Town,DLR (City routes) // IB,Enter-Board,742.4560568735402,11.6869544368,120.69087228,384.1199936,108.00001248,55.99478020000001,61.96344387674001,0.0669197832,0.1173604112,0.1649188552,0.6808072152,1.394405856,1.652897152,2.986914404,4.62273076,4.92981326,5.873736060000001,6.70906504,6.926879360000001,6.61844056,7.286036900000001,8.325538900000002,11.529866,12.9030278,14.8864002,16.384162,18.3179062,17.335735,19.714449,19.5033932,20.803262,19.53886300000001,19.4462836,16.666307,16.9154296,17.301914,17.67162040000001,17.5887854,18.6792948,18.4737485,16.6552795,15.7750497,15.4908186,13.6142802,12.5369145,11.5773543,11.3123457,10.9574762,12.135674,11.9152874,12.510428,11.9998838,11.1457528,9.74380612,9.96251552,9.25803072,8.566558859999999,8.15106186,8.05820764,7.782371240000002,7.72294304,7.87427704,7.73460384,7.444393880000002,6.303088740000002,5.685929060000001,5.219414180000001,5.29974708,4.77292184,4.624608400000001,4.309785020000001,3.82657364,3.01541318,2.7584704,2.73443478,2.31908738,2.16521076,2.23956646,2.91415854,2.78800462,10.38264148,10.62443152,10.128551371348,9.056397971348002,8.660256491348001,0.685069491348,6.7791348e-05,0.0,0.0,0.0,0.0,0.0,0.0,0.0,0.0,0.0,0.0,0.0,0.0,0.0,0.0,0.0,0.0
120301>120392,884,884,CNTu,Canning Town,EntEx,884,CNTu,Canning Town,DLR (Stratford Int'l route) // OB,Enter-Board,211.8587581230001,2.403266078,34.388671516,96.37714120000003,48.48823214000001,23.635034364,6.566412825,0.0,0.0,0.0,0.0039103948,0.0281310108,0.3263618708000001,0.7453234508,1.2995393508,1.815593796,2.53502998,2.45739166,2.75397516,2.41307854,2.5229005,2.37229404,3.20667996,2.86736104,3.73420436,3.66463904,4.04552344,3.31569724,3.731222760000001,3.02092146,3.75269738,3.18242018,3.96666732,3.6585184,4.16677818,3.33673142,4.51915538,4.12316438,4.80670502,4.4419074,5.031425560000002,4.06128464,4.643768960000001,3.991335900000001,4.499390099999999,3.893212440000001,4.16333658,3.31960836,4.55797642,3.842498,4.35071772,3.9290558,4.9657445,3.63737318,4.205724640000001,3.70307752,4.129028720000001,3.15365232,3.62098284,3.57873946,4.78595372,4.42279656,4.35610288,3.70224772,3.33515996,1.929061560000001,1.98814692,1.737422932,1.976711132,1.792649472,1.923294912,1.497989802,1.48295299,1.075911682,1.193485282,0.90248105,0.9445623600000002,0.8626777400000001,0.909483028,0.8474918280000001,0.7560546118000001,0.5529962118000001,0.4538585118,0.3366238918,0.0001835918,0.0,0.0,0.0,0.0,0.0,0.0,0.0,0.0,0.0,0.0,0.0,0.0,0.0,0.0,0.0,0.0,0.0,0.0
120301>120393,884,884,CNTu,Canning Town,EntEx,884,CNTu,Canning Town,DLR (Stratford Int'l route) // IB,Enter-Board,499.2786685759999,36.46371256,78.086082,254.38108512,78.04398854000002,39.42300530000001,12.880795056,1.79027524,2.18566912,3.23165432,4.36647532,5.399572280000001,4.97018288,6.8662012,7.6536822,7.780319,7.5095562,7.211864460000001,5.49705562,4.61114172,3.84697668,3.9932932,4.4339079,6.57781494,7.585503040000001,9.43348588,9.605163360000002,10.6981651,9.130452900000002,9.3146349,8.12690802,9.64113722,8.94222564,10.71655104,10.23859544,12.28743172,10.62930872,12.3610122,11.4137672,13.3684156,11.7821814,13.081302,11.6679486,12.0038986,9.88024794,11.01842674,10.07857954,10.60731714,9.12109834,10.0621892,8.20928992,8.26125152,6.76596852,7.800082720000002,6.06809612,6.939765400000002,5.62399906,6.31108306,4.93792904,6.709445840000001,5.892117580000002,6.825546920000002,5.908702760000001,6.050223300000002,3.994827160000001,3.8626645,3.0879928,3.6409235,3.39739898,3.5332695,3.10964426,2.8010869,2.17631664,2.03818392,1.73047384,1.5479226,1.49197048,1.08725013,0.945762076,1.292285936,1.0744337236,1.5150993036,1.3586775932,1.2497323672,0.6573586072000001,0.6537786196,0.0065236196,0.0,0.0,0.0,0.0,0.0,0.0,0.0,0.0,0.0,0.0,0.0,0.0,0.0,0.0,0.0,0.0
120322>120301,884,884,CNTu,Canning Town,Jubilee // NB,884,CNTu,Canning Town,EntEx,Alight-Exit,3351.818596044342,55.67139206,170.179341,1314.3183814,949.6259638,616.4813116,245.5422061843425,6.471540140000001,6.777190180000002,7.653887440000001,4.35622004,6.3279625,6.519838500000001,8.52786046,9.0368928,8.6385699,8.4871491,8.882185699999999,9.2215115,10.7795752,13.6193427,15.3926193,17.4706641,17.7254803,19.1798662,19.9647486,20.8176284,22.1015568,24.7499958,25.8068578,27.28341420000001,29.0174902,31.57575880000001,33.2908038,37.90884060000001,40.730514,46.57017000000001,51.72137260000001,57.38514660000001,60.97643660000001,65.30811580000001,66.92444060000001,68.279922,69.52181800000001,71.26177600000003,72.23200600000001,75.463732,78.678846,83.86444,86.108742,87.5561852,83.8882744,83.19982440000001,80.2249824,78.4061472,78.19673,81.5056248,82.78847280000002,82.8798758,80.532127,76.72593499999999,73.061647,68.216323,64.5092116,63.292984,59.1271944,56.9197444,54.15111779999999,52.27906220000001,49.22200180000001,49.69672400000001,46.31071540000001,43.61659540000001,39.00295800000001,38.35300260000001,38.43146640000001,36.7699864,38.70792900000001,35.5709743,30.5301367,21.8949263,15.9467009,6.667326900000001,3.517963,0.0,0.0,0.0,0.0,0.0,0.0,0.0,0.0,0.0,0.0,0.0,3.853172600000001e-07,4.934740060000001e-07,7.532312259999999e-07,8.96868498e-07,1.643285096868498,5.287169711551238,5.287169603394492,5.287169343637274
120322>120390,884,884,CNTu,Canning Town,Jubilee // NB,884,CNTu,Canning Town,DLR (City routes) // OB,Alight-Interchange-Board,4412.992772501999,13.477548182,411.72253212,2088.5873222,1103.731416,615.9773921999999,179.4965618,0.006269423000000001,0.006269423000000001,0.009715045000000002,1.176976745,1.282256482,1.337738762,2.972287162,6.68603514,7.892962840000001,13.56597068,19.0172438,26.5520108,31.13037760000001,35.7794326,37.8383388,44.7345134,45.831436,46.38358760000001,49.9761886,53.0204694,57.1194162,57.79617620000001,63.86107020000001,65.8073876,71.36915160000002,68.2706668,72.69840479999999,71.8865228,76.95689800000002,78.93255479999999,89.09306880000003,93.0914188,99.86410179999999,98.7188698,101.7653282,97.427797,99.637365,96.275446,102.735696,99.71502180000002,103.549377,104.672005,110.106549,107.237029,105.06777,101.692176,94.86799,88.774776,88.934324,90.6498,89.2535892,93.8185212,93.8071792,88.75497320000002,86.8901232,81.22019399999998,75.10987680000002,69.3100168,62.96017040000002,55.34917100000001,51.91922380000001,47.115399,45.03889000000001,45.9096092,43.3449976,41.5147868,39.7564542,38.6487966,34.67592860000001,32.5324584,30.366715,26.0265684,20.8167446,15.0833618,11.270127,6.0770324,2.6476256,0.0,0.0,0.0,0.0,0.0,0.0,0.0,0.0,0.0,0.0,0.0,0.0,0.0,0.0,0.0,0.0,0.0,0.0,0.0
120322>120391,884,884,CNTu,Canning Town,Jubilee // NB,884,CNTu,Canning Town,DLR (City routes) // IB,Alight-Interchange-Board,1183.916354815001,8.445306435,96.96119868000001,405.3818423,401.2704314,191.9166412,79.94093480000001,0.0,0.0,0.023144503,0.293012243,0.6475769029999999,1.367992543,2.406487603,3.70709264,4.01399836,5.0156735,5.21481026,5.294155400000001,5.51234198,7.014976020000002,7.83554382,9.70628422,11.72066162,11.3927339,12.2199864,12.0200332,10.8481326,8.9607926,8.812910539999997,7.73179394,7.99579954,8.77625874,10.06482034,10.9628558,11.7548302,12.8258136,14.1179904,14.8534298,16.4959548,19.0221638,20.333048,21.4071938,21.8601676,23.56118,22.80230460000001,24.3071142,25.2229242,26.9407504,27.2464522,28.4771606,28.5431724,29.3520474,31.644336,33.3527856,35.2936438,35.29916179999999,36.9346842,36.571915,36.6399914,35.412812,32.999257,29.2266248,25.7263534,22.0574896,20.146415,20.4195352,18.1909192,16.8912172,15.1875812,13.280803,10.8853868,10.1473926,9.1217038,9.8618442,9.331425999999999,10.271639,12.6259972,13.7946926,11.9689126,9.987945,7.384516000000001,3.6440188,0.9317876,0.0,0.0,0.0,0.0,0.0,0.0,0.0,0.0,0.0,0.0,0.0,0.0,0.0,0.0,0.0,0.0,0.0,0.0,0.0
120322>120392,884,884,CNTu,Canning Town,Jubilee // NB,884,CNTu,Canning Town,DLR (Stratford Int'l route) // OB,Alight-Interchange-Board,42.40109211000001,0.0,6.947909060000002,3.05878384,0.0,19.34669051200001,13.047708698,0.0,0.0,0.0,0.0,0.0,0.0,0.0,0.0,0.0,0.1090121,0.1090121,0.1090121,0.8035602400000001,0.8035602400000001,0.72505324,0.72505324,0.94657118,0.25202304,1.19777834,1.16727324,1.16727324,0.9457553,0.9457553,0.0,0.0,0.0,0.0,0.0,0.0,0.0,0.0,0.0,0.0,0.0,0.0,0.0,0.0,0.0,0.0,0.0,0.0,0.0,0.0,0.0,0.0,0.0,0.0,0.0,0.0,0.0,0.0,0.0,0.0,0.0,0.0,0.0,0.0,0.0,0.0,3.197123400000001,3.414004800000001,3.414004800000001,3.745976420000001,3.745976420000001,0.6620195600000001,0.44513816,0.527209286,0.195237666,0.217311382,0.104144842,1.152700242,1.798194076,2.537665756,2.51559204,2.51559204,1.46703664,0.7394716800000001,0.0,0.0,0.0,0.0,0.0,0.0,0.0,0.0,0.0,0.0,0.0,0.0,0.0,0.0,0.0,0.0,0.0,0.0,0.0
120322>120393,884,884,CNTu,Canning Town,Jubilee // NB,884,CNTu,Canning Town,DLR (Stratford Int'l route) // IB,Alight-Interchange-Board,45.56382743113001,0.0,4.634718642500001,15.59742114913,11.08561792408,12.61656598742,1.629503728,0.0,0.0,0.0,0.0,0.0,0.0,0.0,0.0,0.0,0.0,0.0,0.0,0.0,0.0026518805,0.0026518805,0.3067921205,0.9522458605000002,1.0268673005,1.0778568,1.2656528,1.0030364,0.4123326920000001,0.3391477585,0.4508052705,0.5250287305000001,0.6594940305000001,0.6097813953000001,0.9083342088000002,0.7442044115200002,0.8336495715200001,0.7303837315200001,0.8479884227200001,0.54823014982,0.8618321151,0.5591793571,0.7015829571,0.5790839336460001,0.7566957065459999,0.479579046546,0.7153238045460001,0.5852692365459999,0.6774410719999999,0.5003224133999999,0.5686947334,0.3227047134,0.6410996614,0.6220444913999998,1.03928141,0.962457056,1.228566956,1.057931256,1.106009858,0.7683632779999999,1.207441092,0.90414356594,1.22557458594,1.10475806666,1.12836128666,1.03339196666,1.76890207272,1.21463947272,1.3291983,1.32767149,1.32953701,0.6124900980000001,0.6642679080000001,0.5491872680000001,0.5541610480000001,0.178984668,0.34552382,0.322694126,0.322694126,0.215329436,0.215329436,0.02894811600000001,0.0,0.0,0.0,0.0,0.0,0.0,0.0,0.0,0.0,0.0,0.0,0.0,0.0,0.0,0.0,0.0,0.0,0.0,0.0,0.0,0.0
120323>120301,884,884,CNTu,Canning Town,Jubilee // SB,884,CNTu,Canning Town,EntEx,Alight-Exit,8513.668893612443,277.5317012,477.0166844,2250.6987982,2384.696676,1925.520412,1198.204621812444,14.507618,20.550127,32.29973020000001,37.6756992,48.1312496,42.5713404,44.622953,37.1729838,38.9052324,34.20339980000001,36.1722826,35.055109,40.168773,39.54153660000001,38.1798866,39.6523086,42.3036206,42.72007420000001,44.17260820000001,45.9418528,46.841144,47.9864832,48.2406116,49.8988146,51.72586740000001,53.82230160000001,55.27861640000001,60.6913144,65.8807334,75.40213759999999,85.41179100000002,94.193213,100.701667,108.286011,109.5925,110.138446,113.6137052,118.1034332,121.0520712,127.1202732,133.8778432,143.6046,157.062672,172.172548,184.21117,192.378438,195.246238,191.542752,191.385692,190.570764,195.513688,197.433022,204.24794,209.700204,216.204834,216.261934,214.347032,204.531408,189.40032,171.54464,159.327096,150.658572,144.483846,139.796734,141.106506,139.128606,136.143142,135.05251,135.154094,131.61786,127.765122,132.00562,128.126922,120.567934,123.499312,110.315258,80.643164,58.53858,39.18866,10.775644,0.0,0.0,0.0,0.0,0.0,0.0,0.0,0.0,0.0,0.00040497692,0.0008571935000000001,0.001021787012,0.001273887052,0.00138537946,0.00098040254,0.00052818596
120323>120390,884,884,CNTu,Canning Town,Jubilee // SB,884,CNTu,Canning Town,DLR (City routes) // OB,Alight-Interchange-Board,6092.589365461799,28.8749806718,545.93916796,1953.588035,1631.842138,1228.9716656,703.3733782299998,0.0239167444,0.0263484322,0.6966621722000002,1.1715015322,3.234501203,3.8981791678,7.74852388,12.07534754,22.79286618,30.02849198,42.720277,45.4585102,51.2185474,48.7094566,49.7840862,45.4069234,52.53735700000001,50.75776240000001,53.45132020000001,53.07356940000001,57.08390020000001,54.21505260000001,59.6939746,59.0232828,63.6590696,62.41508620000001,66.4751006,63.24279060000001,68.94868340000001,72.2799494,79.80736,84.58422200000003,92.04825,94.571038,96.295004,95.040112,95.19892,92.31768079999999,91.714892,89.520205,92.407353,97.79777299999999,109.7867022,115.461633,127.530104,131.568596,131.7065348,129.4418718,135.8505798,133.3970378,134.2296018,134.415723,137.386408,140.03993,148.390186,147.885565,148.302557,138.399433,124.6877162,108.1447062,103.2423452,94.2602812,91.0596572,88.06279800000002,85.39828800000002,83.3583792,82.07532320000001,81.9801812,85.5283282,84.42059300000003,81.6885618,85.4007018,83.14838459999999,76.51263159999998,73.3317974,57.745778966,38.319006966,25.268282166,11.995278166,0.014033566,0.0,0.0,0.0,0.0,0.0,0.0,0.0,0.0,0.0,0.0,0.0,0.0,0.0,0.0,0.0,0.0
120323>120391,884,884,CNTu,Canning Town,Jubilee // SB,884,CNTu,Canning Town,DLR (City routes) // IB,Alight-Interchange-Board,1315.291051748422,5.934113882079999,81.99534618,435.3574324000001,367.3792792,275.2370448,149.3878352863428,0.0006724405199999999,0.0006724405199999999,0.14950168052,0.36703856052,0.9873149999999999,1.10966012,1.44087886,1.87837478,2.5495873,3.88298982,5.177010500000001,6.300645100000001,6.625907079999998,7.02509068,6.29271168,6.444147920000002,6.943791180000002,7.93285244,10.19544544,12.62516704,13.5047982,14.954721,15.3268072,15.1810144,14.0786028,14.0571202,12.7415104,13.463809,13.6792978,16.0732218,18.49880060000001,20.7277466,21.2866964,21.3495856,19.85631100000001,18.6598872,18.2933744,18.8678274,19.0901282,19.8677416,20.722196,22.6366846,24.958386,27.481164,29.6258112,31.2335322,30.8072936,30.5408606,29.6874588,29.475985,28.2069946,28.6464984,28.9413126,31.9428908,33.7616322,34.5090092,33.3287458,31.7528974,27.4736326,23.8095542,22.14008560000001,21.6104736,20.387151,20.2691114,19.1715742,19.00674,17.79098920000001,18.4960898,18.597783,21.6173734,22.6383104,24.6713196,22.2281952,18.16911606,11.93168145679545,7.14937965726855,2.163000057268548,0.2216762572685485,1.9726854844e-07,4.7310844e-10,0.0,0.0,0.0,0.0,0.0,0.0,0.0,0.0,0.0,0.0,0.0,0.0,0.0,0.0,0.0,0.0
120323>120392,884,884,CNTu,Canning Town,Jubilee // SB,884,CNTu,Canning Town,DLR (Stratford Int'l route) // OB,Alight-Interchange-Board,2100.30566875,0.25131485,123.9792898,685.366966,633.0311442000001,434.9822224,222.6947315,0.05026297,0.05026297,0.05026297,0.05026297,0.05026297,0.0,0.0,0.0,2.6619257,4.628475900000002,5.923296400000001,6.624193900000002,10.5911857,9.551801800000002,11.693895,12.2207397,16.2157318,13.6744756,16.0414972,14.1520711,16.5379113,14.3459919,16.7843805,15.1345325,17.076939,15.3643454,17.1851466,16.2263252,19.0844594,19.5370626,25.3754428,27.53607400000001,34.42107660000001,35.469971,39.5366576,37.92362960000001,41.3182686,36.6711486,38.8067022,36.448055,39.27282039999999,36.86097720000001,44.8503778,43.59867020000001,50.72890380000001,48.7283752,54.81897960000001,48.66924880000001,54.93764280000001,48.75490880000001,54.59694,48.16246200000001,56.3369948,51.98185479999999,61.5412688,53.7735648,57.30774520000001,46.7093508,44.96105960000001,32.5443982,36.49831020000001,30.96134580000001,34.06173480000001,29.75038200000001,34.1301314,28.4218148,32.034971,27.6009786,34.1544586,28.5402726,30.148031,25.2300726,24.5499768,16.49226792,20.60800072,15.22564918,11.40891058,8.86361618,7.38364506,0.08983026,0.0,0.0,0.0,0.0,0.0,0.0,0.0,0.0,0.0,0.0,0.0,0.0,0.0,0.0,0.0,0.0
120323>120393,884,884,CNTu,Canning Town,Jubilee // SB,884,CNTu,Canning Town,DLR (Stratford Int'l route) // IB,Alight-Interchange-Board,649.4065105389469,3.894963864974001,64.7889224,105.99164668,117.21586882,146.35812806,211.156980713973,0.0006287141659999999,0.0006726727720000001,0.024082432772,0.1502793407720001,0.313579101886,0.473151486606,1.212547588,1.720022528,2.30717834,3.23146958,4.84886302,5.35567826,5.44894936,6.976895840000001,6.7494395,6.681629300000001,6.87847026,6.521242860000001,4.62353884,5.16556724,4.038805200000001,3.43924542,3.51335148,4.7418363,4.1107671,4.63901158,4.5862441,5.3460197,4.39785618,5.41919238,4.83440206,4.55696752,3.99475026,4.1443297,3.03190736,3.28401624,3.790145040000001,4.1256865,4.02646338,4.648069720000001,4.88874658,5.34923892,4.91992158,6.164672380000002,6.33098318,7.571957920000001,7.252329320000001,8.596189599999999,8.724824400000001,9.8145815,9.320139200000002,10.6610766,10.9976616,12.2215292,11.8347083,13.889888,13.0351644,15.0141072,12.72454188,14.94339308,12.78473858,13.79265838,10.7353547,12.45152762,9.438548100000002,10.5794094,9.13462592,11.7240588,10.2805266,13.30342352,11.43988812,18.549443,15.9674232,35.9453118,31.5456206547946,30.6060396547946,22.2868076547946,21.2324932547946,3.2547946e-06,0.0,0.0,0.0,0.0,0.0,0.0,0.0,0.0,0.0,0.0,0.0,0.0,0.0,0.0,0.0,0.0,0.0
120390>120301,884,884,CNTu,Canning Town,DLR (City routes) // OB,884,CNTu,Canning Town,EntEx,Alight-Exit,737.2052443841126,5.43434437,30.80548328,226.45198518,223.3921998,130.846,120.2752317541122,0.0,0.092826986,0.118196934,0.251847106,0.567521006,1.052925306,1.46569886,1.885328172,2.19261194,2.13197682,2.15688892,1.98294798,2.03132984,2.33234426,2.86921432,2.86101172,3.08728926,3.09834706,2.9446725,3.11684866,3.71349862,4.08845488,4.52672696,5.15409316,5.65936364,6.929670080000001,7.79389208,8.859671080000002,9.07419568,9.1005378,9.171954800000002,9.5518198,9.458407199999998,10.4995066,11.0329664,11.157275,11.141929,11.4563736,11.3100956,11.837116,11.65694,12.6419512,14.375226,16.26032,17.5310378,19.0963512,19.7778008,19.666187,19.0551538,18.4332288,18.6198084,18.7299506,18.9950384,18.271768,18.3230374,16.8928376,14.8419946,12.96202,12.044834,11.038934,10.2961518,10.4937058,10.2294782,10.4804372,10.2101406,9.7813272,9.340288,9.1266886,8.687773200000002,9.255607199999998,9.4253784,9.07379746,8.28579096,8.12965956,5.883202099999999,4.178713501422433,13.33505524142243,12.36623887082243,10.75173627082243,10.45031633082243,10.4503163294,0.0016463294,0.0,0.0,0.0,0.0,0.0,0.0,0.0,0.0,0.0,0.0,0.0,0.0,0.0,0.0
120390>120322,884,884,CNTu,Canning Town,DLR (City routes) // OB,884,CNTu,Canning Town,Jubilee // NB,Alight-Interchange-Board,1446.64743768867,18.74022426867,178.83048482,734.6306976000002,315.0357296000001,143.77461686,55.63568453999999,6.241134000000002e-06,0.7429760011340001,0.7442429977339999,0.9942782777339999,2.353598817734,3.3862332166,4.328557856600002,6.190330860000001,7.971424380000001,8.58096504,9.308764199999999,10.1568372,10.7931884,11.285886,12.858286,15.6948662,18.2723004,21.3118924,24.8156264,27.7804482,29.5192052,30.25599840000001,30.5413296,31.6611472,32.0675214,31.9588928,33.3383426,34.1514122,33.8528372,33.92299000000001,34.49609760000001,32.645648,32.8214614,32.0700336,31.088137,29.871991,29.543836,27.1975816,26.5324768,25.9894084,26.0076136,26.7167804,28.9341224,29.44583320000001,30.0068134,29.3316742,28.5492628,26.9438326,26.2117994,25.407994,25.332364,24.9552846,24.9704984,24.83448640000001,24.75938660000001,23.7323332,23.15085280000001,20.5126722,18.1203556,14.8354212,12.9292066,10.04044834,8.75030334,7.365081299999999,6.8899192,6.54589972,7.08490138,7.54955518,7.72792782,8.112803119999999,8.468598199999999,8.28511068,7.917063960000001,6.440293960000001,4.67579516,2.74574156,1.26235008,0.0,0.0,0.0,0.0,0.0,0.0,0.0,0.0,0.0,0.0,0.0,0.0,0.0,0.0,0.0,0.0,0.0,0.0,0.0
120390>120323,884,884,CNTu,Canning Town,DLR (City routes) // OB,884,CNTu,Canning Town,Jubilee // SB,Alight-Interchange-Board,1315.421276875,2.638394138,85.06127421199999,612.7328715,276.3876376000001,227.1416184,111.459481025,0.0,0.0,0.26349344,0.333049474,0.378162174,0.42822067,0.69398895,0.54147943,0.9263909359999999,1.508287576,2.45851628,3.22509672,6.4543758,7.01707258,7.43624444,10.26057504,10.73694462,9.18672142,12.1180941,13.7329547,12.5193049,14.2670114,16.8859132,16.9580556,20.7668998,21.6840336,23.535221,23.7425148,24.9521554,23.5080312,25.006691,24.693642,27.1308878,28.53974980000001,29.351614,30.415646,30.7620596,30.8760984,31.9719924,31.9579,31.041528,32.1101436,31.039584,29.016194,28.12229940000001,27.1718592,25.756967,25.435815,23.659096,22.2061022,20.7143918,19.5089906,17.7364362,20.1642958,21.9166954,23.994689,24.3930696,24.9181276,24.0807122,22.259991,24.3051524,25.36958760000001,21.46763296,17.57006496,15.62382616,10.14731016,7.664146360000001,9.3419974,13.1711328,16.2521286,16.2487712,19.2325492,17.6202945,12.5933317,8.063118725,6.687566125,1.134837125,0.4428834250000001,0.012867625,0.0,0.0,0.0,0.0,0.0,0.0,0.0,0.0,0.0,0.0,0.0,0.0,0.0,0.0,0.0,0.0,0.0
120390>120392,884,884,CNTu,Canning Town,DLR (City routes) // OB,884,CNTu,Canning Town,DLR (Stratford Int'l route) // OB,Alight-Interchange-Board,0.0,0.0,0.0,0.0,0.0,0.0,0.0,0.0,0.0,0.0,0.0,0.0,0.0,0.0,0.0,0.0,0.0,0.0,0.0,0.0,0.0,0.0,0.0,0.0,0.0,0.0,0.0,0.0,0.0,0.0,0.0,0.0,0.0,0.0,0.0,0.0,0.0,0.0,0.0,0.0,0.0,0.0,0.0,0.0,0.0,0.0,0.0,0.0,0.0,0.0,0.0,0.0,0.0,0.0,0.0,0.0,0.0,0.0,0.0,0.0,0.0,0.0,0.0,0.0,0.0,0.0,0.0,0.0,0.0,0.0,0.0,0.0,0.0,0.0,0.0,0.0,0.0,0.0,0.0,0.0,0.0,0.0,0.0,0.0,0.0,0.0,0.0,0.0,0.0,0.0,0.0,0.0,0.0,0.0,0.0,0.0,0.0,0.0,0.0,0.0,0.0,0.0,0.0
120390>120393,884,884,CNTu,Canning Town,DLR (City routes) // OB,884,CNTu,Canning Town,DLR (Stratford Int'l route) // IB,Alight-Interchange-Board,98.3327066388463,1.7056135749,13.12990655,41.294813648,20.66279531,15.8283015422,5.7112760137463,0.0004325155200000001,0.0004325155200000001,0.00116926338,0.00253147258,0.13795463258,0.38382925706,0.4387913130600001,0.7404726052000001,1.178187256,1.211010456,1.020138716,0.96517666,0.92528216,0.5760143900000001,0.6866502300000001,0.81864199,1.23542951,1.27512751,1.717787420000001,1.520460252,1.650091992,1.351546378,1.301126778,1.054360078,1.228306086,1.107163586,1.3684022,1.39180196,1.5458418,1.800032,2.12814528,1.86745355,1.73007445,1.52497095,1.38939637,1.41664989,1.75348678,1.794907232,2.199215892,2.285726432,2.171694832,1.964200572,2.92093326,2.3492853,2.46009426,2.201548174,2.223716294,1.179257854,1.578897154,1.233616174,1.45968638,1.40944414,1.77142702,1.53688688,1.8795279,1.72869308,1.7677658,1.43599547,1.40585773,1.00645135,0.951396964,1.285740704,1.588718594,1.538983474,1.557101022,1.3624135274,1.1302950074,0.7975818994,0.8805887393999999,0.6930813714,0.901459412,0.6793425059999999,0.8102327140000001,0.574700234,0.5771316728,0.36455573178926,0.22531739778926,0.00243255778926,0.00243255778926,1.11898926e-06,0.0,0.0,0.0,0.0,0.0,0.0,0.0,0.0,0.0,0.0,0.0,0.0,0.0,0.0,0.0,0.0
120391>120301,884,884,CNTu,Canning Town,DLR (City routes) // IB,884,CNTu,Canning Town,EntEx,Alight-Exit,626.80000133,5.46824301,63.52883972000001,301.4318632,140.2960631,84.7967562,31.2782361,0.0,0.04811970600000001,0.291433206,0.491345126,0.587384906,0.9000021460000001,1.30191368,1.84804424,2.46786518,2.96532392,3.31499368,3.56997728,3.95105442,4.87505756,5.48031354,6.2202982,6.882182360000002,7.65654396,7.30816096,8.83706866,9.9748128,11.7447904,11.825996,13.529141,13.7440774,14.6542928,14.6636074,15.7265772,14.8968174,15.1886754,14.9069154,13.7292578,12.555377,12.525905,11.2621346,10.7388192,10.5414606,11.0853916,10.8587178,10.9088306,10.4311198,11.7427622,11.971374,12.2250098,12.3837584,13.009675,11.6976232,11.1913944,11.1009671,11.5603889,10.6179063,11.2442837,10.5002163,12.0847106,12.0543376,12.8508016,11.94127972,11.90403444,9.38758624,8.34354764,6.64976164,6.58701392,6.002883540000001,5.92370654,4.83765884,4.784749580000002,4.00394962,4.43058448,3.86407228,4.49553298,4.20250782,4.16007058,3.54487028,3.15094756,2.71096688,2.1033443,1.5017081,0.8742252,0.66999012,0.0,0.0,0.0,0.0,0.0,0.0,0.0,0.0,0.0,0.0,0.0,0.0,0.0,0.0,0.0,0.0,0.0
120391>120322,884,884,CNTu,Canning Town,DLR (City routes) // IB,884,CNTu,Canning Town,Jubilee // NB,Alight-Interchange-Board,5358.96463479,87.00809279,838.5398894000001,2879.9061928,975.4513276,433.4818718,144.5772604,0.01654423,3.383719430000001,3.497356878000001,4.925070558000001,8.942140157999999,14.903241928,19.331597528,32.00842208,41.3504464,47.391544,51.409432,58.6467532,56.87965620000001,61.5505002,65.0337438,78.4591858,78.87513580000002,91.8459236,94.2520256,112.8455428,110.6434348,129.5798928,128.504402,146.416348,135.506886,144.67802,134.917615,148.481037,134.877218,145.652286,137.462536,138.477211,119.972577,120.189014,105.0323368,107.0984668,98.4757968,101.2494568,94.93020280000002,101.046086,93.45131200000002,101.375182,98.98386000000002,102.9050152,96.20355920000002,98.49893120000002,87.08701320000002,87.6847192,79.67407920000002,81.87691120000002,75.7031968,79.5652248,72.76687679999999,78.7892396,69.122902,68.4786744,58.15400840000001,55.34555520000001,43.89628520000001,42.5829482,36.4130946,35.86633579999999,31.067719,29.9195094,26.6750022,25.5069186,23.6895476,24.3649476,23.1511064,23.0352552,21.9190896,21.819642,19.1404176,14.9668664,10.8457834,7.1508482,2.5482516,0.0,0.0,0.0,0.0,0.0,0.0,0.0,0.0,0.0,0.0,0.0,0.0,0.0,0.0,0.0,0.0,0.0,0.0,0.0
120391>120323,884,884,CNTu,Canning Town,DLR (City routes) // IB,884,CNTu,Canning Town,Jubilee // SB,Alight-Interchange-Board,6972.96848387,17.01299217,423.8615329,3247.1588372,1882.376862,1121.7763322,280.7819274,0.02731018,0.050492472,0.081889474,0.448136954,0.8668115540000001,2.917239774,4.894133582,7.72697818,10.6429923,16.8449545,17.4990151,24.2715838,31.6355322,36.06786560000001,38.00894,46.1402422,43.93007340000001,45.613809,49.93696200000001,63.2695628,73.92124559999999,88.03291960000001,92.26679,101.902046,98.7060372,101.6728732,102.7560692,117.5835792,121.0841372,138.985422,142.102082,154.504834,150.43708,159.536364,147.4151528,154.8631828,148.1725148,152.8234348,144.2051208,159.55536,151.15749,166.717832,181.339556,197.417714,191.538786,201.649166,188.093818,176.891916,160.683364,155.029516,142.126314,138.2386332,124.7640542,134.5243822,126.2372622,142.5996502,139.309867,145.651596,121.7662916,122.2566636,93.46332559999999,89.87275759999999,78.42593959999999,82.84958800000003,68.377554,64.7959424,59.3392624,55.6675444,47.6967904,49.32704520000001,45.14055040000001,40.33430920000001,29.438669,25.1872924,18.17462892,14.51806732,6.07459652,4.24532872,0.6446493200000001,0.0,0.0,0.0,0.0,0.0,0.0,0.0,0.0,0.0,0.0,0.0,0.0,0.0,0.0,0.0,0.0,0.0
120391>120392,884,884,CNTu,Canning Town,DLR (City routes) // IB,884,CNTu,Canning Town,DLR (Stratford Int'l route) // OB,Alight-Interchange-Board,125.24201480793,0.7678079271200001,14.56713384028,48.03159258000001,29.49890372,19.469726986,12.90684975453,0.0,0.0,0.0,0.0,0.00140746068,0.01851033548,0.14395019548,0.6039399354800001,1.03222913548,1.6071097548,1.650791614,1.704059234,1.444985734,1.327305634,0.8039195940000001,0.96192074,0.90236698,0.9097714,0.76705875,1.45561527,1.83226497,2.05346655,2.022393582,2.701888832,2.406308632,2.067742812,1.852379262,2.25213329,1.548205762,1.558976002,1.535976702,2.009649992,2.058405732,2.36213452,2.01819098,2.01655874,1.87031818,1.6962144,1.40108212,2.03551962,2.01813476,2.07421654,2.07939866,2.56003194,2.22140958,2.5457963,2.27501126,2.54404266,2.01127526,2.322697,2.04915692,2.57514138,2.243348,2.72505096,2.72603878,3.25993562,2.73584652,2.56408484,2.29281494,1.96546156,1.33285847,1.29726981,1.19414309,1.39223221,1.049637202,1.259274672,1.123465306,1.262638366,0.8749174260000001,1.241601734,0.989997334,1.50109526,1.77556778,2.05211984,1.63445416,1.509482972106,0.930166492106,0.3973354921060001,5.5632106e-05,5.5632106e-05,0.0,0.0,0.0,0.0,0.0,0.0,0.0,0.0,0.0,0.0,0.0,0.0,0.0,0.0,0.0,0.0
120391>120393,884,884,CNTu,Canning Town,DLR (City routes) // IB,884,CNTu,Canning Town,DLR (Stratford Int'l route) // IB,Alight-Interchange-Board,108.333110511129,3.387487256329,22.77392165,40.86468608000001,20.69382476,11.029987426,9.583203338799999,0.0,2.8296102e-06,5.8264658e-06,0.0095802152658,0.0350089752658,0.6624667752658001,0.8378141856556001,1.8426084488,1.95343198,2.04275986,1.528481266,1.608652986,0.7275030459999999,0.9478795859999999,1.147845406,1.8953948,2.25867114,2.56920302,2.75391798,3.34018058,2.71661118,2.6583648,2.34233072,2.0273301,1.31407698,1.36510704,0.8991274560000001,1.147302256,1.040976076,1.419429936,1.270563316,1.7366071,1.57054204,1.99301274,1.53753254,1.9741021,1.6349725,1.74961344,1.32614898,1.70592398,1.43336248,1.60742998,1.94628946,2.44792888,2.1869996,2.22267632,2.06369778,1.74214898,1.3041911,1.44570508,1.3006787,1.61597022,1.41678052,1.87696832,1.67837102,1.83963712,1.305267668,1.411469228,1.008765768,1.165212608,1.026041168,1.2714234,1.03220506,0.8786001539999999,0.596181276,0.487277064,0.255985916,0.5915581160000001,0.977850682,1.125857992,1.06082939,1.757135878,1.50042759,1.117203144,0.9229271247600002,0.88339338296,0.15549826296,0.07663435096,0.00283639696,0.0026091442,0.0,0.0,0.0,0.0,0.0,0.0,0.0,0.0,0.0,0.0,0.0,0.0,0.0,0.0,0.0,0.0
120392>120301,884,884,CNTu,Canning Town,DLR (Stratford Int'l route) // OB,884,CNTu,Canning Town,EntEx,Alight-Exit,418.1937793013477,18.8215048,33.30852842,162.91000618,120.90307962,53.19786648000001,29.05279380134762,0.43019052,0.75620116,1.42452796,2.02846464,3.67257724,3.47388422,3.56666426,3.468994800000001,3.575578860000001,2.022221260000001,2.40084186,2.10992546,2.31985904,2.21426928,2.74242498,2.88288294,3.6089026,3.195674960000001,3.28045502,2.95549216,2.99529414,2.5323864,3.1801502,3.07664096,3.981473380000001,3.48101488,4.51956788,4.22260554,5.318463540000002,4.831082840000001,7.390144700000001,7.305253380000001,8.551876240000002,8.02337174,9.61343598,8.516892380000002,9.138811700000002,8.328148700000002,9.0567238,8.6381412,9.952539199999999,9.2178318,11.0557368,9.9824188,10.5361744,9.141148199999998,10.5406845,9.04848838,10.68917878,9.69606858,11.22756058,10.40653028,11.4393596,9.90925654,10.36961754,7.89901224,7.602956900000001,5.765387160000001,5.878090100000001,4.42723222,4.634607600000002,3.65229494,3.98030868,3.26363994,3.40565462,3.09448934,3.90271954,3.59048544,4.480299,4.22762206,4.45189886,3.28506724,3.42969762,2.72993966,2.46186382,1.608680634269524,1.487254200269524,0.6374547402695241,0.131965200269524,0.057673580269524,0.057673566,0.00570362,0.0,0.0,0.0,0.0,0.0,0.0,0.0,0.0,0.0,0.0,0.0,0.0,0.0,0.0
120392>120322,884,884,CNTu,Canning Town,DLR (Stratford Int'l route) // OB,884,CNTu,Canning Town,Jubilee // NB,Alight-Interchange-Board,266.7913446298388,3.33407475583886,73.92027841400001,68.58895368,30.18910440000001,60.76796972000001,29.99096366,1.14778492e-07,3.466704449200001e-05,3.479296177200001e-05,7.663196777200001e-05,0.03179444596777201,0.2604775711892801,1.36279953892328,1.678856993006,3.481973754,4.60573474,5.690033779999998,6.106115979999998,8.267512199999999,8.0053575,7.872276400000001,7.26792692,7.212349000000001,5.31856286,5.45437266,4.63806262,5.08360922,4.005215600000001,4.475486340000002,3.089770880000001,3.86059496,3.00158086,3.27108792,2.522376260000001,2.77126238,2.28734966,2.93675328,2.54185294,2.9324935,2.883645459999999,2.93147776,2.29762668,2.62224742,2.10293604,2.35727144,1.9943743,2.17412292,1.94431688,2.38009376,2.12140722,2.80110584,2.59302286,3.31617026,2.91775406,3.01565596,2.416864920000001,2.662964120000001,1.8015287,2.34405178,1.96199942,2.24293236,2.11505412,2.89054842,3.34895926,5.290542540000001,5.91650704,7.022377000000001,6.62923972,6.160233399999999,4.644878920000001,5.23458492,4.17715298,4.72692744,4.72601808,5.14737668,3.84909788,4.52396302,4.51440864,4.1828996,3.13267748,2.67551108,1.55160348,0.4134258,0.0,0.0,0.0,0.0,0.0,0.0,0.0,0.0,0.0,0.0,0.0,0.0,0.0,0.0,0.0,0.0,0.0,0.0,0.0
120392>120390,884,884,CNTu,Canning Town,DLR (Stratford Int'l route) // OB,884,CNTu,Canning Town,DLR (City routes) // OB,Alight-Interchange-Board,224.6408899121794,0.781426174,24.302771556,130.97400576,41.72918144,19.934331126,6.919173856179441,0.0,0.0,0.0,0.02405781,0.076509242,0.11527793,0.24037943,0.325201762,1.122560552,1.68639206,1.918449452,2.132526652,2.61040526,2.14369264,1.9980641,2.04072906,2.02641936,1.89121438,1.99409192,2.73822612,4.049846280000001,4.50949138,5.01732534,6.32310232,6.567203200000001,5.73577586,5.56841476,6.06066824,5.89544684,5.26989982,6.60780976,6.845067220000002,6.664620120000001,5.82698846,6.127387660000001,4.942711099999999,4.976369980000001,4.43831348,5.18907364,4.96663978,4.879819080000001,4.949844820000001,5.175881500000001,4.38630512,4.66870632,4.132532980000001,3.6602545,3.28970644,3.52470592,2.64471952,3.088862680000001,3.33040248,3.75123606,3.23035908,3.28467518,3.12302028,2.96444616,2.22038198,2.22978426,2.030753648,1.569129822,1.378779002,1.698008742,1.299513078,1.24619023,1.169209728,1.177627548,0.9505069279999999,1.070600618,1.08573787,1.167685798,1.002445178,0.8346435520000001,0.6678315260000001,0.5370091522038881,0.3872540922038881,0.165709512435888,6.419843588800001e-05,6.419843588800001e-05,6.408023199999999e-05,6.408023199999999e-05,0.0,0.0,0.0,0.0,0.0,0.0,0.0,0.0,0.0,0.0,0.0,0.0,0.0,0.0,0.0
120392>120391,884,884,CNTu,Canning Town,DLR (Stratford Int'l route) // OB,884,CNTu,Canning Town,DLR (City routes) // IB,Alight-Interchange-Board,185.6348627990438,3.171093591,18.909396518763,85.39405616,40.18039274000001,22.315322236,15.6646015532807,0.0,0.0,0.005270846200000001,0.005270846200000001,0.5718078461999999,0.5718078461999999,0.9506809862,1.06625522,1.56095408,0.9944210637526,1.1230809317526,0.7780469197526001,1.0336995797526,0.7345692597526,1.001521796,1.506466268,1.86836312,2.24973214,2.69958734,3.35895402,3.4096676,3.88797542,4.11461212,3.69663656,3.48875904,3.29738722,3.34198946,2.72095928,3.3236829,3.356615,3.82934102,3.41465024,3.74446236,3.11920336,3.17247904,3.13443678,3.84302592,3.92042876,4.29404122,4.06555856,3.950059820000001,3.35778438,3.45809042,3.45220968,4.41704116,4.46502814,4.701044280000001,4.34892546,4.21818234,3.16020522,3.08001072,2.47750752,2.29379736,2.44250094,2.31048794,2.26566166,2.75787396,2.69233686,2.487369500000001,2.40907368,1.711593372000001,1.416079832,1.522466512,1.473334932,1.295260826,1.428712854,1.325691634,1.795528274,1.974364994,2.15264278,2.177322392,2.320597552,2.119447832,1.645063444,1.37214363762694,1.17639498562694,0.68566133585614,0.04095953585614,1.16385614e-06,9.502292e-07,9.502292e-07,0.0,0.0,0.0,0.0,0.0,0.0,0.0,0.0,0.0,0.0,0.0,0.0,0.0,0.0,0.0
120393>120301,884,884,CNTu,Canning Town,DLR (Stratford Int'l route) // IB,884,CNTu,Canning Town,EntEx,Alight-Exit,180.3304319400001,1.43300638,24.04070778000001,83.31493184000003,34.33135488000001,20.04409918,17.16633188,0.0,0.039821488,0.039821488,0.039821488,0.039821488,0.235246868,0.39760702,0.6408665400000001,0.92331456,1.36932004,1.3923221,1.58187962,1.53727518,2.23169136,2.11811614,2.45124066,2.45355666,3.00858386,2.3187323,2.6546753,2.62915794,3.33544048,3.000664120000001,3.54535408,3.45734786,4.408759460000002,3.92856996,4.684955380000001,4.25896638,4.593933740000002,3.64823422,3.830772420000001,3.07305678,3.33402838,2.907044040000001,3.29506168,2.91457562,3.41867666,3.16588726,3.3886683,2.91504584,3.377168500000001,2.85432434,3.3492384,3.1916728,3.59410794,3.09392322,3.352206299999999,2.84580294,3.05829424,2.5932005,2.87995756,2.53763746,2.63589838,2.21218182,2.33647172,1.93150452,2.13873846,1.76369722,1.84221688,1.50323996,1.74359072,1.36768528,1.55611312,1.45326928,1.71358462,1.43787226,1.59258686,1.50093022,1.40938718,1.1276501,1.286507,1.2143398,1.95364102,2.37013728,2.22276278,1.83333934,1.60466788,0.64296928,0.0,0.0,0.0,0.0,0.0,0.0,0.0,0.0,0.0,0.0,0.0,0.0,0.0,0.0,0.0,0.0,0.0
120393>120322,884,884,CNTu,Canning Town,DLR (Stratford Int'l route) // IB,884,CNTu,Canning Town,Jubilee // NB,Alight-Interchange-Board,1737.00955624,6.675005616,203.683930024,1002.127676,348.3392728,138.43456984,37.74910196,0.0,0.0,0.0,0.0,0.0,2.2149808,2.230012408,2.230012408,3.894572008,7.637458408,7.306898208000001,11.8762092,13.9216644,16.7448668,16.4596556,20.3920498,19.959764,26.18625620000001,26.7494258,32.5551096,32.540101,40.57502820000001,38.39463480000001,46.6324552,43.1071584,50.7101954,45.578362,52.21090080000001,44.49051420000001,51.83106679999999,44.784651,48.02288840000001,40.41141200000001,44.9290742,36.925604,41.3535966,36.15636660000001,40.82333540000001,35.8778992,39.6900806,33.8137666,39.6390506,35.27857539999999,38.3509586,33.9770772,35.80616519999999,28.3307308,31.12808680000001,26.1353866,29.42307720000001,26.4632964,30.8898748,26.00863260000001,29.2179648,24.7253806,26.2335998,20.6274358,20.5231652,15.7939308,14.8288576,10.8630832,10.508959,8.401773,8.319553599999999,6.97158228,7.595195880000001,6.947300480000001,7.053733,6.17147932,6.25841656,5.128563359999998,5.470919759999999,4.829729239999999,4.09383012,3.0113864,2.195768,0.5890092,0.0,0.0,0.0,0.0,0.0,0.0,0.0,0.0,0.0,0.0,0.0,0.0,0.0,0.0,0.0,0.0,0.0,0.0,0.0
120393>120323,884,884,CNTu,Canning Town,DLR (Stratford Int'l route) // IB,884,CNTu,Canning Town,Jubilee // SB,Alight-Interchange-Board,2.3861257,0.0,0.73086476,0.0,0.0,1.503782364,0.1514785760000001,0.0,0.0,0.0,0.0,0.0,0.0,0.0,0.0,0.0,0.0,0.0,0.0,0.0,0.146172952,0.146172952,0.146172952,0.146172952,0.146172952,0.0,0.0,0.0,0.0,0.0,0.0,0.0,0.0,0.0,0.0,0.0,0.0,0.0,0.0,0.0,0.0,0.0,0.0,0.0,0.0,0.0,0.0,0.0,0.0,0.0,0.0,0.0,0.0,0.0,0.0,0.0,0.0,0.0,0.0,0.0,0.0,0.0,0.0,0.0,0.0,0.0,0.0,0.0,0.0,0.0,0.2553129,0.2553129,0.331052188,0.331052188,0.331052188,0.07573928800000003,0.07573928800000003,0.0,0.0,0.0,0.0,0.0,0.0,0.0,0.0,0.0,0.0,0.0,0.0,0.0,0.0,0.0,0.0,0.0,0.0,0.0,0.0,0.0,0.0,0.0,0.0,0.0,0.0
120393>120390,884,884,CNTu,Canning Town,DLR (Stratford Int'l route) // IB,884,CNTu,Canning Town,DLR (City routes) // OB,Alight-Interchange-Board,104.4142074,0.3095919880000001,11.823639402,57.01138119,19.29617484,11.338468212,4.634951768,0.0,0.0,0.0,0.0,0.0,0.0,0.06117294400000001,0.2484190440000001,0.5936644240000001,0.6949288240000001,0.8720620240000001,0.99664782,0.8546907780000002,0.6466910780000001,0.58654297,0.81940647,0.736445,1.055389562,1.819073082,2.14809737,1.97030243,2.32985762,1.985881096,1.625461596,1.635610116,2.463109956,2.383838076,3.077795920000001,3.157910380000001,3.63410888,3.022944540000001,3.216119040000001,2.8358067,2.70049934,1.955203140000001,2.0117278,1.623422472,1.775346552,1.732631432,2.273774632,2.081334012,2.57132014,2.3745247,2.57285062,2.25275854,2.29149258,1.734448868,1.693645628,1.321592728,1.520953268,1.320408276,1.410858688,1.394786588,1.567997828,1.234374828,1.55285702,1.440065404,1.532935784,1.278158776,1.291092216,0.920497276,0.891803472,0.6731562,0.6863501080000001,0.6198632079999999,0.7094742759999999,0.6814107,0.613660792,0.5298451120000001,0.537745,0.456232292,0.486925968,0.6717059879999999,0.6501149760000001,0.497788488,0.390992528,0.318505268,0.095096148,0.0,0.0,0.0,0.0,0.0,0.0,0.0,0.0,0.0,0.0,0.0,0.0,0.0,0.0,0.0,0.0,0.0,0.0
120393>120391,884,884,CNTu,Canning Town,DLR (Stratford Int'l route) // IB,884,CNTu,Canning Town,DLR (City routes) // IB,Alight-Interchange-Board,0.0,0.0,0.0,0.0,0.0,0.0,0.0,0.0,0.0,0.0,0.0,0.0,0.0,0.0,0.0,0.0,0.0,0.0,0.0,0.0,0.0,0.0,0.0,0.0,0.0,0.0,0.0,0.0,0.0,0.0,0.0,0.0,0.0,0.0,0.0,0.0,0.0,0.0,0.0,0.0,0.0,0.0,0.0,0.0,0.0,0.0,0.0,0.0,0.0,0.0,0.0,0.0,0.0,0.0,0.0,0.0,0.0,0.0,0.0,0.0,0.0,0.0,0.0,0.0,0.0,0.0,0.0,0.0,0.0,0.0,0.0,0.0,0.0,0.0,0.0,0.0,0.0,0.0,0.0,0.0,0.0,0.0,0.0,0.0,0.0,0.0,0.0,0.0,0.0,0.0,0.0,0.0,0.0,0.0,0.0,0.0,0.0,0.0,0.0,0.0,0.0,0.0,0.0
231180>231022,723,1451,SOHr,South Hampstead,LO Lioness // NB,723,SWCu,Swiss Cottage,Jubilee // NB,Alight-Exit-Interchange-Enter-Board,0.9426370441922552,5.769132e-05,0.001913614396,0.6419760892340001,0.07615990037,0.2224547885252,7.4960347055e-05,0.0,0.0,0.0,0.0,0.0,1.2806942e-05,1.2806942e-05,3.2077436e-05,3.2077436e-05,5.788445200000001e-05,4.507751e-05,8.286028399999999e-05,6.358979e-05,0.000116746534,9.0939518e-05,0.000161727968,0.000189844718,0.000268309438,0.000328351704,0.000476205044,0.0005952956140000001,0.0007850774099999999,0.00107482733,0.00148825026,0.00221254102,0.0032932886,0.00515159728,0.004783382639999999,0.0147338987,0.0338332286,0.078766648,0.076652658,0.103836464,0.102633074,0.08843607640000001,0.0422320304,0.0439292444,0.0175964664,0.0090087886,0.0032343122,0.00355469164,0.00205149842,0.00138940976,0.0007033395599999999,0.0008077504140000001,0.000553266714,0.000423678288,0.000234738948,0.014888116148,0.014812987528,0.014775882688,0.014711450334,0.014731290548,9.212006e-05,7.87048e-05,4.99139e-05,6.1026678e-05,4.897742999999999e-05,0.04446490071800002,0.04444903374400001,0.04445541916800001,0.04444863737800001,0.04444580913459999,1.56791346e-05,2.03041462e-05,1.68870246e-05,1.533625680000001e-05,1.27777124e-05,1.50195656e-05,1.23542008e-05,1.11815392e-05,9.9861218e-06,9.2854492e-06,7.046418250999999e-06,5.086771450999998e-06,3.291130651e-06,1.706327851e-06,2.822251e-09,0.0,0.0,0.0,0.0,0.0,0.0,0.0,0.0,0.0,0.0,0.0,0.0,0.0,0.0,0.0,0.0,0.0,0.0
231180>231023,723,1451,SOHr,South Hampstead,LO Lioness // NB,723,SWCu,Swiss Cottage,Jubilee // SB,Alight-Exit-Interchange-Enter-Board,4.595746487176998,0.038422603336,0.233379052604,4.24115947448,0.077983587226,0.001267167257,0.003534602274,0.0,0.0,0.0,0.0,0.0,0.012785464,0.012785464,0.012851675336,0.012851675336,0.012902561392,0.000117097392,0.000246205464,0.000179994128,0.00037526494,0.000324378884,0.000554534184,0.0006969414320000001,0.000983450212,0.00118698462,0.20295996462,0.20352313048,0.20415422716,0.46528357838,0.46671298416,0.26828016816,0.2724909322,0.2798334978,0.0184176378,0.0497631228,0.1096665508,0.2449019856,0.236656808,0.326042156,0.323830122,0.280285424,0.140045904,0.161325452,0.07484866000000001,0.0462499834,0.0265510894,0.02771464768,0.00713229562,0.004906051220000001,0.00254306582,0.00291387716,0.00198448986,0.00151690904,0.0008345974400000003,0.0009923326600000002,0.0007265836099999999,0.01395191663,0.01372230151,0.013799544682,0.013696416142,0.013652061246,0.000192557246,0.000233670764,0.000185210038,0.00016172271,0.000101015316,0.000125372206,0.000100507468,9.0377158e-05,5.9257806e-05,6.879626120000001e-05,5.41405466e-05,4.795347160000001e-05,3.91435116e-05,4.737053800000001e-05,4.59277476e-05,4.301324280000001e-05,0.0006858114977999999,0.0006872215298000001,0.0006789945034000001,0.0006708988386000001,0.0006641121680000001,1.1252208e-05,0.0,0.0,0.0,0.0,0.0,0.0,0.0,0.0,0.0,0.0,0.0,0.0,0.0,0.0,0.0,0.0,0.0,0.0,0.0
231181>231022,723,1451,SOHr,South Hampstead,LO Lioness // SB,723,SWCu,Swiss Cottage,Jubilee // NB,Alight-Exit-Interchange-Enter-Board,10.187641794857,0.0,0.36470501194,3.62867267336,1.8683983564,1.9058830798484,2.419982673308601,0.0,0.0,0.0,0.0,0.0,0.0,0.0,0.0,0.009330881999999999,0.02873495,0.02873495,0.03588990860000001,0.03588990860000001,0.0548793746,0.03547530660000001,0.04207487820000001,0.0349199196,0.0368344383,0.0108536073,0.01108688814,0.01626037614,0.03028177134000001,0.03358157463999999,0.38299647764,0.4235864248,0.4302619812,0.416240586,0.423270998,0.08747976880000001,0.05592989080000001,0.03748127480000001,0.0632110708,0.0605773414,0.1068330666,0.0975597166,0.1161169894,0.1444909794,0.1755443788,0.1133254628,0.1224132794,0.108925736,0.071474404,0.03081,0.080019124,0.0893573314,0.09471201859999999,0.0780595646,0.1017955046,0.0668547146,0.0583435346,0.047919118,0.227146718,0.249926464,0.273974472,0.264059628,0.316249288,0.187060668,0.170317204,0.132000862,0.207669842,0.15548156341168,0.12247787941168,0.09270565741167999,0.09515408441168,0.02759542201168,0.02759507773,0.06155350973000001,0.6262713097300001,0.6238237111664001,0.6157140402215001,0.6157136215163801,0.56472058599892,3.579489720000001e-06,2.75105332e-06,2.10439822e-06,1.48597334e-06,7.934908000000002e-07,0.0,0.0,0.0,0.0,0.0,0.0,0.0,0.0,0.0,0.0,0.0,0.0,0.0,0.0,0.0,0.0,0.0,0.0,0.0
231181>231023,723,1451,SOHr,South Hampstead,LO Lioness // SB,723,SWCu,Swiss Cottage,Jubilee // SB,Alight-Exit-Interchange-Enter-Board,139.698301306,0.0,35.80864351,35.50678873799999,29.72247247600001,27.65149780200001,11.00889878,0.0,0.0,0.0,0.0,0.0,0.0,0.0,0.0,5.094311599999999,6.3810725,6.3810725,6.556194400000001,6.556194400000001,1.50934619,0.22258529,0.33658987,0.16146797,0.26384495,0.30608872,2.03987512,1.975240742,2.112791012,3.297175432,4.069560952,2.597020632,2.569725976,2.432175706,1.161528304,0.696181444,0.4585026820000001,0.4364271360000001,0.5437934240000001,1.834115306,1.543821594,1.520254276,1.54865845,1.650726002,0.6309432620000001,0.524491154,0.6451837140000001,1.03315504,0.8960354859999999,0.6093823460000001,0.7198986660000001,2.607613706,2.486284726,2.41397044,2.57325908,5.11965096,3.32671304,3.03166652,3.18470388,3.16381402,0.7359315000000001,0.5204618200000001,0.5584027840000001,4.004279424,4.794759524,4.565733843999999,4.658760684000001,4.680780513999999,1.139619528,0.2107406480000001,0.2372662580000001,0.226952986,0.1731612,0.308557096,2.650886096,2.679120926,2.681028598,2.726302816,2.5353458932,0.1930168932,0.1382564532,0.0536352132,0.0021919872,0.0,0.0,0.0,0.0,0.0,0.0,0.0,0.0,0.0,0.0,0.0,0.0,0.0,0.0,0.0,0.0,0.0,0.0,0.0,0.0
50371>30120,1475,1475,MYBr,Marylebone NR,NR Chiltern // UP,511,BSTu,Baker Street,H&C and Circle // EB,Alight-Exit-Interchange-Enter-Board,11.715046692371,0.0,2.548770784,5.405713135868999,2.2405427809916,0.5889449475104,0.931075044,0.0,0.0,0.0,0.0,0.0,0.0,0.0,0.0,0.0,0.0,0.0,0.07197287599999999,0.07197287599999999,0.07197287599999999,0.334228416,0.334228416,0.317033806,0.317033806,0.646291626,0.3840360860000001,0.3840360860000001,0.32925782,0.43363484,0.10437702,0.124529734,0.124529734,0.260379066,0.156002046,0.1974227,0.177269986,0.232047936,0.09619860400000001,0.197641504,0.15622085,0.31648347,0.26170552,0.309948566,0.208505666,0.364440006,0.204177386,0.214470654,0.166227608,0.271064168,0.115142165869,0.163297521869,0.153004253869,0.224844533869,0.120007973869,0.22184437,0.17369574945,0.26562272945,0.19378244945,0.26191361545,0.1600695582052,0.1971935027552,0.1052665227552,0.1122045787552,0.0440734127552,0.060661574,0.023530894,0.03712908,0.030191024,0.0360329016,0.0194400636,0.0680794636,0.0544812776,0.0544812776,0.0486394,0.0545971688,0.0059577688,0.0059577688,0.0059577688,0.0059577688,0.17052936,0.17052936,0.17052936,0.17052936,0.17052936,0.0,0.0,0.0,0.0,0.0,0.0,0.0,0.0,0.0,0.0,0.0,0.0,0.0,0.0,0.0,0.0,0.0,0.0
50371>30121,1475,1475,MYBr,Marylebone NR,NR Chiltern // UP,511,BSTu,Baker Street,H&C and Circle // WB,Alight-Exit-Interchange-Enter-Board,4.957372212851202,0.0,1.1657661276646,2.46054888086043,1.09105558640452,0.1568674795384,0.08313413838325,0.0,0.0,0.0,0.0,0.0,0.0,0.0,0.0,0.0,0.0,0.0,0.07479961,0.07479961,0.07479961,0.07480325403739999,0.1253298540374,0.1059400440374,0.1928446240374,0.1928481947762,0.2496013267388001,0.19907476751089,0.1761843715108901,0.08928527870049001,0.18829916796169,0.13154420716959,0.1315441663975,0.1135452683975,0.1522340172079,0.0532195806865,0.0532177654786,0.0635245768786,0.1678082628786,0.1291190925244,0.1291160690458,0.1291606714018,0.1481151960018,0.0293245912546,0.0293195256088,0.0377999604088,0.08313477405280001,0.05387421752532001,0.05386063027252001,0.05453031439252001,0.06371240759251999,0.01833508470052,0.018334305228,0.027006053228,0.125415799108,0.1077616054104,0.1077595123024,0.1143862159024,0.1850069559024,0.08601489128239999,0.08600655698000001,0.09531459498,0.11971401138,0.040481355616,0.04039399023600002,0.04097731449600001,0.031669276496,0.0007961573239999999,0.000736325088,0.00083228321,0.00024895895,0.000271854348,0.00018116903,0.0001873764332,9.14183112e-05,0.000108360572,0.016658082174,0.0165976597682,0.016591452365,0.0165935386669,0.01657665569033,4.03869033e-06,2.14558613e-06,2.14558613e-06,5.928423000000001e-08,0.0,0.0,0.0,0.0,0.0,0.0,0.0,0.0,0.0,0.0,0.0,0.0,0.0,0.0,0.0,0.0,0.0,0.0
50371>30122,1475,1475,MYBr,Marylebone NR,NR Chiltern // UP,511,BSTu,Baker Street,Jubilee // NB,Alight-Exit-Interchange-Enter-Board,0.08983025649837999,0.0,0.0037976636,0.03920590368,0.019704209967,0.027121924957652,5.54293728e-07,0.0,0.0,0.0,0.0,0.0,0.0,0.0,0.0,0.0,0.0,0.0,0.0,0.0,0.0,0.000690029,0.000690029,0.000690029,0.000690029,0.0008637883,0.0001737593,0.0001737593,0.0001737593,0.00023226502,5.850572000000001e-05,5.850572000000001e-05,5.850572000000001e-05,9.3856396e-05,3.5350676e-05,3.5350676e-05,3.5350676e-05,0.001375595076,0.0013402444,0.0013402444,0.0013402444,0.0031750986,0.0018348542,0.0018348542,0.0018348542,0.0036772642,0.00184241,0.00184241,0.00184241,0.0084063104,0.0065639004,0.0065639004,0.0065639004,0.0065639004,0.0,0.0,0.0,2.5017534e-06,2.5017534e-06,2.5017534e-06,2.5017534e-06,2.5017534e-06,0.0,0.0,0.0,0.005424353200000001,0.005424353200000001,0.005424353200000001,0.005424353200000001,0.005424353200000001,0.0,0.0,0.0,7.9478826e-08,7.9478826e-08,7.9478826e-08,7.9478826e-08,1.42650276e-07,6.317145000000001e-08,6.317145000000001e-08,6.317145000000001e-08,6.317145000000001e-08,0.0,0.0,0.0,0.0,0.0,0.0,0.0,0.0,0.0,0.0,0.0,0.0,0.0,0.0,0.0,0.0,0.0,0.0,0.0,0.0,0.0
50371>30123,1475,1475,MYBr,Marylebone NR,NR Chiltern // UP,511,BSTu,Baker Street,Jubilee // SB,Alight-Exit-Interchange-Enter-Board,25.30244016622999,0.0,6.103326082,13.730058356,3.8308868158,1.439400842392,0.198768070038,0.0,0.0,0.0,0.0,0.0,0.0,0.0,0.0,0.0,0.0,0.0,0.59577532,0.59577532,0.59577532,0.81871614,1.01817357,0.4778272860000001,0.6047014860000001,0.65055963,0.74602201,0.5563760940000001,0.7345784980000001,0.6245566880000001,1.106261504,0.82406488,0.8142533659999999,0.6202569459999999,0.8881239959999998,0.496640316,0.46043374,0.5824427000000001,0.90165522,0.8024240200000001,0.66634474,0.6710454779999999,0.6583369579999999,0.3487053600000001,0.16321712,0.187296248,0.3985614300000001,0.2958490750000001,0.2466331330000001,0.272482807,0.4095180390000001,0.221425253,0.277708774,0.301815232,0.401647538,0.286479812,0.317859238,0.269355512,0.393850122,0.323108092,0.354216198,0.2957443274,0.3876767174,0.2416277014000001,0.2128858934000001,0.13655835214,0.13577766274,0.05103588674000002,0.14194445474,0.12197597554,0.1212487768,0.121396128,0.116002238,0.022588717846,0.016359055046,0.040116051046,0.049176347846,0.033098304074,0.033051204228,0.03323004226,0.00947304626,0.00026539826,0.000178838032,0.000178838032,0.0,0.0,0.0,0.0,0.0,0.0,0.0,0.0,0.0,0.0,0.0,0.0,0.0,0.0,0.0,0.0,0.0,0.0,0.0
50371>30124,1475,1475,MYBr,Marylebone NR,NR Chiltern // UP,511,BSTu,Baker Street,Metropolitan // NB,Alight-Exit-Interchange-Enter-Board,0.559423664910362,0.0,0.05974412066,0.105669310625,0.134247817296,0.2597151890108001,4.722731856200001e-05,0.0,0.0,0.0,0.0,0.0,0.0,0.0,0.0,0.0,0.0,0.0,0.00079213372,0.00079213372,0.00079213372,0.007588621120000002,0.007588621120000002,0.006813720165000001,0.006813720165000001,0.017679762165,0.010883274765,0.010936071169,0.010918838404,0.012277040004,0.001410998004,0.001567181672,0.001514385268,0.002552341008,0.001194139408,0.002036672108,0.00188048844,0.00340579924,0.0023678435,0.00265380646,0.00181127376,0.00225018776,0.00072487696,0.00487851696,0.004592554,0.0047194061,0.0042804921,0.0087708701,0.0046172301,0.0072175751,0.007090723,0.029134255,0.024643877,0.0260013584,0.0234010134,0.023554691846,0.001511159846,0.00164317176,0.00028569036,0.000312787034,0.000159108588,0.001866357988,0.001734346074,0.001749422584000001,0.001722325910000001,0.0017330201888,2.57707888e-05,0.0500492187888,0.05003414227880001,0.05089412667880001,0.0508834324,0.0508862636936,0.0008628156936000001,0.0008673172028000001,7.332802800000001e-06,9.1651454e-06,6.333851800000002e-06,8.284996400000003e-06,3.7834872e-06,6.173832000000002e-06,4.3459568724e-06,4.3459568724e-06,2.3948122724e-06,2.3948122724e-06,4.4674724e-09,0.0,0.0,0.0,0.0,0.0,0.0,0.0,0.0,0.0,0.0,0.0,0.0,0.0,0.0,0.0,0.0,0.0,0.0
50371>30125,1475,1475,MYBr,Marylebone NR,NR Chiltern // UP,511,BSTu,Baker Street,Metropolitan // SB,Alight-Exit-Interchange-Enter-Board,0.21145795105342,0.0,8.199490455999998e-06,0.206479818144164,0.003409868777800001,0.0003257217644,0.0012343428766,0.0,0.0,0.0,0.0,0.0,0.0,0.0,0.0,0.0,0.0,0.0,0.0,0.0,0.0,1.565273e-06,1.565273e-06,1.658554364e-06,1.658554364e-06,1.658554364e-06,9.3281364e-08,0.036729077281364,0.036728984,0.036728984,0.036728984,0.03672922249944,2.3849944e-07,9.016988239999997e-06,9.016988239999997e-06,9.433465839999997e-06,9.194966400000001e-06,0.004235040166399999,0.004226261677600001,0.00422707851608,0.00422666203848,0.004297006758479999,7.116155848e-05,7.297325887999999e-05,7.21564204e-05,0.0003108652004,0.0002405204804,0.0002454387702,0.0002436270698,0.0002837911598,4.50823798e-05,6.39293418e-05,5.9011052e-05,0.000229442804,0.000189278714,0.000339335526,0.000320488564,0.000540553224,0.000370121472,0.000477586252,0.00032752944,0.000356328524,0.000136263864,0.000151648776,4.4183996e-05,4.72904334e-05,1.84913494e-05,2.2733857e-05,7.348945e-06,9.008757199999998e-06,5.9023198e-06,8.3751664e-06,4.1326588e-06,4.1326588e-06,2.4728466e-06,2.57414926e-05,2.3268646e-05,0.000246374006,0.000246374006,0.000246374006,0.00022310536,0.00022310536,0.0,0.0,0.0,0.0,0.0,0.0,0.0,0.0,0.0,0.0,0.0,0.0,0.0,0.0,0.0,0.0,0.0,0.0,0.0,0.0,0.0
30701>30714,524,524,BDSu,Bond Street,Bond Street // EntEx,524,BDSu,Bond Street,Bond Street // Central // EB,Enter-Board,7125.718650944942,35.72033464,193.6722864,2880.7476478,2849.436974,887.3233126,278.818095504942,1.0104927,1.17626682,2.32748922,2.68368408,3.8293593,4.82814512,8.893870399999999,10.971027,12.2592196,12.7801142,13.1002082,10.8701402,9.766013800000001,9.4503582,12.8744178,18.53258760000001,20.6918648,22.5698442,25.0868628,25.690655,24.638494,27.8719694,33.55809179999999,39.84811180000001,48.04721000000001,55.12788840000001,61.99477640000001,71.656406,82.78362000000001,93.8052,106.270638,121.310432,130.80498,141.99533,148.864928,154.219812,162.863762,169.50618,176.59148,185.84571,196.89704,208.45935,216.880128,220.90611,218.497614,226.214742,223.094932,225.43529,225.067544,232.54909,243.363074,272.2317880000001,272.964362,262.041044,242.88573,205.091764,146.758808,115.223746,96.798978,82.82058320000002,71.90887059999999,65.83796099999999,59.81440960000001,55.1230164,51.0019332,47.82624879999999,47.2443584,46.96439940000001,46.33537460000001,46.66037540000001,42.54829720000001,39.9539872,36.9612236,27.8897616,18.4907588,13.825288,6.149324,0.0,0.0,0.0,0.0,0.0,0.0,0.0,0.0,0.0,0.0,9.532968e-05,0.00020796652,0.00024674467,0.00031197703,0.000377995344,0.000609893144,0.0006659957379999999,0.000627217588,0.0005619852279999999
30701>30715,524,524,BDSu,Bond Street,Bond Street // EntEx,524,BDSu,Bond Street,Bond Street // Central // WB,Enter-Board,2224.689118834815,12.4053010856,43.0087857474,827.4829706400001,873.4230282000001,334.6877844,133.6812487618148,0.282342544,0.400948084,1.285789884,2.194017452,2.0949389394,2.0955452474,2.1578382674,1.8938806674,1.4787588274,2.02640372,2.47224158,3.01349124,2.79175742,2.91584596,3.3635141,3.802093640000001,3.976292420000001,4.9392725,5.614302240000002,6.614812100000001,7.604375900000001,8.6786671,10.29477744,12.5261402,15.0869804,17.53998,19.6691888,21.83871640000001,24.1618778,28.3292474,29.907211,32.6836274,35.92414700000001,38.28893960000001,38.66634579999999,42.1414952,44.38404060000001,46.0706806,51.0791966,53.34518720000001,56.51067340000001,62.1466696,65.5293206,65.0754846,67.2781566,67.3546,67.295787,69.886774,71.082872,71.470213,76.95161300000002,82.10635900000003,82.02633300000002,79.4104542,75.18505820000001,63.3748082,50.4416002,40.43295620000001,34.7630918,30.4940306,28.4948282,26.1191502,24.3953066,21.948625,20.1956952,19.747601,19.0105148,18.6443846,18.5981864,18.088615,16.1866196,16.1610232,15.4478124,15.785639,12.5815104,10.4880804,6.708911000000001,3.5521996,0.0,0.0,0.0,0.0,0.0,0.0,0.0,0.0,0.0,0.0,5.04047e-08,8.595989000000001e-08,8.595989000000001e-08,1.18202958e-07,0.005182384402958,0.025823035998258,0.025823000443068,0.025823000443068
30701>30722,524,524,BDSu,Bond Street,Bond Street // EntEx,524,BDSu,Bond Street,Bond Street // Jubilee // NB,Enter-Board,3646.773712371245,20.85653864,50.82057690000001,1261.275134,1543.603493,575.4851946,194.732775231244,1.22237928,2.16844848,2.88732948,3.173291540000001,2.9651886,3.11769726,2.74545524,2.57674876,2.70518674,2.85831162,2.95694214,2.99721628,3.11290404,2.7624337,3.4516004,4.566782900000001,4.90045858,5.8198109,6.8193224,7.869607200000001,8.693941400000002,9.997219,10.8740364,12.8482738,14.0333288,15.3318668,17.9309008,23.0123108,28.7745014,35.45872679999999,43.9612102,52.7280756,59.22428960000001,63.299211,68.35537159999998,71.87295400000001,72.88870120000001,75.13897320000002,79.7954832,85.63635020000002,88.7615802,101.040683,107.837085,113.78006,117.300168,123.2790528,121.7762828,124.3552428,123.617453,125.589892,136.6060092,142.8001392,144.4647691999999,140.932058,132.304838,110.577588,89.6521934,72.5568494,61.63655840000001,53.18096880000001,45.81919680000001,42.88258940000001,40.55087280000001,38.4214492,34.6443068,33.5944374,32.3468598,30.1989124,28.5527634,29.6749238,26.929442,25.420981,22.9522514,21.981774,15.3342116,12.3788348,7.393711400000001,4.107529,0.0,0.0,0.0,0.0,0.0,0.0,0.0,0.0,0.0,0.00032867474,0.0005396699,0.0008244381599999999,0.000934569954,0.001112488774,0.00085924841,0.0008111365400000001,0.00052636828,0.000416236486
30701>30723,524,524,BDSu,Bond Street,Bond Street // EntEx,524,BDSu,Bond Street,Bond Street // Jubilee // SB,Enter-Board,7979.453051666118,91.26570989999999,194.867675,3133.0870056,3067.563214000001,1070.2863006,422.38314656612,2.9912704,9.5248634,10.94938552,11.30470642,14.61695452,16.30704232,12.51039472,13.0610926,12.887236,10.483932,9.702272,9.652239999999999,10.088558,11.2417116,13.6956752,17.5968874,19.39744880000001,23.2245972,26.7512002,30.1459166,32.6750892,38.0748244,43.43911000000001,50.542886,57.59883200000001,61.5934712,66.1722172,74.8224172,83.11105320000001,96.08042319999998,111.73882,124.00491,138.230416,150.410962,158.150916,166.004584,178.474794,179.757838,188.408228,196.383704,209.455046,231.871962,244.863294,251.221208,257.32048,252.976928,244.735546,248.216098,249.029092,249.856984,276.42801,285.4813360000001,281.930118,267.180936,250.499324,203.908362,162.4696472,129.6384032,115.6670812,97.8367492,87.53847720000002,80.10481200000002,76.9580426,68.7913666,65.83526859999999,62.396213,62.43114620000001,60.6190936,58.7529516,58.38747660000001,54.0341616,52.17508839999999,48.0723124,50.06113680000001,37.6441218,31.1544864,19.4198904,12.6303444,0.0,0.0,0.0,0.0,0.0,0.0,0.0,0.0,0.0,0.0002015575,0.0003306091,0.00050386893,0.0005705445359999999,0.0007903896559999997,0.011522931756,0.012556486636,0.012383226806,0.0123165512
30701>30787,524,524,BDSu,Bond Street,Bond Street // EntEx,524,BDSu,Bond Street,Bond Street // Elizabeth Line // EB,Enter-Board,8990.819355399997,0.0,165.0285109,2885.3185618,3802.384986,1727.4124342,410.6748625000001,0.0,0.0,0.0,0.0,0.0,0.0,0.0,0.0,0.4346117400000001,2.61831954,5.884372540000001,9.38556074,12.33262974,14.4178746,15.8995804,19.9610802,18.68687700000001,20.2689512,21.6694978,23.4691554,19.9365444,24.6787214,28.197461,37.72787380000001,43.55033460000001,51.4650218,56.5345164,64.64426160000001,74.56682660000001,86.74794659999999,100.9950536,114.927659,127.414485,131.60514,140.172236,148.9787600000001,159.269784,166.145088,179.865668,190.041178,204.90269,225.309624,245.803258,261.83843,271.289912,276.313908,283.456284,286.097298,287.937074,299.63493,333.568046,357.508294,378.746778,370.865234,353.9921780000001,302.97505,245.345682,198.200372,174.091902,155.281952,139.310254,130.735156,120.917272,116.529528,108.95198,110.364017,112.88545,114.7988692,125.5502612,105.4502192,82.44512420000002,58.3763132,33.533198,0.0,0.6017433200000001,1.06394934,1.06394934,1.06394934,1.06394934,0.46220602,0.0,0.0,0.0,0.0,0.0,0.0,0.0,0.0,0.0,0.0,0.0,0.0,0.0,0.0,0.0,0.0
30701>30788,524,524,BDSu,Bond Street,Bond Street // EntEx,524,BDSu,Bond Street,Bond Street // Elizabeth Line // WB,Enter-Board,2919.61724186,0.70362186,84.74293128000002,937.1916189200001,1280.0489654,534.8189534,82.11115099999999,0.0,0.0,0.0,0.0,0.0,0.0,0.0,0.70362186,0.900654312,2.100607192,3.695018592,5.274996192000001,6.246000532,7.644240620000001,8.96290574,9.50379314,9.45076284,10.35230124,10.20702984,10.40462104,10.36977384,12.09491454,12.24808394,15.5660554,16.3463122,18.7963546,20.0307816,23.7376656,24.056195,29.5256202,31.9675036,38.1065418,38.3257558,42.7129552,42.5924628,47.2042664,47.97592720000001,52.45216920000001,53.86418320000001,57.10552300000001,59.25805280000001,73.72249880000003,79.67919880000002,89.4528234,94.0525388,102.7434172,96.9232702,103.9357482,103.5711222,111.6663042,117.754215,122.942284,117.440218,116.95852,104.3783588,87.68296880000003,73.69474420000002,64.6364992,52.55732560000001,50.2392934,46.21404020000001,42.0883968,39.18602780000001,39.575214,33.8671054,33.5737178,30.3868192,28.7997698,23.4654372,22.6817956,15.1603264,11.231511,6.180388400000001,3.3916924,0.0,0.0,0.0,0.0,0.0,0.0,0.0,0.0,0.0,0.0,0.0,0.0,0.0,0.0,0.0,0.0,0.0,0.0,0.0,0.0,0.0,0.0
30714>30510,524,524,BDSu,Bond Street,Bond Street // Central // EB,669,OXCu,Oxford Circus,Oxford Circus // Bakerloo // NB,Alight-Exit-Interchange-Enter-Board,0.0,0.0,0.0,0.0,0.0,0.0,0.0,0.0,0.0,0.0,0.0,0.0,0.0,0.0,0.0,0.0,0.0,0.0,0.0,0.0,0.0,0.0,0.0,0.0,0.0,0.0,0.0,0.0,0.0,0.0,0.0,0.0,0.0,0.0,0.0,0.0,0.0,0.0,0.0,0.0,0.0,0.0,0.0,0.0,0.0,0.0,0.0,0.0,0.0,0.0,0.0,0.0,0.0,0.0,0.0,0.0,0.0,0.0,0.0,0.0,0.0,0.0,0.0,0.0,0.0,0.0,0.0,0.0,0.0,0.0,0.0,0.0,0.0,0.0,0.0,0.0,0.0,0.0,0.0,0.0,0.0,0.0,0.0,0.0,0.0,0.0,0.0,0.0,0.0,0.0,0.0,0.0,0.0,0.0,0.0,0.0,0.0,0.0,0.0,0.0,0.0,0.0,0.0
30714>30511,524,524,BDSu,Bond Street,Bond Street // Central // EB,669,OXCu,Oxford Circus,Oxford Circus // Bakerloo // SB,Alight-Exit-Interchange-Enter-Board,0.0,0.0,0.0,0.0,0.0,0.0,0.0,0.0,0.0,0.0,0.0,0.0,0.0,0.0,0.0,0.0,0.0,0.0,0.0,0.0,0.0,0.0,0.0,0.0,0.0,0.0,0.0,0.0,0.0,0.0,0.0,0.0,0.0,0.0,0.0,0.0,0.0,0.0,0.0,0.0,0.0,0.0,0.0,0.0,0.0,0.0,0.0,0.0,0.0,0.0,0.0,0.0,0.0,0.0,0.0,0.0,0.0,0.0,0.0,0.0,0.0,0.0,0.0,0.0,0.0,0.0,0.0,0.0,0.0,0.0,0.0,0.0,0.0,0.0,0.0,0.0,0.0,0.0,0.0,0.0,0.0,0.0,0.0,0.0,0.0,0.0,0.0,0.0,0.0,0.0,0.0,0.0,0.0,0.0,0.0,0.0,0.0,0.0,0.0,0.0,0.0,0.0,0.0
30714>30514,524,524,BDSu,Bond Street,Bond Street // Central // EB,669,OXCu,Oxford Circus,Oxford Circus // Central // EB,Alight-Exit-Interchange-Enter-Board,0.0,0.0,0.0,0.0,0.0,0.0,0.0,0.0,0.0,0.0,0.0,0.0,0.0,0.0,0.0,0.0,0.0,0.0,0.0,0.0,0.0,0.0,0.0,0.0,0.0,0.0,0.0,0.0,0.0,0.0,0.0,0.0,0.0,0.0,0.0,0.0,0.0,0.0,0.0,0.0,0.0,0.0,0.0,0.0,0.0,0.0,0.0,0.0,0.0,0.0,0.0,0.0,0.0,0.0,0.0,0.0,0.0,0.0,0.0,0.0,0.0,0.0,0.0,0.0,0.0,0.0,0.0,0.0,0.0,0.0,0.0,0.0,0.0,0.0,0.0,0.0,0.0,0.0,0.0,0.0,0.0,0.0,0.0,0.0,0.0,0.0,0.0,0.0,0.0,0.0,0.0,0.0,0.0,0.0,0.0,0.0,0.0,0.0,0.0,0.0,0.0,0.0,0.0
30714>30515,524,524,BDSu,Bond Street,Bond Street // Central // EB,669,OXCu,Oxford Circus,Oxford Circus // Central // WB,Alight-Exit-Interchange-Enter-Board,0.0,0.0,0.0,0.0,0.0,0.0,0.0,0.0,0.0,0.0,0.0,0.0,0.0,0.0,0.0,0.0,0.0,0.0,0.0,0.0,0.0,0.0,0.0,0.0,0.0,0.0,0.0,0.0,0.0,0.0,0.0,0.0,0.0,0.0,0.0,0.0,0.0,0.0,0.0,0.0,0.0,0.0,0.0,0.0,0.0,0.0,0.0,0.0,0.0,0.0,0.0,0.0,0.0,0.0,0.0,0.0,0.0,0.0,0.0,0.0,0.0,0.0,0.0,0.0,0.0,0.0,0.0,0.0,0.0,0.0,0.0,0.0,0.0,0.0,0.0,0.0,0.0,0.0,0.0,0.0,0.0,0.0,0.0,0.0,0.0,0.0,0.0,0.0,0.0,0.0,0.0,0.0,0.0,0.0,0.0,0.0,0.0,0.0,0.0,0.0,0.0,0.0,0.0
30714>30532,524,524,BDSu,Bond Street,Bond Street // Central // EB,669,OXCu,Oxford Circus,Oxford Circus // Victoria // NB,Alight-Exit-Interchange-Enter-Board,0.0,0.0,0.0,0.0,0.0,0.0,0.0,0.0,0.0,0.0,0.0,0.0,0.0,0.0,0.0,0.0,0.0,0.0,0.0,0.0,0.0,0.0,0.0,0.0,0.0,0.0,0.0,0.0,0.0,0.0,0.0,0.0,0.0,0.0,0.0,0.0,0.0,0.0,0.0,0.0,0.0,0.0,0.0,0.0,0.0,0.0,0.0,0.0,0.0,0.0,0.0,0.0,0.0,0.0,0.0,0.0,0.0,0.0,0.0,0.0,0.0,0.0,0.0,0.0,0.0,0.0,0.0,0.0,0.0,0.0,0.0,0.0,0.0,0.0,0.0,0.0,0.0,0.0,0.0,0.0,0.0,0.0,0.0,0.0,0.0,0.0,0.0,0.0,0.0,0.0,0.0,0.0,0.0,0.0,0.0,0.0,0.0,0.0,0.0,0.0,0.0,0.0,0.0
30714>30533,524,524,BDSu,Bond Street,Bond Street // Central // EB,669,OXCu,Oxford Circus,Oxford Circus // Victoria // SB,Alight-Exit-Interchange-Enter-Board,0.0,0.0,0.0,0.0,0.0,0.0,0.0,0.0,0.0,0.0,0.0,0.0,0.0,0.0,0.0,0.0,0.0,0.0,0.0,0.0,0.0,0.0,0.0,0.0,0.0,0.0,0.0,0.0,0.0,0.0,0.0,0.0,0.0,0.0,0.0,0.0,0.0,0.0,0.0,0.0,0.0,0.0,0.0,0.0,0.0,0.0,0.0,0.0,0.0,0.0,0.0,0.0,0.0,0.0,0.0,0.0,0.0,0.0,0.0,0.0,0.0,0.0,0.0,0.0,0.0,0.0,0.0,0.0,0.0,0.0,0.0,0.0,0.0,0.0,0.0,0.0,0.0,0.0,0.0,0.0,0.0,0.0,0.0,0.0,0.0,0.0,0.0,0.0,0.0,0.0,0.0,0.0,0.0,0.0,0.0,0.0,0.0,0.0,0.0,0.0,0.0,0.0,0.0
30714>30701,524,524,BDSu,Bond Street,Bond Street // Central // EB,524,BDSu,Bond Street,Bond Street // EntEx,Alight-Exit,2616.844180644697,25.345563144,314.6598929,1599.8978006,507.4619744000001,143.92565408,25.55329552069625,0.275304566,0.8393638659999999,1.049693346,2.278793346,3.73042346,4.33947344,4.4537108,8.37880032,10.52409952,15.48864032,18.40745166,22.817357,22.021454,23.879928,21.943098,24.8973326,26.8800966,37.6617966,41.0852566,49.053382,53.304811,62.645287,60.194579,65.6010498,69.0062884,71.56411000000001,72.413726,73.911353,74.194162,72.691113,77.02753580000002,71.5547064,74.1119594,72.11509740000002,69.7305316,65.3242488,65.94472760000001,63.9204276,61.88073420000001,62.4625022,59.6275942,60.3640948,59.5426958,60.76446559999999,58.12412140000001,57.43985300000001,52.69904020000001,48.0210136,46.06774280000001,43.1233252,39.7465416,37.9053812,35.69246879999999,31.41798540000001,30.0125198,27.21198140000001,24.034688,21.286294,18.3554318,15.1468098,13.5662282,11.9591408,9.87085608,8.37323528,6.89959928,5.549090880000001,4.51821462,4.36606534,4.351715220000001,4.288112679999998,4.28873712,4.204723120000001,3.342937352,2.482697272,1.627276012,0.8020999720000002,0.138136232,0.0,0.0,0.0,0.0,0.0,0.0,0.0,0.0,0.0,0.0,0.0,2.515993e-07,4.29105052e-07,4.29105052e-07,5.87764192e-07,7.37283012e-07,0.008952820283711999,0.008952642777959999,0.008952642777959999
30714>30715,524,524,BDSu,Bond Street,Bond Street // Central // EB,524,BDSu,Bond Street,Bond Street // Central // WB,Alight-Interchange-Board,0.0,0.0,0.0,0.0,0.0,0.0,0.0,0.0,0.0,0.0,0.0,0.0,0.0,0.0,0.0,0.0,0.0,0.0,0.0,0.0,0.0,0.0,0.0,0.0,0.0,0.0,0.0,0.0,0.0,0.0,0.0,0.0,0.0,0.0,0.0,0.0,0.0,0.0,0.0,0.0,0.0,0.0,0.0,0.0,0.0,0.0,0.0,0.0,0.0,0.0,0.0,0.0,0.0,0.0,0.0,0.0,0.0,0.0,0.0,0.0,0.0,0.0,0.0,0.0,0.0,0.0,0.0,0.0,0.0,0.0,0.0,0.0,0.0,0.0,0.0,0.0,0.0,0.0,0.0,0.0,0.0,0.0,0.0,0.0,0.0,0.0,0.0,0.0,0.0,0.0,0.0,0.0,0.0,0.0,0.0,0.0,0.0,0.0,0.0,0.0,0.0,0.0,0.0
30714>30722,524,524,BDSu,Bond Street,Bond Street // Central // EB,524,BDSu,Bond Street,Bond Street // Jubilee // NB,Alight-Interchange-Board,1681.724030966929,14.67466177,138.65029996,631.1863079999998,529.4589762,269.7766428,97.97714223692952,0.290174634,1.051646834,1.341195854,1.872234334,2.166928254,2.44787056,1.88936326,3.61524804,4.971816759999999,6.1102679,8.036802900000001,10.083319,9.720400199999998,10.1737622,10.8524328,12.520942,12.7396436,16.4829706,17.3622658,19.5956762,19.4366728,22.1678418,20.4906812,21.6286104,21.3022752,21.2308618,20.1274494,21.2775268,22.7213512,24.465619,26.9951278,29.0622112,30.80251,29.6083126,27.9133922,27.4925816,28.0221906,26.828761,27.7431904,30.132537,30.677687,31.3805014,33.27974380000001,36.3986718,37.47461300000001,40.38325260000001,41.71267060000001,44.0441976,44.6259284,45.9157576,45.7635954,47.7907082,47.426944,46.0579092,45.4651208,42.79827880000001,37.3600598,33.2688424,30.3388358,26.5073346,23.774212,22.051907,18.7988384,17.5674846,15.5235772,14.676931,13.9235073,15.9851127,14.8250241,15.4656043,15.6471459,15.0430018,13.0231988,10.4907738,7.285816199999999,4.214034600000002,1.9801496,0.0,0.0,0.0,0.0,0.0,0.0,0.0,0.0,0.0,0.0,0.0,1.2110674e-07,2.0665396e-07,2.0665396e-07,2.84673496e-07,3.582140039999999e-07,0.0007973769072640003,0.0007972913600440001,0.0007972913600440001
30714>30723,524,524,BDSu,Bond Street,Bond Street // Central // EB,524,BDSu,Bond Street,Bond Street // Jubilee // SB,Alight-Interchange-Board,4621.990424772031,95.09350975000001,517.18793324,2145.4175306,1022.068558,578.218036,264.0048571820273,1.56027081,7.307966410000001,7.963160170000003,12.10815812,14.75111236,16.51113696,11.86975364,23.02195128,24.81602428,30.05022728,33.45503848,39.8609122,33.4997118,38.3436636,34.56545560000001,44.68179,44.761174,57.852697,60.37936180000001,74.92187720000003,74.7065772,92.3461712,86.95847320000001,95.049754,95.343098,95.60213279999999,87.5201468,89.62813680000001,87.2782388,83.10214880000002,90.123972,90.336911,98.201635,96.196017,95.40870300000002,94.6612618,89.14517880000002,84.66055759999999,81.11925360000002,84.99374560000003,77.5651188,87.3040288,90.580448,97.585822,93.66936199999999,95.09081,87.99295599999998,81.53932879999999,78.66907280000002,77.71522680000002,76.890286,80.2114052,88.18684240000002,85.53074640000001,89.5801084,86.9924132,81.91363659999999,68.7263686,61.28883560000001,53.57867080000001,48.77781760000001,44.46471200000001,39.60241920000001,39.8766162,36.22641300000001,35.4122216,31.872234,36.4780908,33.39606939999999,37.0842614,40.24693300000001,43.41239160000001,37.2637292,32.4720006,22.5903426,11.8857696,3.8439716,0.0,0.0,0.0,0.0,0.0,0.0,0.0,0.0,0.0,0.0,0.0,3.7549296e-06,6.251655200000002e-06,6.363205452000002e-06,0.027444917205452,0.050141301205452,0.5772635662758521,0.5772610695502521,0.577260958
30714>30787,524,524,BDSu,Bond Street,Bond Street // Central // EB,524,BDSu,Bond Street,Bond Street // Elizabeth Line // EB,Alight-Interchange-Board,289.5715101000001,0.0,12.2746725,86.51673992,129.08943688,32.30913760000001,29.3815232,0.0,0.0,0.0,0.0,0.0,0.0,0.0,0.0,0.0,0.0,0.0,0.0,0.0,0.0,2.4549345,2.4549345,2.4549345,2.4549345,2.4549345,0.0,0.40669604,0.40669604,0.40669604,0.40669604,1.2974289,0.89073286,0.89073286,3.18749306,6.13290406,5.833503439999999,6.81615444,6.81615444,4.64434796,1.86628518,2.98325374,2.00060274,2.35812558,2.23317186,4.483319440000002,5.24527604,6.15909154,6.007104940000001,8.730884240000002,6.313388440000002,6.006904840000002,7.18964534,9.5044765,9.3600916,13.102297,13.4146082,14.0577546,17.137945,14.5585506,10.8163452,8.340260200000001,5.600557800000002,0.0,0.0,0.0,0.0,3.492050600000001,4.813372860000001,5.028184160000001,5.028184160000001,5.028184160000001,1.53613356,3.7989197,3.5841084,7.309947999999999,7.309947999999999,7.309947999999999,3.725839600000001,3.725839600000001,0.0,0.0,0.0,0.0,0.0,0.0,0.0,0.0,0.0,0.0,0.0,0.0,0.0,0.0,0.0,0.0,0.0,0.0,0.0,0.0,0.0,0.0,0.0
30714>30788,524,524,BDSu,Bond Street,Bond Street // Central // EB,524,BDSu,Bond Street,Bond Street // Elizabeth Line // WB,Alight-Interchange-Board,291.7924994818,0.03475123,5.4095347018,104.54874956,113.9860669,63.25516778,4.55822931,0.0,0.0,0.0,0.0,0.0,0.0,0.0,0.03475123,0.03495424436,0.18250243036,0.25162421436,0.32011595436,0.4279132243600001,0.4554446740000001,0.3612521480000001,0.428006584,0.570158324,0.561520024,0.7088650400000001,1.10717784,1.2364714,1.26723968,1.32816972,1.36386532,1.1405712,1.63096836,1.96369094,2.2284731,2.52866342,3.41611168,3.19752236,5.06783282,5.582408820000001,5.824514160000001,5.53849006,6.49126312,4.600055380000001,4.7546691,5.10964328,5.821658380000001,5.8367208,8.48567914,9.38166222,10.7524051,10.4254911,10.46780906,8.48799812,9.58882592,8.63519672,9.53634422,10.21170896,10.3282738,8.6139472,9.6732608,9.6119059,8.405305100000001,9.701689000000002,9.39767886,7.566523300000001,6.451748500000001,5.847688099999999,3.87923298,3.43276462,3.70038958,3.10608916,3.81011026,3.4457444,2.91550902,1.914589366,1.659157278,0.5433015780000001,0.240789358,0.110206838,0.09018489200000003,0.0,0.0,0.0,0.0,0.0,0.0,0.0,0.0,0.0,0.0,0.0,0.0,0.0,0.0,0.0,0.0,0.0,0.0,0.0,0.0,0.0,0.0
30715>30510,524,524,BDSu,Bond Street,Bond Street // Central // WB,669,OXCu,Oxford Circus,Oxford Circus // Bakerloo // NB,Alight-Exit-Interchange-Enter-Board,0.0,0.0,0.0,0.0,0.0,0.0,0.0,0.0,0.0,0.0,0.0,0.0,0.0,0.0,0.0,0.0,0.0,0.0,0.0,0.0,0.0,0.0,0.0,0.0,0.0,0.0,0.0,0.0,0.0,0.0,0.0,0.0,0.0,0.0,0.0,0.0,0.0,0.0,0.0,0.0,0.0,0.0,0.0,0.0,0.0,0.0,0.0,0.0,0.0,0.0,0.0,0.0,0.0,0.0,0.0,0.0,0.0,0.0,0.0,0.0,0.0,0.0,0.0,0.0,0.0,0.0,0.0,0.0,0.0,0.0,0.0,0.0,0.0,0.0,0.0,0.0,0.0,0.0,0.0,0.0,0.0,0.0,0.0,0.0,0.0,0.0,0.0,0.0,0.0,0.0,0.0,0.0,0.0,0.0,0.0,0.0,0.0,0.0,0.0,0.0,0.0,0.0,0.0
30715>30511,524,524,BDSu,Bond Street,Bond Street // Central // WB,669,OXCu,Oxford Circus,Oxford Circus // Bakerloo // SB,Alight-Exit-Interchange-Enter-Board,0.0,0.0,0.0,0.0,0.0,0.0,0.0,0.0,0.0,0.0,0.0,0.0,0.0,0.0,0.0,0.0,0.0,0.0,0.0,0.0,0.0,0.0,0.0,0.0,0.0,0.0,0.0,0.0,0.0,0.0,0.0,0.0,0.0,0.0,0.0,0.0,0.0,0.0,0.0,0.0,0.0,0.0,0.0,0.0,0.0,0.0,0.0,0.0,0.0,0.0,0.0,0.0,0.0,0.0,0.0,0.0,0.0,0.0,0.0,0.0,0.0,0.0,0.0,0.0,0.0,0.0,0.0,0.0,0.0,0.0,0.0,0.0,0.0,0.0,0.0,0.0,0.0,0.0,0.0,0.0,0.0,0.0,0.0,0.0,0.0,0.0,0.0,0.0,0.0,0.0,0.0,0.0,0.0,0.0,0.0,0.0,0.0,0.0,0.0,0.0,0.0,0.0,0.0
30715>30514,524,524,BDSu,Bond Street,Bond Street // Central // WB,669,OXCu,Oxford Circus,Oxford Circus // Central // EB,Alight-Exit-Interchange-Enter-Board,0.0,0.0,0.0,0.0,0.0,0.0,0.0,0.0,0.0,0.0,0.0,0.0,0.0,0.0,0.0,0.0,0.0,0.0,0.0,0.0,0.0,0.0,0.0,0.0,0.0,0.0,0.0,0.0,0.0,0.0,0.0,0.0,0.0,0.0,0.0,0.0,0.0,0.0,0.0,0.0,0.0,0.0,0.0,0.0,0.0,0.0,0.0,0.0,0.0,0.0,0.0,0.0,0.0,0.0,0.0,0.0,0.0,0.0,0.0,0.0,0.0,0.0,0.0,0.0,0.0,0.0,0.0,0.0,0.0,0.0,0.0,0.0,0.0,0.0,0.0,0.0,0.0,0.0,0.0,0.0,0.0,0.0,0.0,0.0,0.0,0.0,0.0,0.0,0.0,0.0,0.0,0.0,0.0,0.0,0.0,0.0,0.0,0.0,0.0,0.0,0.0,0.0,0.0
30715>30515,524,524,BDSu,Bond Street,Bond Street // Central // WB,669,OXCu,Oxford Circus,Oxford Circus // Central // WB,Alight-Exit-Interchange-Enter-Board,0.0,0.0,0.0,0.0,0.0,0.0,0.0,0.0,0.0,0.0,0.0,0.0,0.0,0.0,0.0,0.0,0.0,0.0,0.0,0.0,0.0,0.0,0.0,0.0,0.0,0.0,0.0,0.0,0.0,0.0,0.0,0.0,0.0,0.0,0.0,0.0,0.0,0.0,0.0,0.0,0.0,0.0,0.0,0.0,0.0,0.0,0.0,0.0,0.0,0.0,0.0,0.0,0.0,0.0,0.0,0.0,0.0,0.0,0.0,0.0,0.0,0.0,0.0,0.0,0.0,0.0,0.0,0.0,0.0,0.0,0.0,0.0,0.0,0.0,0.0,0.0,0.0,0.0,0.0,0.0,0.0,0.0,0.0,0.0,0.0,0.0,0.0,0.0,0.0,0.0,0.0,0.0,0.0,0.0,0.0,0.0,0.0,0.0,0.0,0.0,0.0,0.0,0.0
30715>30532,524,524,BDSu,Bond Street,Bond Street // Central // WB,669,OXCu,Oxford Circus,Oxford Circus // Victoria // NB,Alight-Exit-Interchange-Enter-Board,0.0,0.0,0.0,0.0,0.0,0.0,0.0,0.0,0.0,0.0,0.0,0.0,0.0,0.0,0.0,0.0,0.0,0.0,0.0,0.0,0.0,0.0,0.0,0.0,0.0,0.0,0.0,0.0,0.0,0.0,0.0,0.0,0.0,0.0,0.0,0.0,0.0,0.0,0.0,0.0,0.0,0.0,0.0,0.0,0.0,0.0,0.0,0.0,0.0,0.0,0.0,0.0,0.0,0.0,0.0,0.0,0.0,0.0,0.0,0.0,0.0,0.0,0.0,0.0,0.0,0.0,0.0,0.0,0.0,0.0,0.0,0.0,0.0,0.0,0.0,0.0,0.0,0.0,0.0,0.0,0.0,0.0,0.0,0.0,0.0,0.0,0.0,0.0,0.0,0.0,0.0,0.0,0.0,0.0,0.0,0.0,0.0,0.0,0.0,0.0,0.0,0.0,0.0
30715>30533,524,524,BDSu,Bond Street,Bond Street // Central // WB,669,OXCu,Oxford Circus,Oxford Circus // Victoria // SB,Alight-Exit-Interchange-Enter-Board,0.0,0.0,0.0,0.0,0.0,0.0,0.0,0.0,0.0,0.0,0.0,0.0,0.0,0.0,0.0,0.0,0.0,0.0,0.0,0.0,0.0,0.0,0.0,0.0,0.0,0.0,0.0,0.0,0.0,0.0,0.0,0.0,0.0,0.0,0.0,0.0,0.0,0.0,0.0,0.0,0.0,0.0,0.0,0.0,0.0,0.0,0.0,0.0,0.0,0.0,0.0,0.0,0.0,0.0,0.0,0.0,0.0,0.0,0.0,0.0,0.0,0.0,0.0,0.0,0.0,0.0,0.0,0.0,0.0,0.0,0.0,0.0,0.0,0.0,0.0,0.0,0.0,0.0,0.0,0.0,0.0,0.0,0.0,0.0,0.0,0.0,0.0,0.0,0.0,0.0,0.0,0.0,0.0,0.0,0.0,0.0,0.0,0.0,0.0,0.0,0.0,0.0,0.0
30715>30701,524,524,BDSu,Bond Street,Bond Street // Central // WB,524,BDSu,Bond Street,Bond Street // EntEx,Alight-Exit,7773.089673750691,127.232276892,959.1521398,4652.8771032,1468.139722,467.4804958000001,98.2079360586933,1.091239918,2.089631258,5.438805658,7.261792858,18.11380246,25.87037194,32.8777466,34.4888862,46.04102579999999,50.6793952,56.519249,61.654463,69.2862198,72.6380958,70.38915379999999,74.74180580000002,86.33497500000001,113.5540162,121.4693142,135.8444262,152.5221432,159.427072,156.83886,170.768998,194.92747,203.221546,220.3500560000001,220.548704,231.49288,217.90225,215.470478,211.753476,213.242692,204.244506,205.22377,203.33159,194.327854,193.053848,185.7741,185.314188,178.381924,177.72342,179.498158,177.53712,172.656642,168.870346,161.99246,147.985846,139.449138,125.822476,115.454564,104.770778,93.669616,85.552864,78.42444400000002,73.490548,67.0191192,62.88172220000001,55.1277672,49.83808320000001,43.97006,38.89206280000001,32.8087798,30.3205844,26.3148904,22.859287,18.89122780000001,18.5569118,16.636624,15.4259416,14.4149848,13.7886622,11.7402292,10.1894336,7.592491999999999,4.4951834,2.8123172,1.1120262,0.0,0.0,0.0,0.0,0.0,0.0,0.0,0.0,0.0,0.0,7.4794116e-07,3.20738576e-06,5.46968126e-06,5.93953322e-06,7.904050319999999e-06,8.59042876e-06,6.13098416e-06,3.868688660000002e-06
30715>30714,524,524,BDSu,Bond Street,Bond Street // Central // WB,524,BDSu,Bond Street,Bond Street // Central // EB,Alight-Interchange-Board,0.0,0.0,0.0,0.0,0.0,0.0,0.0,0.0,0.0,0.0,0.0,0.0,0.0,0.0,0.0,0.0,0.0,0.0,0.0,0.0,0.0,0.0,0.0,0.0,0.0,0.0,0.0,0.0,0.0,0.0,0.0,0.0,0.0,0.0,0.0,0.0,0.0,0.0,0.0,0.0,0.0,0.0,0.0,0.0,0.0,0.0,0.0,0.0,0.0,0.0,0.0,0.0,0.0,0.0,0.0,0.0,0.0,0.0,0.0,0.0,0.0,0.0,0.0,0.0,0.0,0.0,0.0,0.0,0.0,0.0,0.0,0.0,0.0,0.0,0.0,0.0,0.0,0.0,0.0,0.0,0.0,0.0,0.0,0.0,0.0,0.0,0.0,0.0,0.0,0.0,0.0,0.0,0.0,0.0,0.0,0.0,0.0,0.0,0.0,0.0,0.0,0.0,0.0
30715>30722,524,524,BDSu,Bond Street,Bond Street // Central // WB,524,BDSu,Bond Street,Bond Street // Jubilee // NB,Alight-Interchange-Board,3506.470678564902,144.37471136,195.81988464,1004.3034512,1191.0912842,667.7175902,303.1637569649001,14.0984873,16.0322949,21.6158375,15.0091183,20.333283,20.1510642,21.007942,16.12668416,17.99672435999999,14.28458136,13.90189956,14.27097956,16.0858516,14.8719616,14.9689158,15.243048,15.6565664,18.8992824,19.0999592,20.5401148,22.0577578,23.3436376,22.45449320000001,25.567231,26.0864274,27.588836,27.54377,29.2503266,30.4019852,33.5522636,34.29429760000001,38.6299368,42.6157614,43.48033440000001,48.4073064,50.40500360000001,55.0035568,53.69561240000001,56.0444404,55.74733939999999,58.88626899999999,59.160253,66.88478980000001,73.2018218,74.4273408,80.23042000000002,89.7337732,98.27604240000001,106.4384044,116.1835524,123.0339584,119.3876112,108.727899,99.658303,94.627809,80.36617040000002,74.4048104,69.92215259999999,61.53065920000001,58.87129320000001,55.61356840000001,55.56919640000001,52.6497392,54.5132206,46.083156,47.96599300000001,42.99065100000001,47.60315020000001,45.16010320000001,47.74436220000001,47.8918546,45.46280220000001,36.5710788,33.200637,23.1538246,13.3476346,6.878481,3.6975612,0.0,0.0,0.0,0.0,0.0,0.0,0.0,0.0,0.0,0.0,0.00029194728,0.0004885466800000001,0.0007541381600000001,0.0008586453800000001,0.00360118838,0.0166939631,0.0164973637,0.01623177222
30715>30723,524,524,BDSu,Bond Street,Bond Street // Central // WB,524,BDSu,Bond Street,Bond Street // Jubilee // SB,Alight-Interchange-Board,893.8722595762248,137.767150114,50.332237506,248.73493988,208.20510296,160.07815462,88.754674496225,2.46828234,3.9305528,17.4024268,18.32426048,25.05284274,27.22241774,28.38670488,14.979662334,13.656160194,7.058985074,3.817424094,1.816581234,1.863169886,2.101600466,1.944272606,2.410975586,2.230521706,3.9733238,3.87310024,5.58612262,5.23201668,6.33304268,5.34845628,6.722341720000001,6.389935120000001,7.279008460000001,8.064056599999999,7.566136699999999,8.428433700000001,7.76781696,8.16519096,8.10281576,9.48221306,11.16131046,10.46995112,13.53928352,11.82444244,14.26763884,12.19405804,15.32619912,13.40606032,16.550027,18.2790694,16.83543494,20.38699774,17.85105914,17.94666454,15.58463854,18.9817296,14.4975956,16.219644,15.6915762,18.2093702,16.9107894,17.200432,18.724606,17.9706236,15.9168888,13.31968822,14.89882162,11.33668786,13.22519266,10.99947866,14.02581804,11.17412364,13.7865006,9.74740866,13.67692226,12.21760746,13.20780776,11.25625428,14.46131682,9.77048794,9.73772654,7.17817664,6.352812719999998,2.78669672,1.7483408,0.0,0.0,0.0,0.0,0.0,0.0,0.0,0.0,0.0,0.0,2.41163768e-05,4.292907379999999e-05,7.115728580000001e-05,8.0967565e-05,0.004751856965000001,0.0108472141882,0.0108284014912,0.0108001732792
30715>30787,524,524,BDSu,Bond Street,Bond Street // Central // WB,524,BDSu,Bond Street,Bond Street // Elizabeth Line // EB,Alight-Interchange-Board,3.131848165000001,0.0,0.007854352,0.129404922,2.769549818000001,0.225039073,0.0,0.0,0.0,0.0,0.0,0.0,0.0,0.0,0.0,0.0,0.0007478738000000001,0.0007478738000000001,0.0007478738000000001,0.0007478738000000001,0.0007478738000000001,0.0,0.0,0.0,0.001371661,0.001371661,0.001371661,0.001371661,0.001371661,0.0,0.0,0.0,0.0,0.0,0.0,0.0,0.0,0.0,0.0,0.0,0.0,0.0,0.0,0.0,0.0,0.0,0.0,0.0316654,0.0316654,0.0316654,0.0316654,0.4152626600000001,0.5413499880000001,0.5413499880000001,0.5413499880000001,0.5413499880000001,0.157752728,0.0,0.0,0.0,0.0,0.0,0.031134478,0.031134478,0.040975479,0.040975479,0.040975479,0.009841001000000002,0.009841001000000002,0.0102592312,0.0102592312,0.0102592312,0.0102592312,0.0102592312,0.0,0.0,0.0,0.0,0.0,0.0,0.0,0.0,0.0,0.0,0.0,0.0,0.0,0.0,0.0,0.0,0.0,0.0,0.0,0.0,0.0,0.0,0.0,0.0,0.0,0.0,0.0,0.0,0.0
30715>30788,524,524,BDSu,Bond Street,Bond Street // Central // WB,524,BDSu,Bond Street,Bond Street // Elizabeth Line // WB,Alight-Interchange-Board,338.7656948530001,0.0,17.977833213,153.68935424,74.87749092,82.01775474,10.20326174,0.0,0.0,0.0,0.0,0.0,0.0,0.0,0.0,0.037791442,0.5263402420000001,0.645943148,1.033154448,1.0356908786,1.4593526366,0.9852110086,1.2631572626,1.7942822626,2.864637032,2.927499292,3.40477356,3.9936005,3.633234540000001,3.57116814,3.74853482,4.12003558,4.91090828,5.99095994,6.664631740000001,6.32445732,6.63271952,5.33183362,6.00768502,5.24518988,7.34721356,6.94217002,8.86864212,7.66639672,9.001302460000002,7.893216460000001,8.00440434,7.888344540000001,7.924024800000002,7.9975894,7.98109092,9.55537478,9.35996698,8.47899702,6.64910414,5.67462946,3.38953194,1.62515324,3.19903914,3.99652588,6.280255440000001,7.321407300000002,9.347505600000002,8.5213228,9.30271414,8.594473540000001,8.91674364,7.01822384,7.08295298,5.09780896,6.455890360000001,5.06902536,5.667968640000002,5.026272000000001,5.26435848,2.52657432,2.88540168,1.8318912,1.3948173,1.06241784,0.5021594,0.0,0.0,0.0,0.0,0.0,0.0,0.0,0.0,0.0,0.0,0.0,0.0,0.0,0.0,0.0,0.0,0.0,0.0,0.0,0.0,0.0,0.0
30722>30510,524,524,BDSu,Bond Street,Bond Street // Jubilee // NB,669,OXCu,Oxford Circus,Oxford Circus // Bakerloo // NB,Alight-Exit-Interchange-Enter-Board,0.0,0.0,0.0,0.0,0.0,0.0,0.0,0.0,0.0,0.0,0.0,0.0,0.0,0.0,0.0,0.0,0.0,0.0,0.0,0.0,0.0,0.0,0.0,0.0,0.0,0.0,0.0,0.0,0.0,0.0,0.0,0.0,0.0,0.0,0.0,0.0,0.0,0.0,0.0,0.0,0.0,0.0,0.0,0.0,0.0,0.0,0.0,0.0,0.0,0.0,0.0,0.0,0.0,0.0,0.0,0.0,0.0,0.0,0.0,0.0,0.0,0.0,0.0,0.0,0.0,0.0,0.0,0.0,0.0,0.0,0.0,0.0,0.0,0.0,0.0,0.0,0.0,0.0,0.0,0.0,0.0,0.0,0.0,0.0,0.0,0.0,0.0,0.0,0.0,0.0,0.0,0.0,0.0,0.0,0.0,0.0,0.0,0.0,0.0,0.0,0.0,0.0,0.0
30722>30511,524,524,BDSu,Bond Street,Bond Street // Jubilee // NB,669,OXCu,Oxford Circus,Oxford Circus // Bakerloo // SB,Alight-Exit-Interchange-Enter-Board,0.0,0.0,0.0,0.0,0.0,0.0,0.0,0.0,0.0,0.0,0.0,0.0,0.0,0.0,0.0,0.0,0.0,0.0,0.0,0.0,0.0,0.0,0.0,0.0,0.0,0.0,0.0,0.0,0.0,0.0,0.0,0.0,0.0,0.0,0.0,0.0,0.0,0.0,0.0,0.0,0.0,0.0,0.0,0.0,0.0,0.0,0.0,0.0,0.0,0.0,0.0,0.0,0.0,0.0,0.0,0.0,0.0,0.0,0.0,0.0,0.0,0.0,0.0,0.0,0.0,0.0,0.0,0.0,0.0,0.0,0.0,0.0,0.0,0.0,0.0,0.0,0.0,0.0,0.0,0.0,0.0,0.0,0.0,0.0,0.0,0.0,0.0,0.0,0.0,0.0,0.0,0.0,0.0,0.0,0.0,0.0,0.0,0.0,0.0,0.0,0.0,0.0,0.0
30722>30514,524,524,BDSu,Bond Street,Bond Street // Jubilee // NB,669,OXCu,Oxford Circus,Oxford Circus // Central // EB,Alight-Exit-Interchange-Enter-Board,0.0,0.0,0.0,0.0,0.0,0.0,0.0,0.0,0.0,0.0,0.0,0.0,0.0,0.0,0.0,0.0,0.0,0.0,0.0,0.0,0.0,0.0,0.0,0.0,0.0,0.0,0.0,0.0,0.0,0.0,0.0,0.0,0.0,0.0,0.0,0.0,0.0,0.0,0.0,0.0,0.0,0.0,0.0,0.0,0.0,0.0,0.0,0.0,0.0,0.0,0.0,0.0,0.0,0.0,0.0,0.0,0.0,0.0,0.0,0.0,0.0,0.0,0.0,0.0,0.0,0.0,0.0,0.0,0.0,0.0,0.0,0.0,0.0,0.0,0.0,0.0,0.0,0.0,0.0,0.0,0.0,0.0,0.0,0.0,0.0,0.0,0.0,0.0,0.0,0.0,0.0,0.0,0.0,0.0,0.0,0.0,0.0,0.0,0.0,0.0,0.0,0.0,0.0
30722>30515,524,524,BDSu,Bond Street,Bond Street // Jubilee // NB,669,OXCu,Oxford Circus,Oxford Circus // Central // WB,Alight-Exit-Interchange-Enter-Board,0.0,0.0,0.0,0.0,0.0,0.0,0.0,0.0,0.0,0.0,0.0,0.0,0.0,0.0,0.0,0.0,0.0,0.0,0.0,0.0,0.0,0.0,0.0,0.0,0.0,0.0,0.0,0.0,0.0,0.0,0.0,0.0,0.0,0.0,0.0,0.0,0.0,0.0,0.0,0.0,0.0,0.0,0.0,0.0,0.0,0.0,0.0,0.0,0.0,0.0,0.0,0.0,0.0,0.0,0.0,0.0,0.0,0.0,0.0,0.0,0.0,0.0,0.0,0.0,0.0,0.0,0.0,0.0,0.0,0.0,0.0,0.0,0.0,0.0,0.0,0.0,0.0,0.0,0.0,0.0,0.0,0.0,0.0,0.0,0.0,0.0,0.0,0.0,0.0,0.0,0.0,0.0,0.0,0.0,0.0,0.0,0.0,0.0,0.0,0.0,0.0,0.0,0.0
30722>30532,524,524,BDSu,Bond Street,Bond Street // Jubilee // NB,669,OXCu,Oxford Circus,Oxford Circus // Victoria // NB,Alight-Exit-Interchange-Enter-Board,0.4611877390000001,0.0,0.0,0.140892124,0.019196482,0.0,0.301099133,0.0,0.0,0.0,0.0,0.0,0.0,0.0,0.0,0.0,0.0,0.0,0.0,0.0,0.0,0.0,0.0,0.0,0.0,0.0,0.0,0.0,0.0,0.0128212392,0.0128212392,0.0128212392,0.0128212392,0.0128212392,0.0,0.0,0.0,0.0,0.0,0.0,0.0,0.0,0.0,0.0,0.0,0.0,0.0,0.019196482,0.019196482,0.019196482,0.019196482,0.019196482,0.0,0.0,0.0,0.0,0.0,0.0,0.0,0.0,0.0,0.0,0.0,0.0,0.0,0.0,0.0,0.0,0.0,0.0,0.0,0.0,0.0,0.0,0.0,0.0,0.0,0.0,0.0,0.0087221586,0.0602198266,0.0602198266,0.0602198266,0.0602198266,0.051497668,0.0,0.0,0.0,0.0,0.0,0.0,0.0,0.0,0.0,0.0,0.0,0.0,0.0,0.0,0.0,0.0,0.0,0.0
30722>30533,524,524,BDSu,Bond Street,Bond Street // Jubilee // NB,669,OXCu,Oxford Circus,Oxford Circus // Victoria // SB,Alight-Exit-Interchange-Enter-Board,0.0,0.0,0.0,0.0,0.0,0.0,0.0,0.0,0.0,0.0,0.0,0.0,0.0,0.0,0.0,0.0,0.0,0.0,0.0,0.0,0.0,0.0,0.0,0.0,0.0,0.0,0.0,0.0,0.0,0.0,0.0,0.0,0.0,0.0,0.0,0.0,0.0,0.0,0.0,0.0,0.0,0.0,0.0,0.0,0.0,0.0,0.0,0.0,0.0,0.0,0.0,0.0,0.0,0.0,0.0,0.0,0.0,0.0,0.0,0.0,0.0,0.0,0.0,0.0,0.0,0.0,0.0,0.0,0.0,0.0,0.0,0.0,0.0,0.0,0.0,0.0,0.0,0.0,0.0,0.0,0.0,0.0,0.0,0.0,0.0,0.0,0.0,0.0,0.0,0.0,0.0,0.0,0.0,0.0,0.0,0.0,0.0,0.0,0.0,0.0,0.0,0.0,0.0
30722>30701,524,524,BDSu,Bond Street,Bond Street // Jubilee // NB,524,BDSu,Bond Street,Bond Street // EntEx,Alight-Exit,9045.253694850036,118.797198384,914.6606216000001,5672.820936000002,1730.9601276,475.7086402,132.3061710660401,2.316716088,3.630172088,7.115011688000001,10.49317612,19.5082778,21.9547702,25.6603336,28.1187408,38.0211748,43.1857748,49.16867720000001,55.9992818,62.427885,64.770409,66.75713300000001,75.80955920000002,87.84971920000002,108.2085272,123.8725432,138.5899372,153.735354,166.337544,177.862238,189.845258,211.829538,231.526822,251.815072,264.254428,280.509332,288.0708860000001,294.0545340000001,291.781402,285.573734,274.667834,260.679956,246.484842,236.78433,232.9991,227.147874,223.051416,219.448868,220.498214,223.803752,220.058608,213.302726,204.782664,194.503266,174.433408,161.374416,149.0406688,135.6104608,119.0560016,106.4180316,96.96364559999999,91.09112359999999,84.3837156,76.2272108,69.2026374,61.0901288,49.82822,41.738301,36.99428620000001,31.1135714,27.1149294,24.2145026,21.7541016,18.6212082,17.80954280000001,16.6777934,16.5743988,16.1850236,16.0284646,13.89408346,14.14014946,13.04096246,10.18481366,7.35271686,5.9045316,2.3151456,0.0,0.0,0.0,0.0,0.0,0.0,0.0,0.0,0.0,0.0007376856,0.00094735606,0.00126258302,0.001407093772,0.001606367512,0.000953682652,0.000744012192,0.000428785232
30722>30714,524,524,BDSu,Bond Street,Bond Street // Jubilee // NB,524,BDSu,Bond Street,Bond Street // Central // EB,Alight-Interchange-Board,931.3224524221973,12.480186146,70.87928803599999,461.4786457999999,299.2280155,64.658190068,22.5981268721976,0.274642766,0.4249644520000001,1.252318112,1.39399264,2.419922276,2.312964164,2.259891418,2.141490318,2.880383968,2.385037148,2.75292674,3.6106679,3.87478914,3.96585586,5.61598268,6.68215056,7.676118260000001,9.25161446,10.21758026,11.96618106,12.2651368,14.9021256,14.1314708,17.2931678,13.92166648,19.43835688,17.65870748,23.56859028,23.85564728,27.9302516,26.3927994,25.74210960000001,22.094958,18.2748039,18.9123873,14.3160394,19.438388,18.1608058,20.4545729,19.4243567,20.22303500000001,17.3356536,17.0938394,18.6497758,20.9758124,25.8670354,27.3376204,31.2924064,32.24990320000001,32.7660838,31.75991700000001,28.23845620000001,24.9829708,19.379432,14.9522228,9.426155099999999,9.5316871,6.98092266,7.429535760000001,7.118088760000001,7.015358999999999,5.692863200000001,5.453474780000001,4.80404928,3.05540264,3.09456884,2.4186583,2.063579748,2.428152748,2.278294188,2.699971048,3.485754788,3.93425914,2.97023174,2.50982514,1.75643174,0.5238235400000001,0.0,0.0,0.0,0.0,0.0,0.0,0.0,0.0,0.0,0.0,0.0,0.000114325854,0.000114464141828,0.000337866221828,0.00033787064752,0.00156535798752,0.00304553133352,0.003045393045692,0.002821990965692
30722>30715,524,524,BDSu,Bond Street,Bond Street // Jubilee // NB,524,BDSu,Bond Street,Bond Street // Central // WB,Alight-Interchange-Board,4668.784254839002,80.84910012,430.3675346,2252.0984738,1046.6852434,592.3597162000001,266.4241867190001,2.6788948,4.6367848,7.485352000000001,9.86464572,13.5759478,13.0504702,13.688527,15.8684778,19.0472538,17.8696404,23.6831266,27.2679164,31.4411036,30.283317,36.9682954,40.31277660000001,44.10540040000001,46.9167192,52.82983760000001,59.6421476,63.28253960000001,73.8063592,78.6980872,86.24807200000002,89.61864800000002,96.001813,95.46750980000002,98.02710980000002,104.465597,105.2000102,109.4214752,103.3704884,106.9125604,97.9059852,96.784338,90.517166,95.406804,90.4992372,92.817116,91.515796,91.377494,98.09309,96.5267588,100.1344188,99.3234276,100.4542636,92.6767256,91.7295786,88.77158980000002,86.94312700000002,85.843799,82.029393,82.647378,76.94800000000002,82.454628,76.8633332,76.67528920000002,71.6864584,68.4318272,54.8749692,50.2615704,44.2128232,40.231168,38.4755444,38.04486439999999,38.4301328,37.06448080000001,33.97058820000001,33.4689624,34.3304404,34.0130004,40.4131472,39.420208,33.89283,25.912554,17.80681520000001,5.083931600000001,1.9378854,0.0,0.0,0.0,0.0,0.0,0.0,0.0,0.0,0.0,0.0,0.00063820254,0.0008916935000000001,0.00107570204,0.00351224644,0.01364234564,0.0417809731,0.04152748214,0.0413434736
30722>30723,524,524,BDSu,Bond Street,Bond Street // Jubilee // NB,524,BDSu,Bond Street,Bond Street // Jubilee // SB,Alight-Interchange-Board,0.0,0.0,0.0,0.0,0.0,0.0,0.0,0.0,0.0,0.0,0.0,0.0,0.0,0.0,0.0,0.0,0.0,0.0,0.0,0.0,0.0,0.0,0.0,0.0,0.0,0.0,0.0,0.0,0.0,0.0,0.0,0.0,0.0,0.0,0.0,0.0,0.0,0.0,0.0,0.0,0.0,0.0,0.0,0.0,0.0,0.0,0.0,0.0,0.0,0.0,0.0,0.0,0.0,0.0,0.0,0.0,0.0,0.0,0.0,0.0,0.0,0.0,0.0,0.0,0.0,0.0,0.0,0.0,0.0,0.0,0.0,0.0,0.0,0.0,0.0,0.0,0.0,0.0,0.0,0.0,0.0,0.0,0.0,0.0,0.0,0.0,0.0,0.0,0.0,0.0,0.0,0.0,0.0,0.0,0.0,0.0,0.0,0.0,0.0,0.0,0.0,0.0,0.0
30722>30787,524,524,BDSu,Bond Street,Bond Street // Jubilee // NB,524,BDSu,Bond Street,Bond Street // Elizabeth Line // EB,Alight-Interchange-Board,681.7694920400002,0.0,23.64769803,191.55359966,297.6771412000001,150.98208974,17.90896341,0.0,0.0,0.0,0.0,0.0,0.0,0.0,0.0,0.023732426,0.437708866,1.635956666,1.781305918,2.002499038,2.151056912,1.959408292,1.768213012,2.23101982,2.69093794,3.15940558,3.806453560000001,3.31668344,3.0549572,2.79782052,2.66971608,2.99538374,3.532796,4.15515678,5.414743420000002,6.90649912,7.40355606,8.395277400000001,9.4314824,9.898599400000002,9.2260192,9.8369562,9.629882199999999,9.327245399999999,8.55135386,9.48836666,9.72396926,10.55412006,12.05968866,15.6063592,17.5769674,21.1140678,22.2628616,25.77128320000001,27.1406642,28.4530288,26.7641184,28.3950112,25.3121522,23.7769526,22.950809,23.4999024,22.2362898,21.5460976,19.9454344,18.6939594,15.4166694,13.1917558,11.9974772,11.312093,8.881647280000003,8.420315180000001,7.262494780000001,7.933295780000001,6.38084992,6.132983860000001,4.93568256,4.132849760000001,1.713029560000001,0.79588422,0.0,0.03970669,0.03970669,0.03970669,0.03970669,0.03970669,0.0,0.0,0.0,0.0,0.0,0.0,0.0,0.0,0.0,0.0,0.0,0.0,0.0,0.0,0.0,0.0,0.0
30722>30788,524,524,BDSu,Bond Street,Bond Street // Jubilee // NB,524,BDSu,Bond Street,Bond Street // Elizabeth Line // WB,Alight-Interchange-Board,2293.584762399999,0.0,111.2791208,855.0148134000002,816.5780562,443.6125392,67.1002328,0.0,0.0,0.0,0.0,0.0,0.0,0.0,0.0,1.1528822,3.5472604,4.63123848,6.40124648,8.35917128,9.57360848,10.23066628,11.1053544,12.0601724,13.626632,13.5571928,17.0336956,18.2926946,21.2442118,22.1633698,25.4353836,25.3477662,28.8634384,28.7501278,29.7353146,31.5944512,33.9648498,36.16787640000001,39.8504758,41.67478060000001,41.47497060000001,38.47874179999999,36.79336420000001,34.96402620000001,37.9678854,38.1150342,39.962473,43.104704,50.375838,52.02977540000001,58.66326,62.71725480000001,67.01837339999999,67.2451614,72.0488728,74.39048480000002,75.764522,74.57514800000001,70.5035666,65.67314060000001,63.9508586,61.81541020000001,60.875263,58.906243,56.0548738,48.152475,43.683989,36.74729540000001,34.3067988,31.245969,29.7797494,27.0562268,27.74833760000001,26.2350896,23.6954918,20.8061516,19.1140966,12.7938646,7.8739946,4.4416754,2.07045,0.0,0.0,0.0,0.0,0.0,0.0,0.0,0.0,0.0,0.0,0.0,0.0,0.0,0.0,0.0,0.0,0.0,0.0,0.0,0.0,0.0,0.0
30723>30510,524,524,BDSu,Bond Street,Bond Street // Jubilee // SB,669,OXCu,Oxford Circus,Oxford Circus // Bakerloo // NB,Alight-Exit-Interchange-Enter-Board,0.0,0.0,0.0,0.0,0.0,0.0,0.0,0.0,0.0,0.0,0.0,0.0,0.0,0.0,0.0,0.0,0.0,0.0,0.0,0.0,0.0,0.0,0.0,0.0,0.0,0.0,0.0,0.0,0.0,0.0,0.0,0.0,0.0,0.0,0.0,0.0,0.0,0.0,0.0,0.0,0.0,0.0,0.0,0.0,0.0,0.0,0.0,0.0,0.0,0.0,0.0,0.0,0.0,0.0,0.0,0.0,0.0,0.0,0.0,0.0,0.0,0.0,0.0,0.0,0.0,0.0,0.0,0.0,0.0,0.0,0.0,0.0,0.0,0.0,0.0,0.0,0.0,0.0,0.0,0.0,0.0,0.0,0.0,0.0,0.0,0.0,0.0,0.0,0.0,0.0,0.0,0.0,0.0,0.0,0.0,0.0,0.0,0.0,0.0,0.0,0.0,0.0,0.0
30723>30511,524,524,BDSu,Bond Street,Bond Street // Jubilee // SB,669,OXCu,Oxford Circus,Oxford Circus // Bakerloo // SB,Alight-Exit-Interchange-Enter-Board,0.0,0.0,0.0,0.0,0.0,0.0,0.0,0.0,0.0,0.0,0.0,0.0,0.0,0.0,0.0,0.0,0.0,0.0,0.0,0.0,0.0,0.0,0.0,0.0,0.0,0.0,0.0,0.0,0.0,0.0,0.0,0.0,0.0,0.0,0.0,0.0,0.0,0.0,0.0,0.0,0.0,0.0,0.0,0.0,0.0,0.0,0.0,0.0,0.0,0.0,0.0,0.0,0.0,0.0,0.0,0.0,0.0,0.0,0.0,0.0,0.0,0.0,0.0,0.0,0.0,0.0,0.0,0.0,0.0,0.0,0.0,0.0,0.0,0.0,0.0,0.0,0.0,0.0,0.0,0.0,0.0,0.0,0.0,0.0,0.0,0.0,0.0,0.0,0.0,0.0,0.0,0.0,0.0,0.0,0.0,0.0,0.0,0.0,0.0,0.0,0.0,0.0,0.0
30723>30514,524,524,BDSu,Bond Street,Bond Street // Jubilee // SB,669,OXCu,Oxford Circus,Oxford Circus // Central // EB,Alight-Exit-Interchange-Enter-Board,0.0,0.0,0.0,0.0,0.0,0.0,0.0,0.0,0.0,0.0,0.0,0.0,0.0,0.0,0.0,0.0,0.0,0.0,0.0,0.0,0.0,0.0,0.0,0.0,0.0,0.0,0.0,0.0,0.0,0.0,0.0,0.0,0.0,0.0,0.0,0.0,0.0,0.0,0.0,0.0,0.0,0.0,0.0,0.0,0.0,0.0,0.0,0.0,0.0,0.0,0.0,0.0,0.0,0.0,0.0,0.0,0.0,0.0,0.0,0.0,0.0,0.0,0.0,0.0,0.0,0.0,0.0,0.0,0.0,0.0,0.0,0.0,0.0,0.0,0.0,0.0,0.0,0.0,0.0,0.0,0.0,0.0,0.0,0.0,0.0,0.0,0.0,0.0,0.0,0.0,0.0,0.0,0.0,0.0,0.0,0.0,0.0,0.0,0.0,0.0,0.0,0.0,0.0
30723>30515,524,524,BDSu,Bond Street,Bond Street // Jubilee // SB,669,OXCu,Oxford Circus,Oxford Circus // Central // WB,Alight-Exit-Interchange-Enter-Board,0.0,0.0,0.0,0.0,0.0,0.0,0.0,0.0,0.0,0.0,0.0,0.0,0.0,0.0,0.0,0.0,0.0,0.0,0.0,0.0,0.0,0.0,0.0,0.0,0.0,0.0,0.0,0.0,0.0,0.0,0.0,0.0,0.0,0.0,0.0,0.0,0.0,0.0,0.0,0.0,0.0,0.0,0.0,0.0,0.0,0.0,0.0,0.0,0.0,0.0,0.0,0.0,0.0,0.0,0.0,0.0,0.0,0.0,0.0,0.0,0.0,0.0,0.0,0.0,0.0,0.0,0.0,0.0,0.0,0.0,0.0,0.0,0.0,0.0,0.0,0.0,0.0,0.0,0.0,0.0,0.0,0.0,0.0,0.0,0.0,0.0,0.0,0.0,0.0,0.0,0.0,0.0,0.0,0.0,0.0,0.0,0.0,0.0,0.0,0.0,0.0,0.0,0.0
30723>30532,524,524,BDSu,Bond Street,Bond Street // Jubilee // SB,669,OXCu,Oxford Circus,Oxford Circus // Victoria // NB,Alight-Exit-Interchange-Enter-Board,0.0,0.0,0.0,0.0,0.0,0.0,0.0,0.0,0.0,0.0,0.0,0.0,0.0,0.0,0.0,0.0,0.0,0.0,0.0,0.0,0.0,0.0,0.0,0.0,0.0,0.0,0.0,0.0,0.0,0.0,0.0,0.0,0.0,0.0,0.0,0.0,0.0,0.0,0.0,0.0,0.0,0.0,0.0,0.0,0.0,0.0,0.0,0.0,0.0,0.0,0.0,0.0,0.0,0.0,0.0,0.0,0.0,0.0,0.0,0.0,0.0,0.0,0.0,0.0,0.0,0.0,0.0,0.0,0.0,0.0,0.0,0.0,0.0,0.0,0.0,0.0,0.0,0.0,0.0,0.0,0.0,0.0,0.0,0.0,0.0,0.0,0.0,0.0,0.0,0.0,0.0,0.0,0.0,0.0,0.0,0.0,0.0,0.0,0.0,0.0,0.0,0.0,0.0
30723>30533,524,524,BDSu,Bond Street,Bond Street // Jubilee // SB,669,OXCu,Oxford Circus,Oxford Circus // Victoria // SB,Alight-Exit-Interchange-Enter-Board,0.0,0.0,0.0,0.0,0.0,0.0,0.0,0.0,0.0,0.0,0.0,0.0,0.0,0.0,0.0,0.0,0.0,0.0,0.0,0.0,0.0,0.0,0.0,0.0,0.0,0.0,0.0,0.0,0.0,0.0,0.0,0.0,0.0,0.0,0.0,0.0,0.0,0.0,0.0,0.0,0.0,0.0,0.0,0.0,0.0,0.0,0.0,0.0,0.0,0.0,0.0,0.0,0.0,0.0,0.0,0.0,0.0,0.0,0.0,0.0,0.0,0.0,0.0,0.0,0.0,0.0,0.0,0.0,0.0,0.0,0.0,0.0,0.0,0.0,0.0,0.0,0.0,0.0,0.0,0.0,0.0,0.0,0.0,0.0,0.0,0.0,0.0,0.0,0.0,0.0,0.0,0.0,0.0,0.0,0.0,0.0,0.0,0.0,0.0,0.0,0.0,0.0,0.0
30723>30701,524,524,BDSu,Bond Street,Bond Street // Jubilee // SB,524,BDSu,Bond Street,Bond Street // EntEx,Alight-Exit,4067.939018858426,54.4845389864,455.1667332000001,2693.3166072,671.4570782000001,163.63339882,29.8806624520258,0.8417464088000002,1.6671790888,3.4132398888,4.65167682,9.005557699999997,9.97120328,11.752231,13.1817048,17.7364922,22.2930188,26.3763266,29.2994668,32.7745212,34.71953079999999,33.01987500000001,35.42735620000001,42.5666256,53.5290906,59.90331620000001,67.5211132,75.11912480000002,84.15874079999999,87.10133280000002,94.1945298,104.0473808,116.3969,122.043238,127.170218,132.382865,136.788354,138.220504,136.672312,135.088558,132.1922012,125.7690032,117.4903532,113.8788644,111.1000184,106.1208792,101.3517132,99.42746,99.2478268,99.9838808,97.37034880000002,94.6658728,89.26093599999999,79.87025279999999,68.5144308,61.58363680000001,54.38236620000001,48.14598020000001,41.68343300000001,37.2962774,34.76982940000001,32.3051036,28.9789592,26.8426204,23.4333318,19.9894464,17.37744360000001,15.5737966,12.77027154,11.44613034,9.84790146,8.025852940000002,6.500430540000001,6.1850718,5.6411014,4.9614539,4.26660962,3.92360756,3.58286984,2.909467240000001,3.187237140000001,2.64991914,1.964737,1.39841772,1.03611812,0.0,0.0,0.0,0.0,0.0,0.0,0.0,0.0,0.0,0.0,2.0539892e-05,2.64613076e-05,3.5404628e-05,3.89586314e-05,4.47154142e-05,2.66261014e-05,2.07046858e-05,1.17613654e-05
30723>30714,524,524,BDSu,Bond Street,Bond Street // Jubilee // SB,524,BDSu,Bond Street,Bond Street // Central // EB,Alight-Interchange-Board,3425.5890366693,114.03070778,443.7767136,2056.2353292,498.6059580000001,225.7428338,87.19749428930002,4.33528406,5.334852860000002,9.90677586,11.9667108,18.0124588,18.4667686,22.0919144,23.9159424,24.8836196,23.1226268,26.0385262,25.7323544,25.6215844,28.79387340000001,32.7740452,36.995659,47.10382020000001,52.8533796,57.5706014,62.2866234,67.2817708,70.7864008,76.4889244,79.45376800000001,89.176618,91.003658,95.74096800000001,92.696898,103.193698,102.338384,104.4420152,101.2436652,99.3083638,97.1325138,88.71990980000002,89.42538160000002,86.16394080000002,89.0078842,78.8433042,77.4241542,71.98001200000002,69.5909408,69.52616680000001,65.26598879999999,61.4232698,55.12352540000001,48.33440820000001,40.82074100000001,38.7324242,37.7459084,36.3252908,36.62799460000001,36.36141660000001,36.8179974,35.514471,34.7785106,31.87431339999999,28.7364534,24.4700194,22.118037,19.7705134,18.2181822,15.3466812,15.0680028,13.0814036,12.1380024,12.1431066,12.7781184,13.649583,13.1799196,14.09663,13.8979626,11.86934078,8.137412580000001,6.240066780000001,3.03712278,0.3538457800000001,0.0,0.0,0.0,0.0,0.0,0.0,0.0,0.0,0.0,0.0,0.0,0.000987396,0.00128053812,0.00173617846,0.00255712586,0.006857125859999999,0.90774464986,0.9074515077399999,0.9069958673999999
30723>30715,524,524,BDSu,Bond Street,Bond Street // Jubilee // SB,524,BDSu,Bond Street,Bond Street // Central // WB,Alight-Interchange-Board,1624.880504917899,40.073305984,217.17311996,936.0931274000001,275.102426,116.06865636,40.3698692139,1.096739708,1.740536388,3.241833488,4.472615900000001,6.33726658,6.298782859999998,8.31213658,8.573394480000001,10.77706408,12.64194508,15.6266158,15.5048256,17.784217,17.625664,17.2354266,17.1239148,19.4739336,21.6550104,24.3249266,27.3995764,30.6498664,32.299501,33.841059,33.7698592,36.4380888,37.3887344,40.03699880000001,41.0964808,45.5738542,47.5958072,46.6751836,47.3492876,46.5109956,45.7489482,43.18575380000001,43.56173320000001,41.4024782,39.62416200000001,36.7984898,33.1475656,34.412475,33.0880986,34.3406076,31.55709880000001,31.8184356,27.58824480000001,25.9022864,23.1132868,23.4477358,22.2721872,22.9324118,21.949967,20.3056758,20.491331,19.0131806,16.2676832,14.3936242,13.8831518,10.77661884,10.29410504,10.49411864,9.70158004,8.59311316,8.44302372,7.87825042,6.94305442,7.130073100000001,7.53794298,7.079174780000002,6.658166280000001,6.04503868,5.895996599999999,4.559199720000001,4.13269352,2.79407792,1.93892672,0.8622003200000001,0.3833934,0.0,0.0,0.0,0.0,0.0,0.0,0.0,0.0,0.0,0.0,0.00045323804,0.0005879634079999999,0.0007929529480000001,0.0008763134200000001,0.002910043020000001,0.00528506778,0.005150342412000001,0.004945352872
30723>30722,524,524,BDSu,Bond Street,Bond Street // Jubilee // SB,524,BDSu,Bond Street,Bond Street // Jubilee // NB,Alight-Interchange-Board,0.0,0.0,0.0,0.0,0.0,0.0,0.0,0.0,0.0,0.0,0.0,0.0,0.0,0.0,0.0,0.0,0.0,0.0,0.0,0.0,0.0,0.0,0.0,0.0,0.0,0.0,0.0,0.0,0.0,0.0,0.0,0.0,0.0,0.0,0.0,0.0,0.0,0.0,0.0,0.0,0.0,0.0,0.0,0.0,0.0,0.0,0.0,0.0,0.0,0.0,0.0,0.0,0.0,0.0,0.0,0.0,0.0,0.0,0.0,0.0,0.0,0.0,0.0,0.0,0.0,0.0,0.0,0.0,0.0,0.0,0.0,0.0,0.0,0.0,0.0,0.0,0.0,0.0,0.0,0.0,0.0,0.0,0.0,0.0,0.0,0.0,0.0,0.0,0.0,0.0,0.0,0.0,0.0,0.0,0.0,0.0,0.0,0.0,0.0,0.0,0.0,0.0,0.0
30723>30787,524,524,BDSu,Bond Street,Bond Street // Jubilee // SB,524,BDSu,Bond Street,Bond Street // Elizabeth Line // EB,Alight-Interchange-Board,1300.5281615,0.0,112.0190291,549.4250714,315.2784404,274.8799190000001,48.9257016,0.0,0.0,0.0,0.0,0.0,0.0,0.0,0.0,0.27418116,1.2269531,2.542749300000001,4.407428500000001,7.523553100000001,10.37751174,12.2671468,14.06598,14.3211414,14.1626584,14.923622,15.9261036,17.5051082,20.72935560000001,22.24914860000001,22.69948680000001,23.4690784,23.3767204,23.1671184,22.9121154,26.2773864,26.7274546,27.2528886,26.3888086,27.255903,23.9459822,24.0180258,22.3264954,21.3236126,20.1634776,19.0901838,17.6398116,20.5836862,22.1034128,23.8527392,24.3670712,25.8593948,24.6484276,24.8814224,23.6854492,25.7017974,25.3903728,25.854843,25.3742518,27.17651040000001,27.9650952,29.8639088,28.876967,29.535225,28.25440020000001,26.13290720000001,23.32624340000001,25.031018,22.8640766,22.391894,21.33415500000001,21.7967204,17.916295,17.7907502,18.50623400000001,17.0162522,12.5944182,10.1244536,7.219028400000001,1.9715492,0.0,0.0,0.0,0.0,0.0,0.0,0.0,0.0,0.0,0.0,0.0,0.0,0.0,0.0,0.0,0.0,0.0,0.0,0.0,0.0,0.0,0.0,0.0
30723>30788,524,524,BDSu,Bond Street,Bond Street // Jubilee // SB,524,BDSu,Bond Street,Bond Street // Elizabeth Line // WB,Alight-Interchange-Board,387.5712230828,0.0,30.3654243228,175.99366096,120.10386962,51.13048470000001,9.977783480000003,0.0,0.0,0.0,0.0,0.0,0.0,0.0,0.0,0.00038253656,0.60816533656,1.00698197656,1.47688205656,1.95842869656,2.50681692,2.61593266,2.71082114,3.78335026,4.09325764,4.41077108,5.193634020000001,5.77360358,5.378624380000002,5.72175126,6.59090146,5.95906506,6.220416640000002,6.358663900000002,6.72649294,6.746402340000001,8.010305460000001,7.729250599999999,8.04217074,7.963059060000001,7.733936660000001,6.83773566,7.45736886,7.485564460000001,7.870695200000001,7.6039522,8.085483700000001,7.9120788,9.2733886,8.8718558,9.640893600000002,9.4179503,10.4347892,8.99647386,9.89307166,9.87004666,11.41768536,11.17871896,11.3952999,10.29317138,10.52812718,8.98898668,7.689548479999999,6.721541740000001,6.30779824,4.93649958,4.25777308,4.282224680000001,4.27132666,4.13946708,3.86279144,3.4282443,2.93606978,2.89843422,3.0883139,2.9088361,2.693283000000001,2.18237192,1.43252384,0.58688176,0.1738868600000001,0.0,0.0,0.0,0.0,0.0,0.0,0.0,0.0,0.0,0.0,0.0,0.0,0.0,0.0,0.0,0.0,0.0,0.0,0.0,0.0,0.0,0.0
30787>30510,524,524,BDSu,Bond Street,Bond Street // Elizabeth Line // EB,669,OXCu,Oxford Circus,Oxford Circus // Bakerloo // NB,Alight-Exit-Interchange-Enter-Board,4.877269074547099,0.0,0.0003945899560000001,1.463365105294,2.406336028000001,0.91871022812284,0.08846312317426,0.0,0.0,0.0,0.0,0.0,0.0,0.0,0.0,0.0,0.0,0.0,0.0,2.637575600000001e-05,2.637575600000001e-05,2.637575600000001e-05,2.637575600000001e-05,9.205355000000002e-05,6.567779400000001e-05,6.567779400000001e-05,6.567779400000001e-05,0.116448323794,0.116382646,0.116382646,0.116382646,0.159807792,0.0554281192,0.0554281192,0.0554281192,0.1298921312,0.08646698520000001,0.07446401200000001,0.07446401200000001,0.099122294,0.0448795,0.0448795,0.0448795,0.04638510830000001,0.0217268263,0.0015056083,0.0015056083,0.0015056083,0.0,0.0,0.0,0.3594900400000001,0.3594900400000001,0.3594900400000001,0.3970432380000001,0.3998509796000001,0.04036093960000001,0.04036093960000001,0.07969311559999999,0.07910328760000003,0.07629554599999999,0.07629554599999999,0.138862316,0.09953014000000003,0.11021433,0.143874014,0.143874014,0.081406063868,0.081406063868,0.063276419868,0.02961673586800001,0.048831450868,0.048732631,0.04873314039141999,0.01921522439142,0.03306460039142,0.01384988539142,0.01384988539142,0.013849376,0.013849376,0.0,0.0,0.0,0.0,0.0,0.0,0.0,0.0,0.0,0.0,0.0,0.0,0.0,0.0,0.0,0.0,0.0,0.0,0.0,0.0,0.0,0.0,0.0
30787>30511,524,524,BDSu,Bond Street,Bond Street // Elizabeth Line // EB,669,OXCu,Oxford Circus,Oxford Circus // Bakerloo // SB,Alight-Exit-Interchange-Enter-Board,12.19682833446,0.0,0.0132864,7.098072467900002,3.274516668,1.75402841456,0.056924384,0.0,0.0,0.0,0.0,0.0,0.0,0.0,0.0,0.0,0.0,0.0,0.0,0.0,0.0,0.0,0.0,0.0,0.0,0.0,0.0132864,0.17922854,0.1898315014,0.2191927254,0.3658757154,0.3847047934,0.2765337134,0.265930752,0.2365695280000001,0.375315918,0.34320044,0.28542938,0.388812992,0.6243493120000001,0.401247508,0.440372444,0.440372444,0.52027544,0.28473912,0.222411544,0.2164515860000001,0.2447164400000001,0.0641702103,0.0641702103,0.0641702103,0.3651666323,0.3821000103,0.473421722,0.475491206,0.5187910099999999,0.18504699768,0.14026454068,0.10375375668,0.17365530868,0.14324030668,0.1529573782,0.1606277988000001,0.3048300528,0.232966875212,0.227646431612,0.217511972412,0.245064204812,0.04940216061200001,0.0711989062,0.0637426389,0.1206670229,0.08502859489999999,0.0789370791,0.0570324751,0.056924384,0.0,0.0,0.0,0.0,0.0,0.0,0.0,0.0,0.0,0.0,0.0,0.0,0.0,0.0,0.0,0.0,0.0,0.0,0.0,0.0,0.0,0.0,0.0,0.0,0.0,0.0,0.0
30787>30514,524,524,BDSu,Bond Street,Bond Street // Elizabeth Line // EB,669,OXCu,Oxford Circus,Oxford Circus // Central // EB,Alight-Exit-Interchange-Enter-Board,0.0,0.0,0.0,0.0,0.0,0.0,0.0,0.0,0.0,0.0,0.0,0.0,0.0,0.0,0.0,0.0,0.0,0.0,0.0,0.0,0.0,0.0,0.0,0.0,0.0,0.0,0.0,0.0,0.0,0.0,0.0,0.0,0.0,0.0,0.0,0.0,0.0,0.0,0.0,0.0,0.0,0.0,0.0,0.0,0.0,0.0,0.0,0.0,0.0,0.0,0.0,0.0,0.0,0.0,0.0,0.0,0.0,0.0,0.0,0.0,0.0,0.0,0.0,0.0,0.0,0.0,0.0,0.0,0.0,0.0,0.0,0.0,0.0,0.0,0.0,0.0,0.0,0.0,0.0,0.0,0.0,0.0,0.0,0.0,0.0,0.0,0.0,0.0,0.0,0.0,0.0,0.0,0.0,0.0,0.0,0.0,0.0,0.0,0.0,0.0,0.0,0.0,0.0
30787>30515,524,524,BDSu,Bond Street,Bond Street // Elizabeth Line // EB,669,OXCu,Oxford Circus,Oxford Circus // Central // WB,Alight-Exit-Interchange-Enter-Board,0.0,0.0,0.0,0.0,0.0,0.0,0.0,0.0,0.0,0.0,0.0,0.0,0.0,0.0,0.0,0.0,0.0,0.0,0.0,0.0,0.0,0.0,0.0,0.0,0.0,0.0,0.0,0.0,0.0,0.0,0.0,0.0,0.0,0.0,0.0,0.0,0.0,0.0,0.0,0.0,0.0,0.0,0.0,0.0,0.0,0.0,0.0,0.0,0.0,0.0,0.0,0.0,0.0,0.0,0.0,0.0,0.0,0.0,0.0,0.0,0.0,0.0,0.0,0.0,0.0,0.0,0.0,0.0,0.0,0.0,0.0,0.0,0.0,0.0,0.0,0.0,0.0,0.0,0.0,0.0,0.0,0.0,0.0,0.0,0.0,0.0,0.0,0.0,0.0,0.0,0.0,0.0,0.0,0.0,0.0,0.0,0.0,0.0,0.0,0.0,0.0,0.0,0.0
30787>30532,524,524,BDSu,Bond Street,Bond Street // Elizabeth Line // EB,669,OXCu,Oxford Circus,Oxford Circus // Victoria // NB,Alight-Exit-Interchange-Enter-Board,523.1751959,0.0,37.88381578,217.1965954,139.58321272,104.623242,23.88833,0.0,0.0,0.0,0.0,0.0,0.0,0.0,0.0,0.0,0.0,1.2666256,1.2666256,3.0128278,3.0128278,4.6650972,4.234342540000001,4.740958360000001,4.792000160000002,4.98453686,5.90797386,6.399001780000001,8.580662960000002,8.13073628,10.67838158,9.27166678,10.42241852,8.38784552,8.572616000000002,7.407012600000002,8.7900046,7.21045208,9.72104628,9.13679668,10.52375948,9.61292648,11.2908604,8.77420706,10.22586226,8.02823282,8.81525022,7.633041560000001,9.6476437,8.767706160000001,11.1684636,9.77719212,11.77061018,10.90464338,12.29022992,10.22690852,13.3879242,10.9599342,12.409765,11.7804648,13.6668376,10.550104,11.8585988,9.80978432,9.76449572,8.3740746,9.3489772,8.121308399999998,9.38517268,8.1341518,8.87138512,7.86614452,8.815488720000003,8.04463992,8.087619,7.692618600000001,6.641778,4.6523564,2.9620444,1.9395326,0.0,0.0,0.0,0.0,0.0,0.0,0.0,0.0,0.0,0.0,0.0,0.0,0.0,0.0,0.0,0.0,0.0,0.0,0.0,0.0,0.0,0.0,0.0
30787>30533,524,524,BDSu,Bond Street,Bond Street // Elizabeth Line // EB,669,OXCu,Oxford Circus,Oxford Circus // Victoria // SB,Alight-Exit-Interchange-Enter-Board,481.2375761,0.0,38.02270476,239.85276476,107.04836082,85.84150868,10.47223708,0.0,0.0,0.0,0.0,0.0,0.0,0.0,0.0,0.0,0.0,0.4443683200000001,0.4443683200000001,2.40428632,2.40428632,4.231794320000001,4.47958384,5.52957724,4.63813296,5.107084560000001,8.339222560000001,8.497503600000002,8.662952800000001,9.111625580000002,13.29484078,9.31761188,10.988076,10.47596572,10.17978202,6.884523360000001,8.87974406,7.381075400000002,10.24348508,10.53225128,11.62235914,10.54665594,12.6761266,9.86788896,11.80474496,10.11383652,10.08861112,8.618995520000002,11.33921456,8.57917632,10.14571756,9.30311156,9.74094736,7.8228925,10.36143494,8.70021878,10.55659678,8.848215099999999,8.902550960000003,7.48007736,9.62573232,6.839019640000001,8.867563520000003,7.908468400000001,7.052307600000002,5.58593208,7.28738476,6.354977020000002,7.804109540000002,8.17072046,8.42507484,7.89898096,7.697134500000002,6.37139694,5.28502158,4.337908960000001,2.95878164,1.65294844,0.8746442000000001,0.6479538400000001,0.0,0.0,0.0,0.0,0.0,0.0,0.0,0.0,0.0,0.0,0.0,0.0,0.0,0.0,0.0,0.0,0.0,0.0,0.0,0.0,0.0,0.0,0.0
30787>30701,524,524,BDSu,Bond Street,Bond Street // Elizabeth Line // EB,524,BDSu,Bond Street,Bond Street // EntEx,Alight-Exit,1970.04925099625,0.0,216.6351189,1275.9335012,343.1754786000001,117.4155757,16.88957659625,0.0,0.0,0.0,0.0,0.0,0.0,0.0,0.0,0.0,1.6133228,4.926294,5.8497866,13.0906114,14.18476394,19.36298394,21.53554074,28.07741914,31.78879394000001,33.7916476,42.41395479999999,44.5661228,49.470547,43.910554,55.5262618,48.4456928,56.3387368,51.8507456,65.095489,57.8738944,67.9509694,61.1934394,67.43109940000001,57.9256314,64.31299100000001,53.0726354,58.0756474,50.0969654,52.26642260000001,44.1760852,49.67258560000001,40.975424,46.6698936,43.1989224,45.8367448,37.8332566,42.79610760000001,34.43086900000001,34.13271900000001,29.61292000000001,31.83597840000001,24.36945780000001,26.2374204,21.527333,22.559476,18.3956968,19.444244,15.9301828,15.8531534,12.39864094,11.36502274,8.89950606,9.13041406,7.77712286,7.96776972,7.171364200000001,7.77024768,6.72239216,6.42975908,5.72483276,4.876216388,3.118911588,2.111944708,1.013167788,0.043651708,0.0,0.00017033125,0.00017033125,0.00017033125,0.00017033125,0.00017033125,0.0,0.0,0.0,0.0,0.0,0.0,0.0,0.0,0.0,0.0,0.0,0.0,0.0,0.0,0.0,0.0
30787>30714,524,524,BDSu,Bond Street,Bond Street // Elizabeth Line // EB,524,BDSu,Bond Street,Bond Street // Central // EB,Alight-Interchange-Board,373.750617374,0.0,45.39188778,186.4960481860001,98.29188811400002,38.083969976,5.486823318000001,0.0,0.0,0.0,0.0,0.0,0.0,0.0,0.0,0.0,0.0,0.061156554,0.19592926,3.20156006,3.219947972,5.204368172000001,6.130176617999999,7.636449512,6.291453312000001,7.5064736,5.94437272,5.34480494,5.62960114,4.019204488000002,6.093083488,5.751234877999999,7.141715658,7.898637258000001,10.74698251,8.682698310000001,10.321088,9.7855186,8.614964000000002,7.873696200000001,8.903550599999999,8.1665876,8.086653400000001,7.594978800000002,8.1441696,6.46007596,8.64402096,7.576624671999999,9.248575872,6.672736906,9.094844346,6.775125946000001,9.189511034,7.513930634000001,9.659409600000002,7.812531799999999,10.5644358,9.02335014,9.89738514,8.53877434,8.35874454,5.631787880000001,5.326901260000001,4.04754582,3.380838140000001,2.755510160000001,2.47598816,2.0528988,2.9578378,2.838342040000001,3.72207034,3.162865934,4.357940574000001,3.139364554,3.192767654,2.138422714,2.1082474248,0.6728712248000002,0.3749236848000001,0.1901886248,0.0021696448,0.0,0.0,0.0,0.0,0.0,0.0,0.0,0.0,0.0,0.0,0.0,0.0,0.0,0.0,0.0,0.0,0.0,0.0,0.0,0.0,0.0,0.0
30787>30715,524,524,BDSu,Bond Street,Bond Street // Elizabeth Line // EB,524,BDSu,Bond Street,Bond Street // Central // WB,Alight-Interchange-Board,76.79550178800004,0.0,15.18484699,44.50914053000001,9.665736968,6.863160414000001,0.572616886,0.0,0.0,0.0,0.0,0.0,0.0,0.0,0.0,0.0,0.0,0.15601016,0.177456182,0.8589273420000001,0.8680539300000001,1.54796989,1.87230653,2.109258988,2.488966428,2.71449518,2.39140236,1.959683976,1.924522996,0.9819258759999999,1.722748736,1.569373496,1.88866966,1.95370358,2.58141454,1.717938808,1.999107288,1.765524868,1.971632588,1.549118488,2.38910542,2.0729537,2.60932334,2.245349566,2.342572426,1.592054886,1.901413046,1.331945994,1.705636708,1.302408892,1.431011652,1.120958592,1.214903624,0.794455624,1.00636946,0.7721294880000001,0.7180835480000001,0.5707954960000001,0.603962316,0.41943134,0.8123697919999999,0.740376448,0.8919012399999999,0.8575661079999999,0.963657764,0.4871159156000001,0.5637164996,0.4577562736,0.6099094256,0.4748227876000001,0.6566708960000001,0.559087318,0.52620405,0.3413411660000001,0.3653122100000001,0.189412274,0.174658172,0.114075146,0.06430511000000001,0.024172804,0.00599338,0.0,0.0,0.0,0.0,0.0,0.0,0.0,0.0,0.0,0.0,0.0,0.0,0.0,0.0,0.0,0.0,0.0,0.0,0.0,0.0,0.0,0.0
30787>30722,524,524,BDSu,Bond Street,Bond Street // Elizabeth Line // EB,524,BDSu,Bond Street,Bond Street // Jubilee // NB,Alight-Interchange-Board,549.9767890000002,0.0,33.02738348,241.7366082400001,141.79665842,111.24881776,22.1673211,0.0,0.0,0.0,0.0,0.0,0.0,0.0,0.0,0.0,0.0,1.07909374,1.07909374,2.85482894,2.85482894,4.0971162,3.50032894,4.42205088,3.676273080000001,3.937154940000001,5.52661408,7.838304600000002,10.06933946,10.22330312,12.41227326,10.95520252,10.77073232,8.67214528,9.78380242,9.085291820000002,10.20091596,8.870387560000003,10.6402954,10.100894,10.9128304,9.608682600000002,10.864745,9.34123808,10.19423628,8.564752480000001,9.69503108,8.721797360000002,11.62229968,10.75809268,11.83001488,10.56666502,13.71175894,10.95545454,11.90982774,11.60547594,14.1624728,10.67280004,12.20326064,11.0323954,12.7170044,10.6263402,11.63320276,9.71039576,10.3054426,8.776661599999999,9.5753812,8.59341288,9.80543868,9.17838338,9.39135928,8.52782108,10.0586614,8.726785000000001,8.599074900000002,7.90770986,6.45311506,3.68013226,2.74756066,1.37880326,0.0,0.0,0.0,0.0,0.0,0.0,0.0,0.0,0.0,0.0,0.0,0.0,0.0,0.0,0.0,0.0,0.0,0.0,0.0,0.0,0.0,0.0,0.0
30787>30723,524,524,BDSu,Bond Street,Bond Street // Elizabeth Line // EB,524,BDSu,Bond Street,Bond Street // Jubilee // SB,Alight-Interchange-Board,2044.1734097,0.0,169.2377891,1027.1881218,416.9156005999999,354.6569368,76.1749614,0.0,0.0,0.0,0.0,0.0,0.0,0.0,0.0,0.0,1.1621122,5.733589,6.240060600000001,14.6283732,15.48962094,22.00265134,20.38786654,24.29895894,18.56474894,19.1362026,21.5936048,26.3127668,33.7251208,37.5164856,46.9105908,41.3791156,47.4594616,41.9635086,45.6637496,42.82327960000001,51.01142400000001,43.4445208,47.43347379999999,43.69254060000001,47.74393280000001,41.21637279999999,46.4176124,41.2696352,44.9143152,37.16352760000001,43.62190080000001,38.81150960000001,46.99844160000001,42.2114064,47.4834292,38.892031,40.1729004,31.4042054,34.6979394,29.509645,35.72316679999999,31.2849982,34.5393964,31.4325778,37.34564700000001,33.9885776,37.9245156,35.5003012,38.4723858,33.2005942,33.73951339999999,29.0052484,31.02507,26.2101632,27.7297154,23.2242568,26.6457632,23.5854696,26.3184556,24.2984968,21.2799548,15.2339294,10.8510398,4.511540599999999,0.0,0.0,0.0,0.0,0.0,0.0,0.0,0.0,0.0,0.0,0.0,0.0,0.0,0.0,0.0,0.0,0.0,0.0,0.0,0.0,0.0,0.0,0.0
30787>30788,524,524,BDSu,Bond Street,Bond Street // Elizabeth Line // EB,524,BDSu,Bond Street,Bond Street // Elizabeth Line // WB,Alight-Interchange-Board,0.0,0.0,0.0,0.0,0.0,0.0,0.0,0.0,0.0,0.0,0.0,0.0,0.0,0.0,0.0,0.0,0.0,0.0,0.0,0.0,0.0,0.0,0.0,0.0,0.0,0.0,0.0,0.0,0.0,0.0,0.0,0.0,0.0,0.0,0.0,0.0,0.0,0.0,0.0,0.0,0.0,0.0,0.0,0.0,0.0,0.0,0.0,0.0,0.0,0.0,0.0,0.0,0.0,0.0,0.0,0.0,0.0,0.0,0.0,0.0,0.0,0.0,0.0,0.0,0.0,0.0,0.0,0.0,0.0,0.0,0.0,0.0,0.0,0.0,0.0,0.0,0.0,0.0,0.0,0.0,0.0,0.0,0.0,0.0,0.0,0.0,0.0,0.0,0.0,0.0,0.0,0.0,0.0,0.0,0.0,0.0,0.0,0.0,0.0,0.0,0.0,0.0,0.0
30788>30510,524,524,BDSu,Bond Street,Bond Street // Elizabeth Line // WB,669,OXCu,Oxford Circus,Oxford Circus // Bakerloo // NB,Alight-Exit-Interchange-Enter-Board,3.146453149029659,0.0014866977,0.440870221592,0.6926316082470602,0.12624273279676,0.5972470301176,1.28797485857624,0.0,0.0,0.0,0.0,0.0,0.0,0.0,0.0014866977,0.0014866977,0.0060749187,0.0121279447,0.0144740964,0.0131464322,0.013240686986,0.017127660786,0.011564970386,0.05001192668600001,0.054498400186,0.1277872494,0.119329237462,0.125145407862,0.09318520986199999,0.08854711755240001,0.0151704632504,0.0151573744684,0.009789873528399998,0.0024224573284,0.0024182249498,0.002414361128,0.004530417048,0.003593278633600001,0.0465891548336,0.046587433603,0.0500779577268,0.04795894303484,0.05009742158923999,0.01045399038924,0.0104532088728,0.00696081513016,0.01292473162212,0.01078497688496,0.01245652408496,0.01245626852432,0.01245599633962,0.00649133338808,0.006491109962600001,0.0126204219626,0.01262030441148,0.02014636153882,0.02014622857688,0.0201460909209,0.00752748786452,0.00752737688444,1.04114682e-06,9.537605000000002e-07,0.01252402237912,0.01252397429574,0.012523892071872,0.01252384082852,0.0125237909771,5.923621600000001e-07,5.488871e-07,5.327275400000001e-07,5.09342672e-07,0.08064559469389201,0.08064557259695201,0.169411869211772,0.21644631212228,0.23565467728812,0.28637944528812,0.286379368,0.197612968,0.150578428,0.131369972,0.0,0.0,0.0,0.0,0.0,0.0,0.0,0.0,0.0,0.0,0.0,0.0,0.0,0.0,0.0,0.0,0.0,0.0,0.0,0.0,0.0,0.0
30788>30511,524,524,BDSu,Bond Street,Bond Street // Elizabeth Line // WB,669,OXCu,Oxford Circus,Oxford Circus // Bakerloo // SB,Alight-Exit-Interchange-Enter-Board,34.02212183899999,0.0,5.017478546,19.091472492,7.17082075,1.9707258,0.7716242510000001,0.0,0.0,0.0,0.0,0.0,0.0,0.0,0.0,0.0,0.0140828372,0.1996638172,0.2908457632000001,0.5013993832000001,0.5605404592000001,0.72212827,0.588147836,0.6240862180000001,0.481893934,0.556748868,0.47794116,0.6874986340000001,0.7614232259999999,0.92180533,0.9153366,1.08758834,0.970881032,0.896526252,0.8433825420000001,0.964385442,0.871969902,0.8943349840000001,0.9212226840000001,0.966224374,0.893625922,0.8370026159999999,0.7716848540000001,0.756977514,0.6732498339999999,0.5712771459999999,0.6137095020000001,0.6203871999999999,0.573600506,0.508110194,0.569267862,0.6743450520000001,0.649221874,0.727143962,0.7107343620000001,0.682917294,0.5654719739999999,0.573639306,0.476679192,0.6025927839999999,0.548878096,0.485756436,0.473440418,0.4443169279999999,0.2740541566,0.2328746666000001,0.1676347936,0.1025525716,0.08642144759999999,0.08295715700000003,0.09588194900000002,0.09512821099999999,0.130891947,0.115765301,0.142246671,0.144386163,0.191665274,0.142079894,0.1294153740000001,0.09577364600000003,0.06830390000000001,0.0,0.0,0.0,0.0,0.0,0.0,0.0,0.0,0.0,0.0,0.0,0.0,0.0,0.0,0.0,0.0,0.0,0.0,0.0,0.0,0.0,0.0
30788>30514,524,524,BDSu,Bond Street,Bond Street // Elizabeth Line // WB,669,OXCu,Oxford Circus,Oxford Circus // Central // EB,Alight-Exit-Interchange-Enter-Board,0.0,0.0,0.0,0.0,0.0,0.0,0.0,0.0,0.0,0.0,0.0,0.0,0.0,0.0,0.0,0.0,0.0,0.0,0.0,0.0,0.0,0.0,0.0,0.0,0.0,0.0,0.0,0.0,0.0,0.0,0.0,0.0,0.0,0.0,0.0,0.0,0.0,0.0,0.0,0.0,0.0,0.0,0.0,0.0,0.0,0.0,0.0,0.0,0.0,0.0,0.0,0.0,0.0,0.0,0.0,0.0,0.0,0.0,0.0,0.0,0.0,0.0,0.0,0.0,0.0,0.0,0.0,0.0,0.0,0.0,0.0,0.0,0.0,0.0,0.0,0.0,0.0,0.0,0.0,0.0,0.0,0.0,0.0,0.0,0.0,0.0,0.0,0.0,0.0,0.0,0.0,0.0,0.0,0.0,0.0,0.0,0.0,0.0,0.0,0.0,0.0,0.0,0.0
30788>30515,524,524,BDSu,Bond Street,Bond Street // Elizabeth Line // WB,669,OXCu,Oxford Circus,Oxford Circus // Central // WB,Alight-Exit-Interchange-Enter-Board,0.0,0.0,0.0,0.0,0.0,0.0,0.0,0.0,0.0,0.0,0.0,0.0,0.0,0.0,0.0,0.0,0.0,0.0,0.0,0.0,0.0,0.0,0.0,0.0,0.0,0.0,0.0,0.0,0.0,0.0,0.0,0.0,0.0,0.0,0.0,0.0,0.0,0.0,0.0,0.0,0.0,0.0,0.0,0.0,0.0,0.0,0.0,0.0,0.0,0.0,0.0,0.0,0.0,0.0,0.0,0.0,0.0,0.0,0.0,0.0,0.0,0.0,0.0,0.0,0.0,0.0,0.0,0.0,0.0,0.0,0.0,0.0,0.0,0.0,0.0,0.0,0.0,0.0,0.0,0.0,0.0,0.0,0.0,0.0,0.0,0.0,0.0,0.0,0.0,0.0,0.0,0.0,0.0,0.0,0.0,0.0,0.0,0.0,0.0,0.0,0.0,0.0,0.0
30788>30532,524,524,BDSu,Bond Street,Bond Street // Elizabeth Line // WB,669,OXCu,Oxford Circus,Oxford Circus // Victoria // NB,Alight-Exit-Interchange-Enter-Board,65.541060516,0.0,10.397725754,26.081635026,15.913512076,10.667837184,2.480350476,0.0,0.0,0.0,0.0,0.0,0.0,0.0,0.0,0.0212614372,0.0549391412,0.3572776612,0.5112366011999999,0.6978432212000001,0.919238984,1.14109026,1.22299756,1.171272412,1.351084532,1.526052372,1.423431572,1.110669892,1.12296594,0.8819420000000001,0.6647506999999999,0.5864605600000001,0.67862184,0.68524028,0.7078779900000001,0.543298112,0.6479357840000001,0.9144101240000001,1.034227944,0.97496586,1.198647718,1.866402706,1.679690646,1.554332246,1.66939302,1.62312758,1.06292796,1.12292854,1.137621648,1.298298668,1.314897268,1.321051608,1.296235228,1.40123608,1.42633742,1.345406432,1.276760852,1.308605992,1.240298412,1.051091272,1.41135058,1.48179106,1.35334714,1.28985764,1.41122562,1.158307,1.00959996,0.8739046760000001,0.930483224,0.8241035840000001,0.7038444720000001,0.5765131800000001,0.634839264,0.682824416,0.5723341479999999,0.5899381400000001,0.6593074600000001,0.5546835400000001,0.3466152600000001,0.2417147680000001,0.08809130800000001,0.0,0.0,0.0,0.0,0.0,0.0,0.0,0.0,0.0,0.0,0.0,0.0,0.0,0.0,0.0,0.0,0.0,0.0,0.0,0.0,0.0,0.0
30788>30533,524,524,BDSu,Bond Street,Bond Street // Elizabeth Line // WB,669,OXCu,Oxford Circus,Oxford Circus // Victoria // SB,Alight-Exit-Interchange-Enter-Board,226.7238649400001,0.913085,47.0076833,100.50877682,47.16415988000001,27.003008096,4.127151844,0.0,0.0,0.0,0.0,0.0,0.0,0.0,0.913085,1.62814834,2.21879542,3.29109414,3.99279426,3.9032942,4.283995060000001,4.64084338,4.511832500000001,4.83463958,4.56802734,4.81696054,4.31725854,4.7488647,4.793289700000001,5.61261208,5.143954760000002,5.62813936,4.7866838,4.46990596,3.77340538,3.84906064,3.54528384,4.06133194,4.34400872,4.554431620000001,4.105617280000001,4.40536016,4.02035974,3.8186663,3.5362408,3.598863300000001,3.24966578,3.54785946,3.4095176,3.551048440000001,3.954605460000001,4.12584698,3.615425820000001,4.30851432,4.436009780000001,4.34799626,4.06946486,4.378176220000001,3.61798508,3.91589842,3.47668096,3.560782720000001,3.31137846,3.08704272,2.43417778,2.3955553,2.1769203,2.0965306,2.07650222,2.16417242,2.2714429,2.42845662,2.23980684,2.027825068,1.604575328,1.208213448,0.977955028,0.735428768,0.5640814599999999,0.3777944,0.26367874,0.0,0.0,0.0,0.0,0.0,0.0,0.0,0.0,0.0,0.0,0.0,0.0,0.0,0.0,0.0,0.0,0.0,0.0,0.0,0.0,0.0,0.0
30788>30701,524,524,BDSu,Bond Street,Bond Street // Elizabeth Line // WB,524,BDSu,Bond Street,Bond Street // EntEx,Alight-Exit,8114.511942,17.287762,1057.696848,5537.569434000001,1083.598874,373.2566548,45.1023692,0.0,0.0,0.0,0.0,0.0,0.0,0.0,17.287762,27.8535594,39.4737682,55.55453900000001,74.64119699999999,80.03576899999999,88.16979460000002,94.61857980000002,99.453921,109.822563,109.955909,134.89523,143.222018,177.171872,204.029552,233.10692,244.705936,276.836222,280.224064,272.565616,272.7191800000001,267.806438,265.130902,257.909406,258.906034,251.875536,243.07747,231.69089,223.347994,219.181624,212.79901,209.348498,204.391708,197.77158,189.57409,179.398628,164.000264,146.207993,131.6390362,112.1838842,100.5563802,93.0083272,87.78054720000002,79.18168080000002,74.30801880000001,70.48676080000001,67.4382928,61.4895568,59.31839600000001,56.198574,51.319605,45.7023488,41.128517,35.05863860000001,29.0733022,24.8903204,22.1433286,19.5398408,17.67070840000001,16.0654214,14.4660496,12.920371,11.3918456,8.6005524,6.352511799999999,4.004558400000001,1.83253,0.0,0.0,0.0,0.0,0.0,0.0,0.0,0.0,0.0,0.0,0.0,0.0,0.0,0.0,0.0,0.0,0.0,0.0,0.0,0.0,0.0,0.0
30788>30714,524,524,BDSu,Bond Street,Bond Street // Elizabeth Line // WB,524,BDSu,Bond Street,Bond Street // Central // EB,Alight-Interchange-Board,1.23960020213172,0.005489566600000001,0.1009994754,0.0834229661,0.4023992183,0.337499898585376,0.309789077146344,0.0,0.0,0.0,0.0,0.0,0.0,0.0,0.005489566600000001,0.0158058252,0.0158058252,0.0158058252,0.0212978084,0.0158082418,0.005491983200000001,0.005491983200000001,0.005491983200000001,0.0,0.0,0.0,0.0,0.003218972,0.0107116916,0.0107116916,0.0107116916,0.0107116916,0.007492719599999999,0.0,0.0,0.0,0.0,0.0,0.00106571186,0.00106571186,0.00106571186,0.005381293860000001,0.005381293860000001,0.004315582,0.004315582,0.004315582,0.0,0.0,0.0,0.0,0.0029580388,0.0589241528,0.0589241528,0.05951270242000001,0.06206045462000001,0.07811341262,0.02214729862,0.02214729862,0.021558749,0.0190109968,0.0,0.0,0.0,0.0,0.0,0.0,0.0,0.0,0.0,0.0,0.038774214,0.038774241146344,0.08665048114634401,0.08665048114634401,0.08665048114634401,0.047876267146344,0.090683554,0.04280731400000001,0.04280731400000001,0.04280731400000001,0.04280731400000001,0.0,0.0,0.0,0.0,0.0,0.0,0.0,0.0,0.0,0.0,0.0,0.0,0.0,0.0,0.0,0.0,0.0,0.0,0.0,0.0,0.0,0.0
30788>30715,524,524,BDSu,Bond Street,Bond Street // Elizabeth Line // WB,524,BDSu,Bond Street,Bond Street // Central // WB,Alight-Interchange-Board,69.7035555,0.0,14.54553900000001,43.84256360000001,0.0,11.3154529,0.0,0.0,0.0,0.0,0.0,0.0,0.0,0.0,0.0,0.0,0.0,0.0,2.909107800000001,2.909107800000001,2.909107800000001,2.909107800000001,2.909107800000001,0.0,0.0,0.0,0.0,0.0,0.0,0.0,0.0,0.0,0.0,2.2135192,3.2934832,4.6848168,5.116755,5.116755,2.9032358,1.8232718,0.4319382000000001,0.0,0.0,0.0,1.7054418,2.4000866,3.65175772,3.65175772,3.65175772,1.94631592,1.25167112,0.0,0.0,0.0,0.0,0.0,0.0,0.0,0.0,0.0,0.0,0.0,0.0,0.0,0.0,0.0,1.49839906,1.97582816,2.26309058,2.26309058,2.26309058,0.7646915200000002,0.28726242,0.0,0.0,0.0,0.0,0.0,0.0,0.0,0.0,0.0,0.0,0.0,0.0,0.0,0.0,0.0,0.0,0.0,0.0,0.0,0.0,0.0,0.0,0.0,0.0,0.0,0.0,0.0,0.0,0.0,0.0
30788>30722,524,524,BDSu,Bond Street,Bond Street // Elizabeth Line // WB,524,BDSu,Bond Street,Bond Street // Jubilee // NB,Alight-Interchange-Board,1077.3805523,1.9055769,105.75932316,499.2246876400001,265.7902990000001,178.314905,26.3857606,0.0,0.0,0.0,0.0,0.0,0.0,0.0,1.9055769,3.5768705,3.96814274,6.09517014,9.03472134,8.788897640000002,8.21425724,9.9075996,9.187354,10.2483208,10.10714032,13.45497632,13.17587252,15.99211072,14.45390232,17.1293748,16.297981,18.9495156,17.74027760000001,18.8666578,18.3597518,19.3764076,19.7616058,21.0508066,21.7087702,22.6557436,22.29802160000001,21.9121016,22.296549,22.4051446,21.8803464,23.56530260000001,24.442327,25.1428656,25.1630236,25.0809622,22.695138,21.722533,19.9435162,19.44180260000001,19.4623336,20.79855460000001,21.0392532,22.2425804,23.168948,24.28279,24.4376622,24.6246246,24.6257006,23.7566692,22.3546146,21.4988762,19.0273506,16.5067304,14.4172276,12.8096636,10.6354304,10.0634696,9.670848,9.126868600000002,8.447156200000002,8.0065811,6.8817146,4.9816012,3.6840538,2.2117588,0.6200511,0.0,0.0,0.0,0.0,0.0,0.0,0.0,0.0,0.0,0.0,0.0,0.0,0.0,0.0,0.0,0.0,0.0,0.0,0.0,0.0,0.0,0.0
30788>30723,524,524,BDSu,Bond Street,Bond Street // Elizabeth Line // WB,524,BDSu,Bond Street,Bond Street // Jubilee // SB,Alight-Interchange-Board,326.5715760899999,0.61428556,90.01642002,168.32524942,37.433453396,25.335926814,4.846240880000001,0.0,0.0,0.0,0.0,0.0,0.0,0.0,0.61428556,0.99486722,1.9796791,4.511437300000001,5.589237900000001,6.636282340000001,8.976159280000003,10.699582,10.2558368,11.271825,10.794225,9.8075172,8.49977088,8.148911080000001,7.703330280000001,8.926475880000002,9.22410988,10.0807618,9.492479800000002,9.4353126,8.2687144,7.730870599999999,6.462988800000002,6.932610800000001,6.499003200000002,6.200422060000001,5.82270376,6.329287920000001,5.60161798,5.508947580000001,5.290224480000001,5.74827444,5.55047388,5.985309020000001,5.69769956,6.2079736,5.47674602,5.22129722,4.38761708,4.07997678,3.37671606,2.90745118,2.31024082,2.83125466,2.75618814,2.426129634,2.582585174000001,2.608608074,1.945388574,2.206401414,2.27511778,2.34292894,2.22314972,2.16637944,1.63174822,1.78716368,1.77712546,2.1694936,2.16333646,2.3282762,2.2648059,1.703831844,1.178981404,0.8921362240000001,0.6063683440000001,0.2457788440000001,0.2191442200000001,0.0,0.0,0.0,0.0,0.0,0.0,0.0,0.0,0.0,0.0,0.0,0.0,0.0,0.0,0.0,0.0,0.0,0.0,0.0,0.0,0.0,0.0
30788>30787,524,524,BDSu,Bond Street,Bond Street // Elizabeth Line // WB,524,BDSu,Bond Street,Bond Street // Elizabeth Line // EB,Alight-Interchange-Board,0.0,0.0,0.0,0.0,0.0,0.0,0.0,0.0,0.0,0.0,0.0,0.0,0.0,0.0,0.0,0.0,0.0,0.0,0.0,0.0,0.0,0.0,0.0,0.0,0.0,0.0,0.0,0.0,0.0,0.0,0.0,0.0,0.0,0.0,0.0,0.0,0.0,0.0,0.0,0.0,0.0,0.0,0.0,0.0,0.0,0.0,0.0,0.0,0.0,0.0,0.0,0.0,0.0,0.0,0.0,0.0,0.0,0.0,0.0,0.0,0.0,0.0,0.0,0.0,0.0,0.0,0.0,0.0,0.0,0.0,0.0,0.0,0.0,0.0,0.0,0.0,0.0,0.0,0.0,0.0,0.0,0.0,0.0,0.0,0.0,0.0,0.0,0.0,0.0,0.0,0.0,0.0,0.0,0.0,0.0,0.0,0.0,0.0,0.0,0.0,0.0,0.0,0.0
