ID,Complex NLC,From NLC,From ASC,From Station,From Node,To NLC,To ASC,To Station,To Node,Movement,Total,Early     ,AM Peak   ,Midday    ,PM Peak   ,Evening   ,Late      ,0500-0515,0515-0530,0530-0545,0545-0600,0600-0615,0615-0630,0630-0645,0645-0700,0700-0715,0715-0730,0730-0745,0745-0800,0800-0815,0815-0830,0830-0845,0845-0900,0900-0915,0915-0930,0930-0945,0945-1000,1000-1015,1015-1030,1030-1045,1045-1100,1100-1115,1115-1130,1130-1145,1145-1200,1200-1215,1215-1230,1230-1245,1245-1300,1300-1315,1315-1330,1330-1345,1345-1400,1400-1415,1415-1430,1430-1445,1445-1500,1500-1515,1515-1530,1530-1545,1545-1600,1600-1615,1615-1630,1630-1645,1645-1700,1700-1715,1715-1730,1730-1745,1745-1800,1800-1815,1815-1830,1830-1845,1845-1900,1900-1915,1915-1930,1930-1945,1945-2000,2000-2015,2015-2030,2030-2045,2045-2100,2100-2115,2115-2130,2130-2145,2145-2200,2200-2215,2215-2230,2230-2245,2245-2300,2300-2315,2315-2330,2330-2345,2345-0000,0000-0015,0015-0030,0030-0045,0045-0100,0100-0115,0115-0130,0130-0145,0145-0200,0200-0215,0215-0230,0230-0245,0245-0300,0300-0315,0315-0330,0330-0345,0345-0400,0400-0415,0415-0430,0430-0445,0445-0500
30101>30110,511,511,BSTu,Baker Street,EntEx,511,BSTu,Baker Street,Bakerloo // NB,Enter-Board,1428.255602740001,7.12289928,88.41925698,477.2217132600001,545.8116223999999,241.3686746,68.31143622,0.0,0.11285075,0.234729684,0.555010944,0.8889901240000001,1.373704624,1.712918874,2.24469428,3.15462476,3.94374398,4.94534128,7.151212279999998,9.06538034,9.3744076,9.466894800000002,9.7054369,8.08932896,7.150100160000001,7.78193036,8.590855560000001,8.45584206,8.77525468,9.19618508,9.21903168,9.42882228,10.40505708,11.6134822,13.0188284,14.0349472,15.3702064,16.4746192,18.1779094,17.9222728,18.3302824,19.4520358,19.825125,19.750446,24.0290624,29.080445,30.8826964,34.75268520000001,39.4694562,40.2073486,39.34967180000001,42.14975180000001,44.04628579999999,48.0921768,50.48393940000001,53.98939340000001,51.91295460000001,51.0982998,45.2466396,41.868639,39.280381,40.5425774,37.1005838,33.92815880000001,30.8622438,26.4807728,21.5551448,19.6505492,18.970833,17.4360862,16.2438806,15.5331524,14.1562286,13.3557416,13.1958828,12.2057596,10.73290008,10.37904928,8.972671440000003,7.474998040000001,5.875476180000001,4.975309500000002,3.140087724,2.232039964,1.260729564,0.6951052240000001,0.225084624,0.142225,0.0,0.0,0,0,0,0,0,0,0,0,0,0,0.0,0.0,0.0
30101>30111,511,511,BSTu,Baker Street,EntEx,511,BSTu,Baker Street,Bakerloo // SB,Enter-Board,4275.8164536,30.77569378,406.0676279200001,1668.4169692,1566.2536872,485.0577722,119.2447033,0.0,0.90167046,1.51078696,2.13029042,3.77305402,5.16989298,6.74286472,10.54713422,14.52376576,17.92697616000001,24.2755992,31.042801,38.1576202,43.99350920000001,46.0549158,45.45461820000001,42.8648456,37.594486,32.64384800000001,31.5346428,32.9790536,34.9472002,36.0696556,40.4809522,45.31254439999999,48.5861086,52.7522506,58.51864760000001,64.218877,68.1457362,71.02858979999999,73.17136579999999,72.3902418,71.51615579999999,72.665655,72.96445,72.275728,79.86325300000001,85.770217,89.015359,93.584943,104.635773,111.88354,115.640672,122.612676,129.64077,137.521866,139.43928,145.867162,147.90655,150.06348,139.0403008,127.6719018,118.7915406,111.9572806,95.7408794,81.79422720000002,71.31206019999998,57.33973040000001,43.95781100000001,36.9462942,34.6094468,32.37621800000001,29.60171020000001,26.64084320000001,24.7314776,23.690258,22.0576954,19.51258,17.3843454,16.878052,14.764086,13.4177268,11.77196934,9.77954274,7.11908214,4.40860654,2.35304314,1.3603108,0.4953584,0.0,0.0,0.0,0,0,0,0,0,0,0,0,0,0,0.0,0.0,0.0
30101>30120,511,511,BSTu,Baker Street,EntEx,511,BSTu,Baker Street,H&C and Circle // EB,Enter-Board,4860.709778980002,99.81724178000002,709.8666614000001,1779.2310106,1435.9721518,603.4142422000001,232.4084712,4.404638820000002,4.92374998,6.466659780000001,8.67728938,12.47128486,15.32197076,21.0550778,26.4965704,32.156325,36.201536,49.3689896,60.56336940000001,71.71872900000001,79.97794100000002,79.47798460000001,75.99997459999999,66.93962060000001,57.11448340000001,49.13374940000001,51.2139588,47.75330080000001,49.3793888,49.94064300000001,49.8898026,50.12738100000001,51.74065300000001,53.70219940000001,58.30686640000001,61.23694980000001,64.3207074,68.71951059999999,70.72032220000001,71.51545420000002,73.30626520000001,74.62542320000001,72.83123520000002,75.15137920000002,83.40640520000002,95.4651412,100.8092602,110.387733,117.517299,117.335305,111.042385,112.8359228,107.6669908,115.9936108,120.9216668,126.0812708,129.42312,141.101538,133.344271,126.1925722,120.1864942,109.7549902,92.4697042,79.68271920000002,70.975514,62.19979560000001,55.8268356,52.16586880000001,49.0252028,45.4240736,42.072389,40.7164644,36.8596338,35.3906358,33.0751096,31.842646,30.5988446,29.608557,26.9935536,24.8061578,22.6295946,18.014994,14.39797712,11.07898936,7.765178560000002,4.217900360000002,2.13370896,0.66311284,0.0,0.0,0,0,0,0,0,0,0,0,0,0,2.5524188,2.5524188,2.5524188
30101>30121,511,511,BSTu,Baker Street,EntEx,511,BSTu,Baker Street,H&C and Circle // WB,Enter-Board,2623.264514227454,30.664254356,246.8144302599999,1003.0430128,864.6629543999999,377.6731333999999,100.4067290114549,1.986825022,2.087801282,2.182232468,3.037027006,2.489506466,3.351469406000001,5.616042346,9.91335036,13.14545606,17.0942882,20.329715,22.7917594,21.8783134,22.755112,21.7259418,21.7660182,21.3937522,22.5525318,20.3454956,21.0360466,21.2927892,21.93999,23.9118592,26.3894268,27.6308492,27.9031274,28.1772534,28.538215,30.6934294,32.3603794,34.4251544,37.6466414,36.5477558,37.56390800000001,38.03607,40.5743532,43.43205579999999,52.43700579999999,57.3954792,61.2929664,68.40096120000001,72.83021719999998,73.6899632,79.9331622,84.71896699999998,80.90846300000003,80.929519,79.85269100000001,74.90536800000002,75.6436468,76.2769928,73.53350080000001,68.75196880000001,62.35579360000001,56.59140880000001,50.1946348,44.83116820000001,41.51927020000001,40.8045722,35.5585382,34.8634974,32.55284640000001,30.323392,27.7360086,25.194828,22.969881,21.1298442,20.189287,17.77612180000001,15.5772898,14.4467724,12.68964,10.4107998,8.961999800000003,7.792145200000001,5.077176300000001,3.407337360000001,2.290733162290977,1.159834962290976,0.5953401622909765,0.2215382622909765,2.2909764e-09,0.0,0,0,0,0,0,0,0,0,0,0,0.0,0.0,0.0
30101>30122,511,511,BSTu,Baker Street,EntEx,511,BSTu,Baker Street,Jubilee // NB,Enter-Board,1898.64742995,8.438951070000002,165.00254318,619.5398859,667.2803386,342.088717,96.2969942,0.056022144,0.283915904,0.40584419,0.57091107,0.83510701,1.407780346,1.935392346,2.94397806,7.18885678,12.13208644,16.38124476,19.052799,20.6640462,18.84609600000001,15.1801974,12.2424216,11.1214982,10.7951036,10.2346691,11.1635241,12.0468177,12.0189627,12.5663083,13.1885136,14.21912,14.585903,16.0489018,16.40626300000001,18.0798622,19.0024532,19.8236496,20.5533952,22.2579666,22.8825898,22.8145904,23.775724,25.56773,33.3328092,37.8865326,40.2825286,46.5140326,52.06515460000001,49.73318460000001,53.88689260000001,59.21692360000001,59.20720900000001,58.98527979999999,59.0182484,55.0348004,52.4239614,52.41877340000001,52.16267380000001,53.41052240000001,56.75792439999999,56.0055204,52.63850160000001,46.8229084,40.16118999999999,32.627754,30.1134546,28.4979714,26.958097,27.41952280000001,26.12137520000001,24.058633,21.1524396,20.3813268,17.7740442,16.300802,14.3360028,12.4315492,11.529611,10.0714597,8.739267700000001,7.159222000000002,6.31216124,4.241839440000001,2.76899474,1.38263854,0.7861610400000001,0.2372848,0.0,0.0,0,0,0,0,0,0,0,0,0,0,0.0,0.0,0.0
30101>30123,511,511,BSTu,Baker Street,EntEx,511,BSTu,Baker Street,Jubilee // SB,Enter-Board,8151.064722599999,133.3693983,1135.2582658,2911.320466,2599.46669,1044.3378594,327.3120431,4.481708999999999,5.678103340000002,7.662046540000001,12.33529674,15.32835934,18.57792014,28.8289852,40.476978,53.24028180000001,62.3309246,84.28481339999998,97.205448,110.107338,118.102648,122.999172,116.31339,108.841902,95.96781,84.10256900000002,81.76196900000002,76.01510900000002,74.169661,75.21685300000001,77.79910000000002,80.960764,86.73411,94.7870932,103.8345672,112.6111212,116.2238052,122.5773852,124.292499,123.093399,121.186255,124.914765,124.033279,125.334486,135.45729,149.986664,156.5382320000001,165.193068,174.723036,184.074634,181.56329,189.649338,199.372,216.783484,221.89471,238.92718,243.336662,249.879744,241.35984,227.96916,208.30677,194.635708,167.3520940000001,142.017096,125.52706,109.339764,93.407636,84.677412,80.730216,76.18320200000002,73.96422700000001,70.7222522,66.7967682,62.596605,58.375621,53.85404500000001,49.736811,46.57801300000001,42.42146080000001,37.7949642,31.286486,24.2950192,16.826211,10.8191763,6.953458900000001,3.9833941,1.8669377,0.8960659,0.0,0.0,0,0,0,0,0,0,0,0,0,0,0.0,0.0,0.0
30101>30124,511,511,BSTu,Baker Street,EntEx,511,BSTu,Baker Street,Metropolitan // NB,Enter-Board,3857.77492768,35.94850288,208.4540455,909.8194518,1652.366953,772.12751,279.0584645000001,1.95622732,2.85355312,3.16727106,4.46513836,4.678346940000001,5.05498134,5.90512234,7.867862400000001,9.3498899,12.8584812,17.5904836,21.7868736,24.734869,24.5919392,22.1540198,18.723789,15.664894,13.2817508,13.5905982,14.1264572,15.4632486,16.0479908,17.5092532,19.1994458,20.4007882,21.5843044,23.7014992,24.29789460000001,25.8074612,28.8569132,30.7149624,32.484174,35.3515948,36.949758,39.690457,42.0754594,44.766119,49.5613498,56.49881300000001,56.0516046,58.09936219999999,63.3054272,70.4480516,80.95351959999999,94.577541,107.323743,117.492931,131.991689,135.878259,143.108099,154.551817,163.652404,158.92203,156.30863,152.450304,136.109506,117.467969,99.470058,87.211946,72.8314788,66.6552748,60.83160920000001,57.45959760000001,51.26801460000002,46.73450980000001,39.38453879999999,36.81560140000001,35.996912,34.0339466,31.5319126,31.1384152,29.5020586,26.3534866,23.566879,24.3362908,21.9367984,18.235215,15.3479491,12.0873811,6.341245300000002,3.3987081,1.2481781,0.0,0,0,0,0,0,0,0,0,0,0,0.0,0.0,0.0
30101>30125,511,511,BSTu,Baker Street,EntEx,511,BSTu,Baker Street,Metropolitan // SB,Enter-Board,5317.019223900001,83.4861269,1042.3549558,1559.1785368,1932.934582,569.4254852,129.6395372,0.0,0.5812883000000001,1.9274279,3.9516375,9.8518649,14.6655319,22.424774,30.0836024,40.1675528,46.7489424,65.7341994,82.39824300000002,106.686575,123.091857,126.303517,124.367328,108.3596992,88.4762432,68.1744566,61.84634220000001,50.15675520000001,50.83959740000001,44.72438380000001,45.46722900000001,44.466454,44.5168754,44.2817314,49.04860900000001,50.52526,54.55213440000001,55.263432,57.12114260000001,56.95408120000001,58.65246060000001,58.82901700000001,60.820148,62.3126724,70.8976858,79.1800628,84.36403440000002,92.57384040000001,102.845272,117.754526,123.031132,134.411394,149.570814,166.027158,171.27641,188.693392,195.740604,192.944144,183.72141,168.839208,146.9505160000001,126.908996,107.850536,88.83287840000001,74.82783540000001,61.2279306,53.51997859999999,47.26585060000001,43.76550340000001,38.5198774,37.48035940000001,35.01171779999999,32.1164418,29.38498520000001,27.47212660000001,25.2797082,23.3048196,21.7160966,18.9793868,15.91525308,11.53029028,7.544028480000001,3.841851480000001,1.52810268,0.0,0.0,0.0,0.0,0.0,0.0,0,0,0,0,0,0,0,0,0,0,0.0,0.0,0.0
30110>30101,511,511,BSTu,Baker Street,Bakerloo // NB,511,BSTu,Baker Street,EntEx,Alight-Exit,3128.8055981,68.51711540000001,975.4466368,1257.683276,510.4043040000001,217.572722,99.18154389999998,0.0,0.842835,1.6454344,2.1694622,5.790958799999999,11.5919366,19.1217144,27.35477400000001,38.3081662,47.6055416,57.38066380000001,68.01767699999999,85.50681,101.306582,109.202363,113.820937,109.380617,96.986047,79.04193459999999,68.88929759999999,60.6096382,57.36662920000001,54.0075926,54.69916060000001,55.1139566,52.64928000000001,50.360132,49.4538246,50.749066,52.32887,55.29232900000001,57.85991320000001,59.74983320000001,60.54291260000001,58.0815816,54.92848780000001,53.53296700000001,52.718617,49.03808580000001,45.80434560000001,44.6222556,44.0839402,42.1753442,41.9145134,44.7272006,45.596883,44.0212954,43.6381994,44.581755,43.486011,42.78903140000001,44.1400676,43.69526279999999,40.6536692,37.9726426,35.102286,29.08086240000001,24.0497636,20.7419612,18.314763,16.6786828,16.3120202,16.4692752,16.9324892,16.0408336,14.7227798,14.1842774,14.0450136,14.8369446,15.3452648,14.9750974,14.522054,12.39094512,9.18517512,6.528012600000001,4.8601673,2.93411762,1.8743829,1.0592419,0.5294766200000001,0.1406639200000001,0.0,0.0,0,0,0,0,0,0,0,0,0,0,0.0,0.0,0.0
30110>30120,511,511,BSTu,Baker Street,Bakerloo // NB,511,BSTu,Baker Street,H&C and Circle // EB,Alight-Interchange-Board,21.43875959600001,3.733285655,1.7360553374,8.2308103642,3.405656700400001,1.9765312378,2.3564203012,0.0,0.71926212,0.7347960240000001,0.7347960240000001,0.7347960240000001,0.7406524109999999,0.021390291,0.047592761,0.047592761,0.047592761,0.078111566,0.08524904339999999,0.1078486234,0.1290028662,0.1403619822,0.1655511222,0.2832948248,0.2350391296000001,0.2138848868000001,0.2025257708000001,0.1409614388000001,0.05347863880000001,0.13862819,0.230945538,0.304576282,0.396473108,0.41530538,0.389043198,0.31864566,0.317975668,0.291394232,0.37613308,0.353491524,0.36395914,0.390345708,0.4142491840000001,0.344993684,0.407901498,0.5299264260000001,0.52774615,0.5059069039999999,0.436242049,0.3228877728,0.2595999108,0.2317606328000001,0.2859727328,0.288364735,0.2864851252,0.2122849552,0.1549616481999999,0.1812388882000001,0.2647631690000001,0.3129559410000001,0.423859585,0.4379238660000001,0.325085422,0.302329594,0.254136822,0.1520938500000001,0.12602511,0.125318138,0.107219238,0.12362351,0.120741553,0.1341320762,0.1450138522,0.1729495002,0.2129479942,0.2583045172,0.339123058,0.344292618,0.300917768,0.277569968,0.235213186,0.172360522,0.147530302,0.115858804,0.08280383799999999,0.05690106,0.02554466,0.0,0.0,0.0,0,0,0,0,0,0,0,0,0,0,0.0,0.0,0.0
30110>30121,511,511,BSTu,Baker Street,Bakerloo // NB,511,BSTu,Baker Street,H&C and Circle // WB,Alight-Interchange-Board,995.9314374219995,6.941628422,138.23463002,276.65607512,293.2929568000001,167.9311014,112.87504566,0.0,0.005346079599999999,0.0165422824,0.1082841124,0.3119579324,0.6718305924000001,1.7134735128,4.11419391,5.71254568,6.73231098,8.84058692,11.26807412,11.63603972,12.64625812,13.4175862,14.1927622,13.4064074,14.3435932,13.19352934,12.84493614,11.61988834,9.93062702,8.16070702,8.38772668,8.59294708,8.65827728,9.517242999999999,9.257605,9.4764502,9.5073004,10.0661182,10.7930729,11.8706847,12.4519319,12.6108417,11.9697693,12.2514086,12.10356,11.8582762,12.5298658,14.1552394,14.9404874,16.4824092,19.4636378,22.1817666,23.178961,23.4330762,23.5232644,25.6921348,27.087388,27.5350606,27.9633672,28.006271,24.49727780000001,20.7915416,19.4028476,17.6795778,15.7333558,14.1923456,12.554625,12.142719,12.271212,12.1511676,12.7180822,14.331748,13.4078202,14.4929834,16.2554648,17.8302552,17.4685308,17.206472,15.6875644,13.205212,10.1422722,7.965981200000001,6.08262828,3.832366452000001,2.326216852,0.8152796520000001,0.256960052,0.05530657200000001,0.0,0.0,0,0,0,0,0,0,0,0,0,0,0.0,0.0,0.0
30110>30122,511,511,BSTu,Baker Street,Bakerloo // NB,511,BSTu,Baker Street,Jubilee // NB,Alight-Interchange-Board,2262.246832081,26.289230661,192.38466774,436.62890738,713.2658328,543.6190156000001,350.0591779,0.0,0.004137676200000001,1.1179358162,2.5057892162,3.3069906162,3.8524666762,7.0314664,8.47044426,11.88710826,15.98325086,21.0948126,22.30148040000001,23.348358,21.1757366,18.63800820000001,14.8266987,12.3711971,11.2667535,10.03751796,9.45374556,8.80611546,8.55235326,7.92842606,8.4846984,8.9220664,9.711431800000002,10.3530274,11.4433778,12.0053666,12.9797522,14.8389412,16.03561220000001,16.6963918,17.6746974,18.5443226,19.0179894,20.7347634,22.4313638,25.653766,27.4371588,28.8539706,31.4080226,37.40477480000001,40.71051740000001,47.3420476,50.57792280000001,54.85339680000001,53.3781984,58.02781160000001,58.36088460000001,63.61357220000001,63.47289500000001,69.236774,65.92322879999999,66.01938280000002,62.45971820000001,58.4189054,50.95948200000001,49.3784174,47.078923,43.90383440000001,43.70657240000001,42.7987918,42.3233364,39.21600220000001,39.17459219999999,40.7452162,45.9149422,49.67885220000001,50.21227200000001,49.81309520000001,48.5557552,41.2787058,32.4980098,25.7565153,20.8421533,13.90456498,8.774646380000002,4.48451238,3.19804368,1.06205168,0.0,0.0,0,0,0,0,0,0,0,0,0,0,0.0,0.0,0.0
30110>30123,511,511,BSTu,Baker Street,Bakerloo // NB,511,BSTu,Baker Street,Jubilee // SB,Alight-Interchange-Board,71.61410968176958,0.70656851381568,8.23173049795392,26.764815712,26.634989892,7.713622616000002,1.56238245,0.0,0.0,0.039669188,0.09232988800000001,0.09233077155392,0.11342908275392,0.18154668875392,0.18726289475392,0.15322762875392,0.1793555972,0.179041008,0.4032876420000001,0.6897939479999999,0.827523094,1.093627882,1.3564355,1.12214348,0.8629908740000001,0.764160642,0.600143202,0.409830366,0.517411206,0.661720752,0.8239974640000001,0.8503955040000001,0.99614908,0.985623748,0.8847320200000001,0.98594028,0.99442764,0.9807809200000002,1.057345692,1.1934126,1.1066317,1.124701852,1.067403452,1.105921952,1.170477312,1.186315992,1.3044915,1.45679488,1.57050814,2.08404808,2.24575358,2.52876306,2.74827312,2.960926600000001,2.65349668,2.66549108,2.34580002,2.28891262,2.07669856,1.82826336,1.65788614,1.576917006,1.303561646,1.195474346,1.034905266,1.070064466,0.974724626,0.832900966,0.680082726,0.616037276,0.3372721488,0.2904109208,0.2828506808,0.2104522688,0.1884469248000001,0.210536638,0.201246344,0.1465977354,0.1601161834,0.1656968354,0.1392871222,0.1256042002,0.1252415774,0.0952827034,0.0618679254,0.05640407260000001,0.0398818106,0.034619302,0.0,0.0,0,0,0,0,0,0,0,0,0,0,0.0,0.0,0.0
30110>30124,511,511,BSTu,Baker Street,Bakerloo // NB,511,BSTu,Baker Street,Metropolitan // NB,Alight-Interchange-Board,4733.116409999999,37.759887,168.0690918,865.1482001999999,1733.034131,1171.740157,757.364943,0.0,0.9221712,1.4943818,3.2706476,4.874831400000001,7.045334200000001,9.2328254,10.9196954,12.2287928,12.2904346,13.6753358,12.3487904,15.5156784,15.1249838,16.3046931,15.5534183,16.66171210000001,13.0983856,13.0902738,12.1765931,10.6359863,10.3821275,12.00955,12.7887732,15.002637,17.8989756,19.0847416,20.78714140000001,23.0093122,24.2884606,26.01764720000001,29.22207280000001,31.94324240000001,34.6578162,38.9709992,43.594019,47.50451620000001,50.6936838,53.78068520000001,59.8690878,63.77660240000001,67.2489076,70.73849399999999,81.242721,91.006096,101.789052,113.17148,128.34213,136.326523,151.424904,163.795144,179.656164,180.357878,180.290298,164.280246,142.594216,128.04748,112.59836,99.22321,88.514219,95.3232322,89.1112442,91.1747222,91.8202302,96.1733572,92.235222,90.06057400000002,97.458306,108.607422,107.513764,103.380512,100.969478,89.879328,68.971491,57.91581720000001,47.54820280000001,32.998997,19.61230500000001,12.190102,6.017141800000001,1.7603822,0.0,0.0,0,0,0,0,0,0,0,0,0,0,0.0,0.0,0.0
30110>30125,511,511,BSTu,Baker Street,Bakerloo // NB,511,BSTu,Baker Street,Metropolitan // SB,Alight-Interchange-Board,73.52559045422001,0.263826781688,5.484143240532001,30.101431428,19.736425324,10.839085956,7.100677724000001,0.0,0.0,0.0,0.0,0.012487696,0.04688162,0.046889792844,0.157567672844,0.277782512844,0.4516608368440001,0.4801251128440001,0.5471723260000001,0.5417031520000001,0.455271252,0.350110886,0.4522202660000001,0.445090352,0.3902559860000001,0.4705981860000001,0.6221523720000001,0.627873326,0.679847742,0.8899472819999998,1.060347222,1.080498522,0.942712538,1.026836162,1.071152942,0.953211402,0.949592382,1.236280432,1.4381653,1.3565671,1.32782576,1.35822384,1.30583608,1.2817228,1.42195846,1.67278738,1.73921318,1.82719634,1.81499716,1.6899108,1.348727276,1.145586176,1.289524656,1.200829716,1.348048316,1.50634352,2.21584962,2.1055809,2.12436466,2.05283262,1.9987456,1.41860642,1.33011312,1.1716361,1.10531228,1.083709812,1.023809272,0.8368882719999999,0.839595902,0.722652622,0.8239858099999999,0.7303046040000001,0.7239391340000001,0.7744699740000001,1.002782174,1.280317354,1.37974636,1.314096974,1.313500104,0.9544266840000001,0.445465004,0.227275924,0.18584932,0.0,0.0,0.0,0.0,0.0,0.0,0.0,0,0,0,0,0,0,0,0,0,0,0.0,0.0,0.0
30111>30101,511,511,BSTu,Baker Street,Bakerloo // SB,511,BSTu,Baker Street,EntEx,Alight-Exit,196.3504072369999,4.138236260000001,61.00048175999999,82.81196978000001,34.6791238,11.115806792,2.604788845,0.0,0.044413956,0.264581996,0.391557296,0.602133736,0.7641849759999999,0.90256162,1.16880268,1.43937846,2.16329582,3.79771538,5.75053298,6.480557279999998,7.34190866,7.41558186,6.707831860000002,5.387331580000001,5.14682888,4.7825375,4.5869815,4.36207524,4.3582552,4.1508897,4.0096027,3.926176,3.76543666,3.62342238,3.60638592,3.561191780000001,3.55928194,3.61450474,3.62452348,3.4712355,3.35988086,3.15918798,2.94798094,2.8469957,2.85396858,2.81208472,2.899083800000001,2.9333105,3.09876766,3.10717182,3.16055598,3.12260612,3.10717644,2.91808698,2.92203892,2.97841628,3.07511548,3.0215695,3.03954776,2.97990754,2.80963858,2.48834622,2.21667398,1.86905936,1.50386516,1.185681192,1.024251398,0.940218978,0.864832598,0.8048196320000001,0.7680880920000001,0.661034772,0.5597867719999999,0.492403176,0.441765662,0.36963009,0.363137184,0.37629995,0.361987016,0.310909624,0.272468834,0.213498236,0.1553155314,0.08736000140000001,0.0563525534,0.0274604234,0.0103694014,0.0,0.0,0.0,0,0,0,0,0,0,0,0,0,0,0.0,0.0,0.0
30111>30120,511,511,BSTu,Baker Street,Bakerloo // SB,511,BSTu,Baker Street,H&C and Circle // EB,Alight-Interchange-Board,269.1740157200001,21.578992012,71.238709012,63.27057638600001,85.34447741,19.677762838,8.063498062,0.0,2.9175664,2.9175664,3.3633154,3.3633154,4.45770846,1.583002976,2.976516976,2.54069816,2.645634068,3.871437408,5.769295492,5.298564772,7.922418688,8.6803201,9.3502735,7.456470445999999,7.457041766000001,5.554695966000001,4.691858646,1.701708846,2.5720649,2.361294940000001,2.00608466,2.76750176,3.14151486,2.791994600000001,2.44183342,2.72725076,2.31957324,2.42169062,2.13193134,2.60287142,2.5298615,2.67869564,2.44525942,2.81494936,2.28831464,2.05910718,2.02757494,2.46613548,3.00725894,3.95764872,5.0084552,6.05035546,6.622623260000001,7.403336800000001,8.121934000000001,8.81358214,8.10480396,9.90536516,8.679998020000001,7.497817220000001,5.541536190000001,5.32041253,3.28271267,2.77894117,2.66996571,2.872718260000001,2.28967836,1.62892026,1.461784674,1.199667234,0.960556514,1.148289594,0.9058150340000001,1.04146072,0.7199653080000001,0.7744323000000002,0.7226609920000001,0.725105212,0.630060452,0.6343434440000001,0.551960646,0.814060454,0.908532954,0.794686854,0.6894571740000001,0.60812958,0.2100680000000001,0.0,0.0,0.0,0,0,0,0,0,0,0,0,0,0,0.0,0.0,0.0
30111>30121,511,511,BSTu,Baker Street,Bakerloo // SB,511,BSTu,Baker Street,H&C and Circle // WB,Alight-Interchange-Board,85.01468220499999,0.72782184,15.982724544,32.63667873600001,23.25763178,9.957822192,2.452003113,0.0,0.0,0.039551126,0.039551126,0.056026836,0.07750165,0.112196054,0.4029950480000001,0.5091368280000002,0.5228205800000001,1.219990246,1.979262382,1.956416242,2.049622642,2.16818434,1.6956987,1.11421656,0.959295428,0.8918925480000001,0.916188048,0.9654092280000002,0.916351268,1.07648126,1.34476828,1.45543776,1.41080578,1.48562618,1.45032886,1.35403736,1.40735732,1.4047765,1.3870571,1.31158148,1.22378756,1.10236164,1.10658612,1.16237868,1.21998628,1.26032584,1.43741598,1.58889982,1.88211136,1.8511787,1.83162838,1.98339074,2.01826538,1.83772662,2.16279192,2.30836616,2.1282472,2.08183876,1.97669148,1.95439174,1.75934438,1.5940317,1.4525457,1.45667678,1.07309204,0.978737048,1.019019148,1.050399388,0.8803243000000001,0.8183748080000001,0.753245588,0.620091236,0.429456416,0.4297968840000001,0.4486085560000001,0.4990155880000001,0.4728764,0.453855386,0.355320424,0.250662584,0.180433051,0.119487513,0.04690736700000001,0.027200369,0.027200369,0.019044062,0.0,0.0,0.0,0.0,0,0,0,0,0,0,0,0,0,0,0.0,0.0,0.0
30111>30122,511,511,BSTu,Baker Street,Bakerloo // SB,511,BSTu,Baker Street,Jubilee // NB,Alight-Interchange-Board,1282.50257065,21.26913925,259.3169928,326.9922378,450.1544726,172.55568224,52.21404595999999,0.0,0.05339951,0.13468725,0.24129397,2.25368057,3.85300857,6.18423426,8.54883512,13.541274,18.6416094,25.6853414,31.2590734,35.63008079999999,34.3855732,30.4937432,23.0951216,16.508018,11.60466,10.1363294,8.3361684,9.004440800000003,9.2713146,9.754785400000001,9.3227548,10.1506919,10.1494943,11.1738287,11.2469993,11.5476788,11.9279045,12.6560619,12.2202339,12.1253921,12.1300334,11.7175532,11.8426924,12.9296004,13.9778704,15.7154588,18.2011654,19.7147922,20.4631764,24.2910068,25.4573074,30.2120856,33.3319538,35.6878298,35.68040379999999,38.0669744,37.0414794,40.3615906,41.57873060000001,43.5646126,42.1634488,39.5572286,32.9081346,29.8903218,23.5409882,20.5912426,17.6576211,15.6738835,12.9471245,11.56478282,9.83516174,8.54320674,8.07107614,7.229491140000001,7.010781960000001,6.825339720000001,6.56992242,6.2077493,7.116620200000001,6.875011400000001,6.06161022,4.934839020000001,3.94517302,1.98751692,0.94961618,0.47903288,0.26161468,0.0,0.0,0.0,0,0,0,0,0,0,0,0,0,0,0.0,0.0,0.0
30111>30123,511,511,BSTu,Baker Street,Bakerloo // SB,511,BSTu,Baker Street,Jubilee // SB,Alight-Interchange-Board,4858.1001674,164.486138,1284.3755336,1590.6059812,1095.1184998,555.8095558000001,167.704459,0.0,4.380692,9.9200498,14.1956558,22.5824098,30.1956324,35.9243584,47.2873398,59.2670638,69.65328980000001,91.73530920000002,108.8057872,120.980422,129.890717,137.652173,130.275389,121.544065,113.6495862,105.3892852,95.53244620000001,89.65980420000002,83.50925700000002,75.3169218,69.78104780000001,65.96814880000001,62.82449280000001,64.540772,65.02514599999999,67.919168,66.717781,64.662041,61.85626600000001,60.7256666,58.10442320000001,57.9864568,59.95403880000001,62.31739380000001,61.00585440000001,60.33867239999999,61.10297660000001,62.8740058,64.29501579999999,69.10161059999999,75.01902000000003,82.3784402,84.543681,89.431815,93.316237,96.607987,94.943598,97.071338,96.9799,97.116858,92.364108,88.80426200000002,81.56027560000003,74.05059659999999,65.6274226,60.004462,53.99376040000001,50.09357720000001,44.59926960000001,39.3539944,36.5147984,35.008569,33.5513692,32.0965946,30.9151418,28.8738984,26.4340854,22.903665,21.5511978,18.8252478,15.39301508,12.10426268,9.71541428,5.73705268,3.45253468,1.9567114,0.7573738000000001,0.0,0.0,0.0,0,0,0,0,0,0,0,0,0,0,0.0,0.0,0.0
30111>30124,511,511,BSTu,Baker Street,Bakerloo // SB,511,BSTu,Baker Street,Metropolitan // NB,Alight-Interchange-Board,632.6792586900002,6.43405166,73.47730624,115.13877224,302.0152065999999,106.63886738,28.97505457,0.0,0.05122184800000001,0.115284448,0.330198988,0.5020984479999999,1.248047948,1.74634064,2.44085934,3.7816327,5.11677098,5.74544648,7.01112754,8.56950104,8.561951140000001,7.76584436,7.43686636,6.64483896,4.88485636,3.9674012,3.991069120000001,4.20826058,3.52547116,3.47720204,3.41869002,3.45817114,2.7656209,2.93963226,3.399106580000001,3.59933886,3.44047172,3.54505532,3.65002762,3.47747728,3.37215892,3.40264708,3.704126060000001,4.421291220000001,5.033795560000002,5.571786620000001,6.275639,6.764790400000003,6.7416109,9.8233119,15.1230891,16.8889621,20.2493359,22.0916528,26.7622704,26.3373986,30.1826122,29.4790334,32.9107464,29.0313944,26.58353300000001,21.515584,19.98268340000001,17.19437880000001,13.7413128,11.6858957,12.5157909,11.4422385,8.820138300000002,7.950777100000002,7.156212320000002,5.08582332,4.24616468,3.62224438,3.17789058,2.897389060000001,2.7498879,3.352048020000001,4.04714404,3.717927160000001,3.63633284,3.30194601,2.36613379,1.11798487,0.93288475,0.5128426700000001,0.34253346,0.0,0.0,0.0,0,0,0,0,0,0,0,0,0,0,0.0,0.0,0.0
30111>30125,511,511,BSTu,Baker Street,Bakerloo // SB,511,BSTu,Baker Street,Metropolitan // SB,Alight-Interchange-Board,1134.8060478,44.3687565,380.8448,390.1232043,230.5458414,77.46218812000001,11.46125748,0.0,0.0,1.29634552,2.43813562,4.92547162,6.711127019999998,12.52576782,16.4719089,19.9825904,23.710166,28.3979878,33.5511936,35.9560566,36.0122432,37.0841824,41.11017920000001,35.9589776,32.1225128,29.3037054,27.65500500000001,22.514108,20.4151476,20.4629782,21.9435162,20.1442632,17.47100720000001,15.9427418,14.8791992,14.6185084,13.4236554,13.2425073,15.3949547,15.9412479,15.5449063,15.6385909,15.3139762,13.459766,12.2156184,10.9504316,14.1421802,15.50347,16.8358664,16.8783038,17.2462594,14.3313872,17.0674958,16.7937782,18.9839812,21.076385,22.1177206,19.1513968,18.8691406,19.47104220000001,22.7986912,20.6019054,19.2829172,18.3381966,14.06678304,7.67895394,6.649647420000001,5.68956934,4.17600854,4.1357402,3.809138120000001,3.69712158,3.257637700000001,3.0347948,2.92859684,2.73532642,2.2731485,1.96179076,1.54091398,1.15089476,0.8224183600000001,0.56676414,0.28603924,0.12396132,0.0,0.0,0.0,0.0,0.0,0.0,0,0,0,0,0,0,0,0,0,0,0.0,0.0,0.0
30120>30101,511,511,BSTu,Baker Street,H&C and Circle // EB,511,BSTu,Baker Street,EntEx,Alight-Exit,2210.831691580001,64.44840904,689.2781825999999,898.7611078000001,400.2155944,105.27899038,52.84940736000001,0.79332106,1.70274832,4.68016892,5.289174240000001,7.89693602,10.7558358,16.35280454,16.97742014,21.9349542,28.6322918,39.334734,48.00287,63.49466779999999,73.58984199999998,76.37498679999999,75.2127008,74.0805968,67.0974268,62.15193220000001,59.3711794,56.64966999999999,51.34092279999999,47.2090328,43.93637260000001,41.41952180000001,39.5778608,38.34577400000001,38.0218234,38.4555242,39.624063,38.799954,38.459482,37.033167,35.769099,33.9068918,33.0158946,31.5570518,31.21165460000001,30.514555,30.385455,30.64737360000001,31.0723538,29.469943,32.33766720000001,39.2490624,38.9462036,37.97006160000001,39.70973720000001,36.80487539999999,32.9629024,30.0303452,33.12884320000001,32.73771380000001,31.09939440000001,24.2721264,23.3043288,16.55668226,13.72267766,11.06400626,10.01154318,8.88952398,8.58360232,6.8329094,6.269982280000002,6.141615440000002,5.79134344,5.672478720000001,5.74262544,6.27900316,6.63440208,7.18246304,7.006291160000001,6.361465060000001,4.880174540000001,3.48103468,2.23939212,1.76855744,1.29868774,1.01816566,0.7554995200000001,0.43017592,0.0,0.0,0,0,0,0,0,0,0,0,0,0,1.17136508,1.17136508,1.17136508
30120>30110,511,511,BSTu,Baker Street,H&C and Circle // EB,511,BSTu,Baker Street,Bakerloo // NB,Alight-Interchange-Board,108.4869078713119,0.287179104454,13.660945647336,32.49114086000001,37.44736292,17.281484486,7.31879485352187,0.0,0.00088120326,0.00879747266,0.008939183390000001,0.01581214199,0.015876338358,0.063620407098,0.173252357698,0.378375566968,0.6133879683679999,0.738223506,0.889921014,1.104616134,1.329176414,1.269339602,1.526373108,1.666563088,1.485482838,1.316137258,1.34334915,1.20705945,1.10497773,1.23937386,1.19415798,1.5244877,1.65330288,1.64887092,1.57911796,1.55868452,1.23361696,1.16422068,1.18260744,1.21277236,1.18041476,1.22055826,1.18992256,1.111301128,1.117636428,1.157973748,1.250843288,1.494955128,1.59099832,1.76315302,1.91013378,2.01984706,1.8729114,2.14944512,2.55518274,3.00675504,3.923151040000001,3.8015537,4.254064639999998,4.01157006,3.98242206,2.86286776,3.0075923,2.3010919,1.883042466,1.501482466,1.479370086,1.421656866,1.282504966,1.31732808,1.1950406,1.28444224,1.108329652,1.264902352,1.242292812,1.292621472,1.184448552,1.3610117,1.12968671,0.98559909,0.6850667199999999,0.4718597600426655,0.1343923030232778,0.05594463590437419,0.01816389590437417,5.904374176000001e-09,5.8617088e-09,2.8810964e-09,0.0,0.0,0,0,0,0,0,0,0,0,0,0,0.0,0.0,0.0
30120>30111,511,511,BSTu,Baker Street,H&C and Circle // EB,511,BSTu,Baker Street,Bakerloo // SB,Alight-Interchange-Board,1122.682755045,12.80878962,230.97154848,424.3642732,333.7300346,102.94981824,17.858290905,0.0,0.2516924,0.6813939200000001,0.9337214800000002,1.3444669,2.00483716,2.95563804,4.637039720000002,7.79691876,11.11628574,14.15208968,17.6499496,21.5268892,22.05240460000001,24.6106696,24.98606860000001,24.7739718,22.21896120000001,21.7757548,18.3115849,17.5374047,16.6363137,15.6700449,14.5153197,15.0500442,15.0933712,15.3390808,16.6891666,18.494844,19.4029194,19.46853440000001,18.9402558,18.7142706,17.9786962,16.9064634,17.3682064,17.359869,16.758957,17.01841140000001,18.6926932,19.01691720000001,19.9929924,20.11593060000001,21.6035664,23.1196414,23.7729186,25.6133652,29.651673,31.3356714,32.266233,31.4030704,32.9546848,30.69424080000001,27.8251334,22.8448548,22.2485478,15.54320668,13.48490228,11.33649188,10.88208768,8.95361448,9.3324438,7.664451140000001,7.035844060000001,5.78510558,4.82042272,4.22157464,3.889673300000001,3.3507899,3.12917048,2.98400372,2.42659992,1.93523576,1.43264314,1.055995178,0.7265439490000001,0.544912429,0.203720989,0.05033988900000001,0.018335551,0.0,0.0,0.0,0,0,0,0,0,0,0,0,0,0,0.0,0.0,0.0
30120>30122,511,511,BSTu,Baker Street,H&C and Circle // EB,511,BSTu,Baker Street,Jubilee // NB,Alight-Interchange-Board,665.6092730800003,9.959939360000002,120.51997984,161.47183528,241.3110734,90.76641358,41.58003162,0.2327386,0.310160056,0.495514396,0.8312130160000001,1.012523636,1.323739436,2.34411378,3.409936440000001,5.633608820000001,7.804187600000001,10.6907236,13.2327986,14.4932752,13.8698581,12.7776971,10.64967958,8.726369980000001,7.95343258,7.31084808,7.377500599999999,7.41350152,6.25746636,5.14969426,4.43115806,3.99113714,3.8168748,4.010701,4.258144160000001,4.583471960000002,4.67775816,4.7676369,5.11362436,5.421048620000001,5.62562748,6.14500308,6.48129908,6.93579212,7.335654880000001,8.00030462,9.31805182,10.47511242,11.55422208,11.7457678,13.9627826,17.684546,20.2078382,22.37926340000001,24.5293818,24.806948,22.869118,19.31784600000001,19.4735502,19.3248918,18.604818,15.9419269,16.1709451,11.94751878,9.51135458,7.899288980000001,7.51777138,7.129886839999998,7.66940476,7.411220160000001,6.86274104,6.55738234,6.25584922,5.910853220000001,6.09314228,5.68133274,5.449926620000001,5.12297928,5.03796096,4.567012020000001,4.31802312,3.50642164,2.81352172,2.21805496,1.42238364,0.6998300000000001,0.4909026,0.25168232,0.0,0.0,0,0,0,0,0,0,0,0,0,0,0.0,0.0,0.0
30120>30123,511,511,BSTu,Baker Street,H&C and Circle // EB,511,BSTu,Baker Street,Jubilee // SB,Alight-Interchange-Board,1897.670549184,60.377672584,519.816446,585.1680078000002,526.0176334000001,152.49018162,53.80060778,0.453693224,1.373297344,2.497391744,5.152582652,8.028325099999998,11.08333852,14.0211342,17.7679098,20.6626664,26.4218742,33.2128318,42.04096,50.052396,56.3203204,57.447211,58.080274,52.54371679999999,46.3754604,40.3620736,36.29666140000001,30.4611676,27.2734802,24.7843752,23.1835324,21.2188622,20.2808126,21.3286356,22.3916396,23.5330672,24.5457656,24.6496558,23.9262994,23.0085798,21.7173262,21.347346,22.20384360000001,22.736366,23.0324044,24.7072984,25.8458638,26.478542,28.0956646,27.856792,30.5606876,32.7302268,37.29740820000001,37.7704224,47.5152156,48.6581796,53.95461820000001,48.18533,54.62603880000001,48.204182,44.4968656,36.054049,36.52509720000001,25.3244331,20.7471209,16.7606545,15.2155277,12.0867923,11.42888460000001,9.9641796,9.8342478,8.110072680000002,7.818970880000001,7.57140488,7.62789268,7.409727960000001,7.32355408,6.785988199999999,7.371719000000001,6.5783284,5.333361340000002,4.25338576,3.6793064,2.13541798,1.16400678,0.84562716,0.63536214,0.28482258,0.0,0.0,0,0,0,0,0,0,0,0,0,0,0.0,0.0,0.0
30120>30124,511,511,BSTu,Baker Street,H&C and Circle // EB,511,BSTu,Baker Street,Metropolitan // NB,Alight-Interchange-Board,2543.9101484956,36.3592933956,312.4077674,616.6726818000001,964.0061584,435.5527062000001,178.9115413,0.5945952811999999,1.2569667812,2.2788277812,3.370245752,4.495911299999999,5.710797500000001,8.163495000000001,10.488454,14.3298328,19.5306774,27.3966796,33.98200120000001,37.2219618,36.69776780000001,33.851633,28.35540360000001,22.9671506,18.972416,19.440648,19.6615956,18.4694936,17.76924480000001,18.5612518,17.16074840000001,17.552899,17.8712822,18.3552826,18.8181848,19.6947572,19.4825806,20.77721600000001,21.2087872,22.215155,22.7584976,24.7091802,26.6790106,29.1385092,30.5331724,33.2845642,34.86035220000001,37.8745642,40.93956439999999,39.773099,48.1852846,57.34316260000001,65.47069720000002,70.921862,85.87178320000002,87.072586,94.62444599999999,83.93213180000002,91.8636458,89.07576180000002,87.07033700000002,74.096823,76.662922,58.19847000000001,50.3071856,43.1838096,40.5061836,37.39765300000001,38.01274600000001,33.5746776,30.7021124,27.39934580000001,26.1895384,25.27664900000001,24.8043352,24.182354,23.37645340000001,21.9612978,20.7623736,20.1656682,18.127464,14.79836108,12.69094408,9.992924899999998,6.147738899999998,3.5417915,2.38872362,0.7754462200000001,0.0,0.0,0,0,0,0,0,0,0,0,0,0,0.0,0.0,0.0
30120>30125,511,511,BSTu,Baker Street,H&C and Circle // EB,511,BSTu,Baker Street,Metropolitan // SB,Alight-Interchange-Board,61.81003793999997,1.601711512,23.353734308,16.954113334,13.267210538,4.062037664,2.571230584,0.0,0.0,0.005051734,0.061812098,0.19542355,0.240619732,0.453970592,0.6448338060000001,0.954496062,0.96837609,1.571784548,1.585978708,2.62065836,2.391528792,3.207811812,2.654717756,2.817647316,1.706946096,1.862837204,1.010951564,1.14807914,0.8693256600000001,0.94323385,0.7425420559999999,0.8549619159999999,0.696394042,0.6908789540000001,0.5491149240000001,0.573856618,0.4270373220000001,0.49688393,0.4571758380000001,0.647326058,0.6206553579999999,0.694297588,0.655537154,0.7482340620000001,0.5643057220000001,0.621290102,0.5641418360000001,0.8322173359999999,0.822242028,0.8762594360000001,0.8581224040000001,0.8957845040000001,0.6424494639999999,0.8988089840000001,1.214757236,1.416189028,1.50230508,1.420583674,1.289115674,1.205844074,0.9885239240000001,0.8937093979999999,0.8991394979999999,0.6536831919999999,0.34987101,0.313967552,0.220831848,0.237767414,0.24894424,0.320364022,0.28683442,0.38666479,0.368136414,0.370365598,0.304607164,0.3756275140000001,0.332850214,0.3656104060000001,0.398079442,0.408834096,0.293724456,0.2068600760000001,0.13208708,0.05755730000000001,0.0,0.0,0.0,0.0,0.0,0.0,0,0,0,0,0,0,0,0,0,0,0.0,0.0,0.0
30121>30101,511,511,BSTu,Baker Street,H&C and Circle // WB,511,BSTu,Baker Street,EntEx,Alight-Exit,4526.739518327997,224.403760528,1219.6193392,1799.736085,856.6903270000001,311.9060682,114.3839384,1.089118758,4.499114757999999,11.924819758,23.923189854,31.3638992,41.4947708,49.1330932,60.9757542,65.75451140000001,70.62742780000002,76.99356379999999,90.80513459999999,101.5101086,118.6554366,129.9161804,133.5635172,125.775648,114.447709,101.500703,90.06939880000002,85.53501600000001,95.437616,88.5838158,83.06302480000001,85.21064660000002,85.39488459999998,70.69543399999999,73.98284620000003,73.61229920000002,75.54954140000002,74.1313544,78.162133,76.243531,76.005475,72.62035080000003,70.159491,67.233131,66.92229880000001,63.9444584,65.1379216,65.3718264,67.05745139999999,69.4973866,70.184151,69.96134500000001,71.0385182,70.5922272,71.97093220000001,75.9881462,78.76648420000002,79.50871500000002,79.531311,76.127212,69.69388860000001,60.94316000000001,52.56838740000001,43.5916922,36.5635886,30.74276200000001,27.3524686,25.5495604,24.7596916,22.2872314,22.551065,21.5567114,20.3877004,18.5343108,18.0292858,16.4034502,15.8984537,14.4177703,13.3271159,12.0777973,10.32533084,8.17759294,6.593585480000002,5.211001019999999,4.21704302,2.99153948,2.16442348,1.56358014,1.0152546,0.0,0,0,0,0,0,0,0,0,0,0,0.0,0.0,0.0
30121>30110,511,511,BSTu,Baker Street,H&C and Circle // WB,511,BSTu,Baker Street,Bakerloo // NB,Alight-Interchange-Board,237.753057515,15.93515483,36.504405492,73.988748048,60.03191786400001,32.460283376,18.832547905,0.0,0.031556674,1.091183354,1.804663754,2.450150494,3.396535974,3.78672426,3.37434032,3.151654760000001,3.28880802,2.7715756,3.127503160000001,3.523486620000001,3.49473138,2.91099776,3.07721376,2.92669278,2.45594854,2.94208504,2.833708072,2.627141912,2.394065972,2.136212632,1.574379652,1.90670284,1.87784712,1.8977902,1.987937,2.24006524,2.17289272,2.36615414,2.48654786,2.51409944,2.33374868,2.6379634,2.56118608,2.60998858,2.786876879999999,3.49535936,4.222333600000002,5.388636920000001,5.878493300000001,6.6614546,7.23086992,7.515238480000002,7.115152280000001,7.7727342,7.8134446,6.26005372,4.8357647,3.82942852,2.52443272,2.79760632,2.800193248,3.173489408,3.594379668,3.928973068,2.960587888,2.77537344,2.259419412,2.216759732,2.066332532,1.978482912,2.571434012,3.05563646,2.96134798,2.82925274,2.8566832,2.67933774,2.58918286,2.58887834,2.47364676,1.930477788,2.162329468,1.674624512,1.178373477,0.815876697,0.6817894090000001,0.034332089,0.023698765,0.0,0.0,0.0,0,0,0,0,0,0,0,0,0,0,0.0,0.0,0.0
30121>30111,511,511,BSTu,Baker Street,H&C and Circle // WB,511,BSTu,Baker Street,Bakerloo // SB,Alight-Interchange-Board,10.3509822478762,0.06184015842000001,1.07699717148,6.344524224399999,1.778047639660961,0.7349467067152401,0.3546263472,0.0,0.0,0.0003324721200000001,0.0003324721200000001,0.004590134320000001,0.006035762660000001,0.02544089466,0.02510842254,0.06583086253999999,0.06700495374000001,0.0895644926,0.08810276060000001,0.09520642259999999,0.07099480659999999,0.1099727612,0.08596759400000001,0.07222573139999999,0.0786973554,0.1100304774,0.1433989534,0.1520750084,0.1645860269999999,0.242144055,0.265127235,0.248078471,0.278519978,0.305702798,0.278110712,0.253952456,0.223596904,0.26191285,0.24408196,0.208286902,0.245878568,0.339333528,0.298497078,0.3203691,0.324427342,0.333560918,0.24690637,0.266129784,0.265675788,0.266776802,0.31079359,0.336524198,0.280703726,0.351722508,0.318817082,0.1814061820000001,0.118501294,0.118501294,0.0,2.8771524e-07,0.00433218531524,0.03376944131524,0.03376944131524,0.03376944131524,0.03883741860000001,0.060045221,0.030607965,0.04912951099999999,0.075397427,0.0758490822,0.0654982834,0.08736045140000001,0.078063239,0.068345893,0.0720427738,0.0781036466,0.05624147860000001,0.05271207259999999,0.0508504046,0.0455593196,0.0243095456,0.0243095456,0.018614618,0.003925716,0.0,0.0,0.0,0.0,0.0,0.0,0,0,0,0,0,0,0,0,0,0,0.0,0.0,0.0
30121>30122,511,511,BSTu,Baker Street,H&C and Circle // WB,511,BSTu,Baker Street,Jubilee // NB,Alight-Interchange-Board,275.26123628,19.06814118,34.821162924,28.920424936,68.69508770000002,63.82204230000001,59.93437724,0.4520903200000001,0.94591238,1.75730926,2.83228894,3.40102382,3.35173588,3.23699212,3.09078846,2.96418398,3.4519517,3.75714388,4.38937492,4.272615200000001,3.5631262,2.9795394,2.33466908,1.89582534,1.75872102,1.94477316,1.509239044,1.471405172,1.813335172,1.402005992,0.977067652,0.939685968,0.9143956,0.0,0.0,0.0,0.0,0.0,0.0,0.0,0.0,0.0,0.0,0.0,0.0,0.0,0.5840795999999999,1.6276421,3.14812016,7.616022559999998,8.42666496,8.731876159999999,8.457900500000001,7.7200702,3.51646612,5.26057692,4.603207960000002,5.881962920000001,5.64269156,6.8699535,4.525319860000002,4.464666200000001,3.0203958,2.569042356,1.217975276,1.007855716,1.443989676,3.185300476,4.94453732,6.509813940000001,8.39063334,9.6020922,8.781541400000002,8.224572900000002,7.944687700000001,7.388391700000001,6.6725171,5.295167428,5.396551787999999,5.393945788,6.179153488,5.790434687999999,6.118110700000001,5.12522104,3.70194244,1.59221134,0.8779437400000001,0.402786,0.0,0.0,0,0,0,0,0,0,0,0,0,0,0.0,0.0,0.0
30121>30123,511,511,BSTu,Baker Street,H&C and Circle // WB,511,BSTu,Baker Street,Jubilee // SB,Alight-Interchange-Board,99.5395349792,4.9840341552,4.683358222,60.541283392,22.13677442,3.123268300000001,4.07081649,0.3787670464,0.5296083064,0.6424597944,0.8211911479999999,0.649641228,0.708152448,0.658318316,0.5958958679999999,0.4379060300000001,0.4120931880000001,0.263087714,0.1620805860000001,0.17659657,0.151184488,0.4110325500000001,0.4478516800000001,0.6221938120000001,0.5572487880000001,0.5572487880000001,0.484834028,0.724327652,0.9015738000000001,1.14064748,1.49758852,1.6343844,1.7426525,1.7792356,2.06542996,2.14501412,2.13526532,2.2839339,2.50397292,2.64624238,2.69690528,2.9128055,3.01275846,3.09393844,3.0010012,3.30590766,3.56150334,3.54650274,3.80931182,4.59623748,3.80414292,3.26084382,2.58167182,1.800838908,1.299602088,1.574409428,1.929518868,1.929518868,2.40994928,1.71877646,1.44396912,1.09383788,1.09383788,0.54359102,0.37447474,0.5579744200000001,0.42707562,0.42707562,0.32552552,0.32552552,0.14202584,0.0,0.0,0.0,0.0,0.0,0.0,0.32191128,0.41751858,0.498703706,0.5657993920000001,0.5813252839999999,0.3548373379999999,0.396644718,0.315459592,0.248363906,0.232838014,0.13741468,0.0,0.0,0,0,0,0,0,0,0,0,0,0,0.0,0.0,0.0
30121>30124,511,511,BSTu,Baker Street,H&C and Circle // WB,511,BSTu,Baker Street,Metropolitan // NB,Alight-Interchange-Board,1087.154941200001,91.77328138,90.36310194,99.01758004000003,468.95456184,239.23226744,97.81414855999999,0.7868711400000001,2.43232074,4.06876374,10.02889094,14.44629094,19.6658644,18.57822524,21.76605424,17.24638924,13.23532736,7.78614636,8.59712332,4.67701472,4.77308826,5.229604999999999,5.40505448,5.47811008,6.01236278,5.0579169,6.86496344,7.363736960000002,7.939635560000001,6.882429460000003,6.815133560000001,4.6885873,3.78100546,2.21360514,2.21740054,2.31272168,2.26458868,2.49519318,2.55774014,2.69089226,2.71208576,2.82043374,2.97113988,3.42757164,3.59473212,3.89199302,4.15195078,4.922407720000002,4.84464932,5.204704319999998,6.25324182,52.13524394,53.0560039,55.94272830000001,59.71478890000001,62.28394850000001,21.1914859,24.07900780000001,26.8808418,25.252836,28.0545314,24.6233338,35.7398116,42.51326760000001,41.0769014,41.32139020000001,39.93962240000001,24.78960754,12.47094222,11.82333754,5.21653404,5.32038604,5.30069056,5.00184068,4.457747220000001,4.26623744,6.18538244,8.531056580000001,8.96561584,9.017530099999998,9.59394426,7.992475800000001,8.808263400000003,9.14897474,8.9734929,7.602941220000003,6.341310680000001,1.94912728,0.43779588,0.0,0,0,0,0,0,0,0,0,0,0,0.0,0.0,0.0
30122>30101,511,511,BSTu,Baker Street,Jubilee // NB,511,BSTu,Baker Street,EntEx,Alight-Exit,7944.513205500001,351.277424,2270.262784,2996.3552724,1550.8016414,586.5947296,189.2213541,1.7801548,8.5991558,16.02776519999999,27.6988308,47.9622488,68.514346,82.787881,97.9070416,111.778208,119.381104,135.308246,157.121326,201.71785,231.074006,250.18882,252.058774,245.049622,211.002212,188.505332,167.077284,153.400292,145.743816,139.599612,132.269936,133.37903,132.35844,128.425574,124.188972,125.255004,125.400088,126.613282,127.467144,131.57772,130.5378312,125.3428232,119.6206552,118.1106572,112.950472,110.9205788,107.7633408,111.5961588,109.2536568,110.8334572,113.7467312,116.6676212,115.0849802,118.3391342,125.192411,128.726763,135.802637,146.201232,147.70375,145.300904,137.671174,126.282402,107.8286328,95.5399968,76.79910480000002,63.7425198,56.0449524,49.73243400000001,43.27734800000001,40.62240200000001,38.6211058,34.3207044,30.4498434,28.7654112,28.678907,27.870497,27.3397288,26.183266,23.25723540000001,20.09888500000001,16.5526468,13.7989526,11.3003398,9.460932699999999,6.404925299999999,3.9314767,2.1509039,0.8715641000000001,0.0,0.0,0,0,0,0,0,0,0,0,0,0,0.0,0.0,0.0
30122>30110,511,511,BSTu,Baker Street,Jubilee // NB,511,BSTu,Baker Street,Bakerloo // NB,Alight-Interchange-Board,4938.106594900002,205.2206424,1102.7361684,1150.403507,1551.9812856,696.2314484,231.5335431,0.0,1.37071648,3.97543628,10.78473728,25.03493728,39.81625528000001,52.48259880000001,71.75596100000001,82.70529599999999,88.43978200000002,98.365572,105.402987,112.562759,113.521135,109.344617,99.698358,90.04322200000001,73.1838936,68.1683464,61.3002004,54.91388300000001,51.3802954,47.21508179999999,40.586575,39.623621,39.129848,38.3352312,37.952668,39.38236740000001,40.135524,39.7332666,40.196367,40.9058642,40.39415379999999,39.6415148,40.25021160000001,41.7101902,43.5111368,47.661191,51.95694220000001,60.83855220000001,68.39778860000001,75.38163720000001,91.169596,100.4077292,105.5619632,116.9606192,143.565436,146.211376,149.923152,164.445334,155.83128,136.9566832,125.9643492,115.7249412,90.42842240000002,87.13260240000001,75.4834232,67.93320279999999,65.25280479999999,63.85584300000001,57.59432360000001,52.909961,50.65825140000001,47.61470739999999,44.9546366,41.9015254,40.94016679999999,38.6006616,35.1179888,32.1457802,28.482641,25.8567682,20.8740176,16.68005026,13.16475046,10.3989307,5.464442699999998,3.0060625,1.42280664,0.31864244,0.0,0.0,0,0,0,0,0,0,0,0,0,0,0.0,0.0,0.0
30122>30111,511,511,BSTu,Baker Street,Jubilee // NB,511,BSTu,Baker Street,Bakerloo // SB,Alight-Interchange-Board,122.831639356957,3.286727967,55.68059542,41.40506673599999,15.281112794,4.828452447957001,2.349683992,0.0,0.0033306654,0.0297082274,0.0504815654,0.1533390454,0.4421853454000001,1.05669574,1.550987378,2.11437844,2.82323276,4.055391139999998,5.14089608,6.53610368,7.24209794,7.31466262,6.544298580000001,5.22088442,3.79997256,2.76596846,2.12270874,1.7634986,1.88624396,1.82086622,1.9483809,2.25505248,2.28373574,2.05319346,1.961102,1.81569084,1.431955768,1.361892888,1.312846168,1.249066848,1.350221308,1.50784242,1.58832108,1.6811419,1.67014642,1.69468506,1.71592132,1.73665792,1.80066452,1.712978568,1.802960348,2.000677108,1.705289476,1.541552376,1.571593948,1.352944968,1.022025248,1.06699984,0.995904974,1.014320174,1.018614114,1.014124234,0.977066334,0.939701708,0.9179525279999999,0.7798897340000001,0.6151551500000001,0.498538614,0.4155111052,0.2371939762,0.1356816467914,0.0995032557914,0.06994690379139999,0.05951520859140001,0.05986261759140001,0.143543353,0.273257808,0.351790006,0.381428844,0.39643084,0.333750184,0.2107118526,0.1207154042,0.07681674220000001,0.03804188620000001,0.0170390102,0.0061580616,0.0,0.0,0.0,0,0,0,0,0,0,0,0,0,0,0.0,0.0,0.0
30122>30120,511,511,BSTu,Baker Street,Jubilee // NB,511,BSTu,Baker Street,H&C and Circle // EB,Alight-Interchange-Board,56.85410497000002,7.774807259999999,16.61872952,8.35011336,18.50713493,3.352808860000001,2.250511040000001,0.76016602,1.07020028,1.07020028,1.18840166,1.30724116,0.99955546,0.6895212000000001,0.6895212000000001,0.6495338460000001,0.6620135460000001,0.403643596,0.628234356,1.224533716,1.39769725,1.53035021,2.08802068,2.11396184,1.99108972,2.096811460000001,1.8328393,1.08105846,0.83052654,0.3570993,0.0,0.0,0.0,0.0,0.0,0.0,0.0,0.0,0.0,0.0,0.0,0.0,0.0,0.0,0.0,0.66553598,0.66553598,0.91494042,1.44250986,1.44250986,0.9503969600000002,1.23562152,1.14645104,0.94559802,1.35377912,1.18035604,1.58322988,1.96999772,1.86730016,1.95349858,2.15276089,1.74816003,1.37038193,1.14636307,0.8384870100000001,0.6392247000000001,0.35572716,0.18650346,0.18650346,0.0,0.0,0.0,0.0,0.0,0.0,0.0,0.054957164,0.118214656,0.201743256,0.266032242,0.299161538,0.2689281120000001,0.3074877,0.248358952,0.184069966,0.15094067,0.126216932,0.024399852,0.0,0.0,0,0,0,0,0,0,0,0,0,0,0.0,0.0,0.0
30122>30121,511,511,BSTu,Baker Street,Jubilee // NB,511,BSTu,Baker Street,H&C and Circle // WB,Alight-Interchange-Board,1532.9648467,36.74567808,312.45518552,436.6146449,472.199565,209.35383774,65.59593545999999,0.4487677,0.9081440999999999,2.2023757,3.37460804,4.442999560000001,6.830207660000001,7.772117260000001,10.76645806,13.02645692,18.6893238,23.1076334,29.31003620000001,32.0536026,34.4593854,34.5493,32.1053852,29.5394718,24.7215548,22.4662782,18.4267572,16.3485939,15.3008239,15.5509365,16.3634955,16.7133377,17.1806656,17.162711,18.139092,17.190586,17.5398306,17.6169036,17.2849498,17.1906512,17.2474226,16.9363746,16.9305412,17.037494,17.4307192,18.4785194,18.8877752,20.9075862,22.333404,24.3042574,26.5379738,29.497188,30.3100168,33.52325380000001,37.9566854,40.5680776,44.0565508,47.71451620000001,48.25730479999999,44.5138882,41.71566440000001,39.0354552,35.05096380000001,31.0766986,28.2607174,25.3372616,22.0858938,18.83163900000001,16.0081558,14.5230111,13.3943791,11.0772867,10.02859498,9.515497580000002,9.21470208,8.43834448,8.36370608,8.388230120000001,7.92904722,7.767499620000001,6.61385362,5.41210762,4.637680900000001,3.633859480000001,1.99681808,1.38066268,0.8790824800000001,0.15504308,0.0,0.0,0,0,0,0,0,0,0,0,0,0,0.0,0.0,0.0
30122>30124,511,511,BSTu,Baker Street,Jubilee // NB,511,BSTu,Baker Street,Metropolitan // NB,Alight-Interchange-Board,594.543985878,7.88599234,41.35073531800001,55.355882492,398.26195438,66.20119235,25.488228998,0.0,0.0,0.0,0.2080306,0.4619988,1.59972492,2.20510578,3.41113224,3.33972624,4.0672517,3.92567738,4.520006420000001,4.59056996,4.581917740000002,4.07987308,3.50477554,2.726161960000001,1.500144386,1.746762386,2.767868526,2.615224026,3.524629106,3.78916546,3.561636480000001,2.4978646,2.246129048,1.062830068,0.8281871599999999,0.7774402799999999,0.423791028,0.6355359,0.587436352,0.644081334,0.6703038940000001,0.960402986,0.900725246,0.901743074,0.83723405,0.7146969699999999,0.34146387,0.17272253,0.07260183,8.452614599999999,18.1374226,19.9766866,21.24130014,22.10591406,13.99883106,11.35886246,24.12928046,28.41175332000001,37.23212539999999,66.83949580000001,61.31100600000001,48.028174,43.62852508,34.2608364,4.674050940000001,3.40318972,2.10750237,1.94813489,1.76345501,1.96353847,2.37158197,3.823561020000001,3.19077058,3.35481264,3.33975834,3.06403796,1.73363114,1.563430188,3.698562188,3.189074896,3.662048756,3.5094469956,3.3243683876,0.8925768875999999,0.8509184795999999,0.0001331196,0.0,0.0,0.0,0.0,0,0,0,0,0,0,0,0,0,0,0.0,0.0,0.0
30122>30125,511,511,BSTu,Baker Street,Jubilee // NB,511,BSTu,Baker Street,Metropolitan // SB,Alight-Interchange-Board,595.81505247,15.04038523,119.47968358,203.73711906,162.56117498,75.89575858,19.10093104,0.0,0.038195502,0.6576461020000001,0.9539533020000001,1.792950702,2.782954202,3.57884236,5.235843060000001,6.33717366,6.957554060000001,8.01874296,9.3044171,9.5011096,11.0527526,11.9277382,12.1902118,12.7820104,11.4563284,10.3182756,9.633369199999999,9.449361999999999,8.4101424,8.8769046,8.42371044,8.32052864,7.719777520000001,7.988817020000001,7.856632480000001,8.60550424,8.611241840000002,8.87233516,8.32058536,8.40313978,7.529865780000002,7.98601618,7.45503578,7.94837508,8.0070134,7.934416000000001,7.959282000000001,9.414278999999999,8.738647519999999,9.85572112,11.04978572,12.18269372,12.08252312,13.721676,13.8712814,16.6272914,15.7642516,16.4864462,15.9938316,14.810936,11.457502,10.69843872,8.86430322,7.754098620000001,6.38114216,6.340519560000001,6.198971580000001,6.280864280000001,6.352075880000001,7.086207800000001,6.608637600000002,6.271711460000001,5.584485460000002,5.40388712,5.63315706,5.63937714,4.610287980000002,3.81189478,2.723289092,1.529947532,0.284245452,0.247974612,0.149795012,0.10411944,0.0,0.0,0.0,0.0,0.0,0.0,0,0,0,0,0,0,0,0,0,0,0.0,0.0,0.0
30123>30101,511,511,BSTu,Baker Street,Jubilee // SB,511,BSTu,Baker Street,EntEx,Alight-Exit,2085.656470479999,75.13578194000002,780.3111666000001,818.3508726,310.1039026,81.51416510000001,20.24058164000001,1.41272326,2.35140606,4.068492060000001,6.708451460000001,9.1260759,12.50233360000001,16.9701948,21.9961048,27.2099014,38.1880982,52.4172632,69.2786392,79.2025892,90.8433842,89.91898500000002,84.875189,73.457991,67.3434238,56.56738779999999,51.00831460000001,45.9074336,42.8531266,39.7924646,37.0665144,35.29803560000001,34.36572820000001,33.409614,32.4372286,33.7287886,35.521132,35.68818740000001,34.9261916,33.997439,32.6998438,30.3092182,28.1571904,28.0238808,28.8826528,29.0453312,30.840214,32.82584780000001,33.957205,34.27780360000001,34.33980080000001,33.8689502,32.13691180000001,30.42160580000001,28.8061414,28.4146666,26.6495752,26.3295666,24.7671188,23.78928100000001,20.7324696,18.6401922,15.5474234,13.5661104,10.5808556,9.27340326,7.81662758,6.86988858,5.94790984,5.74293144,5.232961380000001,4.64128582,4.21883168,4.043107460000001,3.58025206,3.17245272,2.88295204,2.49349092,2.25724468,2.08667752,1.81534532,1.57695622,1.4490319,1.052855648,0.6998642079999999,0.433499148,0.233050968,0.08716034800000001,0.0,0.0,0,0,0,0,0,0,0,0,0,0,0.0,0.0,0.0
30123>30110,511,511,BSTu,Baker Street,Jubilee // SB,511,BSTu,Baker Street,Bakerloo // NB,Alight-Interchange-Board,1551.718903958434,69.85872900000001,537.0696770000001,504.9867340000001,307.7738466,106.0458534,25.98406395843448,0.18954784,0.29104482,0.64488148,2.71806548,6.99772408,13.35509024,18.15031486,27.5120602,32.1068274,43.84297279999999,46.7432548,56.942514,56.56505,61.28636479999999,50.9039498,49.8076098,39.4919882,36.282047,31.4181358,31.6789626,27.4747026,26.5513384,24.247938,21.4413522,19.6591276,19.03880920000001,18.6618302,18.1218644,17.701837,19.157314,18.8850544,19.5553724,19.6373324,20.4561654,18.3198832,19.90817860000001,20.0150116,21.003028,20.94085,23.2750552,22.0205772,22.2267734,22.6022052,24.0851334,25.5444294,29.2988646,30.3309208,30.4996434,30.6425282,27.8967198,25.349812,24.8632714,24.0535054,21.50405480000001,20.167427,17.6226698,15.1334304,12.3726172,11.4082058,9.9498176,8.725043699999999,7.645661560000002,7.828246300000001,6.732410160000001,6.801770960000002,7.075779799999999,6.49954326,5.87332666,5.645572599999999,4.4394239,3.4309294,3.19547608,2.84102066,2.14332592,1.66207756,1.417856738,0.7892894116868959,0.259014491686896,0.112951831686896,0.04712529168689601,7.3686896e-08,0.0,0.0,0,0,0,0,0,0,0,0,0,0,0.0,0.0,0.0
30123>30111,511,511,BSTu,Baker Street,Jubilee // SB,511,BSTu,Baker Street,Bakerloo // SB,Alight-Interchange-Board,3643.9989299,114.32975114,1165.2948484,1353.6273532,735.3649108000001,229.08028068,46.30178568000002,0.027088636,0.181656628,1.988700428,4.954866828,8.322464428,20.557106792,32.0911276,46.2067398,58.23865840000001,76.66340079999999,83.46945079999999,102.498902,106.705458,122.820473,116.772382,120.859078,109.189008,104.4839308,86.66093880000003,76.93316779999999,66.88125880000001,58.8705836,54.6211536,52.88288879999999,61.1838948,61.0566948,61.340214,61.8660252,63.04067120000001,60.3195052,58.1028672,58.7455392,59.4903486,57.06667840000001,54.35809440000001,53.93748040000001,53.05359499999999,50.0056096,50.48714800000001,52.9219672,52.4858448,50.34921060000001,51.37704920000001,49.18303060000001,48.07919000000001,51.21637640000001,56.53593800000001,60.6211064,67.08564960000001,68.7199598,73.25505179999998,70.17825540000001,69.6220744,63.482339,60.01765620000001,46.5513138,40.5654396,29.9650024,25.2304438,20.43510240000001,19.2914792,16.874303,15.9862036,14.2076272,12.9070246,12.2453496,11.2716906,10.10061468,9.060956980000002,7.460975120000001,5.497467200000001,4.361467320000001,4.009614140000001,3.77176338,3.163677832,3.365877752,2.692855432,1.750155132,0.6256519919999999,0.5413233999999999,0.0,0.0,0.0,0,0,0,0,0,0,0,0,0,0,0.0,0.0,0.0
30123>30120,511,511,BSTu,Baker Street,Jubilee // SB,511,BSTu,Baker Street,H&C and Circle // EB,Alight-Interchange-Board,869.1459442949998,103.51040726,330.13832662,292.8245741199999,113.68012394,18.86350976200001,10.129002593,4.2515668,4.59829276,4.612798575999999,16.16535977600001,17.233849976,17.423460036,17.684533376,21.54054596,10.86654916,11.99231656,12.6839639,24.1199612,22.0173134,37.898266,32.39689792,43.17482872,35.00009912,39.72197532,26.77329692,33.4928584,23.3287238,21.7529968,17.7390252,16.5492568,12.1147048,12.0635086,11.8579652,11.7003046,11.2407937,10.8322183,10.8344151,11.0408791,11.3030621,11.4313311,11.3940419,11.3470109,11.0819965,10.3060227,9.740501000000002,10.0208422,9.288070199999998,7.415753640000001,8.115448240000001,10.32570164,10.55990534,10.61726526,12.22062342,11.20839216,10.72024436,10.31716926,10.2651264,10.3885826,9.34817314,7.183028940000002,5.46332026,5.3882928,4.336406680000001,4.53843996,3.27376175,2.944165648,1.57075285,0.77335173,0.161421568,0.260841738,0.234346071,0.251005783,0.2536645730000001,0.265351411,0.166826867,0.4544836760000001,0.553150902,0.743671952,0.992667716,1.4827155,1.393326,1.4179326,1.250689608000001,0.948526208,0.440993008,0.223624948,0.060393608,0.0,0.0,0,0,0,0,0,0,0,0,0,0,0.0,0.0,0.0
30123>30121,511,511,BSTu,Baker Street,Jubilee // SB,511,BSTu,Baker Street,H&C and Circle // WB,Alight-Interchange-Board,645.4956702899998,38.27913982,234.70613516,170.2517587,141.39847164,49.59745512000001,11.26270985,0.31528643,0.88948411,1.66155951,3.28486521,4.700294600000001,6.734080840000002,7.713217760000001,12.98035136,15.50624646,19.495536,22.311349,25.2933964,23.2812928,22.7257004,21.455209,19.6992492,18.9761548,17.2098839,15.7452617,13.0068555,11.1264105,8.228231300000001,7.607022200000001,6.534227340000001,6.31150734,6.168856400000001,6.634324000000001,6.3668394,6.446479599999999,6.3656822,6.1143894,5.9587614,5.7116269,5.320761099999999,5.266243360000002,5.65705396,5.735130560000001,5.76519676,6.763406020000001,7.64333076,8.2803135,9.128837700000002,9.7631092,11.3540178,12.708743,13.5420176,15.148402,16.0878918,15.0590604,13.6610438,12.388128,10.1210636,9.334667199999998,8.4586763,7.741601000000001,7.147176940000001,7.099892140000001,6.134579140000001,5.498170200000001,5.011042100000001,4.65192716,3.73811108,3.38291618,3.12764326,3.06656212,2.73392518,2.72189548,2.430791080000001,2.22836474,1.81692234,1.64410838,1.289342408,1.071243548,0.837672768,0.636570936,0.5416620560000001,0.435976614,0.323250374,0.221668054,0.159640826,0.05628680599999999,0.0,0.0,0,0,0,0,0,0,0,0,0,0,0.0,0.0,0.0
30123>30124,511,511,BSTu,Baker Street,Jubilee // SB,511,BSTu,Baker Street,Metropolitan // NB,Alight-Interchange-Board,0.0,0.0,0.0,0.0,0.0,0.0,0.0,0.0,0.0,0.0,0.0,0.0,0.0,0.0,0.0,0.0,0.0,0.0,0.0,0.0,0.0,0.0,0.0,0.0,0.0,0.0,0.0,0.0,0.0,0.0,0.0,0.0,0.0,0.0,0.0,0.0,0.0,0.0,0.0,0.0,0.0,0.0,0.0,0.0,0.0,0.0,0.0,0.0,0.0,0.0,0.0,0.0,0.0,0.0,0.0,0.0,0.0,0.0,0.0,0.0,0.0,0.0,0.0,0.0,0.0,0.0,0.0,0.0,0.0,0.0,0.0,0.0,0.0,0.0,0.0,0.0,0.0,0.0,0.0,0.0,0.0,0.0,0.0,0.0,0.0,0.0,0.0,0.0,0.0,0.0,0,0,0,0,0,0,0,0,0,0,0.0,0.0,0.0
30123>30125,511,511,BSTu,Baker Street,Jubilee // SB,511,BSTu,Baker Street,Metropolitan // SB,Alight-Interchange-Board,1023.17094711,16.88803656,510.16151424,224.5347115200001,172.33518988,83.55182198,15.69967293,0.119856334,0.2121203,0.5888270999999999,0.9990201,2.07092342,2.566772346,4.32164898,6.00886798,8.73398118,12.75267546,31.1832762,38.08404760000001,45.8821214,54.68939399999999,73.0189824,58.860738,60.13442,55.4188544,46.3024706,25.100553,27.2547544,20.6719776,17.0819685,15.4478478,14.47835308,8.63830042,6.36463682,5.94855606,5.878227560000001,5.732711340000002,5.9311626,5.931850860000001,6.188485320000002,6.462355520000001,6.482330460000001,6.337444320000001,6.318523140000001,6.071361440000001,5.794847720000001,6.084943720000001,6.19145674,8.935490260000002,10.03180536,10.27532048,10.72512308,12.0816886,11.0963744,15.0866604,15.330892,17.2145986,19.6411868,18.29154532,14.68872812,15.05305272,13.73990292,9.38543692,8.70752488,6.95871974,7.30301334,7.18371514,7.58822748,8.0385027,8.62639438,7.25542668,5.872175400000001,6.00703066,5.50431002,4.50678156,4.26768006,3.930406420000001,2.62750751,1.97347473,1.546057662,0.8406596620000001,0.246794982,0.219350092,0.047741812,0.0,0.0,0.0,0.0,0.0,0.0,0,0,0,0,0,0,0,0,0,0,0.0,0.0,0.0
30124>30101,511,511,BSTu,Baker Street,Metropolitan // NB,511,BSTu,Baker Street,EntEx,Alight-Exit,5268.637159999998,68.47282380000001,1699.8923082,1781.2688158,1223.8529064,399.9806372000001,95.1696686,0.0,0.0,0.0,0.0,3.725624400000001,9.275025800000002,22.4978358,32.9743378,55.03669379999999,74.22248940000001,101.810576,130.55366,168.17117,180.901314,190.327126,195.784926,181.710616,157.976391,138.549397,124.847949,104.600017,94.611891,87.329094,86.588448,82.27514599999999,77.83105700000002,73.208771,69.53755179999999,70.0260358,72.16426580000002,73.82387560000002,74.1204316,74.7776428,73.3423188,69.5370648,66.7587628,65.0790442,64.20948220000001,63.32071160000001,63.65237160000001,63.38765160000001,67.08974020000001,68.98679100000001,75.0106496,76.54702759999999,82.7464228,88.9945788,95.46367679999999,111.0192428,117.937092,128.773646,124.411716,123.2736132,103.8018172,95.09830699999999,75.78576620000003,67.0238642,52.82693580000001,44.6229238,38.5822294,33.0165884,29.1756396,27.25681800000001,24.7566552,22.1998214,21.38079320000001,20.234579,18.9037892,18.079778,17.0360492,15.126044,12.30110532,10.32006172,7.932776120000002,5.223280000000001,3.6262796,2.71395928,1.72007668,0.73867028,0.3515884,0.0,0.0,0.0,0,0,0,0,0,0,0,0,0,0,0.0,0.0,0.0
30124>30110,511,511,BSTu,Baker Street,Metropolitan // NB,511,BSTu,Baker Street,Bakerloo // NB,Alight-Interchange-Board,1320.915056983,6.363869299999999,147.49885728,343.05651512,496.6911658000001,259.049995,68.254654483,0.0,0.0,0.0,0.0,0.2214644,0.7308643,1.9134687,3.4980719,6.1543391,7.907267399999999,10.0550897,14.0331799,15.7939133,15.686203,17.4364089,17.1636296,13.8390002,11.65255032,9.60853868,8.16873718,7.398226080000001,8.24872848,8.97329856,10.5303285,10.400758,11.3029408,10.3075026,10.91663,10.696402,13.073632,13.017453,13.9828021,13.6901257,14.4163779,12.2673301,12.2612007,12.0834192,13.126944,14.5281812,19.6445904,21.4304396,23.677264,26.5720952,30.50984500000001,28.6150602,30.44269300000001,32.7062966,31.8470176,39.69942620000001,40.9495664,49.1348102,48.14401280000001,57.82735200000001,48.27375679999999,47.038023,42.013151,39.8462924,27.7199636,25.449942,27.2842492,21.28675200000001,20.5342498,20.832049,19.8859596,14.7889518,14.1026638,13.909779,13.4091428,12.6461776,12.4213612,11.5957332,9.38448626,8.12438676,5.904547776599999,3.9656112166,2.2473644166,1.5725293566,0.1994706566,0.19298604,0.0,0.0,0.0,0.0,0,0,0,0,0,0,0,0,0,0,0.0,0.0,0.0
30124>30111,511,511,BSTu,Baker Street,Metropolitan // NB,511,BSTu,Baker Street,Bakerloo // SB,Alight-Interchange-Board,60.11032991545726,0.2789199570000001,7.373288016000001,23.785456372,21.366445936,5.892907544000002,1.413312090457253,0.0,0.0,0.0,0.0,0.0,0.005329359000000001,0.105835939,0.1677546590000001,0.4204985390000001,0.4965583190000001,0.627076266,0.577182446,0.8558080860000001,0.636687102,0.6397473080000001,0.6457176820000001,0.721388982,0.487387388,0.604342672,0.660893226,0.6088367140000001,0.5646494040000001,0.7589803980000001,0.932476958,0.988778924,1.064662256,1.216928386,1.159661546,1.036511566,0.9946069400000002,1.0520143,0.9718086000000002,0.8182412720000001,0.811068812,0.952824072,0.969335772,0.9124535159999999,1.015203932,1.122098992,1.054405812,1.083969352,1.202983328,1.26196722,1.2309883,1.26069488,1.43326728,1.4818094,1.8760716,2.09085898,2.28198914,2.20777786,2.30290416,1.8980042,1.68519844,1.55999178,1.287878216,1.014634972,0.930453884,0.7425899840000001,0.5073453720000001,0.506105216,0.505484106,0.388774584,0.3555035280000001,0.296607864,0.2498143920000001,0.199508812,0.19608483,0.1679934508,0.1603586408,0.1691750328,0.2124549608,0.1834741512,0.1610504286914506,0.1538790052914506,0.1111062852914506,0.0320389712914506,0.0241982328914506,0.0241982306,0.0133847,0.0,0.0,0.0,0,0,0,0,0,0,0,0,0,0,0.0,0.0,0.0
30124>30120,511,511,BSTu,Baker Street,Metropolitan // NB,511,BSTu,Baker Street,H&C and Circle // EB,Alight-Interchange-Board,0.0033992326,0.0,0.0033992326,0.0,0.0,0.0,0.0,0.0,0.0,0.0,0.0,0.0,0.0,0.0,0.0,0.0,0.0,0.0006798465200000001,0.0006798465200000001,0.0006798465200000001,0.0006798465200000001,0.0006798465200000001,0.0,0.0,0.0,0.0,0.0,0.0,0.0,0.0,0.0,0.0,0.0,0.0,0.0,0.0,0.0,0.0,0.0,0.0,0.0,0.0,0.0,0.0,0.0,0.0,0.0,0.0,0.0,0.0,0.0,0.0,0.0,0.0,0.0,0.0,0.0,0.0,0.0,0.0,0.0,0.0,0.0,0.0,0.0,0.0,0.0,0.0,0.0,0.0,0.0,0.0,0.0,0.0,0.0,0.0,0.0,0.0,0.0,0.0,0.0,0.0,0.0,0.0,0.0,0.0,0.0,0.0,0.0,0.0,0,0,0,0,0,0,0,0,0,0,0.0,0.0,0.0
30124>30121,511,511,BSTu,Baker Street,Metropolitan // NB,511,BSTu,Baker Street,H&C and Circle // WB,Alight-Interchange-Board,58.8945634806259,0.243339854,7.855739583899999,18.0726696786,23.45295152,7.722013856000001,1.547848988125875,0.0,0.0,0.0,0.0,0.0,0.0,0.09052616,0.152813694,0.577129574,0.603296508,0.774890148,0.786057702,1.008376268,0.5840603879999999,0.59475283,0.61788288,0.7387622859999999,0.4570824453000001,0.5336792413000001,0.5797693133000001,0.6432390033,0.4690315933,0.565051194,0.5517520859999999,0.672364298,0.4798943900000001,0.67064246,0.606046596,0.7654844479999999,0.5961691259999999,0.613929826,0.473234786,0.8574227900000001,0.704452638,0.9332507,0.9138248140000002,0.945017714,0.602737748,0.8113593400000001,0.6168275879999999,1.052132342,1.099243082,1.353974048,1.075587068,1.074551092,1.173954332,1.373767052,1.415776852,2.217170852,2.57011234,2.74961292,2.70213346,2.58269914,2.15162468,2.05629546,1.38525334,1.19519508,0.9806085059999999,0.6918764060000002,0.4412666940000001,0.507484306,0.45824695,0.6527641040000001,0.610107584,0.7206720360000001,0.5907917420000001,0.530875526,0.3421249220000001,0.4131101620000001,0.260092422,0.2329938400000001,0.223693812,0.1875855706,0.09151822859999999,0.05949228882517494,0.04302881282517493,0.02248503282517494,0.01384881822517494,2.2517494e-10,0.0,0.0,0.0,0.0,0,0,0,0,0,0,0,0,0,0,0.0,0.0,0.0
30124>30122,511,511,BSTu,Baker Street,Metropolitan // NB,511,BSTu,Baker Street,Jubilee // NB,Alight-Interchange-Board,925.05175145,4.2296226,150.52529343,272.10933022,319.9146580000001,150.29229902,27.98054818000001,0.0,0.0,0.0,0.0,0.13912443,0.21399543,0.7400518700000001,3.13645087,6.226003670000001,10.18801724,14.14114884,16.45569840000001,17.4653714,15.92895314,13.73212794,13.08777894,12.07410754,9.987006599999999,10.58984026,10.64923946,8.87958086,8.443716460000001,8.6250316,8.122906799999999,7.743656,8.1589034,8.3560898,8.757114000000001,8.99047,9.5187334,9.061686199999999,9.366242,10.410452,11.1096926,11.4142892,12.0129936,12.3317428,11.6963672,14.9675054,15.4855905,16.3593767,17.6391263,18.1009931,16.5570703,18.1996418,20.5421866,22.6018562,24.4778986,27.62668720000001,28.24170340000001,29.6176664,28.66649800000001,30.67429120000001,31.07998520000001,31.40046120000001,26.7857822,28.4920202,25.0601236,21.1676268,17.359468,16.32512986,11.06526726,8.68933066,5.60518866,4.782360260000001,4.26072582,3.837623620000001,3.647434280000001,3.46065982,3.017476220000001,3.31318,3.36732108,2.9599957,2.53534476,2.59069984,2.25021544,1.57298876,1.32248948,1.04241568,0.5477614000000001,0.0,0.0,0.0,0,0,0,0,0,0,0,0,0,0,0.0,0.0,0.0
30124>30123,511,511,BSTu,Baker Street,Metropolitan // NB,511,BSTu,Baker Street,Jubilee // SB,Alight-Interchange-Board,337.4961780099999,2.62441214,43.00066164,82.84260494,132.43835392,59.44294868,17.14719669,0.0,0.0,0.0,0.0,0.2051537,0.5162310400000001,0.8086038400000002,1.09442356,1.40756536,1.68669082,2.02710446,2.81145332,2.9478647,3.32351318,3.34472794,4.29679436,3.91616998,4.959938200000001,5.448393920000001,6.830445400000001,6.488737120000001,7.09754364,6.42826244,5.636635580000001,4.09462686,3.262428180000001,2.3884529,2.10323498,2.04452768,2.1271692,2.10867642,2.22280086,2.16893326,2.33116626,2.39833876,2.55298572,2.57051956,2.60911532,2.81010692,2.9930657,2.98919584,3.24288054,3.92475762,6.24844358,7.379976500000001,9.20935974,12.62218284,13.181995,13.5632218,13.35008112,14.62432672,11.63282138,11.59045798,9.29735724,8.896752600000003,7.089821000000001,6.773068180000001,5.963699180000001,5.809061720000001,5.96589784,4.90638956,5.134336040000001,4.960166999999998,5.07883196,4.24448392,3.96703788,3.30235036,3.33762504,2.88338252,3.00133976,2.88134468,2.55412794,1.973593754,1.481112722,0.9804854820000002,0.5788028820000001,0.421924222,0.255167568,0.13591516,0.0,0.0,0.0,0.0,0,0,0,0,0,0,0,0,0,0,0.0,0.0,0.0
30125>30101,511,511,BSTu,Baker Street,Metropolitan // SB,511,BSTu,Baker Street,EntEx,Alight-Exit,3895.5587088322,204.1207824822,1505.4949462,1533.5316208,496.4023354000001,123.3892359,32.61978805,1.2274343074,3.5696753074,9.2650367074,15.64278802,23.63655214,37.77801779999999,50.33288980000001,62.66838840000001,80.5871566,95.440995,113.9522582,135.4046252,150.1939432,158.3632212,156.698958,147.943274,135.8723248,121.3600828,106.2035776,103.4745296,95.36887879999999,87.15186680000002,82.19960079999998,79.08856200000002,74.798212,73.9391088,69.6665816,68.35528719999999,68.3591752,68.7004172,65.4999768,64.5992892,63.616627,61.343895,56.95529700000001,53.4541122,53.2138176,52.4216134,49.2758698,48.08153180000001,49.550109,49.86068120000001,47.4863586,50.54475180000001,49.1883504,48.2865494,44.7713486,44.0690292,40.6839736,43.279397,42.15700860000001,42.0745538,42.2302432,38.98999620000001,33.08061,27.5912754,23.6307598,18.3895834,14.8481912,11.740543,10.5221796,8.3251805,7.1605773,6.674447019999999,6.45698262,5.54935922,5.203167240000001,4.888265000000001,4.87913594,4.282749099999999,4.22057858,3.9239441,3.889186140000001,3.174631020000001,2.52240969,1.94370167,1.59195495,0.99883815,0.5251658100000001,0.45865478,0.20883812,0.0,0.0,0,0,0,0,0,0,0,0,0,0,0.0,0.0,0.0
30125>30110,511,511,BSTu,Baker Street,Metropolitan // SB,511,BSTu,Baker Street,Bakerloo // NB,Alight-Interchange-Board,1179.318394308168,62.09017929,489.6762898,351.3480927,192.80530418,60.12760722,23.2709211181675,0.013915738,0.416832018,1.381657418,3.008031418,6.956145818,10.64141028,17.1366714,22.53551520000001,33.6378338,35.7904252,43.640033,52.3056276,57.3989924,54.30067320000001,54.406367,46.4266838,38.0615592,29.071455,22.75440780000001,21.8822318,21.7369814,20.4752844,20.5413718,19.83514760000001,17.7776338,16.8030242,12.8339938,12.6729096,14.005659,13.9507494,14.2094514,15.1054745,15.7126683,14.0295967,12.9609773,12.5849665,11.9437506,10.958587,10.358124,10.7051338,11.472913,12.6341418,13.0176984,15.0218544,15.5530929,18.3118857,18.1163033,18.8305687,17.8449657,18.0044016,15.4983354,14.9698522,16.2916538,15.1324176,13.32498,10.92684728,9.79924408,6.38104848,5.685786599999999,5.042809200000002,4.936855420000001,4.53351252,3.94243132,3.77896324,3.64408408,3.77673932,3.94128628,4.66484668,4.42190478,4.6412358,4.216664700000001,3.0805964,2.17493304,1.832516066,1.209210206,0.6669711079999999,0.5095487636335,0.2873417236335,0.2157969576335,0.0142009576335,6.156335000000001e-07,0.0,0.0,0,0,0,0,0,0,0,0,0,0,0.0,0.0,0.0
30125>30111,511,511,BSTu,Baker Street,Metropolitan // SB,511,BSTu,Baker Street,Bakerloo // SB,Alight-Interchange-Board,2921.24276278,177.3282125,1164.8929734,751.9426302,664.7463809999999,138.16540672,24.16715896,0.0370866,1.0394561,6.088065700000001,12.4709789,22.83551970000001,32.6257967,46.67433920000001,55.5569696,71.16919240000001,78.2024796,100.793036,118.329604,133.863418,128.666506,123.0871206,109.4322846,92.27013459999999,74.30245380000002,65.2047562,69.57198760000001,61.41864560000001,51.9146616,45.47871540000001,44.096817,34.39394779999999,28.7895402,27.89848940000001,28.5753966,27.8631086,26.12638340000001,25.35421980000001,25.3256874,24.8494378,23.8213644,23.40326880000001,23.9580818,23.518003,22.1852784,21.64067,22.1917014,23.8553456,28.1059312,38.44381920000001,48.7341158,55.6238932,61.4026226,63.33244700000001,59.0732496,56.102986,59.37016120000001,57.59892779999999,57.6606348,57.39149100000001,55.2627868,44.32809320000001,37.5990878,30.23932140000001,23.4368636,16.9677154,15.0704956,12.8453084,10.3288588,8.15050592,6.23504198,4.690571240000001,3.8185559,3.3664743,3.01569418,2.57961382,2.50997252,2.68522372,3.00240832,3.04831626,3.32392196,2.773182712,2.034789436,1.242101436,0.7888774960000001,0.108977296,0.069773984,0.0,0.0,0.0,0,0,0,0,0,0,0,0,0,0,0.0,0.0,0.0
30125>30120,511,511,BSTu,Baker Street,Metropolitan // SB,511,BSTu,Baker Street,H&C and Circle // EB,Alight-Interchange-Board,1381.85574102,119.14809597,707.3146646,267.31763826,193.46468654,62.41207720000001,32.19857845,0.09437961800000001,1.030366518,2.591120818,7.418687658,18.341511058,20.88214320000001,22.3043327,46.48555440000001,49.13867860000001,56.48817420000001,59.5790106,61.86015459999999,53.72723860000001,51.2071054,52.1640844,70.9003652,68.7753186,59.41742260000001,70.66734179999999,53.38977000000001,46.77849000000001,45.3351255,38.0467623,22.8122843,22.0577769,5.446740360000002,5.36514046,5.39567826,5.280257260000001,4.93916846,4.701108000000001,4.707463300000001,4.5885857,4.55788718,4.355881920000002,4.24445766,4.062049500000001,3.8404135,3.568754360000001,3.65512712,3.54506734,3.94850086,4.157625980000001,11.92729204,12.31205108,12.72517032,13.55584226,18.28338994,11.64037594,15.6725008,21.7389046,21.00466248,17.14861888,19.64907948,17.18777828,12.54631248,13.7112124,13.7933066,10.16398624,7.773363300000002,5.634267540000002,3.42431174,1.76786648,1.35967774,1.24864797,1.14173343,1.14769745,1.24600631,1.30694031,2.1496179,2.7020214,4.38704858,4.769430079999998,4.9273136,4.138696540000002,3.65921062,1.78202004,1.14222654,0.7003381200000001,0.4518501,0.08186462,0.0,0.0,0,0,0,0,0,0,0,0,0,0,0.0,0.0,0.0
30125>30121,511,511,BSTu,Baker Street,Metropolitan // SB,511,BSTu,Baker Street,H&C and Circle // WB,Alight-Interchange-Board,2118.334847676999,150.15956415,744.0569904000001,696.8892544000001,393.1027114,106.03767838,28.088648947,0.6995800060000001,1.877123206,4.757892406,12.101158406,20.126040726,28.6887978,36.75113260000001,45.157839,50.4641336,55.3882914,69.42529820000001,75.86359420000001,76.2537042,76.3386064,70.56632320000001,61.2370784,57.8862894,54.6827978,48.2881142,47.6627594,41.96722480000001,32.9006518,29.9211402,29.8273846,28.44437600000001,26.0812488,27.3737268,27.7047086,26.993515,27.154667,27.51136,28.9905742,28.69790200000001,28.88768360000001,28.16698,27.9990912,27.27388340000001,27.1861326,25.73545140000001,25.97775800000001,27.0806976,29.128686,29.6940356,36.19037520000001,36.114914,35.5222208,34.91199520000001,37.1578956,33.9639796,36.30281720000001,36.903434,35.20536120000001,32.984151,28.9988226,24.8706146,20.1665056,17.54289159999999,13.0294005,12.1738135,10.3616195,9.79738876,8.53331468,8.04617268,6.538978579999998,5.44601188,4.90992532,4.7830794,4.875081980000001,4.394792280000001,4.45888924,4.06709914,3.59543394,3.14158358,2.69621428,2.103652532,1.6275527554,1.1547153254,0.4820152054000001,0.1794297054000001,0.0993211934,0.08794977000000001,0.0,0.0,0,0,0,0,0,0,0,0,0,0,0.0,0.0,0.0
30125>30123,511,511,BSTu,Baker Street,Metropolitan // SB,511,BSTu,Baker Street,Jubilee // SB,Alight-Interchange-Board,483.4923609836998,49.9256683,274.55570764,101.88374108,31.94789464,12.61984176,12.5595075637,1.1634132,1.41670126,1.41670126,4.19750866,4.97081726,5.92029026,9.940356199999998,20.8998802,25.2136918,26.5376884,37.3117182,38.7813932,33.5715172,28.58571420000001,28.99625020000001,17.29998620000001,14.3176926,9.02228564,8.013622139999999,6.90414786,6.410725380000001,4.92968078,5.00539742,4.64562364,4.39602872,4.32640798,4.65690698,4.567093740000002,5.065472420000001,4.438900200000001,4.831295020000002,3.83052828,4.4762399,3.74613242,4.08102474,3.70111754,3.97015248,3.4859191,4.129703060000002,4.03450014,4.18976668,3.42568306,3.00132364,2.53811776,2.34864064,2.3184897,3.18900798,3.51884282,3.29016394,2.9771549,3.3331673,2.546689872,2.468165992,2.216612852,2.318340912,1.422617732,1.67916948,1.41278334,1.62845824,1.438778812,1.377238712,0.984915512,0.947219492,0.714814712,0.6035275,0.5408837400000001,0.58543054,0.70662168,0.573735176,0.639728176,1.077873216,0.97078382714,1.10144048714,1.04958275674,1.27174289674,1.28039829674,1.4733801456,1.0970402856,1.08951842,0.74120084,0.19308304,0.0,0.0,0,0,0,0,0,0,0,0,0,0,0.0,0.0,0.0
590201>590222,537,537,CPKu,Canons Park,EntEx,537,CPKu,Canons Park,Jubilee // NB,Enter-Board,67.03674901100003,4.578752677,23.020935252,19.211516712,11.13735512,7.275654162000001,1.812535088,0.005692522200000001,0.005692522200000001,0.1369157722,0.3192065042,0.3350716582,0.8583092360000001,1.487193496,1.430670966,1.879282134,2.22103726,2.38085504,3.01651612,3.20694146,2.7088249,2.46002334,2.1801873,0.958202698,0.7119238760000001,0.65771544,0.639425684,0.319670164,0.378533626,0.5843634679999999,0.736215264,0.7887929800000001,0.821500812,0.7763209860000001,0.8282931060000001,0.7527208059999999,0.6711056259999999,0.661715614,0.6849861140000001,0.50192914,0.51215674,0.5727766320000001,0.7362155320000001,0.9408842780000002,1.274659252,1.251843504,1.326645832,1.183236932,1.148022892,0.8744100220000001,0.8845173900000001,1.00024629,1.03030197,0.9693988100000002,0.90393522,0.96537474,0.843539272,0.9513876920000001,0.8917156620000001,0.90530595,0.91635673,0.8902666920000001,0.8695260920000001,0.8411286320000001,1.041728404,0.8854399100000001,0.794556136,0.738323156,0.7322885320000001,0.4298077320000001,0.460567658,0.433210292,0.328705238,0.265688546,0.324209926,0.224872574,0.28072256,0.283380402,0.310776888,0.252255508,0.252255508,0.149929548,0.05834209999999999,0.0,0.0,0.0,0.0,0.0,0.0,0.0,0,0,0,0,0,0,0,0,0,0,0.0,0.0,0.0
590201>590223,537,537,CPKu,Canons Park,EntEx,537,CPKu,Canons Park,Jubilee // SB,Enter-Board,3347.477414520001,454.818797,1378.2571944,842.266032,519.9631096,116.67315788,35.49912363999999,11.347471,19.379141,31.821192,49.74497000000001,61.28923900000001,79.132655,94.519475,107.584654,118.443176,136.9499,150.067774,153.883138,151.508528,144.61771,128.31095,106.128985,91.10243759999999,77.80347459999999,65.1180396,54.3230816,48.98968260000001,44.391328,42.326173,39.6557232,36.1378606,34.3809718,34.0514818,32.927283,32.3568374,33.01716800000001,32.6432544,31.08653240000001,28.73524560000001,28.1765972,28.4429826,28.6713662,29.7801974,33.458219,34.6960746,33.6658272,33.5911966,35.43552180000001,38.7044282,46.94407940000001,50.33945880000001,51.53258460000001,52.49465520000001,51.5795888,47.1637388,45.6186354,47.830499,45.9314014,40.298265,33.64991939999999,30.1433444,23.3810188,18.1358328,15.6166932,13.5410946,11.787025,10.2112496,9.057794,8.1798003,7.899768700000001,6.37429554,5.66329288,5.325859880000001,4.88045138,4.28061498,6.434448939999998,6.26741212,5.72170098,5.021226094,4.385667334,1.585537024,0.925001504,0.467917844,0.31919293,0.09040389,0.0,0.0,0.0,0.0,0,0,0,0,0,0,0,0,0,0,0.0,0.0,0.0
590222>590201,537,537,CPKu,Canons Park,Jubilee // NB,537,CPKu,Canons Park,EntEx,Alight-Exit,3222.792956047001,35.911845587,391.0475666,585.0876782,1251.6401666,741.8624456,217.2432534600001,0.0,0.007032137400000001,0.9845341974,2.8402143974,4.2765117974,7.087028397399999,9.28992266,11.426602,16.2166538,22.0678434,31.302524,39.7963924,51.105283,50.2822218,47.8392942,39.141146,32.7342986,22.7669078,19.6331562,18.1618454,17.82135659999999,16.3797374,14.5917074,14.471988,14.191409,14.3186198,14.445549,15.1206476,16.0538266,16.5841622,17.1729762,18.3230632,19.6522444,20.1003272,21.5985134,23.2989404,25.5875746,28.1805736,30.986002,32.9318082,39.6684748,46.2058262,50.42066620000001,56.9816842,65.66576060000001,71.520352,79.837366,87.29358,98.6747692,106.5723232,116.9276172,119.9735012,128.5099512,128.067492,130.480424,118.11703,113.647892,102.521608,92.02844000000002,74.6922828,68.52607180000001,57.5194218,50.1425726,43.1088296,40.4647932,36.9649118,33.230793,29.014829,27.2595204,26.3931846,25.0427226,24.6149994,23.487572,21.5653258,18.024053,15.41308,11.6400006,9.212075,6.288140012,4.614382212000001,2.235739612,1.325221012,0.127237212,0,0,0,0,0,0,0,0,0,0,0.0,0.0,0.0
590223>590201,537,537,CPKu,Canons Park,Jubilee // SB,537,CPKu,Canons Park,EntEx,Alight-Exit,69.09730499436705,1.7021516484,16.9128825156,17.760754172,23.2578008,8.826642277600001,0.6370735807670566,0.0317250608,0.0332695496,0.09568842160000003,0.2059033116000001,0.2816482136,0.3270248128,0.3324621752,0.3944301032,0.5814268332,0.6189531012,0.8591553392,1.520188628,2.171892428,2.164696628,2.25932744,2.01898824,1.530285388,1.183463788,1.094089768,0.9104149340000002,0.8970084140000001,0.8175678860000001,0.542487326,0.493883186,0.59111154,0.7391840799999999,0.7848469600000001,0.7620454920000002,0.7306941720000001,0.7709209840000001,0.6920435440000001,0.57524135,0.5286515820000001,0.4747467400000001,0.3664243880000001,0.401238774,0.4614298680000001,0.5624331240000001,0.631869196,0.6963692960000001,0.8300817899999999,1.16584283,1.49275097,1.75188068,1.97601412,2.16162598,1.97194178,2.0524042,2.00975272,1.91353256,1.74886074,2.128413520000001,1.95034828,1.79131122,1.7510846,1.80251108,1.47113316,1.136082592,1.019126406,0.8174511540000001,0.6822472740000001,0.5005004239999999,0.577516492,0.6197283880000001,0.7083200999999999,0.523898952,0.4468875928000001,0.3237497428,0.2213148588,0.1009184240807294,0.0748300349397308,0.0504130080579804,0.0164795817542104,0.0230823657542104,0.034623536473481,0.0346235347336805,0.0346235308154309,0.0346235271192009,0.0115411771192009,1.1192009e-09,0.0,0.0,0.0,0,0,0,0,0,0,0,0,0,0,0.0,0.0,0.0
580301>580322,558,558,DHLu,Dollis Hill,EntEx,558,DHLu,Dollis Hill,Jubilee // NB,Enter-Board,1138.46672007,45.45484158,342.28225692,316.9877056,306.8100728000001,96.16449571999999,30.76734745,0.0,0.9126546800000002,2.405538180000001,3.396167380000001,4.8819191,8.2400543,10.26654322,15.35196472,22.54800092,27.5083812,36.06773940000001,43.0922532,44.3090876,39.2458424,36.4112816,27.5017156,20.7697298,15.764229,15.1538168,13.9101794,13.539036,12.5851356,11.7020022,11.5852334,11.5621426,10.8788008,10.6947916,10.7525013,10.3768949,10.2684849,9.8274431,10.6249599,11.133215,11.2083599,11.7932887,13.2436449,13.7173269,14.2726619,16.1880754,16.615871,17.5893808,17.8222804,19.037306,19.9688684,22.6615228,23.8913574,27.7683436,28.48142200000001,29.8534924,29.3353398,29.2502596,25.9983794,26.2198194,23.6451984,21.1836524,18.5212856,15.89746432,13.03834512,10.57495476,8.947643620000003,7.56140254,7.27347842,6.212983220000001,6.048577880000002,5.47710418,5.231076659999998,5.0871144,4.814350599999999,4.47166968,4.1494249,3.906458999999999,2.9841136,2.4905058,2.28922706,2.6037314,2.27216852,2.14168744,1.707411974,1.138964334,0.383376414,0.171519794,0.057087534,0.0,0,0,0,0,0,0,0,0,0,0,0.0,0.0,0.0
580301>580323,558,558,DHLu,Dollis Hill,EntEx,558,DHLu,Dollis Hill,Jubilee // SB,Enter-Board,3993.565852170001,370.0713936,1517.5116428,1221.6908362,668.8226096,180.8436938,34.62567617000001,10.270021,16.855699,26.05076660000001,36.1446868,48.1366796,60.17331179999999,79.6874778,92.75275100000002,116.525765,128.5129638,150.5352568,149.9434848,160.914514,143.874686,144.641896,127.640222,120.095232,100.6242288,94.2495088,79.9538848,70.14224159999999,62.26084220000001,59.55498820000001,56.99873160000001,53.250779,50.56950820000001,49.113001,46.5580708,45.10769740000001,43.97163800000001,45.29424960000001,46.01711580000001,46.97043160000001,45.97988080000001,46.88531200000001,45.958181,47.0564334,44.8140956,47.7483052,49.9940868,50.45660520000001,51.2083024,57.5878978,58.192441,59.06759280000001,61.38438880000001,64.7970176,65.5710966,68.04463659999999,66.00104080000001,63.4654864,57.3109432,50.34312920000001,42.1849536,37.5708716,33.0814524,28.52260039999999,25.7048026,22.5614474,19.94719,15.9320244,14.0106802,10.9458464,10.0136524,8.871052800000003,8.519275200000001,7.896565100000001,7.9185569,7.038248599999999,5.923577880000002,5.11162448,4.40882868,3.420206620000001,2.81087506,2.15173644,1.755098754,1.104724054,0.5575649140000001,0.269387574,0.073803114,0.0,0.0,0.0,0,0,0,0,0,0,0,0,0,0,0.0,0.0,0.0
580322>580301,558,558,DHLu,Dollis Hill,Jubilee // NB,558,DHLu,Dollis Hill,EntEx,Alight-Exit,3528.2602041,45.1490259,418.6401508,703.6501072000001,1311.9011942,713.0781325999999,335.8415934,0.0,0.1016776,0.68517088,2.23561662,5.05394362,8.10305662,12.10278962,16.86677094,20.8538576,24.2973234,28.44725840000001,30.8772984,37.2746152,41.98932960000001,46.65300079999999,46.6776702,45.0808674,38.6221768,32.2556592,25.6110938,21.9490944,20.0543078,18.0685766,17.8748304,17.5385578,18.115707,18.6984556,19.4594652,20.1678678,20.5982644,21.8180786,23.3030136,24.4183924,25.7937034,27.5557308,28.5841706,31.3586014,34.09183400000001,36.98366540000001,39.250366,44.88806940000001,50.1523578,57.08786439999999,65.8391324,75.93064580000002,87.1843704,92.3519804,101.7445792,108.8315932,116.0914372,121.814694,128.575272,130.25361,123.892684,118.871128,106.3592,93.6577072,79.3887732,73.00349460000002,63.04749000000001,57.336471,55.68275780000001,53.6875412,51.681929,48.42960360000001,48.42077560000001,44.36244960000001,44.3791398,41.94075780000001,42.91523820000001,37.7950664,37.1079604,33.96110820000001,31.4388538,27.2818288,23.7345654,20.5367494,15.6624228,10.869066,6.526388600000002,4.4237928,1.6477948,0.0,0,0,0,0,0,0,0,0,0,0,0.0,0.0,0.0
580323>580301,558,558,DHLu,Dollis Hill,Jubilee // SB,558,DHLu,Dollis Hill,EntEx,Alight-Exit,1102.2426657812,63.4779853812,287.1663006000001,316.7593949,311.5487534000001,96.32264459999998,26.9675869,0.6624046968,1.9131749768,4.436374176800001,7.8820061708,10.18669848,11.49678888,13.3253998,13.5751382,14.400615,17.2819362,22.000592,25.5578588,29.5160164,31.5399506,32.2071936,29.27401260000001,26.74859080000001,23.1352508,19.6258816,15.8784022,14.7568238,12.6681162,10.783762,9.733925,9.8891268,9.114162599999998,8.769332,9.5516614,10.152217,10.2541098,10.9706554,11.7575216,12.4908944,12.437736,12.400519,12.1103883,12.0246523,11.8027565,12.4462229,14.5577671,17.0169786,20.9147068,23.8352854,26.320074,26.5056586,27.7391666,26.6212398,28.7883858,28.82987240000001,30.8099658,30.33720760000001,29.689786,24.7903968,22.5330192,19.0395872,15.8644676,13.2764112,12.4760512,10.658405,9.451306599999999,8.786011400000001,7.75661732,6.62198056,6.20073162,5.91450522,5.13376376,5.018584600000001,5.028276119999999,5.07159946,4.30821526,3.84883164,3.37473282,2.86457408,2.16623398,1.5194458,1.35443754,1.049968,0.7698891800000001,0.43465268,0.2050064600000001,0.0,0.0,0.0,0,0,0,0,0,0,0,0,0,0,0.0,0.0,0.0
230501>230522,579,579,FRDu,Finchley Road,EntEx,579,FRDu,Finchley Road,Jubilee // NB,Enter-Board,1384.655140600001,12.51275036,145.74037968,424.99560886,468.0551134000001,270.386902,62.9643863,0.0,0.4048108,0.69118442,0.86631424,1.56674936,2.09131764,2.71462516,4.17774874,6.698190720000001,9.085840600000001,13.24534932,16.403217,17.9301514,17.3429546,16.2394692,13.3330984,10.4120832,8.58571568,8.27672488,8.18758468,8.647121180000001,9.00391718,9.542819300000001,10.3953787,10.7478349,11.1048486,12.995684,14.2761082,15.4668502,16.3501896,17.87106080000001,18.2015226,18.9880716,19.0434306,20.4113608,20.6613706,20.8615118,21.0538832,21.2822436,21.4266292,22.1784306,24.238583,28.0188942,32.22786439999999,34.8497976,36.8155202,39.904582,39.29999,38.6473822,39.5153736,40.2513592,38.70487780000001,39.98847720000001,41.1128878,39.9167794,39.0480864,37.5266084,33.2549058,30.096237,28.2662708,25.4254288,22.0349966,20.6926946,18.0440826,15.1540264,14.0660094,13.2899662,12.5356754,10.93280894,9.8715883,8.014033940000001,7.07201166,5.59953194,4.97221822,4.417360459999998,3.55139244,3.162030720000001,2.295176440000001,1.52545942,0.92417322,0.6266006000000001,0.0,0.0,0,0,0,0,0,0,0,0,0,0,0.0,0.0,0.0
230501>230523,579,579,FRDu,Finchley Road,EntEx,579,FRDu,Finchley Road,Jubilee // SB,Enter-Board,4089.635578610001,153.39636274,1281.3898086,1296.815859,923.9466954,332.8596166,101.22723627,4.901254580000002,6.574454580000001,9.865405380000002,13.2254896,17.8916948,22.8355342,32.1527122,45.9498174,61.2099332,79.3724124,97.293413,115.476103,131.367289,138.95092,137.5284168,130.2016748,119.7686168,100.8094128,89.3135948,80.09802200000001,72.792854,65.30431000000002,60.45553140000001,54.8183554,52.17742040000001,51.11405980000001,50.44716480000001,52.4584784,52.93192740000001,50.78989780000001,50.96803840000001,51.520618,49.85611700000001,48.52146279999999,48.79757440000001,47.7441564,46.1235326,45.5800886,48.31587880000001,50.68103079999999,54.01875680000001,57.33280000000001,65.62501400000001,68.440791,72.164838,74.7974892,79.5266052,79.90539520000002,84.12789120000002,84.2795132,86.29732200000002,84.531214,80.062926,71.7525186,67.756721,58.7442618,49.3970912,41.6749256,36.9451222,30.426727,26.28086260000001,23.4508122,22.5012944,23.1237632,21.0612878,19.81359620000001,19.7905204,18.3936138,14.28637260000001,14.4959874,14.5581272,13.488346,11.6555622,11.27776072,8.71524956,6.066004768000001,3.550497054,2.274526854,0.698339534,0.152470094,0.007992286,0.0,0.0,0,0,0,0,0,0,0,0,0,0,0.0,0.0,0.0
230501>230524,579,579,FRDu,Finchley Road,EntEx,579,FRDu,Finchley Road,Metropolitan // NB,Enter-Board,2334.916707460001,53.06235056,366.6699850000001,531.3232518,871.1839188,386.6129294,126.0642719,1.00840276,2.22234356,3.26318116,4.52710876,6.07720612,9.1766162,11.4193804,15.3681116,20.2994756,25.98475220000001,35.8881962,44.2292672,46.9969052,44.5588076,39.9513728,29.9980498,22.6258822,18.83875340000001,18.6336568,18.664866,18.2695554,16.6991528,15.56916,14.9629674,14.0705821,14.0917343,14.2600566,14.8974356,15.1195566,15.9909557,17.0825725,19.3381504,20.9133206,23.12188980000001,25.82119680000001,27.4806576,27.8398432,27.6167094,28.3700022,27.6614022,26.82269720000001,28.3050508,33.5781842,43.44041840000001,53.59624640000001,62.26913520000001,73.28503200000002,80.29709600000002,79.3707852,77.89930720000002,80.42090120000002,78.195756,75.55756099999999,72.91706260000002,71.74536520000002,65.6296708,57.5445694,50.1510244,45.0609776,39.16628000000001,34.3332592,31.3740218,28.7914826,25.6903338,21.700519,19.42103,17.56261060000001,15.816821,14.5543628,14.3671168,14.1033324,14.6185688,13.6783918,12.8288246,11.5296028,10.2256654,7.11249588,5.779656500000001,3.6575647,2.2347583,0.8923182999999999,0.48161282,0.0,0,0,0,0,0,0,0,0,0,0,0.0,0.0,0.0
230501>230525,579,579,FRDu,Finchley Road,EntEx,579,FRDu,Finchley Road,Metropolitan // SB,Enter-Board,2747.024412845001,105.67524814,1153.6752298,798.670888,510.8549834,142.55391424,35.594149265,1.3721763,3.0721953,5.043650100000002,8.15900744,13.9061314,17.6490384,23.6781858,32.7948634,42.818326,55.08733579999999,77.31037359999998,101.7535772,125.4770868,138.2193088,141.784224,132.019412,115.604357,90.471373,73.455191,59.67466460000001,51.69631360000001,42.71051200000001,40.4941152,37.922538,36.05954879999999,32.7524738,31.5447498,30.064606,30.4306544,30.25256,30.3083834,30.5685888,30.7436018,29.7488588,29.2573064,28.7731802,28.4030168,27.1834936,27.5969726,29.7590762,31.986705,31.993741,37.5502942,40.86959760000001,41.204728,43.0865532,47.7104198,47.141624,48.959319,49.49654900000001,48.50948300000001,46.29929700000001,43.10513839999999,35.8095714,32.0190332,27.5132674,22.7870745,18.3131055,17.0392831,14.4243195,11.6916907,9.9438377,9.2796473,8.822266699999998,8.1086063,7.83623038,7.38675138,6.921101180000001,5.14659458,5.18286752,5.12633618,4.965800880000002,4.590075560000002,4.209923440000002,3.0382638,1.83850872,1.049223841,0.297552761,0.114461881,0.033337181,0.001202921,0.0,0.0,0,0,0,0,0,0,0,0,0,0,0.0,0.0,0.0
230522>230501,579,579,FRDu,Finchley Road,Jubilee // NB,579,FRDu,Finchley Road,EntEx,Alight-Exit,4122.3131243,110.5047182,620.8440936,1039.8033452,1333.892162,743.9083574000001,273.3604479000002,0.0,1.7533752,4.2309712,8.4684666,15.8537914,21.5785014,26.2167652,32.4028472,38.19676440000001,42.82016300000001,48.7043244,55.8280074,64.32326139999999,69.65595079999999,66.49489200000001,62.719065,55.9593598,46.0329908,36.1600586,33.94925600000001,31.7161392,31.1407576,29.7987028,30.6757524,31.3739604,32.7931248,33.88649640000001,36.5176882,39.3645956,40.1663588,41.46261080000001,42.3199176,43.15575560000001,43.00344920000001,43.04035600000001,44.039395,45.3802094,46.0179404,48.009452,51.3342426,55.64526559999999,59.31651360000001,67.27383260000002,72.37082860000002,79.39117920000002,86.6460222,92.2098162,94.26961419999999,103.3773722,110.450828,117.802787,126.860135,136.256901,134.917311,130.974256,120.73594,107.568926,91.755838,78.981135,67.76257659999999,60.758703,55.764962,51.32407760000001,50.6253242,48.46758420000001,45.47581100000001,43.102428,42.32099180000001,41.1859614,40.3531732,38.44659400000001,35.66833680000001,31.6698738,25.4358684,19.9767156,14.8291106,11.2149949,7.111338260000001,4.03433446,2.05329186,1.10923086,0.27162376,0.0,0,0,0,0,0,0,0,0,0,0,0.0,0.0,0.0
230522>230524,579,579,FRDu,Finchley Road,Jubilee // NB,579,FRDu,Finchley Road,Metropolitan // NB,Alight-Interchange-Board,13117.1946024,239.9462781000001,1166.3242714,2359.1989406,5538.487840000001,2840.026874,973.2103983000004,0.0,0.35703182,4.99757782,15.10162142,32.17556142,48.07430942000001,60.48248760000001,78.75768860000002,88.86393300000002,91.711709,95.84485100000002,107.74477,120.673851,128.750539,121.691881,116.1255702,102.5452432,78.253628,57.853436,56.26486,52.1979748,51.7019428,47.3989024,52.18865199999999,54.17628700000001,57.885403,60.87892300000001,68.30260860000001,72.930779,77.439438,80.41311400000001,85.228272,92.58802920000001,95.7569452,100.3134092,108.1232772,116.9808372,124.020916,132.75985,140.593794,150.447548,158.122658,175.850004,202.899376,251.616902,323.194014,393.012162,447.467696,518.90139,537.459966,548.3566059999999,537.70974,560.444158,490.104458,481.6097520000001,448.610996,403.510282,334.5137900000001,329.140664,289.0640700000001,245.883278,226.513512,204.622506,185.867416,166.576286,154.355348,150.810414,149.169308,143.721142,136.623546,125.606913,117.9557522,100.7316652,91.76030520000002,73.2385284,63.30701220000002,48.60754500000001,35.64659166,16.83841366,12.88293046,5.01270566,1.27734766,0.0,0,0,0,0,0,0,0,0,0,0,0.0,0.0,0.0
230522>230525,579,579,FRDu,Finchley Road,Jubilee // NB,579,FRDu,Finchley Road,Metropolitan // SB,Alight-Interchange-Board,135.990095138,6.32121351,67.10270763599999,36.385413384,20.601412114,3.942655650000001,1.636692844,0.0,0.055699408,0.09188343,0.4489185900000001,0.6622288700000001,1.33461947,1.472580642,2.2552831,2.2546068,3.01744912,3.01500432,5.12132104,8.08407656,8.671607980000001,7.69545538,9.14339878,7.97222416,4.29034348,3.8847634,3.952456616,2.153363636,1.304691896,1.582180596,1.351962296,1.57829572,1.5360555,1.57271396,1.4606854,1.37923816,1.33196478,1.43798872,1.4079317,1.4915332,1.47507338,1.57644552,1.5223415,1.5197832,1.50347192,1.5821841,1.56951334,1.59065814,1.41894336,1.439386620000001,1.59900674,1.374861366,1.625032126,1.512572826,1.735648886,2.214601546,2.32566042,2.00871232,2.27496804,1.97023826,1.31383774,1.187753012,1.057525572,0.8382760200000001,0.6033404640000001,0.3322711840000001,0.235987772,0.083371832,0.036365664,0.0,0.20111416,0.2349297320000001,0.3625911980000001,0.4717094580000001,0.5426981660000001,0.3975975000000001,0.363781928,0.2441166136,0.1564048104,0.1410439364,0.0850304424,0.0850304424,0.0832393,0.0618328432,0.0062050092,0.0062050092,0.0062050092,0.0,0.0,0.0,0,0,0,0,0,0,0,0,0,0,0.0,0.0,0.0
230523>230501,579,579,FRDu,Finchley Road,Jubilee // SB,579,FRDu,Finchley Road,EntEx,Alight-Exit,1238.195291609,62.38064449199999,427.255356,398.6598649000001,249.0631344,84.25946202,16.576829797,0.771195788,2.324642988,5.442088387999999,7.045335587999999,8.53064374,10.7098418,12.5332078,15.0236884,21.07093260000001,29.0483046,37.9703278,47.2729274,51.4098714,50.777402,46.5693414,39.8550466,31.7755704,27.11639000000001,23.4433594,20.9458824,19.0326188,17.946625,16.7372774,16.710898,16.9268464,17.0730026,16.4034794,15.3743151,15.2404985,15.2699565,14.9901015,15.3910639,15.993528,16.0926484,15.6612494,15.2326256,15.2357078,15.2545654,15.2665888,16.15592800000001,17.01373700000001,18.1374354,19.532252,21.986916,23.3380384,24.2087262,23.71897160000001,22.8328284,21.7590726,21.6625496,21.7918252,21.0939456,20.4353984,18.5409934,16.0115926,13.6691924,12.492879,10.67556566,9.48699514,8.661737400000002,7.8481605,6.946386299999999,6.28041292,5.53539724,4.8714139,4.307825680000001,3.77317668,3.3795116,2.92257392,2.40801066,2.01947354,1.86480944,1.58642646,1.39914738,1.27867196,1.16578892,0.7568255834000001,0.5935347634,0.3888953234,0.1845074834,0.008164363400000001,0.0,0.0,0,0,0,0,0,0,0,0,0,0,0.0,0.0,0.0
230523>230524,579,579,FRDu,Finchley Road,Jubilee // SB,579,FRDu,Finchley Road,Metropolitan // NB,Alight-Interchange-Board,505.19892464,16.94658672,120.62032592,84.89500044,187.83343088,68.03200096000002,26.87157972,0.5841887,0.8106785400000001,1.24916334,1.54442242,2.0754163,2.4923643,3.53524786,4.655105260000001,5.9571181,8.39081818,12.38307372,14.05186052,14.55497852,14.7018548,12.68884726,9.36388166,8.31721746,7.42456096,6.583798499999999,6.20231624,5.55239834,4.0549155,3.82991788,3.39331728,2.90036948,2.61620028,2.51991292,1.998375,1.91975856,2.08477762,2.0964452,2.4357375,2.52727334,2.68400654,2.80076702,3.05238116,3.79181966,4.197050340000001,4.42401008,4.4781149,4.56218372,4.08174724,5.604887959999999,7.28863292,9.01308416,14.10779152,16.0585252,15.901388,16.447646,19.820465,17.535665,16.6087664,17.576521,17.2567064,14.3836376,13.1232346,11.975748,9.772747,8.333479500000001,6.265471020000001,5.1173513,5.276389099999999,4.86365704,4.253214499999999,3.798934180000001,3.268418420000001,2.68072158,2.42586932,2.15817518,2.21038106,2.76597284,3.26656812,2.953027444,3.427168504,3.581053024,2.460922136,1.627605736,1.558938932,0.720152052,0.130626252,0.01098844,0.0,0.0,0,0,0,0,0,0,0,0,0,0,0.0,0.0,0.0
230523>230525,579,579,FRDu,Finchley Road,Jubilee // SB,579,FRDu,Finchley Road,Metropolitan // SB,Alight-Interchange-Board,3182.345994694001,344.50297625,1557.3021482,817.0237998000001,356.7732694,93.0029931,13.740807944,0.46028947,12.33457947,14.43476187,24.70123827,47.90054817000001,70.49692080000001,77.18671680000001,96.9879214,101.8741642,107.1150042,124.0692662,142.4635242000001,159.3414212,170.3392,158.57629,159.742672,139.937088,112.738264,96.779064,84.32619020000001,52.79390460000001,42.0917366,44.45624580000001,42.52093679999999,44.99932860000001,41.80914660000001,41.7127558,35.30244620000001,33.2450984,32.2522768,32.4802104,32.9543784,31.6546694,31.7509066,32.1224394,32.07679940000001,30.3792572,28.2557762,26.87251920000001,25.7276634,24.68131420000001,24.3671028,24.9282742,27.5886128,27.1090602,29.1424208,29.6835912,31.7959272,31.62222120000001,33.8939784,33.299151,34.656009,32.1498746,28.1019674,23.8513382,21.4677302,17.031926,15.1639098,13.2975642,11.56210968,8.08747348,6.473160280000001,4.77219626,3.926428380000001,3.310938380000001,3.15979142,3.2547762,2.96271902,2.658817,2.66125452,2.30029128,1.64340424,1.55864804,1.239685888,0.8059740879999999,0.4626231088,0.3599987688,0.0269497688,0.0115806208,0.0115806208,0.0,0.0,0.0,0,0,0,0,0,0,0,0,0,0,0.0,0.0,0.0
230524>230501,579,579,FRDu,Finchley Road,Metropolitan // NB,579,FRDu,Finchley Road,EntEx,Alight-Exit,2970.842689490001,19.43866403,417.6113058600001,697.6341674,1107.1598032,574.4352656,154.5634834,0.20598693,0.47532437,0.623013676,0.63516942,1.14634797,2.73273175,4.04438571,9.575704203999999,15.74622406,23.5556962,31.26725080000001,41.4831046,45.63249800000001,49.8885664,48.20243980000001,43.8111138,37.1311036,32.2253498,25.4103286,23.2576302,20.7194904,20.0280586,18.745857,19.2920072,18.9438062,20.5770406,20.8585408,22.32151,22.721103,23.52231500000001,24.6651984,25.6123974,26.8929732,28.4672336,29.9025936,31.2527522,32.3625058,33.33664640000001,35.37113280000001,37.16510080000001,39.9233322,44.263725,46.032797,54.6560502,61.0569442,63.41868339999999,68.3935266,80.2432512,84.3142852,94.10778020000001,106.037263,114.995689,118.044382,116.132664,104.2956882,96.1196462,83.9117382,71.66188120000001,59.33352420000001,55.82809340000001,51.10148840000001,45.19016980000001,39.94504860000001,39.80035400000001,36.857269,31.778193,30.3811396,28.64636620000001,26.9245678,24.39244080000001,21.6270114,19.241399,17.0370582,13.50807964,10.32522824,7.91930412,5.13862046,3.22104548,1.98409204,1.54178704,1.02889556,0.6739536200000001,0.0,0,0,0,0,0,0,0,0,0,0,0.0,0.0,0.0
230524>230522,579,579,FRDu,Finchley Road,Metropolitan // NB,579,FRDu,Finchley Road,Jubilee // NB,Alight-Interchange-Board,3117.696787420859,11.65819815686,228.607854174,651.8032206,1423.8141442,637.6418008,164.17156949,0.0,6.889768400000002e-05,8.565677200000001e-05,0.005127732172,0.126533346172,1.009601426172,3.187280728488,7.329500369400001,10.191392494,14.63160608,18.849806,21.8553538,22.88784140000001,26.32617460000001,25.2272194,23.027601,20.26063640000001,17.8984832,13.9843074,13.46743240000001,12.4567144,12.9493792,12.7940418,14.0179926,14.4600076,15.9334024,16.8662618,19.3022688,20.2959602,21.5639962,23.0231604,24.9157428,25.3850292,26.2377856,26.9678042,28.368801,29.492383,32.1604982,36.19126,37.8744184,43.4202602,47.5807342,49.0340342,60.51128420000001,71.05749320000002,78.43527800000003,91.222709,110.074249,120.216633,131.258433,140.766135,146.859402,144.467044,139.853534,129.396616,120.206618,101.318714,86.2452074,68.08811259999999,59.3456966,51.2942478,47.2337312,43.401269,42.0696158,39.04441439999999,34.2599944,33.36657820000001,31.9742194,30.3945864,28.4644826,25.8271538,22.6209576,18.2099929,13.82702358,9.479279230000003,6.46947263,3.809424658000001,2.375592958,1.328567278,1.173924828,0.191111028,0.0,0.0,0,0,0,0,0,0,0,0,0,0,0.0,0.0,0.0
230524>230523,579,579,FRDu,Finchley Road,Metropolitan // NB,579,FRDu,Finchley Road,Jubilee // SB,Alight-Interchange-Board,169.184695156173,1.2258097785,29.609314984,29.86228117,73.19825066,29.43850408,5.850534483673109,0.0,0.0,0.0002540445,0.0002540445,0.0002540445,0.1388953645,0.2765733925,0.8095788880000001,1.046431348,1.577215428,1.795514448,2.48572782,2.46859864,2.68497594,2.52534614,2.46857358,2.82421708,3.25553622,3.3150148,3.16216354,2.97844416,2.41092036,1.576328988,1.155089816,1.077612836,1.115668376,0.580791584,0.558027856,0.63416224,0.6479541600000001,0.6278682600000001,0.6663662800000001,0.8014310200000001,0.919627828,0.9335831480000002,0.986186602,1.030857834,0.920559062,0.845594582,1.053132742,1.238076208,1.929852988,2.18794566,2.98619858,2.83964716,2.8219864,2.61561496,3.46407672,3.39682962,5.796078400000002,7.4957262,9.428002700000002,9.6033166,10.0910707,7.758111299999999,7.887789900000001,6.410062300000001,5.205037814,3.775442014,3.724175854,1.923429454,1.015697204,1.07767461,1.39773329,1.40292151,1.23275621,1.16759316,1.10598066,0.9712133,0.859469508,0.735059496,0.684082162,0.5892337320000001,0.466072362,0.3280446947346219,0.2589959227346219,0.3105792067346219,0.2133585167346219,0.1512285667346219,0.151228566,0.13196845,0.0,0.0,0,0,0,0,0,0,0,0,0,0,0.0,0.0,0.0
230525>230501,579,579,FRDu,Finchley Road,Metropolitan // SB,579,FRDu,Finchley Road,EntEx,Alight-Exit,2322.452254520002,192.07998838,965.6139494000001,596.9181650000002,425.2719082,111.4813775,31.08686604,0.25659696,3.60225896,9.71970476,15.26473476,24.57546454,33.5375294,47.6062994,57.51739960000001,76.18629159999999,91.90145160000002,104.4096508,111.5652248,112.8841728,101.4267518,88.1589558,77.613585,62.19613180000001,52.52599780000001,46.0465182,40.69921740000001,33.88017440000001,29.8631224,26.3256058,23.9130414,21.9091218,23.5718572,22.9698972,24.0474462,24.5708206,24.4305126,23.1438482,23.58977520000001,23.4455896,23.4539984,23.2169916,22.2238906,21.3202772,20.6857824,21.1552656,22.9520014,23.88731760000001,27.6011926,31.1774786,33.5831564,35.4426986,37.2463938,38.257757,38.14200220000001,38.700205,39.7292922,40.8296718,38.84974,35.9784968,32.307419,27.2806114,22.5076204,17.9860602,14.7956794,12.6874232,10.7905672,9.9324852,8.8520128,8.11111926,7.22964646,6.28508018,5.31384518,4.723024779999998,4.77443364,4.653308440000001,4.65478902,4.3735691,3.95084946,3.27457502,2.66409194,2.17478398,1.7244537,1.586074748,1.114214668,0.6770257479999999,0.171921008,0.06720920799999999,0.0,0.0,0,0,0,0,0,0,0,0,0,0,0.0,0.0,0.0
230525>230522,579,579,FRDu,Finchley Road,Metropolitan // SB,579,FRDu,Finchley Road,Jubilee // NB,Alight-Interchange-Board,591.5866819899999,36.1305257,279.28298246,121.73629734,115.9429664,29.03172300000001,9.462187089999999,0.0,0.53691806,1.11831774,1.61224626,4.08440746,6.38595466,9.3082778,13.08440372,20.4065678,26.9315186,31.56518800000001,34.80522120000001,35.4344586,31.554898,25.9112726,21.4547718,16.3074126,13.8668668,11.4649924,9.57981406,8.00509206,7.404492160000001,5.44628056,4.753679620000002,4.05421912,4.21090332,3.76811562,3.92582742,3.90207676,3.991752200000001,3.8313764,4.270864100000002,4.696748500000001,4.73865244,4.551891560000001,4.39436756,4.334624740000002,4.024519000000001,4.06781326,4.93103706,5.565417460000001,6.61676638,7.619870120000002,8.629909920000001,8.7783156,8.863382000000003,8.4662921,9.7796515,9.018377699999998,11.2524945,12.2528545,12.38297,10.31189528,10.52075914,7.57827774,6.737696340000001,5.54339382,4.88248826,4.008043600000001,3.40294956,1.96339426,1.658088752,1.448861692,1.262215572,1.163274652,1.117233692,1.2309194,1.35085974,1.37594658,1.35989854,1.366704186,1.169531396,1.099288316,0.8187088480000001,0.596395028,0.5618972300000001,0.5134482700000002,0.22699915,0.182448498,0.149818118,0.04110293,0.0,0.0,0,0,0,0,0,0,0,0,0,0,0.0,0.0,0.0
230525>230523,579,579,FRDu,Finchley Road,Metropolitan // SB,579,FRDu,Finchley Road,Jubilee // SB,Alight-Interchange-Board,14472.025588866,1413.9168796,6058.827328,4169.423718000001,2176.9113852,517.694514,135.251764066,0.2414144,23.0619104,62.3461184,106.2948144,200.83418,277.366296,343.168274,400.603872,477.7983360000001,535.498596,601.3187,675.0057360000002,682.14743,639.751298,568.154898,506.0387440000001,400.195414,347.450374,325.087714,300.380088,261.859388,251.673036,239.82872,221.778416,201.987248,197.061924,182.95987,179.854168,176.26638,170.580808,166.28694,169.368422,165.306244,158.00217,153.745682,149.457696,142.152924,136.753326,136.915818,139.3874,136.477027,140.450405,140.752025,150.517681,156.901321,164.754886,167.011038,176.164978,189.579574,211.34002,215.801732,225.235412,214.54428,186.672783,145.021352,123.8840092,91.86364420000001,75.546263,61.328388,53.45232900000001,43.71955320000001,37.21717040000001,32.910851,29.0684574,25.7224896,22.8148642,21.89848700000001,22.152017,20.85356860000001,19.4771376,18.4643902,18.448684,16.2288692,14.26601170000001,11.4600428152,8.6852639132,4.742973653200001,1.863865053200001,0.2719905532,0.268394238,0.22057254,0.0,0.0,0,0,0,0,0,0,0,0,0,0,0.0,0.0,0.0
230522>230472,579,579,FRDu,Finchley Road,Jubilee // NB,1445,FNYr,Finchley Road & Frognal,LO North London // EB,Alight-Exit-Interchange-Enter-Board,0.0,0.0,0.0,0.0,0.0,0.0,0.0,0.0,0.0,0.0,0.0,0.0,0.0,0.0,0.0,0.0,0.0,0.0,0.0,0.0,0.0,0.0,0.0,0.0,0.0,0.0,0.0,0.0,0.0,0.0,0.0,0.0,0.0,0.0,0.0,0.0,0.0,0.0,0.0,0.0,0.0,0.0,0.0,0.0,0.0,0.0,0.0,0.0,0.0,0.0,0.0,0.0,0.0,0.0,0.0,0.0,0.0,0.0,0.0,0.0,0.0,0.0,0.0,0.0,0.0,0.0,0.0,0.0,0.0,0.0,0.0,0.0,0.0,0.0,0.0,0.0,0.0,0.0,0.0,0.0,0.0,0.0,0.0,0.0,0.0,0.0,0.0,0.0,0.0,0.0,0,0,0,0,0,0,0,0,0,0,0.0,0.0,0.0
230522>230473,579,579,FRDu,Finchley Road,Jubilee // NB,1445,FNYr,Finchley Road & Frognal,LO North London // WB,Alight-Exit-Interchange-Enter-Board,0.7439024739625004,0.101357136,0.4690971944379999,0.018609367616,0.1331974572,0.015329766496,0.0063115522125,0.0,0.0,0.0,0.0,0.0,0.018201914,0.034041286,0.049113936,0.049113936,0.058133224,0.092219156,0.076379784,0.06130713400000001,0.06130713400000001,0.0523017500348,1.39040348e-05,3.32900508e-05,0.006100595450800001,0.006100595450800001,0.006086691416,0.006086691416,0.0060673054,0.0,0.0,0.0,0.0,0.0,0.0,0.0,0.0,0.0,0.0,0.0,0.0,0.0,0.0,0.0,0.0,0.0,0.0,0.0,0.0,0.0,0.0064553708,0.0064553708,0.0104896556,0.0104896556,0.0104896556,0.0040342848,0.0040342848,0.0,0.01744091,0.01744091,0.01744091,0.01744091,0.01744091,0.00046421084,0.00046421084,0.0008376273800000001,0.0008376273800000001,0.00108735684,0.000623146,0.000623146,0.00052478502,0.00052478502,0.00310368396,0.00310368396,0.003135503256,0.002860447696,0.002882483718,5.385531800000002e-05,6.966777000000001e-05,0.000105377114,0.000105377114,8.33676237e-05,8.33676237e-05,6.75551717e-05,2.65317e-08,2.65317e-08,0.0,0.0,0.0,0.0,0,0,0,0,0,0,0,0,0,0,0.0,0.0,0.0
230523>230472,579,579,FRDu,Finchley Road,Jubilee // SB,1445,FNYr,Finchley Road & Frognal,LO North London // EB,Alight-Exit-Interchange-Enter-Board,0.124878239,0.0,0.04841880600000001,0.014008009,0.06245142400000002,0.0,0.0,0.0,0.0,0.0,0.0,0.0,0.0,0.0,0.0,0.0,0.0,0.0,0.006679399400000001,0.009683761200000002,0.009683761200000002,0.009683761200000002,0.009683761200000002,0.0030043618,0.0,0.0,0.0,0.0,0.0011156424,0.0011156424,0.0011156424,0.0011156424,0.0011156424,0.0,0.0,0.0,0.0,0.0,0.0,0.0,0.0,0.0,0.0,0.0,0.0,0.0,0.0,0.0,0.0,0.0,0.008429797000000001,0.008429797000000001,0.008429797000000001,0.0110239442,0.0141762442,0.005746447200000001,0.005746447200000001,0.005746447200000001,0.0031523,0.0,0.0,0.0,0.0,0.0,0.0,0.0,0.0,0.0,0.0,0.0,0.0,0.0,0.0,0.0,0.0,0.0,0.0,0.0,0.0,0.0,0.0,0.0,0.0,0.0,0.0,0.0,0.0,0.0,0.0,0.0,0,0,0,0,0,0,0,0,0,0,0.0,0.0,0.0
230523>230473,579,579,FRDu,Finchley Road,Jubilee // SB,1445,FNYr,Finchley Road & Frognal,LO North London // WB,Alight-Exit-Interchange-Enter-Board,0.0,0.0,0.0,0.0,0.0,0.0,0.0,0.0,0.0,0.0,0.0,0.0,0.0,0.0,0.0,0.0,0.0,0.0,0.0,0.0,0.0,0.0,0.0,0.0,0.0,0.0,0.0,0.0,0.0,0.0,0.0,0.0,0.0,0.0,0.0,0.0,0.0,0.0,0.0,0.0,0.0,0.0,0.0,0.0,0.0,0.0,0.0,0.0,0.0,0.0,0.0,0.0,0.0,0.0,0.0,0.0,0.0,0.0,0.0,0.0,0.0,0.0,0.0,0.0,0.0,0.0,0.0,0.0,0.0,0.0,0.0,0.0,0.0,0.0,0.0,0.0,0.0,0.0,0.0,0.0,0.0,0.0,0.0,0.0,0.0,0.0,0.0,0.0,0.0,0.0,0,0,0,0,0,0,0,0,0,0,0.0,0.0,0.0
230524>230472,579,579,FRDu,Finchley Road,Metropolitan // NB,1445,FNYr,Finchley Road & Frognal,LO North London // EB,Alight-Exit-Interchange-Enter-Board,5.851716394,0.0,0.6599641888000001,2.6871349222,1.6126026718,0.8716988666000001,0.0203157446,0.0,0.0,0.0,0.0,0.0,0.0,0.0,0.0,0.0,0.0,0.061307692,0.061307692,0.061307692,0.104001256,0.12768668,0.066378988,0.0717616852,0.0717616852,0.0290681212,0.005382697200000001,0.018465878,0.0287945088,0.0683426908,0.0734163462,0.07934068400000001,0.0732461672,0.0672670618,0.0599868678,0.0845905324,0.0832262632,0.07623759919999999,0.08856375779999999,0.0979565378,0.0803788978,0.07878158880000001,0.0944539728,0.0905396866,0.0542777426,0.1988492626,0.264568989,0.286937755,0.26879366,0.263394836,0.106723636,0.0501141074,0.1238381374,0.1349656824,0.1622312404,0.1927368204,0.185601233,0.114590373,0.1307972,0.125605472,0.115556133,0.155249329,0.1213169438,0.1122116418,0.1191061458,0.1059756942,0.0702788402,0.1035611034,0.08834455520000001,0.06965818260000001,0.06233239320000001,0.06770619720000001,0.02881378000000001,0.0269961472,0.0167141858,0.0167141858,0.0024066698,0.001194889,0.0,0.0,0.0,0.0,0.0,0.0,0.0,0.0,0.0,0.0,0.0,0.0,0,0,0,0,0,0,0,0,0,0,0.0,0.0,0.0
230524>230473,579,579,FRDu,Finchley Road,Metropolitan // NB,1445,FNYr,Finchley Road & Frognal,LO North London // WB,Alight-Exit-Interchange-Enter-Board,13.73801383128,0.0,0.709208446304,4.071018618976,5.979166396000001,2.138416686,0.8402036840000002,0.0,0.0,0.0,0.0,0.0,0.0,0.0,0.0,0.0,0.009440051,0.009448054962,0.009448054962,0.009448054962,0.05868049296200002,0.06762690796200001,0.093937486,0.123938386,0.148025696,0.098793258,0.080422003494,0.05410342149400001,0.070096101494,0.07306374749400002,0.08088948869400002,0.1184219612,0.1280850752,0.1485002752,0.1458329232,0.183205328,0.161612506,0.2064175640000001,0.154335718,0.16133041,0.126009974,0.175320212,0.14165387,0.188283068,0.1624470426,0.1974331046,0.1600534646,0.2247585146,0.3232029886,0.338505376,0.3474564840000001,0.5288852239999999,0.5877549639999999,0.4689937200000001,0.5271692520000001,0.54542084,0.40646532,0.428844268,0.515246258,0.4985384879999999,0.53301289,0.48751543,0.451319742,0.3678458,0.3192167448000001,0.2332343568,0.2226661528,0.1573660988,0.1331045868000001,0.139679106,0.126823638,0.14039307,0.075133244,0.118546954,0.104406934,0.129143128,0.1077023152,0.1887804632000001,0.1260608552,0.1199389912000001,0.08749978320000001,0.08107814800000003,0.0,0.0,0.0,0.0,0.0,0.0,0.0,0.0,0,0,0,0,0,0,0,0,0,0,0.0,0.0,0.0
230525>230472,579,579,FRDu,Finchley Road,Metropolitan // SB,1445,FNYr,Finchley Road & Frognal,LO North London // EB,Alight-Exit-Interchange-Enter-Board,202.7906339387,18.1460292787,102.22595112,31.781098738,38.34594408200001,10.867308896,1.424301824,0.0,0.0006581157400000001,0.22268047574,0.5719444757400001,2.24895967574,3.45850137574,4.66072846,6.9825567,8.20110304,8.23123664,11.16500934,13.67631374,12.49586542,12.53832888,12.07194708,8.798331680000002,5.370347900000001,4.228278960000001,3.13227432,2.31691412,1.9158031,2.04114084,1.961933274,1.812940854,1.659096034,1.341977606,1.032454146,0.994685304,0.798130164,0.6624761920000001,0.7100692000000001,0.8533354200000001,0.963747328,1.023329788,1.11435042,1.15963072,1.14021232,1.10258406,1.0930426,1.15346358,1.35267222,1.78329554,1.784798914,2.325929114,2.438867174,2.458219514,2.330498154,2.78649814,3.0267134,3.51427252,4.27900328,4.320757860000001,4.30589252,3.57556198,3.16243398,2.14722556,1.7732717,1.36474736,1.34653272,1.04224888,0.92881766,0.8098423539999999,0.760089874,0.6006435999999999,0.58706774,0.5810403679999999,0.5887592100000001,0.48424743,0.42670915,0.306924076,0.228676776,0.176511028,0.119521028,0.08494270200000001,0.047868676,0.033148388,0.0,0.0,0.0,0.0,0.0,0.0,0.0,0,0,0,0,0,0,0,0,0,0,0.0,0.0,0.0
230525>230473,579,579,FRDu,Finchley Road,Metropolitan // SB,1445,FNYr,Finchley Road & Frognal,LO North London // WB,Alight-Exit-Interchange-Enter-Board,91.08642485066383,7.911725500000001,47.194905748,18.23622434,13.415963094,3.745750074,0.58185609466384,0.0,0.1268061600000001,0.184331496,0.288494808,0.8035655880000001,1.363064468,2.077072708,3.068390272,4.084591560000002,4.664413380000001,5.004054099999999,5.5128455,4.96762852,4.645928640000001,4.42849232,4.1154091,2.95337932,2.9320809,2.31282976,1.573252648,1.051758738,0.959753878,0.6982975579999999,0.741876518,0.6557173860000001,0.8060607559999999,0.8989483359999999,0.7671741360000001,0.5942874840000001,0.604212888,0.629656588,0.593750628,0.7465400680000001,0.86168069,0.92041275,0.8935030700000002,0.8594839960000001,0.7752668160000001,0.775391534,0.7584314059999999,0.653391906,0.6316470660000001,0.567677406,0.7913027380000001,0.938008326,1.085827886,1.143569474,1.433445634,1.225570774,1.177637734,1.280686814,1.30367638,1.12097424,1.089221828,0.937931148,0.6794128560000001,0.5134302860000001,0.386714026,0.268791052,0.233428386,0.259826678,0.307351578,0.268393642,0.2477607892,0.3793023472,0.2996189632,0.2914808372,0.2896514892,0.2854542426,0.1419054986,0.09474973662000001,0.04408711728,0.01071854429052,0.004102442782708,0.000573054782708,0.0002633103127680001,1.705652768e-06,2.22642248e-07,1.0955006e-07,1.0955006e-07,0.0,0.0,0.0,0,0,0,0,0,0,0,0,0,0,0.0,0.0,0.0
230472>230522,579,1445,FNYr,Finchley Road & Frognal,LO North London // EB,579,FRDu,Finchley Road,Jubilee // NB,Alight-Exit-Interchange-Enter-Board,51.38927601060001,1.90909889712,8.22121346728,9.527170612,18.696975626,11.70737212,1.3274452882,0.0,0.0,0.0,0.10106838,0.10153582928,0.10153582928,0.4482358292800001,1.15672302928,1.08151348928,1.08104604,1.08104604,0.96010314,0.25161594,0.2257571,0.5105925600000001,0.62341142,0.4499308960000001,0.5337873560000002,0.7630871360000001,0.6593223500000001,0.54650349,0.4948907134,0.4662980834000001,0.2667786794,0.3412223854,0.3412223854,0.415389112,0.360125282,0.448045926,0.215258441,0.249334921,0.174504395,0.219221395,0.140711889,0.250586566,0.254817928,0.281509162,0.2480304628,0.2736208348,0.3357655908,0.3328146248,0.9859256108,0.9746873100000002,0.9099054240000002,1.404295596,1.36893872,0.6891364999999999,0.8393677660000001,0.8393677660000001,0.213170654,0.7049725339999999,1.440918814,1.290687548,3.139126748,3.07618736,3.69080562,2.954859340000001,3.131167120000001,1.60740098,1.6112106996,0.5047905596000001,0.6205917396000001,0.4442839596000001,0.1661615336,0.18550966,0.18550966,0.105897544,0.189989324,0.1976567900000001,0.187460778,0.18770057604,0.15151151204,0.1718706260400001,0.11765252604,0.10469069204,0.104450894,0.104450894,0.0,0.0,0.0,0.0,0.0,0.0,0,0,0,0,0,0,0,0,0,0,0.0,0.0,0.0
230472>230523,579,1445,FNYr,Finchley Road & Frognal,LO North London // EB,579,FRDu,Finchley Road,Jubilee // SB,Alight-Exit-Interchange-Enter-Board,0.2293896176770001,1.8075287e-05,0.004441452078999999,0.008860754811,0.006844725500000003,0.08368984400000003,0.125534766,0.0,0.0,3.6150574e-06,3.6150574e-06,3.6150574e-06,3.6150574e-06,3.6150574e-06,0.0,0.0,0.0,0.0,0.0,0.0,0.0,0.0,0.0,0.0011060906,0.0011060906,0.0011060906,0.001123180279,0.001147250698,4.116009800000001e-05,5.666895400000001e-05,5.666895400000001e-05,7.9839259e-05,5.576884e-05,5.576884e-05,4.0259984e-05,7.795854400000001e-05,3.769856e-05,3.769856e-05,3.769856e-05,0.00010530404,6.760548000000001e-05,6.760548000000001e-05,6.760548000000001e-05,0.00141972328,0.0013521178,0.0013521178,0.0013521178,0.0013521178,0.0,0.0,0.0,0.0,0.0,0.001368945100000001,0.001368945100000001,0.001368945100000001,0.001368945100000001,0.001368945100000001,0.0,0.0,0.0,0.0,0.0,0.0,0.0,0.0,0.0,0.0,0.0,0.0,0.0,0.0,0.0,0.04184492200000001,0.04184492200000001,0.04184492200000001,0.04184492200000001,0.04184492200000001,0.0,0.0,0.0,0.0,0.0,0.0,0.0,0.0,0.0,0.0,0.0,0.0,0,0,0,0,0,0,0,0,0,0,0.0,0.0,0.0
230472>230524,579,1445,FNYr,Finchley Road & Frognal,LO North London // EB,579,FRDu,Finchley Road,Metropolitan // NB,Alight-Exit-Interchange-Enter-Board,74.39079955289999,1.483630108,8.856178182,10.886838347,40.03789204,10.715244032,2.4110168439,0.0,0.0,0.0,0.069550526,0.196480476,0.296969736,0.3613780200000001,0.55925135,0.6636530580000001,0.739831688,0.7280171160000001,0.953186512,0.8464922960000001,0.9419108820000001,0.851041102,0.8633466740000001,0.6592528440000001,0.68137547,0.45243027,0.47564027,0.4066873560000001,0.380827926,0.297193936,0.345332436,0.2118799682,0.2177415222,0.1925750862,0.1756903122000001,0.1504725722,0.232849774,0.238753116,0.268670872,0.267381508,0.264609278,0.233507312,0.2124787172,0.2232054312000001,0.3052096672,0.4587147772,0.6291908692,0.965190622,1.226683108,1.38786354,1.59412864,2.48774858,2.66472908,2.84707554,3.35224966,4.207398640000001,3.84701264,3.825206840000001,4.306426040000002,3.8819051,3.0048884,2.8741304,2.73912112,1.852012888,1.618174848,1.383120828,0.9753856679999999,0.651359414,0.695002146,0.6286148759999999,0.5897325959999999,0.580568116,0.5819545100000001,0.5398904900000001,0.619427652,0.56386114,0.4046654000000001,0.41085942,0.371758154,0.25732969518,0.1883558671800001,0.13822764718,0.07574466717999999,0.00021485318,0.0,0.0,0.0,0.0,0.0,0.0,0,0,0,0,0,0,0,0,0,0,0.0,0.0,0.0
230472>230525,579,1445,FNYr,Finchley Road & Frognal,LO North London // EB,579,FRDu,Finchley Road,Metropolitan // SB,Alight-Exit-Interchange-Enter-Board,51.53802086374949,2.442769922,22.0678436,12.612941136,12.007581852,1.6086905683111,0.7981937854384,0.0,0.0,0.037807918,0.14511863,0.308493638,0.418439878,0.6762436380000001,0.8566662199999999,1.098373788,1.48706818,1.70001368,2.18676182,2.111260054,2.293615314,2.545558214,2.386509914,1.966399094,1.918731054,1.481707874,0.8918446139999999,0.811621574,0.5691199640000001,0.82600487,0.84700109,0.7480324820000002,0.7700679020000001,0.7678322580000001,0.5783195080000001,0.5293184080000001,0.528671662,0.5418557020000001,0.580950676,0.4293841052,0.4691792252,0.375622926,0.2567830659999999,0.213714186,0.2998755008,0.3198327008,0.348600034,0.457758264,0.4845948040000001,0.4459121340000001,0.412888094,0.615799634,0.782413164,0.7179811300000001,0.8985842660000001,1.636557906,1.753290046,1.55636182,1.58720739,1.36269556,0.58758321,0.27710527,0.232002456,0.171376952,0.1569428880316,0.1384789960316,0.0817325740316,0.0479934420079,0.0960908100079,0.1143144559763,0.1415805819762999,0.1482148549763,0.1482142717572,0.1793318637572,0.1844188777572,0.1564011657572,0.147604061231,0.1476039309848,0.1099995869848,0.08668676098480001,0.04996718898480002,0.04996598251100001,0.04996510800000002,0.0,0.0,0.0,0.0,0.0,0.0,0.0,0,0,0,0,0,0,0,0,0,0,0.0,0.0,0.0
230473>230522,579,1445,FNYr,Finchley Road & Frognal,LO North London // WB,579,FRDu,Finchley Road,Jubilee // NB,Alight-Exit-Interchange-Enter-Board,0.05603533199999999,0.0,0.05603533199999999,0.0,0.0,0.0,0.0,0.0,0.0,0.0,0.0,0.0,0.0,0.0,0.0,0.0,0.0,0.0,0.0,0.0,0.0112070664,0.0112070664,0.0112070664,0.0112070664,0.0112070664,0.0,0.0,0.0,0.0,0.0,0.0,0.0,0.0,0.0,0.0,0.0,0.0,0.0,0.0,0.0,0.0,0.0,0.0,0.0,0.0,0.0,0.0,0.0,0.0,0.0,0.0,0.0,0.0,0.0,0.0,0.0,0.0,0.0,0.0,0.0,0.0,0.0,0.0,0.0,0.0,0.0,0.0,0.0,0.0,0.0,0.0,0.0,0.0,0.0,0.0,0.0,0.0,0.0,0.0,0.0,0.0,0.0,0.0,0.0,0.0,0.0,0.0,0.0,0.0,0.0,0,0,0,0,0,0,0,0,0,0,0.0,0.0,0.0
230473>230524,579,1445,FNYr,Finchley Road & Frognal,LO North London // WB,579,FRDu,Finchley Road,Metropolitan // NB,Alight-Exit-Interchange-Enter-Board,259.1272680170437,14.27805252,42.16021447999999,48.61311814,109.02364798,31.636035372,13.4161995250437,0.0,0.0,0.5993250800000001,1.69642748,2.26275538,2.75026398,3.44060864,3.52867196,3.19160966,3.71916596,4.182155359999999,4.46550922,5.07748548,4.972412180000001,4.39807854,3.7248295,3.18541142,2.13557442,1.67332894,1.4346538,1.34944172,1.07362272,1.02029364,1.06668524,1.09535686,1.08887359,1.15505449,1.14113245,1.13707225,1.21782781,1.2702641,1.209408266,1.278413966,1.366520266,1.331713406,1.835656286,2.06825964,2.32038664,3.09713442,3.43444016,3.31273172,4.55378706,4.954741820000002,5.23429962,6.35022314,8.0398822,9.0271848,10.206744,10.6782119,10.7898661,10.4460189,10.4863025,9.37075384,8.440002999999999,8.3142468,6.874210799999999,4.92265306,4.210481099999999,4.19542784,2.84763784,2.51795846,2.07117504,2.24701854,1.94212974,1.76986298,1.737393052,1.52892926,1.64536846,1.48838728,1.54078732,2.107941228,2.30904346,1.91376429,1.47050587140874,1.21901631540874,0.5878327074087402,0.3285040274087402,0.1752979174087401,0.175297916,0.09982119199999999,0.0,0.0,0.0,0,0,0,0,0,0,0,0,0,0,0.0,0.0,0.0
230473>230525,579,1445,FNYr,Finchley Road & Frognal,LO North London // WB,579,FRDu,Finchley Road,Metropolitan // SB,Alight-Exit-Interchange-Enter-Board,6.886623108000001,0.162198992,2.945020119,2.394319138,0.8765168102,0.3700131558,0.138554893,0.0,0.0,0.0,0.0,0.029888316,0.029888316,0.05121118,0.05121118,0.09291686800000001,0.2037329320000001,0.2183270428,0.2974130668000001,0.3253665208000001,0.3485531928,0.2994072388,0.286215678,0.249298582,0.27636552,0.2178842832000001,0.1295391938,0.1375060886,0.0740142966,0.026818108,0.0800196648,0.1081780282,0.1093431948,0.1368910808,0.1622731014,0.1172369774,0.1072465334,0.119615778,0.107631237,0.0781007744,0.08022664639999999,0.0623027988,0.06139949080000001,0.0728589818,0.0754492316,0.0948898976,0.0914324892,0.1142207912,0.1211258872,0.136930858,0.118607202,0.1270893356,0.1137060916,0.07977815960000001,0.05770717760000001,0.0398877396,0.034635629,0.027268239,0.067883497,0.07642882100000001,0.07642882100000001,0.09496438,0.0807389192,0.0638438184,0.0552984944,0.0654248214,0.04850044540000002,0.0386876902,0.014967533,0.014967533,0.01546345,0.010622244,0.010622244,0.010622244,0.020992638,0.0208094494,0.0208094494,0.0297850574,0.0297850574,0.0194146634,0.008975608000000001,0.008975608000000001,0.0,0.0,0.0,0.0,0.0,0.0,0.0,0.0,0,0,0,0,0,0,0,0,0,0,0.0,0.0,0.0
20501>20522,590,590,GPKu,Green Park,EntEx,590,GPKu,Green Park,Jubilee // NB,Enter-Board,4761.681412099998,31.7671427,127.9729876,1115.496008,2011.9437028,962.5031406,511.9984304,0.5719420999999999,1.43472696,2.58693576,4.04971156,4.815074880000001,5.35388812,6.033705260000001,6.92115806,7.257500660000002,8.130053740000001,9.2706052,10.5401358,10.6410386,10.7800412,11.190033,11.2585328,10.7528966,11.4989126,12.7614286,13.8918088,14.3537542,16.2351332,18.6575692,22.112835,26.1937846,33.6680216,39.0797494,41.3811654,41.6786798,41.3059972,38.7588316,38.66251740000001,39.3505164,40.761006,41.9581756,43.55951820000001,46.8579122,49.9963162,59.9087574,68.30700440000001,74.50951040000002,81.09236340000002,95.987514,101.1193752,112.2875652,124.5321892,143.5707152000001,155.9572532,174.816772,183.43001,200.50575,200.561968,201.3404200000001,187.127202,176.17098,151.642878,132.847876,108.009332,96.257766,84.27862200000001,77.724028,70.40168919999999,70.9612382,67.04299420000001,65.0679662,62.49112540000001,64.74271920000001,62.67778420000001,63.82590220000001,62.76492339999999,62.28135820000001,58.36711260000001,53.51884560000001,47.28923360000001,43.30232420000001,38.88792700000001,31.155062,22.850283,15.54707700000001,9.241959200000002,2.9664224,0.0,0.0,0,0,0,0,0,0,0,0,0,0,0.0,0.0,0.0
20501>20523,590,590,GPKu,Green Park,EntEx,590,GPKu,Green Park,Jubilee // SB,Enter-Board,9328.463239400002,109.6371102,355.7632374,2403.9381568,3802.290059999999,1678.35787,978.476805,7.374088400000002,8.863186200000003,11.968311,14.5237126,12.9542724,14.3019144,18.8943256,20.7572996,22.3948306,24.1691026,26.189079,25.7736856,25.480021,25.3959678,27.5138604,29.5707516,31.1644748,35.54774699999999,40.675468,41.888249,42.7477354,44.15847539999999,47.5663582,52.1408906,58.2806816,67.824556,77.8621224,83.4077412,84.33154640000001,84.83835640000002,85.70194520000003,83.17846800000001,83.80830920000001,89.8682,98.83917,103.268356,111.656346,118.0330648,128.366462,143.199758,156.343218,166.536282,190.361126,201.618988,214.090122,229.336844,271.1705479999999,294.013,339.457232,365.3064099999999,401.110664,397.79081,383.9475,338.5279260000001,308.274712,259.264292,219.142572,187.68916,172.86573,152.203222,134.499688,123.252222,120.287056,115.858016,110.861064,110.668176,115.79303,115.237934,116.822497,116.794646,120.24623,115.014724,108.57475,97.4709262,89.7670532,73.15765680000001,56.36934179999999,39.94123579999999,26.30222060000001,13.0001046,5.015419000000001,0.0,0.0,0,0,0,0,0,0,0,0,0,0,0.0,0.0,0.0
20501>20530,590,590,GPKu,Green Park,EntEx,590,GPKu,Green Park,Piccadilly // EB,Enter-Board,2441.888467299999,11.84970522,83.43192908,937.901919,849.7883514000002,340.537494,218.3790686,0.20190604,0.5025449000000001,0.8577002200000001,1.26984126,1.74072772,1.82565154,2.52370608,2.927627460000001,3.32395602,3.70489796,4.47135342,4.54097142,5.19668898,5.66646458,6.628424980000001,7.179786460000001,8.594173060000001,9.984508000000002,11.9655272,12.175177,12.8141218,13.6653562,15.9056548,20.0458494,25.69789380000001,34.646711,43.81367460000001,47.9728496,47.05725140000001,47.38703040000001,43.31146960000001,39.0853944,38.26569600000001,41.622934,41.645459,42.1021614,42.427796,43.98085080000001,44.854717,45.63030800000001,47.92576760000001,49.36382220000001,53.04275600000001,55.636394,61.67203000000001,65.47386999999999,74.15994599999999,76.038285,78.31766400000002,79.455398,83.52206600000001,78.68090000000002,72.56150960000002,67.31091459999999,60.90154340000001,51.69422479999999,43.4298894,39.828299,35.9301,31.7309564,27.8178186,26.4391118,25.4586796,22.8249142,21.7109824,21.6987464,22.224913,21.4430832,22.7009726,22.6397758,21.127223,20.5117368,20.1605832,21.0033852,22.2106526,22.56481580000001,18.4137576,14.752922,8.846808,3.446436,0.0,0.0,0.0,0,0,0,0,0,0,0,0,0,0,0.0,0.0,0.0
20501>20531,590,590,GPKu,Green Park,EntEx,590,GPKu,Green Park,Piccadilly // WB,Enter-Board,4712.601914800001,20.19772156,140.54962794,1325.8670343,1875.8342688,949.5364268000001,400.6168354000001,0.465117,0.92142084,1.47514614,2.25599414,2.80657344,3.26031096,3.99984232,5.01331672,6.142696920000001,8.017938220000001,9.5499559,10.7816343,11.6591058,11.989069,12.2599494,11.9985624,13.1243264,13.8874544,14.8291079,16.3098273,19.6279921,20.8380141,25.1067409,30.2065572,34.78171020000001,40.3417116,47.1271706,51.2750706,54.0323368,54.9728214,53.61536660000001,52.6426128,51.66871879999999,52.9689486,56.65327560000001,59.29367020000001,61.94519740000001,66.3127954,70.9232302,73.05943719999999,78.461904,84.87541200000003,91.614998,93.52134200000002,102.438878,107.414778,119.565518,126.150216,146.231532,162.958324,179.32029,193.77755,199.50826,193.00147,180.148078,165.3193748,139.9412118,122.9243518,107.3496578,92.1550178,79.92488540000002,71.42613359999999,65.7449566,59.31037060000001,56.00230060000001,53.23642020000001,51.08145300000001,50.43966760000001,50.59164700000001,50.4230696,49.8850996,47.9396236,44.581938,39.9550534,35.11606260000001,30.8049442,22.5332622,15.1576462,9.2113694,4.417119599999999,0.0,0.0,0.0,0,0,0,0,0,0,0,0,0,0,0.0,0.0,0.0
20501>20532,590,590,GPKu,Green Park,EntEx,590,GPKu,Green Park,Victoria // NB,Enter-Board,9188.934952999998,62.88104920000001,292.655738,2412.4170298,4028.249214,1564.16875,828.5631720000001,0.9185655999999999,2.5310806,5.023265400000001,6.793717000000001,9.0609824,10.4761482,13.8068228,14.2704672,16.2078644,17.3859526,18.9768618,18.64460140000001,19.791288,21.7451716,23.9221374,26.3485576,28.1842284,30.6403726,33.7886912,37.020011,39.77652700000001,42.886723,48.343251,53.97289400000001,61.18617380000001,72.76395500000002,84.10950500000001,91.589126,94.030408,94.275329,88.79425300000003,86.03406700000002,84.47020900000003,85.837101,92.12423299999999,100.318538,106.415992,115.026285,130.333605,138.374055,150.842476,164.331692,185.609548,200.971084,224.179022,245.698446,284.5502160000001,314.4804820000001,358.391742,386.5127220000001,429.961758,430.899078,410.090136,361.478412,322.3064200000001,259.70078,213.475548,181.363734,161.12683,141.124502,124.128702,112.83444,109.17721,106.9768992,104.5280752,102.9244912,103.2394512,103.2688672,100.5534832,100.4045072,100.5795432,98.3101292,92.5172662,83.911121,74.94297040000001,62.6434544,47.533416,32.125483,21.667967,10.4398976,2.9339336,0.0,0.0,0,0,0,0,0,0,0,0,0,0,0.0,0.0,0.0
20501>20533,590,590,GPKu,Green Park,EntEx,590,GPKu,Green Park,Victoria // SB,Enter-Board,8237.2632304,24.10280552,227.95595108,1566.1625278,3914.726998,1744.208433,760.106515,0.6581657400000002,0.8734516400000002,1.2323749,1.9034026,2.45740808,3.10339754,5.838154040000001,8.03645098,9.37778588,11.5316642,13.3434126,14.6621568,16.9204734,19.3152996,22.4367688,24.8178812,24.042003,23.3778632,24.06019240000001,24.07045,24.4756332,26.78221060000001,28.3912372,31.8995012,34.22474500000001,37.08021779999999,42.75793400000001,46.506227,47.7083802,49.0626688,49.9461262,49.48198960000001,52.43329300000001,55.21255100000001,59.709546,67.39091660000001,76.26757320000002,82.40256120000002,91.81287920000004,103.6248912,111.6932092,118.7812032,132.5225412,145.994492,157.885656,176.518714,209.969184,249.90619,297.433998,350.0145920000001,411.734906,451.221234,450.680096,431.084566,393.4182280000001,334.859634,267.048586,224.601192,187.770572,161.218712,138.522822,127.230418,119.416024,112.306209,104.548227,97.812285,101.166101,102.567285,104.335166,102.15372,101.952846,95.262855,85.384136,73.15022499999998,64.8846162,53.54247900000001,36.067592,23.074701,14.087426,6.210752800000002,0.0,0.0,0.0,0,0,0,0,0,0,0,0,0,0,0.0,0.0,0.0
20522>20501,590,590,GPKu,Green Park,Jubilee // NB,590,GPKu,Green Park,EntEx,Alight-Exit,10721.98296499999,750.178208,4007.030084,3730.773636000001,1586.176496,502.9394076000001,144.8851334,2.589172,13.682578,30.476374,61.667908,100.975074,140.426694,179.46744,220.892968,252.565606,287.90031,312.315058,346.861082,376.152854,403.312602,390.9019880000001,390.869588,363.383792,330.510956,285.701212,266.555036,241.45125,226.149796,205.306132,191.446478,181.558418,172.84076,161.058408,160.3939480000001,162.33924,158.946816,151.756746,147.509408,140.808294,133.04766,125.226802,123.6671,124.047864,124.550788,125.65516,129.682946,132.0051,135.101326,138.05999,138.163206,136.303112,136.392594,130.0330488,129.3276868,130.0783028,137.3864668,138.3157328,146.10564,140.420157,134.865305,120.114145,106.834305,88.75468380000002,74.58754440000001,60.9763432,51.41549440000001,43.4508838,35.0862976,30.295072,26.0826808,23.4119908,22.5862186,22.764656,23.5275422,23.365873,22.2051958,20.3487986,18.1005754,14.6210846,12.1239777,10.0382934,8.0031704,6.2899974,4.465202000000001,3.0050385,1.7745048,0.5434218000000001,0.0,0.0,0,0,0,0,0,0,0,0,0,0,0.0,0.0,0.0
20522>20530,590,590,GPKu,Green Park,Jubilee // NB,590,GPKu,Green Park,Piccadilly // EB,Alight-Interchange-Board,2221.75615,54.8609622,257.3421728,953.4368814000001,633.1667150000002,252.2660084,70.6834102,0.7725115200000001,1.57031188,1.97332188,4.462677880000001,6.810515080000003,10.51366856,12.7230812,16.0348742,17.563419,18.6649668,18.3379446,19.4122364,20.2853942,21.5164318,21.8781348,22.5778296,22.4528354,23.7322818,23.7494132,27.1712852,30.7472936,32.78849959999999,32.30801339999999,32.6935036,32.0486212,31.8160218,35.64360040000001,37.5208106,40.0257822,43.1128246,45.53320720000001,43.1520572,43.543792,44.2060814,43.9211994,40.39575079999999,40.142097,42.02261780000001,42.69698140000001,39.73102739999999,41.5617028,43.4294934,46.7401806,47.655722,49.56743,53.157538,52.753798,53.844458,54.34213,59.099589,56.83475900000001,59.85204240000001,54.90556520000001,51.64579040000001,45.8355794,41.32803560000001,37.524993,33.7990758,30.6750406,26.7776572,24.7987408,20.2944488,16.7458994,14.8043558,13.5492848,11.9335456,10.50358,10.8593866,9.976564,10.1788056,9.41478368,8.80839648,7.719631380000001,7.21040304,5.398886880000001,4.62789684,3.29975884,2.31592714,1.12693368,0.60542264,0.0,0.0,0.0,0,0,0,0,0,0,0,0,0,0,0.0,0.0,0.0
20522>20531,590,590,GPKu,Green Park,Jubilee // NB,590,GPKu,Green Park,Piccadilly // WB,Alight-Interchange-Board,6129.534267999999,382.583506,1618.7254632,1725.6434224,1531.1262764,681.6630456,189.7925544,6.335476,14.7087236,20.214654,38.485458,57.966878,65.08827,76.97355639999998,102.81049,113.493012,119.814726,141.274944,160.9556380000001,162.583634,167.941652,162.79425,154.878678,133.203014,113.4791252,95.800142,92.506648,82.283002,77.69443199999999,77.43538480000002,73.12540859999999,70.08151059999999,67.54934859999999,70.2042926,72.9221446,75.51138800000003,74.27219000000002,72.89087599999998,69.07924940000001,65.72999340000001,61.79159080000001,61.0323204,60.493837,62.8570316,62.5011562,67.821278,72.00294140000003,72.54090479999999,76.174914,86.3065334,93.3416942,94.2068252,110.3564692,117.51491,127.244728,125.552266,149.033006,145.0652648000001,151.2257108,143.1229108,140.3760688,115.7839328,111.644184,100.175996,93.070066,84.52420299999999,78.96325599999999,67.63733260000001,54.18171200000001,43.11597400000001,40.062559,34.397233,30.47435,28.123146,26.937218,23.570453,24.9325232,25.3508922,24.66217,23.6536572,20.4853168,16.3602916,12.0430244,8.1723572,4.779184000000001,4.024363399999999,1.7583214,0.0,0.0,0.0,0,0,0,0,0,0,0,0,0,0,0.0,0.0,0.0
20522>20532,590,590,GPKu,Green Park,Jubilee // NB,590,GPKu,Green Park,Victoria // NB,Alight-Interchange-Board,6041.9921401,202.6557992,998.9378480000001,1839.9848342,2005.565706,768.2063698,226.6415829000001,1.56597528,3.66197648,7.48194528,16.69101528,26.93938648,38.04155720000001,48.74284900000001,59.53109420000001,62.8954662,71.126835,75.79577700000002,86.287724,90.95254399999999,100.323672,97.636443,97.756185,89.612825,84.25840699999999,73.62052340000001,68.67144640000001,62.7542152,57.671476,55.8319868,54.69664520000001,57.0884632,60.4876764,60.1050302,63.0422674,69.23334179999999,66.7312838,63.54773220000001,69.8595548,67.0445778,67.55190660000001,70.0787446,73.4009262,73.13082299999998,79.701766,86.95277000000002,101.985676,110.400172,115.095501,126.009313,127.582985,128.622707,135.864321,148.169716,162.636288,179.3734,197.507454,204.516556,208.943822,192.024696,175.50414,145.622504,126.780102,109.624568,94.61097200000002,79.91133,74.53071059999998,65.6405316,56.08503160000001,54.5473142,52.10230620000001,49.48405520000001,47.5173774,43.3430588,40.8091142,38.9959854,34.494873,31.5493158,29.5752812,24.1057366,19.7157894,15.97323628,12.24854168,8.48919094,5.81040554,3.24715154,1.90460946,0.53146606,0.0,0.0,0,0,0,0,0,0,0,0,0,0,0.0,0.0,0.0
20522>20533,590,590,GPKu,Green Park,Jubilee // NB,590,GPKu,Green Park,Victoria // SB,Alight-Interchange-Board,2204.4063048,170.7244754,511.8990968,579.130927,611.5585027999999,239.3752984,91.71800440000001,0.96166592,3.80509452,6.007572919999999,13.65146032,25.42633132000001,30.368852,39.7306214,50.77287700000001,52.99148880000001,51.84525860000001,55.25451280000001,55.26114680000001,52.08780400000001,49.81911480000001,43.89520840000001,41.58291560000001,33.6128346,27.7928018,24.3947232,23.3612874,20.06269480000001,19.0512178,16.8315266,17.4597252,18.5009662,19.38574340000001,21.5342294,23.8105942,22.7263112,22.306157,21.9580078,20.9998778,22.9464452,23.686744,22.9437472,22.6688532,23.4780648,22.1635488,25.095645,29.7301058,32.1867584,34.9958962,37.8561648,36.7519022,36.9964488,41.40047620000001,41.4489428,44.0443848,49.3194706,57.5218606,59.1325982,63.74099580000001,63.38576880000001,59.53308480000001,49.74143880000001,45.2930326,36.291489,31.0640492,27.430672,23.9687476,19.7293888,17.965945,16.2124058,14.953325,13.7779552,12.552695,13.2397998,12.188826,11.560805,13.1239056,12.4298296,11.6322516,11.6043218,10.49916434,7.376949740000001,5.913236640000001,4.09285364,2.11216924,1.0076245,0.3648927,0.0,0.0,0.0,0,0,0,0,0,0,0,0,0,0,0.0,0.0,0.0
20523>20501,590,590,GPKu,Green Park,Jubilee // SB,590,GPKu,Green Park,EntEx,Alight-Exit,5401.766515191999,356.858894192,2109.105088,2033.035183,662.2168910000001,193.15334746,47.39711154,0.902013828,3.423721428,9.687798028,23.769194028,42.08681008000001,67.51297020000001,93.7311886,115.745198,139.852258,152.167874,163.502394,172.140716,192.904946,194.043096,202.55788,196.841644,197.754064,176.684346,166.710886,153.944984,150.975,137.653677,131.227931,119.606957,110.8912238,100.1227378,90.58983080000002,84.65480080000002,84.72093199999999,80.83341120000001,75.14341440000003,72.6662464,72.45629840000002,67.4583812,67.20486319999999,66.42699999999999,65.49130339999999,62.52886340000001,62.7128524,62.56351640000001,65.1183884,67.35898499999999,67.588272,67.04029700000001,63.01698500000001,61.29909500000001,57.661405,57.1138488,56.28722480000001,57.98092080000001,55.85004880000001,57.66789180000001,55.07995140000001,51.67847740000001,46.3619928,42.2190494,33.948394,27.9651368,22.69704380000001,19.9046138,15.9880194,13.2942314,11.3616032,10.4290016,9.8196062,9.3582892,9.2417084,9.145699659999998,8.67297466,7.20970998,6.20488762,5.33741854,4.36580876,3.16968304,2.41127512,2.15948064,2.42263286,1.87291238,1.5341557,1.2771903,0.7589819400000001,0.0,0.0,0,0,0,0,0,0,0,0,0,0,0.0,0.0,0.0
20523>20530,590,590,GPKu,Green Park,Jubilee // SB,590,GPKu,Green Park,Piccadilly // EB,Alight-Interchange-Board,1205.35380635,49.45261260000001,231.8624916,515.7835227999999,281.5541772,106.27999648,20.42100567,0.45670658,0.93552952,1.50451508,3.48909928,6.64987668,9.2480203,12.24857536,14.9202898,17.2675904,17.680385,19.194469,20.2556428,20.5863216,19.446769,19.461223,18.4928492,18.5669928,19.33561760000001,20.1000014,21.4746298,23.5394018,23.47543120000001,24.0543756,24.15239140000001,21.8092218,20.536004,20.7782324,20.2183764,19.8148996,22.3723504,21.8816148,21.0186032,19.6627886,21.023667,20.3783964,21.1559954,20.4472684,22.085199,20.5677712,20.7020086,20.5147772,21.9310336,20.9885776,22.6751372,21.05275360000001,21.9371862,20.7722638,22.8890784,23.00125460000001,25.9982798,24.3151526,26.66485560000001,24.793361,24.6192416,22.9260986,22.5846514,19.2156618,17.209133,13.7203028,10.913491,8.955793600000002,7.3880702,6.541034880000002,5.60186188,4.938220680000001,4.134667080000002,4.12260174,3.539157820000001,3.46050252,3.18825694,2.94007788,2.37810786,2.28763598,2.0034198,1.477745832,1.18339423,0.87189099,0.4552989100000001,0.12685159,0.047823138,0.0,0.0,0.0,0,0,0,0,0,0,0,0,0,0,0.0,0.0,0.0
20523>20531,590,590,GPKu,Green Park,Jubilee // SB,590,GPKu,Green Park,Piccadilly // WB,Alight-Interchange-Board,4222.2278243,184.3542352,1255.5463538,1396.4275,904.5651448,375.0295370000001,106.3050535,1.087621,3.3556838,6.0198882,12.6501196,20.9290464,32.7657414,45.9271966,61.6189382,79.9411608,98.839282,113.329492,122.589358,134.10967,123.8546632,118.5607282,107.1153502,104.3939222,88.7583622,86.55686499999999,77.4975,75.33610999999999,67.07350799999999,65.48397,64.153053,63.235461,61.06230100000001,59.48864100000002,57.81043500000001,59.106414,57.62765060000001,55.5196892,52.82685620000001,52.1907302,49.55819500000001,49.56894780000001,48.9660066,50.671396,50.497362,52.1723276,52.86764540000001,57.86454800000001,59.76079760000001,63.94101360000001,69.6444412,67.09483960000001,72.8852256,71.78723880000003,79.50660079999999,78.13137080000001,87.53266520000003,83.17491120000001,87.939614,77.4918432,74.03078520000001,64.12259920000001,60.8674512,50.59916920000001,44.191693,39.9586544,37.93217720000001,31.3192674,29.3818738,29.6735468,25.8968062,23.0446954,21.2432276,21.4555148,20.3329112,19.3845062,18.7071328,17.6838176,14.40349592,11.67366052,8.86578512,6.62310232,4.224804860000001,2.79129894,1.14493994,0.54041754,0.26209174,0.0,0.0,0.0,0,0,0,0,0,0,0,0,0,0,0.0,0.0,0.0
20523>20532,590,590,GPKu,Green Park,Jubilee // SB,590,GPKu,Green Park,Victoria // NB,Alight-Interchange-Board,1530.45599104,102.21659424,332.1444970000001,367.9045256000001,438.0908688,206.1469238,83.95258160000003,1.83085006,2.66022146,4.57151766,8.67193426,13.1934176,17.2451688,25.38469540000001,28.658789,30.2231348,30.2264568,32.480861,30.602793,31.4490762,30.41591320000001,30.482721,27.3098492,24.610372,22.5156276,21.2576686,20.57002360000001,20.40288300000001,19.234838,17.72356760000001,16.4119242,13.7250698,11.6098574,10.693726,10.4784064,10.5929596,10.6890304,11.3692348,11.5109611,11.6219475,12.0391163,12.5138705,13.0247531,13.4292378,14.0612705,14.6269937,16.1750651,17.87229810000001,20.0459341,25.6600004,32.3915802,34.19817320000001,37.1577924,38.89401220000001,40.1399854,38.4101268,40.9518112,39.42442380000001,40.705406,36.2959346,33.5929122,29.7321668,28.58812420000001,23.3687548,21.3857678,20.4473176,18.265698,17.6103892,18.1666016,16.6006432,15.157114,15.7120688,13.1858804,12.1181882,14.1285002,12.0166004,11.6044456,12.8382792,12.2196094,9.23086166,8.829781539999997,6.603612580000001,3.97731572,2.60178232,1.72523766,1.16205598,0.82382654,0.319173,0.0,0.0,0,0,0,0,0,0,0,0,0,0,0.0,0.0,0.0
20523>20533,590,590,GPKu,Green Park,Jubilee // SB,590,GPKu,Green Park,Victoria // SB,Alight-Interchange-Board,5476.044763100002,333.09498,1625.2774914,1296.4175554,1407.1079482,612.1814798,201.9653083,4.961812600000001,6.998518800000001,12.1691064,24.83715440000001,41.82220039999999,58.5644558,81.7431096,101.998622,129.63495,142.300628,158.847238,166.657806,178.235728,163.337572,160.29452,138.061063,124.551477,100.0013658,88.17366180000002,75.1814818,70.62075480000001,62.0933624,61.3136136,59.24031960000001,57.19741759999999,52.32918959999999,50.318208,48.07439000000001,43.71567900000001,38.738131,42.78444600000001,41.05198499999999,42.111088,45.31383000000001,45.9174926,43.8122748,49.6852768,46.9777328,48.5991334,54.9137238,61.63801260000001,66.10969680000001,76.75874780000002,87.1030494,88.80232159999998,98.20094160000002,100.8055764,115.2451904,119.3808892,136.039758,135.014163,146.176293,132.861895,128.238827,106.339417,100.002676,78.94052400000002,68.94119300000001,58.46497960000001,55.68304080000001,47.9506014,46.94847660000001,45.28173320000001,41.8291786,44.63467480000001,41.66528100000001,40.37432860000001,41.46746820000001,38.40543300000001,33.8528042,32.4248638,27.3653422,20.52126680000001,17.6815962,13.05903268,8.331178620000001,5.388971420000002,3.24981162,1.25269942,0.4323083400000001,0.0,0.0,0.0,0,0,0,0,0,0,0,0,0,0,0.0,0.0,0.0
20530>20501,590,590,GPKu,Green Park,Piccadilly // EB,590,GPKu,Green Park,EntEx,Alight-Exit,4964.748953399998,132.7330636,1916.751886,1917.4728524,733.7279122000001,211.95072344,52.11251576000001,0.0,1.239469600000001,3.0105944,6.513841800000002,13.1376692,22.8180352,35.37331560000001,50.64013780000001,67.7333124,89.126163,114.977447,134.697729,169.310576,196.985,212.948708,212.598988,213.988136,191.486162,167.0115608,145.8881038,132.0420166,118.3293446,107.4827446,101.3391378,96.70846479999999,90.801664,86.935036,82.540537,83.795979,78.89265300000002,76.81060500000001,73.559933,72.76958099999997,65.6513882,64.38208220000001,66.4433422,64.03737760000001,62.91621000000001,63.2527728,65.2357548,64.0584968,65.2096094,66.744966,67.53315600000002,66.91322400000001,64.522828,64.0556784,64.1991494,64.86012540000002,64.11612439999999,64.73788780000001,65.32846740000001,61.16540040000001,56.544037,51.61142200000001,45.673568,37.9805836,32.2646306,27.24090200000001,22.8448728,18.7247124,15.650627,13.6241508,11.00389292,9.68488932,8.47172426,7.45366072,7.00607702,7.601926300000001,7.2578807,7.015756440000001,6.824707640000002,6.1395799,4.6762006,3.58334352,3.085578120000001,2.28611512,1.64929376,1.20655766,0.6184351400000001,0.16714086,0.0,0.0,0,0,0,0,0,0,0,0,0,0,0.0,0.0,0.0
20530>20522,590,590,GPKu,Green Park,Piccadilly // EB,590,GPKu,Green Park,Jubilee // NB,Alight-Interchange-Board,4053.5923815,60.1718896,571.3534464,1189.3189006,1419.3300406,570.9742484000001,242.4438559,0.0,0.6465919400000001,0.8888866000000001,2.59426,4.927293200000001,9.853261000000002,16.25586806,25.0057288,32.069181,39.6236608,46.7683,50.92952700000001,55.38175560000001,57.15324680000001,57.3852528,54.3788288,52.13205479999999,45.5258658,41.8913306,38.1144424,35.5792266,34.4112372,33.70622900000001,33.6144434,35.7818262,36.2138636,34.915219,36.4020434,42.0545474,43.1674732,44.7721966,49.151172,53.02042400000001,50.03881939999999,48.7778834,52.26302279999999,54.2656994,53.06506539999999,54.80998,63.22837060000001,66.73194520000001,66.54757839999999,77.33353120000001,89.4671032,97.37621520000002,107.0301392,117.614759,128.615683,130.749743,132.591977,130.412347,135.68904,123.9057932,116.8507452,105.078374,93.41522480000002,79.24656479999999,67.0611782,56.91286920000001,53.23527920000001,49.43583640000001,40.7852432,38.0758282,39.49532120000001,38.07601500000001,36.14357620000001,36.07310200000001,36.4334348,33.46922739999999,30.207778,31.2401418,30.602934,29.7885202,27.6496506,22.4382847,16.4805663,11.4518855,6.508508900000002,1.8980079,0.7083505999999999,0.0,0.0,0.0,0,0,0,0,0,0,0,0,0,0,0.0,0.0,0.0
20530>20523,590,590,GPKu,Green Park,Piccadilly // EB,590,GPKu,Green Park,Jubilee // SB,Alight-Interchange-Board,4469.267532899999,149.3636014,826.4601256000001,1154.4382068,1360.4235468,682.330701,296.2513513000001,0.0,2.4633912,5.9926022,10.965532,18.6343514,26.447384,37.6325348,47.2278058,54.88386920000001,62.9193098,74.0438292,75.9446952,80.5476012,78.22689120000003,77.4518912,72.9613432,69.69360479999999,62.4703282,60.5695356,56.74722680000001,50.68245160000001,47.11655280000001,43.8367402,42.09749680000001,38.8937636,36.36576640000001,33.977402,33.87387720000001,37.4139704,37.0437312,38.4659804,41.81603,43.4289794,40.9421424,42.53964160000001,46.8387894,48.40439600000001,49.3509972,52.77537580000001,60.0443418,63.17825920000001,65.0287238,76.74604020000002,83.5767574,88.23739040000002,96.0385332,105.9732912,111.3310282,120.382261,124.917952,129.6040412,133.305632,127.8508308,117.2882896,109.8380056,95.6562916,81.4466116,70.47991619999998,65.3120444,58.3310692,51.75613120000001,46.5366592,46.8610268,51.56739500000001,53.9137762,54.38471120000001,52.85821320000001,48.8831468,39.33592460000001,33.1754826,33.5130076,37.29025960000001,35.63551860000001,32.014575,28.91731720000001,23.4213386,14.36550918,9.33706758,6.50144618,2.24825598,0.4956485800000001,0.0,0.0,0,0,0,0,0,0,0,0,0,0,0.0,0.0,0.0
20530>20532,590,590,GPKu,Green Park,Piccadilly // EB,590,GPKu,Green Park,Victoria // NB,Alight-Interchange-Board,1635.81162768,31.8807462,179.32363408,492.3966787,598.3932914000001,231.7940566,102.0232207,0.0,0.34457126,0.3960098360000001,2.256766836000001,4.947827036000001,5.545953776000001,8.199548716,10.19006874,10.66742274,10.49564594,13.5942886,16.3172912,16.9415462,16.4555524,15.8707856,14.84647,12.9981738,14.3044692,16.96648080000001,19.8655076,22.26780380000001,21.0696636,18.68120334,17.87070074,15.71471234,12.35546794,13.87090814,16.3206252,16.1576026,16.0550028,17.93965900000001,20.2790916,20.615255,21.0538414,20.92829900000001,23.585603,19.597996,18.4510848,21.1159788,25.6132068,25.03616400000001,26.54174,30.462344,30.8127248,32.7550352,35.361009,39.94412020000001,48.03157420000001,51.68572080000001,56.0129536,61.3830478,67.1846194,62.2570554,56.3450666,48.5592886,38.8738006,30.022641,24.06508100000001,22.325616,21.4226846,19.3221588,16.3184,15.8957924,16.485384,16.871552,17.1596104,16.2952516,15.6098848,14.6797368,13.0146008,12.193156,14.1996274,12.980054,10.49762532,8.735665800000001,7.398575000000001,3.978681620000001,1.96027742,1.7861049,0.29955782,0.29955782,0.0,0.0,0,0,0,0,0,0,0,0,0,0,0.0,0.0,0.0
20530>20533,590,590,GPKu,Green Park,Piccadilly // EB,590,GPKu,Green Park,Victoria // SB,Alight-Interchange-Board,1060.60118974,16.6002949,145.61687744,274.8116366,324.2869358,215.05966118,84.22578382,0.0,0.06003447200000001,0.101457948,0.468112508,1.247064248,2.887864048,4.914986776000001,6.920774900000001,9.12366934,11.1311058,12.5138862,13.3051928,14.5202348,14.7496545,14.2915623,13.0851423,12.1520895,10.7856003,10.120198,9.8385416,9.53770554,8.926614540000003,8.526885420000001,7.839973140000001,8.15681054,8.21032026,8.659408460000002,8.886169180000003,9.97829286,9.22208926,9.24001212,9.73844412,10.12609392,9.41646652,9.94322132,11.0020636,11.616203,12.5331674,13.711924,15.4631518,16.9391458,17.5850108,18.9401782,20.6122848,21.5617536,21.605584,23.8377494,24.9516338,26.5946426,27.481237,30.13863760000001,30.17127360000001,30.73763060000001,29.8432748,29.891132,27.4723868,25.5385568,22.3393458,19.5675428,16.6681132,15.7313072,14.6937642,14.4379811,16.8498179,19.0956545,17.60646550000001,16.7955409,15.73557128,13.34866588,10.42486148,11.09653788,10.61180508,10.51338694,8.5875576,7.4951334,5.0531791,3.5135635,2.06412636,1.3081607,0.2088059,0.0,0.0,0.0,0,0,0,0,0,0,0,0,0,0,0.0,0.0,0.0
20531>20501,590,590,GPKu,Green Park,Piccadilly // WB,590,GPKu,Green Park,EntEx,Alight-Exit,2739.396347200001,105.2463324,812.1383968000001,1227.1331754,384.051093,148.5203405,62.30700909999999,0.0,2.4488506,5.338974400000001,9.0965504,13.1477116,19.5563316,25.0194866,30.6384272,36.7718452,44.0304992,48.9684012,55.1721036,62.89665720000001,72.25277120000001,76.19617000000002,81.24840400000002,83.21994400000001,84.78635600000001,81.82894,84.7663052,88.8757142,87.17132020000001,81.17908360000001,77.13888360000001,67.3591656,56.53552200000001,50.2911866,47.20167720000001,41.9853292,41.01272720000001,38.7243934,39.4361408,40.1524782,41.2266562,41.679779,44.50308680000001,43.8225412,43.84530500000001,43.17126500000001,44.3324678,42.1158544,42.942661,40.9207278,41.5092094,39.6458214,38.483595,35.79732000000001,34.6399816,33.0125876,31.369012,30.9385798,30.71804340000001,29.6324102,28.5140714,27.0130714,24.2865992,21.0064498,18.5925106,16.8915526,15.2475532,13.320364,12.0870856,10.36258254,8.16753834,7.521676740000001,7.622148940000002,8.23305614,9.467822,11.0198606,10.5827302,9.769192,8.181329400000001,6.611938540000001,4.21521334,3.38449574,2.6989498,2.3317505,1.61233736,1.07699536,0.59008316,0.2321331,0.0,0.0,0,0,0,0,0,0,0,0,0,0,0.0,0.0,0.0
20531>20522,590,590,GPKu,Green Park,Piccadilly // WB,590,GPKu,Green Park,Jubilee // NB,Alight-Interchange-Board,1186.548223,27.0049429,124.8277358,240.9555355,350.728059,250.3897702,192.6421796,0.0,1.3492602,1.99707472,3.14214622,4.12416718,5.10165294,4.90093008,6.38971156,7.76589446,8.901076100000003,11.55656234,13.6444198,14.5349362,14.169944,13.30169,11.0367112,9.1223998,7.45814646,6.587148060000001,6.748807380000001,6.69798298,6.29404338,5.954425920000001,5.9502974,6.041318080000001,5.84818568,5.956979280000001,6.49331448,7.374045200000001,7.727147800000001,8.223448000000001,9.7467354,10.471873,10.3551936,9.97357566,10.65788346,10.65113246,11.10636566,11.70464986,13.935637,14.351382,15.8013496,18.1808784,21.4576912,22.1648956,24.769494,25.1183312,27.878836,28.312982,30.1686332,30.7395778,34.49379279999999,32.526822,32.7153124,30.9617006,30.8776814,26.3427994,24.3425446,21.7150612,20.2336404,18.2941294,18.5579382,18.4246558,18.0670626,18.7028852,18.8356976,22.5681698,24.30518600000001,28.7032226,31.1831976,31.2516642,25.7152624,22.2929367,16.4606969,12.5692517,9.0675916,7.0461008,4.951937099999999,2.8282969,0.5720211000000001,0.0,0.0,0.0,0,0,0,0,0,0,0,0,0,0,0.0,0.0,0.0
20531>20523,590,590,GPKu,Green Park,Piccadilly // WB,590,GPKu,Green Park,Jubilee // SB,Alight-Interchange-Board,1869.396927179999,94.249243,312.4677932000001,559.8351083000001,406.4918602,296.7155054,199.63741708,0.0,3.326949000000001,5.747406400000001,8.8187168,13.0389794,18.3436222,20.8533518,24.1202174,25.9249526,25.8795988,25.5501098,25.9583568,27.0519078,27.62942320000001,28.95340160000001,28.75881680000001,27.538926,25.1131504,23.231197,20.8779524,19.2799438,16.897459,14.7874964,14.7925128,14.8367643,14.6998297,14.8558787,17.4279399,18.0585081,18.4441366,18.9137932,21.09473980000001,21.840142,22.7788024,24.0236884,27.522672,28.2032342,28.630855,29.5850894,32.805402,31.7661428,33.649006,37.67776,37.2633118,34.9819354,33.3197086,32.6943976,30.6632028,33.07319200000001,34.8082152,37.5523086,37.99092060000001,36.42702440000001,34.00708239999999,31.634708,29.3391646,26.9666274,26.3879584,27.6976118,25.3789306,25.158273,24.1596186,21.9560826,19.6825264,21.8903796,22.114934,26.4239088,28.8986542,33.507109,33.3117808,31.72843240000001,26.8822344,26.21567900000001,17.25155496,12.76127594,9.807515840000002,6.383776736000002,0.933908736,0.5777947760000001,0.252236396,0.024118096,0.0,0.0,0,0,0,0,0,0,0,0,0,0,0.0,0.0,0.0
20531>20532,590,590,GPKu,Green Park,Piccadilly // WB,590,GPKu,Green Park,Victoria // NB,Alight-Interchange-Board,0.7314757,0.7314757,0.0,0.0,0.0,0.0,0.0,0.0,0.14629514,0.14629514,0.14629514,0.14629514,0.14629514,0.0,0.0,0.0,0.0,0.0,0.0,0.0,0.0,0.0,0.0,0.0,0.0,0.0,0.0,0.0,0.0,0.0,0.0,0.0,0.0,0.0,0.0,0.0,0.0,0.0,0.0,0.0,0.0,0.0,0.0,0.0,0.0,0.0,0.0,0.0,0.0,0.0,0.0,0.0,0.0,0.0,0.0,0.0,0.0,0.0,0.0,0.0,0.0,0.0,0.0,0.0,0.0,0.0,0.0,0.0,0.0,0.0,0.0,0.0,0.0,0.0,0.0,0.0,0.0,0.0,0.0,0.0,0.0,0.0,0.0,0.0,0.0,0.0,0.0,0.0,0.0,0.0,0,0,0,0,0,0,0,0,0,0,0.0,0.0,0.0
20531>20533,590,590,GPKu,Green Park,Piccadilly // WB,590,GPKu,Green Park,Victoria // SB,Alight-Interchange-Board,914.9092623399998,6.44171894,33.04581676000001,254.92791774,229.2462562000001,237.2363462,154.0112065,0.0,0.14652698,0.33883664,0.4624455280000001,0.8459755080000001,1.179121808,1.534151168,1.934661308,2.15736874,2.14309418,2.57068658,2.55937974,2.67196404,2.90791328,3.36327496,2.97948564,2.913876800000001,2.73917634,2.898000880000001,3.14159558,3.841061600000001,4.04846702,4.51058546,5.09627916,5.515576360000002,5.405291500000001,6.29998822,6.86713774,7.066312340000001,7.728433740000002,8.264198799999999,9.330794599999999,10.3045448,10.25168812,10.34098212,11.77996332,12.74939932,12.46154352,14.481586,17.4910086,18.2442252,18.24235980000001,21.3531906,23.2532998,20.858195,20.0251266,19.0982588,18.2317242,16.6115524,17.2212492,18.6584756,20.40688500000001,19.8785408,19.17251000000001,19.322995,19.7607436,18.8042014,18.5599836,20.424969,20.742217,18.4700458,19.1641942,18.979988,17.71310979999999,16.8907064,18.8905952,22.1166982,26.4796376,29.5634236,30.08836040000001,27.5143148,21.06547374000001,15.40185474,9.78632004,7.065225920000001,5.398516420000003,4.501197480000001,2.26848308,1.13507378,0.2229625,0.0,0.0,0.0,0,0,0,0,0,0,0,0,0,0,0.0,0.0,0.0
20532>20501,590,590,GPKu,Green Park,Victoria // NB,590,GPKu,Green Park,EntEx,Alight-Exit,8966.515858999994,500.841036,4460.607598000001,2540.438269,1126.265246,275.4439349,62.9197751,1.8939064,8.849496400000001,18.2802664,39.2964344,61.68719040000001,95.282378,123.739628,151.811736,193.567674,245.830274,299.1943300000001,362.21755,435.643932,486.35868,507.3768440000001,498.369954,460.175654,398.83806,319.9607460000001,253.0739,205.303574,177.347774,154.679368,143.0328072,137.1458532,133.3597512,124.3741412,118.1715352,119.556197,116.401241,102.031366,95.034306,88.946494,76.93850440000001,71.3752444,70.02914080000001,68.56297679999999,70.9454848,72.9772774,71.41452939999998,75.910268,82.21794799999999,81.77877900000001,82.90370800000002,86.65037400000001,88.265186,84.945184,86.801672,92.58606379999999,99.01434379999999,102.5429358,106.185417,108.2739348,102.26241,91.3245754,77.41314940000001,61.3544514,46.2990822,35.1757284,26.9957104,21.7379831,18.8573067,15.2964633,12.6101943,10.7408581,9.128549800000002,8.530238,8.7173692,8.641724600000002,8.3055792,8.441190800000001,7.799045060000001,6.511667060000002,5.81107272,4.893433240000001,3.895653940000001,3.112055240000001,2.30732784,1.62394958,1.07322126,0.5038545600000001,0.0,0.0,0,0,0,0,0,0,0,0,0,0,0.0,0.0,0.0
20532>20522,590,590,GPKu,Green Park,Victoria // NB,590,GPKu,Green Park,Jubilee // NB,Alight-Interchange-Board,5617.2919233,237.6771738,1483.9138416,1297.0575996,1713.446246,643.7140306000002,241.4830317000001,1.2896128,3.0523068,7.113304600000001,20.5716886,31.6285718,43.263699,57.040027,73.7179632,85.6692532,104.419734,124.08056,152.191072,167.369582,170.525582,160.926362,146.3013688,118.0144268,97.4218328,82.5305448,74.46352320000001,69.7850854,65.90528940000002,58.13502940000001,53.32116440000001,51.76445,46.31907180000001,42.69048720000001,46.3407922,46.56123120000001,44.6159992,45.6207592,47.6444172,47.1714682,49.251245,49.03598700000001,49.213131,49.15782479999999,47.5098532,51.3241714,54.5273706,54.21653380000001,68.22364859999999,73.3214282,85.4011612,100.772128,118.313804,130.83969,150.092942,161.1052460000001,164.6268,173.235928,162.001028,157.760486,144.515626,135.35631,114.826258,99.265804,80.87765340000001,65.33848180000001,50.77620440000001,46.7546894,47.02550280000001,42.80594480000001,42.26357640000001,44.97095239999999,40.9403178,40.1633104,42.53159300000001,40.70478800000001,37.8754424,38.042404,32.309032,26.3011744,20.75561226,15.82949866,10.83729926,7.93451766,4.98733726,3.6190124,1.869051,0.4178624,0.0,0.0,0,0,0,0,0,0,0,0,0,0,0.0,0.0,0.0
20532>20523,590,590,GPKu,Green Park,Victoria // NB,590,GPKu,Green Park,Jubilee // SB,Alight-Interchange-Board,1487.43989946,97.88215460000002,453.2413930000001,328.7184607,392.1414435999999,148.1828328800001,67.27361468,4.217744799999999,5.294669000000002,7.204200000000001,10.2821738,13.2570804,13.2541564,21.0006698,23.3714604,28.3934156,31.744814,36.693324,38.169839,45.719842,45.93270140000001,49.0143828,45.90721660000001,41.9934564,34.74587440000001,30.4994396,24.42708720000001,21.5708736,17.6041914,15.452392,13.2463678,12.1452404,10.9225418,10.3536962,10.4448977,10.9957223,11.0893521,12.1877655,12.9858653,12.3815414,12.4298176,12.2849914,10.8500716,10.9817268,11.5332708,11.0295994,12.62357,14.946608,17.4727378,20.2188428,22.966777,27.2579754,31.6994414,36.40866339999999,39.9132596,41.7459286,40.35297199999999,39.049663,33.9961416,29.7359408,27.5610548,24.3989226,20.0214804,16.9555074,15.29156740000001,13.4525102,12.4626168,11.372216,12.5631168,12.1370222,11.319801,11.3496356,11.6662002,9.80975094,9.80288834,10.18011514,9.061273840000002,9.246697440000002,9.49498358,7.85752858,6.408037940000002,5.28005304,3.218229792,2.402964472,1.677451472,1.044517712,0.7380123120000001,0.6637493600000001,0.0,0.0,0,0,0,0,0,0,0,0,0,0,0.0,0.0,0.0
20532>20530,590,590,GPKu,Green Park,Victoria // NB,590,GPKu,Green Park,Piccadilly // EB,Alight-Interchange-Board,1010.025679749,15.76774877,209.8959664,443.8849340000001,249.2188928,75.25875455999997,15.999383219,0.0,0.005074802,0.154457214,0.7209982140000001,1.307260214,2.454409114,4.116643312000002,7.008905900000001,10.3729293,14.2914661,17.4628212,20.43016,20.7587154,20.207077,18.9153614,18.0201214,16.8527202,17.325225,17.32281900000001,17.9365504,19.574322,20.8194404,22.0719532,23.0070088,21.617046,22.4463294,23.6537626,21.8240586,20.4597462,21.4695252,18.421489,15.3471269,16.4331625,16.3860069,16.0864508,17.2249588,16.7453543,16.0233091,16.4799851,15.4110682,13.6471502,16.0146694,16.217537,16.5034734,17.722556,19.8834774,20.182436,20.9251888,20.933105,22.1795112,22.709953,21.5563606,21.2128508,22.27018360000001,21.1330242,18.5102462,16.2975758,13.49406606,9.71063692,7.42201332,5.808508720000002,4.89596596,4.061124700000001,3.643165760000001,2.89051558,2.55754078,2.12462894,2.35301202,2.62504962,2.98386068,2.97192506,2.776717152,2.060403272,1.347192872,0.6279275044,0.3118836758,0.1864995838,0.0811663838,0.0157582638,0.0109991514,0.0,0.0,0.0,0,0,0,0,0,0,0,0,0,0,0.0,0.0,0.0
20532>20531,590,590,GPKu,Green Park,Victoria // NB,590,GPKu,Green Park,Piccadilly // WB,Alight-Interchange-Board,1171.209963230001,77.1702788,383.6213186,391.6545486000001,220.5681444,76.97403682000001,21.22163601,1.53071212,3.29132752,5.62824272,7.05885632,11.53301752,14.0887658,16.5361888,17.503168,22.2644898,26.6240546,30.3910482,36.280843,40.8243318,43.07507380000001,40.652209,38.749724,32.85221,28.5362024,23.4785234,19.89260860000001,18.2923362,18.223098,18.40551940000001,18.321704,18.5510102,18.5567262,19.279278,19.1039378,20.92126600000001,20.1275176,18.8825958,16.7058784,15.7772006,12.945155,13.4501136,13.2563852,13.242353,12.723069,12.3370244,11.8091852,12.8441236,13.5478044,16.096603,18.254664,19.6997312,19.0603376,20.2211268,19.9028914,20.6190714,20.8798922,20.7627748,19.157919,17.9383656,15.676481,13.7752294,12.874324,11.9685864,10.46508164,9.062588100000003,7.808734320000001,6.792246520000001,5.835092600000001,5.244272560000002,4.787568740000001,4.60500326,3.87238156,3.42552816,3.10695296,3.053767520000001,2.999072040000001,3.14830228,3.0501239,2.536540366,2.052854686,1.750902086,1.139208766,0.6246346660000001,0.4496134,0.3329044799999999,0.08371181999999999,0.0,0.0,0.0,0,0,0,0,0,0,0,0,0,0,0.0,0.0,0.0
20533>20501,590,590,GPKu,Green Park,Victoria // SB,590,GPKu,Green Park,EntEx,Alight-Exit,10600.2616661,725.5442640000001,4387.499964,3689.848454,1325.5726864,380.4730102000001,91.32328749999998,1.8201848,15.524178,31.40891,59.842046,97.957878,133.2887852,170.447572,215.25471,259.97703,293.881438,332.027126,366.424332,406.5089140000001,431.9774980000001,436.028578,431.493052,416.032386,377.872846,327.2960060000001,307.9807580000001,282.611752,260.5417160000001,239.55986,223.394872,202.35368,189.763418,168.73649,157.567956,155.595028,143.13424,136.515662,135.335694,127.49725,122.0713,119.700012,112.8859948,112.4569036,113.9763176,107.1957536,109.4736436,114.2446788,116.048034,117.646208,121.54199,121.665594,118.4456148,111.6344838,108.9458246,110.8508886,112.2057426,114.1158088,118.1711498,115.892213,109.358939,98.660743,85.6256844,70.3266504,55.9659114,44.46982060000001,36.30874360000001,32.21414180000001,26.57810760000001,23.29989740000001,21.6251122,18.75023,17.2761448,17.348987,16.3092634,15.3026354,15.2850608,12.24952188,10.31993368,9.45001722,7.628274880000001,5.464325040000001,4.848258820000002,4.125715339999998,2.8962346,1.92513894,1.20166658,0.62650432,0.0,0.0,0,0,0,0,0,0,0,0,0,0,0.0,0.0,0.0
20533>20522,590,590,GPKu,Green Park,Victoria // SB,590,GPKu,Green Park,Jubilee // NB,Alight-Interchange-Board,1124.6529733,121.02586,331.2844912,278.1653216,228.4243536,111.37007562,54.38287128,0.5701599199999999,2.65908172,8.01218872,13.43970472,19.77710632,22.6546264,26.7503588,27.1626334,29.7600614,29.51698780000001,33.50946980000001,35.0522624,37.57729380000001,33.8763022,31.5822748,27.3414954,23.4296506,18.3259692,16.2117198,15.101004,14.2388356,12.4067752,11.2930924,11.3504954,10.904244,10.5553866,10.893373,10.9003026,10.7617376,10.1907464,10.5314552,10.3244854,10.3840478,10.1788808,10.5548164,10.9927592,11.245893,11.6937788,11.4222044,12.4204606,12.7180794,13.2196911,13.8092787,15.174502,16.0644392,17.1036218,19.5574851,21.1334113,22.3656128,21.8974892,21.31733280000001,19.2837618,18.6328692,17.4952758,17.4265382,16.1465164,15.4544973,13.1746929,11.1197419,9.4267445,9.002836499999997,7.756726060000001,7.731938260000002,8.53277186,7.80930174,7.43982274,7.319426079999999,6.60157578,6.46017198,7.094584500000002,6.557403500000001,6.366511900000001,6.05905068,5.82107328,4.49786512,3.98841996,3.2106152,2.43847112,0.96033872,0.66599188,0.26237344,0.0,0.0,0,0,0,0,0,0,0,0,0,0,0.0,0.0,0.0
20533>20523,590,590,GPKu,Green Park,Victoria // SB,590,GPKu,Green Park,Jubilee // SB,Alight-Interchange-Board,4708.631747499999,350.1921679,1113.9263238,1315.8150916,1102.7240372,635.6252596000002,190.3488674,1.6669075,17.7659935,28.2141095,37.6696855,52.9654555,68.22653199999999,69.3035752,74.3799092,80.49761520000001,80.15377240000002,80.69357640000001,89.4329112,101.9006392,107.8349532,112.751208,115.532834,105.9587152,90.3673152,80.49140560000002,68.31137820000001,57.3412982,55.209183,47.708609,49.7233686,51.7789846,49.90306660000001,50.20709960000001,55.87809,50.5982174,56.3814288,59.74453199999999,54.2101158,58.1546044,59.55731580000001,51.82439580000001,54.44531060000001,56.0971644,49.8887202,53.8295334,57.02268000000001,54.49633000000001,55.86299500000001,61.6304802,64.3215682,70.84150079999999,74.96921479999999,85.52900120000002,88.2716812,97.2450112,96.1663292,105.7383532,99.6251672,107.0440772,95.1050912,96.46160600000002,85.72700400000002,82.88144600000003,67.98436459999999,62.52701660000001,56.64250120000001,53.57956920000001,47.90875820000001,48.6826084,50.712847,44.60850840000001,41.18911679999999,41.8974758,37.0110474,32.718446,32.872238,30.6854228,24.6645818,22.1452171,16.90810198,11.52554652,6.941038880000002,5.1721664,2.4648767,1.98617262,1.41881608,0.8462425199999999,0.0,0.0,0,0,0,0,0,0,0,0,0,0,0.0,0.0,0.0
20533>20530,590,590,GPKu,Green Park,Victoria // SB,590,GPKu,Green Park,Piccadilly // EB,Alight-Interchange-Board,0.0012136085,0.0012136085,0.0,0.0,0.0,0.0,0.0,0.0002427217,0.0002427217,0.0002427217,0.0002427217,0.0002427217,0.0,0.0,0.0,0.0,0.0,0.0,0.0,0.0,0.0,0.0,0.0,0.0,0.0,0.0,0.0,0.0,0.0,0.0,0.0,0.0,0.0,0.0,0.0,0.0,0.0,0.0,0.0,0.0,0.0,0.0,0.0,0.0,0.0,0.0,0.0,0.0,0.0,0.0,0.0,0.0,0.0,0.0,0.0,0.0,0.0,0.0,0.0,0.0,0.0,0.0,0.0,0.0,0.0,0.0,0.0,0.0,0.0,0.0,0.0,0.0,0.0,0.0,0.0,0.0,0.0,0.0,0.0,0.0,0.0,0.0,0.0,0.0,0.0,0.0,0.0,0.0,0.0,0.0,0,0,0,0,0,0,0,0,0,0,0.0,0.0,0.0
20533>20531,590,590,GPKu,Green Park,Victoria // SB,590,GPKu,Green Park,Piccadilly // WB,Alight-Interchange-Board,747.68286551,50.4493858,67.63434516000001,254.1530652,252.9858775,97.17604298,25.28414887,0.06398866,0.4795081800000001,3.32030998,3.68975916,8.944574760000002,11.2796289,11.66436068,11.00725548,11.27040336,6.39812266,4.182374692000002,5.270335792,3.390117352,2.977635412,2.981011432,4.466762,5.414708800000001,5.51367834,6.477931020000002,9.291264300000002,9.5814571,9.2034028,10.4433189,10.5124099,9.7211977,9.4951014,10.3413941,9.97588004,11.93561544,10.63306154,10.08928236,8.66011776,9.49662942,9.313552220000002,9.85695252,11.1918919,11.6238039,10.61386218,9.25314458,10.16632768,11.59988078,12.37818618,13.1480104,14.91858440000001,17.1509173,17.3787577,18.2431281,20.5984506,21.5579272,21.2033768,21.5450112,23.24916,24.3340266,23.153058,23.254274,21.31779,16.88070092,12.38075326,11.80060426,8.44799478,7.33728238,7.53933,8.12874116,6.19585716,5.47151824,5.20810256,4.25683182,3.52832644,3.01488756,2.94005832,3.8037332,3.37724099,2.70284987,3.13838695,2.80407411,0.99552827,0.95436308,0.95436308,0.32681648,0.27184696,0.0,0.0,0.0,0,0,0,0,0,0,0,0,0,0,0.0,0.0,0.0
580201>580222,622,622,KILu,Kilburn,EntEx,622,KILu,Kilburn,Jubilee // NB,Enter-Board,1291.89996076,31.13702608000001,266.7091431200001,338.4748775999999,419.9444012,170.5928805,65.04163226,0.0,0.45259566,1.7048284,3.0978962,4.03628532,5.184675520000001,6.941680860000001,9.71906412,13.55203692,18.257328,29.2800812,34.6961982,34.8921082,32.4919622,30.79667220000001,20.9788052,15.182003,13.4637574,12.59777480000001,10.5204158,9.686029199999998,10.0199208,9.4262964,9.6016652,9.835714999999999,9.9331116,10.2715374,10.773356,11.46961,11.6698148,12.8921902,13.8690588,14.4901496,14.2854254,15.3339656,16.4380814,15.810736,15.6209458,16.7098334,16.8721114,17.2754104,18.6059906,22.45480340000001,25.1291192,28.1461512,30.0620562,34.6719046,34.9737106,36.2220926,36.5085558,40.5658346,38.14071679999999,39.0930802,37.0871934,35.31259460000001,29.1605106,26.2298134,20.919024,17.7702989,15.2874043,13.7378767,12.4449089,11.8703595,11.3413946,10.8433746,10.1872044,10.244262,9.7169592,9.32699692,8.57325112,7.839987460000001,6.94485166,6.3659879,5.10756588,4.739354720000001,4.4568635,3.71960726,2.895561432,2.589126532,1.646997692,0.7012739720000001,0.134206212,0.0,0,0,0,0,0,0,0,0,0,0,0.0,0.0,0.0
580201>580223,622,622,KILu,Kilburn,EntEx,622,KILu,Kilburn,Jubilee // SB,Enter-Board,6178.440208300002,424.1138679000001,2319.082164,1763.8090294,1117.8163586,407.9632944,145.655494,10.2067267,17.5468847,28.3029615,41.61878460000001,55.85674920000001,69.613326,89.166296,111.8021392,132.887794,157.780454,191.802536,225.662778,243.677834,252.413012,249.810032,229.453196,197.614526,168.099804,144.572388,125.30781,109.058044,95.759677,89.733687,84.326499,79.30608620000001,74.93827320000001,73.78660620000001,71.3776122,69.77498419999999,68.47846,69.41916700000002,69.86063700000001,69.383827,66.56253020000001,65.5759558,65.1623478,61.1444824,60.10530360000001,63.13197840000001,65.31330179999999,65.7764128,70.097479,76.5634618,79.17221579999999,82.0428598,84.17215080000003,90.5639568,93.68351159999999,101.1591716,103.2283576,111.2317776,107.4716968,102.476912,91.148902,82.933791,67.703271,57.8304204,47.56920160000001,41.2891004,34.7297374,29.88540780000001,26.1944288,26.9466776,27.89264480000001,26.586237,29.76016660000001,30.8325908,28.4466812,24.3849876,23.8982064,21.0450874,18.1509146,15.4600412,13.415162,11.33084868,7.46344528,5.007961480000001,3.06168048,1.77418128,0.6629776000000001,0.0,0.0,0.0,0,0,0,0,0,0,0,0,0,0,0.0,0.0,0.0
580222>580201,622,622,KILu,Kilburn,Jubilee // NB,622,KILu,Kilburn,EntEx,Alight-Exit,6012.1869116,114.2961402,680.6073465999999,1270.343453,2077.8051308,1250.330492,618.804349,0.0,0.44975252,1.45237212,4.38870132,11.43266192,21.09709752,31.1383042,44.3372506,52.7447104,58.65810579999999,62.25295420000001,67.009825,67.303239,71.651404,67.1868566,61.54365379999999,54.08026819999999,46.2827722,37.38556679999999,34.5079906,33.315913,32.13962739999999,31.6637018,31.0062174,32.6566954,34.6148474,35.9623546,37.8886342,41.1784666,43.80606420000001,45.36947600000001,47.653896,51.30245600000001,54.10132000000001,54.83831139999999,55.73031260000001,58.80053540000001,60.7929594,63.27337080000001,69.21485340000001,76.4956228,82.8744712,90.668538,104.994808,116.228306,131.316028,141.6437928,159.837116,169.947866,187.815342,192.315978,207.075902,201.988752,202.367164,185.589778,181.679106,163.687346,148.1859152,127.4202312,118.3851372,103.7848512,95.64996820000002,91.36913900000002,87.03226300000001,82.471807,79.10254599999999,75.65005699999999,77.59123100000001,81.023383,82.46018900000001,78.87419200000002,73.747423,66.506991,57.01031220000001,46.3648686,38.9440614,33.1690694,25.2663148,16.9115976,10.8204152,6.000742400000001,1.7047894,0.0,0,0,0,0,0,0,0,0,0,0,0.0,0.0,0.0
580223>580201,622,622,KILu,Kilburn,Jubilee // SB,622,KILu,Kilburn,EntEx,Alight-Exit,1288.358520021799,76.3721633668,366.3215815999999,425.0596605000001,288.7816478,104.524766,27.29870075500001,0.2630216902,1.0379276502,2.8433368502,6.579543430199998,9.397203986000001,14.08042396,18.913282,23.2574238,28.5629402,33.017262,37.211842,39.165773,39.973268,37.337008,35.61209320000001,29.8040614,25.6776718,23.4565824,19.7348912,16.7681884,16.1264868,15.7519436,13.8000184,13.8581062,14.209409,14.568895,14.6748715,14.7425863,14.9085259,15.8689935,16.3038531,16.2934164,17.2884942,18.6926984,18.2859756,18.0121708,18.17447,18.0991854,18.1238254,19.1220664,21.114385,23.939165,26.25090560000001,26.849213,26.7481426,26.56292160000001,26.4678234,26.8281014,27.81873400000001,28.1252566,27.7375734,25.1127352,21.5490854,18.94256840000001,17.5205402,15.3681656,14.5153404,13.4254846,11.7996928,10.4923738,9.810107400000001,8.545451199999999,7.84822964,6.96194084,6.187621500000001,5.292432700000001,4.871591780000001,4.77449934,4.77768174,4.2878068,3.97388824,3.40502118,2.63393992,2.450789,1.8764571,1.47084798,1.172252631,0.947595491,0.205079211,0.07968139099999999,0.017660071,0.0,0.0,0,0,0,0,0,0,0,0,0,0,0.0,0.0,0.0
580222>580672,622,622,KILu,Kilburn,Jubilee // NB,1437,BSYr,Brondesbury,LO North London // EB,Alight-Exit-Interchange-Enter-Board,2.626343016759998,0.1347227614,1.0105326096,0.9551093190599999,0.1886913690000001,0.33709183078,0.00019512692,0.0,0.00120326252,0.00120326252,0.00120326252,0.01275636452,0.01275636452,0.043274088,0.0623261568,0.06568564340000001,0.0541325414,0.08486508140000001,0.06193234880000002,0.04643773200000001,0.1592265254,0.1592265254,0.1284939854,0.119705732,0.11614828,0.007339107199999999,0.007339107199999999,0.1346783752,0.13587446748,0.13714568688,0.129839503286,0.129839503286,0.022715187286,0.021519095006,0.020247875606,0.020214952,0.020290728986,7.577698599999999e-05,7.577698599999999e-05,0.003104687786,0.006253961385999999,0.006178184399999999,0.006178184399999999,0.006178184399999999,0.0281304136,0.02498114,0.0257319893,0.0257319893,0.0267419685,0.0017608285,0.0216208585,0.0208700092,0.028870436,0.0368620382,0.0368620382,0.0170020082,0.0170020082,0.0090015814,0.0,0.005555312400000001,0.005555312400000001,0.005555312400000001,0.005555312400000001,0.005555312400000001,0.033930444,0.063395434,0.063395434,0.0662487656,0.0662487656,0.03231832160000001,0.0028533316,0.0028533316,9.756345999999999e-05,9.756345999999999e-05,9.756345999999999e-05,9.756345999999999e-05,9.756345999999999e-05,0.0,0.0,0.0,0.0,0.0,0.0,0.0,0.0,0.0,0.0,0.0,0.0,0.0,0,0,0,0,0,0,0,0,0,0,0.0,0.0,0.0
580222>580673,622,622,KILu,Kilburn,Jubilee // NB,1437,BSYr,Brondesbury,LO North London // WB,Alight-Exit-Interchange-Enter-Board,5.271539718299997,0.0,4.9414806762,0.2750988588000001,0.007665366700000001,0.0472948166,0.0,0.0,0.0,0.0,0.0,0.0,0.0,0.0,0.0,0.0,0.0084665686,0.2941459286,0.4314411486,0.8571561086,0.9726100086,0.96414344,0.67846408,0.54116886,0.1154539,0.007761641600000001,0.0706689916,0.0706689916,0.0706689916,0.0706689916,0.06290735,0.0,0.0,0.0,0.0,0.0,0.0,0.0,0.0,0.0,3.69068e-05,3.69068e-05,3.69068e-05,3.69068e-05,3.69068e-05,0.0,0.0,0.0,0.0,0.0,0.0,0.0,0.0,0.0,0.0005616577400000001,0.0005616577400000001,0.0005616577400000001,0.0005616577400000001,0.00153307334,0.0009714156,0.0009714156,0.0009714156,0.0009714156,0.0,0.0,0.0,0.00020283592,0.009458963320000001,0.009458963320000001,0.009458963320000001,0.009458963320000001,0.0092561274,0.0,0.0,0.0,0.0,0.0,0.0,0.0,0.0,0.0,0.0,0.0,0.0,0.0,0.0,0.0,0.0,0.0,0.0,0,0,0,0,0,0,0,0,0,0,0.0,0.0,0.0
580223>580672,622,622,KILu,Kilburn,Jubilee // SB,1437,BSYr,Brondesbury,LO North London // EB,Alight-Exit-Interchange-Enter-Board,29.97291480264001,4.311992905,9.83666376,8.857785727000001,6.267741820000001,0.6987305906400003,0.0,0.0,0.0,0.005529683000000001,0.170336693,0.863218613,1.092812533,1.092812533,1.08728285,0.92247584,1.96651272,1.7369188,1.7369188,1.7369188,1.7369188,0.0,0.0,0.0,0.0,0.0,0.0,0.0,0.3245238600000001,0.3245238600000001,0.3416939800000001,0.3457107928000001,0.3663032796000001,0.04177941960000001,0.04177941960000001,0.05046428560000001,0.04644747280000001,0.03203900740000001,0.03203900740000001,0.03203900740000001,0.2447633014,0.2692474274,0.294490638,0.3090873179999999,0.3165302549999999,0.08921072899999999,0.07421036439999999,0.3586633924,1.6494615124,1.6420185754,1.6307588214,1.656859316,1.340979056,0.035584256,0.035584256,0.06596429599999999,0.03038004000000001,0.03038004000000001,0.4163265800000001,0.4297372300000001,0.7419822500000002,0.7419822500000002,0.7419822500000002,0.3560357100000001,0.34262506,0.0,1.3964128e-05,1.3964128e-05,1.3964128e-05,1.3964128e-05,1.3964128e-05,0.0,0.0,0.0,0.0,0.0,0.0,0.0,0.0,0.0,0.0,0.0,0.0,0.0,0.0,0.0,0.0,0.0,0.0,0.0,0,0,0,0,0,0,0,0,0,0,0.0,0.0,0.0
580223>580673,622,622,KILu,Kilburn,Jubilee // SB,1437,BSYr,Brondesbury,LO North London // WB,Alight-Exit-Interchange-Enter-Board,506.6645188469743,50.3788334,291.58598072,119.9823082,38.12924246,6.268383257310001,0.3197708096641597,0.0,0.0,0.0,2.5171118,2.5171118,10.0346978,16.0027654,19.30714660000001,21.4224356,27.279975,25.8268066,26.5844264,34.4202172,34.7552038,31.4373996,29.438906,24.6810872,15.2658798,10.94196936,9.53167416,6.996858759999999,5.51897086,5.62232066,6.2873789,6.2952971,6.09589884,6.62015802,6.26901002,5.96733594,5.924974740000001,5.761348920000001,5.74055064,5.54939384,5.75994976,5.747185040000002,5.421631620000001,4.976716420000002,4.137675280000002,2.92025824,3.35298282,2.51045172,1.96192532,2.10169206,2.44234268,1.41590162,3.27345322,3.41787108,4.1478906,4.56403324,4.50744888,3.19030242,4.08426366,3.0869644,2.61512712,2.18319568,1.64279054,0.60441144,0.28495598,0.0,0.0,0.25160728,0.3731254000000001,0.6999922000000001,0.8203161000000001,1.13954578,0.8881107057700001,0.7665925857699999,0.43972578577,0.31940188577,0.00017220577,0.0,0.0,3.931929000000001e-05,3.931945815392001e-05,3.931945815392001e-05,3.934362483192001e-05,3.934362483192001e-05,2.433483192e-08,2.4166678e-08,2.4166678e-08,0.0,0.0,0.0,0,0,0,0,0,0,0,0,0,0,0.0,0.0,0.0
580672>580222,622,1437,BSYr,Brondesbury,LO North London // EB,622,KILu,Kilburn,Jubilee // NB,Alight-Exit-Interchange-Enter-Board,238.23883935,3.2827338,9.05054371,15.20453311,173.92438046,34.259566774,2.517081496000001,0.0,0.0,0.0,0.0,0.0,0.4486410000000001,1.4170464,1.4170464,1.4170464,1.63102324,1.45281524,0.48440984,0.48440984,0.598047966,0.472373118,0.32853459,0.55266393,0.55266393,0.439025804,0.6375298119999999,0.51093534,0.286806,0.31211186,0.4082042340000001,0.121398234,0.121398234,0.121398234,0.096092374,0.0,0.0,0.0,0.0,0.0,0.0,0.095962232,0.334910832,0.334910832,0.334910832,0.9885097120000002,1.09320648,1.78385154,1.78385154,3.56483674,2.91123786,4.80928526,7.673695599999999,10.3114956,12.120556,23.001794,26.38605800000001,22.592054,19.954254,17.6463076,11.8176996,8.068118799999999,9.543061999999999,10.5196268,9.4781094,4.4254794,2.6920898,1.62847192,0.65190712,0.41132532,0.8884194999999999,0.8884194999999999,0.66260642,0.91441728,1.098694314,0.621600134,0.621600134,0.436087894,0.314980294,0.13070326,0.13070326,0.13070326,0.13070326,0.0,0.0,0.0,0.0,0.0,0.0,0.0,0,0,0,0,0,0,0,0,0,0,0.0,0.0,0.0
580672>580223,622,1437,BSYr,Brondesbury,LO North London // EB,622,KILu,Kilburn,Jubilee // SB,Alight-Exit-Interchange-Enter-Board,199.1073436286,4.62588188,30.996806818,44.099947632,85.20120016000001,30.371928724,3.8115784146,0.0,0.0,0.0,0.1792782,0.3005132,1.00548942,1.39001918,1.75058188,2.598714960000001,3.68360776,4.15480914,3.77027938,3.83891872,3.05544998,2.38652316,1.48224552,1.86331652,1.459835386,1.462257586,1.240848706,1.140270734,0.85910212,1.240743874,1.260146714,1.569916034,1.539493538,1.677109752,1.504650232,1.778823452,1.228599836,1.272361374,1.294175794,1.499169714,1.075774514,1.33757179,1.291498068,1.679344708,1.679564968,2.208523768,2.099346508,3.0886512,3.15958614,4.043489500000002,4.572033300000001,6.099337480000001,5.9456958,6.2020138,6.34858512,6.47378046,6.45783616,8.369869640000001,8.74171684,8.50618964,8.57511122,7.956284640000002,5.52477936,4.991901159999999,4.078612700000001,3.5873659,2.494994352,2.809341432,2.597161672,2.556521992,1.990371752,2.11764863,1.41283127,0.972074598,0.7631032659999999,0.45265681772,0.43686360172,0.66270586172,0.62366706172,0.55150173372,0.551180102,0.411576868,0.121426368,0.0,0.0,0.0,0.0,0.0,0.0,0.0,0,0,0,0,0,0,0,0,0,0,0.0,0.0,0.0
580673>580222,622,1437,BSYr,Brondesbury,LO North London // WB,622,KILu,Kilburn,Jubilee // NB,Alight-Exit-Interchange-Enter-Board,111.9912270833,0.94870616,2.3274237,41.86219651599999,55.5775392,7.758644132000001,3.516717375299999,0.0,0.0,0.0,0.0,0.0,0.0,0.47435308,0.47435308,0.4777164204,0.4777164204,0.5251962644,0.0508431844,0.0541990832,0.0508357428,0.0508357428,0.0033558988,0.0033558988,0.161688948,0.235840048,0.235840048,0.354693788,0.51370452,0.5309929179999999,0.651570478,1.023451458,0.904597718,1.119444986,1.16259208,1.22839764,1.27019974,1.6140652,1.59322894,1.59647578,1.89237786,1.89216458,1.54829912,1.32925235,2.04309687,2.97800417,2.56453437,3.78217697,3.78842106,2.84920526,3.63124866,3.63124866,4.606811260000002,4.4665922,6.3241984,4.050811400000002,5.511404200000001,3.318199,6.035996400000001,4.178390200000001,5.005241280000001,4.2243231,4.2243231,1.667076712,1.667076712,1.283458352,0.6037837320000001,0.6037837320000001,0.4432327200000001,0.5104565200000001,0.13843881,0.16885518,0.212231384,0.212231384,0.248018894,0.17713217746,0.31028041746,0.35436456346,0.35436456346,0.56548993346,0.56516164,0.40159703,0.31413668,0.346147418,0.032010738,0.032010738,0.032010738,0.032010738,0.0,0.0,0,0,0,0,0,0,0,0,0,0,0.0,0.0,0.0
580673>580223,622,1437,BSYr,Brondesbury,LO North London // WB,622,KILu,Kilburn,Jubilee // SB,Alight-Exit-Interchange-Enter-Board,0.8806268639999997,0.015103176,0.0525740254,0.0502626856,0.7375636146,0.02368300708,0.00144035532,0.0,0.0,0.0,0.0008147019999999999,0.0008147019999999999,0.0008147019999999999,0.006329535000000001,0.006329535000000001,0.005514833,0.005514833,0.005514833,0.004670934400000001,0.004670934400000001,0.004670934400000001,0.004670934400000001,0.004670934400000001,0.0,0.0023436622,0.004199399600000001,0.006131792600000001,0.006131792600000001,0.006131792600000001,0.0037881304,0.001932393,0.0,0.0,0.0,0.0,0.0,0.0,0.0,0.0,0.0,0.0,0.0,0.0,0.0,0.0,0.0022060226,0.0022060226,0.0022060226,0.0022060226,0.0128302546,0.010624232,0.010624232,0.0209839276,0.022737066,0.0213494716,0.0213494716,0.07891088160000001,0.06855118600000001,0.1257939016,0.116557264,0.1199558906,0.06537516100000001,0.06537516100000001,0.006379307000000001,0.006379307000000001,0.0029806804,0.0,0.00139669516,0.00139669516,0.00139669516,0.00139669516,0.00139669516,0.0,0.0004801184400000001,0.0004801184400000001,0.0004801184400000001,0.0004801184400000001,0.0004801184400000001,0.0,0.0,0.0,0.0,0.0,0.0,0.0,0.0,0.0,0.0,0.0,0.0,0,0,0,0,0,0,0,0,0,0,0.0,0.0,0.0
560201>560222,624,624,KBYu,Kingsbury,EntEx,624,KBYu,Kingsbury,Jubilee // NB,Enter-Board,537.4833512863318,20.65085724,82.12454398000001,237.52561682,117.47754828,63.09641920000001,16.60836576633158,0.105117452,0.191555964,1.262001164,2.606742364,3.260821524,4.200340872,4.66749228,4.35678562,4.90179922,6.815454860000001,8.33820326,9.50477194,10.1126498,9.281006480000002,7.69403828,5.96925362,4.75391512,4.36437872,5.01268084,5.37639184,5.949886500000002,7.039959,7.614474199999999,7.6511457,7.71749344,7.677490580000002,7.47646948,7.395825680000002,7.559756980000001,7.886721040000001,7.858385380000001,7.807743680000002,7.643878280000001,7.715992480000001,7.58592748,7.289361800000001,7.6407588,8.5841096,7.8404212,8.001434399999999,18.4594634,22.7455406,22.03565606,22.34772106,22.64733626,12.56647282,8.034621360000001,7.678292300000003,8.217954500000001,7.553354219999999,7.54399766,7.839339519999998,8.55785592,8.600135519999998,9.142095,9.096093199999999,8.301237800000001,7.560021080000001,6.435510280000001,5.642605420000002,5.86170106,5.6151065,5.39780656,4.587577112,4.286131912,3.376760552,3.357445392,2.674515532,2.793622,2.37858186,1.94031816,1.49379886,1.47203586,1.37129576,1.11317736,1.12047222,0.94064801,0.7863838759999999,0.5733087612663149,0.395105361266315,0.143351721266315,0.086265951266315,5.266315000000001e-09,0,0,0,0,0,0,0,0,0,0,0.0,0.0,0.0
560201>560223,624,624,KBYu,Kingsbury,EntEx,624,KBYu,Kingsbury,Jubilee // SB,Enter-Board,5289.495013650001,953.2062999999998,1783.9986112,1576.3263688,681.708261,240.3038334,53.95163925000001,20.4111312,39.0153212,69.4426412,109.7560072,143.9854552,174.15482,194.270696,202.170228,195.202916,187.483626,187.963596,183.716458,174.243716,167.116486,157.762542,135.9793,119.0391632,103.95577,92.54556600000002,78.98947199999999,72.43549,67.5731562,68.3570934,66.21060879999999,64.20253879999999,63.3176856,62.99151020000001,60.4600202,59.42544600000001,58.62383500000001,59.2764236,59.02259560000001,57.631678,58.0835822,58.37429400000001,57.37790860000001,55.7932986,56.95733420000001,58.0744828,59.7551286,79.3605686,90.2342746,91.4923186,91.2950966,91.4648248,72.37720200000003,64.46195999999999,65.7240448,63.0353028,59.93426280000001,57.94571820000001,53.15167020000001,45.24619540000001,41.1609718,36.2417328,30.96437539999999,27.6335674,24.795061,23.5664062,23.524226,21.671828,19.966119,20.5422434,18.54425220000001,16.8558142,16.0048228,14.8877567,12.3117365,10.6440775,9.200551420000002,8.056163620000001,6.62115952,5.78687788,4.72873372,3.68201922,2.54822871,1.46655591,0.72830375,0.45532651,0.03364149,0.0,0.0,0.0,0,0,0,0,0,0,0,0,0,0,0.0,0.0,0.0
560222>560201,624,624,KBYu,Kingsbury,Jubilee // NB,624,KBYu,Kingsbury,EntEx,Alight-Exit,5204.592627619999,50.71580631999999,593.5507520000001,1088.8109558,2165.464332,1010.3433616,295.7074199,0.134635008,0.195677364,1.536404024,2.808773424,5.343890224,8.980457615999997,14.17736966,17.538599,21.3595676,27.7812174,38.18917,58.7467356,69.49607359999999,77.1001656,76.3908546,71.3763056,51.23479560000001,40.7949652,32.4287566,28.6521446,24.774616,24.7182066,26.44178500000001,28.1252808,30.4885566,31.7599746,33.2779574,34.1436166,36.2949562,37.03051480000001,38.63650940000001,40.01583460000001,41.8028454,42.5178426,44.2365766,46.0847586,48.442512,50.7834988,54.2014392,58.7313652,66.87277920000001,75.26221520000001,82.4141644,91.75315,102.083578,110.836228,124.957602,140.774528,163.471476,181.397198,209.125922,223.189838,238.963632,237.92487,230.872474,201.866986,176.628232,142.100167,113.0676622,95.28494620000002,79.19183860000003,72.64183340000002,66.74826340000001,63.8058942,55.33245220000001,54.99289920000001,46.04694840000001,44.50222479999999,39.2425036,37.102788,34.249468,32.2694286,28.6877106,26.5174454,21.9869334,18.72780340000001,16.74918060000001,12.8455285,10.2987421,8.203035700000001,5.1181743,2.3641585,1.3445192,0,0,0,0,0,0,0,0,0,0,0.0,0.0,0.0
560223>560201,624,624,KBYu,Kingsbury,Jubilee // SB,624,KBYu,Kingsbury,EntEx,Alight-Exit,518.66122791,11.07533996,201.67016366,154.4604929,105.34648256,41.11336299000001,4.995385840000001,0.172643328,0.469948308,0.9720079079999999,1.395780968,1.849568288,2.03526324,2.091044740000001,2.08908318,3.39802252,7.1088472,18.37254192,27.60854944,32.30890540000001,32.23275880000001,29.4594554,19.33743012,11.03741092,7.07057118,6.966742780000001,6.768927980000001,7.00744606,7.04170046,7.354316900000001,7.162413099999999,7.420251299999999,7.071891500000001,6.966433200000003,6.836096620000001,6.566830820000002,6.12521866,5.82527616,5.80392054,5.448413820000002,5.626477620000001,5.708492280000002,5.618055260000001,5.657844180000001,6.01283068,5.782266880000001,5.65571258,6.0471275,6.9077077,7.2615354,7.55223368,7.97440068,7.940335279999998,8.22958028,8.37909548,9.380946000000002,9.4977978,10.1788962,9.422705399999998,9.360043,8.54338268,8.696520079999999,7.742779680000001,6.799917740000001,5.88761754,5.1751782,4.4329849,3.857291080000001,3.58076862,3.05538652,2.50554946,1.82170046,1.56204194,1.34347638,1.09145015,0.970112944,0.905782304,0.761809704,0.6267745120000001,0.5502958340000002,0.4603771520000001,0.30658567,0.20141661,0.144463162,0.05459597,0.013171978,0.0,0.0,0.0,0.0,0,0,0,0,0,0,0,0,0,0,0.0,0.0,0.0
560301>560322,649,649,NEAu,Neasden,EntEx,649,NEAu,Neasden,Jubilee // NB,Enter-Board,977.1037293467931,40.61985603999999,302.59852076,257.1613754,285.5778256,72.84351548000001,18.30263606679298,0.0,1.0810776,1.92006752,3.32017586,4.85430052,7.492547819999999,9.77440082,12.1772859,16.68830556,21.4932617,29.3332484,36.7777504,38.9483326,38.602257,35.686608,26.912142,18.42215,15.3271233,12.9694973,11.4378445,12.0261567,11.8022639,10.9247518,9.921175,9.9633861,9.754027800000001,9.511400300000002,9.7186583,9.4811531,9.269888600000002,9.4415167,10.0698002,10.5590672,10.7973736,11.235891,10.758817,10.8219616,10.4049366,10.4242956,9.725787100000002,10.8534889,11.46476590000001,13.2703867,14.9604257,18.0656778,20.002304,23.5910118,27.8633546,28.6419064,28.8819742,30.0893136,27.3314428,23.7304872,21.773697,19.6985156,15.9081406,13.6780582,10.80780416,9.6670582,7.984143140000002,6.495998620000001,5.391965140000001,4.373750000000001,3.531181,2.96769456,2.672499080000001,2.503549280000001,2.7698141,2.4027624,2.2264705,2.0619287,1.97785218,1.86564438,1.8059729,1.70684342,1.4756031,1.22129572,0.7592815093585961,0.433509249358596,0.222459129358596,0.143012849358596,2.935859600000001e-08,0.0,0,0,0,0,0,0,0,0,0,0,0.0,0.0,0.0
560301>560323,649,649,NEAu,Neasden,EntEx,649,NEAu,Neasden,Jubilee // SB,Enter-Board,3495.936602499999,476.9897868,1360.9727062,939.9599628000001,523.2601694,149.56341086,45.19056644,12.4745042,20.6461214,32.102875,45.1798216,61.41651060000001,82.57735600000001,103.0693128,119.5232852,128.6877292,136.067354,142.03252,139.839536,135.553748,128.726356,121.581394,106.850396,96.080839,83.95960820000002,76.03412820000001,65.5590976,58.44105760000001,51.0838532,46.861518,45.0903474,42.087048,38.192755,36.9886404,36.9068068,34.5767814,34.4676934,36.43281300000001,36.83945739999999,35.92855160000001,37.092215,37.384244,36.391276,36.29799920000001,36.97203740000001,35.744506,35.42117500000001,36.0473836,36.853268,37.71488520000001,40.1436502,43.2527222,45.04776100000001,50.40970420000001,54.4614928,54.1449458,53.0267532,51.7312336,44.2489928,37.4107148,33.65578060000001,30.302545,25.5675234,21.847698,19.4543302,17.3049522,14.9201794,13.0242082,12.2029718,11.3263144,9.636372099999999,8.112612660000002,7.43333456,7.25525024,7.0451871,7.128994659999999,6.654769299999999,6.5829488,6.07081158,5.269233580000001,4.232682480000001,3.53883598,2.55567254,1.64828748,0.8921552200000001,0.5065052600000001,0.10966956,0.0,0.0,0.0,0,0,0,0,0,0,0,0,0,0,0.0,0.0,0.0
560322>560301,649,649,NEAu,Neasden,Jubilee // NB,649,NEAu,Neasden,EntEx,Alight-Exit,3019.4328511,75.41900799999999,341.1605675,622.6695984,1166.2711122,572.1231648,241.7894002,0.0,0.6217541200000001,2.03709232,3.83485452,10.93671852,15.19343092,19.9224272,22.8727304,26.9155776,25.3766076,26.4061634,28.212509,32.0863642,34.78021079999999,34.6496936,35.11875800000001,30.7530606,26.6463116,21.3311716,18.8841395,16.2939027,15.9437307,14.9129513,14.6760133,14.8565502,15.0186056,16.0022294,16.712144,17.5429298,18.6609148,20.0824096,21.66058,23.7302676,25.4882262,26.7953698,28.1053832,30.1052884,30.7082928,32.2928428,34.5710334,39.4865332,44.3720792,49.43509640000001,55.216224,63.48126920000001,72.408112,78.96907600000002,90.23364,99.64205,106.457209,111.355255,114.396957,115.152865,112.451075,106.259996,95.463608,83.880416,69.16441040000001,59.2724044,50.19104900000001,46.0980958,44.260051,42.9656366,39.68396740000001,39.09841,34.632301,32.6329846,30.2434386,29.5540688,27.8745472,27.9575818,25.048956,23.5940794,21.407554,19.2397394,16.3937378,15.5758148,13.39124960000001,9.7974,6.553323000000002,3.8726922,1.5286562,0.0,0,0,0,0,0,0,0,0,0,0,0.0,0.0,0.0
560323>560301,649,649,NEAu,Neasden,Jubilee // SB,649,NEAu,Neasden,EntEx,Alight-Exit,1062.2684157528,71.07589921280001,255.7985275,243.3657387000001,337.3646321000001,124.31261814,30.3510001,0.0962415982,1.0938259382,3.3125815382,6.7096595382,9.75571126,14.71800694,17.390161,17.99971140000001,19.2717126,21.5781668,22.4023208,22.6476384,26.58728839999999,27.3947198,26.3768494,23.52899,22.4796916,17.688502,13.9290532,11.9135945,10.269889,8.90129928,8.12868442,7.986539080000001,7.2113245,6.948411800000001,6.59012618,6.66913256,6.03673624,5.76810498,6.239940580000002,6.80464352,7.0005088,8.022768460000002,8.524809400000002,8.853564,9.196648,10.7301021,11.8909169,14.0600923,16.0600081,18.3714833,20.918718,22.1812872,24.0561144,25.0226386,25.2570692,26.0776906,29.6965028,30.896025,34.54010039999999,34.7126786,34.03458320000001,29.693128,24.738216,18.6398853,15.8841723,12.3132741,11.0810437,11.2760107,10.7516768,11.114464,10.8262344,9.95857072,9.13270158,8.46323188,7.076011880000001,6.435226080000001,6.115632160000001,5.675266560000002,4.82746574,4.30384668,3.50037834,2.3977705,1.48028507,1.091733068,0.630344728,0.231488668,0.08806370800000002,0.008724878,0.0,0.0,0.0,0,0,0,0,0,0,0,0,0,0,0.0,0.0,0.0
560101>560122,679,679,QBYu,Queensbury,EntEx,679,QBYu,Queensbury,Jubilee // NB,Enter-Board,182.53524899,27.01301863000001,61.548329108,37.296832592,34.14793414,18.911652474,3.617482046,0.19834794,0.374647166,1.440343206,3.505350006,4.430304606000001,5.006870026000001,5.950999000000001,6.106156680000002,5.443961880000002,6.44971588,7.53450832,7.666396519999998,7.878699859999998,7.216011859999999,5.70928866,4.47104664,3.364457612,2.287739212,1.881168652,1.645334012,1.289840032,1.39384148,1.136172068,1.089683588,1.187373888,1.136377468,1.173353668,1.65679242,1.45196932,1.4190652,1.54278572,1.53370182,1.11441774,1.28306854,1.3281336,1.3951085,1.63657974,1.9459317,2.07941902,2.00065012,2.071612,2.22663648,2.093685,2.11063348,2.67334578,2.75136904,2.5229343,2.61067966,2.58792118,2.26111422,2.48652754,2.66127484,2.81625448,3.511109500000001,3.73398128,3.53142232,3.29461254,3.1586916,2.43300516,2.03239788,1.65962646,1.44054849,1.29252251,1.02336131,0.7933633859999999,0.6668930560000002,0.6374944260000001,0.479135656,0.483842048,0.591775784,0.553951854,0.590399126,0.489828006,0.4065442540000001,0.251205502,0.210762882,0.03917259000000001,0.0,0.0,0.0,0.0,0.0,0.0,0,0,0,0,0,0,0,0,0,0,0.0,0.0,0.0
560101>560123,679,679,QBYu,Queensbury,EntEx,679,QBYu,Queensbury,Jubilee // SB,Enter-Board,5029.1664333,1245.339253,1905.437222,1121.305107,505.517252,210.18973828,41.37786102,29.958279,53.932585,97.065669,149.238249,196.106947,226.058936,248.317256,244.661332,232.00644,215.420088,208.757354,201.432858,191.217594,179.662702,163.698994,138.248211,116.560651,100.403593,86.79831300000002,71.23042400000001,66.426838,61.22274400000001,59.07090280000001,55.39159799999999,53.56892180000001,49.92634600000001,47.70179040000001,47.32451620000001,45.7068962,45.13199240000001,46.3656586,45.78538300000001,42.33942580000001,41.2151506,42.7388996,42.34484680000001,40.6465626,41.2877398,41.16820460000001,40.40566320000001,40.22406460000001,41.85333480000001,41.3771454,42.08048179999999,41.73248,41.799414,43.7850768,46.8790576,47.049219,47.62352420000001,46.8940046,43.430284,41.6282932,38.13292799999999,34.5765736,31.986397,28.182288,24.8063504,24.0059106,22.8934888,20.6812866,19.232992,16.8798048,14.514766,11.86752786,9.93339494,9.22257154,7.96935674,7.391139399999999,6.84647998,6.44694174,5.314006860000001,4.60997606,3.44800614,2.99385342,2.03067098,1.46225986,0.5618870600000001,0.27263952,0.0,0.0,0.0,0.0,0,0,0,0,0,0,0,0,0,0,0.0,0.0,0.0
560122>560101,679,679,QBYu,Queensbury,Jubilee // NB,679,QBYu,Queensbury,EntEx,Alight-Exit,4910.836203460002,43.72447916,349.3870361,850.207783,2251.9916212,1099.7850988,315.7401852,0.2195797,0.3480000520000001,1.522733452,2.829095992,4.390183692,7.968155992000001,10.92500884,15.52172144,20.59226850000001,26.1159616,29.0606816,35.62178239999999,36.4347044,37.01268380000001,34.1240142,32.708733,27.67377980000001,25.2587398,22.4596606,22.3240264,22.5338428,21.8104916,21.893959,22.5923262,22.9514044,21.9987944,22.8544208,23.5342582,25.4461412,27.8014686,29.9103546,31.955303,34.6367388,35.4963808,36.4433222,37.100211,39.5318466,41.74712600000001,44.084616,47.3107908,50.18846,56.721982,62.618304,69.04524,87.8182072,103.180742,112.935226,143.247226,166.273178,186.919252,222.973796,248.287732,254.852778,259.153654,249.993398,216.356432,190.858621,160.763742,133.516074,108.451524,92.30076080000002,81.78292580000002,69.62977640000001,64.4296744,56.21382900000001,53.38190680000001,45.37436880000001,43.0818958,37.4054898,37.7691822,35.591589,34.39478560000001,31.7950436,30.255838,25.6631398,21.7663406,18.216524,14.9820154,11.5749194,7.877536599999999,4.926860400000001,2.8744424,0.6464784,0,0,0,0,0,0,0,0,0,0,0.0,0.0,0.0
560123>560101,679,679,QBYu,Queensbury,Jubilee // SB,679,QBYu,Queensbury,EntEx,Alight-Exit,190.9844398450001,6.52994511,31.85902861600001,50.937291454,68.82818972000001,26.85809534,5.971889604999999,0.319585766,0.38289546,0.6465949000000001,0.93361386,0.8866669600000001,1.060224154,1.22313454,1.07722947,1.11060091,1.61724793,2.36693117,3.385896090000001,4.051542980000002,4.270149620000002,4.02723646,3.621342260000001,2.61400434,1.95715406,1.542304948,1.294617848,1.156671368,1.090754578,1.143332098,1.28201829,1.24940701,1.09514023,1.14066666,1.09781316,1.13157466,1.29522852,1.30683422,1.33223968,1.55254688,1.8645658,1.95557976,2.12014388,2.4729667,3.11817278,3.04201744,3.25661344,3.958312180000001,4.45807492,4.2681629,4.5484543,4.57146004,4.65283984,4.752315100000001,5.04898324,5.21126354,5.5306142,5.2364699,6.114606500000002,6.432971500000002,7.2532072,7.089080880000001,6.93437778,5.442847220000003,4.44815142,2.92596792,2.27904784,1.845210760000001,1.46584702,1.25914484,1.21765848,1.44721276,1.43674418,1.54927836,1.54098454,1.59225396,1.284343806,1.032382322,0.77245423,0.5973025040000001,0.327345801,0.188095475,0.109786719,0.05501533099999999,0.012909457,0.0,0.0,0.0,0.0,0.0,0,0,0,0,0,0,0,0,0,0,0.0,0.0,0.0
60101>60122,696,696,SJWu,St. John's Wood,EntEx,696,SJWu,St. John's Wood,Jubilee // NB,Enter-Board,1906.132489157,17.821155937,233.57115832,534.0830352,761.899432,300.5149634000001,58.24274430000001,0.0106385394,0.1340990114,0.5774412713999999,0.9193058114,2.0503641314,2.899957392,4.37554852,6.85380126,10.64753352,13.8804542,22.2353698,27.7030142,30.4794744,30.0702002,27.7239858,20.51766700000001,15.7660048,12.4164536,10.8808652,11.2501356,11.4922742,11.2397814,11.0014782,11.7188676,12.3211064,12.5704912,14.3793082,14.8241458,15.2639562,15.1836462,16.8834766,17.5321954,18.6459544,18.923355,20.2659522,20.6112464,20.0723208,21.8903406,28.43758900000001,35.01346599999999,38.38508839999999,44.0395192,50.71243560000001,52.67504020000001,54.07291960000001,60.86386660000001,69.87485140000001,71.83672179999999,74.6198182,72.6968328,72.44198279999999,65.3780026,63.518099,55.972151,54.19457180000001,46.4296144,40.8079358,34.53978439999999,32.7707724,30.42169100000001,30.157485,28.494029,26.14163940000001,22.8442234,18.8307758,14.0560426,11.7396044,9.710980200000002,8.496972940000001,8.06489794,7.647308600000001,6.793402700000001,5.662275859999998,5.20828244,4.448859560000002,3.50458398,2.8968804,2.41547204,1.77756472,0.8068388000000001,0.51940432,0.0,0.0,0,0,0,0,0,0,0,0,0,0,0.0,0.0,0.0
60101>60123,696,696,SJWu,St. John's Wood,EntEx,696,SJWu,St. John's Wood,Jubilee // SB,Enter-Board,7499.164888400004,170.0489742,1875.3810306,2524.9537244,2108.920558,678.4681736,141.3924276,3.1328076,4.508685600000002,8.2286338,12.6983908,20.195981,27.6357252,40.3083072,53.34044299999999,72.47015200000001,98.546768,137.773512,173.659458,203.883152,218.900662,217.685958,197.0603,172.137921,145.539517,126.6115958,111.1120348,101.0683208,92.8802518,89.69746380000002,88.011055,90.38880400000001,91.50465200000001,93.809572,93.80953000000002,97.66085279999999,97.1372878,99.0088938,98.59757579999999,99.2310546,94.5920118,93.0290728,91.16570880000002,91.3409288,94.361462,104.981582,120.203684,131.406812,144.459918,159.902946,166.704284,172.159862,178.32276,199.034424,203.818584,215.342322,207.124302,208.170482,183.436776,165.396932,138.780666,129.140696,108.192752,92.84158560000002,81.47135859999999,74.17518940000002,65.67301839999999,59.5696968,57.38845720000001,53.38144820000001,47.97698740000001,43.09461960000001,38.03930680000001,34.06933180000001,30.7871738,27.2976202,24.31994580000001,22.5070854,18.71712560000001,15.8813526,13.10856956,8.85448936,5.387885880000002,2.84084284,1.30010984,0.71922048,0.37371988,0.08446016,0.0,0.0,0,0,0,0,0,0,0,0,0,0,0.0,0.0,0.0
60122>60101,696,696,SJWu,St. John's Wood,Jubilee // NB,696,SJWu,St. John's Wood,EntEx,Alight-Exit,7720.4057297,228.6879013,2105.5309106,2173.990977,1838.0549878,1039.289448,334.8515050000001,0.0,1.07305774,4.00047494,11.84371754,24.58492694000001,40.61585694,62.01664120000001,84.55322600000002,126.1123574,162.07882,198.485902,228.762836,246.805318,240.811618,219.59736,185.927238,156.0182390000001,133.959557,109.417425,97.5542402,95.04802420000001,88.9311892,83.1500552,80.35470720000002,81.83018480000001,82.98130880000002,84.0028988,83.8859108,85.02416480000002,84.952812,85.20875799999999,85.53873,86.483406,86.2824128,85.87884179999999,83.8362718,85.00722259999999,88.7331516,93.6666368,100.9785298,108.0374586,110.7144178,111.7418668,111.7220168,120.8343548,126.39047,136.62946,143.43927,152.564216,158.069218,162.660352,167.5111240000001,172.351938,176.404334,166.50361,154.696641,138.144133,130.390929,113.840467,99.21852900000002,92.40771,84.99751400000002,71.3002276,67.55716360000001,64.3321364,61.21775400000001,57.807219,58.0756654,52.865722,51.70153320000001,47.9681568,44.39489140000001,37.58377120000001,30.924026,23.0473038,17.4245804,12.5315722,7.6263784,4.690161,2.9187452,1.1746634,0.0,0.0,0,0,0,0,0,0,0,0,0,0,0.0,0.0,0.0
60123>60101,696,696,SJWu,St. John's Wood,Jubilee // SB,696,SJWu,St. John's Wood,EntEx,Alight-Exit,2263.108316012,140.937755942,1081.3268944,599.3791000000001,311.9669296,106.59163956,22.90599651,0.217431414,0.929218354,2.352412354,8.757110354000003,15.435160726,23.65280754,36.9114506,52.68216460000001,74.79813659999999,100.584967,124.58683,135.727098,137.832426,122.5331672,102.7201528,80.00727140000002,63.64921080000001,53.5734916,46.18343,39.130713,34.61376780000001,30.4998392,25.4801734,24.1116758,23.6607898,24.5551484,25.2455312,26.6965958,27.49804440000001,27.17842000000001,25.9347184,24.4076486,22.4557298,21.22209560000001,19.2906138,18.5727418,19.89488260000001,21.4601052,22.4498944,25.245959,25.9120476,26.64722380000001,27.0277658,29.3176878,29.7008094,30.6574846,30.8225312,30.4178978,28.5253546,26.4542398,25.0348342,23.7097298,23.2809766,22.260322,20.8291594,20.2735902,18.4343486,16.2841506,13.2455161,12.1793069,9.9090949,8.101776300000001,6.3084731,5.74899564,4.931705020000001,4.073778420000001,3.65760886,3.716885120000001,3.588398720000001,3.34891478,3.22404742,3.10429234,2.46716358,2.01075708,1.579981854,1.235346514,0.892422794,0.598401694,0.384226754,0.29817054,0.17387244,0.0,0.0,0,0,0,0,0,0,0,0,0,0,0.0,0.0,0.0
590101>590123,714,714,STAu,Stanmore,EntEx,714,STAu,Stanmore,Jubilee // SB,Enter-Board,4742.976685899998,608.0109950000001,1832.052718,1178.929228,855.0690028000001,225.6356075,43.27913460000001,16.9190226,28.7307606,44.5489986,68.3976566,83.4609446,103.164466,121.628028,141.161118,156.9044060000001,188.86468,210.545296,218.012462,209.118342,196.113024,162.6759752,130.1166272,107.8477132,97.1670852,83.0663322,71.62077500000002,65.9194682,61.1721506,56.66940260000001,54.3874666,53.5079772,52.260866,51.2766886,48.8724198,47.2316648,46.5833914,45.3571494,44.9753258,45.0147066,44.150855,42.3391698,42.3491204,40.50952460000001,38.7210726,39.53930620000001,40.905601,43.6152874,51.47842379999999,57.35353180000001,64.7386578,69.05369900000001,76.11846480000001,80.34061580000002,88.54744579999999,88.5418928,88.6527628,83.89314680000003,75.232799,63.1511218,53.85196180000001,47.7362024,39.94889000000001,34.160685,28.95365940000001,26.3217518,22.37332180000001,19.5237098,16.7664516,15.332863,14.1956475,13.1693841,12.1688433,11.5681471,11.1011431,9.1276581,7.735765420000001,6.451488680000002,5.60620496,4.02631636,3.67532502,2.64087946,2.0621926,1.10805852,0.6748125200000001,0.17043296,0.0,0.0,0.0,0.0,0,0,0,0,0,0,0,0,0,0,0.0,0.0,0.0
590122>590101,714,714,STAu,Stanmore,Jubilee // NB,714,STAu,Stanmore,EntEx,Alight-Exit,4596.650225700001,113.2738646,744.1779296000002,878.3476018000001,1562.1167134,977.2282402000002,321.5058761000001,0.0,0.5385934800000001,2.34480348,8.19038648,13.59882448,20.89586508,29.12110160000001,38.58429,46.94961500000001,56.323151,70.18982640000002,79.11394440000002,86.961256,86.40919500000003,81.65316560000002,68.1744204,57.78437840000001,45.10450040000001,34.868333,30.646144,27.08697920000001,26.8282632,24.5025914,24.0647464,24.7720768,25.32978600000001,23.4396054,25.4389578,28.3582576,28.0907436,29.3539544,30.191825,30.7887544,32.0939614,32.88305080000001,34.2341068,37.3648708,40.7206088,43.7096164,46.93494,54.74149300000001,64.529979,70.620859,72.26757459999999,83.90169959999999,89.98642459999999,100.5493246,105.8424486,124.394164,136.132928,145.893072,144.167814,162.012156,159.739236,158.568732,150.928714,148.007986,133.2733188,121.7000688,100.8020468,91.1732848,75.51024760000001,62.1277212,54.99861920000001,53.62328520000001,47.28448320000001,46.906661,41.8205176,40.0019096,36.3490386,36.3449646,32.9957672,32.92375740000001,30.1430566,27.9686086,23.7745572,19.14868146,15.39423506,11.44130506,7.081610059999999,3.93811346,3.131002000000001,0.8692692,0,0,0,0,0,0,0,0,0,0,0.0,0.0,0.0
110501>110514,719,719,SFDu,Stratford,EntEx,719,SFDu,Stratford,Central // EB,Enter-Board,6936.818652500002,92.82069360000001,503.7975464,2216.546446,2362.947134,1462.418732,298.2881005,0.0,0.0,3.2659184,7.341208000000001,11.460332,17.68242440000001,23.5749056,29.49590520000001,37.6171176,45.0831436,50.2184456,55.87056440000001,56.0101764,50.39647160000001,44.0489162,39.16494480000001,34.150078,29.9508208,29.420914,31.8659534,34.0747532,35.49012200000001,39.51763820000001,44.21520260000001,49.80536660000001,55.83257980000001,62.94631260000001,68.36391560000001,75.10566879999999,79.19089680000002,85.34995280000003,90.973818,96.0895088,101.0761788,106.5115838,110.2760018,115.9732578,123.562757,128.306303,135.684582,138.993938,142.154076,144.350354,152.701678,161.358264,169.727122,175.856894,192.133354,201.637582,207.16723,217.168874,221.251978,217.49199,209.097376,201.992178,188.064292,177.23645,161.5405280000001,148.668549,136.698239,129.195221,124.593533,121.9728382,116.8303192,104.2149332,94.21821020000002,81.57570900000002,65.67420220000001,54.4547402,48.34218160000001,37.9046874,31.5183936,27.6571642,22.6197142,17.7190087,15.9400523,13.3665503,10.2866595,7.874707499999999,6.2209216,3.5522312,0.8310882000000002,0.0,0,0,0,0,0,0,0,0,0,0,0.0,0.0,0.0
110501>110515,719,719,SFDu,Stratford,EntEx,719,SFDu,Stratford,Central // WB,Enter-Board,18661.457714,1089.576765,4160.291764,6749.473574,4530.43395,1722.965124,408.716537,7.409875400000002,23.1986774,55.2266674,96.42852340000002,153.0074594,203.46587,257.557794,293.281898,311.669336,324.279554,341.977534,376.134296,390.560382,404.98802,403.311298,385.645362,344.842234,313.410556,289.7907520000001,273.68244,270.288544,257.28656,258.13199,263.975182,261.778442,254.46758,249.537478,248.704992,241.652716,239.118164,244.137204,256.651794,258.959868,261.780156,270.275778,280.739602,277.154848,283.032354,300.448162,319.988372,329.52058,355.7658800000001,380.839834,385.237494,396.646344,415.21712,423.685834,434.6156080000001,445.859336,432.9780060000001,412.87999,384.958886,343.004316,305.2702180000001,283.941658,251.376634,220.857686,197.624968,178.801192,153.273216,140.12555,136.617668,133.634682,124.2944108,116.7245468,116.0898848,109.3325848,95.5887348,84.94009059999999,75.2734418,58.27222020000001,46.13997620000001,39.3938556,34.3711166,28.0128228,20.6779924,12.5693464,6.280837000000001,2.7848374,0.0,0.0,0.0,0.0,0,0,0,0,0,0,0,0,0,0,0.0,0.0,0.0
110501>110522,719,719,SFDu,Stratford,EntEx,719,SFDu,Stratford,Jubilee // NB,Enter-Board,15821.1137362,955.5219652000001,2882.062836,4952.160662,4336.208858,2240.2166704,454.9427446000001,42.0785984,58.72180520000001,79.21565520000001,106.1152228,131.3685608,151.3314508,180.692404,205.998268,221.912626,230.894754,252.677378,281.132818,295.029948,294.355502,287.863292,263.312926,221.810724,193.475972,178.689438,160.907458,149.871078,142.61611,140.864416,141.044944,140.72981,146.215308,158.2433,169.535802,180.196304,190.500148,202.418342,215.61604,221.305898,227.422936,240.25778,252.793128,251.77159,245.831106,245.989916,248.50462,240.319806,242.472724,265.900706,291.73885,310.1299320000001,335.9839540000001,373.595908,400.0655840000001,405.683996,408.44135,413.759734,395.54814,369.427236,342.6203040000001,310.7220560000001,270.230664,234.094944,207.916602,195.506138,187.119132,185.741792,194.36927,201.250204,192.12963,185.779012,175.12958,155.9269732,125.2533932,106.1059402,86.81538619999998,66.8571594,49.628083,41.41674440000001,34.5821174,27.7522736,20.2892724,12.7693376,6.522636200000001,2.2037942,0.0,0.0,0.0,0.0,0,0,0,0,0,0,0,0,0,0,0.0,0.0,0.0
110501>110576,719,719,SFDu,Stratford,EntEx,719,SFDu,Stratford,Elizabeth Line // EB,Enter-Board,5483.63113692,77.95174832,366.015849,1409.3810934,2065.8695096,1329.5539684,234.8589682,2.18935968,3.87799188,5.425689279999999,8.07874328,9.6140244,12.3586552,15.8961342,20.5111504,24.6284638,31.5403346,35.9389712,39.784726,40.21712640000001,37.676731,32.4979808,29.1769648,24.0275848,22.52608840000001,23.967936,24.0329412,23.107484,24.2349408,25.931386,26.354344,29.2152142,33.97396079999999,38.2029296,39.80802600000001,42.2953758,47.67981720000001,50.7912904,52.4715168,54.8665616,61.38688320000001,65.8672366,68.36460500000001,74.532053,83.05441,88.58410100000002,84.12202900000003,90.03467700000002,97.3478538,95.2120968,111.9423008,117.5127508,136.5786208,149.444658,161.089482,167.6996940000001,179.20913,190.29244,187.19549,199.269498,198.71188,199.720454,179.1454120000001,172.324426,157.516024,137.296122,123.649704,113.258196,107.796064,104.417174,96.66289120000002,94.733222,86.9824334,76.2912874,58.6264244,48.4841476,38.0897324,30.4317674,23.2510594,21.4253548,18.5365716,15.336655,12.724329,9.563328199999999,6.345551800000001,4.585222920000001,3.24427792,1.54224152,0.6493643200000001,0.6493643200000001,0,0,0,0,0,0,0,0,0,0,0.0,0.0,0.0
110501>110577,719,719,SFDu,Stratford,EntEx,719,SFDu,Stratford,Elizabeth Line // WB,Enter-Board,10327.7082664,677.8108054000002,2685.197798,3011.552784,2610.524389,1123.335595,219.286895,19.7109796,46.39937760000001,64.58978960000002,81.85805760000002,95.388067,112.619796,123.63741,133.6073280000001,157.712506,159.661374,194.697132,202.692814,282.459264,284.301758,315.6705480000001,292.3538140000001,278.837564,197.6791040000001,177.999094,141.132826,124.323418,112.772914,107.71648,107.794628,109.36926,106.544396,107.5849168,107.2414808,107.5466648,106.6960348,113.2100068,117.566928,121.896492,122.647574,130.633632,132.525838,134.09536,132.545944,141.463362,140.849064,141.979114,144.149658,160.888658,179.51096,192.554988,211.022482,240.231468,250.592302,256.076042,255.166008,253.558738,231.50232,210.737906,182.972408,172.715498,153.394229,137.7339622,125.5583402,115.8129982,101.7175342,94.7236302,89.44600700000002,91.70408700000002,83.90881440000003,78.8717464,75.0356304,71.1289584,57.69388640000001,52.8574576,44.6813866,32.580303,24.2695084,18.1193716,11.9298682,9.326276600000002,9.4849208,5.7152614,4.733994200000001,3.372235,2.2163116,0.0,0.0,0.0,0,0,0,0,0,0,0,0,0,0,0.0,0.0,0.0
110501>110582,719,719,SFDu,Stratford,EntEx,719,SFDu,Stratford,NR Great Eastern // DN,Enter-Board,511.3149909979999,4.784346002,29.973614088,246.156788728,100.92558492,113.61053564,15.86412162,0.07601591760000001,0.07601591760000001,0.4816718176,0.5149269036,0.5665554236,0.685163614,1.092512014,1.291484394,1.494791708,1.554829428,3.24203792,3.23662224,3.01066264,2.89423214,2.86727995,1.147871646,2.283137326,1.96613566,2.11765364,4.15835979,5.930024294,4.487886813999999,4.530970200000001,6.70705032,7.09319672,5.315220548000001,5.492083408000001,8.424811808000001,9.372646807999999,6.930531476000001,7.109724827999999,10.391919848,11.393717648,8.363842607999999,8.719156139999999,15.20157276,16.38714856,12.9887904,13.26867368,16.90603428,17.27793988,13.99916294,14.6385437,15.22613906,12.90398386,7.418943260000002,7.774440600000001,7.458245800000001,7.927475599999999,6.795500760000001,7.82170816,7.789587760000001,8.928239560000002,8.30899316,9.9366694,7.861797,6.69954128,4.951229440000001,5.20206934,7.937988540000001,11.88505814,12.20270006,12.53283956,14.85138866,12.46808006,8.469130500000002,7.722200659999999,8.6883094,5.16849321,2.614163570000001,2.149738890000001,2.21175833,0.56106573,0.464464682,0.355578922,0.598011042,0.343240642,0.431267082,0.39514332,0.39514332,0.08802644000000001,0.08802644000000001,0.0,0,0,0,0,0,0,0,0,0,0,0.0,0.0,0.0
110501>110583,719,719,SFDu,Stratford,EntEx,719,SFDu,Stratford,NR Great Eastern // UP,Enter-Board,636.1394860600003,158.7961398,31.7012542,237.0785603,85.01867652000001,35.00451110000001,88.54034414,15.5400914,17.015985,18.52311304,26.88251104,26.68948724,19.53462244,18.05872884,16.55160080000001,8.192202799999999,3.687682800000001,0.0,0.0,0.0,0.0,0.0,0.0,0.0,3.389603,6.0272956,10.40447,12.3929562,13.8427771,11.56848878,11.04488638,8.61156518,8.23042038,8.081199680000001,9.2359748,9.4508564,9.2219246,8.65623236,9.60583896,8.44787816,8.701502560000002,7.970175760000001,9.826214,10.4549524,12.0886676,10.9199405,11.15121064,10.71577384,9.74761244,8.22069924,8.89081234,9.055375000000002,8.2618214,7.776571000000001,8.3385502,8.5500018,7.908529400000001,7.116888400000001,6.870062000000003,6.6932587,4.78940122,4.9598171,4.698400299999999,4.6238221,3.32698904,3.97331804,3.88886464,3.67246818,2.86206856,3.06378806,2.33188464,1.82753358,1.80777378,1.9067886,1.71921188,1.551756412,3.229283192,2.849800252000001,11.908454252,11.896231712,15.26748028,13.27038708,13.27038708,3.81898908,3.509795,0.0,0.0,0.0,0.0,0.0,0,0,0,0,0,0,0,0,0,0,2.6559266,2.6559266,2.6559266
110501>110584,719,719,SFDu,Stratford,EntEx,719,SFDu,Stratford,NR West Anglia // DN,Enter-Board,4583.398361000003,417.179736,1006.0021356,1329.6669492,1204.4415802,541.7702146,84.3377454,0.0,20.305544,20.305544,20.305544,72.13919800000002,72.13919800000002,105.992354,105.992354,146.547802,94.714148,133.811056,79.65235600000001,108.339234,78.93549339999998,90.1056954,65.9150214,70.451205,48.14690639999999,44.217499,45.165719,36.0062276,40.7037606,42.308772,44.118004,37.1963734,40.1176648,40.7359356,48.1685928,46.62585079999999,56.27583820000001,57.67830360000001,60.06137100000001,53.7937162,57.107611,51.71024780000001,57.88283920000001,58.1929276,59.08918780000001,60.908175,68.30085340000001,64.60941980000001,69.11011459999999,76.89080220000002,102.0743602,104.0781262,111.0877498,136.6006678,118.7711268,102.5330068,103.5299688,122.434686,79.87593000000001,96.791036,96.53999,76.697168,55.50212400000001,66.82013800000001,58.95048199999999,45.21316940000001,56.35909300000001,46.56179900000001,41.973665,42.717997,42.23278360000001,39.9580072,36.96320280000001,34.3712294,29.6486482,26.2749744,20.4492358,15.9703802,11.8324736,6.7652728,3.0454086,0.0,0.0,0.0,0.0,0.0,0.0,0.0,0.0,0.0,0,0,0,0,0,0,0,0,0,0,0.0,0.0,0.0
110501>110589,719,719,SFDu,Stratford,EntEx,719,SFDu,Stratford,LO North London // WB,Enter-Board,6462.687703,316.954331,1333.017625,1962.471467000001,1764.692809,899.8337710000001,185.7177,3.7721104,7.45901,15.4876614,26.2450934,43.6655734,55.705443,73.1194734,91.499966,105.473332,115.007296,122.01199,134.181388,133.036996,127.974962,121.230432,116.615345,100.842553,91.803599,86.11992900000001,78.719803,71.65502000000002,63.087496,58.78014399999999,57.718276,56.640584,58.4853748,63.2539828,66.1456448,67.69172280000001,70.882634,73.59627320000001,77.4604202,79.3083182,83.2127202,87.28615900000001,92.691539,95.45579,96.46797,97.05481600000002,99.672182,98.59210000000002,105.048136,115.26646,127.017704,138.665854,146.318518,155.535064,163.55064,168.06193,162.728954,167.210644,157.631518,145.482832,129.37767,121.217906,108.911279,98.219245,89.84431900000001,86.322707,83.872237,76.634626,79.51531200000002,76.95398320000002,73.8551052,67.2766302,64.47402819999999,55.1356602,47.729918,39.92762020000001,31.6779088,24.4771324,18.491161,15.1240444,13.1871788,13.9933872,11.3861176,8.101331,6.0550446,3.296774,0.0,0.0,0.0,0.0,0,0,0,0,0,0,0,0,0,0,0.0,0.0,0.0
110501>110590,719,719,SFDu,Stratford,EntEx,719,SFDu,Stratford,DLR (Stratford route) // OB,Enter-Board,6037.140358400003,394.5239194,1157.4568438,2068.5786352,1550.6944582,733.659169,132.2273328,18.042894,27.067538,34.25394,45.4734544,52.3628098,58.6541684,72.46380239999998,86.20531240000003,92.077168,100.559024,119.134764,127.419478,133.209428,129.37555,117.3486066,94.3870146,74.120361,57.183001,56.3034006,56.339048,56.27626,56.1766544,61.29872440000001,63.32879080000001,63.47591780000001,63.74668180000001,65.620423,66.617213,69.015039,74.61162320000001,78.5520192,84.6515112,85.03765720000001,85.26248120000002,85.74911000000002,91.916258,91.94511680000002,97.058028,103.640155,111.995001,119.106875,123.8142322,132.514675,137.168188,137.96009,132.8699568,140.5488788,141.1103768,137.7037768,133.8022558,134.398045,126.275585,118.8471098,116.3428358,118.4258548,112.4096928,100.0678242,86.43985479999999,75.71915940000002,61.64194180000001,54.15566320000001,55.64506780000001,58.3621996,55.7087184,52.9979488,49.0213694,46.0582534,37.84116820000001,32.5083732,26.4529774,21.9206992,14.6520662,11.4230946,8.2256341,5.97707908,4.24293392,2.5856546,1.7106642,1.2597223,0.99128232,0.27715168,0.0,0.0,0,0,0,0,0,0,0,0,0,0,0.0,0.0,0.0
110501>110592,719,719,SFDu,Stratford,EntEx,719,SFDu,Stratford,DLR (Stratford Int'l route) // OB,Enter-Board,2762.3944128,193.3648442,333.4659402,848.6934826,747.398747,538.9327988,100.5386,6.6753692,11.055003,16.022453,23.411221,30.7073834,30.7468502,36.21886900000001,38.5276954,39.3536064,40.23923720000001,38.3808804,35.79175979999999,32.214318,27.28986,22.6413808,22.57590960000001,19.1713842,18.074762,17.6432088,20.089633,20.1734994,20.3636202,22.7065238,23.8527064,23.5905264,22.4772696,23.6792192,23.8714082,26.1953054,25.7985328,28.32373380000001,29.6289488,31.99172380000001,31.10231020000001,33.4699736,32.9451904,35.1447514,38.8577214,47.59199539999999,51.57394960000001,62.6532442,66.5867932,64.20843400000001,61.90610140000001,60.14277679999999,56.1799588,58.21102280000001,61.48345200000001,64.8888826,66.11218740000001,63.2072762,61.9130772,60.72492920000001,60.43634920000001,64.34337980000001,69.755455,68.50711280000002,66.58181,56.85830300000001,52.93246100000001,43.5436494,39.0197386,39.2869814,43.2725616,35.8876494,35.4774386,31.5311664,26.0339266,18.390542,16.8299486,13.2767312,10.73455772,8.43998724,7.138612760000001,5.82217496,5.63937636,4.92185824,3.45275652,3.1473164,2.2976878,0.4470502000000001,0.0,0.0,0,0,0,0,0,0,0,0,0,0,0.0,0.0,0.0
110501>110593,719,719,SFDu,Stratford,EntEx,719,SFDu,Stratford,DLR (Stratford Int'l route) // IB,Enter-Board,180.74611705,5.51329705,28.96789622,75.75785953,44.86958766,18.298395874,7.339080716000001,0.0,0.0,0.30810108,0.351555626,0.8801511660000001,0.985685566,1.591750226,1.396053386,2.01481636,2.01187982,2.74616522,2.56953176,3.00631724,2.74913746,2.63457126,2.15124536,2.16250982,1.91627416,2.40224738,2.60320038,3.16366634,2.85502185,3.17526287,2.82618745,2.96704201,2.52065557,2.84797196,2.95000286,3.10030016,3.08407864,3.11992374,3.04663402,2.9063697,2.67249482,2.70988718,2.79474146,3.84445054,3.802768,4.04307738,3.78243014,3.84104814,3.26243132,3.23948196,3.20193142,3.72448358,3.93378544,4.26824094,4.36503974,4.58484526,4.36681214,4.18087922,3.44203176,3.57214736,3.23291196,2.85373152,2.34467874,2.23777992,1.75018032,1.57009348,1.38740036,1.54379152,1.359278500000001,1.36804646,1.38930204,1.37134136,1.41281654,1.53009564,1.378269734,1.363611074,1.283543446,1.056845426,0.917891606,0.907019564,0.5772545600000001,0.4886704080000001,0.353295128,0.213603548,0.107888976,0.06945698,0.0,0.0,0.0,0.0,0,0,0,0,0,0,0,0,0,0,0.0,0.0,0.0
110514>110501,719,719,SFDu,Stratford,Central // EB,719,SFDu,Stratford,EntEx,Alight-Exit,22652.814492,404.4215612,2888.0398048,7057.304821999999,7659.327442000001,3294.692856000001,1349.028006,0.0,0.0,10.7561188,24.6027068,49.2400756,77.1422616,111.9760996,130.7042988,157.7415828,177.3980460000001,197.948354,210.491044,256.02193,283.1054900000001,290.241888,288.963628,294.430472,263.969892,237.290406,230.437072,223.55581,214.627986,212.941776,215.898038,223.530742,230.569544,234.79052,244.06148,260.6800040000001,266.674432,280.4606180000001,294.164074,308.9098860000001,309.95009,312.0182420000001,311.2709220000001,319.147526,317.778166,327.315934,338.6297900000001,372.81323,387.544216,399.73451,450.237286,506.816582,521.77737,573.947354,633.4551339999999,656.0422140000002,696.496582,727.478594,744.0446099999999,730.2198820000001,697.5868220000001,616.410122,555.0521759999998,466.6587,412.161308,350.1191640000001,308.6277700000001,279.296798,257.712816,227.561786,217.791904,208.345514,192.872724,186.980858,186.563514,177.432588,174.852246,171.310794,164.750388,146.787816,133.521595,113.762641,91.8138276,66.116064,48.9354008,31.24707380000001,17.0811538,8.236247200000001,3.1801708,0.0,0,0,0,0,0,0,0,0,0,0,0.0,0.0,0.0
110514>110522,719,719,SFDu,Stratford,Central // EB,719,SFDu,Stratford,Jubilee // NB,Alight-Interchange-Board,1431.984532805,32.7957004,182.5454455,311.2504554,526.7827374000001,284.0100840000001,94.600110105,0.0,0.0,1.3877516,2.3164744,4.9768774,6.763215000000002,8.411775599999999,8.9396064,11.9685066,11.9519458,12.8691606,14.9276744,19.1570272,18.3849034,18.4426813,18.8507647,17.7181801,13.8906237,12.4565753,11.9274024,9.8851157,8.4893485,7.950480900000001,7.532983699999999,7.456933099999999,7.649726940000001,7.73540394,7.64005774,8.226175739999999,7.98873334,8.598703599999999,9.4205584,9.9495364,9.891540800000001,10.4262722,10.8680942,12.154681,14.5259228,16.1584558,17.861269,23.9720098,27.6529672,26.9841168,32.2313678,35.8290066,34.2870946,35.55017,40.9767436,43.1766476,47.356208,52.3742412,55.4147662,54.7050122,49.2177702,42.0043436,35.89073360000001,28.2001712,24.244399,23.071593,22.8182964,22.882542,24.6047668,24.917077,24.96467920000001,24.458797,22.4032252,21.2408514,20.2036858,19.55220120000001,17.3262818,14.95557968,13.28247468,10.07991888,7.235130280000001,5.571858621000001,4.146699741000002,1.593117141,0.8449465410000001,0.011901541,0.0,0.0,0.0,0.0,0,0,0,0,0,0,0,0,0,0,0.0,0.0,0.0
110514>110576,719,719,SFDu,Stratford,Central // EB,719,SFDu,Stratford,Elizabeth Line // EB,Alight-Interchange-Board,8491.062107100002,105.784898,640.1477096000001,1260.257758,4313.059862,1603.239725,568.5721544999999,0.0,0.0,0.6292495200000001,6.07045052,12.50984412,17.22583492,29.41264972,39.9368692,48.4170214,52.25107180000001,62.81386300000001,58.24925500000001,67.61322000000001,65.24133280000001,62.157248,55.810987,56.4868286,41.0082172,35.7638934,34.3347714,31.17464,27.8524502,27.7828208,27.6422496,27.0166258,27.101752,28.1334154,31.0499666,31.2663466,34.68648020000001,38.1507204,41.134906,41.72275479999999,45.98724899999999,47.5888366,50.0149718,53.4130926,59.30931139999999,64.4393402,71.86417360000002,78.53766440000003,90.899958,114.76687,168.721162,189.444194,236.337356,303.825954,333.40197,336.971424,404.773684,412.7014,416.9068100000001,431.81495,452.9141100000001,404.8438620000001,389.124148,323.646536,268.832944,195.663044,156.415118,115.129666,98.801857,84.270987,78.559387,73.277601,70.48278300000003,69.18973199999999,68.97006999999999,66.81393200000001,66.10907080000001,67.30996880000001,71.3406588,63.9930916,58.487765,53.17990820000001,42.8736566,28.5753108,23.1091293,15.2537139,7.759931900000001,3.4230095,0.3430073,0.0,0,0,0,0,0,0,0,0,0,0,0.0,0.0,0.0
110514>110577,719,719,SFDu,Stratford,Central // EB,719,SFDu,Stratford,Elizabeth Line // WB,Alight-Interchange-Board,26.95985659181799,0.8653066,11.3815199168,2.2282288432,11.086744448,1.248653482,0.149403301818,0.0,0.0,0.0,0.016301368,0.09159412199999999,0.17968925,0.28886093,0.28886093,0.618163722,0.647329748,0.99054182,0.97631908,1.5343782,1.32719641,1.50297617,1.207434118,1.1259446012,0.6213253972,0.5317923932,0.2981182572,0.2270976892,0.213638266,0.16019835,0.111308984,0.08230202,0.01755744,0.01755744,0.01755744,0.0321613752,0.0146039352,0.0146039352,0.0146039352,0.0263511204,0.0117471852,0.0117471852,0.0117471852,0.0428184492,0.031071264,0.031071264,0.031071264,0.122268034,0.12179475,0.4002764700000001,0.4630738620000001,0.6505696420000001,0.5786926980000001,0.8260299180000001,0.5699578472,0.7163522152000001,0.5723222372000001,1.1514832512,1.2012473312,1.408034662,1.25359453,1.365137028,0.7933230880000001,0.477274632,0.248077652,0.193326024,0.038317724,0.0169891848,0.005338360800000001,0.0242810088,0.0242810088,0.06274768080000001,0.05740932000000001,0.05977676700000002,0.04083411900000002,0.04259423100000001,0.004127559,0.004127559,0.0140580396,0.0140580396,0.0122979276,0.0189977266,0.0190067457636,0.006708818163599999,0.006708818163599999,0.006708818163599999,9.0191636e-06,0.0,0.0,0.0,0,0,0,0,0,0,0,0,0,0,0.0,0.0,0.0
110514>110582,719,719,SFDu,Stratford,Central // EB,719,SFDu,Stratford,NR Great Eastern // DN,Alight-Interchange-Board,789.1371545660112,3.980912285,28.16776686,283.86010478,210.716343,192.5149027,69.8971249410112,0.0,0.0,0.010624525,0.172491945,0.484745725,0.711265165,1.118101825,1.4836831,1.47776082,1.36502288,1.66917418,1.7343046,1.62860628,1.96444266,2.01060536,1.91835272,3.49023484,3.3491701,3.02665218,4.53344024,6.34675054,4.60613802,5.170214720000001,7.57623792,8.05923592,6.1275928,6.67498952,9.59330208,9.73139088,7.799082180000001,8.2885933,11.7193347,11.4160503,9.4642147,10.1900383,14.1517031,14.5093889,12.01941582,13.22646622,19.36931072,22.06422232,20.94203412,21.9753534,22.8390443,19.0928349,16.0359261,14.6784019,17.6524107,17.1667842,16.6604896,17.65051960000001,18.8784964,17.3560498,19.704022,19.3349078,16.5055,14.65394,14.0043758,11.8232431,14.5915397,17.8049459,18.02283790000001,16.3255939,18.6579888,19.1990556,14.8035616,14.2704648,18.3573556,14.5325312,9.68386354,9.034544040000002,8.98245104,3.93891244,3.62419616,2.61329466820224,4.56354496820224,3.395077768202241,3.54631234820224,2.839963828202241,2.83996378,0.15123458,0.15123458,0.0,0,0,0,0,0,0,0,0,0,0,0.0,0.0,0.0
110514>110583,719,719,SFDu,Stratford,Central // EB,719,SFDu,Stratford,NR Great Eastern // UP,Alight-Interchange-Board,28.77355116928,0.0563795954,0.0624719428,4.11975385539,6.317887564,2.4954298401,15.72162837159,0.0,0.0,0.0019808494,0.0054080994,0.009136861999999999,0.013944878,0.013944878,0.0119640286,0.008536778600000001,0.004808016,0.0,0.0,0.0,0.0,0.0,0.0,0.0,0.006684345,0.0170900776,0.0253527256,0.0291745732,0.0313650416,0.0749377966,0.06636976019999999,0.05927117406000001,0.12926276646,0.14275991726,0.09313124386,0.16905389766,0.2922040238,0.3090719758,0.3560502366,0.4185555300000001,0.34091325696,0.2167464398,0.1608933978,0.098338067268,0.035263253822,0.07849941486200003,0.07842106625800001,0.116441710258,0.18548474079,0.235710934236,0.4018336362360001,0.49111619,0.4460651900000001,0.409203538,0.433379266,0.380037706,0.41437539,0.4913662760000001,0.5985212879999999,0.6561294879999999,0.681971248,0.6599128479999999,0.655809136,0.55088371,0.4506974719999999,0.26931608434,0.16921454434,0.1621267283400001,0.15447060634,0.14290035434,0.1441407804,0.14333929966,0.08633311966000001,0.12110312766,0.10090401302,0.12429185862,0.33288681936,0.29629564736,0.2346946363380001,2.897806012978,3.067247634978,2.857924834978,2.857924834978,2.857890446,0.1946656460000001,0.0,0.0,0.0,0.0,0.0,0,0,0,0,0,0,0,0,0,0,0.0,0.0,0.0
110514>110584,719,719,SFDu,Stratford,Central // EB,719,SFDu,Stratford,NR West Anglia // DN,Alight-Interchange-Board,1057.011914915999,57.491277613,292.707783703,266.3508403000001,267.862522,141.93971504,30.65977626,0.0,0.0,0.0,0.0015833678,8.862724567799999,8.890795771799999,19.8458303718,19.8903435338,33.601994166,24.7502399614,35.5464095574,24.6752082114,36.38669704940001,27.08358504940001,28.933566854,21.087690654,23.7153988,14.064206,11.325106,11.5376814,11.5551524,11.0064128,10.021607,9.6187093,8.9922085,7.8017561,7.295533900000001,7.6145969,8.5543776,8.656836199999999,9.0285482,9.145163,10.4281662,10.5922576,10.8592982,11.3949928,12.249905,12.8606464,12.8020346,13.7910916,13.354247,14.867908,14.6581518,19.2012392,21.1193366,23.3600472,25.5964516,22.4733968,23.2076728,22.9036896,26.9031264,20.5249544,26.2799028,22.3991424,17.98102860000001,15.1137728,17.6506118,15.3139586,13.7181254,15.8410948,12.6286772,12.6207388,10.63088952,10.21975572,9.32056218,8.95691178,7.521189380000001,7.517199860000003,6.720566580000002,7.853023920000001,5.780255120000001,4.687076920000001,3.26262052,2.3562332,0.0,0.0,0.0,0.0,0.0,0.0,0.0,0.0,0.0,0,0,0,0,0,0,0,0,0,0,0.0,0.0,0.0
110514>110589,719,719,SFDu,Stratford,Central // EB,719,SFDu,Stratford,LO North London // WB,Alight-Interchange-Board,1205.542933500001,47.27798930000001,253.44616384,310.85434416,335.7787644,207.11019384,51.07547796,0.0,0.0,0.75787162,2.52240622,7.28809622,10.20940202,12.82461622,13.675597,17.4201348,15.6065106,19.3917158,22.0894596,25.3069034,25.3833076,28.4644758,24.4304965,21.9052365,21.1323623,18.6109489,13.70461204,13.49029294,12.62514474,10.03114818,9.67505018,10.39328384,9.70518024,9.79467384,11.447868,11.3528702,12.2104812,12.0209522,12.2174022,11.3888168,11.5707788,11.085797,12.4841472,13.676741,14.78952460000001,13.6934972,15.6809656,17.0613116,16.2665676,18.05955,20.132299,22.0053294,21.0694624,26.6286232,27.4178384,29.9770456,29.97891480000001,32.2158774,29.5820494,32.341872,29.7252346,28.9520634,25.8844538,25.5599402,18.7419541,22.06309330000001,20.9421255,21.8666915,18.8814357,19.4604842,13.5546225,14.2049701,11.43180618,10.70622378,9.69684678,11.02123408,7.08842054,7.101950320000001,6.572081920000001,5.780839060000001,4.043374780000002,3.50254066,2.7448466,1.7783908,1.07911026,0.36268894,0.0,0.0,0.0,0.0,0,0,0,0,0,0,0,0,0,0,0.0,0.0,0.0
110514>110590,719,719,SFDu,Stratford,Central // EB,719,SFDu,Stratford,DLR (Stratford route) // OB,Alight-Interchange-Board,1817.04272085,57.37591780000001,188.28676584,390.1772762599999,668.6881574,374.4004468000001,138.11415675,0.0,0.0,3.1652214,7.7881268,8.6039132,10.6849774,13.9724842,13.1611948,11.6332542,12.468103,12.9309404,14.1028872,18.6185062,20.6298676,22.8464688,22.4048616,19.9408644,14.07277348,10.35216868,8.28607028,7.298575,6.972509599999999,7.900365320000001,8.67629292,8.87007552,10.0232514,10.3733286,11.2502874,12.4684212,13.266877,13.817584,14.7707833,15.7021063,15.1093741,15.4276453,16.5727459,17.932051,17.5685084,18.8017252,22.06940680000001,26.081333,28.3135584,32.5783874,38.33208320000001,41.74058400000001,39.94711780000001,44.39067120000001,51.3769032,52.6466046,56.3243416,59.258777,59.595273,55.7346818,69.0766732,68.318239,70.27829100000001,66.26799820000001,60.40614720000001,39.0703024,29.58392160000001,22.749412,18.630031,17.329374,19.1470168,22.0390544,24.9705164,26.660813,27.5458598,24.9635466,23.338213,19.1569328,17.399799,13.71266812,13.75054272,9.47173532,7.154803760000003,4.085492070000001,3.285559350000001,0.96254395,0.7538953500000001,0.07842471000000001,0.0,0.0,0,0,0,0,0,0,0,0,0,0,0.0,0.0,0.0
110514>110592,719,719,SFDu,Stratford,Central // EB,719,SFDu,Stratford,DLR (Stratford Int'l route) // OB,Alight-Interchange-Board,1489.7003574,48.7133638,181.71925236,382.57032714,483.9562582000001,282.6182666,110.1228893,0.0,0.0,3.594297000000001,5.2233026,6.3614544,8.4645174,11.749763,13.3200294,16.2632712,17.6235186,18.9441152,18.4425628,19.0642386,18.3809866,18.5511212,16.2796454,14.77704474,9.76263974,7.209766540000001,6.420341740000001,7.70674434,8.0546672,10.246135,10.815105,11.9232436,11.1826854,12.5140142,11.9921608,14.285085,13.217027,15.1976594,15.1102716,17.6168486,15.8244066,18.0825092,17.5406142,19.62951420000001,17.7132682,17.9773548,18.2078148,22.1452572,23.0067292,23.7382506,28.84296100000001,32.6740478,30.7766144,31.3585144,36.7914194,41.307203,45.388553,45.0769078,48.3577786,47.9136432,42.48695720000001,40.69249420000001,41.1321252,37.2158,32.7657744,30.493688,22.8695034,23.2581902,19.0938476,20.254292,18.5271178,21.0564076,17.8829016,20.757902,18.442842,20.171705,16.6136696,18.337304,15.4967918,12.7407767,8.812421059999998,7.7834938,4.014789739999999,2.37487014,1.98345584,1.31874008,0.47487154,0.0,0.0,0.0,0,0,0,0,0,0,0,0,0,0,0.0,0.0,0.0
110514>110593,719,719,SFDu,Stratford,Central // EB,719,SFDu,Stratford,DLR (Stratford Int'l route) // IB,Alight-Interchange-Board,1039.3551885,13.94958394,71.27901037999999,249.37498468,311.4201548,247.7757188,145.5557359,0.0,0.0,0.6340815000000001,0.93827184,1.43807792,2.19950928,3.94212168,4.79752172,5.76884098,7.0031365,7.47943074,6.7052564,7.31898726,7.21583798,6.132402340000001,5.90275026,5.680409759999999,4.08050632,3.7953236,4.19612824,4.97307192,5.47633406,6.783416099999999,6.972946620000001,7.734101420000001,6.691828660000001,7.52588136,6.785955820000001,8.373066900000001,7.6207477,9.57791566,8.98329106,10.7785376,10.0609514,12.4444058,11.27220746,13.07002466,12.66911386,14.89368506,13.14085066,15.4352218,14.8422413,16.0410821,17.2281057,18.66290110000001,20.1563649,22.50635440000001,22.16090580000001,22.7853266,28.2794544,29.6651774,31.5821148,33.6385732,32.10184719999999,25.761054,24.120081,22.3320698,19.9321714,19.5466444,21.1100302,19.39284260000001,16.5627334,19.8875642,19.27510860000001,21.5011874,20.9721368,24.9659526,22.29727740000001,25.62302,21.9144662,23.31036820000001,17.78743888,18.12063668,12.91404328,10.93209382,6.72213102,5.90881354,1.94470674,0.37801754,0.0,0.0,0.0,0.0,0,0,0,0,0,0,0,0,0,0,0.0,0.0,0.0
110515>110501,719,719,SFDu,Stratford,Central // WB,719,SFDu,Stratford,EntEx,Alight-Exit,6831.458110800002,394.727945,1841.041394,2779.4137934,1376.0408208,374.7751757999999,65.4589818,8.977906800000003,19.6718828,30.402862,40.8348306,54.5579346,67.7639238,80.05539580000001,92.46320859999999,111.01478,125.431916,139.809064,157.31789,169.23702,172.228056,175.648216,168.456526,158.562246,158.15922,154.702584,150.473876,149.504946,144.9993,130.541015,125.284457,125.634345,124.193409,120.566171,122.664512,124.043496,123.813456,119.805448,119.668233,119.9680518,116.8624558,109.1481038,105.5462778,103.6085668,102.025714,94.781778,93.588998,96.714176,97.2437708,99.07484079999999,110.1322718,117.9747198,122.4538078,127.564427,128.221733,130.181946,131.091424,123.120474,119.1041008,115.2413068,100.1035788,85.1599228,75.82338,62.7292386,51.31787620000001,44.9269778,37.9203866,34.4571854,29.3839432,24.1796364,22.2358068,19.671548,16.9260676,15.763946,15.2625632,13.7626418,12.1179349,9.8189715,7.921231499999998,6.2987473,4.803945700000001,4.05884066,2.92005846,2.13127886,1.23331506,0.39201606,0.0,0.0,0.0,0.0,0,0,0,0,0,0,0,0,0,0,0.0,0.0,0.0
110515>110522,719,719,SFDu,Stratford,Central // WB,719,SFDu,Stratford,Jubilee // NB,Alight-Interchange-Board,6799.0365391,980.5484280000001,3194.52224,1416.15611,847.6668176,290.9167372,69.22620629999999,9.580878,45.207124,71.48691,97.69323,145.13887,180.895336,201.62323,228.92285,272.70093,272.37865,291.8281520000001,318.602812,341.4712820000001,329.801774,331.092498,305.5452,250.831506,197.53018,157.185,125.554256,99.499746,84.48938199999999,71.622354,67.644266,64.832718,62.252298,60.306403,62.75743360000001,61.11104880000001,58.29793280000001,58.2143568,58.59007980000001,56.53852800000001,53.8969628,52.45090580000001,52.69423580000001,52.42711720000001,49.1940804,46.42604780000001,47.9588468,46.7054188,44.22273679999999,46.3542242,57.6689868,57.8911328,66.0236068,76.3883594,84.23853000000001,81.41944799999997,83.92852400000002,78.6956728,74.72240959999999,71.39138360000003,63.9722022,57.53340179999999,51.4621466,42.3362298,32.753969,30.5920748,28.6991868,26.89830920000001,24.188168,23.31964500000001,20.9334074,18.03535350000001,15.5730935,14.4917341,13.0955661,12.2170115,10.5761969,10.6912861,9.12898916,7.919069500000001,6.2548545,5.438834620000002,3.24757142,2.25102696,1.21130242,0.29006322,0.0,0.0,0.0,0.0,0,0,0,0,0,0,0,0,0,0,0.0,0.0,0.0
110515>110576,719,719,SFDu,Stratford,Central // WB,719,SFDu,Stratford,Elizabeth Line // EB,Alight-Interchange-Board,1158.3968997,55.5829345,282.70209958,251.10218472,392.5970934,140.47019928,35.94238822000001,1.03607312,2.13434078,3.64189998,5.645069380000002,7.139875780000001,9.35145266,11.8538942,14.7803286,18.466567,23.5989876,27.3879796,30.63952440000001,32.8344524,31.4396532,29.1068242,25.6189478,20.6674162,16.8718959,14.15610524,11.91374604,9.56973794,9.52767954,7.895697500000001,8.16785396,7.81451456,9.27946746,8.57382374,9.35577428,9.23105788,10.11086648,9.03240348,9.8286774,9.488494,9.669048599999998,8.7790534,9.241412,9.240108,9.6110293,9.477469900000001,11.1901285,11.8932437,13.9322199,17.5277082,22.664715,25.4417418,30.3955926,34.5568662,35.1475876,37.5079336,38.6066642,35.83660159999999,35.61256160000001,34.8780416,31.0306098,27.6406606,25.9422322,20.597448,17.61579,14.9098988,13.7593822,12.5636418,12.1772741,10.96792336,9.60050026,8.15953754,7.2855298,6.20000084,6.63327258,6.56729368,6.1110823,5.703285340000001,5.4721838,4.06354102,3.010528359999999,2.30631474,1.54177884,0.6653612400000001,0.36594362,0.13507528,0.0,0.0,0.0,0.0,0,0,0,0,0,0,0,0,0,0,0.0,0.0,0.0
110515>110577,719,719,SFDu,Stratford,Central // WB,719,SFDu,Stratford,Elizabeth Line // WB,Alight-Interchange-Board,4470.23224391,580.884591,2136.4636002,973.3532396,566.364299,180.3086553,32.85785881000001,4.589286799999999,19.7951348,39.3032588,50.8154734,91.96800340000001,111.1282926,127.2385026,136.0466386,162.598568,162.439874,176.200472,219.550002,227.615028,234.328334,229.428664,223.45789,157.3367494,145.2397484,111.4951994,86.77307100000002,64.646807,65.67931879999999,50.09946880000001,47.19148180000001,45.3390212,44.31347720000001,42.559718,44.3878026,44.333201,42.3872454,41.7693314,41.2822688,39.51846560000001,37.3294616,36.5475912,34.4427836,33.7821672,29.892362,28.2321976,31.2602986,31.2375268,27.69808620000001,31.52978300000001,37.8933742,36.5038922,42.15289840000001,50.791042,51.3548092,55.64691879999999,56.8336394,55.3529594,53.67736740000001,52.13645780000001,41.4562018,37.8405082,32.6176044,25.15488,20.5272182,19.0154252,16.0619068,14.681245,14.7710426,14.0944524,13.3726376,12.6559662,10.7336405,9.756818699999998,9.483422100000002,8.990706020000003,6.834510812,6.072928492000001,4.743926192,2.65882822,1.33224366,1.17225637,0.64930519,0.22942409,0.158705062,0.015024702,0.0,0.0,0.0,0.0,0,0,0,0,0,0,0,0,0,0,0.0,0.0,0.0
110515>110582,719,719,SFDu,Stratford,Central // WB,719,SFDu,Stratford,NR Great Eastern // DN,Alight-Interchange-Board,105.9906449308067,5.48970915849152,16.757809138,46.82436836500001,19.79235088,13.324527974,3.8018794153152,0.3268096600000001,0.326809739298304,0.465734499298304,0.6650001692983041,0.7089580372983041,0.5824744572983039,1.130581978,1.283340618,1.440218928,1.51738604,1.88843624,1.58122164,1.59980354,1.324428216,1.564254416,1.098007866,1.212512046,0.968712526,1.15134623,1.41148145,1.78988988,1.46691025,1.46652449,1.97560673,1.99427629,1.53814645,1.6346407,2.06011722,1.98723398,1.367234291,1.522892871,1.824709371,1.811423631,1.188195437,1.211021562,2.125700662,2.434528162,2.074338862,2.085153404,2.702322948,2.836593028,2.281481298000001,2.551485918,2.89394093,2.51895177,1.78380529,1.8406227,1.70294094,1.60354074,1.43225646,1.5384574,1.69256252,1.65783258,1.43263928,1.50911058,1.07963062,0.8079832120000001,0.6779788320000001,0.7401620720000001,1.031577372,1.400358632,1.35880793,1.34310789,1.58242317,1.28072844,0.7973122279999999,0.884611438,1.419476758,1.01305644678,0.8334804767780001,0.8310870227780001,0.661689819918,0.05685486704304001,0.05676577708304,0.11508885308504,0.05852667908504,0.05845618194504,0.05845581482000001,0.058417476,0.0,0.0,0.0,0.0,0,0,0,0,0,0,0,0,0,0,0.0,0.0,0.0
110515>110583,719,719,SFDu,Stratford,Central // WB,719,SFDu,Stratford,NR Great Eastern // UP,Alight-Interchange-Board,33.85466407181598,8.417239591000001,5.48078848,15.51552143772,3.963100315142001,0.475639594846,0.002374653108,0.023709478,0.0295492762,0.1687340262,0.3638956662,1.1615889262,2.2735421882,2.26770239,2.12851764,1.933356,1.13566274,0.0,0.0,0.0,0.0,0.0,0.0,0.0,0.52573576,0.7475124200000001,1.13852156,1.35198416,1.542107288,1.0822049,0.8852994279999998,0.917567008,0.8292938080000001,0.72960248,0.7385401079999999,0.8172181740000001,0.649113794,0.567190274,0.4801522786,0.4537848186,0.4421009246000001,0.3379670446,0.5553219446000001,0.5545594088,0.6168965688,0.6310853608,0.5399964888000001,0.2808594142,0.27949767712,0.16937951492,0.06379857128000001,0.12757810328,0.3226796778800001,0.38785286216,0.50157856436,0.6176994160000001,0.590618166,0.39425711944,0.39021618744,0.27607746394,0.1595809212540001,0.06327551341400002,0.131686319974,0.107931879974,0.107948757334,0.107946499488,0.107720889108,0.039349872428,0.0008462122479999999,0.0007423382279999999,0.0007226336139999999,0.000745947274,0.000612442782,0.0005689421019999999,0.000503180266,0.0005541225220000001,0.0004529136560000001,0.0003300672852,0.0002941741752,0.0002513860532,0.0001626766052000001,0.0001237200312,0.000116047574,5.175754400000001e-05,3.778766200000001e-05,0.0,0.0,0.0,0.0,0.0,0,0,0,0,0,0,0,0,0,0,0.0,0.0,0.0
110515>110584,719,719,SFDu,Stratford,Central // WB,719,SFDu,Stratford,NR West Anglia // DN,Alight-Interchange-Board,756.5624021600001,85.16713252000001,400.68526432,131.9878196,100.57175124,33.895997348,4.254437132000001,0.013731524,0.9384875840000001,1.317716384,1.317716384,12.84764718400001,14.85240426,26.4171868,27.4622424,47.64598640000001,40.29691620000001,51.56570560000001,41.9236872,54.89600279999999,39.833742,37.87982080000001,26.6357136,26.4699386,14.0087818,10.1884382,9.34053112,8.83595952,7.39696362,5.86614236,6.60805556,7.01514864,6.02389636,5.29806662,5.30573892,4.83676898,3.69287352,3.65532302,4.59784198,5.44149162,4.471103820000002,4.67598396,5.17811494,4.511562100000001,4.05242708,4.78939508,5.057040000000002,5.961297599999999,5.89180064,6.21355286,6.611270800000002,7.625587800000003,7.052426800000001,8.446338480000001,7.3277774,9.5767844,11.311215,11.2755013,9.1582009,11.5028721,8.39246536,4.52896276,4.37361894,4.83821788,3.30422448,3.29118482,3.77809778,3.19094624,3.68366256,3.334622920000001,2.7311062,2.344164028,1.879814588,0.957456144,0.5624997079999999,0.582180928,0.91849164,0.8180261400000001,0.7830693240000001,0.7163876,0.4362815,0.0,0.0,0.0,0.0,0.0,0.0,0.0,0.0,0.0,0,0,0,0,0,0,0,0,0,0,0.0,0.0,0.0
110515>110589,719,719,SFDu,Stratford,Central // WB,719,SFDu,Stratford,LO North London // WB,Alight-Interchange-Board,2043.51669343,214.6906073,1046.6789454,431.5115733,242.2162296,87.26530048000002,21.15403735,1.5908678,3.06374474,7.03861354,14.73751114,28.30189914,38.95214134,55.84196120000001,65.16386840000001,81.2565488,83.36445280000002,100.0201388,107.003261,119.752565,112.053809,114.199851,95.191237,80.54670279999998,60.9414042,52.4660182,39.8829568,34.7997988,28.115299,24.2514508,19.58495700000001,18.0950374,17.0028858,15.606898,16.082863,16.7835176,16.3766092,16.3225088,17.6318932,17.66331450000001,17.5722161,16.9519471,16.7671741,15.7059989,15.7368486,14.5245822,14.4712396,14.3712546,14.5237388,15.4579044,17.1116358,19.6172714,21.3833354,22.9400938,23.2579588,24.2776202,23.4521768,22.0907522,20.5892408,19.697109,16.7973654,15.0193894,13.0939164,12.342942,10.6220788,10.13498,8.895782,8.272603400000001,7.2677003,6.204989240000002,5.485247840000001,5.164906920000001,4.61575672,3.9380057,4.32030756,4.151511220000002,3.52228756,3.17332856,2.832779,2.07612124,1.6671933,1.387531566,1.055638966,0.753079446,0.435941606,0.098624886,0.0,0.0,0.0,0.0,0,0,0,0,0,0,0,0,0,0,0.0,0.0,0.0
110515>110590,719,719,SFDu,Stratford,Central // WB,719,SFDu,Stratford,DLR (Stratford route) // OB,Alight-Interchange-Board,3184.010917799999,494.6970462,1538.3684332,644.1633464000001,380.6093054,92.74879758000002,33.42398901999999,10.8449074,23.7875054,33.07177539999999,48.2959614,67.59047740000001,87.46537200000002,105.451744,118.1893032,135.7666712,142.5671892,144.4409032,153.9373912,171.16263,164.2804,158.313632,143.198885,115.722353,87.30821040000002,67.414916,54.255252,43.9795302,36.46424800000001,30.57888580000001,31.0439848,29.5665816,27.4843822,27.0961878,27.6721518,26.223886,25.6771204,25.3227402,25.7544126,24.8706014,24.176666,23.4576704,23.3013636,20.830702,19.0997666,19.063306,20.444255,22.5537782,25.3053002,30.6100182,33.58580740000001,34.9682156,36.1115456,38.5622006,37.86014540000001,37.33201339999999,36.88046060000001,33.996632,32.0397962,29.0094116,24.474397,20.9873908,18.3870966,13.6339674,10.18404874,9.42256274,8.27888214,7.85253654,7.54402194,7.4468307,6.8894465,6.1991237,5.1671721,5.04861704,5.08158804,5.01801584,4.869131920000001,4.91200692,4.30407874,4.13067728,3.70642134,2.7468008,1.7833318,1.31965744,0.526139,0.10772794,0.0,0.0,0.0,0.0,0,0,0,0,0,0,0,0,0,0,0.0,0.0,0.0
110515>110592,719,719,SFDu,Stratford,Central // WB,719,SFDu,Stratford,DLR (Stratford Int'l route) // OB,Alight-Interchange-Board,1329.78057403,344.0444786,469.31123358,197.07373732,208.0769658,88.5144224,22.75973633,5.839713000000001,11.8409696,29.5703816,35.49175220000001,53.5835292,65.35387220000001,73.72872640000001,68.63553440000001,74.288893,65.7422546,55.2754826,49.50398180000001,43.58314780000001,39.1861942,34.1975932,30.856352,25.7349424,21.7790412,16.09638232,13.06696846,11.70213526,10.21235066,9.31700666,8.91887986,8.863843020000003,7.75246368,6.937148479999999,6.04984288,6.30503976,6.115044760000001,6.3869137,6.3131633,6.30946558,6.06733618,6.242249880000001,5.760119599999999,6.369688600000001,6.889753720000002,7.36098618,8.151697980000002,10.35765646,11.63067906,12.93733806,14.122934,16.42306120000001,16.9627002,18.05775,19.1353238,21.0675908,19.6318534,17.8195266,17.4130802,17.2233904,15.2257614,14.83403740000001,14.2828904,12.239821,10.2742544,9.2639898,7.85782788,8.04448888,7.57554708,6.875371880000001,6.21774658,6.08830504,5.0273579,4.792229760000001,4.2574822,4.064683100000001,3.054071494,3.060200134,2.752063054,2.621776834,1.864489566,2.103777292,1.474242192,0.8539734120000001,0.497003392,0.41345586,0.0,0.0,0.0,0.0,0,0,0,0,0,0,0,0,0,0,0.0,0.0,0.0
110515>110593,719,719,SFDu,Stratford,Central // WB,719,SFDu,Stratford,DLR (Stratford Int'l route) // IB,Alight-Interchange-Board,131.1407470752612,10.35719394,44.28244098,43.47632666,19.692484596,10.355798128,2.9765027712612,0.0,0.0,0.0,0.8464002600000001,1.33673326,1.8132179,2.90754364,3.45329888,4.76324082,5.22079552,5.63843268,5.09036834,5.489633199999999,3.6523572,3.11463038,2.41201802,2.24613194,2.16849524,2.21381308,2.27252456,2.90248338,2.82410954,2.30284922,2.18449176,2.259324,1.87584988,1.89187236,1.79052364,1.90061588,1.69294224,1.76302458,1.84331112,1.784607274,1.502021364,1.333928424,1.073235584,0.8904993240000001,1.02355179,1.48403396,1.389351468,1.399170528,2.033060488,2.096625368,2.234843488000001,2.3628793,2.32748084,1.71235346,1.51566994,1.29661154,1.47023688,1.53426984,1.62329832,1.87030242,1.50185538,1.318979108,1.158547568,1.136541008,0.896541468,0.9426518759999999,0.938299248,0.910512662,0.8233956420000001,0.7479535820000001,0.801543314,0.7686819340000001,0.9486893,0.7344475800000001,0.7065405140000001,0.6261464140000002,0.5544449440000001,0.335109594,0.381902868,0.305120574,0.277522714,0.19439814905224,0.13610705905224,0.08931378505224001,0.07643630505224001,3.6505224e-07,0.0,0.0,0.0,0.0,0,0,0,0,0,0,0,0,0,0,0.0,0.0,0.0
110523>110501,719,719,SFDu,Stratford,Jubilee // SB,719,SFDu,Stratford,EntEx,Alight-Exit,14861.89359300001,429.506677,2572.390705,4841.788782,4944.308492000001,1491.2569454,582.6419916000002,3.1400296,19.7654716,27.719873,41.31566100000001,61.06368200000001,75.3656824,84.7200124,116.416265,138.762789,162.953394,196.163302,230.188444,247.786544,263.4147820000001,265.821908,256.14661,232.568282,211.50199,193.069096,174.013564,160.783658,145.61932,134.489664,130.439734,139.655998,151.04595,167.072512,182.783394,200.368736,211.51137,218.56728,225.911268,234.95064,232.110808,227.054592,224.17619,229.247334,221.9068380000001,208.14502,214.619494,227.803896,234.021354,255.77513,263.728602,290.374202,294.935634,335.843994,369.603088,446.1211060000001,482.314758,534.0034700000001,525.710136,511.802426,458.099966,386.234564,309.265148,250.112698,190.916904,154.136998,134.792435,121.827605,111.029077,103.735787,97.3953622,91.2371332,82.37879000000001,78.284832,75.409324,71.5712748,69.59051219999999,65.94996280000001,61.2847118,54.7770558,47.2813594,39.817128,35.4273762,31.471362,28.4663492,26.4174242,21.3239842,15.3981346,9.527909800000002,4.337446599999999,0,0,0,0,0,0,0,0,0,0,0.0,0.0,0.0
110523>110514,719,719,SFDu,Stratford,Jubilee // SB,719,SFDu,Stratford,Central // EB,Alight-Interchange-Board,4705.1313862,83.1764014,511.4861746,806.7313830000002,2299.9436696,769.2958498000003,234.4979078,0.0,0.80454568,2.14958744,5.00090404,8.70919524,14.52472604,21.90478496,30.082658,34.885749,44.3662838,50.645208,56.01759740000001,58.4451346,58.525713,51.69441339999999,45.7316768,37.043482,28.3522836,25.0095804,20.7690526,18.6409132,16.5019114,16.6449474,14.88197480000001,16.62141960000001,16.8382226,18.7366376,19.873081,22.277141,22.898541,24.3918034,25.7732258,28.5451628,29.27933,31.7286258,33.4980614,36.97645540000001,38.4666514,42.2107114,48.7620422,57.4945522,64.67737140000001,77.10037620000001,83.91222400000002,100.759548,114.515586,147.352774,182.1110072,221.127682,239.877208,263.403304,252.635066,234.582322,209.565196,184.2593752,149.7546012,126.8746284,101.0760364,83.1796628,70.44710160000002,61.51948660000001,55.41641500000001,52.1397424,47.99815400000001,46.4911736,43.38859120000001,41.4158776,39.34898020000001,36.8877626,32.0966092,30.6289632,26.7184072,24.0559762,20.9566942,17.64102032000001,14.28573472,11.6856166,8.0523304,5.327798,3.90466768,1.76484668,0.4914808,0.0,0,0,0,0,0,0,0,0,0,0,0.0,0.0,0.0
110523>110515,719,719,SFDu,Stratford,Jubilee // SB,719,SFDu,Stratford,Central // WB,Alight-Interchange-Board,974.1184816299999,31.5588423,381.7986446,231.825372,228.3990913,73.07047263999999,27.46605879000001,1.04343548,1.46419554,1.80895724,2.14102742,4.16479222,4.29158454,6.65486308,9.98998678,12.7170834,16.2813626,21.7975338,32.7106952,38.83083120000001,45.91582440000001,47.9291598,49.1005668,38.423756,32.212141,25.8928262,19.98686420000001,14.2990514,12.75121946,10.0723768,7.409038199999999,7.747268400000001,7.704943400000001,8.297695740000002,9.342509199999999,10.5961778,10.2663548,9.7337704,9.2737306,9.188462,8.4216384,8.591116,8.6029078,8.6828684,8.34858494,7.893315200000001,8.827571200000003,10.1409669,11.0953033,12.04351876,12.4949829,11.9765907,11.791201,14.6413002,19.0710816,22.734498,25.52812,27.1258952,25.72699,21.7948022,18.8977044,15.5649398,13.5459682,10.406027,8.69402568,7.200021280000001,6.46369084,5.3313452,5.3373685,5.20990242,5.208117819999999,5.20868306,4.77382444,4.6273374,4.610129000000001,4.85948336,4.372855260000001,4.241010080000001,3.99908808,3.1498464,2.39113034,1.914327446,1.299691686,0.7312578260000001,0.4565411060000001,0.05082720600000001,0.0,0.0,0.0,0.0,0,0,0,0,0,0,0,0,0,0,0.0,0.0,0.0
110523>110576,719,719,SFDu,Stratford,Jubilee // SB,719,SFDu,Stratford,Elizabeth Line // EB,Alight-Interchange-Board,3865.2821036,67.8829705,347.93997128,686.2139912200001,2012.712158,564.3087138000001,186.2242988,0.44429812,2.43971092,4.974233920000001,5.86397638,8.581443380000001,12.29057926,14.40831306,18.88041546,23.28730340000001,26.8526332,32.5874102,39.7100432,40.4929624,41.4725034,38.4162832,33.2237234,23.657121,19.74927000000001,14.78441834,13.70629954,11.47102854,11.44298874,9.22127834,9.585398199999998,10.7469548,12.7728704,14.616111,17.3336986,20.14348840000001,22.427826,22.9873142,24.9813496,26.2574024,28.48568,29.3045276,32.2791004,33.014901,37.67822340000001,34.88165780000001,38.1450942,39.71809340000001,51.76728420000001,68.39812620000001,78.55359380000002,98.2391498,107.8479818,126.130509,141.828089,171.797656,184.343364,213.408018,221.12466,224.641448,206.100688,175.0404786,142.2101158,107.8771332,71.51043920000002,56.17936260000001,55.555484,45.9749156,44.019903,39.7584704,35.8010938,30.5064956,28.5994954,24.819393,23.706528,21.4680098,20.14906,19.7326366,20.495946,18.7425744,16.6065694,14.1872454,13.2505592,10.1884496,9.883261,8.045021400000001,6.8540814,4.2582804,2.3626042,0.0,0,0,0,0,0,0,0,0,0,0,0.0,0.0,0.0
110523>110577,719,719,SFDu,Stratford,Jubilee // SB,719,SFDu,Stratford,Elizabeth Line // WB,Alight-Interchange-Board,796.4250354309999,68.117895245,392.2452494,169.02785048,124.77799662,34.377709935,7.878333751,0.001718829,0.001718829,4.090653829,7.035814229,11.004039029,12.5090497,17.37488530000001,16.1000155,20.5234937,20.7219125,30.798641,33.2187994,43.3248662,44.80672360000001,47.947965,43.7909078,39.6136004,29.1135842,22.1806915,16.2040641,10.1770871,8.878886099999997,8.1603755,7.242706199999999,7.658174799999999,7.257963200000002,8.260281800000001,7.23051426,8.24729826,7.368452599999999,9.1137982,7.129655800000001,8.72489574,7.24866884,8.9179245,6.956375940000001,8.47476094,6.671034880000001,7.14936492,4.864502660000001,4.70916582,2.85865914,3.343161,2.38414228,4.13101994,3.880862000000001,7.165590480000001,7.999075480000001,11.58593146,11.51254186,15.2856504,14.1855684,14.7351264,13.0970584,12.2471418,8.95243,6.679723719999998,4.73834562,2.7359177866,1.7821386466,1.8575390466,1.6054653066,2.4618532666,2.64557176,3.28475514,2.442747534,2.656674034,1.486978074,1.404606754,0.747039764,0.6645979893999999,0.3797227534,0.3192726606,0.2535818706,0.2101709066,0.8864725272,0.8010146831999999,0.7852544760000001,0.7434355260000001,0.6831638400000001,0.0,0.0,0.0,0,0,0,0,0,0,0,0,0,0,0.0,0.0,0.0
110523>110582,719,719,SFDu,Stratford,Jubilee // SB,719,SFDu,Stratford,NR Great Eastern // DN,Alight-Interchange-Board,476.283406494,2.048125978,22.359588834,148.529024162,187.4224335,94.60859952,21.3156345,0.005304408,0.02840581080000001,0.02840581080000001,0.1929832228,0.2191269228,0.3338883228,0.48718016,0.75283132,1.177795868,1.195235478,1.40517053,1.371444202,1.660607182,1.513063462,1.683601832,1.678553732,2.95662446,2.51799546,2.170089554,3.029407074,4.095717794,2.820960882,2.831983702,3.415792768000001,3.338595708,2.197614888,2.30737066,3.873799500000001,5.027950300000001,4.642420560000001,4.94342316,6.40520406,6.944533060000001,5.67548398,5.91167948,7.65437922,8.38900462,6.836372140000001,6.66188558,9.99986968,11.05904748,10.23449658,11.82497746,11.4364609,10.0386709,8.666336700000002,9.1617974,12.4842754,15.1647352,16.4355784,20.4484578,22.1028996,20.1052582,20.1304535,18.4248561,14.2591143,11.39220464,8.77992664,8.96583174,7.11750482,8.400107020000002,8.11411602,7.571471560000001,7.09427856,8.456620280000001,5.74714178,5.7849377,7.184458760000001,5.015562160000001,3.39972904,3.2105694,3.05093894,1.229355604,1.021429272,0.770899792,0.6803758240000001,0.177616624,0.6304295,0.592885232,0.592885232,0.47147894,0.47147894,0.0,0,0,0,0,0,0,0,0,0,0,0.0,0.0,0.0
110523>110583,719,719,SFDu,Stratford,Jubilee // SB,719,SFDu,Stratford,NR Great Eastern // UP,Alight-Interchange-Board,60.17143669378,12.12144074,5.119556240000001,14.439831369536,7.819872302844,3.5159402314,17.15479581,0.4197596,0.4197596,0.5876657200000001,1.74447712,1.9049752,2.40423654,2.40423654,2.23633042,1.07951902,0.91902094,0.0,0.0,0.0,0.0,0.0,0.0,0.0,0.6748202000000001,1.05519356,1.39100252,1.61991282,1.7234855,1.09581376,0.78893155,0.551486002,0.454082282,0.566444362,0.5250110325999999,0.7054666826,0.7688778506,0.6598500894,0.4943291094,0.5568279728000001,0.4010970988000001,0.24010618736,0.33453712856,0.41125766056,0.36098314656,0.29405392256,0.452709974,0.470213654,0.3436400061,0.32595160084,0.294761976796,0.205769332796,0.225505492796,0.354903008696,0.523716273956,1.127814496,1.11139298,1.088989326,1.068060594,1.002942854,0.424191194,0.3707323043,0.3158544463,0.3019084323,0.3752638523,0.4518459843000001,0.4526440474,0.37772779,0.2839348299,0.1079821027,0.0985015667,0.2460259133,0.2592033137,0.2664800518,0.294422347,0.377559191,0.269324219,0.426679636,1.507629724,1.988606536,3.190873976,3.150219868,2.97773522,1.88821792,1.37794952,0.0,0.0,0.0,0.0,0.0,0,0,0,0,0,0,0,0,0,0,0.0,0.0,0.0
110523>110584,719,719,SFDu,Stratford,Jubilee // SB,719,SFDu,Stratford,NR West Anglia // DN,Alight-Interchange-Board,1783.41807686,203.76152876,556.8127625000001,334.5617806,517.5548726000001,140.40140872,30.32572368,2.1228976,2.78138124,2.78138124,2.801020632,33.48198663199999,36.03862043199999,56.296052792,67.45818819200001,77.23535480000002,46.60320518000001,68.27580978,60.53965778000001,63.23748038,58.63205698,64.530457,40.52044,30.9064006,18.7324242,15.7254492,11.8740266,14.608599,12.41275726,11.44214286,11.60528466,11.83270506,8.13015172,9.32634926,10.18033574,11.52593894,11.07349414,12.24878688,11.01975454,12.14075806,10.26887066,11.66844386,12.50704406,14.9135602,14.2226327,16.0486663,16.94451029999999,17.5165047,18.3198155,24.5525398,30.0521344,40.42566179999999,43.677893,52.824146,44.59199200000001,51.8225216,48.54872260000001,54.231222,40.538094,51.9404224,39.5472242,28.28130920000001,21.1256638,23.7974686,15.4586658,13.1173086,14.904219,12.2094474,11.6580346,9.74884268,9.224527200000002,9.4109808,7.636714600000001,6.491577520000001,6.743621920000002,8.048160200000002,7.103893200000001,5.8338204,4.858565480000001,3.452187400000001,1.029097,0.0,0.0,0.0,0.0,0.0,0.0,0.0,0.0,0.0,0,0,0,0,0,0,0,0,0,0,0.0,0.0,0.0
110523>110589,719,719,SFDu,Stratford,Jubilee // SB,719,SFDu,Stratford,LO North London // WB,Alight-Interchange-Board,1900.7943594,67.4262022,669.3245772,379.6198944000001,509.4065185,216.6720148,58.3451523,0.44790588,1.37608208,2.26043048,2.93010408,7.20253988,11.0359976,16.195316,25.97782620000001,34.6786932,41.3659274,57.31454580000001,66.9708052,71.8887546,79.354566,79.890915,63.841731,58.69050780000001,47.98704220000001,38.1038562,29.2372328,30.1318002,21.363747,19.40180740000001,13.6933157,13.6695733,10.5821609,10.9123215,10.8708415,12.5848718,12.4820136,13.1179894,13.9626906,15.1045118,14.0578856,14.6933354,14.567673,13.9285608,11.28875006,12.78017626,13.58781226,17.24199406,18.75952606,24.0449774,26.7915588,31.2201134,30.7190008,33.837121,36.8544916,46.0013276,47.0203576,51.97883640000001,53.17607980000001,54.69053260000001,45.7669654,43.22258200000001,34.91911030000001,31.4261149,24.3818965,20.4910383,18.3752629,20.2779682,18.6736118,16.339939,16.766342,14.6547164,12.2835856,11.0762924,11.9252468,11.6220384,10.09547306,9.31072886,8.0122453,5.762647620000001,3.81914082,3.44101688,2.387843880000001,1.79784964,1.37917612,0.7169917200000001,0.0,0.0,0.0,0.0,0,0,0,0,0,0,0,0,0,0,0.0,0.0,0.0
110523>110590,719,719,SFDu,Stratford,Jubilee // SB,719,SFDu,Stratford,DLR (Stratford route) // OB,Alight-Interchange-Board,769.1941904500001,39.90125999,203.9666347,130.0217332,270.8873672,90.77001401999999,33.64718134,0.14477837,1.45430797,3.80552817,3.882604038,5.566516837999999,7.092413668,8.572557267999999,9.382553668,13.9981044,16.5197752,21.394874,23.7439642,26.2656112,23.7032876,22.3145534,17.7383144,14.03954914,9.43864364,8.201541520000001,6.608416,5.272768340000002,4.642415000000002,4.158102380000001,3.648452040000001,3.58658896,3.58375206,3.24484096,3.370323140000001,3.65045364,3.348940300000001,3.350458220000001,3.646231,3.64687174,3.77579624,3.69203684,3.92289096,3.95224424,4.71883838,5.07208092,5.7238992,8.69606592,12.95265296,13.85461782,14.51041194,17.1097746,15.8181794,15.2659122,16.8324234,20.3600152,21.3028718,25.108777,27.0120194,30.0867302,29.1536178,28.2394032,24.597643,20.0435756,14.04482006,10.5182647,7.506851580000001,5.540144000000001,4.38300922,4.163433960000001,3.83494162,3.94235262,4.564070000000001,5.81832638,6.41022428,6.757551580000001,6.254524200000001,5.507454740000001,3.98539018,2.970989300000001,2.3642685,1.797829176,1.247590492,1.081842372,0.6891267520000001,0.407446352,0.324504176,0.25866352,0.0,0.0,0,0,0,0,0,0,0,0,0,0,0.0,0.0,0.0
110523>110592,719,719,SFDu,Stratford,Jubilee // SB,719,SFDu,Stratford,DLR (Stratford Int'l route) // OB,Alight-Interchange-Board,83.71503794125198,5.91224593133,26.112119144,8.97340215764,33.30105152,6.004199488282,3.412019700000001,0.0,8.185106600000001e-05,0.5100755510660001,0.8617890710660001,0.8617890710660001,0.957051843066,1.459795992,1.261662552,1.016529012,2.001224732,2.67186118,3.0036095,3.193113,3.51265716,2.874482060000001,2.32447262,1.59160938,1.43713764,1.41597174,1.06945112,0.8903014020000002,0.7885903220000001,0.4534263100000001,0.04846807,0.06055456500000001,0.023814503,0.023814503,0.012086495,0.012086495,0.0,0.0,0.0,0.0,0.0,0.0,0.0,0.0,0.07559962,0.07560386652800001,0.199845158528,0.9302575985280002,1.308046458528,1.776104098528,2.294802692,2.274085692,1.791370052,2.300532992,2.315442872,2.616703432,3.37553934,3.92667894,3.47403606,3.487828299999999,3.13581042,2.59549878,2.00752464,1.72633994,1.30305388,0.9435332400000004,0.7481322120000001,0.5372708696563999,0.3841466496564,0.2350733296564,0.1266484496564,9.176564e-07,0.0,0.0,0.0,0.0,0.0,0.0,0.0,0.0,0.0,0.1282582800000001,0.1282582800000001,0.68240394,0.68240394,0.68240394,0.55414566,0.55414566,0.0,0.0,0,0,0,0,0,0,0,0,0,0,0.0,0.0,0.0
110523>110593,719,719,SFDu,Stratford,Jubilee // SB,719,SFDu,Stratford,DLR (Stratford Int'l route) // IB,Alight-Interchange-Board,502.116240423,11.38724614,76.18381932000001,96.70869369,241.6162102,52.90607319200002,23.314197881,0.0,0.067832636,0.067832636,1.285597116,1.634298136,1.923534516,2.81099868,3.59715242,2.96078334,4.09935582,5.82682144,7.61547584,9.6685755,10.02114616,9.74537266,8.5035535,6.586363300000001,4.031295399999999,3.55372178,3.57135458,4.459121140000001,4.128345599999999,5.054887600000002,4.649111126,4.161059126,2.498409726,2.002424266,0.7916967659999999,1.22488632,0.48380552,1.13671022,1.52377642,1.81578542,1.89250804,2.32305804,2.47487966,2.33029024,2.764670740000001,6.162257599999999,6.42511834,6.334755980000002,9.79181,11.7667337,10.5125921,14.09708136,16.0234358,17.5026014,19.7351116,22.78876020000001,24.40015380000001,25.9963254,24.9862458,24.8145664,20.9619654,16.49324332,13.81671972,10.8794748,7.07590566,6.382992980000001,6.69695206,6.39715332,5.165781440000001,4.32702136,3.193738914000001,1.529927848,0.3592684480000001,0.4866924020000001,0.41116396,0.435018698,1.274978504,2.213029444,2.0865082606,2.5834838426,3.5008103706,3.4874889706,2.4595297706,2.458627,1.91736508,0.89735794,0.0,0.0,0.0,0.0,0,0,0,0,0,0,0,0,0,0,0.0,0.0,0.0
110576>110501,719,719,SFDu,Stratford,Elizabeth Line // EB,719,SFDu,Stratford,EntEx,Alight-Exit,9807.800395700002,286.7214174,1932.041094,2720.09165,3188.784879,1278.689505,401.4718503,1.8534432,2.29025208,7.033909080000001,22.54129908,36.66131308,50.10581988,74.70709099999998,91.52829,109.51992,124.072826,142.05291,156.513198,186.096428,199.086202,208.72079,198.364386,190.009848,160.556366,139.559966,117.488254,115.155395,100.769763,97.371411,88.21726899999999,92.868487,89.998225,91.583147,93.857798,99.95839,103.557748,109.354185,115.060075,121.270434,120.307658,120.148676,120.381339,122.925477,122.023203,124.994389,127.186243,130.930946,132.595258,135.720356,143.855778,173.325664,185.856674,216.057424,240.671428,284.8347,295.808186,334.087904,329.022888,336.0011120000001,299.4346160000001,274.305114,219.379169,196.149913,154.837469,131.804879,106.596974,98.080197,84.51726,79.02660900000002,93.594445,89.164272,86.036814,80.13282459999998,78.74784840000001,58.6188944,58.8681898,55.1317918,48.0483812,44.369787,35.7620976,28.7334022,22.6367396,20.35635812,11.62670952,9.46957606,4.05394006,2.15414066,0.8209211400000002,0.8209211400000002,0,0,0,0,0,0,0,0,0,0,0.0,0.0,0.0
110576>110514,719,719,SFDu,Stratford,Elizabeth Line // EB,719,SFDu,Stratford,Central // EB,Alight-Interchange-Board,3379.697303300001,38.5075225,290.7603346600001,496.48584454,1735.5251058,610.8676782,207.5508176,0.0,0.0,0.3860361000000001,2.0073935,3.9833243,5.9897711,11.4302133,14.7107842,20.2262188,23.539164,29.2773772,28.4067432,32.7232928,28.986297,29.2900376,24.3038908,23.7945962,17.4544894,18.4304736,14.32775406,15.37893286,12.7048952,13.4410412,11.0356188,12.81598054,10.63172174,12.6374118,12.6478796,15.979271,15.6318818,18.2603166,18.3191352,20.8108922,18.4649094,21.3006308,21.1077678,24.3911544,23.6450888,28.4628856,28.46992980000001,33.4063362,34.1927482,37.2909396,35.45847540000001,50.27772820000001,59.01009880000001,85.95272560000002,95.01166320000002,140.850508,163.585932,202.159086,202.97122,225.52095,194.383206,177.0488,138.753188,126.03784,93.03760679999999,80.5160618,61.4391578,49.55802520000001,31.4200998,31.4571626,28.9722356,28.4122528,26.0059722,26.9812556,27.030008,30.6339948,31.3324856,32.77618440000001,30.7312756,28.1927702,19.73647548,14.35556068,9.32079176,5.968146559999999,2.57885596,1.79543588,0.12884068,0.0,0.0,0.0,0,0,0,0,0,0,0,0,0,0,0.0,0.0,0.0
110576>110515,719,719,SFDu,Stratford,Elizabeth Line // EB,719,SFDu,Stratford,Central // WB,Alight-Interchange-Board,36.54145252756081,0.1507200795308,3.7710197756,17.056552713,7.95038951343,4.938755874000001,2.674014572,4.8862616e-07,0.00648384382616,0.00648384382616,0.01456075442616,0.02099667242616,0.0268953844,0.02899963400000001,0.04629945799999999,0.1498372274,0.2056478054,0.2440277688,0.2809228600000001,0.422986186,0.3242402,0.279921182,0.339251058,0.399342962,0.239979812,0.426413208,0.458449506,0.512974306,0.437453936,0.5925935840000001,0.419288042,0.7450329660000001,0.6055038260000001,0.7224956960000002,0.587372663,0.663917855,0.309690541,0.509392221,0.376758843,0.717156208,0.6359695380000001,0.960862692,0.7490244568000001,1.1686008348,0.8566647308000002,1.1407854608,0.8313577728000001,0.9884874980000002,0.5544983980000001,1.086342222,0.8843284220000002,0.8473924038860001,0.8586782458860001,1.028993237886,0.573334297886,0.5267200138860001,0.602946334,0.538465702,0.461537944,0.4656209040000001,0.6543958679999999,0.7403492540000001,0.651955308,0.7158916540000001,0.617333636,0.586683136,0.451349162,0.5527034279999999,0.42842452,0.4497313379999999,0.255999364,0.311409398,0.201025504,0.203444106,0.164760628,0.243479422,0.210762356,0.19778285,0.170891892,0.43924963,0.367534384,0.33212246,0.33212246,0.323550144,0.042381364,0.01413761,0.0,0.0,0.0,0.0,0,0,0,0,0,0,0,0,0,0,0.0,0.0,0.0
110576>110522,719,719,SFDu,Stratford,Elizabeth Line // EB,719,SFDu,Stratford,Jubilee // NB,Alight-Interchange-Board,896.0377558726502,8.92476744265,121.1254059,159.06970696,426.8898415,131.4083843,48.61964976999999,1.413053e-05,0.007453932529999999,0.07272066053,0.6403843205299999,0.9889730405299999,1.20126405,2.580187188,3.43377012,5.69991116,6.568795080000001,9.54412474,10.9185948,13.91439314,13.51801904,16.2120278,13.56616126,11.93052938,8.45117834,7.029149479999999,3.77252168,3.97486438,3.40265132,3.60017196,2.99763682,3.68109922,3.446917780000001,4.57311052,4.50488892,5.456839179999998,4.57308746,5.76991034,4.73296664,6.09016624,5.446689900000001,7.444460820000002,6.414037460000001,9.04865096,8.454100760000001,10.62379264,9.856857240000002,12.0737573,9.6264039,10.9483743,12.3282709,20.3823067,20.7712588,26.70003160000001,31.9876132,42.48573320000001,40.1408128,50.8756716,50.6096796,49.7177026,37.52573820000001,34.017633,21.67566020000001,16.35186994,10.02152984,9.30687924,7.67242704,8.95609064,9.4442765,11.0942536,12.2919244,12.7575414,10.8998813,11.7183089,10.8934015,10.1008179,8.5745909,8.19604884,5.774924694,4.634742773999999,2.696899714,2.564416994,1.841888354,1.7879113,1.38854322,1.05886508,0.0,0.0,0.0,0.0,0,0,0,0,0,0,0,0,0,0,0.0,0.0,0.0
110576>110582,719,719,SFDu,Stratford,Elizabeth Line // EB,719,SFDu,Stratford,NR Great Eastern // DN,Alight-Interchange-Board,447.5138343985199,0.9032872100000002,21.396258002,208.362242202,81.413093962,112.03864022,23.40031280252,0.0,0.0,0.0,0.0062912152,0.0635112352,0.0853062172,0.3593786172000001,0.3887999252000001,0.80178719,0.8150606060000001,1.196193824,1.149249264,1.489522216,1.181075456,1.50082726,1.163090246,2.742091806,2.438176898,2.916912938,4.002270298000001,6.829830712000001,5.108867932,5.25343778,6.69212362,7.90807742,5.07949283,5.26612185,6.544796850000001,7.14989915,4.505546032,4.942235702000001,6.723296462,9.087293462000002,6.554375262000001,6.73215462,10.62390434,13.21259534,9.55165998,9.789871280000002,15.32503264,17.09531624,12.59767945,12.60001882400001,13.18861442400001,8.284671824,2.613754324,2.945651194,3.77921178,3.89930138,5.23430918,8.370602480000002,9.735803000000002,10.5096858,10.4124016,9.251656800000001,6.376044599999999,5.45750526,3.839441112,3.078953132,8.206709732,13.196572532,12.440473572,12.48177346,16.88598244,12.39121684,6.70284592,6.722344479999999,10.63482174,6.19384428,4.753286920000001,4.730848236,4.711739476000001,0.574161312504,0.7513335125039999,0.528435472504,0.496728676504,0.329969176504,0.32996574,0.0,0.0,0.0,0.0,0.0,0,0,0,0,0,0,0,0,0,0,0.0,0.0,0.0
110576>110583,719,719,SFDu,Stratford,Elizabeth Line // EB,719,SFDu,Stratford,NR Great Eastern // UP,Alight-Interchange-Board,4.795019506080002,0.00313656352,0.00108270628,0.7701888200000001,1.702071365,1.453897786656,0.8646422646240002,0.0,0.0,0.00030250082,0.00030250082,0.00030250082,0.0008438539599999999,0.0008438539599999999,0.00054135314,0.00054135314,0.00054135314,0.0,0.0,0.0,0.0,0.0,0.0,0.0,0.0,0.0,0.0,0.0,0.0,0.0,0.0,0.0,0.0,0.0,0.0,0.0,0.032582728,0.032582728,0.032582728,0.032582728,0.032582728,0.0,0.0,0.0,0.0,0.065213168,0.106851084,0.125106024,0.125106024,0.125106024,0.05989285600000002,0.05555866800000001,0.037303728,0.049291377,0.049291377,0.074320411,0.03701668299999999,0.07731385700000001,0.06532620800000001,0.310337008,0.315331894,0.315331894,0.31564826,0.31564826,0.09012314000000002,0.118390912,0.1188954243,0.1124062563,0.1124062563,0.1492592263,0.0917874341,0.0912829218,0.0758612958,0.1170615438,0.06077511595600001,0.059955216156,0.200640644156,0.181937898156,0.140737650156,0.140685428,0.140685428,0.0,0.0,0.0,0.0,0.0,0.0,0.0,0.0,0.0,0,0,0,0,0,0,0,0,0,0,0.0,0.0,0.0
110576>110584,719,719,SFDu,Stratford,Elizabeth Line // EB,719,SFDu,Stratford,NR West Anglia // DN,Alight-Interchange-Board,531.9341659258799,44.882839780364,157.431870685516,88.87028443999999,161.318927728,67.275423612,12.15481968,0.0,0.0,7.507618000000003e-06,7.507618000000003e-06,8.052167507618,8.052207101976,14.379198701976,14.399251453558,23.502292453558,18.905663453558,21.6872458592,17.4034004592,21.7203294,13.31799936000001,11.72891776000001,9.14223264,8.057385980000001,4.37997644,4.55254148,3.0338854,3.46233848,3.31852162,3.25966986,2.64546938,2.9793688,3.009885800000001,2.80970308,3.01072018,3.71747226,3.50340904,3.60311108,3.60644542,3.39910188,3.04455454,3.08101842,3.37972162,3.51452358,3.62165112,3.60043358,4.32901518,4.3581665,4.98055658,5.622616880000002,7.01280956,9.55490456,9.97319298,12.71936804,11.37577874,14.52092854,15.28230734,17.591912,13.4709106,19.2725482,16.0457724,11.592158264,9.919146064,11.888043664,7.756656264,6.736633943999999,7.650289540000001,6.619524040000001,5.203043900000001,4.243901999999999,3.8495017,3.43704534,3.38942572,3.2590451,3.2423124,3.12776294,3.256682580000001,2.1987233,1.77668646,1.08231086,0.7126535400000001,0.0,0.0,0.0,0.0,0.0,0.0,0.0,0.0,0.0,0,0,0,0,0,0,0,0,0,0,0.0,0.0,0.0
110576>110585,719,719,SFDu,Stratford,Elizabeth Line // EB,719,SFDu,Stratford,NR West Anglia // UP,Alight-Interchange-Board,0.0,0.0,0.0,0.0,0.0,0.0,0.0,0.0,0.0,0.0,0.0,0.0,0.0,0.0,0.0,0.0,0.0,0.0,0.0,0.0,0.0,0.0,0.0,0.0,0.0,0.0,0.0,0.0,0.0,0.0,0.0,0.0,0.0,0.0,0.0,0.0,0.0,0.0,0.0,0.0,0.0,0.0,0.0,0.0,0.0,0.0,0.0,0.0,0.0,0.0,0.0,0.0,0.0,0.0,0.0,0.0,0.0,0.0,0.0,0.0,0.0,0.0,0.0,0.0,0.0,0.0,0.0,0.0,0.0,0.0,0.0,0.0,0.0,0.0,0.0,0.0,0.0,0.0,0.0,0.0,0.0,0.0,0.0,0.0,0.0,0.0,0.0,0.0,0.0,0.0,0,0,0,0,0,0,0,0,0,0,0.0,0.0,0.0
110576>110589,719,719,SFDu,Stratford,Elizabeth Line // EB,719,SFDu,Stratford,LO North London // WB,Alight-Interchange-Board,722.973037512758,23.9546732527583,124.1821682,168.95584486,218.6247598,132.88786918,54.36772222,2.378411200000001e-07,5.0355166e-07,0.01221116255166,1.81441056255166,2.21671702255166,4.09903218471054,7.379364519000001,8.43293706,9.830005260000002,11.2793478,12.8875532,11.103264,12.0629148,12.2826108,11.9017782,10.00833926,10.18851366,9.13692046,6.932226120000001,6.56869464,7.222721180000002,6.101671000000001,5.574754,5.74085594,6.560711619999998,5.55118238,6.00663802,6.48770532,7.32412652,7.155021120000002,7.66500996,8.211921499999999,9.1460186,8.278744,8.4333137,8.414050900000001,7.611143180000001,7.695971780000002,7.28237138,6.946506280000001,5.714262680000001,6.5222636,6.0992664,7.2096138,8.641689600000001,10.492337,12.5364396,12.864427,15.3816014,17.78158640000001,20.694993,20.83800260000001,27.482496,25.9137568,24.7648282,21.2326022,20.8499506,14.883377,12.6239408,9.8683356,11.614926,9.3718762,8.608315,9.313851799999998,9.6253074,7.46527566,9.06235186,9.60036126,9.58860338,8.97660118,8.89926572,6.4551684,5.061050499999999,3.914038820000001,3.87416874,2.63305594,2.35603826,1.44588116,1.16385012,0.0,0.0,0.0,0.0,0,0,0,0,0,0,0,0,0,0,0.0,0.0,0.0
110576>110590,719,719,SFDu,Stratford,Elizabeth Line // EB,719,SFDu,Stratford,DLR (Stratford route) // OB,Alight-Interchange-Board,846.7162718049377,7.714237101861001,131.99670492,133.57071918,406.420402,143.03029222,23.9839163830765,1.713967e-06,3.356116000000001e-06,0.000406228156,0.0004072203722,0.3350952603722,0.6517291264052001,2.6526732842562,4.073920912216201,5.66793992,7.32281768,11.7916421,12.6043289,15.174214,15.9282412,16.0544948,13.246047,11.6906014,8.709214320000001,7.660825120000001,6.14633848,5.83684888,5.05329588,4.600559660000001,3.796014860000001,4.020158500000001,2.67017834,2.9849763,3.27138066,4.22967474,3.73992798,4.28439214,4.286739700000001,3.95732234,3.20125702,3.50911888,3.38036256,3.821795320000001,3.87492718,4.024927620000001,4.69055682,9.056766540000002,12.10727046,15.3466153,17.8256515,23.2597352,21.9677176,24.225912,25.750209,30.9107368,28.4288036,34.9936046,39.1413828,47.1919438,42.6062898,46.74037379999999,41.203693,36.021053,25.8074556,23.46416428,16.00859736,11.98484162,7.279044900000001,5.0433789,3.94066436,3.85593108,3.49402832,3.22990284,2.901229960000001,2.969544900000001,2.39988886,2.3111604,2.38944694,2.93535442,2.53214863,2.63745935,2.2762840606153,1.8548272806153,0.7051220806153001,0.5847663906153001,0.1939567106153,0.19395636,0.0,0.0,0,0,0,0,0,0,0,0,0,0,0.0,0.0,0.0
110576>110592,719,719,SFDu,Stratford,Elizabeth Line // EB,719,SFDu,Stratford,DLR (Stratford Int'l route) // OB,Alight-Interchange-Board,622.0885869040002,24.694545484,130.03270326,131.88951602,225.884501,73.78166726,35.80565388000001,1.075872,1.0831597728,1.7149161728,2.6361189728,2.7621122528,3.8933826528,5.01176108,6.51722258,8.16555158,10.7263143,11.7259939,13.2887223,16.5141002,15.9242972,14.4583556,12.6945686,10.9824188,6.018529920000002,5.227209520000001,4.30664134,4.02497442,3.36184482,4.09472864,3.39984204,3.86888298,2.98879988,3.43909392,2.99073098,3.614220180000001,3.249835620000001,3.765043740000001,3.49805798,3.74620168,2.84185264,3.17394416,2.81171072,3.59985516,4.07281334,9.35541618,10.27391706,13.121963,13.15775098,14.1253733,9.312662600000003,10.992309,11.3191992,14.9832933,18.3729393,21.2491132,21.9333706,23.2147368,23.6066654,23.0315862,21.4060324,18.79647,16.9787856,15.9256594,11.38201946,9.83910676,9.113741099999999,7.078258900000002,3.00164394,2.85625252,2.72555538,3.12456564,2.54707414,3.155186180000001,3.03260384,3.31195988,2.48813308,2.77496376,2.59676672,4.173585620000001,4.382363860000001,5.074028660000002,4.402390068000001,3.725837628000001,1.774113628,1.026414988,0.075095988,0.0,0.0,0.0,0,0,0,0,0,0,0,0,0,0,0.0,0.0,0.0
110576>110593,719,719,SFDu,Stratford,Elizabeth Line // EB,719,SFDu,Stratford,DLR (Stratford Int'l route) // IB,Alight-Interchange-Board,606.9105791999999,16.65362564,63.07028578000001,108.37256078,238.7002412000001,138.5511992,41.5626666,0.0,0.2657389,1.5317365,1.94029154,2.95126734,3.00419576,3.68874706,3.27164854,3.9527388,4.144533200000001,7.315671780000002,7.566081580000001,7.990745400000002,7.34400086,6.56846102,3.73104448,3.60439048,2.94742982,4.045631060000002,3.859557300000001,4.19265854,3.46959556,3.431371480000001,2.09856326,3.06121202,2.86313248,3.251818660000001,3.1064287,3.62309868,2.83056188,3.35637546,2.94007856,3.17905956,3.3568792,3.985949540000001,3.468553,4.3967087,4.12212434,4.651585440000002,4.213231620000001,6.309346420000002,8.64187522,11.45384038,12.36851208,15.5256586,14.8308042,16.6691556,16.4464544,18.8235716,18.387477,21.8564822,22.91758,24.50683380000001,21.9359444,24.714178,22.0861014,17.3859884,16.72761280000001,17.2105072,13.438925,13.2356162,13.9665008,12.255766,10.02660236,8.677806160000001,6.655309560000001,5.345801760000001,3.62476296,5.0698778,4.454330800000001,4.92713014,4.91741214,6.42611934,4.7911945,4.56896636,3.54969422,2.35464242,0.36018182,0.14311706,0.0,0.0,0.0,0.0,0,0,0,0,0,0,0,0,0,0,0.0,0.0,0.0
110577>110501,719,719,SFDu,Stratford,Elizabeth Line // WB,719,SFDu,Stratford,EntEx,Alight-Exit,4949.007815,318.5653906,1376.443504,1869.003625,1045.4329976,286.6361718,52.926126,5.106502600000002,13.043602,16.847374,24.35177920000001,42.02917979999999,60.2421726,70.8355052,86.10927520000001,97.786213,110.052453,109.9212,121.049804,124.339458,130.058221,126.260281,121.23112,120.531492,114.605446,107.283118,93.324698,93.20764,81.5296072,79.85615720000001,74.7074426,79.0568926,78.5165806,77.10843840000001,77.9043034,85.225824,82.780558,84.1318488,82.4615558,85.1130508,80.46741479999999,79.62434680000001,74.2032554,74.53706340000002,69.45044140000002,68.40858340000001,65.06248540000001,70.251811,70.460792,78.735988,76.20154400000001,82.75240600000002,85.323428,90.23480200000002,90.150774,100.03802,104.641365,104.843816,96.58458359999999,91.2914536,78.6831162,66.88131560000001,54.00791760000001,49.80282579999999,39.00958300000001,34.8654062,27.5458308,25.7522202,21.1619658,19.0140578,16.55554,15.6661154,13.0171596,12.7642574,11.4812098,10.7939416,9.08208754,8.077355420000002,6.309004580000001,5.1433062,4.281004900000001,3.11530656,2.15749574,1.7526333,1.11605408,0.46076358,0.46076358,0.17640892,0.0,0.0,0,0,0,0,0,0,0,0,0,0,0.0,0.0,0.0
110577>110514,719,719,SFDu,Stratford,Elizabeth Line // WB,719,SFDu,Stratford,Central // EB,Alight-Interchange-Board,1125.192137830001,71.8727104,421.477631,240.1891968,263.4659123,102.49912038,25.68756695,0.0,0.97524148,1.47448656,3.33838816,8.41732536,15.12849736,18.36915328,24.1696182,29.00143660000001,36.15415,38.9130814,49.49923200000001,52.084096,50.810218,44.7688274,39.0550778,28.5411698,21.418356,17.86154040000001,13.3704456,12.1053486,9.426104400000002,9.4236988,9.321005699999999,9.3702571,8.5027179,8.421438900000002,8.17336378,8.25462468,8.05818256,8.10914936,8.399803160000001,9.30023938,9.020920060000002,8.98782012,9.21456592,9.67546822,10.01671572,10.78521464,11.3767433,12.3190751,13.2687184,13.9696694,14.6883516,16.5609154,18.0547634,20.8997688,22.29336660000001,25.3786302,26.98611420000001,27.8718566,25.035744,24.7360104,20.5439216,18.6780144,16.4268067,16.1700217,13.4878205,12.8819493,10.6249233,8.942469599999999,7.234054500000001,6.636398300000002,6.122572420000001,5.866494900000001,5.342850040000001,4.916944240000001,4.272621580000001,4.0950715,3.508614300000001,3.38096716,3.05204146,2.81170644,2.684615200000001,2.05963212,1.539039566,1.153523226,0.7702599059999999,0.2499675060000001,0.2499675060000001,0.13216106,0.0,0.0,0,0,0,0,0,0,0,0,0,0,0.0,0.0,0.0
110577>110515,719,719,SFDu,Stratford,Elizabeth Line // WB,719,SFDu,Stratford,Central // WB,Alight-Interchange-Board,6755.63052988,925.8558620800001,3347.534818,1368.6815364,866.7383224000001,192.5916229,54.2283681,2.44467062,8.10058042,30.97799122,51.45094322000001,120.9954312,178.0006126,250.6698368,283.2157960000001,320.737604,324.2392100000001,335.196756,333.826206,334.7119600000001,323.895866,322.89708,276.491778,249.73392,216.776262,183.24277,125.785406,117.5561552,82.1521572,71.32454680000002,69.79794120000001,67.30250360000001,60.289072,54.4479012,52.0336396,50.4005616,46.37735379999999,46.8701914,47.01486520000001,46.51565520000001,44.37998320000001,44.29271200000001,45.18622240000001,45.4753186,44.1394586,48.1223756,54.5694662,54.737312,55.01850320000001,62.157114,58.5205266,60.03613739999999,64.86976480000001,74.1664056,75.83530879999999,91.8510448,91.780234,90.7146772,83.0778348,79.05323879999999,59.90457500000001,52.25019700000001,43.1989042,34.5377202,24.0191918,21.0264166,15.6419928,13.593262,13.0220377,12.9463963,12.5382083,12.2081537,11.5747103,11.1373214,10.3462118,9.6926374,8.383329400000001,7.996852199999999,6.93448548,6.0669092,5.59177886,4.25839326,2.43229146,1.83813858,1.03355226,0.0,0.0,0.0,0.0,0.0,0,0,0,0,0,0,0,0,0,0,0.0,0.0,0.0
110577>110522,719,719,SFDu,Stratford,Elizabeth Line // WB,719,SFDu,Stratford,Jubilee // NB,Alight-Interchange-Board,5227.267939999999,819.6327105999999,2341.572122,1195.6387634,660.0493744000003,162.1841577,48.19081189999999,15.1245384,36.05553440000001,42.91230700000001,69.851495,115.9143026,153.1971286,177.0360386,209.541366,227.405398,217.11971,207.288784,227.667558,239.882784,230.820228,227.9879,217.465114,185.132312,144.58104,122.160554,94.06074,83.68724399999999,62.03406999999999,60.00156000000001,57.6919434,56.3491234,52.6468784,50.6915864,51.3316872,51.599675,49.8325822,50.69325120000001,51.6763642,52.4017046,49.96061260000001,49.20578460000001,49.04731460000001,49.34525560000001,46.41964900000001,42.7868094,37.28806440000001,35.02784140000001,33.31475140000001,35.73844000000001,36.86657040000001,45.25306220000001,50.76782320000001,55.74575520000001,61.73438200000001,71.14141520000003,70.74334200000001,68.81616400000001,63.03615800000002,58.86291200000001,46.69431880000001,38.4156334,28.8384084,25.1223616,15.5215832,14.5574832,13.567518,13.703776,11.788362,12.3468058,11.8907348,11.627829,11.4635336,10.8624312,9.7317393,9.00806976,7.45176584,6.35622618,6.340695180000001,5.49986552,4.70991892,3.869676440000001,3.0212005,1.2959927,0.6374008600000001,0.0,0.0,0.0,0.0,0.0,0,0,0,0,0,0,0,0,0,0,0.0,0.0,0.0
110577>110582,719,719,SFDu,Stratford,Elizabeth Line // WB,719,SFDu,Stratford,NR Great Eastern // DN,Alight-Interchange-Board,11.6929165618,0.9566500684000001,2.4542336116,4.308143938800001,2.1809732072,1.435888326,0.3570274098,0.0074352712,0.009107234399999999,0.07780377440000001,0.1521218684000001,0.1508063436,0.1754586076,0.2216917324000001,0.1622252364,0.1614718424,0.169692026,0.211915918,0.259539016,0.3062723040000001,0.261590128,0.275902112,0.2273930692,0.1885297072,0.1345409376,0.1239611836,0.1334253676,0.1630279704,0.1179812294,0.1256559244,0.1487029404,0.1948733304,0.1497949666,0.1436624548,0.1464864394,0.1734924734,0.0914076142,0.09340166319999997,0.08791609199999999,0.121006398,0.06763458800000001,0.0696680122,0.109702325,0.177423565,0.131860017,0.145383379,0.21811907,0.3700201160000001,0.34953111,0.45264027,0.4587519900000001,0.4034452650000001,0.244960541,0.205887203,0.144416007,0.135313011,0.132689119,0.151203289,0.189515213,0.155010891,0.151060111,0.1369498056,0.1305227516,0.1077745036,0.1106300584,0.1245663604,0.1855582328000001,0.1866578608,0.1629352888,0.1560630376,0.1408781068,0.08851577680000003,0.04117575800000001,0.0467927508,0.08434059120000001,0.064023904,0.05486925140000001,0.0506864902,0.0638434882,0.0231787022,0.0311184802,0.0267137688,0.0267137688,0.007939778,0.007939778,0.0,0.0,0.0,0.0,0.0,0,0,0,0,0,0,0,0,0,0,0.0,0.0,0.0
110577>110583,719,719,SFDu,Stratford,Elizabeth Line // WB,719,SFDu,Stratford,NR Great Eastern // UP,Alight-Interchange-Board,161.009173289,65.67615699999999,33.25955691999999,34.97874710100001,21.38488944200001,3.879789211199999,1.8300336148,0.0,3.2297818,4.0584974,4.0584974,4.0584974,19.1863874,15.9566056,15.12789,15.12789,15.12789,0.0,0.0,0.0,0.0,0.0,0.0,0.0,0.0,1.50188846,1.50188846,1.9229031,1.9229031,2.1460704,0.97045212,1.17592706,0.8997898539999999,1.156991294,0.991825814,0.75631065,0.67585243,0.5412639214,0.4815562734,0.4496785374,0.6845786814,1.9392651014,3.260640076,3.249589934000001,3.393460502000002,3.169890162000002,1.965919432,0.6636200879999999,0.583929378,0.7004705059999999,1.275858686,1.100126276,1.76360732,1.65685438,3.0519572,2.81211166,3.2785162,2.695876166,2.695876166,1.039577068,0.6019496080000001,0.1731801520000001,0.515257246,0.515257246,0.4899177439999999,0.669465044,0.7437506599999999,0.3042148392,0.3042148392,0.3169414252,0.1465014952000001,0.0395851576,0.1011079824,0.1078277072,0.1410050712,0.1318977012,0.2914869388,0.2172172748,0.34044694,0.2945429900000001,0.2945429900000001,0.1299493900000001,0.1299493900000001,0.0,0.0,0.0,0.0,0.0,0.0,0.0,0,0,0,0,0,0,0,0,0,0,0.0,0.0,0.0
110577>110584,719,719,SFDu,Stratford,Elizabeth Line // WB,719,SFDu,Stratford,NR West Anglia // DN,Alight-Interchange-Board,1688.8147023,364.8226718,913.4723788,193.4767642,152.75369816,52.15683124,12.1323581,0.19597516,8.03728836,8.03728836,8.03728836,52.54793836,67.4226312,93.65829000000001,126.885972,152.227068,121.85256,127.538246,105.206352,88.24561800000002,74.2844812,69.8013212,52.98968879999999,46.70476280000001,32.805306,24.5878258,17.229149,16.502588,13.4943076,12.9244414,11.7784324,11.7938084,9.5609854,8.1560186,7.54019854,6.628438259999998,5.51361386,5.61990634,5.83216594,6.240344,6.322945280000001,5.9228354,5.40736546,5.366888660000001,4.988219379999999,4.91070838,5.69232466,6.24162572,6.88330992,9.6464018,10.5088908,11.96539,14.6627842,16.6501416,12.675736,17.143179,17.2290382,16.289992,12.4422628,14.02616574,8.70024374,5.58152214,5.38724274,6.052151579999999,5.45099296,5.31479106,6.264206740000001,4.4511374,4.4603804,3.853166040000001,3.207444880000001,2.990152,3.22163726,3.4043247,3.486446219999999,3.79901168,3.3790805,2.27113478,1.4142955,0.95664402,0.31219162,0.0,0.0,0.0,0.0,0.0,0.0,0.0,0.0,0.0,0,0,0,0,0,0,0,0,0,0,0.0,0.0,0.0
110577>110585,719,719,SFDu,Stratford,Elizabeth Line // WB,719,SFDu,Stratford,NR West Anglia // UP,Alight-Interchange-Board,0.0,0.0,0.0,0.0,0.0,0.0,0.0,0.0,0.0,0.0,0.0,0.0,0.0,0.0,0.0,0.0,0.0,0.0,0.0,0.0,0.0,0.0,0.0,0.0,0.0,0.0,0.0,0.0,0.0,0.0,0.0,0.0,0.0,0.0,0.0,0.0,0.0,0.0,0.0,0.0,0.0,0.0,0.0,0.0,0.0,0.0,0.0,0.0,0.0,0.0,0.0,0.0,0.0,0.0,0.0,0.0,0.0,0.0,0.0,0.0,0.0,0.0,0.0,0.0,0.0,0.0,0.0,0.0,0.0,0.0,0.0,0.0,0.0,0.0,0.0,0.0,0.0,0.0,0.0,0.0,0.0,0.0,0.0,0.0,0.0,0.0,0.0,0.0,0.0,0.0,0,0,0,0,0,0,0,0,0,0,0.0,0.0,0.0
110577>110589,719,719,SFDu,Stratford,Elizabeth Line // WB,719,SFDu,Stratford,LO North London // WB,Alight-Interchange-Board,2342.5493956,222.1217651,1201.402065,496.936889,301.0932566,101.4515701,19.5438498,1.02683974,2.68936154,4.68779814,9.58541614,26.53237614,45.1373052,60.26343240000001,72.1992358,85.73536259999999,99.98462459999999,113.0846698,122.0614228,126.8405248,133.1935048,124.3629068,102.7446662,94.4207922,83.15982220000001,66.25467239999999,49.55909580000001,44.3322118,32.1003838,27.3777808,25.0108982,23.0474236,20.3556042,18.7502918,20.1596704,18.8202092,19.3140624,19.5164642,20.2008034,19.748648,19.8112658,18.8516228,18.7345874,17.3893892,16.59317320000001,13.6996064,14.826036,15.8946774,15.8920686,17.6258248,18.8841856,20.086714,21.0497462,25.723716,25.5054008,31.7352102,31.7816684,32.4007776,28.057086,28.5263896,21.3805642,19.360667,15.4853166,14.7344104,11.5286278,11.6108466,9.8487736,9.508885800000002,8.0508962,7.47237246,7.057711460000001,6.27692036,5.51741006,5.084764460000001,4.759950900000002,4.31953544,3.718567140000001,3.09196932,2.6896708,2.11071354,1.41089008,0.95842048,0.6287476,0.40138952,0.21394588,0.0,0.0,0.0,0.0,0.0,0,0,0,0,0,0,0,0,0,0,0.0,0.0,0.0
110577>110590,719,719,SFDu,Stratford,Elizabeth Line // WB,719,SFDu,Stratford,DLR (Stratford route) // OB,Alight-Interchange-Board,3075.875732329999,469.9993314,1433.8230736,684.0951438000002,375.64434736,83.64284524,28.67099093,23.27062,36.687814,46.2543766,54.9530414,61.2395994,73.6824854,79.38033659999998,94.531058,106.4099272,118.4930492,126.7852292,148.15882,153.299642,160.190794,153.056939,135.5949018,111.9903258,92.02540580000002,72.1095748,55.70846479999999,50.7045006,39.5327232,35.89331220000001,34.01901779999999,32.63818740000001,30.9012582,29.5220032,28.4287556,27.8472886,24.644398,23.033787,23.8854262,22.9526992,22.728701,23.40200320000001,24.7145708,25.27444980000001,25.136566,24.3217496,25.4082114,25.7283522,25.1525552,28.2835012,29.94112620000001,34.5752822,34.684093,36.49802080000001,38.18795160000001,42.27700160000001,37.70368680000001,36.4437894,32.9017688,29.4714308,21.18387992000001,17.48963172,14.22781072,12.49623612,8.625663320000001,8.33099426,7.809284660000001,6.954929799999999,6.2413237,5.42993052,5.270549340000001,4.83408094,5.8041946,5.8395987,6.00605928,5.69430404,4.931479980000002,3.98216838,3.26143884,2.63690004,2.4362471,2.13196616,1.3137138,1.081891906,0.7414807059999999,0.190536006,0.190536006,0.07832796600000001,0.0,0.0,0,0,0,0,0,0,0,0,0,0,0.0,0.0,0.0
110577>110592,719,719,SFDu,Stratford,Elizabeth Line // WB,719,SFDu,Stratford,DLR (Stratford Int'l route) // OB,Alight-Interchange-Board,1104.9086363,232.4458962,385.0218622,184.0425593,210.30225476,65.5247162,27.57134764,4.297355400000001,8.534467800000002,14.2468088,24.7565042,30.9911554,41.3872458,51.4065986,56.82576020000001,54.06262240000001,56.4930032,46.3938578,39.7657366,36.1405512,33.62683120000001,26.8104048,26.4197016,22.9320452,16.2235684,13.46511,12.6884298,11.420132,8.31421412,8.6855398,7.677226800000001,6.96404532,6.387501520000002,5.940665540000001,5.631221260000001,5.6839494,5.66281028,5.78815382,6.35108048,7.205827880000001,7.128369599999999,6.64262194,6.19880928,6.620998140000001,6.75900554,6.72885894,6.82719956,8.959237080000003,10.03449642,12.55571482,13.87487976,15.2479036,17.2486722,23.0282208,23.56990900000001,23.6622214,24.5208156,22.7947982,16.4133998,13.1405504,11.69840012,10.37663192,8.600731719999999,7.26292552,6.997760319999998,6.3023361,5.61401622,5.66044828,6.13220616,5.50101576,5.587674000000002,5.137021400000001,4.26970774,3.615143880000001,3.444460820000001,3.56198708,3.07686372,3.21568904,3.23243256,3.21675908,2.73822668,2.26758612,1.75250134,1.6440334,1.08421174,0.67346734,0.67346734,0.4341222,0.0,0.0,0,0,0,0,0,0,0,0,0,0,0.0,0.0,0.0
110577>110593,719,719,SFDu,Stratford,Elizabeth Line // WB,719,SFDu,Stratford,DLR (Stratford Int'l route) // IB,Alight-Interchange-Board,168.8205214744977,12.57003313,69.383744928,47.992094112,28.920733984,7.280358814,2.6735565064977,0.0,0.47514786,0.583944648,0.598538486,1.173470286,2.082883346,3.302186686,4.353861818,7.71522358,9.24136898,10.03125412,9.37808192,9.2744836,6.21096316,4.614203620000001,3.35151592,2.6538492,2.48101404,2.286814874,2.144971914,2.169877414,1.986678984,1.574690944,1.92927555,2.11390385,1.97106051,2.32983364,1.94868914,1.8402608,1.784432,1.66939126,1.51322024,1.75695014,1.68050616,1.64174036,1.94145684,1.98351776,1.92981512,1.9191593,1.91520346,1.88874328,2.5025908,3.00728686,2.9938097,3.33293024,3.64475642,3.39470448,2.81604852,3.08661502,2.69698362,2.34061222,1.77714612,1.92780066,1.485303676,1.390297256,1.027535752,0.8915298759999999,0.5944155360000001,0.591850832,0.490756392,0.683228996,0.7589387259999999,0.7081924028000001,0.6946149467999999,0.5922285067999999,0.4268758747999999,0.3879192608000001,0.4598074640000001,0.602213208,0.5435563480000001,0.4469820127400001,0.3938102067400001,0.3471031147400001,0.1289550020995401,0.08805746209953999,0.08793032935954001,0.03494853535954,2.8735954e-07,0.0,0.0,0.0,0.0,0.0,0,0,0,0,0,0,0,0,0,0,0.0,0.0,0.0
110582>110501,719,719,SFDu,Stratford,NR Great Eastern // DN,719,SFDu,Stratford,EntEx,Alight-Exit,1274.4026074,25.4367037,46.16072954000001,337.82759046,562.9200776000001,240.42752456,61.62998154,2.1406054,2.1406054,2.8409761,3.01636054,2.65827694,3.90975594,4.3277545,4.40236888,4.949958360000001,4.05746732,3.55469724,3.35564232,3.99465776,3.79384724,4.11438062,3.417011420000001,3.960351620000001,3.17697802,3.46045828,4.325279340000002,5.615687220000001,5.844546780000001,7.25064706,9.819962599999998,10.371892,9.4411191,10.2040332,10.4518096,10.0507864,9.14189488,11.04642838,11.74218128,12.99393788,12.06306328000001,13.2152644,14.1566068,17.2304678,15.9182662,18.0889866,20.4041982,24.5739286,23.274307,26.5399544,28.3876208,27.4805866,29.9665298,30.8181606,39.89223060000001,38.47273420000001,54.13012060000001,59.37958660000001,69.60414,58.10784440000001,65.2990766,49.0129464,40.7561212,30.5029568,29.4467396,22.38293740000001,24.8636972,21.94133,18.9696248,20.6633748,18.9848262,15.3846242,11.91087172,12.71002892,12.66651292,10.87263352,9.91585758,9.59820258,7.342227899999998,3.6807307,3.5776835,2.42564884,2.16645256,1.54790564,3.19725264,2.00334604,2.00334604,1.649347,1.649347,0.0,0,0,0,0,0,0,0,0,0,0,0.0,0.0,0.0
110582>110514,719,719,SFDu,Stratford,NR Great Eastern // DN,719,SFDu,Stratford,Central // EB,Alight-Interchange-Board,207.23595719691,0.192149393258,1.655371790092,39.36932707356,116.85824328,40.67365177,8.487213889999998,0.0,0.0,0.004757956000000001,0.006629899600000001,0.04594826960000001,0.04637152284000001,0.04650540573400001,0.041936339484,0.040229490024,0.001020373114,0.06625196387400001,0.19077244098,0.27202305923,0.272039165678,0.272376469788,0.207707753788,0.08457656598800002,0.003874060668,0.06980798808000001,0.17469245888,0.24256927088,0.27692059868,0.35327244,0.6019709120000001,0.704521444,0.7206505559999999,0.8567508360000001,0.8578039720000001,0.707616412,0.697977242,0.737262436,0.934458116,1.196775896,1.528802176,1.768553586,1.86669508,2.09631222,2.26749564,2.72102912,2.9881979,3.57526036,3.86000076,3.89580218,3.91262792,4.20144326,5.13684506,4.92605752,8.30489492,8.724940579999998,10.83074326,13.37968426,15.8179064,11.8916244,13.7471492,11.40413788,8.492816540000002,6.170111640000001,6.486043120000001,4.434816440000001,4.55079582,3.46753454,2.77307931,2.85304987,2.20440619,1.87683265,1.75547355,2.04280294,2.0587057,1.61620948,1.24015808,1.27730172,1.061967212,0.650162412,0.772220772,0.6030970520000001,0.474766826,0.308969474,0.308969474,0.086695694,0.086695694,0.0,0.0,0.0,0,0,0,0,0,0,0,0,0,0,0.0,0.0,0.0
110582>110515,719,719,SFDu,Stratford,NR Great Eastern // DN,719,SFDu,Stratford,Central // WB,Alight-Interchange-Board,37.07704317839101,0.306412958435,3.469618646884,15.872427144472,10.2611554356,4.8900346462,2.2773943468,0.0,0.0,6.014790799999999e-06,1.0905767e-05,0.019343077767,0.06761956376700001,0.08883168256700001,0.1306017137762,0.1952598988,0.2057411748,0.2606151988,0.2620084708,0.3148645788,0.3601291688,0.3303182671932,0.3081654571932,0.3748434663932,0.3083349243932,0.2746677823932,0.274670258518,0.371871528518,0.380788728518,0.4330783925180001,0.396187380518,0.4598808460000001,0.319338308,0.25247786,0.1916338780000001,0.6618036860000001,0.6756095459999999,0.7783473740000001,0.88694423,1.169245516,0.819174776,1.038397748,0.992498218,1.05521585,0.8477192699999999,0.7733238579999999,0.646622758,0.7002264380000001,0.5000325167999999,0.7462529968000001,0.7757554408,0.6800399608000001,0.7235585028,0.8340918840000001,0.7025643640000001,0.6792285379999999,0.6682999820000001,0.65563905,0.64983606,0.61030271,1.195228164,1.32690732,1.5354589,1.4346987586,1.2685147996,0.6606448796,0.5465469396,0.1607566446,0.1559913966,0.1578389466000001,0.1138777886,0.0420409866,0.04565388400000001,0.0973096914,0.2061599304,0.1818257684,0.1726991704,0.167368968,0.37701602,0.26296858,0.3282906,0.3282906,0.3282906,0.06532202,0.06532202,0.0,0.0,0.0,0.0,0.0,0,0,0,0,0,0,0,0,0,0,0.0,0.0,0.0
110582>110522,719,719,SFDu,Stratford,NR Great Eastern // DN,719,SFDu,Stratford,Jubilee // NB,Alight-Interchange-Board,113.20164940483,1.725400432,2.715229841910001,23.04058548092,55.4957672,25.09900931,5.12565714,0.0,0.0,0.13039382,0.19756108,0.33850516,0.3791262379999999,0.389331606,0.290482528,0.24871953,0.142143866,0.1130079146,0.1211076866,0.1193974306,0.3507582486,0.3164478505860001,0.3050545399060001,0.3136968799060001,0.2840603683660001,0.098811892366,0.30202363438,0.33633054046,0.33095117046,0.419593586,0.4938968480000001,0.4803569480000001,0.5407887160000001,0.619919246,0.7195913559999999,0.7722702640000001,0.820766584,0.823513174,0.8790573340000001,0.74254935,0.5611020480000001,0.6902115879999999,0.7327432680000001,1.080115748,1.192068312,1.36303622,1.34297204,1.68175566,1.34701034,1.86894966,3.20103548,3.73550554,4.41566926,4.701277660000001,4.95448554,3.82814002,4.21497352,4.60914694,5.3972593,4.876199219999998,5.91418234,4.92717992,3.92174794,3.13990976,2.92943962,2.24797102,2.31909006,2.0621114,1.77653765,1.94434857,1.74209797,1.75900317,1.69823249,1.76706644,1.71320116,1.25897426,0.9316838159999999,0.7591876200000002,0.5917393000000001,0.2702196,0.36177266,0.319466184,0.26191418,0.1853497600000001,0.1853497600000001,0.0,0.0,0.0,0.0,0.0,0,0,0,0,0,0,0,0,0,0,0.0,0.0,0.0
110582>110576,719,719,SFDu,Stratford,NR Great Eastern // DN,719,SFDu,Stratford,Elizabeth Line // EB,Alight-Interchange-Board,290.4278171299999,1.41386764,6.140214530000001,43.36122784,198.47086512,28.93917352,12.10246848,0.0,0.0,0.168111468,0.200757554,0.272390344,0.272390344,0.272390344,0.2278275860000001,0.25018628,0.50220397,0.6516981300000001,0.7931566100000002,0.6696079000000001,0.6146031200000001,0.5866129600000001,0.4371188,0.42374871,0.42374871,0.42374871,0.3637806300000001,0.5158811900000001,0.4044700100000001,0.4967860240000001,0.669155672,0.5329973920000001,0.5860252920000001,0.8231156020000001,0.950339108,0.97048773,1.08781973,1.47343525,1.58755577,1.72353891,1.79329374,1.98755612,1.89992454,1.5320365,1.7171098,2.15676542,2.34067144,2.4692132,3.14980506,5.9426937,6.550550640000001,7.461052680000001,15.41334172,16.83911906,16.54534586,24.5498002,26.6723712,21.2637272,21.8651712,18.8254598,13.1556634,9.527556,6.3522568,4.31361856,4.742310900000001,1.8035375,2.69944538,2.69944538,2.38883946,2.284544320000001,1.9394586,1.04355072,1.42582384,1.34574676,2.2528521,1.89226762,1.89226762,1.73608506,1.4575931,0.22609056,0.22609056,0.22609056,0.8891966800000001,0.8891966800000001,0.8891966800000001,0.8891966800000001,0.8891966800000001,0.0,0.0,0.0,0,0,0,0,0,0,0,0,0,0,0.0,0.0,0.0
110582>110577,719,719,SFDu,Stratford,NR Great Eastern // DN,719,SFDu,Stratford,Elizabeth Line // WB,Alight-Interchange-Board,6.699543754000001,0.014436702,0.4927146150000001,0.5605571950000002,3.64359268,0.185491774,1.802750788,0.0,0.0,0.0,0.0,0.0,0.0,0.0,0.014436702,0.014436702,0.014436702,0.0240493294,0.0240493294,0.0376815274,0.0869935614,0.0869935614,0.077380934,0.077380934,0.049312034,0.0,0.0,0.0,0.0,0.030814904,0.030814904,0.030814904,0.030814904,0.030814904,0.019299145,0.019299145,0.019299145,0.019299145,0.03986948500000001,0.02057034,0.02057034,0.02057034,0.02057034,0.0,0.0,0.023604744,0.023604744,0.023604744,0.023604744,0.023604744,0.08911153000000001,0.17689919,0.212969954,0.212969954,0.212969954,0.212491216,0.267178396,0.26258306,0.48156838,0.510976248,0.469803812,0.3273289720000001,0.295853544,0.0819675284,0.0525596604,0.005099304400000001,0.005099304400000001,0.0059288884,0.0008295840000000001,0.0008295840000000001,0.0008295840000000001,0.008709271999999999,0.007879688000000001,0.007879688000000001,0.007879688000000001,0.158140696,0.297294208,0.35897422,0.35897422,0.35897422,0.208713212,0.061680012,0.0,0.0,0.0,0.0,0.0,0.0,0.0,0.0,0,0,0,0,0,0,0,0,0,0,0.0,0.0,0.0
110582>110584,719,719,SFDu,Stratford,NR Great Eastern // DN,719,SFDu,Stratford,NR West Anglia // DN,Alight-Interchange-Board,9.941650245650003,1.1072772e-05,1.6756386200846,3.492271776753402,1.422574888,3.23958457404,0.111569314,0.0,0.0,0.0,0.0,1.867288e-06,1.867288e-06,3.669098e-06,3.669098e-06,0.142151377098,0.14214950981,0.18071866981,0.180716868,0.264984048,0.19296782,0.19296782,0.1544030215514,0.1544072483596,0.07014349024680001,1.20102468e-05,1.6736962e-05,0.1970447154106001,0.1970404886024001,0.1970370667152,0.1970454193144001,0.197052304714,1.9964714e-05,1.9964714e-05,3.6266748e-05,0.0293170521488,0.029305440034,0.029305440034,0.05639846003399999,0.138171618,0.10888248,0.10888248,0.108986239114,0.128486639114,0.04669717911400001,0.04669717911400001,0.1924080391140001,0.4058044000000001,0.3592109800000001,0.3592109800000001,0.3592109800000001,0.21350012,0.0,0.0,0.0,0.0,0.0,0.13680498,0.13680498,0.25418502,0.25418502,0.25418502,0.172909748,0.284755568,0.202301556,0.202301556,0.378882996,0.3236303689,0.211969841208,0.177043813208,0.378306933208,0.2446606232080001,0.278700634308,0.278515342,0.278515342,0.07725222200000001,0.034317092,0.0,0.0,0.0,0.0,0.0,0.0,0.0,0.0,0.0,0.0,0.0,0.0,0.0,0,0,0,0,0,0,0,0,0,0,0.0,0.0,0.0
110582>110589,719,719,SFDu,Stratford,NR Great Eastern // DN,719,SFDu,Stratford,LO North London // WB,Alight-Interchange-Board,58.67823541290276,0.05705150134692,0.8631697653055901,9.72548638079024,29.43130642496,16.341288158,2.259933182499999,0.0,0.0,4.027642199999999e-07,7.2513242e-07,1.0347638e-06,1.3334169e-06,0.0225166954169,0.03453130985268,0.03453130597737999,0.03453117747037,0.03453150799675,0.01201637981811,1.75403691e-06,1.94467409e-06,2.76718004e-06,0.06076012600056,0.1171615921792,0.1648014727604,0.2024149536303201,0.20241478358146,0.36336525558146,0.33833000758146,0.2906897355814601,0.25307701240054,0.2725622038190801,0.10329580381908,0.09614956781908003,0.2240051198190801,0.258169141,0.298327088,0.295671788,0.426068912,0.45777851,0.4891760300000001,0.4618717680000001,0.447943762,0.2933301876292,0.1337687239257999,0.0942751899258,0.6702328199258001,0.6965777659258,0.7387066462966,1.02408232,0.9980310217399999,0.3897336817400001,0.7862704617399999,0.98837543574,1.38302151574,1.516610712,2.482597832,3.643274952000001,4.356998612,3.676973172,4.4540166,3.61932385,2.1341096,1.64190168,1.84868814,1.57868686,1.66009533,1.75642134,1.3580848,1.69855042,1.13232682,1.1096884,0.8931010360000001,0.9584092359999999,0.7053340960000001,0.630908376,0.44122802894,0.4276247481,0.3118988501,0.0177219101,0.0934203901,0.09303631716000002,0.09269760200000003,0.07569848000000001,0.07569848000000001,0.0,0.0,0.0,0.0,0.0,0,0,0,0,0,0,0,0,0,0,0.0,0.0,0.0
110582>110590,719,719,SFDu,Stratford,NR Great Eastern // DN,719,SFDu,Stratford,DLR (Stratford route) // OB,Alight-Interchange-Board,36.671270978544,0.2359028595248,0.3683303450688,9.095721659850401,15.28833403,10.4518761312,1.2311059529,1.9183878e-06,1.9183878e-06,0.0471698963878,0.0471742756278,0.0471778302122,0.0471792674896,0.04718108617900001,1.66668528e-05,1.78036436e-05,1.8111812e-05,2.27171416e-05,2.764183520000001e-05,3.322557380000002e-05,3.4223839e-05,4.344801939999999e-05,0.0736053210246,0.07361686351760001,0.0736190446904,0.07363733580639999,0.0736546081652,0.0001167721472,0.0001259711512,0.00016324064,0.074852481228,0.07490954910400001,0.07494767503800001,0.07511374859800002,0.07532417320400002,0.000972476484,0.001183325776,0.08382216785999999,0.08530826061999999,0.08883616214,0.09184029845999997,0.109031287,0.08964836100000001,0.5528129897999999,0.6686102306,0.950694945,1.41677916,1.5227191,1.113336196,1.000194274,0.944378814,0.7376308140000001,0.8667759340000001,1.00376185,1.539586932,1.519690592,1.647393832,1.704488072,1.82764058,1.33897633,1.189710634,0.90319092,1.00948754,1.01896142,1.036891256,1.132660626,1.13080308,0.73681156,0.4257246388,0.5780226928000001,0.5663120248,1.0549020448,0.9870916048,1.00087259,0.7828225932000001,0.6923925952000001,0.1349303552,0.1359027184,0.10901353568,0.10323257248,0.04961663118,0.00233739118,0.00163346642,0.0007549051400000001,0.0007549051400000001,0.00026843844,0.00026843844,0.0,0.0,0.0,0,0,0,0,0,0,0,0,0,0,0.0,0.0,0.0
110582>110592,719,719,SFDu,Stratford,NR Great Eastern // DN,719,SFDu,Stratford,DLR (Stratford Int'l route) // OB,Alight-Interchange-Board,87.72692482539999,7.323358272680002,4.5132165099,16.62073798282,30.10220604,18.91294356000001,10.25446246,0.030993866,0.030993866,0.653505166,0.6569625524,1.2969141124,1.7586121864,1.7586121864,1.13676433708,1.32655687068,0.8641407906799999,0.39780987468,0.46173589468,0.4613251899,0.26828533248,0.09113529114,0.06515342866000001,0.05729823666,0.14290097076,0.14327539412,0.23359923546,0.23813219794,0.18456604134,0.1684836693400001,0.2049424514,0.2787766914,0.2738645674,0.33679297,0.273119048,0.269318566,0.104775046,0.284719906,0.243486764,1.246623978,1.213381192,1.374590212,1.201003776,1.275087934,0.381630614,0.4863260540000001,0.370060174,1.18662903,1.25657176,1.51338034,2.254475,2.20953186,1.70561536,1.74652632,3.20736586,2.57807122,3.81437102,3.7882735,3.906018860000001,2.07259166,2.35978844,1.32648034,1.3875716,1.68380438,1.765395,1.31301274,1.57083276,2.17226184,1.54914592,1.61910354,1.714345872,1.876768432,0.921334832,1.328320432,1.398617812,1.2520655,0.80461512,1.17960188,0.86090394,0.63905832,0.96373358,0.7879496800000001,0.95380712,0.86551946,0.86551946,0.5408441999999999,0.5408441999999999,0.0,0.0,0.0,0,0,0,0,0,0,0,0,0,0,0.0,0.0,0.0
110582>110593,719,719,SFDu,Stratford,NR Great Eastern // DN,719,SFDu,Stratford,DLR (Stratford Int'l route) // IB,Alight-Interchange-Board,75.53240089770404,0.0001989415708,0.7658309728932,10.27010763124,34.45424552199999,25.23132226,4.810695569999999,0.0,0.0,1.0246826e-05,1.79725614e-05,2.76507514e-05,3.9275853e-05,5.0584245e-05,5.3211334e-05,6.33912254e-05,7.788198140000001e-05,0.0001125860338,0.0001441098358,0.0002538346548,0.000317859914,0.080877144968,0.08127054535400001,0.08201539628,0.083315968806,0.23592454392,0.20145770992,0.23661563038,0.23779605586,0.2404529916,0.08907220160000001,0.1385230056000001,0.1029253556,0.10128149382,0.09742416456,0.0962338784,0.0006664544000000001,0.0008420059800000001,0.0007289255,0.13086661976,0.13074718992,0.36845572992,0.6292371183400001,1.037277752,0.90691728,1.06861549,1.001726138,1.060355498000001,0.7538010580000001,0.8857099520000001,0.953835642,0.9994834340000002,1.882987414,1.781290054,1.78833048,2.05822104,2.3376194,2.056599820000001,3.80746342,3.6685141,4.935335240000001,4.8337846,4.30461652,2.728768,2.92324038,1.7747915,2.2002419,2.39782376,2.43867648,2.57557876,2.40009596,1.92877346,1.33828898,1.2776277,1.24741538,0.80481146,0.66302668,0.7303085,0.7523540100000001,0.45119167,0.55839681,0.35173899,0.28445717,0.10720514,0.10720514,0.0,0.0,0.0,0.0,0.0,0,0,0,0,0,0,0,0,0,0,0.0,0.0,0.0
110583>110501,719,719,SFDu,Stratford,NR Great Eastern // UP,719,SFDu,Stratford,EntEx,Alight-Exit,398.0159573783999,20.8992995724,12.38640502,248.30904394,74.37764096,35.72789604000001,6.315671846000001,0.9921579106,1.0025183526,3.1802925526,3.1802925526,3.795211682,3.649107202,3.63874676,1.46097256,1.46097256,0.8417214,0.0,0.0,0.0,0.0,0.0,0.0,0.0,0.5481304,4.5160026,5.019578060000002,5.593129000000001,6.434291400000001,9.429243,5.773891660000001,10.541149,10.15118342,13.65589762,10.46051132,15.61459346,10.429752216,14.296919056,10.402497616,14.215467516,8.974514876,12.07092932,8.20009652,11.68235036,7.625546620000001,10.66850126,7.633274328000001,11.979907928,8.297076588,11.703070728,12.475249128,12.85612034,8.464827380000001,8.92136836,6.307351660000003,3.05953716,2.91331828,3.48785868,3.72849064,6.54124854,5.9856523,6.27434764,5.83751998,6.32924008,2.81762318,3.70672852,3.228688734,4.563881754000001,3.124111054,3.704935754,2.5841787248,2.4587469248,0.8824702048,1.4374279848,0.8898631248000001,1.475938034,1.4141519682,1.3822628882,0.8511804542,0.6870473182,0.1275120762,0.122242988,0.122242988,0.09836764199999999,0.032260638,0.0,0.0,0.0,0.0,0.0,0,0,0,0,0,0,0,0,0,0,0.0008216170000000001,0.0008216170000000001,0.0008216170000000001
110583>110514,719,719,SFDu,Stratford,NR Great Eastern // UP,719,SFDu,Stratford,Central // EB,Alight-Interchange-Board,89.04973886768553,1.967107564,1.807911156,44.044001273987,25.56269552,12.469313328,3.1987100256985,0.0,0.0,0.3231822,0.3231822,0.360396994,0.42784279,0.42784279,0.10466059,0.10466059,0.067445796,0.0,0.0,0.0,0.0,0.0,0.0,0.0,0.09000712599999999,0.7380324859999999,0.8077651579999999,0.8488259,0.9456348459999999,1.38274006,0.7914407080000001,1.350255636,1.369151004,1.763214778,1.317669546,2.097699198,1.529143446,2.109689016,1.646509774,2.167788666,1.351663144,1.871971776,1.289495476,1.915850058,1.3130134447974,1.9648042467974,1.5375031207974,2.9217798807974,2.3791142207974,3.589177834000001,4.589865494000001,4.67682726,3.32889844,3.605211440000001,2.6868344,1.24689884,1.076746996,1.092611676,1.082958116,1.691588696,1.608562856,1.70146612,1.76409068,1.96233458,1.0814209032,1.3040890432,1.1525697988,1.4193943988,0.8431086588,1.1951728756,0.8286221328,0.9166065572,0.5440781372,0.7813049772,0.4406112652,0.695005488,0.6118406519999999,0.5446819119999999,0.3074555587397,0.3788475567397,0.1654213467397,0.1494084627397,0.1494084627397,0.149407976,0.04723261000000002,0.0,0.0,0.0,0.0,0.0,0,0,0,0,0,0,0,0,0,0,0.0,0.0,0.0
110583>110515,719,719,SFDu,Stratford,NR Great Eastern // UP,719,SFDu,Stratford,Central // WB,Alight-Interchange-Board,517.7869377700001,55.25839281,20.45770908,302.1652908199999,88.39973110000001,41.32664208800001,10.179171872,0.67007088,0.719144442,7.609858042000001,7.609858042000001,10.776140042,11.620727362,11.5716538,4.6809402,4.6809402,1.5146582,0.0,0.0,0.0,0.0,0.0,0.0,0.0,0.5952468000000001,6.2442138,7.42265008,8.29333508,8.76261894,13.82984094,9.07462854,13.74984486,13.3172929,17.60632004,13.04685836,17.07180636,11.61065052,15.54289248,11.68127828,14.76433336,10.54497864,14.12563108,10.18910814,12.97833214,9.27549448,12.1248976,8.66508692,13.33684966,10.31317526,15.88808212000001,16.37195412,16.75610096,12.2104009,12.55652996,7.43644502,4.62600534,4.253706780000001,4.665161240000002,4.77199298,6.14420572,5.319231880000001,5.123888940000001,4.53606138,5.689429179999999,3.64796352,4.50952764,4.304190179999999,5.41034866,3.14177366,4.020085440000001,2.91192414,2.85074653,1.41924341,2.23474129,1.186668438,1.959826278,1.991736192,1.933539192,1.150822772,1.361421584,0.507594974,0.41235627,0.41235627,0.37957481,0.06994353,0.0,0.0,0.0,0.0,0.0,0,0,0,0,0,0,0,0,0,0,0.0,0.0,0.0
110583>110522,719,719,SFDu,Stratford,NR Great Eastern // UP,719,SFDu,Stratford,Jubilee // NB,Alight-Interchange-Board,291.2824154712821,54.10065181,16.23055814,130.85588224,54.98350676,27.31730363,7.794512891281999,1.46897366,1.543929434,6.689481034,6.689481034,10.604646174,10.799867874,10.7249121,5.579360500000001,5.579360500000001,1.5892559,0.0,0.0,0.0,0.0,0.0,0.0,0.0,0.59620572,3.86088312,4.6048529,4.97220756,5.51143108,6.84660716,3.9157825,5.51319272,5.29065676,6.33981778,4.91934698,6.46523504,4.25719976,5.71466246,4.384122199999998,5.5074612,3.78775544,5.05404546,3.763303860000001,5.291950780000001,3.72876708,5.469676440000002,4.306381820000001,7.20002802,5.57323318,7.42536768,9.61764928,9.74440532,6.736655500000001,7.096796620000001,5.931309480000001,2.42656848,2.3366479,2.79268352,3.21338084,4.07496178,3.66914596,3.66147838,3.29947298,3.35769858,1.882532828,2.326258548,2.16937522,3.32290708,2.32414668,3.044282692,2.495195312,2.45886154,1.108574292,1.827318372,1.000152486,1.583261466,1.57561932,1.480908308,0.7621921514979999,0.8802582054979999,0.385171971498,0.320523217498,0.320523217498,0.320495294,0.165330266,0.0,0.0,0.0,0.0,0.0,0,0,0,0,0,0,0,0,0,0,7.649126400000001e-05,7.649126400000001e-05,7.649126400000001e-05
110583>110576,719,719,SFDu,Stratford,NR Great Eastern // UP,719,SFDu,Stratford,Elizabeth Line // EB,Alight-Interchange-Board,24.868806138,1.894023698,0.566558848,14.210844528,3.997766581,3.437004422,0.7626080610000003,0.099766194,0.099766194,0.303257814,0.303257814,0.370322702,0.3070482,0.3070482,0.10355658,0.10355658,0.036491692,0.0,0.0,0.0,0.0,0.0,0.0,0.0,0.039287052,0.193611762,0.193611762,0.2147728160000001,0.2179834064,0.3540609144000001,0.2079166864,0.3913297864000001,0.3863655944,0.667700644,0.496074444,0.7208113620000001,0.5456891004,0.7695639384,0.5067086784,0.6409336184000001,0.4489446624,0.7797959640000001,0.55049347,0.87851981,0.752544068,0.876667752,0.5876711920000001,0.936504846,0.6446734860000001,0.776840388,0.8582779000000001,0.8151499674000001,0.4555471074,0.4345923154,0.3030685294000001,0.0980466954,0.1022179396,0.1474136496,0.1559109936,0.3804973196,0.3549677056,0.363636906,0.3867174520000001,0.39802036,0.16080336,0.318085948,0.3023978924,0.3841192044,0.3273883844,0.4528836044,0.2796628244,0.289878108,0.13988054,0.254689708,0.129194488,0.188896204,0.1782538012000001,0.1782538012000001,0.0634446332,0.07812786520000001,0.0210573314,0.0173144142,0.0173144142,0.0173144142,0.0026311822,0.0,0.0,0.0,0.0,0.0,0,0,0,0,0,0,0,0,0,0,0.0,0.0,0.0
110583>110577,719,719,SFDu,Stratford,NR Great Eastern // UP,719,SFDu,Stratford,Elizabeth Line // WB,Alight-Interchange-Board,176.3975838244801,27.56006851,11.46936792,86.14906626000001,36.252607992,12.49048464668,2.4759884958,1.21136646,1.243969718,4.619591118,4.619591118,5.143596297999999,4.720927238,4.68832398,1.31270258,1.31270258,0.7886974000000001,0.0,0.0,0.0,0.0,0.0,0.0,0.0,0.69328894,4.140915740000001,4.533763260000002,5.135152380000001,6.474358180000001,7.161878540000001,3.963014540000001,4.1703796,3.630116634000001,3.210436834,2.047322154,2.650531554000001,2.121797884000001,3.21306021,2.461804298,3.353489158,2.630366778,3.282423548,2.345222028,2.8081174,1.738093746,2.513001206,2.248275086,4.445026026000001,3.937659676,5.08545079,5.522088010000001,5.52231905,3.27144605,4.05029014,3.19892836,2.20338426,1.86081492,2.12346428,1.88288044,3.24302118,3.04017832,3.04417483,2.811706162,2.677880522000001,0.981972275896,1.064454895896,0.974423565896,1.445620793896,0.9173870738960002,1.17011836,0.988836102,1.012583318,0.3592163184,0.5608037184000001,0.3371877024000001,0.3389525144000001,0.3538466544000001,0.3447708340000001,0.1505722366,0.2181939286000001,0.2914991466,0.2224213506,0.2224213506,0.215032548,0.118277932,0.0,0.0,0.0,0.0,0.0,0,0,0,0,0,0,0,0,0,0,0.0,0.0,0.0
110583>110584,719,719,SFDu,Stratford,NR Great Eastern // UP,719,SFDu,Stratford,NR West Anglia // DN,Alight-Interchange-Board,83.61697195864002,4.207052701,2.151157032,32.25013323174,31.11042516200001,12.8702862078,1.0279176241,0.76195468,0.7666726898,0.7666726898,0.7666726898,0.7824957638000001,0.1240067358,0.119288726,0.119288726,0.119288726,0.103465652,0.0,0.0,0.0,0.0,0.0,0.0,0.0,0.004326048,0.8717776480000001,1.052298958,1.0548579196,1.05584564046,1.93508139246,1.21365865246,1.83657028246,1.83459405392,2.08479681306,1.201308498626,1.939904118626,1.136949691226,1.441124378166,1.189974141116,1.63092129555,0.7469921032700001,0.9469626906700002,0.6422319792380001,1.184747596288,0.745449518488,0.920447950768,0.7200197611920001,1.642103052624,1.188552168624,1.370781026424,2.586258506424,2.707650916,1.901454976,1.96418415,1.78023273,1.09897173,1.58079509,1.849242510000001,1.69750836,4.810739760000001,4.33997526,3.73673858,3.6429311,4.19938742,1.098691586,1.350558026,1.3558885014,1.4746673414,0.9182110214,1.0044172014,0.5205445266,0.5222206605999999,0.1152440868,0.2043065808000001,0.1061492554,0.2475685382,0.24133784438,0.23898157818,0.14991908418,0.14933466358,0.00077591558,0.0,0.0,0.0,0.0,0.0,0.0,0.0,0.0,0.0,0,0,0,0,0,0,0,0,0,0,0.0,0.0,0.0
110583>110589,719,719,SFDu,Stratford,NR Great Eastern // UP,719,SFDu,Stratford,LO North London // WB,Alight-Interchange-Board,134.208161005986,8.198498102956,4.784289620000001,74.76244092033,26.060478138,17.4048767508,2.9975774739,0.07301549267400001,0.07315059592600001,1.110089195926,1.110089195926,1.688024499252,1.727112643252,1.72697754,0.6900389400000001,0.6900389400000001,0.1120887,0.0,0.0,0.0,0.0,0.0,0.0,0.0,0.26885876,1.80067896,1.91262426,1.993999996,2.059833368,3.748444608,2.405251808,3.342762308,3.2727307686,4.748540736600001,2.8443012766,3.6500245966,2.6274640786,4.024191202,2.551177362,3.550667742,2.596282288,3.841552606,2.521956072,3.573994512,2.521319780666,3.146755774666,2.051780204666,3.412394758666,2.323279636666,3.512889048,4.440846388000001,4.392964546,2.963956026,3.02824402,2.04798678,0.8056107800000001,0.856021612,1.179656292,1.30009634,2.63273958,2.395267326,2.368990414,2.088944422,2.810972362,1.414767362,2.225482816,2.171274448,2.5934456,1.6551368,1.6784239,0.7870536,0.7287000840000001,0.2540712216,0.6196066616,0.4659418956,0.6827141355999999,0.6739626816000001,0.662750884,0.29737457574,0.32275316174,0.10553857974,0.07340980974,0.07340980974,0.073250678,0.032413158,0.0,0.0,0.0,0.0,0.0,0,0,0,0,0,0,0,0,0,0,0.0,0.0,0.0
110583>110590,719,719,SFDu,Stratford,NR Great Eastern // UP,719,SFDu,Stratford,DLR (Stratford route) // OB,Alight-Interchange-Board,174.890004284941,29.072179148,10.528245436,100.6306762517076,22.2062879210984,9.802385812346202,2.650229715788801,1.811122012,1.977375112,2.823269112,2.823269112,5.403575900000001,5.137322699999999,4.9710696,4.1251756,4.1251756,1.5324752,0.0,0.0,0.0,0.0,0.0,0.0,0.0,0.142749572,2.248802572,2.479042492,2.58513262,2.632579744,4.363576571999999,2.25884874288,4.24428422288,4.151498392880002,5.796688268880001,4.10802518888,5.909797018000001,3.747002370000001,5.953812872,4.261321377892001,6.041893257891999,4.267648631891999,5.753456079892,3.585284575892,4.655304790000002,2.68968832864,3.50757075464,2.37830499464,4.04364489864,2.9735015421892,4.8630886035492,5.8587224035492,5.5782449835492,3.912171163549201,4.11642954,2.33311468,0.69774076,0.69069404,0.797675208,0.6839773640000001,1.055615024,0.883763704,0.8029258060000001,0.6539356479999999,1.389291952,0.958252628,1.040114736,1.0191820148,1.3874594448,0.5615202448000001,0.9203466488,0.8033445961928001,0.7832192246402,0.4057437834318001,0.4698218434318001,0.06408869544959997,0.4441528800568,0.4441528531802001,0.4441504743886001,0.3800743741952001,0.4641704501774001,0.1115280681774,0.1115257858066,0.1115257858066,0.111523826,0.027425218,0.0,0.0,0.0,0.0,0.0,0,0,0,0,0,0,0,0,0,0,0.0,0.0,0.0
110583>110592,719,719,SFDu,Stratford,NR Great Eastern // UP,719,SFDu,Stratford,DLR (Stratford Int'l route) // OB,Alight-Interchange-Board,62.16899105873761,11.2986348007,0.7328873379999998,25.39814887796999,12.2835537652,8.3981560678676,4.057610209,0.4149274206,0.4163155194600001,2.14089471946,2.14089471946,2.24820012486,1.88825256486,1.886864466,0.162285266,0.162285266,0.05053104000000001,0.0,0.0,0.0,0.0,0.0,0.0,0.0,0.0116837,0.2452568,0.263130532,0.335606156,0.390966916,1.007933816,0.8567890220000001,1.20574877,1.133273146,1.561711846,0.973402442,1.302822976,0.9359894959999999,1.420693236,1.043250296,1.27721494,0.8653661000000001,1.38960196,0.931015348,1.047723828,0.8032995479999999,1.328176908,0.803944195194,1.112815127194,0.904582495194,1.394240335194,1.371979975194001,1.605684628,1.303440784,1.336374288,0.8375300940000001,0.448871846,0.29375224,0.335732924,0.853440612,1.429821446,1.3258019324,1.2844009984,1.2287019724,0.8737657924,0.27669002001352,0.4963523016135201,0.46501025381352,0.75948971981352,0.5489523398135201,1.0490081522,0.8231934554000001,0.8886090952000001,0.5751037552,1.0542673952,0.5877137872,0.66343245,0.5946753711999999,0.5946753711999999,0.3670398512,0.4821381592,0.4034642238000001,0.4009604506,0.4009604506,0.1494323306,0.0008315506000000001,0.0,0.0,0.0,0.0,0.0,0,0,0,0,0,0,0,0,0,0,0.0,0.0,0.0
110583>110593,719,719,SFDu,Stratford,NR Great Eastern // UP,719,SFDu,Stratford,DLR (Stratford Int'l route) // IB,Alight-Interchange-Board,14.93288684779,0.52694855,0.0115538036,10.7199384554,2.156989713999999,1.287002548,0.2304537767900001,0.033553326,0.03826483,0.10538971,0.10538971,0.10538971,0.071836384,0.06712488,0.0,0.0,0.0,0.0,0.0,0.0,0.0,0.0,0.0,0.0,0.0,0.0017005338,0.0098532698,0.0098532698,0.1031633158,0.4680361958000001,0.4868834320000001,0.6231001080000002,0.6231001080000002,0.6796340880000001,0.314761208,0.596644678,0.452275266,0.754682906,0.6725600559999999,0.7704504160000001,0.468019176,0.569051516,0.266643876,0.328571708,0.230681348,0.282099516,0.181067176,0.4497331960000001,0.320084188,0.4765041480000001,0.59233756,0.59233756,0.40079488,0.40079488,0.30741933,0.14016775,0.14016775,0.06304441,0.06304441,0.012304686,0.012304686,0.012304686,0.012304686,0.04540017599999999,0.03309549,0.059374838,0.059374838,0.125111438,0.092015948,0.2057255680000001,0.17944622,0.17944622,0.11370962,0.1540059060000001,0.040296286,0.04041397437,0.04041397437,0.04041397437,0.00814079637,0.008180331758,0.021795295388,0.021795295388,0.021795295388,0.013772187388,0.013732652,0.0,0.0,0.0,0.0,0.0,0,0,0,0,0,0,0,0,0,0,0.0,0.0,0.0
110584>110501,719,719,SFDu,Stratford,NR West Anglia // DN,719,SFDu,Stratford,EntEx,Alight-Exit,0.5484162,0.5484162,0.0,0.0,0.0,0.0,0.0,0.0,0.0,0.10968324,0.10968324,0.10968324,0.10968324,0.10968324,0.0,0.0,0.0,0.0,0.0,0.0,0.0,0.0,0.0,0.0,0.0,0.0,0.0,0.0,0.0,0.0,0.0,0.0,0.0,0.0,0.0,0.0,0.0,0.0,0.0,0.0,0.0,0.0,0.0,0.0,0.0,0.0,0.0,0.0,0.0,0.0,0.0,0.0,0.0,0.0,0.0,0.0,0.0,0.0,0.0,0.0,0.0,0.0,0.0,0.0,0.0,0.0,0.0,0.0,0.0,0.0,0.0,0.0,0.0,0.0,0.0,0.0,0.0,0.0,0.0,0.0,0.0,0.0,0.0,0.0,0.0,0.0,0.0,0.0,0.0,0.0,0,0,0,0,0,0,0,0,0,0,0.0,0.0,0.0
110585>110501,719,719,SFDu,Stratford,NR West Anglia // UP,719,SFDu,Stratford,EntEx,Alight-Exit,4513.7689754,170.1855704,778.4074242000002,1539.001232,1452.9379304,492.4798718,80.75694660000002,0.0,0.0,0.0,0.0,33.040106,33.040106,47.70249800000001,56.40286040000001,69.37920240000001,42.2809352,64.0758032,62.7193432,79.3781728,74.4560872,80.4537114,67.5363434,67.6804862,54.9435362,59.400971,56.10283200000001,56.9165704,53.3283296,51.54962860000001,48.55264460000001,52.70324420000002,55.55279180000001,59.72825480000001,62.45151680000001,69.68593059999999,67.777665,72.909932,71.89829499999999,71.85148600000002,68.601301,71.06747500000002,60.710568,60.492248,54.719979,59.10411180000001,56.8526038,64.6466838,72.786289,88.108012,87.00567120000001,103.3573312,114.5160132,133.547862,110.478414,133.899496,140.37385,153.942262,113.963468,144.746104,124.277858,109.836296,69.998976,84.900846,64.2935052,56.1135292,41.8442862,47.8992142,38.1741298,32.59689520000001,24.926154,25.9768082,24.6876834,26.7804488,24.28637160000001,22.7795849,18.43033710000001,16.0571037,9.05129668,6.94731328,4.57125318,2.65631378,0.26374398,0.0,0.0,0.0,0.0,0.0,0.0,0.0,0,0,0,0,0,0,0,0,0,0,0.0,0.0,0.0
110585>110514,719,719,SFDu,Stratford,NR West Anglia // UP,719,SFDu,Stratford,Central // EB,Alight-Interchange-Board,556.23007123,12.54051608,73.29108578000002,90.05529405000001,251.76906646,99.30189380000002,29.27221506,0.0,0.0,0.0,0.0,1.9738238,1.9738238,3.51716104,5.07570744,6.728969040000001,6.033212440000002,7.812972640000003,7.382186320000002,7.434757320000001,6.29699072,7.03946662,5.676110100000002,5.37276458,5.119030380000001,4.993269020000001,3.4013566,3.22481296,2.68089808,2.10517424,1.98850726,1.656351246,1.855604726,2.156362246,1.423767874,1.539236994,2.005452968,2.271389908,2.165747508,2.76121076,2.65117398,3.38636914,3.151104520000001,4.334871680000001,4.42965446,5.71402596,5.740772160000001,6.20847878,5.616208380000002,8.73595276,12.25216546,15.68366246,19.0776024,23.2374568,19.3784014,21.799515,24.2179892,25.4285932,20.2168364,24.7194388,23.69505920000001,19.928274,14.3862376,16.7357184,12.73309016,8.97797816,6.90731168,7.32670036,6.72078376,7.603071400000001,6.422328680000001,6.130882160000001,7.485880079999998,5.96622238,6.291926580000001,5.564417700000001,5.870432840000001,5.220532640000001,5.142796672000001,3.434830672,2.622377072,1.270656932,0.146170532,0.0,0.0,0.0,0.0,0.0,0.0,0.0,0,0,0,0,0,0,0,0,0,0,0.0,0.0,0.0
110585>110515,719,719,SFDu,Stratford,NR West Anglia // UP,719,SFDu,Stratford,Central // WB,Alight-Interchange-Board,918.6997366200002,51.5871046,312.60538896,239.92851224,230.9372728,74.44645557000001,9.19500245,0.0,0.0,0.0,0.0,7.113481200000001,7.113481200000001,15.9821152,21.378027,26.5211216,23.0600348,33.3520508,28.7329492,32.1656774,29.4701978,32.24183439999999,26.1244346,26.4696596,20.216061,19.35892128,14.89244648,12.05667934,9.11820684,8.461072840000002,8.66794076,8.23509536,8.653836700000001,8.4684088,8.672879199999999,9.0782008,8.998096300000002,8.629058700000002,9.027099699999999,8.183817699999999,9.6457621,9.6022536,9.9010182,9.7576778,10.4767382,8.954593000000003,9.3286701,10.2918461,11.4610539,15.4072005,18.8513057,19.172252,21.1299212,22.65520320000001,16.7109004,18.666244,22.2034622,22.6466764,18.226629,22.9517178,18.6403818,16.4926308,11.441254,13.3801204,9.7519344,8.442245400000001,6.2905656,8.201622500000001,6.964970240000001,6.435469280000001,4.92053074,4.138161699999999,2.31579213,1.81755603,1.78748715,1.70655131,1.50127089,1.7785808,1.678297414,1.140964454,0.8159510339999999,0.469691894,0.103694654,0.0,0.0,0.0,0.0,0.0,0.0,0.0,0,0,0,0,0,0,0,0,0,0,0.0,0.0,0.0
110585>110522,719,719,SFDu,Stratford,NR West Anglia // UP,719,SFDu,Stratford,Jubilee // NB,Alight-Interchange-Board,1909.030949400001,156.3635926,547.9929509999998,371.8423707000001,632.8646402000002,165.97662484,33.99077006,0.0,0.0,0.0,0.0,27.230636,27.230636,46.90665,54.9956706,65.48618420000001,44.2824758,63.92675180000001,53.61487660000001,57.76878360000001,51.6995568,54.05878720000001,39.6175222,36.0207594,28.9128416,29.1552368,23.449175,21.9271408,18.5278492,16.3544904,14.6210168,14.3214404,12.34966,12.725596,11.9382754,12.00443,11.6990558,13.6485466,14.3230816,15.0221292,13.741288,14.1639688,13.1419514,11.7871152,11.7316247,12.6530435,14.3797369,14.9160053,20.9342601,25.4822554,29.4484092,33.8928174,42.05192879999999,48.0277718,40.661889,59.2037066,71.18981059999999,78.52603800000001,64.46822100000001,74.38412100000002,56.974791,41.075911,22.407634,26.5260212,19.23754060000001,14.2749144,13.7114394,14.97061346,13.08880706,13.41967526,12.42882086,9.02671536,11.2549405,9.90498804,8.1321487,7.392865900000001,7.4539822,5.629825599999999,4.950192680000002,3.76474442,2.72192582,1.87023802,0.20699542,0.0,0.0,0.0,0.0,0.0,0.0,0.0,0,0,0,0,0,0,0,0,0,0,0.0,0.0,0.0
110585>110576,719,719,SFDu,Stratford,NR West Anglia // UP,719,SFDu,Stratford,Elizabeth Line // EB,Alight-Interchange-Board,1274.6530041,34.8704708,163.69527568,181.79353116,613.26508166,225.7727172,55.2559276,0.0,0.0,0.0,0.0,5.917389,5.917389,9.5233102,13.5123826,18.2950474,16.2358996,21.1174978,20.4495788,19.5295874,16.1261208,13.7061406,10.4784914,8.6801904,6.667509120000001,6.501124920000001,5.90808744,4.81188004,4.86985004,4.193782000000001,4.04305448,4.4098565,5.25545504,4.96712318,5.581797900000002,5.36506282,5.55815622,5.2110102,5.17653896,4.865420420000001,5.50201634,4.981121,5.51272634,4.97847826,6.749636200000001,6.34427712,8.082845520000001,7.990157520000001,13.8494395,22.4687369,31.02510866,38.08718466000001,47.6572,56.906438,45.8320948,49.57706080000001,55.6197548,66.822164,51.373024,61.90962140000001,58.344354,51.7018606,29.4343246,34.874873,29.0744356,23.12542980000001,17.577176,20.0472568,18.9094104,15.9170466,14.7187482,13.7880328,13.5850362,11.2170498,12.938222,12.7114788,11.7099242,10.63787146,9.15529628,5.690327880000001,3.25171668,1.64717188,0.45214042,0.0,0.0,0.0,0.0,0.0,0.0,0.0,0,0,0,0,0,0,0,0,0,0,0.0,0.0,0.0
110585>110577,719,719,SFDu,Stratford,NR West Anglia // UP,719,SFDu,Stratford,Elizabeth Line // WB,Alight-Interchange-Board,417.53188073,18.23715868,134.01695844,101.19546656,121.67079322,37.56613527600001,4.845368554000001,0.0,0.0,0.0,0.0,3.479578,3.479578,5.063589400000001,6.21441328,10.13055588,7.693152020000001,13.16986102,13.1123035,17.24633422,16.24423722,16.53256272,12.06785286,11.35683638,6.540037220000001,5.38964462,4.533580780000001,4.61905678,4.25651588,4.93487224,3.80691108,4.03109904,3.1808515,3.609845,2.71679484,2.9083861,2.71310698,3.77001418,3.44800854,4.18902862,3.85762312,4.66014128,3.84527516,3.94447946,3.97676634,4.16620744,3.961413840000001,4.63796076,5.846356299999999,7.173789100000001,6.940962980000001,8.36054998,10.61579038,11.00097418,8.646872779999999,9.78448746,10.09232386,11.81174446,9.55907646,11.67663266,12.2489848,11.5069164,6.3664398,6.911437960000002,5.280544520000001,4.007991440000001,2.20345138,3.00921398,2.89678602,2.9830753,2.50409914,2.58360358,1.914540012,1.806442892,1.464949052,1.21019292,1.012376746,0.911375214,0.6937241740000002,0.462265974,0.306091946,0.14251954,0.10682204,0.0,0.0,0.0,0.0,0.0,0.0,0.0,0,0,0,0,0,0,0,0,0,0,0.0,0.0,0.0
110585>110582,719,719,SFDu,Stratford,NR West Anglia // UP,719,SFDu,Stratford,NR Great Eastern // DN,Alight-Interchange-Board,97.72924641913002,3.42874656,9.335214464691997,39.756391800038,12.9071058334,22.555335821,9.746451940000002,0.0,0.0,0.0,0.0,0.6429816800000001,0.6429816800000001,1.0713916,1.0713916,1.16834328,0.5554992,0.8736325999999999,0.44522268,0.61411452,0.52488197,0.49544068874,0.17730728874,1.10183854874,0.93323438734,1.22317293734,1.222526363792,1.685100563792,0.7607288444239999,1.439051485824,1.141426929912,1.81314278472,1.350681453414,1.753540632782,1.117119076782,1.638970152694,0.967324423934,1.42248223524,1.15389902524,1.57869420124,1.05700599908,1.88014146784,1.42487078784,1.68770085784,1.22254164424,2.0507409264,1.4613526064,3.2528034064,2.9083707264,2.9085484238,2.0801531438,2.0715316238,0.3531521898,0.5914664298000001,0.589464006,0.7229717859999999,1.254732166,1.5919812,1.30083406,1.326041868,1.535005368,0.990122768,0.579802368,0.6151360619999999,0.5928924745999999,1.1686837946,0.9565605146,1.0791322206,1.1182581566,2.659491736,1.741229136,2.559728536,2.68740035,4.46051032,2.91631252,3.09258682,2.43773056,2.42452094,0.57695134,0.57695134,0.40067704,0.2370339,0.0,0.0,0.0,0.0,0.0,0.0,0.0,0.0,0,0,0,0,0,0,0,0,0,0,0.0,0.0,0.0
110585>110583,719,719,SFDu,Stratford,NR West Anglia // UP,719,SFDu,Stratford,NR Great Eastern // UP,Alight-Interchange-Board,4.475618750000001,2.317376799999999,0.7512654659999998,0.8269916760000001,0.5799848080000001,0.0,0.0,0.0,0.0,0.0,0.0,0.5793441999999999,0.5793441999999999,0.5793441999999999,0.5793441999999999,0.5793441999999999,0.0,0.0,0.0,0.0,0.0,0.0,0.0,0.0,0.039668682,0.039668682,0.092583902,0.119817306,0.132036692,0.09236801,0.09236801,0.03945279,0.012219386,0.0,0.0,0.0,0.01373687,0.01373687,0.01373687,0.01373687,0.05666476600000001,0.04292789599999999,0.04292789599999999,0.04292789599999999,0.04292789599999999,0.0,0.0,0.0,0.0,0.0,0.05540565200000001,0.05540565200000001,0.05540565200000001,0.05540565200000001,0.05540565200000001,0.07167244,0.07167244,0.07167244,0.07167244,0.07167244,0.0,0.0,0.0,0.0,0.0,0.0,0.0,0.0,0.0,0.0,0.0,0.0,0.0,0.0,0.0,0.0,0.0,0.0,0.0,0.0,0.0,0.0,0.0,0.0,0.0,0.0,0.0,0.0,0.0,0.0,0,0,0,0,0,0,0,0,0,0,0.0,0.0,0.0
110585>110589,719,719,SFDu,Stratford,NR West Anglia // UP,719,SFDu,Stratford,LO North London // WB,Alight-Interchange-Board,142.792737838,7.02058032,45.79540798,34.936735648,32.63241547200001,21.473898728,0.9336996900000001,0.0,0.0,0.0,0.0,0.98258666,0.98258666,2.16764286,2.88776414,3.90118674,3.25893762,5.39737362,4.57763154,4.89387506,4.224351599999999,4.546367060000001,2.5979613,3.42649168,2.78460818,3.33507704,2.85154654,3.13399378,2.127771612,1.836100332,1.537032952,1.561796032,1.250863452,1.43010894,1.66609844,1.48463278,1.356328432,1.473133792,1.203787266,1.071912266,0.8013844459999999,1.233558954,1.05910468,1.03815435,0.90809947,0.803787578,0.325181166,1.14485458,1.150640892,2.513730852,2.824678604,3.185491876,2.461685584,4.372458108,2.932498508,3.528563808,3.421822808,3.7927333,1.7996035,2.370756500000001,1.63325096,1.85211206,1.28143846,2.15791618,1.7821825,1.724879188000001,1.252595026,2.838116026,2.064972166,2.452322566,2.363696138,2.47445994,1.0198736,0.961199426,0.381685972,0.3296284108,0.1926089636,0.1040348436,0.08016904760000003,0.07691278160000001,0.0663973228,0.06315443000000001,0.02079389,0.0,0.0,0.0,0.0,0.0,0.0,0.0,0,0,0,0,0,0,0,0,0,0,0.0,0.0,0.0
110585>110590,719,719,SFDu,Stratford,NR West Anglia // UP,719,SFDu,Stratford,DLR (Stratford route) // OB,Alight-Interchange-Board,937.8426907500002,41.6774496,284.3693928,264.1235921,260.094182,76.65323647,10.92483778,0.0,0.0,0.0,0.0,6.852932800000001,6.852932800000001,12.4558774,15.5157066,22.9051246,21.1117492,29.8396012,28.4410786,35.6551484,30.6706402,29.1476138,24.0264928,21.6452048,14.6711456,13.6779604,12.5776332,10.49786552,10.59073252,9.53990052,8.61495236,7.13380736,8.17448504,7.958600240000001,8.248021040000001,10.0969162,11.1802154,11.781573,11.867182,11.1750594,10.453168,9.5385625,8.1773665,7.278527900000001,5.648360100000001,7.5748871,12.5231328,16.66948279999999,17.3418342,20.7838358,21.27512380000001,19.7122816,16.5399432,19.9802672,16.3221274,21.4714982,26.0510912,29.8490706,24.8495086,29.446609,25.5792886,18.436145,11.8563514,15.048059,11.7945388,7.893525599999999,7.265480500000002,8.18296546,5.637527700000001,4.43824069,4.11209195,3.28820597,3.04292155,2.92438071,3.02529854,2.39286972,2.41735188,1.92938246,1.54975728,1.30454626,0.85049142,0.33233494,0.14810382,0.0,0.0,0.0,0.0,0.0,0.0,0.0,0,0,0,0,0,0,0,0,0,0,0.0,0.0,0.0
110585>110592,719,719,SFDu,Stratford,NR West Anglia // UP,719,SFDu,Stratford,DLR (Stratford Int'l route) // OB,Alight-Interchange-Board,762.0409028000003,75.15288040000002,175.30327716,145.75146582,228.62485732,109.54192038,27.66650172,0.0,0.0,0.0,0.0,15.496898,15.496898,19.7120392,24.44704520000001,31.77747420000001,18.486091,23.8227826,21.286469,19.6627766,13.910068,12.7131375,8.4703909,8.823683500000001,6.190322620000001,5.24574122,4.91434002,4.69815382,3.23694192,3.784425000000001,3.575752560000001,3.80986954,3.32518242,3.75691072,3.12851174,4.305757980000001,4.227933500000002,4.749361480000001,4.14780468,4.649406460000002,3.485106200000001,5.0536084,4.52312504,6.03081164,6.76946344,10.2167951,9.4876219,12.2407522,12.159385,13.5196036,10.86918148,10.97787548,13.55323088,20.69204408,17.69453508,20.248305,23.1330966,23.1069206,14.1407082,22.12232980000001,22.5056092,23.06826420000001,17.3819382,20.4193214,13.35844088000001,10.43436548,6.041865420000001,10.80582182,8.286940480000002,8.8742866,7.798712900000001,8.742484560000001,4.39842772,5.49630246,4.88495066,6.987841359999999,5.308907108000001,5.760983348000001,4.21881828,3.32208288,1.04746988,0.946187332,0.07421153200000001,0.0,0.0,0.0,0.0,0.0,0.0,0.0,0,0,0,0,0,0,0,0,0,0,0.0,0.0,0.0
110585>110593,719,719,SFDu,Stratford,NR West Anglia // UP,719,SFDu,Stratford,DLR (Stratford Int'l route) // IB,Alight-Interchange-Board,48.87301517743002,1.296246164,3.611743146602,14.346419250868,16.85387753492,12.70094209068,0.06378699036000002,0.0,0.0,0.0,0.0,0.1972622520000001,0.1972622520000001,0.4490652720000001,0.4526563880000001,0.926748308,0.7313350068000001,0.7510878808000001,0.4999734487600001,0.50862291556,0.03485244054000002,0.03698349634000001,0.017400982334,0.018886649974,0.006767693214000001,0.006541890440000001,0.07254243383999999,0.380117693846,0.3779987761940001,1.001059010154,1.227271107948,1.229536811948,0.921836775966,0.9218399965180001,0.298706839934,0.128071923934,0.055882832014,0.05591852854000001,0.05593253806,0.058243088844,0.5177948648440001,0.517891075344,0.5179512327920001,0.5185377691120001,0.7708765349120001,0.256024505532,0.511483892952,0.6716048349600001,1.12349437062,0.86993825826,1.35840598764,1.45514202764,1.29808146504,0.8507338860400001,0.8495919784,1.4262234184,1.7166038584,1.942672501,1.93747144,2.02802186,1.3751122,1.10174668,0.8724762200000001,0.99154592,1.9389149,1.5403245808,1.4875171208,1.4909812688,1.374293465,0.975926045,0.9627526099,0.6470250273000001,0.64402273316,0.6422204943600001,0.00541792556,0.004892410220000001,0.01146121282,0.01302825696,0.012609008848,0.009859597648000006,0.009586787288000005,0.002189307288,0.000160409288,0.0,0.0,0.0,0.0,0.0,0.0,0.0,0,0,0,0,0,0,0,0,0,0,0.0,0.0,0.0
110588>110501,719,719,SFDu,Stratford,LO North London // EB,719,SFDu,Stratford,EntEx,Alight-Exit,6458.286281,123.2987502,1231.1533286,2170.8343852,2044.3215686,659.8341035999999,228.8441448,0.0,0.0,0.0,4.2311078,11.6883638,21.89341180000001,37.4888978,47.99696900000001,64.5817512,71.8753452,76.2280772,90.3424712,116.068558,115.609623,121.517089,132.234297,122.9993102,113.4406982,103.2586552,102.9974532,91.32545120000002,85.404498,74.15543000000002,76.24118320000002,72.96076120000002,74.52675119999999,74.2252572,75.33445920000001,84.508697,87.05669300000001,95.901587,99.48660600000001,101.979382,98.81231300000002,95.262449,89.067715,89.296908,91.833248,88.49262,87.98854399999999,90.63000799999999,102.317198,111.878912,132.147714,137.631012,157.0403,172.932726,168.38987,169.057784,197.386348,202.111926,182.855258,192.223762,181.69042,156.1644088,126.8377538,111.336429,90.20900500000002,73.56231860000003,61.5412042,53.87239399999999,50.6050838,42.41089720000001,40.30752560000001,36.34292979999999,34.608443,32.7194502,32.31842320000001,32.5914038,30.9066168,29.32778380000001,30.3581584,28.54715220000001,25.17889580000001,20.3380382,16.0513572,9.289004400000001,4.870490200000001,1.385244,0.0,0.0,0.0,0.0,0,0,0,0,0,0,0,0,0,0,0.0,0.0,0.0
110588>110514,719,719,SFDu,Stratford,LO North London // EB,719,SFDu,Stratford,Central // EB,Alight-Interchange-Board,1862.4965088,15.25966148,157.18263942,360.1149226000001,917.8174137999999,307.1938926,104.9279789,0.0,0.0,0.0,0.4979206,1.15985626,2.04747194,4.547157940000001,7.00725474,10.05232734,11.88518028,13.8421246,15.4556954,17.8835476,16.1532412,15.3492802,14.7986274,12.3766586,10.2569512,9.5160566,9.612949,8.80997828,8.54601768,7.774971880000002,8.329721880000001,8.328208280000002,9.019433,9.340157199999998,9.1505034,9.8035956,10.3967,11.045539,12.1568182,13.3887378,13.9958122,14.6865002,14.9884378,15.7945412,16.9634792,18.0905418,20.020252,22.7488422,28.3836384,31.0435394,37.30895600000001,44.27833040000001,56.70536840000001,65.76210999999999,72.35524740000001,78.9371114,92.870668,97.172598,91.676353,95.680713,90.04564700000002,74.67954800000003,57.65371920000001,50.2338354,39.6050774,32.426545,26.8982724,25.010078,22.9339942,20.0180568,19.9253152,18.5468224,17.3841636,17.7081028,16.5036294,15.0784098,13.9087384,13.7481882,13.3789492,12.7262284,12.030867,9.87799594,7.524732140000001,4.20527254,2.14136414,0.30723314,0.0,0.0,0.0,0.0,0,0,0,0,0,0,0,0,0,0,0.0,0.0,0.0
110588>110515,719,719,SFDu,Stratford,LO North London // EB,719,SFDu,Stratford,Central // WB,Alight-Interchange-Board,1054.717317100001,21.29945196,343.7284392400001,292.8293141,259.9496898,91.88468951999998,45.02573248,0.0,0.0,0.0,0.64279876,2.10391456,2.93031808,6.68807988,8.93434068,12.21325552,15.79222152,21.3610542,26.929295,36.5831472,39.65131160000001,42.27440420000001,41.390884,35.88084780000001,28.4212448,23.4028232,19.8279502,16.027351,13.41894648,11.19893368,11.60405908,9.82817748,9.86810408,10.3190875,10.0711969,10.1018865,9.576774499999999,9.9526147,10.7330408,10.6963324,9.82371972,9.413540800000002,10.1485776,9.431823399999999,10.7689038,11.59552468,13.8553462,14.3550862,18.6839542,18.9729572,22.3833752,22.4633624,23.14702440000001,22.3668102,22.7843636,21.530642,21.9000836,24.9570478,22.8673118,22.4092436,20.4837376,19.98464400000001,15.0554188,13.2862636,12.3098244,12.2769874,10.4123106,9.21913536,8.91830096,7.216317459999999,5.06294426,3.756819060000001,3.22907424,3.01582124,3.18089094,3.54828354,4.54652754,5.049144400000001,5.2740865,5.823510100000001,6.41498202,5.207386760000001,4.252628560000002,3.12979406,1.57225666,0.2071323400000001,0.0,0.0,0.0,0.0,0,0,0,0,0,0,0,0,0,0,0.0,0.0,0.0
110588>110522,719,719,SFDu,Stratford,LO North London // EB,719,SFDu,Stratford,Jubilee // NB,Alight-Interchange-Board,2320.749642299999,56.31073680000001,513.0015472,508.7285619,877.0078318000002,261.6584062,104.0425584,0.0,0.0,0.0,3.4067436,5.672069,9.2135134,16.484836,21.5335748,30.86005800000001,35.2956586,38.7870902,45.5422756,59.0887128,52.72218980000001,54.78030079999999,57.0623428,48.5017746,33.963605,30.5119714,25.8855676,20.2288042,16.6012918,16.8517834,17.4307,15.922417,15.023776,16.197674,14.3719008,13.7241194,15.5827664,18.5481456,20.0610182,23.238486,23.7976658,24.0317286,22.2560466,23.984931,22.6381106,21.0154803,20.0783809,22.3062727,25.0407233,32.2986781,47.49766120000001,54.07545740000001,67.07182580000001,80.96599080000001,83.37776780000002,81.37520380000002,89.60496900000003,90.540624,78.3578894,77.22513740000002,71.95504460000002,58.732554,43.72536779999999,37.5449418,29.281303,23.3432244,21.0155154,20.642552,19.7110964,17.6914856,17.556599,19.971058,18.2336676,17.969581,18.697382,18.4027504,14.1918342,15.2395106,14.3827234,12.1678856,10.3370503,9.30965156,5.270389160000001,2.80318116,1.72411556,0.21346646,0.0,0.0,0.0,0.0,0,0,0,0,0,0,0,0,0,0,0.0,0.0,0.0
110588>110576,719,719,SFDu,Stratford,LO North London // EB,719,SFDu,Stratford,Elizabeth Line // EB,Alight-Interchange-Board,2284.768764599999,26.9869961,249.95684506,362.69715764,1126.6243042,403.6247574,114.8787042,0.0,0.0,0.0,1.0515397,2.5426998,4.373467000000002,7.5354812,11.4838084,14.6504187,17.89962580000001,20.5527716,24.5145604,27.9332864,27.5195538,26.197047,25.6737076,20.7803562,16.9692062,14.36189068,12.90442068,9.93953294,9.49302294,7.296813460000001,8.12676338,7.68616592,8.980151860000003,8.65907746,9.37751834,9.96903674,11.5214478,11.0359238,11.9643892,13.0617848,13.670162,12.8701754,14.134516,14.3272466,15.8396768,16.820458,19.5072516,20.3412928,27.8644844,32.130489,48.0797764,54.9628942,72.9789406,88.88137180000003,98.13457079999999,96.7279988,112.45064,115.811258,103.761356,107.254078,106.427492,92.22895880000002,77.00474520000002,69.50009720000001,56.26014520000001,44.8235958,38.798405,32.6291558,31.4553558,28.6579104,25.2037544,21.1475884,20.48928,18.3585996,16.3008698,16.1485402,15.5142238,14.6559636,15.4052936,13.9794382,12.9580434,10.72220872,8.35304612,4.45306052,2.27415712,0.4147289200000001,0.0,0.0,0.0,0.0,0,0,0,0,0,0,0,0,0,0,0.0,0.0,0.0
110588>110577,719,719,SFDu,Stratford,LO North London // EB,719,SFDu,Stratford,Elizabeth Line // WB,Alight-Interchange-Board,705.8596697138,18.9178422,246.329532,163.05443166,202.72296478,52.25347978000001,22.5814192938,0.0,0.0,0.0,0.5184320400000001,1.30005684,2.45740624,5.66539584,8.976551240000003,14.0231124,16.6142992,20.0806284,22.8627008,26.5612054,24.5640022,23.2345288,23.5117256,22.9563256,19.2097508,16.5019186,16.2093342,12.1230049,7.950827300000001,6.758153900000001,7.095950200000001,6.720239,6.7462515,6.8729375,5.89563664,5.79103468,5.766958280000001,6.13445688,5.99020978,6.52734064,6.1604543,6.049938000000001,5.31237994,5.183411640000001,4.890051440000001,5.311307320000001,5.53673222,6.492417820000001,7.51118162,9.22168622,11.01186994,11.17281694,14.205614,16.1201406,18.1780194,19.033308,23.8635502,23.3275224,21.2035631,19.0862771,16.3703517,11.25317064,8.908630699999998,7.50850868,6.270962480000001,6.13948648,5.796881280000001,5.09413488,4.937375840000001,3.50836556,3.06578008,2.57963168,1.95789722,2.28827582,3.10617978,2.90946068,2.859213,3.25660144,3.345486,2.97624928,2.674815082,2.21458366276,1.56326202276,0.7755938227599999,0.005504062760000001,0.0006502407600000001,0.0,0.0,0.0,0.0,0,0,0,0,0,0,0,0,0,0,0.0,0.0,0.0
110588>110582,719,719,SFDu,Stratford,LO North London // EB,719,SFDu,Stratford,NR Great Eastern // DN,Alight-Interchange-Board,169.784752493317,1.079233879317,12.94119211,74.37650792400001,33.99315312,39.7606646,7.63400086,0.0,0.0,0.0,1.9786634e-06,0.1792345986634,0.1792345986634,0.2980787386634,0.4226839646634,0.532545076,0.442508942,0.577861282,0.7373968420000001,0.750024826,0.7561806640000001,1.096845178,1.08699273,1.68450463,1.661947192,1.674097074,1.940287674,2.391150002,1.630687322,1.688438978,1.647712220000001,1.70767158,1.150857686,1.076172728,2.41153138,3.067427768,2.330084944000001,2.417210610000001,4.226304648,4.084478168,3.510029328,3.657295372,5.486160180000001,4.9900519,3.92265012,4.35362724,4.374680174,4.197555073999998,3.326466354,3.349859734,3.378404414,3.56411318,2.88357338,3.35284926,3.3498418,2.86620124,2.83496356,2.88677516,2.26256874,2.356531,2.8293423,2.805734880000001,2.00065862,2.10312642,1.90368018,1.4803657,3.00042572,4.26228188,4.028150068,3.86041262,5.486259560000001,4.23561272,2.93089116,3.109691772,3.3597668,1.60615219,1.32292945,1.33270141,1.070791562,0.7749942220000001,0.7686037459999999,0.464562526,0.173046726,0.060109514,0.060109514,0.0,0.0,0.0,0.0,0.0,0,0,0,0,0,0,0,0,0,0,0.0,0.0,0.0
110588>110583,719,719,SFDu,Stratford,LO North London // EB,719,SFDu,Stratford,NR Great Eastern // UP,Alight-Interchange-Board,23.83761484982389,1.38627488,2.628285668,12.242935760791,3.692823583,0.9732323290389719,2.914062628993918,0.0,0.0,0.0,0.0,0.3465687200000001,0.3465687200000001,0.3465687200000001,0.3465687200000001,0.3465687200000001,0.0,0.0,0.0,0.0,0.0,0.0,0.0,0.0,0.5331776999999999,0.6737789540000001,1.074760294,1.204496294,1.256671458,1.034880038,0.8942821466162001,0.7674891866161999,0.7307500526162001,0.7506460946161999,0.5407494146162001,0.5816337060000001,0.338113778,0.245118259942,0.237918739942,0.210232289942,0.186240465942,0.226447569942,0.304166578,0.424636012,0.41952821,0.481991792,0.411116236,0.4161988600000001,0.253566356,0.184871008,0.141191214,0.203187694,0.181246874,0.318724812,0.361889598,0.389883416,0.392286006,0.373740116,0.2135535620000001,0.340113396,0.316137196,0.314988752,0.287072161,0.28707226302768,0.15565976502768,0.17300245702768,0.109751921704944,0.0953523354806,0.09535223345292,0.057040175347186,3.10835482e-07,2.7010915e-07,1.77333494e-07,2.27263644e-07,1.92428512e-07,1.73619004e-07,1.68063566e-07,1.68063566e-07,0.5828124181334161,0.582812421886966,0.5828124179244121,0.5828123735289181,0.5828123735289181,7.352891800000003e-08,4.071623400000001e-08,0.0,0.0,0.0,0.0,0.0,0,0,0,0,0,0,0,0,0,0,0.0,0.0,0.0
110588>110584,719,719,SFDu,Stratford,LO North London // EB,719,SFDu,Stratford,NR West Anglia // DN,Alight-Interchange-Board,141.36899622179,10.777443517738,57.409312634952,15.6699939761,41.448449429,14.975423482,1.088373182,0.0,0.0,0.0,0.0016985722,0.1942019522,0.1965960826,5.1924628826,5.192484028138,7.357514855938,7.235844415938,7.851995045538,2.939481425538001,6.92921628,5.30660914,5.2357762,5.16969622,5.35145804,1.67295998,1.12883772,1.229923312,0.6792446108,0.4396850268,0.1294614034,0.1332816579999999,0.102040306,0.1422123272,0.11714311668,0.43442444008,0.43097265278,0.5010191327800001,0.5300401327800001,0.7509096673000001,0.5702619813,0.61919524,0.4796162748400001,0.6257179548399999,0.5287852348400001,0.7585456408400001,0.8024098748399999,0.9299129,0.7128321200000001,1.60710702,1.23967866,2.4054966,2.2936666368,3.3048963368,3.7399856168,3.7399856168,2.4964015498,4.165809533,4.554383833,3.100596633,4.418528633,4.62112812,2.93573532,2.0773316,2.0773316,1.67932854,1.46132922,2.17567496,1.73751648,1.85186018,1.06347386,1.1828255,0.530021568,0.50285596,0.401065158,0.312140456,0.2010094328000001,0.2645567328,0.1884805408,0.1759276428,0.1333097248,0.125089108,0.0,0.0,0.0,0.0,0.0,0.0,0.0,0.0,0.0,0,0,0,0,0,0,0,0,0,0,0.0,0.0,0.0
110588>110590,719,719,SFDu,Stratford,LO North London // EB,719,SFDu,Stratford,DLR (Stratford route) // OB,Alight-Interchange-Board,816.4365318199999,18.02240084,240.00865926,184.2746199,274.83078612,67.03801048,32.26205522000001,0.0,0.0,0.0,0.4133777200000001,1.938094,2.72168084,5.865884640000001,7.083363640000001,10.81776432,12.01035494,14.8003301,19.8228209,28.2997449,29.1252425,30.2700706,30.3235072,24.0284932,16.7485654,12.7511666,11.0105986,8.0124628,7.386947999999999,5.46199368,5.41390178,4.10407978,4.50738258,4.220052099999999,4.49630486,5.044173499999999,5.747146839999999,5.88085764,6.3839012,7.235510960000001,6.898633900000001,6.22917216,7.00073116,7.316934880000002,7.59803848,7.526744000000001,9.570196,10.5107486,13.4556262,14.5970914,19.6759874,19.4808876,22.6476724,23.5464014,24.8363576,24.4079888,27.6199804,26.2709896,24.8116082,25.0087434,22.1274268,18.6915282,15.38120172,12.43614246,9.22714496,7.04818036,5.22989506,4.49388794,3.7874436,3.213274240000001,3.41259836,3.81842186,4.32680418,4.8354741,5.20874336,5.24549816,4.973921999999999,4.74943918,4.66841466,3.89137354,3.321368220000001,2.592958324,1.659610424,0.721160824,0.381055944,0.057253944,0.0,0.0,0.0,0.0,0,0,0,0,0,0,0,0,0,0,0.0,0.0,0.0
110588>110592,719,719,SFDu,Stratford,LO North London // EB,719,SFDu,Stratford,DLR (Stratford Int'l route) // OB,Alight-Interchange-Board,893.44637436,29.62355495600001,202.699995304,193.3775817,302.1631212,117.00518024,48.57694096000001,0.0,0.0,0.0,1.18023414,3.110620340000001,3.249773892,9.454103892000001,12.628822692,14.447253952,19.485634552,21.6014056,22.6736416,24.2638788,22.5605744,19.0823724,18.6840684,12.7231574,10.2597474,9.2094326,7.708828200000001,6.638067899999998,6.80251982,5.21403186,6.54227026,5.58726466,5.511509960000001,4.744151720000001,6.225540280000001,6.698528280000001,6.657549680000002,6.98078434,7.686690260000002,6.47421654,6.21279034,6.13622108,7.21878302,7.149115520000001,8.132755040000001,9.96196344,10.15299136,11.63959276,13.75922146,13.64007946,17.61094266000001,20.2807514,23.4186678,24.7605848,27.0950242,25.9599002,29.1639166,28.8869646,27.7158692,29.8299442,24.7667162,22.4697734,17.81500860000001,15.4320882,11.9041982,11.9622628,9.3691788,9.360398199999999,10.4263392,10.4828626,9.894887599999999,8.583881199999999,7.87304466,6.640484460000001,5.07555432,5.29028726,6.43724166,5.93671532,6.00841232,7.018092860000001,6.25374682,4.46304954,3.87448982,2.71289502,0.4445264200000001,0.13748392,0.0,0.0,0.0,0.0,0,0,0,0,0,0,0,0,0,0,0.0,0.0,0.0
110588>110593,719,719,SFDu,Stratford,LO North London // EB,719,SFDu,Stratford,DLR (Stratford Int'l route) // IB,Alight-Interchange-Board,78.37948553938188,0.07508010341517,9.3454480520927,25.273956836774,23.085676692,12.2361187071,8.363205147999999,0.0,0.0,0.0,1.4365054e-07,2.92855908e-07,4.28705574e-07,3.135101574e-06,0.075076103101574,0.257589505451034,0.3218245002456661,0.348192678396,0.7951158520000001,0.8256905320000001,1.083615546,1.142915522,1.278981008,0.933593,1.056802312,0.6511234020000001,0.6500041940000001,0.4875735841408,0.4964658721408001,0.3799441121408,0.4100481821408,0.3505906501408,0.5181180999999999,0.445823402,0.602961702,0.538104417214,1.477006837214,1.483841611214,1.748265529214,1.640996497214,1.791270302,1.092845082,1.165522208,1.089844968,1.14321502,1.20112546,0.9374006720000002,1.305427192,1.561680092,1.595395712,1.810489632,2.21155062,1.9439701,1.78973736,1.76324778,1.83138802,2.10417454,2.21155646,2.14117438,2.16068254,2.05305372,1.59154482,1.283596352,1.175483732,0.9336030374200002,0.7273228094199999,0.78182290942,0.74203961742,0.82615599742,1.110569352,1.15424104,0.9471202479999999,1.149449108,1.089700288,1.598610568,1.617924748,1.81137634,1.56011355,1.44099474,0.7150276600000001,0.54860018,0.25571988,0.19751511,0.1418587600000001,0.07407418,0.0,0.0,0.0,0.0,0.0,0,0,0,0,0,0,0,0,0,0,0.0,0.0,0.0
110591>110501,719,719,SFDu,Stratford,DLR (Stratford route) // IB,719,SFDu,Stratford,EntEx,Alight-Exit,5589.582328700002,82.9830369,684.4519554,1880.6630524,1873.3444574,760.2549656,307.8848610000001,2.145599,3.10799792,4.07184804,5.17261574,11.35738294,14.74001694,18.36047162,24.0271047,30.786951,35.72714720000001,39.2458302,49.69735780000001,61.21094960000001,68.94948559999999,66.6009076,71.2692416,71.4356204,67.9763334,58.56806020000001,62.9840708,62.9881608,58.81258880000001,55.9821664,62.04135300000001,62.17911500000001,62.35462820000001,64.82699620000001,67.45916779999999,71.2105064,74.20349759999999,76.8302144,79.44327840000001,80.4208172,81.08788320000002,81.52467200000002,82.60493920000002,82.77055220000003,86.02521700000001,88.22038900000003,90.637843,94.1491058,99.5416008,100.467728,114.880632,125.070784,135.963006,138.40479,157.985444,165.972228,179.80898,176.968968,189.230696,179.28066,161.6955348,135.8017658,127.1616008,108.6505728,93.492848,75.6467004,72.85240940000001,60.2115804,50.5148398,43.73838860000001,47.3391934,49.6198774,54.82869940000001,52.5411334,50.8187226,46.8552656,35.78346880000001,29.1075382,30.6466454,28.8685226,28.4261842,29.7808164,23.7883932,19.0632762,16.0905478,11.0634832,3.983727800000001,3.5589436,0.8680480000000002,0.0,0,0,0,0,0,0,0,0,0,0,0.0,0.0,0.0
110591>110514,719,719,SFDu,Stratford,DLR (Stratford route) // IB,719,SFDu,Stratford,Central // EB,Alight-Interchange-Board,2249.0013641,21.88838454,194.7935349,359.63117336,1067.4298232,445.1361054000001,160.1223427,0.0,0.0,1.3130024,1.54043066,2.26166294,4.002382140000001,5.249214900000001,7.521691500000001,11.06572444,15.10548996000001,18.48674276,23.75321880000001,24.70338700000001,23.8657886,20.9423362,18.24532,13.4107408,10.13820186,7.738395380000001,7.3381891,7.236460900000001,7.0214799,6.943173700000001,7.49342718,7.332796760000001,6.959537559999998,7.177316960000002,8.124996099999999,8.8172423,9.7748208,10.6518024,11.367994,11.236994,12.2985552,12.87233,14.144014,15.8338138,19.575777,22.35366620000001,25.3126434,27.3426478,29.5976398,30.5562354,39.60580820000001,50.894309,62.3020346,71.05902320000001,87.94687520000002,97.1756228,106.4329068,109.3890628,117.2795028,108.9751128,98.940466,81.68932260000003,75.34558460000002,61.8956822,54.12339119999999,45.3656414,44.6325542,36.28941760000001,32.8944732,31.7485836,32.139932,29.6882334,28.4169584,25.5750214,22.3662168,22.7659798,20.2343006,20.1239702,19.0861312,18.231667,15.5221996,12.8668522,9.02513766,8.59901986,6.294967260000001,3.11139306,2.42152486,1.8391994,0.0,0.0,0,0,0,0,0,0,0,0,0,0,0.0,0.0,0.0
110591>110515,719,719,SFDu,Stratford,DLR (Stratford route) // IB,719,SFDu,Stratford,Central // WB,Alight-Interchange-Board,1793.4482719,46.28252580000001,423.8425656,336.1433356,244.1025228,538.1268695,204.9504526,0.93424788,1.84149688,3.06022348,3.958745280000001,6.270380080000002,8.4543088,9.367063,12.3960604,18.532247,28.6992346,35.6985544,45.77868480000001,51.35774379999999,51.017543,45.02891460000001,41.11163520000001,33.77827360000001,27.51588660000001,23.4456274,21.8782206,19.4531466,17.6354997,17.3166777,17.8374613,15.2103283,13.4747254,13.2027973,11.9498357,10.7500997,10.5395281,11.0506916,11.2039364,11.6695686,11.5716706,11.8765772,11.9678374,11.737401,11.8123458,16.54663780000001,16.32008,17.04963,16.40269420000001,16.6085258,12.9556394,16.10661360000001,15.9364212,17.65812540000001,19.239103,21.6963974,22.8147258,24.1252018,25.5064834,24.9451934,22.5437848,17.63098560000001,15.8994874,13.2957,10.55775632,8.58323912,9.51112952,8.03577152,7.36500406,12.56871314,38.97502294,82.44132974000001,110.72040854,118.7864956,117.286299,92.67721960000002,49.004136,21.556483,14.1320986,10.0158477,7.431390120000001,5.357470640000002,3.22110364,0.99790044,0.38987394,0.16692892,0.0,0.0,0.0,0.0,0,0,0,0,0,0,0,0,0,0,0.0,0.0,0.0
110591>110522,719,719,SFDu,Stratford,DLR (Stratford route) // IB,719,SFDu,Stratford,Jubilee // NB,Alight-Interchange-Board,1089.9289028,26.62311486,242.1845635,200.21533664,246.9550589,267.2016898,106.7491391,0.4825140000000001,0.9759963,1.71423836,2.1398447,3.620445240000001,4.761825040000002,5.694251940000001,7.233999280000001,11.79437094,16.2034818,20.5326008,26.8941802,30.0709282,29.95543480000001,27.2793574,24.7442592,19.4724046,15.25839492,11.00866472,8.970485920000002,6.51440092,5.15846264,5.51125804,6.23579544,6.28200644,6.92690964,7.52425492,7.561755600000001,7.486326740000001,7.833713540000002,7.932859540000001,7.610305340000001,7.180096460000001,7.459994920000002,7.815296120000001,8.91912212,9.29263052,10.008897,9.9009648,11.2923036,11.27733,11.1187645,10.9023461,12.4695417,12.2272561,13.0758275,14.8256834,19.6768864,21.7002336,23.8133932,23.8875306,25.963735,25.3731518,24.3711438,21.5655022,20.4747153,16.7449321,11.97124142,8.508383620000002,7.647392420000001,6.26132264,6.092480040000001,9.506653920000002,19.85108572,35.14642152,47.4991782,49.8174006,48.1551976,39.1496166,23.746969,11.545077,8.807862,6.616942160000002,5.58823866,4.54175606,3.15030806,1.99243646,1.2437933,0.3661398,0.0,0.0,0.0,0.0,0,0,0,0,0,0,0,0,0,0,0.0,0.0,0.0
110591>110576,719,719,SFDu,Stratford,DLR (Stratford route) // IB,719,SFDu,Stratford,Elizabeth Line // EB,Alight-Interchange-Board,2195.06919585,32.63653285,201.5851989,394.1548508999999,925.3145008000002,440.9527277000001,200.4253847,0.07788291000000001,1.17943411,2.11575151,2.93521725,4.79024125,6.087581340000002,6.067539140000001,9.38288534,12.1517242,16.6383212,21.207557,25.6227662,25.437272,25.6993958,20.53317868,16.72690138,12.71913762,10.28468122,7.091885940000001,7.47237766,6.743535680000001,6.84017018,6.64402918,7.82698606,7.61982074,9.00589362,9.050762080000002,10.21032028,10.00049988,10.7792238,10.1582982,11.4184446,11.0424214,12.8876962,13.8577652,17.2973384,18.5823576,22.675424,24.5412848,27.9387276,28.4740546,31.7262836,33.5546192,45.278894,49.247782,53.82231779999999,58.21720139999999,71.9982394,73.83857540000002,86.7201484,91.4393296,98.71860600000002,95.369445,92.494085,77.20102700000002,76.2477438,67.21044060000001,57.70912060000001,45.12911440000001,45.5277822,37.50145999999999,34.1915012,30.0308722,29.47362270000001,25.3542075,25.5256249,22.5689669,20.73001450000001,23.3655562,21.3268218,20.2196074,21.6979524,20.0341532,19.0403452,20.379618,14.8519164,12.51333,11.79459014,7.25895614,3.62679614,3.62679614,0.6889455400000001,0.0,0,0,0,0,0,0,0,0,0,0,0.0,0.0,0.0
110591>110577,719,719,SFDu,Stratford,DLR (Stratford route) // IB,719,SFDu,Stratford,Elizabeth Line // WB,Alight-Interchange-Board,1419.617987088856,49.2711333,462.6823325800001,369.3892500200001,277.2588194,214.9094100300001,46.10704175885581,1.1906372,1.31637974,3.668677740000001,3.956460180000001,5.738994780000001,6.283119580000001,11.84521004,15.27165404,22.8945216,25.850467,31.227999,41.520026,50.635886,51.32630640000001,53.0857268,55.39753080000001,43.79731320000001,36.11370120000001,28.00985986,22.82299472,16.21837272,15.08907592,11.90814832,14.10284886,15.6152018,15.02795,14.4793258,12.979969,12.6512336,12.2643786,13.0697148,13.1217406,13.6181022,13.2570026,14.843852,14.386839,14.0846902,13.8721394,17.8050034,18.9963044,20.121321,21.4323852,20.6083022,19.8353484,18.1767152,19.3632654,18.893829,20.8165868,23.488884,24.28289800000001,23.0161034,26.0111036,28.60934120000001,25.8674362,24.5772228,24.1554338,21.3757134,17.9898358,13.001332534,11.589038034,9.176308634000002,6.838094834000001,12.003445634,17.5618109,24.110725,28.15409320000001,30.0177792,23.09123286000001,17.86314354000001,10.22995958,6.466198780000001,3.9298958,2.56554038769396,2.19149114769396,1.73911433969396,0.66871010377116,0.17103488377116,0.1710346360772,0.1109141960772,4.364077200000001e-06,0.0,0.0,0.0,0,0,0,0,0,0,0,0,0,0,0.0,0.0,0.0
110591>110582,719,719,SFDu,Stratford,DLR (Stratford route) // IB,719,SFDu,Stratford,NR Great Eastern // DN,Alight-Interchange-Board,241.7175895792,0.7702907602,11.6206346808,63.87976859999998,90.33574266000001,62.89444158000001,12.2167112982,0.0024738662,0.0470238222,0.09252022619999999,0.09252022619999999,0.095639369,0.1653177128,0.1448255188,0.1299700188,0.1831167148,0.252559284,0.707086474,1.150834232,1.220241828,1.346567332,1.33014504,0.8695152400000002,1.09545976,1.121171672,0.941699472,1.402237632,1.550931112,1.012617212,1.4422824,1.4547470172,1.4771110972,1.3284405572,1.8274456772,1.4071081272,2.20961191,1.85709842,2.49988366,1.885254166,2.752948316,2.145314536,2.762856966000001,2.174603498000001,3.813686332,3.196986612,5.098804791999999,4.355884472,5.42780764,4.16985172,4.67512744,3.35336492,4.53555914,4.73953526,5.17655032,6.68394772,7.233997240000001,8.966942340000003,8.74546564,10.0734101,9.6413675,9.4640619,7.517649900000001,7.557255599999999,5.5799078,4.12359148,2.96345728,3.56122308,4.696729680000002,4.878425120000001,6.517548040000001,7.224755440000001,7.814719040000003,5.8306741,5.58082934,4.122581180000001,3.418059369200001,1.2025636717,1.0121155377,0.9467577976999999,0.2554863577000001,0.25334562098,0.96127551848,0.7856293924800001,0.71067897794,0.96063899794,0.96009414546,0.25005294546,0.25005294546,0.2499600200000001,0.0,0,0,0,0,0,0,0,0,0,0,0.0,0.0,0.0
110591>110583,719,719,SFDu,Stratford,DLR (Stratford route) // IB,719,SFDu,Stratford,NR Great Eastern // UP,Alight-Interchange-Board,10.827068293319,1.882411076,1.357261654,4.659534737926,0.8885350410724001,1.700515600836601,0.3388101834840001,0.0053106696,0.0053106696,0.0123909244,0.0238222392,0.2455356392,0.5323737296000001,0.5323737296000001,0.5252934748,0.5138621600000001,0.29214876,0.0,0.0,0.0,0.0,0.0,0.0,0.0,0.145291508,0.145291508,0.260667718,0.388390218,0.518896006,0.406503806,0.452577168,0.3395079166,0.2142955194,0.08446660320000003,0.05225392586,0.00695171636,0.09498432976,0.11732789616,0.15672811436,0.2439276917,0.2888203132,0.19861673358,0.1739018117,0.13399182702,0.12678824302,0.08119886774,0.08114334302800001,0.164944141708,0.164896565378,0.084213941378,0.08420803877400003,0.08419502464600001,0.051727612646,0.051632877872,0.051680300038,0.05166044786599999,0.089312786326,0.047517314326,0.04750940401000001,0.047493692424,0.0474578992268,0.1640017592268,0.1543459224648001,0.1543557316108,0.1543398602056001,0.1543270094588,7.993134960000001e-05,7.127813020000001e-05,5.142147280000001e-05,4.738859940000001e-05,5.42422706e-05,0.2917039683798001,0.3151634163612,0.3151629802106001,0.3151583727872001,0.3151578462370001,0.0234978614598,2.62414598e-05,2.57992078e-05,2.346173360000001e-05,2.420233060000001e-05,1.78871078e-05,1.78871078e-05,1.19291218e-05,7.067718000000003e-06,0.0,0.0,0.0,0.0,0.0,0,0,0,0,0,0,0,0,0,0,0.0,0.0,0.0
110591>110584,719,719,SFDu,Stratford,DLR (Stratford route) // IB,719,SFDu,Stratford,NR West Anglia // DN,Alight-Interchange-Board,848.7345870500001,55.91465445,225.3190516,176.1178599,277.1408176,96.31664912,17.92555438,0.037858856,0.11401121,0.11401121,0.11401121,5.65903341,11.455808954,16.973399,21.4465206,27.1041214,22.93662186,20.29467606,23.93107886,26.27895526,24.01761846,23.9889464,22.6965884,14.9569632,8.502980780000001,5.46090036,5.149600560000001,5.78593036,5.103139960000001,5.33564326,6.23521238,6.970463580000001,6.040868380000001,6.775522180000001,8.580822099999999,8.437727800000001,9.2107102,9.870288,9.6749939,8.00830696,7.999996360000001,7.16468636,6.12439624,5.958143040000001,6.36505064,6.854833439999998,6.38204234,6.27588386,6.473744760000002,8.953075900000002,11.5363779,15.532627,21.4173756,27.8753196,24.250949,28.9919776,31.1551858,29.84241380000001,22.00577280000001,27.9868522,21.666624,14.2694834,12.1462368,13.11176404,9.32802944,7.73630618,10.26235458,7.24232318,7.568131419999998,5.984919079999999,7.393390739999999,6.73016734,7.01963594,6.87234552,7.06728166,5.301491980000002,4.33499458,3.49663298,2.35258792,1.54351932,0.8963275999999999,0.0,0.0,0.0,0.0,0.0,0.0,0.0,0.0,0.0,0,0,0,0,0,0,0,0,0,0,0.0,0.0,0.0
110591>110589,719,719,SFDu,Stratford,DLR (Stratford route) // IB,719,SFDu,Stratford,LO North London // WB,Alight-Interchange-Board,822.9003700599998,16.69378896,230.43847176,167.2444805,222.1399328,137.96504344,48.41865259999999,0.08373893,0.192749758,0.276391644,0.5171163839999999,0.916610944,3.131549014,4.795399186,6.780233099999999,11.21139636,17.0935118,20.7583644,23.21071580000001,28.3886114,28.47418740000001,25.0322566,21.57163520000001,19.7112998,14.507806,10.8094678,9.669219199999999,9.318011,8.315281599999999,7.482784,7.542135399999998,6.77357534,5.66609894,5.23002804,4.94773756,4.81069948,5.33803714,5.302578860000001,5.65907476,5.98038004,6.308415320000001,6.72191032,6.71178506,7.60909346,6.694664779999999,6.21543258,6.46184218,8.81985812,8.13936332,9.9438078,11.2518854,14.199139,14.2159404,16.1368396,17.3688752,20.543765,19.6641812,20.6151696,21.2915894,22.4975128,20.6084304,18.4697754,16.5287148,16.6245168,13.63107988,11.57482528,11.25055528,10.12775328,7.232976820000001,7.743841540000001,8.43911454,12.61636714,12.92323194,13.545135,12.25564594,12.30665534,7.47598006,6.74800006,5.67308214,5.659492859999999,3.95083742,2.897112408,2.057644408,1.212928528,0.421209468,0.015709908,0.0,0.0,0.0,0.0,0,0,0,0,0,0,0,0,0,0,0.0,0.0,0.0
110591>110592,719,719,SFDu,Stratford,DLR (Stratford route) // IB,719,SFDu,Stratford,DLR (Stratford Int'l route) // OB,Alight-Interchange-Board,125.7127386144983,1.835911286,23.381687056,36.347022325,14.18252673,23.51355357,26.45203764749824,0.009085654399999999,0.0143467504,0.09562607039999999,0.2498915904000001,0.2755240664,0.340152258,0.4288048480000001,0.4224800480000001,1.180330928,1.965736452,2.712570806,3.19054532,3.582997640000001,3.0740358,2.360726374,1.743712434,1.376102194,1.004878862,0.6082038350000001,0.5818464110000001,0.613796751,0.7570143309999999,0.843152063,0.98463145,0.9339490359999999,1.091666196,0.8272417620000001,0.945239702,0.937622802,1.066466896,0.8050222880000002,1.254426282,1.076233192,1.141467612,1.127646082,1.51932929,1.16342481,1.47230982,2.00777658,2.74538634,3.43343318,3.43619694,3.2768085,2.88678042,2.3018071,1.3393786,1.215348908,1.158743568,0.971483018,0.8795538860000001,0.932911786,1.023780438,0.971233298,1.132565768,1.10004208,1.15567828,1.22204188,1.24582468,0.99718094,1.032858452,0.927405012,1.105647632,0.948291118,1.201059358,3.064991126,3.094363106,4.153062546000001,4.52082772,4.63398712,2.5817839628,4.0142992228,2.578044534,2.693032494000001,2.250661598354116,3.124229455554116,1.409742858699649,1.396518547499649,0.8848689474996493,0.8848689031455332,3.1455332e-09,0.0,0.0,0.0,0,0,0,0,0,0,0,0,0,0,0.0,0.0,0.0
110591>110593,719,719,SFDu,Stratford,DLR (Stratford route) // IB,719,SFDu,Stratford,DLR (Stratford Int'l route) // IB,Alight-Interchange-Board,341.294204743,2.498273,39.39495874000001,80.65702741999999,107.40682386,78.21434318000001,33.12277854300001,0.005092201,0.033763149,0.048727937,0.072482264,0.297277264,0.382975203,0.6319746150000001,1.025980367,1.65491812,2.17749566,2.85618684,3.87376988,4.32467694,4.521154599999999,4.09599766,4.058643999999998,3.29995972,3.140358120000001,2.613483,2.778314200000001,2.57260414,2.56242558,2.59176984,3.01479658,2.88680786,2.70330654,2.223857312,2.393077452,2.155709172,3.102919092,3.053955732,3.367806440000001,2.723172260000001,3.28791272,2.14022306,2.46601564,3.414661800000001,4.465248980000001,3.716214960000001,4.861580920000002,5.37261782,4.465377080000001,4.596669080000002,6.51829736,6.95200826,8.38175766,9.6791884,10.6329492,10.265861,10.2788568,9.732358999999999,9.856851400000002,9.2167068,8.59000552,7.231705740000002,6.58857408,5.97388848,4.840872220000001,4.203829020000001,4.88654094,5.312758000000001,5.60961334,5.753146280000001,6.348900760000001,8.96406402,8.072461720000002,9.321090780000002,8.927177620000002,8.386037940000001,4.7011947126,4.8061762126,2.2497024126,3.3690868926,2.9092379326,2.90385476,1.89335616,1.69491056,0.20922096,0.0,0.0,0.0,0.0,0.0,0,0,0,0,0,0,0,0,0,0,0.0,0.0,0.0
110592>110501,719,719,SFDu,Stratford,DLR (Stratford Int'l route) // OB,719,SFDu,Stratford,EntEx,Alight-Exit,204.6837147084253,7.769060491999999,23.985045628,89.5792081,48.81123210000001,26.6070805,7.93208788842529,0.0,0.04375453000000001,0.11219959,0.131573028,1.062570828,1.655073628,2.342743958,2.42114493,2.517151332,2.140175032,2.162720352,1.927629292,2.1677141,2.439851780000001,2.1999001,1.76274876,1.4729067,1.42454192,1.53073454,2.23897172,2.4551714,2.80570042,3.4079869,3.24524578,2.63088258,2.91960386,3.09454426,2.79941248,3.12605416,3.73457276,4.21121338,4.40886482,4.423241760000002,4.805115560000001,4.61973284,4.11173766,3.8396443,3.68557096,4.325823659999998,4.38326218,4.2484762,4.348576560000001,4.46195376,3.48681986,3.75438226,4.183482,4.16528152,3.93209228,3.66273978,3.39703088,3.847485940000001,3.99259432,4.666011400000001,4.7230436,4.72868536,3.75840276,3.072956,2.495166999999999,2.42700024,2.14702606,1.9330857,2.34079174,2.28404154,2.16245358,2.03460886,2.22344968,1.84827624,1.63822386,1.51389821,1.52887305,1.34963357,1.11802023,0.90298241,0.839237828,0.336068431685058,0.114458051685058,0.114458051685058,0.114458051685058,3.685058e-09,0.0,0.0,0.0,0.0,0,0,0,0,0,0,0,0,0,0,0.0,0.0,0.0
110592>110514,719,719,SFDu,Stratford,DLR (Stratford Int'l route) // OB,719,SFDu,Stratford,Central // EB,Alight-Interchange-Board,109.932858047,4.630592297000001,17.468465646,25.4847094,35.582763544,20.09463538,6.67169178,0.0,0.0,0.0092093274,0.3091119074,0.5963821674,0.6923377074000001,1.2821991874,1.741352,1.572556,1.82969014,2.20872526,1.93374656,1.7348782,1.7050902,1.6147074,1.291391046,1.055197334,0.899158734,0.989527226,0.633797546,0.75192752,0.7449334519999999,0.6314782720000001,0.48027532,0.5313070400000001,0.4265612,0.44312486,0.531666046,0.7490799459999999,0.78677904,0.668889252,0.7016500520000001,0.8447034260000001,0.7712256060000001,1.183178072,1.41294754,1.67576568,1.84760272,2.13330396,1.7352892,1.548072264,1.491231084,1.725696204,1.668021644,2.797841604,3.39095982,3.24140322,3.252646240000001,3.050095100000001,2.32135328,2.37115,2.93939114,2.9681484,3.40341848,3.22787474,2.61848152,1.93561446,1.66383446,1.74631828,1.85923404,2.12743286,2.29754142,2.19503598,1.67555732,1.24576792,1.25998884,1.16025904,0.92805076,0.7198797800000001,1.16761198,1.1210057,0.98781304,0.91640976,1.01311084,0.45575744,0.09670108,0.09670108,0.09670108,0.0,0.0,0.0,0.0,0.0,0,0,0,0,0,0,0,0,0,0,0.0,0.0,0.0
110592>110515,719,719,SFDu,Stratford,DLR (Stratford Int'l route) // OB,719,SFDu,Stratford,Central // WB,Alight-Interchange-Board,1202.50885642,69.02833567,422.5518000000001,423.7324613999999,200.214914,66.75937126000001,20.22197409,0.081106114,0.5935089739999999,2.497025174,5.088089974000001,8.469645574000001,13.04380786,17.8715338,21.3836182,22.9960434,27.7236818,30.1542548,35.010805,44.2953584,47.3178136,47.14147639999999,45.95861420000001,39.7580118,27.77730840000001,26.79077820000001,27.627654,26.02378280000001,29.050773,29.28491440000001,28.9303746,23.00770300000001,22.9124838,18.1406501,19.9615905,15.9102279,17.0642675,15.0019921,16.0150748,12.9350842,14.0280798,11.5619086,13.8017722,12.6352517,12.48313582,13.96374122,14.56490662,12.37512682,14.08598672,15.4294328,14.5642004,15.8215486,17.2227122,17.4301242,18.00248120000001,16.789872,16.978921,16.7255598,16.6887642,17.1866638,18.2017914,15.8377904,13.3286852,10.12857204,7.633348440000002,5.908304040000001,6.408547240000001,6.151409040000001,5.914018240000001,5.375368180000001,4.947924100000002,3.582467640000001,3.5891322,3.579431819999999,3.54084828,2.7840794,3.12708934,3.03247694,3.01250784,2.20463789,2.17668421,1.58416357,1.09885521,0.58675705,0.5109556000000001,0.10376704,0.0,0.0,0.0,0.0,0,0,0,0,0,0,0,0,0,0,0.0,0.0,0.0
110592>110522,719,719,SFDu,Stratford,DLR (Stratford Int'l route) // OB,719,SFDu,Stratford,Jubilee // NB,Alight-Interchange-Board,629.4772288084679,28.19357054,212.48042104,182.63713272,145.98325548,47.94896910000001,12.2338799284676,0.55346236,1.4035128,1.4035128,2.0285794,3.308504940000001,4.123346840000001,6.1716072,9.2010442,9.9923705,13.05407856,17.1498093,19.8621113,24.2882453,26.6013668,26.597173,24.058233,19.494027,13.3436158,9.71995134,8.31943914,5.39434414,4.347937340000001,4.407415400000001,4.30156546,2.36695626,4.38418446,7.13896806,7.1725838,9.1457386,9.41549672,9.45651492,8.48060792,8.91332652,9.29723152,10.368305,10.6694792,11.4626712,10.02942796,10.36052216,9.33027576,6.970855160000001,5.390603960000001,6.698581400000001,7.1335398,8.050027400000001,10.7103618,12.7302718,14.1445026,12.38133932,12.66956492,12.90109592,12.56723212,12.94360572,13.7187008,12.36503034,10.80152274,8.236382167999999,5.319862868,4.038622588,3.660039168,3.046777608,3.490225860000001,3.558099960000001,3.295563200000001,3.05413268,3.35423344,3.47861916,3.4164104,3.19534194,3.1584675,2.32122474,1.64066774,1.0552109,0.6850122,0.17795437369352,1.3369352e-07,1.3369352e-07,1.3369352e-07,1.3369352e-07,0.0,0.0,0.0,0.0,0,0,0,0,0,0,0,0,0,0,0.0,0.0,0.0
110592>110576,719,719,SFDu,Stratford,DLR (Stratford Int'l route) // OB,719,SFDu,Stratford,Elizabeth Line // EB,Alight-Interchange-Board,138.2226855803324,5.385178829000001,24.234514386,27.79966748,48.89815546,22.65331687880741,9.251852546525003,0.0,0.029596036,0.050247661,0.373712101,0.5046704670000001,0.9717459070000001,1.328076491,2.127130166,2.032780406,2.705253040000001,2.8667842,3.26707526,3.2072495,3.06212351,2.30660286,1.87279606,1.1477124,0.5587054200000001,0.55328504,0.65414669,0.6656812500000001,0.8735252700000001,0.7026527100000001,1.0315417,0.92404339,0.8783013100000001,0.6757208900000001,0.8007575100000002,0.46777049,0.7025790000000001,0.7753163000000001,0.80930548,0.85004526,1.0406058,0.93659036,1.053929,1.16269022,1.36227934,1.63309084,1.8718684,1.66030496,2.1506114,2.39461748,2.37583912,2.74771264,3.4338024,4.13158754,4.0040722,3.72158074,4.0273597,4.21043356,3.4622216,4.38366018,5.048244820000002,5.14070096,4.58677912,4.0953667,3.19065512,2.60628732,1.95062998,1.49628403576148,1.63766819576148,1.35657575576148,1.30399021576148,1.10393577576148,1.26883772,1.28870716,1.3543789,1.20815084,1.29008256,1.62942494,1.36885702,1.08569504171272,1.04215118771272,0.77836046771272,0.27411606502182,0.215815453305,0.21581487159228,0.14338298559228,8.255922799999998e-07,2.8828318e-07,0.0,0.0,0,0,0,0,0,0,0,0,0,0,0.0,0.0,0.0
110592>110577,719,719,SFDu,Stratford,DLR (Stratford Int'l route) // OB,719,SFDu,Stratford,Elizabeth Line // WB,Alight-Interchange-Board,883.8710496309037,33.32020869999999,371.1714825,250.9817098,183.08224566,34.03450726254348,11.28089570836,0.14623608,0.71432814,1.4891787,2.09320874,4.34106974,6.22351106,7.819628400000001,10.49304784,12.238376,14.4482332,23.7373918,28.579334,39.5858232,46.1410976,50.0174474,44.541749,39.83797929999999,30.8454085,23.4778002,17.7208423,17.1622807,16.16759,14.4695516,14.1102813,14.4422308,9.89495718,11.44958898,8.66759138,9.98087058,7.85804608,10.9176341,8.666718340000001,11.06736354,8.91755596,10.59144286,7.13818992,9.63856528,7.866230280000001,10.32461346,9.27591126,9.559273800000001,6.9431144,8.272388000000001,7.59972,11.273817,12.9264934,15.4925198,15.9866292,16.3785562,14.6770082,17.8280086,17.5198132,17.8247092,16.8659582,15.0950988,11.21363386,8.496301248,5.057060488,3.929478488,2.369720538,1.612411198,1.71499711,2.129014310000001,1.696479531308695,2.102549901308695,1.482445801308695,2.067520801308695,1.376527847308695,1.939750946,1.700678606,1.657398586,1.01568543,1.173386516,0.6337561452,0.8600967051999999,0.732594840872,0.650525496872,0.470299324872,0.446706575672,1.6535672e-05,0.0,0.0,0.0,0,0,0,0,0,0,0,0,0,0,0.0,0.0,0.0
110592>110582,719,719,SFDu,Stratford,DLR (Stratford Int'l route) // OB,719,SFDu,Stratford,NR Great Eastern // DN,Alight-Interchange-Board,8.7482528341539,3.73651697e-05,1.0786163389769,2.32403595005,1.9362379348602,2.586379965362361,0.8229452797347402,8.609516000000002e-07,1.58280976e-06,2.4333985e-06,3.74249762e-06,5.24865622e-06,6.145582419999999e-06,8.11072376e-06,9.24054982e-06,0.0193869434507,0.0193878568655,0.06981908498770001,0.1290331899882,0.1290388855794,0.109667667741,0.1450561501676,0.1354109501676,0.0763459736536,0.07634892008960001,0.102179865928,0.06694085035799999,0.097744564358,0.097620182422,0.13811132398,0.11227258398,0.11237128639,0.040910133902,0.04156292531200001,0.001061161312,0.002876387712,0.004067072071999999,0.05169553056,0.0510153056,0.0792523956,0.0794497648,0.08111023960000001,0.0333514336,0.06999339759999999,0.0757767696,0.134870674,0.13189012953,0.22444169553,0.22139115953,0.23446678953,0.20673304353,0.225313176,0.13277990608,0.11996498808,0.07288587807199999,0.03952089164940002,0.0208247861196,0.1965767700396001,0.2013856880396,0.2355126780476,0.2890822024702,0.2890795467413,0.1133114235209,0.08772833533709999,0.05358575720204,9.850220779999999e-06,0.17342360347948,0.1734238795338801,0.17342227056756,0.3100213227026201,0.31001993768388,0.2404985696838801,0.2404965955503001,0.4801751447004201,0.34357469870042,0.34357548472012,0.2396805247201201,0.23968081999326,1.53999326e-06,1.86761132e-06,1.08159162e-06,1.52644708e-06,7.724735200000001e-07,7.724735200000001e-07,4.4485546e-07,4.4485546e-07,0.0,0.0,0.0,0.0,0,0,0,0,0,0,0,0,0,0,0.0,0.0,0.0
110592>110583,719,719,SFDu,Stratford,DLR (Stratford Int'l route) // OB,719,SFDu,Stratford,NR Great Eastern // UP,Alight-Interchange-Board,30.31961913015499,3.795294867,3.500716160000001,20.89281895864,2.126626221236001,0.003326014009,0.0008369092699999998,0.0068904914,0.0205064734,0.07101959740000001,0.5881871974,0.8017769173999999,0.7948864259999999,0.781270444,0.73075732,0.21358972,0.0,0.0,0.0,0.0,0.0,0.0,0.0,0.0,0.4202137000000001,0.9560308400000002,1.9108819,2.27374434,2.62901768,2.48352486,1.94770772,1.3076631,1.11774568,0.86935398,0.5946331,0.77546006,0.54761837,0.70517165,0.59829001,0.7496393640000001,0.5740253120000001,0.4989655170000001,0.168467217,0.1704988802,0.3525056462,0.4614381182000001,0.5100078512,0.5288198312,0.541901168,0.300224394,0.18639510964,0.12619189752,0.10769192804,0.092712035,0.00131882696,0.07138316332000001,0.12749420144,0.28829523892,0.35931239996,0.35916046614,0.2888918657,0.232590951564,0.071583246672,0.0004809914360000001,0.000421018386,0.0003602398920000001,0.000330794756,0.000277026948,0.000263409836,0.000261122758,0.000210069692,0.0002108752400000001,0.000179546283,0.000201431397,0.000129487385,0.000173135779,0.000120175503,0.00012244074,6.6159974e-05,9.698444e-05,7.1274408e-05,7.1274408e-05,4.8762828e-05,4.8762828e-05,1.793836200000001e-05,0.0,0.0,0.0,0.0,0.0,0,0,0,0,0,0,0,0,0,0,0.0,0.0,0.0
110592>110584,719,719,SFDu,Stratford,DLR (Stratford Int'l route) // OB,719,SFDu,Stratford,NR West Anglia // DN,Alight-Interchange-Board,36.31221571655401,0.00010159739,22.347251542552,3.114024882812,6.9937240842,3.72547689998,0.13163670962,0.0,7.8275486e-06,7.8275486e-06,9.4989132e-06,1.43993642e-05,1.994619340000001e-05,1.946755980000001e-05,2.263026220000001e-05,2.807444560000001e-05,0.5767365539946,1.7185065271654,3.1160144782504,4.134560315548002,4.46937864,3.892682733797201,2.7509131946832,1.3534126528372,0.3348786655772,7.30356992e-05,6.6670554e-05,8.41862788e-05,9.888350080000003e-05,0.0001113990608,0.0001119765028,0.0001398792428,0.000167130918,0.000185135922,0.294286947622,0.465323680058,0.465380204458,0.4654189765399999,0.465449501952,0.171459370952,0.151104620952,0.1512009839,0.151303496592,0.15154928468,0.15191801448,0.00172287468,0.00198469288,0.00290746782,0.00453993074,0.00705788934,0.01051835374,0.0198217816,0.02802579240000001,0.1468532656,0.1438273682000001,0.3199084336,0.4201258688,0.79004249,0.66925878,1.17556462,1.193221368,1.083246788,1.003827528,1.143752208,0.6503544809999999,0.462208673,0.46322902508,0.16659112608,0.02881052428,0.01718628948,0.14464266948,0.14439276266,0.14179694938,0.18184286318,0.18066932836,0.0439304288,0.04342079898,0.04283833126,0.00064833926,0.0005379958799999999,0.00026081544,0.0,0.0,0.0,0.0,0.0,0.0,0.0,0.0,0.0,0,0,0,0,0,0,0,0,0,0,0.0,0.0,0.0
110592>110589,719,719,SFDu,Stratford,DLR (Stratford Int'l route) // OB,719,SFDu,Stratford,LO North London // WB,Alight-Interchange-Board,86.88883788210701,1.94429405469,25.64961908188,26.69422836,18.225550118,9.169403543051601,5.205742724485432,0.0,0.000144738774,0.107971090774,0.236309590774,0.263712456774,0.263895775714,0.4862951169400001,0.58596528494,0.6467277189399999,1.10554015294,2.171917034,2.561601874,3.232505494,3.34950802,3.39062252,2.73355576,2.33117948,1.5789609,1.385658694,1.161841434,1.072294994,1.005119454,1.369474634,1.64251924,1.524215128,1.330295498,1.360061298,1.172097078,0.7862512180000001,0.6796787700000001,0.642957672,0.585179572,0.381788418,0.440662072,0.5293551639999999,0.574700512,0.922347892,1.078064986,1.503535132,1.6585332,1.638661852,1.494086312,1.659503112,1.642845152,1.835607572,1.95648794,2.14295118,1.84016858,1.5242486,1.26726782,1.33384534,1.02491794,1.26450238,1.40181294,1.37930658,1.254433246,1.143010306,0.8698742260000001,1.053825946,1.162705326,0.9853553836900002,0.9896760316900002,0.99565870369,0.5668711636899999,0.2223984523404,0.3583980186504001,0.3552295386504,0.4664004466504,0.8163664466504001,0.967169924,0.8311554740000001,0.8839460860000001,0.7748322360000001,0.3806256423670064,0.2298130763670064,0.2298130763670064,0.0920207563670064,6.3670064e-09,0.0,0.0,0.0,0.0,0.0,0,0,0,0,0,0,0,0,0,0,0.0,0.0,0.0
110592>110590,719,719,SFDu,Stratford,DLR (Stratford Int'l route) // OB,719,SFDu,Stratford,DLR (Stratford route) // OB,Alight-Interchange-Board,400.0498199599999,20.15915252,106.39048348,127.68479382,92.66036723999999,45.23841831200001,7.916604587999999,0.0,0.96511554,1.481249,1.9668038,2.62146098,3.59164598,3.66214324,5.870733980000002,6.19875218,7.2424008,8.3886556,9.914226,10.5051822,12.315109,12.2777302,11.64371886,9.53306514,6.910891499999999,5.665426,5.795325999999998,5.58022754,6.39040392,7.34751236,6.80433726,6.217692260000002,6.592637460000002,5.86681214,5.64942286,5.82767316,5.166662280000001,4.38688208,4.691196540000001,4.096291740000002,3.875107380000001,4.202651660000001,4.61004406,5.1573788,4.88859078,5.1446407,5.5552305,4.50324708,4.163954540000002,5.23182344,5.734373280000002,6.647258280000001,7.202574799999999,7.710890400000001,7.53791472,6.773534740000001,6.117881000000001,6.83236602,7.299585019999999,8.5363675,9.65619018,9.40185532,8.943949260000002,7.097986300000001,4.8811347,3.8059741,3.5803633,3.10010698,3.80278604,4.12866164,3.68489144,3.1989022,3.34780526,2.551449156,2.058357196,2.074005136,1.575732368,0.973275468,1.148804232,0.8858303759999999,0.4831456359999999,0.408816844,0.312827544,0.054166984,0.0,0.0,0.0,0.0,0.0,0.0,0,0,0,0,0,0,0,0,0,0,0.0,0.0,0.0
110593>110501,719,719,SFDu,Stratford,DLR (Stratford Int'l route) // IB,719,SFDu,Stratford,EntEx,Alight-Exit,2561.030441000002,162.3978654,495.9925038000001,993.7792843999999,637.6968010000002,231.13021434,40.03377206,3.0590886,7.5321152,13.8144978,13.8144978,20.453323,31.0860584,34.8642818,37.77400280000001,47.47673880000001,47.90147480000001,42.26706960000001,39.7926904,40.1158568,36.57483120000001,37.1495994,36.0642234,39.03713740000001,39.6106114,44.576097,45.42617360000001,47.167818,42.75942500000001,44.23479500000001,39.669757,40.03060780000001,35.53158240000001,39.7458532,33.38822320000001,36.8544382,33.03557139999999,37.8823948,34.4897194,39.5222186,34.3116874,40.0971704,35.6219156,42.1005944,40.06886979999999,47.20805240000001,42.62356980000001,48.42525740000001,51.3118754,55.84913080000001,51.84875700000001,61.6385666,62.9621118,58.2052886,58.50398660000001,61.70235200000001,57.68668480000001,56.6217662,52.3080066,46.3574514,44.63254860000001,40.46217120000001,36.6158666,38.08506660000001,37.1088314,31.655045,26.0840878,23.383604,17.8377884,13.9292246,11.18581054,10.15795574,7.61094634,7.754229339999998,6.33762458,6.686006099999998,6.05347788,5.536994679999999,4.529887720000001,4.803061080000001,3.59487226,3.24301782,2.36939038,1.85212874,0.7877023400000001,0.4145969000000001,0.1626361600000001,0.0,0.0,0.0,0,0,0,0,0,0,0,0,0,0,0.0,0.0,0.0
110593>110514,719,719,SFDu,Stratford,DLR (Stratford Int'l route) // IB,719,SFDu,Stratford,Central // EB,Alight-Interchange-Board,1079.730239746525,50.5201364,181.2502881,223.2617252,425.6772938000001,161.98623746,37.03455878652518,0.0,0.0,2.4163736,2.4163736,5.743045199999999,10.4200252,13.5804904,15.9438284,20.6805404,20.8388676,20.9648932,19.6271994,18.4799848,15.98704040000001,15.0198952,11.9737778,11.52507694,9.4755128,8.676108880000001,8.00139068,7.400690020000001,6.431591600000001,6.554105540000001,5.604587660000001,5.109682520000002,4.56011586,5.597748279999998,4.56526344,5.832048240000002,5.23042686,6.54012468,5.77776302,7.37361266,7.29507566,9.04297698,8.152539180000002,9.8631579,9.880514100000001,12.6451519,12.2167299,15.4321266,18.5767402,22.1622372,21.4167152,28.12366160000001,33.2800556,36.77597160000001,38.8838388,42.7586702,43.5335284,42.8317338,38.0487054,36.45067940000001,32.9464638,28.1440524,23.8999328,23.122406,21.4086914,20.31914380000001,16.7113464,14.8091888,13.03179220000001,10.742628,9.30217448,9.393053880000002,8.01217708,8.38014948,6.753485939999999,6.29253786,5.51156806,4.980034740000002,3.25112636,3.735848900000001,3.677131360000001,3.229537855305034,2.688632589305034,2.356129169305034,1.119442969305035,0.096284509305034,0.096284414,0.0,0.0,0.0,0,0,0,0,0,0,0,0,0,0,0.0,0.0,0.0
110593>110515,719,719,SFDu,Stratford,DLR (Stratford Int'l route) // IB,719,SFDu,Stratford,Central // WB,Alight-Interchange-Board,1168.34321214,68.00561674000001,349.3467860000001,495.98471046,169.6071507,65.11197816,20.28697008,0.182986188,1.851342388,4.674691788000001,4.674691788000001,8.854741788000002,14.0349854,14.9219078,18.8102696,22.4202122,23.2108748,24.0544554,24.3119784,26.18507120000001,32.0779934,34.4438942,34.68769880000001,38.96092780000001,34.1744214,28.66311260000001,26.1561458,27.7022808,23.4536348,27.3297752,27.1908426,27.4777896,21.664245,22.94089120000001,18.3113662,19.7959338,17.261312,20.72320280000001,19.7309856,21.6322246,18.9416696,21.0471966,17.581766,18.7358332,16.9693866,19.2048058,18.9404954,18.3921632,18.625939,18.344356,13.98661486,13.65558446,16.09089426,15.88073366,15.07802766000001,17.7287146,17.019963,16.1648276,13.39310612,13.55691052,11.97539992,10.37906592,8.68392298,8.676021460000001,7.50860866,6.48629374,5.488933060000001,6.149165200000001,5.22249728,5.26156954,5.028281680000001,5.117653020000001,3.52059612,3.67159956,2.98075884,3.1664861,2.81306388,2.666731380000001,2.32838166,2.22820848,2.26959046,1.8019289,1.3687213,0.9628625,0.6229961399999999,0.05799928000000001,0.0,0.0,0.0,0.0,0,0,0,0,0,0,0,0,0,0,0.0,0.0,0.0
110593>110522,719,719,SFDu,Stratford,DLR (Stratford Int'l route) // IB,719,SFDu,Stratford,Jubilee // NB,Alight-Interchange-Board,219.4149981844498,6.944528210000001,38.3189663,100.80699352,43.180004,24.487313388,5.6771927664497,0.3722704000000001,0.8318237400000001,0.96798322,0.96798322,1.18032698,0.93148111,0.76129313,0.93136641,1.48289195,2.97199779,3.35291134,3.36496812,3.77299566,3.9035532,2.78743976,2.96226562,3.899123960000001,3.62688466,3.088482180000001,3.105452060000001,3.16212196,2.27469802,2.761546360000001,3.648169900000001,3.548167800000001,3.73770516,4.649083500000001,4.48423804,4.668349500000001,5.056663220000001,5.304865700000001,4.964297820000001,5.23986594,5.23777714,5.4693118,5.068504480000001,5.701334080000001,4.78005912,4.194422660000002,3.2429498,3.032573380000001,3.25390478,3.80452862,3.52185474,4.017650720000002,4.2654751,3.7913379,4.431351060000001,4.758926740000001,4.866746440000001,4.524626660000001,3.40971866,2.41527076,2.12106248,1.95263806,2.62519942,2.526200124,2.551025824,2.279481804,1.753253488,1.130425628,1.566146804,1.770938704,2.259859904,2.6642493,2.32094482,2.07273868,1.592048308,1.032973276,0.7682719560000001,0.9893751359999999,0.8163288879999999,0.7528966146412001,0.7172106066411998,0.49788046288994,0.10225372288994,1.43088994e-06,3.3624874e-07,3.3624874e-07,0.0,0.0,0.0,0.0,0,0,0,0,0,0,0,0,0,0,0.0,0.0,0.0
110593>110576,719,719,SFDu,Stratford,DLR (Stratford Int'l route) // IB,719,SFDu,Stratford,Elizabeth Line // EB,Alight-Interchange-Board,919.9539168665003,63.93045480000001,150.52853682,195.96344058,321.1096207000001,144.9044904,43.51737356650001,0.49098,3.5453362,6.266129400000001,6.266129400000001,10.344338,12.4366138,11.8154846,12.7654434,16.9763618,17.0324278,17.0140242,16.2933022,15.7432144,13.6673316,10.9690092,10.4131102,10.5056476,8.61356674,7.168030180000001,6.132510900000002,5.556327,4.516855960000001,4.20676494,3.75395464,4.830214720000002,3.76536722,4.28588186,3.85542726,4.82162352,4.16141478,5.270223900000001,4.472304660000002,5.725552540000002,5.28799654,6.604123280000001,5.88777196,7.059426800000002,9.2263058,12.9192314,12.4087048,15.8610548,19.3989382,21.7951196,20.2928544,23.11147900000001,22.8322738,24.5659416,26.1622496,29.8284014,33.01075040000001,34.40263760000001,31.0978368,28.7835262,25.453761,22.230677,19.6300863,19.8895739,16.7108307,15.1626925,11.7552881,12.702721,12.2798942,11.9645484,10.7273142,10.6017976,9.601074800000001,7.663283799999999,5.8454712,6.27415086,6.37563318,5.10537924,4.72885692,5.37519652,5.33477126,4.3671916013,3.0211375533,1.8722180733,0.9514366733,0.05617867330000001,0.05522301200000002,0.0,0.0,0.0,0,0,0,0,0,0,0,0,0,0,0.0,0.0,0.0
110593>110577,719,719,SFDu,Stratford,DLR (Stratford Int'l route) // IB,719,SFDu,Stratford,Elizabeth Line // WB,Alight-Interchange-Board,686.5348260008618,49.6894618,247.579714,177.0782612599999,158.00776768,51.060076023,3.119545237862,0.77686272,1.55946152,3.52151632,3.52151632,5.96139432,7.3729306,13.3792718,13.5965082,18.7837,18.3362538,22.7019608,20.2927904,25.0329488,24.5366578,26.4522228,21.6324738,22.0099662,17.5154548,16.4834506,13.8018342,13.40814368,9.282953180000002,8.604660580000001,6.009300580000001,6.52558138,5.327265812,6.899342712,5.916403112,6.616586312000001,5.303265572,7.26712846,5.268093440000001,6.0118219,4.660597800000001,5.94433254,4.441947079999998,6.1115481,5.363253459999999,6.78550516,6.31161156,9.57027362,11.08315642,12.1325676,12.2329212,12.735684,12.3882842,12.5084758,15.617763,15.793843,16.8944525,17.0922747,14.8145706,11.5076556,10.90685172,10.09533482,7.652577740000001,7.471460040000001,6.788849040000001,7.690055520000001,5.748866037999999,5.640554578,5.214185078000001,4.674545658,2.293182688,2.365106658,1.27304785,1.14143479,0.7587880850000001,0.803115735,0.739359487,0.7231412410000001,0.2364512226,0.230427027461,0.1558809595434,0.0578659691724,0.0380983191724,0.0338038975724,0.03380201771140001,0.033799805629,0.033799556,0.0,0.0,0.0,0,0,0,0,0,0,0,0,0,0,0.0,0.0,0.0
110593>110582,719,719,SFDu,Stratford,DLR (Stratford Int'l route) // IB,719,SFDu,Stratford,NR Great Eastern // DN,Alight-Interchange-Board,73.44364439517248,1.9276841450675,7.975336478000001,41.43842061693,10.463377226,9.95695777535,1.681868153825,9.0855806e-06,1.09362135e-05,0.0192685582135,0.0192685582135,0.2346439582135,0.5114901326329,0.561898994,0.5810939220000001,0.922080062,0.8035111100000001,0.56818144,0.5177707280000001,0.513546038,0.254093002,0.168289006,0.174757672,0.8112284720000001,0.8499811360000001,1.201450132,1.19044768,1.478918864,0.8424685386780001,1.112575314678,0.679573214678,1.207075694678,0.8706593349060001,1.282061980228,0.938974680228,1.328557700228,0.8319229122280001,1.288857972,0.8774348520000002,1.253093412,0.8641285068800001,1.74905141488,1.29206727488,2.17816155488,1.97664025488,3.56351814,2.64772754,3.89245494,3.47732752,3.6963325,2.1088365,2.215859108,1.406033188,1.120053288,0.8728906200000001,1.01902054,1.020427126,0.620144906,0.495778242,0.467505302,0.4026872220000001,0.375959522,0.4470181620000001,0.418812622,0.3301068680000001,0.4428809600000001,0.4548297720000001,0.738438272,0.8516713760000001,1.325327818,1.13128754955,1.35722588355,0.98242340475,1.21330528475,0.7106479647499999,0.710676150692,0.391087510692,0.4172688434920001,0.040739103492,0.040744490285,0.04067064079300001,0.04067064079300001,5.386793e-06,5.386793e-06,0.0,0.0,0.0,0.0,0.0,0.0,0,0,0,0,0,0,0,0,0,0,0.0,0.0,0.0
110593>110583,719,719,SFDu,Stratford,DLR (Stratford Int'l route) // IB,719,SFDu,Stratford,NR Great Eastern // UP,Alight-Interchange-Board,22.44786964477101,4.214545866,3.509904080000001,10.04564847556,4.03396641552,0.429051212946,0.2147535947450001,0.0058317992,0.0058317992,0.0620117692,0.0620117692,0.7183080692000001,1.13891021,1.13891021,1.08273024,1.08273024,0.42643394,0.0,0.0,0.0,0.0,0.0,0.0,0.0,0.4753109400000001,0.7627144800000001,0.7627144800000001,1.16124238,1.16716346,0.8578914260000001,0.5824724876000001,0.6133346736000002,0.4189745136,0.4858096696000001,0.3320602788,0.321835807,0.29154382468,0.08818617908000001,0.03615643908000001,0.11438647788,0.26259068008,0.5122595364000001,0.5116504642199999,0.4912775444400001,0.4009523147720001,0.2511922879120001,0.001064115432,0.001015312462,0.188472576242,0.46001117191,0.49410485477,0.7432976872499999,0.7632036600000001,0.5754505341939999,0.4878252881940002,0.4535919792140001,0.249602657214,0.2324597918140001,0.2324020776200001,0.09384357562,0.09398127444,0.04903543028,0.05927245967999999,0.11502106568,0.06949794262,0.06931270922999999,0.06894415539000001,0.05729384705000001,0.00482694345,0.004819862048000001,0.004802717598000001,0.004817263007000001,0.003335731737,0.013198971337,0.013180003799,0.048175183799,0.04816063839,0.04816135755319999,0.03501641555319999,0.0350526381112,5.745811120000001e-05,5.745811120000001e-05,3.6222558e-05,3.6222558e-05,0.0,0.0,0.0,0.0,0.0,0.0,0,0,0,0,0,0,0,0,0,0,0.0,0.0,0.0
110593>110584,719,719,SFDu,Stratford,DLR (Stratford Int'l route) // IB,719,SFDu,Stratford,NR West Anglia // DN,Alight-Interchange-Board,783.6768719665199,125.388243584,312.2142403,128.23179672,155.34597356252,55.500991086,6.995626714,0.001736156800000001,4.013614356800002,4.013614356800002,4.013614356800002,17.4376195568,20.7022184,33.1682442,42.0375822,52.92059020000001,44.46008180000001,44.5512834,28.0733794,28.0494562,21.7385234,18.5605052,18.581892,22.0421146,13.7496221,9.4377737,10.0490183,7.8274505,5.3096215,6.04267684,7.20353444,5.34198832,4.71621492,3.98122748,3.48260404,2.27531098,2.44103764,2.26496938,3.53044588,3.47471868,4.19135728,3.83728454,4.701620200000002,3.66937928,4.82131628,5.332220540000002,7.54584154,8.81694254,9.4271534,8.349418060000001,9.64746246,9.72422746,10.82070546,14.25576246,13.449964756504,19.308800156504,18.838782156504,16.448414356504,11.962504756504,16.2271992,9.1674418,7.0002428,8.141928199999999,9.49099512,5.985324619999999,5.6878803,5.803624366,4.351296566,4.416137166,4.401283106,3.954855626,4.015212554,3.483762694,2.215798994,1.694819974,1.123219914,1.67990816,1.32493962,1.1789958,0.95577398,0.73278924,0.0,0.0,0.0,0.0,0.0,0.0,0.0,0.0,0.0,0,0,0,0,0,0,0,0,0,0,0.0,0.0,0.0
110593>110589,719,719,SFDu,Stratford,DLR (Stratford Int'l route) // IB,719,SFDu,Stratford,LO North London // WB,Alight-Interchange-Board,919.6154821409301,90.33252169000001,361.1387877000001,217.06048442,155.93084108,81.58994348000002,13.56290377093077,0.019335018,2.613406618,4.618448418000001,4.618448418000001,12.199494418,16.4155098,20.7311894,29.1166896,37.0500416,35.662392,35.7316844,30.8306082,30.9594532,29.5767566,28.2261942,32.3772002,33.5918444,25.6777543,21.2653823,20.18947630000001,14.5882261,11.96130434,10.55967432,10.64111612,7.824870860000001,6.48252246,7.327691100000001,6.55572016,6.07812496,6.710096700000001,6.9805137,7.40729202,8.344542160000001,8.178416160000001,8.304779080000001,8.51311368,7.960076880000001,9.150422599999999,10.579331,9.626023300000002,10.1554537,10.39957976,12.46586936,10.2657239,14.422497,14.2764126,17.46851134,15.60867834,17.9109444,14.743452,14.6400398,10.7312102,9.9035534,8.768207,8.488843600000001,8.968491400000003,10.173693,9.22050226,9.29285746,8.146056060000001,6.857570520000001,5.846231120000001,6.48494526,5.461289860000001,6.107316860000001,5.349311760000001,4.924590019999999,3.7255793,3.36312398,2.69085734,2.090940234,1.753476734,1.34951337,0.8733326600000001,0.5807467101861544,0.4767710561861545,0.2023912961861544,0.1817503801861544,1.01861544e-08,0.0,0.0,0.0,0.0,0,0,0,0,0,0,0,0,0,0,0.0,0.0,0.0
110593>110590,719,719,SFDu,Stratford,DLR (Stratford Int'l route) // IB,719,SFDu,Stratford,DLR (Stratford route) // OB,Alight-Interchange-Board,173.8923128195726,12.50469393,50.46407688399999,45.524907946,47.31530526,11.154081066,6.929247733572669,0.0,0.18978517,0.89634521,0.89634521,1.42604521,2.66577081,3.25823214,3.17217018,3.7648748,4.519970400000001,6.1202583,6.142203400000001,6.52400996,6.483573420000001,5.811516520000001,3.24753294,2.8125977,2.07753888,1.612616192,1.347384372,1.216661912,1.158117732,1.415508712,1.68096076,1.86155886,1.96044304,2.17255592,2.18965476,2.2911118,1.8790242,1.99894784,1.70422032,1.43548134,1.20650242,2.00388398,2.24234924,2.076557,2.17930484,2.125560374,1.594588654,1.504153394,2.160939034,2.516302394,2.95051942,4.2434113,5.04248876,5.40778006,6.1558168,6.3975876,5.210387819999998,4.38551968,3.45202296,2.22124836,1.66566784,1.60690712,1.52646696,1.51689296,1.26852296,1.111044712,0.7320361879999999,0.414034908,0.388777948,0.4462730780000001,0.541830426,0.574128424,1.100818544,1.412789584,1.646931334,1.834578354,1.78531344,1.184076518,0.7626080167999999,0.6333496507999999,0.2156872810294,0.1823041350639341,0.168939717914534,0.1623826191145341,4.105114534e-06,1.954885134e-06,1.9408506e-06,0.0,0.0,0.0,0,0,0,0,0,0,0,0,0,0,0.0,0.0,0.0
231001>231022,723,723,SWCu,Swiss Cottage,EntEx,723,SWCu,Swiss Cottage,Jubilee // NB,Enter-Board,1738.29926729,21.38080453,274.77244266,425.7071536,670.9218152000001,256.6425026000001,88.87454869999999,0.027852798,0.367257398,0.7858191379999999,1.464437718,2.249107398,3.66090714,5.38409534,7.441327600000001,9.63745142,14.98377314,23.265656,31.3611184,36.184801,36.6611906,33.1013599,27.1968061,20.1643427,14.9913729,14.0009731,13.2235974,11.0025968,9.37713528,9.266927680000002,9.28077588,9.89151628,10.36737128,11.2174976,11.7905034,12.0140162,11.8383644,12.890967,13.621992,13.863586,14.1947608,15.7315702,16.207264,16.66643340000001,16.7533168,20.2520468,25.2761022,27.693916,35.31426500000001,43.5586406,47.635588,51.9191436,59.1320034,65.9725202,67.8717302,67.49011479999999,62.69125080000001,61.76169280000001,54.266248,50.40044400000001,46.65767460000001,44.47407140000001,38.28492140000001,32.1461568,28.9531558,27.9001076,26.1575264,24.5323668,23.0354788,19.3666138,16.3539528,15.336675,14.2792512,14.2848744,14.2963432,14.9044296,13.4499478,11.9589082,10.29516668,9.727594680000003,7.823467880000001,6.586880180000001,4.881686140000001,4.185271460000001,2.40767666,1.38886566,0.74896736,0.5156864000000001,0.0,0.0,0,0,0,0,0,0,0,0,0,0,0.0,0.0,0.0
231001>231023,723,723,SWCu,Swiss Cottage,EntEx,723,SWCu,Swiss Cottage,Jubilee // SB,Enter-Board,6811.875836,220.317062,2039.9014716,2059.668245400001,1719.6501322,611.0537704,161.2851544,5.485991599999999,8.557308,12.751788,19.5993984,27.17489740000001,34.00668579999999,47.6410434,65.0999494,88.24385500000002,118.425069,157.633618,195.17195,224.432348,231.008156,227.770698,208.201292,180.882964,150.623244,135.2140148,122.2942628,111.7253268,100.5603828,95.6282348,88.84200000000001,80.482644,77.58498200000002,77.47896899999999,78.56363900000002,79.53609200000001,78.92268480000001,78.1408788,78.136965,75.04010099999998,72.471354,70.95832920000002,69.873142,68.622022,68.88232099999999,74.32678220000003,84.80550020000003,92.7082634,105.5305062,122.3163132,128.530812,137.103924,146.95424,163.86172,165.215108,168.900582,161.162878,159.422794,142.943792,134.2061748,124.0017728,116.8039988,99.07314780000002,80.70782660000002,68.2008632,62.27478480000001,55.70673680000001,48.7451318,47.18576980000001,45.2841348,39.62335580000001,38.5700842,43.297273,42.92729780000001,38.5305118,37.137978,30.5649462,23.176142,18.5279294,15.641541,11.90282146,9.70281286,6.598704200000001,4.046833,2.367007,1.16951974,0.29325374,0.1556658,0.0,0.0,0,0,0,0,0,0,0,0,0,0,0.0,0.0,0.0
231022>231001,723,723,SWCu,Swiss Cottage,Jubilee // NB,723,SWCu,Swiss Cottage,EntEx,Alight-Exit,6379.3200071,97.4128496,1390.925821,1506.2137926,1873.8773514,1078.7153276,432.1748649,0.0,0.909667,2.22162292,4.80930512,10.93644592,16.79130552,24.14452452,37.5999786,57.7705774,81.7506046,111.642995,137.934241,162.293127,169.4554079999999,161.760136,139.163205,120.804915,97.33716700000001,80.805125,70.20832000000001,69.017302,62.74601800000001,55.75265480000001,50.89941620000001,48.93249040000001,46.53110420000001,45.0550362,45.118425,45.5537416,46.311355,46.8227382,49.19722720000001,54.17543160000001,57.31248660000001,58.49550799999999,61.17406200000001,64.4049618,67.053709,70.855506,76.656642,83.70830000000002,91.3506212,97.9756548,111.1134008,122.1627128,129.3502728,138.2785268,146.869968,158.040506,161.145826,167.96637,168.73115,176.037766,171.031628,172.318212,161.944413,153.902327,133.998201,115.222121,97.099663,88.307772,79.13108199999999,73.8002108,71.0497688,68.81155679999999,66.99984359999999,65.56758520000001,64.82519640000001,65.38246560000002,64.77416240000001,61.20780420000001,55.74863060000001,48.4920482,39.185367,30.2298162,23.3561636,17.9574879,12.3128403,7.3771783,4.2705503,1.8803503,0.0,0.0,0,0,0,0,0,0,0,0,0,0,0.0,0.0,0.0
231023>231001,723,723,SWCu,Swiss Cottage,Jubilee // SB,723,SWCu,Swiss Cottage,EntEx,Alight-Exit,2076.802567172,70.651823672,895.6958224,552.6981162,398.5257378,126.95709964,32.27396746,0.358438328,1.019679248,2.755464448,5.490261547999999,8.37677888,11.88353502,15.7557257,25.0119405,38.0263314,60.66802500000002,85.8406416,112.00245,115.766438,113.16048,95.80816740000002,75.11004940000002,52.4401,51.72114000000001,48.884342,46.2676576,44.32354160000001,41.5048322,31.4068346,24.859469,22.9319314,20.3036278,18.4287536,17.1983684,17.0057566,17.0155612,16.3839426,16.3944472,17.3355392,17.98125660000001,17.765103,17.9868754,18.7814084,20.378914,20.879062,22.43980100000001,24.483852,27.0979802,29.4229358,30.3883224,32.8062534,34.4161922,35.4386966,34.4756496,36.02642200000001,36.0789328,36.7154258,34.470573,33.2091676,31.3797978,28.38985760000001,25.1187694,23.1210666,19.5498828,15.801932,12.9673338,10.3529188,8.15707454,7.41515434,7.00471888,6.320648820000001,5.852236720000001,5.32904508,5.085087260000001,4.94348922,4.7968428,4.39444994,4.26691104,3.9917153,3.17095404,2.306899672,1.59629908,1.17447504,0.6589866,0.3806229600000001,0.329899008,0.26242276,0.0,0.0,0,0,0,0,0,0,0,0,0,0,0.0,0.0,0.0
350101>350122,747,784,SWKu,Southwark,EntEx,784,SWKu,Southwark,Jubilee // NB,Enter-Board,2671.155698731999,49.128794832,476.5257702,866.6866034000001,945.5593644000002,257.9292,75.32596590000001,0.364061118,0.936137718,2.256763318,3.985268918,5.82922316,8.2359302,12.137071,15.3843394,20.5409924,26.59757440000001,32.43584600000001,37.3030126,42.959995,46.94699840000001,48.2371152,47.4368166,47.0866906,45.2556252,41.98285979999999,39.742244,39.5725534,36.47848680000001,33.1481912,30.92517560000001,30.070327,28.7872532,29.511037,30.223344,30.996203,30.5775118,30.3993088,30.46677480000001,30.2723684,30.1871742,31.781652,32.02333839999999,32.2999842,34.45140960000001,38.2671452,40.8769254,45.5390244,50.38883939999999,58.31899600000001,61.1235796,67.1420504,69.528357,78.7997318,82.7562078,91.1764848,94.7524528,101.0145268,94.309821,84.768647,72.8604344,61.4551634,46.99548720000001,37.9024636,32.1547712,27.018466,22.45014440000001,20.8876314,18.8802404,18.0188402,16.9095306,16.6766232,16.0793546,15.82454660000001,15.1265878,14.3490888,12.9739638,11.5457082,9.975611400000002,7.904219320000001,6.331003720000001,4.800012820000001,3.393519980000001,1.93826838,1.23841186,0.6383118600000001,0.23784576,0.0,0.0,0.0,0,0,0,0,0,0,0,0,0,0,0.0,0.0,0.0
350101>350123,747,784,SWKu,Southwark,EntEx,784,SWKu,Southwark,Jubilee // SB,Enter-Board,2050.196014966001,37.576001,311.3735014,543.0473729,800.0201114,268.3727106,89.806317666,0.61593764,1.07699744,2.05161384,3.05085924,4.11871924,6.258209799999999,8.748003,11.6556608,14.0987788,17.2534462,20.347646,25.5418278,29.5876626,34.3530278,35.80658160000001,35.35902720000001,31.4591978,27.10683,21.8267006,18.632775,16.102729,14.1386266,12.7186681,12.7252293,12.7353461,12.8154987,14.9134961,16.3202038,16.6568088,17.4961114,19.76119,19.9856316,20.4078602,21.0489582,22.0631784,22.2429352,23.398516,25.0977882,28.88112820000001,32.10349220000001,34.27525060000001,37.409195,43.1025568,46.64697440000001,51.51536480000001,56.92645020000001,67.36568100000001,72.61614,80.2690238,83.55692780000003,86.3198728,79.1230302,71.21016720000001,59.63711040000001,50.49106680000001,40.98927640000001,34.6318446,31.3089232,27.78780200000001,24.3384292,21.8547352,19.3624824,18.0501428,17.7620454,18.3614798,18.6673094,18.748878,17.4986386,16.1630536,14.013174,12.63057,10.983472,9.119646300000001,7.686493939999999,6.490982460000001,4.63114466,2.930247913200001,2.2361682332,1.4946761932,0.8642572731999999,0.2908878732,0.27154322,0.0,0,0,0,0,0,0,0,0,0,0,0.0,0.0,0.0
350122>350101,747,784,SWKu,Southwark,Jubilee // NB,784,SWKu,Southwark,EntEx,Alight-Exit,3147.6470337,143.4677768,1259.9737772,877.1015130000001,581.4198072,218.1719715,67.51218800000001,0.5007119999999999,3.2301192,6.941069000000001,12.152921,19.669149,27.61546,33.2435242,40.1148224,48.3147284,56.96523320000001,70.2900442,85.3669048,108.6122508,126.3187328,140.457216,145.010418,144.786459,129.4830182,111.4686242,92.9001476,77.69607260000002,63.3079436,52.9689704,46.6052512,40.92431920000001,35.985919,33.2778218,31.3007858,31.9952766,32.9091042,33.4406514,33.1127656,33.4387416,32.0502086,30.5803108,29.3999,29.5238952,28.5505178,27.9612104,28.443289,29.4718778,30.5213496,30.7812564,32.8540744,36.0781996,37.530884,39.94662440000001,44.13823900000001,50.9848658,54.0107562,59.1206778,59.2233062,59.4934252,52.52362640000001,47.852299,40.5169036,36.1057268,29.2421144,25.5521166,20.981116,17.4911098,14.8131386,13.4864208,12.1837578,11.5959786,12.1543995,12.2135327,12.3525599,11.8683489,11.3814595,9.55881126,8.10157932,6.743754580000001,5.6765113,4.43525482,3.74556578,2.75471572,1.88146046,1.01915234,0.34557402,0.0,0.0,0.0,0,0,0,0,0,0,0,0,0,0,0.0,0.0,0.0
350123>350101,747,784,SWKu,Southwark,Jubilee // SB,784,SWKu,Southwark,EntEx,Alight-Exit,3984.904348030002,122.56217903,1285.65261,1212.320536,855.0249476,363.6772464,145.666829,0.08380354599999999,1.268175486,3.236496486,8.630359086,16.419958686,23.80217114,29.6249548,39.4962598,48.73270720000001,55.34014760000001,69.42390360000002,85.85989200000002,105.966036,124.18925,142.737624,145.5401988,148.7072628000001,137.1050928,121.8839616,100.1665336,87.68260179999999,73.41449279999999,61.3805388,51.398842,48.067906,44.8123046,40.711199,40.3387364,41.7995914,43.19655239999999,44.02647880000001,45.586726,47.52039140000001,47.98314439999999,47.043367,46.76022860000001,46.41088840000001,46.73725260000001,47.00840860000001,49.0689562,50.62635600000001,51.55749960000001,52.8628186,56.32525460000001,59.88293340000001,61.9413936,66.3613676,70.1865516,75.76961960000001,79.94043359999999,84.51370600000001,83.32674399999999,81.30048200000002,72.721329,64.0784456,55.00194159999999,48.6143656,40.80664360000001,35.6150852,30.8540458,28.173657,25.53117180000001,25.0583352,27.4320118,27.1305508,25.23667600000001,24.5372534,24.6874502,22.3668276,22.3177488,21.63661560000001,20.4478408,17.332204,13.14101152,9.355517040000002,7.066203400000001,4.94296268,2.96558012,1.983466,1.38014908,0.6526295200000001,0.07807284000000002,0.0,0,0,0,0,0,0,0,0,0,0,0.0,0.0,0.0
350122>310260,747,784,SWKu,Southwark,Jubilee // NB,5158,WAEr,Waterloo East,NR South Eastern // DN,Alight-Exit-Interchange-Enter-Board,528.7337265500003,45.15344530000001,212.79998216,118.1362549,81.38095210000002,57.65476296,13.60832913,0.0692122,4.415206200000001,5.1597117,6.2559529,7.122761499999998,9.0051267,5.972870300000001,7.152603800000001,7.377744740000002,9.60537094,10.29573954,15.48654134,24.99564974,27.7092728,28.9642784,29.4599528,24.9797198,14.52260274,11.11072906,8.29238026,6.867228860000001,5.695246000000001,5.488165460000001,5.253311300000001,4.91658138,4.5504517,4.32379544,4.41822052,4.70670926,4.057249280000002,3.32718176,3.5770924,3.4315328,4.212418019999999,4.05941918,4.19445744,4.16791258,4.56241484,4.651227860000001,5.130870320000001,6.10298206,6.4288584,7.002692659999999,7.010235379999999,7.90826426,7.19286276,7.64418816,7.320696760000001,7.1785022,6.180037,7.2382217,6.68397616,6.089884400000001,5.81926882,6.43747514,5.687574740000001,7.25765488,6.968738920000002,7.5556656,6.97188178,6.314748380000001,4.00705846,4.69316158,3.42725918,3.18899004,2.67460944,2.7664717,1.828523,1.78354566,1.32732974,1.30662686,1.71353052,2.1072786,1.69490253,1.58385609,1.45976837,0.6266229700000001,0.00486779,0.0,0.0,0.0,0.0,0.0,0,0,0,0,0,0,0,0,0,0,0.0,0.0,0.0
350122>310261,747,784,SWKu,Southwark,Jubilee // NB,5158,WAEr,Waterloo East,NR South Eastern // UP,Alight-Exit-Interchange-Enter-Board,395.0335374605002,8.4064866767,227.1330809,121.23256706,27.1759136,10.69709537197,0.38839385183,0.00150371334,0.00150371334,0.12165937334,0.1978160433400001,0.64095040334,1.46230703,2.06824663,3.91249977,5.1958427,5.88250294,6.771786000000001,9.2152342,24.6525834,28.4517874,29.9858808,31.0173846,30.01514520000001,17.323291,20.3003274,18.32131526,17.65860786,17.78893626,13.71917642,6.67155302,6.55801568,5.24006908,3.812109140000001,3.97239038,3.22159096,4.04936056,3.757845100000001,3.75137748,3.471522880000001,3.98281,3.11348684,3.1222472,2.58192344,2.42849786,2.25323392,1.95318364,1.69704884,1.95325724,2.45004616,2.0242771,2.080340140000001,2.3084651,2.4693623,2.17802336,2.27982772,2.29239932,2.1001473,2.07414548,2.05229,2.1428114,2.22401216,2.97408932,2.70515032,2.178320502,1.919398152,1.631098608000001,0.6935757160000001,0.408215442,0.431645444,0.250801723612,0.1779762056120001,0.105533415766,0.121329789766,0.074050053214,0.110537713602,0.092136452218,0.094511786064,0.039780984664,0.040185976616,0.004027341956000001,0.003983585340000001,0.00158543093,0.00098987233,0.0005249129300000001,6.489759e-05,6.489759e-05,0.0,0.0,0.0,0,0,0,0,0,0,0,0,0,0,0.0,0.0,0.0
350123>310260,747,784,SWKu,Southwark,Jubilee // SB,5158,WAEr,Waterloo East,NR South Eastern // DN,Alight-Exit-Interchange-Enter-Board,3069.56633495,71.91875805000001,534.5782154000001,668.0616714,1044.5482726,568.1315354000001,182.3278821,0.39598136,4.44495176,4.55260781,7.684226210000001,9.39982441,11.66967005,14.51465105,19.2568454,20.6696872,23.6877552,30.7644072,36.5658682,52.31288660000001,60.473699,68.9362128,66.414263,63.06444259999999,46.861537,37.6389004,27.1885562,26.1377844,21.433282,21.090565,20.5701402,22.1184012,21.430241,20.4586602,20.6518858,21.7374046,23.2292868,21.6874392,22.68291300000001,23.9627644,26.9274844,25.7832268,27.9387188,29.3857258,31.5354646,31.6066632,33.90516779999999,36.7915922,42.0527466,42.934769,52.0093444,55.1332198,59.83770379999999,62.1458318,71.13506740000001,77.78293540000001,84.93481200000002,89.53716600000001,103.629558,111.077312,105.99184,109.5378692,113.8049572,103.1686032,86.29566779999999,78.6667498,63.712214,48.945984,36.0260224,33.207331,26.5554544,26.1729662,22.1416036,22.4898792,20.7490598,20.613778,16.69457368,15.45330058,18.79885898,26.75209458,24.98495978,23.47918090000001,20.9624546,13.0512722,1.5374088,0.0,0.0,0.0,0.0,0.0,0,0,0,0,0,0,0,0,0,0,0.0,0.0,0.0
350123>310261,747,784,SWKu,Southwark,Jubilee // SB,5158,WAEr,Waterloo East,NR South Eastern // UP,Alight-Exit-Interchange-Enter-Board,3.05618495,0.0,0.0,2.75029515,0.18499919,0.0,0.12089061,0.0,0.0,0.0,0.0,0.0,0.0,0.0,0.0,0.0,0.0,0.0,0.0,0.0,0.0,0.0,0.0,0.0,0.0,0.0,0.0,0.0,0.0,0.0,0.0,0.097624332,0.1705519120000001,0.1705519120000001,0.1705519120000001,0.1705519120000001,0.07292758,0.0,0.0,0.0,0.0,0.2472598000000001,0.284949746,0.284949746,0.284949746,0.284949746,0.037689946,0.07811523000000001,0.13155721,0.13155721,0.13155721,0.13155721,0.05344198,0.0,0.0,0.0,0.0,0.0,0.0,0.0,0.0,0.0,0.0,0.0,0.0,0.0,0.0,0.0,0.0,0.0,0.0,0.0,0.0,0.0,0.0,0.0,0.0,0.024178122,0.024178122,0.024178122,0.024178122,0.024178122,0.0,0.0,0.0,0.0,0.0,0.0,0.0,0.0,0,0,0,0,0,0,0,0,0,0,0.0,0.0,0.0
310260>350122,747,5158,WAEr,Waterloo East,NR South Eastern // DN,784,SWKu,Southwark,Jubilee // NB,Alight-Exit-Interchange-Enter-Board,0.5826299300000001,0.0,0.0,0.0,0.04680669600000001,0.115004754,0.4208184800000001,0.0,0.0,0.0,0.0,0.0,0.0,0.0,0.0,0.0,0.0,0.0,0.0,0.0,0.0,0.0,0.0,0.0,0.0,0.0,0.0,0.0,0.0,0.0,0.0,0.0,0.0,0.0,0.0,0.0,0.0,0.0,0.0,0.0,0.0,0.0,0.0,0.0,0.0,0.0,0.0,0.0,0.0,0.0,0.0,0.0,0.0,0.0,0.0,0.0,0.0,0.0,0.0,0.0,0.0,0.014444406,0.03236229,0.03236229,0.03236229,0.03236229,0.017917884,0.0,0.0,0.0,0.0,0.0,0.0,0.0,0.0,0.08416369600000001,0.08416369600000001,0.08416369600000001,0.08416369600000001,0.08416369600000001,0.0,0.0,0.0,0.0,0.0,0.0,0.0,0.0,0.0,0.0,0,0,0,0,0,0,0,0,0,0,0.0,0.0,0.0
310261>350122,747,5158,WAEr,Waterloo East,NR South Eastern // UP,784,SWKu,Southwark,Jubilee // NB,Alight-Exit-Interchange-Enter-Board,3927.0857729,343.3603914,1438.7598832,874.4466678000001,938.3135882000003,258.5366268,73.66861550000002,2.9235736,5.0295372,11.3507164,25.1396554,47.2386094,65.96744059999999,82.91895299999999,102.7919058,130.4975768,151.4421508,168.456888,199.788624,202.667368,169.5709772,134.9129396,104.393125,62.19013500000001,38.657425,37.9356538,38.24702,36.5098076,32.46465000000001,32.77902,34.7251108,32.4722882,31.4410472,32.49097980000001,33.619711,30.8334642,32.3127122,32.630239,34.70045,35.438314,34.0126684,32.0763264,32.4280456,33.0915056,32.3704874,35.1469038,37.755435,44.4477066,46.3504446,50.68178160000001,63.6675688,74.88361640000001,79.814224,87.72869800000002,94.818776,97.758818,94.4502122,91.62079500000002,86.59539000000002,77.57144340000002,61.43611740000001,51.4250164,40.2104814,31.5035912,26.4841268,22.0275764,19.3998628,20.5799584,21.0925832,21.292233,21.8451478,21.53298920000001,20.1796404,17.2065754,15.3923422,13.0912182,12.037563,9.62644794,9.81660534,7.410193340000001,6.323335980000001,4.443144780000001,4.187734240000001,2.448432240000001,2.091310640000001,1.4053616,0.7872682000000002,0.0,0.0,0.0,0,0,0,0,0,0,0,0,0,0,0.0,0.0,0.0
310261>350123,747,5158,WAEr,Waterloo East,NR South Eastern // UP,784,SWKu,Southwark,Jubilee // SB,Alight-Exit-Interchange-Enter-Board,1058.9489396,68.68274869999999,288.1479814,230.0665013,326.44152452,89.18313596,56.42704772,0.537161,0.9056888,1.62567514,4.927094540000001,9.78580914,13.52283634,16.01518354,21.3633002,30.3246616,34.9609344,39.1467018,42.45267180000001,40.741917,30.255675,21.33936444,15.31180544,10.75226234,7.422097739999999,7.01604294,8.423846900000001,6.673320380000002,5.50589628,5.31393654,6.13279114,5.605027740000001,6.226027940000002,6.942449940000001,7.801124080000001,8.02957588,8.87536768,9.5242868,10.5123328,10.7987456,10.0640512,9.375927599999999,8.9840106,8.899105599999997,9.325263,9.9689353,10.8038133,12.9422151,13.4408705,15.5585233,22.762903,28.1786074,30.2245974,33.955587,35.65107800000001,34.21634599999999,32.5730226,31.9258256,29.3003846,25.8204336,19.16357524,14.39841034,11.03365674,9.71092724,8.498747980000001,7.67800834,7.45406872,7.760106520000001,6.70418992,7.187930980000001,7.451165299999999,7.718881019999999,7.02692854,6.789549640000001,5.20263176,5.49584314,5.858704540000002,5.09788842,6.22144042,6.6097137,6.47623552,5.3668024,5.8524193,3.6812475,2.8686693,1.82688378,1.0711997,0.0,0.0,0.0,0,0,0,0,0,0,0,0,0,0,0.0,0.0,0.0
570501>570522,752,752,WPKu,Wembley Park,EntEx,752,WPKu,Wembley Park,Jubilee // NB,Enter-Board,1581.37079997,43.4199932,367.6102923,418.0621776,475.2368870000001,223.822196,53.21925387,0.52223726,0.78939136,2.20686544,3.6236896,5.5282577,7.988563839999999,10.24900794,12.51198006,19.9994039,25.8982804,35.5028898,44.7114456,47.9170074,42.47642540000001,38.5447436,31.225595,24.1212784,20.07357720000001,19.1970346,17.94261100000001,16.0718008,13.697131,14.70400480000001,14.6492508,15.390597,13.9703366,15.668199,14.925833,16.329009,15.9901394,17.86710020000001,17.278883,17.2824482,16.5681922,16.7194118,16.6570648,17.0122918,17.509241,18.1925096,20.4208226,20.6383248,21.282557,23.7640776,25.4729516,25.6930272,26.7292242,29.6967878,32.1989202,36.6313162,40.2427028,47.6563622,51.7164216,50.60186160000001,49.52335240000001,45.7633918,38.783519,32.33938300000001,27.9216596,24.2807484,22.9329018,20.84367120000001,19.3900086,18.4958682,15.2214288,13.0465232,11.5413464,9.4124928,8.396164,7.679746480000001,6.64100148,5.98439188,5.88484668,5.94815288,5.17003232,4.79255046,3.81819142,2.691774114,1.816498814,1.259068694,0.7271977540000001,0.473540594,0.3322603,0.0,0,0,0,0,0,0,0,0,0,0,0.0,0.0,0.0
570501>570523,752,752,WPKu,Wembley Park,EntEx,752,WPKu,Wembley Park,Jubilee // SB,Enter-Board,7125.909951580002,639.7214957799999,2414.805405,2178.469949,1328.5884348,429.9414344,134.3832326,17.67273526,25.94319886000001,40.31376286,61.7920296,86.6903056,110.4690076,132.548964,164.291492,177.749382,195.607472,214.455874,234.378226,242.212564,247.808036,229.58097,217.203064,205.831422,173.559459,146.207548,130.211388,109.20521,87.22493400000002,82.83081899999999,85.289907,84.27818900000003,83.82744300000002,84.226815,85.382039,86.9822,86.574072,89.39444200000001,89.41197199999999,87.36725600000001,83.00210799999998,80.83826400000002,78.988798,77.7390852,77.29628120000002,84.0850002,94.93008420000001,103.2954002,109.709511,121.621823,124.968296,119.004718,124.190064,135.378794,136.156952,132.3878288,139.6460848,128.9359528,110.5737868,94.6048128,84.192872,67.18796999999999,56.32859880000001,48.35571200000001,42.29298860000002,41.11872460000001,39.83911860000001,38.52014500000001,36.741463,36.4044432,33.7974572,29.5152472,28.20174960000001,28.4841398,26.6702456,24.4798,22.8965002,19.4826284,16.0212134,13.3473918,11.2916936,9.41533106,7.511401359999999,5.113276959999999,3.33018396,1.21177176,0.2820401,0.0,0.0,0.0,0,0,0,0,0,0,0,0,0,0,0.0,0.0,0.0
570501>570524,752,752,WPKu,Wembley Park,EntEx,752,WPKu,Wembley Park,Metropolitan // NB,Enter-Board,3695.187368887508,152.0438002,1072.0028356,1105.3351486,844.9552598,384.1420206,136.7083040875091,3.5705986,5.321867,11.2788724,15.0719788,21.18580140000001,24.3065608,32.588127,38.7199942,48.84238380000001,59.84319320000001,86.3333692,111.0661466,119.234506,120.270316,115.5853432,94.62576520000002,80.07717440000002,79.8074844,78.51984240000002,77.79731120000002,75.1547632,63.526592,51.64068200000001,45.1496766,41.78641380000001,40.19687580000001,39.12499279999999,39.4864154,39.53264040000001,39.5832252,39.1268772,41.0827396,42.21934700000001,45.2687724,45.0729024,45.7562364,46.760367,44.542707,46.399388,44.6822494,45.0647006,43.48862560000001,48.66639840000001,52.0215604,59.478753,66.7769898,75.80900079999998,78.80394999999999,76.767826,76.178661,77.11915100000002,74.09981300000003,70.83851999999999,68.370362,65.0246436,55.68758960000001,48.3622416,44.02823220000001,40.8810062,37.564951,36.656038,33.792044,30.8815104,26.9267068,24.2359554,20.9559886,20.576725,19.2806214,17.8004634,16.1608376,15.7163152,13.1715318,11.8673046,12.3802622,13.1235958,11.40285486,10.18948544,7.74092837750181,4.834288377501808,1.733636577501808,0.5867997175018079,1.375018080000001e-07,0.0,0,0,0,0,0,0,0,0,0,0,0.0,0.0,0.0
570501>570525,752,752,WPKu,Wembley Park,EntEx,752,WPKu,Wembley Park,Metropolitan // SB,Enter-Board,10832.0050065178,686.21543538,3286.581284800001,4119.2766,1976.8211332,602.4954754,160.6150777378,16.61986406,31.84356806,50.47814406,79.864548,92.2403928,113.0787428,139.6226588,162.4675168,181.1263848,215.73582,250.409106,283.960666,307.9808160000001,320.4712460000001,331.9888820000001,320.903132,294.7280920000001,269.394182,255.643596,254.239362,241.682728,224.46396,221.643104,210.87591,184.85951,168.063758,169.782866,170.591768,167.944646,168.339308,175.862628,177.81053,170.761956,164.602262,158.322438,152.314148,143.202378,136.993136,139.331324,148.103312,149.846836,150.107038,161.616356,162.1547,157.882134,160.974472,177.657246,180.038346,188.226696,194.9259,197.306868,181.77426,165.833577,144.8222602,123.897081,103.482293,89.18622700000002,76.86954840000001,70.06622320000001,62.66371160000001,53.06259960000001,46.6142296,43.0572532,38.0651512,32.74722260000001,31.4773314,30.0020586,28.683919,27.2072794,25.7713658,24.2707486,21.574467,19.2942162,15.2550879,12.07600538,7.825002420000001,4.85001282,1.47641922,0.7206511200000001,0.28540264,0.0,0.0,0.0,0,0,0,0,0,0,0,0,0,0,0.002806412600000001,0.002806412600000001,0.002806412600000001
570522>570501,752,752,WPKu,Wembley Park,Jubilee // NB,752,WPKu,Wembley Park,EntEx,Alight-Exit,5660.562592100003,106.7953815,989.8754208,1234.795822,1746.9393448,1064.5974308,517.5591922000001,0.0,0.22816642,1.30549782,3.46389562,10.83250302,21.58819602,28.511129,40.8659936,55.82800780000001,68.19802240000001,87.69079140000002,114.093062,122.696706,120.573206,115.767944,93.75226320000002,69.405952,54.31269079999999,47.8665302,39.690245,40.5431798,38.4981266,37.9220906,36.7233092,36.86375839999999,35.65643520000001,36.3317984,37.9027456,38.7593686,40.7173086,41.37274979999999,43.3769742,45.77224220000001,48.2921542,50.5370808,53.20399079999999,55.67115240000001,58.89553240000001,62.0073434,65.10507600000001,72.15892480000002,80.11840000000002,87.437104,90.928976,104.0182008,113.054684,122.365482,132.615232,145.20967,156.665098,160.154242,169.547934,167.417398,170.672696,158.59344,146.625268,128.2626828,115.3993168,101.2710528,92.3504308,89.59653879999999,85.171522,84.95671999999999,79.473586,77.099876,74.26169399999999,70.00287300000001,66.75113780000001,65.7241818,62.3589878,61.05370379999999,56.52607680000001,50.660042,43.9516744,40.8594824,33.272167,29.8434078,27.20206880000001,21.36686640000001,12.4550644,8.1276898,4.157779000000001,0.0,0,0,0,0,0,0,0,0,0,0,0.0,0.0,0.0
570522>570524,752,752,WPKu,Wembley Park,Jubilee // NB,752,WPKu,Wembley Park,Metropolitan // NB,Alight-Interchange-Board,1816.91411924,71.3913744,542.9248062,456.2593378,510.4459232,173.7076806,62.18499704000001,0.0,0.2962947200000001,2.09575352,4.917446120000001,8.72304272,12.75483092,18.0273766,24.5766298,30.8260272,34.49574339999999,46.75633120000001,60.58715079999999,64.6276508,64.29924079999999,63.64913000000001,53.35420540000001,39.149103,31.223223,28.70123580000001,25.2557648,22.49392820000001,21.2297226,19.8689912,16.765895,16.2872206,16.6400614,15.9689188,16.078861,16.1441464,16.7668534,16.336694,17.5962806,18.443825,19.6710348,20.3384546,21.3694688,21.1133308,20.5574986,20.6455426,19.7835538,19.00818880000001,19.9454156,21.9964024,21.2090488,30.81681020000001,33.79431140000001,38.12540200000001,43.2402652,50.65057360000001,46.23481440000001,51.12150579999999,50.6591884,47.3333874,44.7109114,40.457755,33.3009984,28.151093,24.2629856,18.8715546,16.9347756,14.560426,12.4767494,10.819767,9.6530716,9.276425,9.4371444,9.4436998,9.8199886,9.34039508,8.62053388,7.57910558,6.807878240000001,5.553476840000001,5.07736782,4.18624682,4.19684052,3.743762260000001,2.884117888,1.899332228,1.555699628,0.6787830280000001,0.061457228,0.0,0,0,0,0,0,0,0,0,0,0,0.0,0.0,0.0
570522>570525,752,752,WPKu,Wembley Park,Jubilee // NB,752,WPKu,Wembley Park,Metropolitan // SB,Alight-Interchange-Board,62.32797252400004,2.441206436,18.443340436,18.75705050800001,14.356811674,6.093551582000001,2.236011888,0.0,0.41941386,0.47443914,0.47443914,0.47443914,0.47443914,0.089530648,0.034505368,0.034505368,0.2336343280000001,0.2437801400000001,0.2092747720000001,1.013522432,2.315839092,2.816054472,2.867346076,2.867346076,2.374684436,2.048894896,1.418458348,1.758254612,1.936917092000001,1.906770592,1.245870372,1.290631212,0.9718890379999999,0.904147138,0.7366010780000001,0.544237218,0.534472566,0.6054056800000001,0.6729420740000001,0.6503130460000001,0.6959012740000001,0.6781732900000002,0.6480850700000002,0.5389977820000001,0.494380944,0.40215547,0.328890714,0.205554314,0.225540752,0.343335744,0.4375834360000001,0.424672196,0.424672196,0.760758432,0.7629568659999999,0.90614426,1.42350036,1.7788272,1.85004516,1.83471328,1.718366228,1.300945768,1.171209728,0.8424749280000001,0.6911657880000002,0.563406116,0.7141128959999999,0.5113537208000001,0.3948959468000001,0.4411897088000001,0.4839989808000001,0.3169122708000001,0.3469498940000001,0.330590884,0.4565004479999999,0.382481186,0.312531708,0.30971492,0.31746514,0.2057592580000001,0.167015092,0.15340886,0.131751994,0.10525382,0.04475637599999999,0.04475637599999999,0.04475637599999999,0.016360782,0.0,0.0,0,0,0,0,0,0,0,0,0,0,0.0,0.0,0.0
570523>570501,752,752,WPKu,Wembley Park,Jubilee // SB,752,WPKu,Wembley Park,EntEx,Alight-Exit,1578.488579070001,105.9812236,451.4433316000001,513.9020296000001,349.955445,129.6743167,27.53223257000001,1.5176676,4.0865606,6.802392000000001,8.920784800000002,12.4196992,18.0746086,24.22399160000001,29.9355192,41.68028240000001,46.68984660000001,49.51794400000001,50.78948000000001,53.27582700000001,45.0212914,40.7711364,35.55387460000001,29.3061792,21.4041532,18.7751686,18.65814820000001,17.84963800000001,17.526546,19.15603680000001,18.35341020000001,17.9353798,18.06248320000001,18.0158646,17.0409394,18.938968,19.344703,18.567183,19.4587258,21.0316224,21.043737,20.9754668,23.2223422,24.6685122,24.1726744,24.8000786,26.9849998,27.0880648,26.488285,26.4423306,26.734038,27.8316104,28.2559094,30.420543,32.411701,35.4364558,33.4145178,33.2091516,31.0624806,29.4228012,25.3244034,23.415411,19.7504598,16.6838126,14.392357,13.1132778,11.3934682,11.4461744,11.250937,10.8034582,9.8414205,9.5560817,8.3327227,7.236296820000002,5.62430978,4.63611116,3.875732680000001,3.612844720000001,3.50652896,3.1691028,2.79280096,2.36497714,1.636647194,0.972971834,0.612490834,0.285487194,0.066537094,0.0,0.0,0.0,0,0,0,0,0,0,0,0,0,0,0.0,0.0,0.0
570523>570524,752,752,WPKu,Wembley Park,Jubilee // SB,752,WPKu,Wembley Park,Metropolitan // NB,Alight-Interchange-Board,1222.322452543999,74.5629029,499.4281144,311.8806201,241.3888838,76.39654646000001,18.665384884,0.43511324,1.0580604,3.6062988,5.038376299999999,10.1807049,13.58041226,19.1007153,21.5632217,29.6104288,32.0114116,47.207311,52.8343588,62.454898,60.83958199999999,58.2128184,46.3028004,38.42123239999999,27.5691992,22.6003066,21.3637672,16.4918152,15.0320054,14.4907706,13.7556146,12.5266078,12.5094932,11.8598098,10.9647376,11.1411122,11.4421465,11.2195757,11.4967025,11.2826651,11.3145897,10.9404032,11.2791698,11.108684,11.6258414,12.142496,13.226983,14.3195704,15.84496,17.0839376,18.7809288,20.0759392,20.8538354,21.9463128,22.4043934,22.197604,21.973696,22.3576544,21.1444542,20.748391,18.6334046,15.7474328,13.305766,11.3664647,8.7328319,8.429926700000001,8.109541100000001,7.303282299999998,6.581296640000001,5.97575252,4.944524920000001,4.39873124,3.63709184,3.55598994,3.36111266,2.85845042,2.3425871,2.3198157,1.93913762,1.8391407,1.89193654,1.8935254,1.3417836688,1.1743060088,0.7612983287999999,0.2852083288,0.0181950688,0.0,0.0,0.0,0,0,0,0,0,0,0,0,0,0,0.0,0.0,0.0
570523>570525,752,752,WPKu,Wembley Park,Jubilee // SB,752,WPKu,Wembley Park,Metropolitan // SB,Alight-Interchange-Board,2403.810030180841,308.8549056000001,944.6718432000004,758.2817284000001,290.4838754,79.97876484000003,21.53891274084019,2.9249886,7.727195400000001,24.33327460000001,33.7671316,37.6190306,47.0588132,76.35871440000001,79.06575720000002,77.7926162,88.590032,109.7026708,89.93240180000002,89.793639,96.358887,91.7918302,68.3782802,66.70609920000001,55.9325816,53.48301360000001,56.2097916,53.5603356,45.78826260000001,48.10473820000001,41.72443820000001,35.90730360000001,34.0990482,35.90869379999999,32.372017,32.77461520000001,31.1580346,31.7198356,30.86128140000001,29.198499,27.4246172,26.6716632,25.54426680000001,24.7820548,23.2777402,22.4635426,24.2913958,24.4772654,23.686045,25.73249300000001,26.7535414,26.2608104,25.9358216,26.3986768,26.218664,26.5971776,25.205069,26.595438,25.97050620000001,24.6451784,21.8734178,19.5088678,15.2742478,13.569656,10.391299,9.676030400000002,8.609762680000001,7.641609180000001,6.091071480000001,5.61166098,4.636642460000001,4.002759380000001,3.32618748,3.25058438,3.17150142,3.05924954,2.7746754,4.019854,3.5641043,2.87943265,2.373364058,2.1609786728,0.5033435761680399,0.16665847616804,0.03352978616804,0.00372117816804,1.10336804e-06,0.0,0.0,0.0,0,0,0,0,0,0,0,0,0,0,0.0,0.0,0.0
570524>570501,752,752,WPKu,Wembley Park,Metropolitan // NB,752,WPKu,Wembley Park,EntEx,Alight-Exit,11967.5252661,139.7454695,1427.6033782,2603.8104624,4288.560512000001,2499.770656,1008.034788,0.26031706,0.56160542,1.66623562,4.22204502,11.24909422,22.04310836000001,38.512072,61.2309918,83.3041756,103.1195144,123.5021232,140.8555012,148.8614832,155.970582,152.835102,139.515847,121.048741,103.4895642,82.1505502,72.9501942,68.77267640000001,66.5337924,65.9624952,70.247046,70.783084,72.5163828,75.25582880000002,78.65676280000002,81.61552300000002,84.996087,89.23327900000002,94.103715,100.600127,108.127372,113.342751,118.538931,126.392945,132.494935,135.227075,144.88737,157.998726,167.73652,179.091986,200.695052,227.601284,247.95265,280.57447,315.359484,354.503276,382.142912,413.498798,425.687824,439.4715500000001,431.6612300000001,400.1056080000001,370.001426,334.026786,295.1524980000001,247.80841,233.692456,212.54911,202.049222,183.126358,181.866048,169.369356,156.80084,144.71007,138.619502,131.907458,127.582176,125.59277,122.591168,112.387434,98.953222,83.486216,64.45292400000001,48.08877560000001,36.1807864,25.2459884,15.3618484,10.2751444,4.7760168,1.15286,0,0,0,0,0,0,0,0,0,0,0.0,0.0,0.0
570524>570522,752,752,WPKu,Wembley Park,Metropolitan // NB,752,WPKu,Wembley Park,Jubilee // NB,Alight-Interchange-Board,3439.961915689998,14.64753501,199.73282998,568.4193565,1698.8875926,767.9782838,190.2963178,0.06141299,0.06141299,0.205484224,0.290919418,0.5263816379999999,1.660660528,4.268731528,7.572531693999999,10.2608985,14.77729068,17.4992562,20.0229392,21.58130400000001,23.2054692,20.6464452,19.3455066,16.4615716,13.5849616,10.8037764,11.5434108,11.1193388,10.6423098,10.764292,11.308126,11.5533514,12.2405718,13.4441045,14.8771305,17.0333343,17.6470991,18.4959027,20.2463568,20.726451,21.209606,22.4287246,24.56922500000001,26.6624702,29.5762976,32.11778940000001,35.15922380000001,38.88859620000001,42.32946320000001,48.0564372,57.3231546,69.31535459999999,75.77394600000002,89.5873898,107.7648838,130.0137918,147.0231918,173.9438847999999,187.449286,195.712566,193.08995,174.564034,154.649314,132.187844,107.749744,81.96040500000002,74.138702,62.43045400000001,54.683365,51.9409698,49.1744004,46.0544774,39.5000416,38.01458779999999,30.1432928,28.0063824,25.6573372,25.7495526,24.7582,23.7649584,20.4167798,15.31461166,11.35199316,6.979136960000001,3.97107852,1.77759992,1.64274726,0.71272616,0.19321376,0.0,0,0,0,0,0,0,0,0,0,0,0.0,0.0,0.0
570524>570523,752,752,WPKu,Wembley Park,Metropolitan // NB,752,WPKu,Wembley Park,Jubilee // SB,Alight-Interchange-Board,223.144530375,1.700688378,22.397235526,13.819276648,116.320253,52.98601680000001,15.921060023,0.0047279768,0.0417722228,0.0715457428,0.09886437279999999,0.1324046968,0.294520766,0.4062931200000001,0.6505594800000001,0.82183943,1.572864226,1.4091250152,1.9809156552,1.7128788428,2.245638322800001,1.630737514800001,2.1960635396,2.3353612996,2.549095192,1.84857066,2.094145828,1.581968622,0.8953172300000001,0.8298844759999999,0.827106648,0.444193544,0.4163891160000001,0.2628390228,0.1349425768,0.1460170648,0.1833647748,0.1985661468,0.215541952,0.214203656,0.2300048220000001,0.21198402,0.220226138,0.242986126,0.282230456,0.352060842,0.3891544340000001,0.4482413980000001,0.5413252900000001,1.807194436,2.743533856,3.84535228,5.639529400000002,5.773101220000001,7.277789680000001,8.37794732,12.44368122,13.20686102,15.3841852,14.2444468,14.0932976,8.93289258,7.101168680000002,5.10792808,4.5816682,3.62343286,4.401083180000001,4.70048968,5.52887528,5.240392160000002,4.824916460000002,4.5575758,3.9600973,3.2442993,3.2152585,3.42547754,3.16030526,2.91118564,2.64472758,1.79337838,0.968831126,0.6291667166,0.3397456366,0.0234374966,0.0234374966,0.001367150600000001,0.0,0.0,0.0,0.0,0,0,0,0,0,0,0,0,0,0,0.0,0.0,0.0
570525>570501,752,752,WPKu,Wembley Park,Metropolitan // SB,752,WPKu,Wembley Park,EntEx,Alight-Exit,3553.173269269999,115.5353675,744.3091440000001,1204.3044052,1080.5219834,311.263553,97.23881617,0.45137834,2.04004254,4.27381374,8.08943034,14.90002034,18.6488446,28.13518340000001,38.9966542,51.9089216,65.5560336,72.5765196,81.9651566,84.0991566,81.7534594,68.420952,67.3471186,52.03577199999999,45.43792639999999,36.40256960000001,36.80555800000001,33.9480698,35.9684028,34.9904804,37.4974194,38.0709354,38.19436900000001,38.5434206,39.3800546,40.84926760000001,42.75501660000001,46.57136939999999,49.98677260000001,52.062697,52.95208460000001,50.98557660000001,48.2800698,49.1522186,50.1196648,51.73685720000001,55.6603162,70.81466759999999,74.53231360000002,84.59889000000003,86.653471,99.95620200000002,94.82349599999999,96.3517272,91.7830762,100.3387872,97.4434512,99.82298120000002,96.8037688,95.09246980000002,82.7476742,69.7286902,55.62965940000001,47.9389162,37.5707338,33.03775700000001,28.384011,26.5512832,24.2762856,22.5794312,21.0144164,19.7369044,17.5087442,16.5719454,16.0931246,14.3031692,13.60480420000001,12.8217472,12.0245698,10.4362474,9.19272852,7.00236772,5.64137266,3.91868734,2.842387034,2.156640594,1.623814394,1.002963254,0.389470774,0.2778460799999999,0,0,0,0,0,0,0,0,0,0,0.0,0.0,0.0
570525>570522,752,752,WPKu,Wembley Park,Metropolitan // SB,752,WPKu,Wembley Park,Jubilee // NB,Alight-Interchange-Board,1155.09278251,33.64713518,222.31849992,330.1950668,434.6744778,110.84622206,23.41138075000001,0.13636716,0.5064295999999999,1.28745968,2.90116148,5.20850008,5.771822779999999,7.45417954,10.38121486,13.16304306,17.10116646,20.2551922,25.1136914,28.4562654,27.0559374,23.1873326,21.5464566,16.3345222,11.351606,9.67613,9.077156599999999,8.539023799999999,8.2766222,7.812357599999999,8.04672172,8.14437522,7.610929339999998,7.62391494,7.46032384,7.80742352,7.68725582,8.4406133,9.8836969,11.498263,12.7794486,13.5373318,14.924821,15.393951,15.714874,15.6614498,16.8662218,21.7947534,26.21029720000001,31.2826786,37.19771840000001,43.29459600000001,40.432312,39.30469220000001,36.5973838,36.1582028,34.7344252,37.29058879999999,37.1663708,38.4114432,34.70465179999999,30.6323326,25.9474786,21.9570422,16.54982808,13.30838448,10.28641048,8.96247588,7.39264436,7.131542940000001,6.154695200000001,5.89053668,4.89171928,4.38905754,3.93188494,4.2172654,3.80694544,3.27648738,3.22612824,2.5833916,1.8938239,1.36445297,1.05089209,0.7391225499999999,0.568038962,0.292498942,0.199516752,0.146622892,0.04619363200000001,0.0,0,0,0,0,0,0,0,0,0,0,0.0,0.0,0.0
570525>570523,752,752,WPKu,Wembley Park,Metropolitan // SB,752,WPKu,Wembley Park,Jubilee // SB,Alight-Interchange-Board,1769.157148826,99.79988700000001,435.929287,522.2286096,525.409209,150.82382488,34.966331346,0.2718238,1.44347792,5.06125552,10.20807832,13.99956552,17.80563332000001,22.7486468,28.26140580000001,30.7766764,37.38592840000001,40.3489196,43.37084400000001,45.6462224,47.503653,41.7288384,40.4757706,35.25826240000001,28.8193514,22.5838838,22.0309366,19.6174246,17.8092722,15.594504,14.2414608,13.7670124,13.2928094,13.8733046,15.0215548,16.3717876,16.313947,17.046956,18.302671,18.514759,19.742929,20.028078,20.5598574,20.7325942,22.3161086,23.2418458,26.2979244,34.6950774,39.4686164,42.429154,42.948961,48.78341100000001,45.0136472,44.80264020000001,50.04036420000001,54.9092436,50.9336716,51.754468,48.77818280000001,41.0338988,34.6462766,30.6911402,24.0222648,21.561308,17.0767864,15.3402994,13.1274896,12.8612844,11.8061766,11.816427,11.2068482,10.18870412,9.28229032,8.33012652,8.22608432,7.35233858,6.82639034,5.7222297,4.9280305,3.6061486,2.6785825,1.724220256,1.0609732252,0.6172756252000001,0.3674049252,0.07856516520000001,0.004171929200000001,0.0,0.0,0.0,0,0,0,0,0,0,0,0,0,0,0.0,0.0,0.0
110901>110916,757,757,WHMu,West Ham,EntEx,757,WHMu,West Ham,Dis+H&C // EB,Enter-Board,468.3539117611101,12.03830082,114.1432936,146.71502088,127.1598915,48.65431688000001,19.64308808110999,0.0,0.4404898,0.6538663600000001,0.92499098,1.42266718,2.17395082,2.74827622,3.67405946,5.373348439999999,8.30265224,10.6972762,13.706941,15.329597,14.723979,12.7536728,10.54597474,7.57051122,5.29847174,5.101836860000001,4.73903236,4.599816779999998,4.40161436,5.16478336,5.416392299999999,5.4403442,5.388786140000001,5.36890708,5.26819068,5.074229920000001,4.905792460000002,5.019118359999998,5.13689066,5.18761842,5.21016978,5.35813216,5.339062360000002,6.39997206,7.11114238,7.110652180000002,7.295368260000001,8.999510860000003,8.909534260000003,8.826448860000003,9.782542999999999,10.5055846,9.8696112,11.2344702,12.4005836,12.2408294,12.7742996,12.7179748,11.2098668,9.881728599999999,9.3297741,7.7218853,7.2732833,6.743022700000001,5.8842977,5.017279800000002,4.600323640000001,3.867430600000001,3.60409274,3.25389668,3.19814418,3.50602234,3.429336180000001,2.8582825,2.69218782,2.42713568,2.70555414,2.29506606,2.02567084,2.16614792,1.99678762,1.07004636,0.8851820922220002,0.9455109722220002,0.6527533522220001,0.7426891122220001,0.5694047122220001,0.56940186,0.36672894,0.22500842,0,0,0,0,0,0,0,0,0,0,0.0,0.0,0.0
110901>110917,757,757,WHMu,West Ham,EntEx,757,WHMu,West Ham,Dis+H&C // WB,Enter-Board,2509.635193828999,467.5636606,1034.4436328,567.7557246000001,261.9641056,149.82990814,28.078162089,7.984397299999999,18.1602427,28.0329087,48.3715515,63.76544499999999,89.1355564,101.025275,111.088284,109.391152,108.326787,100.898827,99.97998500000004,102.180984,98.780704,98.2616232,86.4927552,75.2009592,61.4217572,49.7677206,43.7403784,40.0056838,37.4080178,32.70940039999999,32.6215498,27.2983848,26.4935454,22.8142014,24.12114800000001,21.6540826,22.7904838,20.7024624,22.367704,20.6773296,20.526857,18.7115542,20.1392088,17.948063,18.9749708,18.4631074,19.732339,18.451179,20.3993892,19.9089106,22.8361518,23.3825354,24.0887846,25.316387,25.891542,23.682556,22.9737464,22.62289040000001,20.4484416,19.463751,18.421164,17.89000620000001,17.782301,15.936132,14.2162874,12.78154294,11.62701494,9.47679834,11.70600874,12.71024154,15.3876676,14.01724566,12.96690106,10.14973446,8.85433346,5.760951960000001,5.26159598,4.847780480000001,3.639614820000001,2.516539020000001,2.01475632,1.48063698,1.1591523658,0.7480676258000001,0.4798358258,0.1663228258,0.0029078858,0.0,0.0,0.0,0,0,0,0,0,0,0,0,0,0,0.0,0.0,0.0
110901>110922,757,757,WHMu,West Ham,EntEx,757,WHMu,West Ham,Jubilee // NB,Enter-Board,3566.507916900001,729.2672364000001,1499.9538152,753.9979118000001,354.4360428000001,179.7715742,49.08133650000001,16.1838826,32.4250546,46.75508060000001,80.0247066,99.45611200000002,132.572194,152.68437,169.165836,167.385824,166.171288,161.732702,159.34265,155.6631,146.89791,139.5176472,116.0249112,93.7917506,75.49421419999999,62.8902186,55.0415994,47.5921634,43.316727,39.0265844,37.74434960000001,31.6148624,33.1652744,30.773057,34.1400314,30.4074682,32.6556964,29.64664680000001,32.0890938,28.7514088,30.3571164,28.1069962,29.00751540000001,25.9235104,26.8454734,26.0724888,27.56460460000001,26.3391758,28.2940846,27.2823788,27.2812038,27.7024608,28.7362964,30.2863734,33.1121378,33.22920860000001,32.5875746,32.6922576,30.2459076,28.66317,27.038337,25.6882656,24.4540534,21.6510788,18.134369,16.1180246,15.6214392,12.9230803,14.0254615,14.3967269,14.7801611,14.0046489,13.745461,12.1382356,12.2328873,10.3847037,8.91150576,8.398029880000001,6.737464480000001,4.5521615,3.87885596,2.70849304,1.57503652,1.06386132,0.5731206,0.29810374,0.0,0.0,0.0,0.0,0,0,0,0,0,0,0,0,0,0,0.0,0.0,0.0
110901>110923,757,757,WHMu,West Ham,EntEx,757,WHMu,West Ham,Jubilee // SB,Enter-Board,941.187316635151,102.0264336,401.0399488,221.7486801,150.18152172,51.12089461999999,15.0698377951506,1.2827316,1.56403944,3.73842824,9.054508040000002,14.14127304,18.30211104,25.1886644,28.7546778,32.2873232,34.826853,43.3580774,44.18837420000001,48.62152320000001,46.829864,44.108932,33.0069278,27.40213940000001,19.1711438,14.6316478,12.607143,11.25453466,9.963719460000002,9.08432766,8.135452059999999,7.055914260000002,7.3575992,8.409431699999999,9.6332873,10.4332503,10.7544765,11.0060671,10.7194962,10.3622034,9.712887000000002,9.564436,9.235043,9.0123696,8.288592600000001,8.003348700000002,7.6841853,7.822627500000001,8.3323815,9.6346035,10.2884456,11.197336,11.9462382,13.1496108,13.3278682,13.8400587,14.1831545,14.1071707,12.9904095,12.7103925,12.2441541,10.806906,9.678222520000002,8.0058314,6.153080999999999,4.9105947,4.53181386,3.80507722,3.81975246,4.266685180000001,4.08284386,3.2800739,2.8522186,2.73494012,2.67798232,2.9151515,2.9536114,2.84286524,2.39857536,1.544375126,0.644015134,0.3439937220000001,0.182592279067,0.223194909067,0.268291483067,0.22391863303012,0.19736084503012,0.19735926796312,0.13453287796312,1.796312e-08,0,0,0,0,0,0,0,0,0,0,0.0,0.0,0.0
110901>110978,757,757,WHMu,West Ham,EntEx,757,WHMu,West Ham,NR Essex Thameside // DN,Enter-Board,608.5640580200004,55.26220915000002,96.64182774000001,125.16991598,206.2173542,100.852967832,24.41978311800001,4.032775466,4.725493486,5.852103886,6.317846486000001,7.464742986000002,7.904036560000002,9.54341894,9.421791340000002,9.48530194,8.891931040000003,10.7698204,9.938875,11.1918032,9.9222562,7.76112336,7.17692676,5.906334200000001,5.5964506,4.5933097,5.40769534,4.20253994,4.952484500000002,3.18016344,3.531995220000001,3.42752242,3.54626062,2.694623892,4.170588552000002,3.776510112,4.325497911999999,3.836249392,5.58485272,4.16666744,5.8310494,4.60288432,5.948575040000001,4.474433100000001,6.471908580000001,4.8485683,6.70248378,5.868856300000001,9.22995224,8.04677984,11.74846892,13.17440212,14.9508318,14.8312406,17.5421858,18.4115156,17.8823526,19.1545072,20.9068186,17.77382852000001,18.13543792,15.77415452,17.68007892,12.93294556,15.60378364,10.91996168,12.50299188,7.06915746,8.75443682,5.63176648,6.866942040000001,4.86964596,6.607949979999999,4.419509626,4.673876706000001,3.046464406000001,3.192126966,1.413961006,2.38190448,1.95362574,2.48512224,2.34177426,2.52536996,1.61082292,1.61082292,0.96680432,0.6907340200000001,0.20024988,0.0,0.0,0,0,0,0,0,0,0,0,0,0,0.0,0.0,0.0
110901>110979,757,757,WHMu,West Ham,EntEx,757,WHMu,West Ham,NR Essex Thameside // UP,Enter-Board,297.1126874824125,68.94499713404431,173.05229168,30.087793221776,14.74898955,10.0356415053824,0.2429743912096,1.708968978014768,2.321348098014768,2.840054498014768,7.61429642,9.43141582,11.91141052,15.3025814,17.81492140000001,15.6835286,14.3041776,14.7385312,17.097416,19.994299,19.5160278,19.0451598,18.8346482,13.4070619,8.24135322,6.523637860000001,5.666450500000002,3.076516140000001,2.287365660000001,1.619831556000001,2.024826856,1.894242756,1.822549196,1.817365976,1.9358856,1.22090373,0.7357133896,0.5534787796,0.7926723395999999,0.7045746516000001,0.7078998516000001,0.8356095720000001,1.300377742,1.126764442,1.088549764,1.089940194,0.9589059643552,0.7355895243552,0.6028974443552,0.6365477903551999,0.5187843023552,0.626806572,0.546770112,0.6824962720000001,0.906350192,0.956723612,1.257869152,1.396369352,1.691137792,1.862891852,1.91792592,1.606036756,1.297611966,0.9667131259999999,0.4505824317840001,0.8243326317840001,0.8311391357840001,1.067122025784,1.431554685784,1.5154066,1.052696018,0.9486060035256,0.7011391675255999,0.1637181488056,0.08263153060560001,0.0423686838836,0.042365204194,0.023505086994,0.0235044775288,0.0248547025288,0.0248422312508,0.0305179442148,0.009829857414799999,0.0098200856,0.005683058800000001,0.005683058800000001,0.0,0.0,0.0,0.0,0,0,0,0,0,0,0,0,0,0,0.0,0.0,0.0
110901>110990,757,757,WHMu,West Ham,EntEx,757,WHMu,West Ham,DLR // OB,Enter-Board,208.2639354690521,43.671182,76.14746043600002,41.63102025200001,27.853647482,16.38817354,2.572451759052123,0.68788056,2.55489216,3.26317048,4.911972280000001,6.41735448,7.73717192,8.79144452,9.307295600000002,9.7607806,9.5140414,9.693022599999999,8.5732408,8.6576239,7.340549799999999,7.096535299999998,5.17812676,3.737935460000001,2.817173180000001,2.186113828,1.592316808,1.411219652,1.609026112,1.513769692,2.285927064,2.038960438,2.529157094,2.390606134,2.520278594,1.748256794,1.98982076,1.58381422,1.61174858,1.36335088,1.52018626,1.16431197,1.29947289,1.15295745,1.48453801,1.53181865,1.837792480000001,2.00189224,1.94950244,1.591820454,1.500791394,1.940291274,1.725300774,2.252735994,2.44105442,2.90722638,2.35612128,2.52749354,2.13986086,2.7294775,2.34176118,2.32479158,2.1675327,2.1945609,1.59868266,1.6300327,1.9817722,1.83543806,1.6603538,1.391771784,1.211195224,0.68068648,0.81630604,0.6463317540000001,0.7410419380000001,0.58642174,0.561877442,0.342842008,0.30510433,0.1721301232,0.1690260752,0.1561131432000001,0.11611603522363,0.08248579981042453,0.05960787861042453,0.02072712461042453,5.861042452000001e-08,5.867945200000001e-10,0.0,0.0,0,0,0,0,0,0,0,0,0,0,0.0,0.0,0.0
110901>110991,757,757,WHMu,West Ham,EntEx,757,WHMu,West Ham,DLR // IB,Enter-Board,324.9093089107465,59.76905278,93.8239456,103.54313746,44.14307022,20.482036866,3.14806598474635,0.26596562,3.97499682,4.392222840000001,6.860455040000002,9.50098022,12.47470882,10.27825462,12.0214688,11.3304068,9.27798332,8.382758319999999,8.08555998,7.12647458,6.35321558,6.49029816,7.15607116,7.364399099999999,7.4799493,7.0458095,7.7310198,5.7782432,5.5763148,4.766157600000001,5.3968364,3.95124526,4.148774380000001,3.32030782,4.44793262,3.85166448,4.47840022,3.93453826,4.119779680000001,3.06404654,3.26652628,2.68660872,3.19320196,3.425214700000001,4.245583900000001,4.532119160000001,5.25517392,5.4404364,5.660519300000002,4.65556784,4.34794402,4.44962136,4.34367088,3.82307598,4.05647106,4.46959922,4.11755062,3.6420409,3.674638320000001,3.58283344,2.82876804,2.59614834,2.55865206,2.38904082,2.27515502,2.12254358,1.88312374,1.6557369,2.08826912,1.88982792,1.70294226,1.493697124,1.353828974,0.816428314,0.8114430939999999,0.7215662899999998,0.6871179979999998,0.5950604479999999,0.337600164,0.20762909,0.2046582108,0.1701204388,0.11136662414927,0.10065536814927,0.01229126214927,4.534927e-08,4.534927e-08,0.0,0.0,0.0,0,0,0,0,0,0,0,0,0,0,0.0,0.0,0.0
110916>110901,757,757,WHMu,West Ham,Dis+H&C // EB,757,WHMu,West Ham,EntEx,Alight-Exit,2616.472127300001,42.9636137,207.68723934,491.8816615599999,1214.5451276,483.9686282,175.4258569,0.0,1.899103,2.47245754,4.105208940000002,5.81981414,7.78821814,8.886144739999997,11.9926672,15.9206928,18.731197,21.220265,22.315941,22.562937,21.6366792,19.8319156,17.4369,15.4855644,12.84022608,10.48036048,9.22456078,9.54628258,9.44144478,9.5928867,8.9650203,9.3789154,9.369766,9.2454154,10.4557138,11.5420118,13.291051,14.2219858,15.712116,16.741662,18.3355192,18.7516072,19.78632,20.6585546,23.524037,24.849605,28.9479226,34.2098622,42.8476778,51.8837344,60.58255,72.266612,79.2925132,84.2595652,94.05031120000001,103.8054762,111.1971822,118.142029,124.1907782,120.0469962,115.9240852,101.7174172,89.6521618,73.490546,61.76058200000001,48.70757760000001,42.0570938,36.58915860000001,35.22216,31.00372,30.118027,32.5310508,31.9985514,30.2794506,30.2107104,28.8529296,25.1211024,22.942173,21.7058516,18.7064284,15.54012214,11.64354754,9.51295234,7.089944340000002,5.313397660000001,3.92856,2.783435799999999,1.5852864,0.5641678000000001,0.13595788,0,0,0,0,0,0,0,0,0,0,0.0,0.0,0.0
110916>110922,757,757,WHMu,West Ham,Dis+H&C // EB,757,WHMu,West Ham,Jubilee // NB,Alight-Interchange-Board,818.8193718999996,28.03202454,167.47494116,287.9928319000001,223.2219016,87.20734546000001,24.89032724,0.0,1.27671032,1.96173512,3.24226138,4.3177655,5.01658742,5.3359163,6.8810485,8.80595904,11.29293692,14.4597168,17.2932964,18.031697,18.3453756,16.998525,15.5416196,13.3777152,12.3426288,10.7905882,10.1948826,9.9686922,9.122751,8.7987076,9.0852092,8.892744800000001,8.386025,8.9478208,9.034299,8.662467000000001,9.1788724,9.2794974,9.736961,10.2362523,10.3135409,10.4736007,11.6654289,12.4621827,13.2125272,14.529808,16.9374242,17.2175456,19.3146594,21.1078094,21.4280052,21.8615648,21.736717,18.9087488,20.315579,21.299622,19.7896942,19.5000566,20.3205618,16.9224478,15.1299558,13.4782636,13.9586902,12.4084316,11.6074822,10.17133868,9.83995188,6.93520952,6.023711660000001,4.9003892,5.240138720000001,4.34832278,5.24552106,4.888188599999999,5.59865956,4.47625266,4.76553326,4.00498902,3.7633409,2.44689162,2.12616534,1.39379174,0.84757806,0.5828779000000001,0.36572008,0.1171866600000001,0.0,0.0,0.0,0.0,0,0,0,0,0,0,0,0,0,0,0.0,0.0,0.0
110916>110923,757,757,WHMu,West Ham,Dis+H&C // EB,757,WHMu,West Ham,Jubilee // SB,Alight-Interchange-Board,6.102204766,0.182860618,1.4197741674,1.7454590108,2.2152794488,0.4176385774,0.1211929436,0.0,0.033072076,0.035772908,0.035772908,0.035772908,0.035772908,0.004698870999999999,0.001998039,0.0043095306,0.0348816406,0.0752421506,0.0907762576,0.1155893256,0.128979962,0.194751932,0.203378146,0.185846,0.1712558528,0.1555537248,0.0592096448,0.0417278008,0.0417278008,0.037594408,0.037594408,0.055673074,0.034250766,0.048546254,0.04245672599999999,0.062893068,0.06126762800000001,0.06440240679999999,0.0501069188,0.06908355199999999,0.06776505599999999,0.07663969799999999,0.06342234719999999,0.07925375920000001,0.076654885,0.06800225900000001,0.0530252636,0.0982408276,0.1532145716,0.1811404926000001,0.1807750398,0.1704241672000001,0.1252086032,0.0544034472,0.0360393392,0.155786212,0.245426006,0.310316934,0.3312971312,0.3550220112,0.2251753712,0.1355355772,0.07064464919999999,0.0555813548,0.0059169028,0.0317230468,0.0317230468,0.05540974780000001,0.0521580244,0.0631222518,0.0373161078,0.0373161078,0.0171862596,0.0205749772,0.0096107498,0.0096107498,0.0096107498,0.006053897,0.0,0.0,0.0,0.0,0.0,0.0108284154,0.0191835094,0.0191835094,0.0191835094,0.0191835094,0.008355094,0.0,0,0,0,0,0,0,0,0,0,0,0.0,0.0,0.0
110916>110978,757,757,WHMu,West Ham,Dis+H&C // EB,757,WHMu,West Ham,NR Essex Thameside // DN,Alight-Interchange-Board,2306.311795220501,37.49079546,135.2318895,186.6594985005,1422.6437292,438.6806002,85.60528236,0.0,0.0,0.8242569,3.5612699,4.11193714,6.01111074,10.79670754,12.18551324,13.69799064,16.9865774,17.0081022,14.3578836,15.1929244,11.7271689,9.5672859,9.845066200000002,8.102384040000002,6.084937740000001,5.84459854,6.81696994,5.22263396,7.458655120000001,7.21309002,8.49970312,7.55385832,9.6316014,7.929561400000001,7.146400827999999,5.316392028,3.656583654,2.306505754,1.37987199256,1.37794056456,1.3793891625,2.987918336500002,1.7242408645,1.72419742594,1.72469095954,4.332819561600002,5.2393391616,5.1712087336,15.6713841336,29.3964086,42.6151034,58.30187539999999,80.2427594,83.45246800000001,99.059606,117.348466,130.702418,131.46306,164.291896,149.905524,151.382802,128.1118452,128.3810092,83.62417060000001,99.19623659999999,63.60182660000001,60.99444620000001,38.0237562,41.5135056,10.9951556,11.013125312,5.289600512000001,9.274698712000001,5.034220832000001,10.119857432,11.10999052,11.10999052,8.460207460000001,13.75965834,8.67402174,8.197888200000001,8.197888200000001,7.559726620000001,2.16579442,2.16579442,1.63382516,1.63382516,0.9366716,0.0,0.0,0,0,0,0,0,0,0,0,0,0,0.0,0.0,0.0
110916>110979,757,757,WHMu,West Ham,Dis+H&C // EB,757,WHMu,West Ham,NR Essex Thameside // UP,Alight-Interchange-Board,12.90530492384742,0.837471599459718,6.905194525283128,1.83264927501848,1.8500858202833,1.1711152215028,0.3087884823,0.0,0.0022141425,0.0022141511198632,0.0178417543198632,0.1657807143198632,0.1657807287770492,0.1635666045214712,0.320073503901608,0.4786819727016081,0.540156012701608,0.6715909782444219,0.822325146,0.760614798,0.6783744359999999,0.678464436,0.604113366,0.50670238,0.49912864,0.43727266,0.22776969963549,0.17068583721005,0.117362664370722,0.030139906324216,2.10260368e-07,0.003394102624878,0.003394104298938,0.026758591138266,0.078366663184772,0.07836674046124001,0.07497287945339003,0.07497296150425001,0.05160852187528601,0.002800234075286,0.029142934862666,0.029143053257036,0.06464395795755601,0.06987631118652002,0.10362712098652,0.09338625198652,0.1199715586,0.0953823158,0.1200753182,0.1790022142,0.2155748212,0.2104169392,0.19950554007782,0.20707157807782,0.12995726607782,0.14578803607782,0.18068842207782,0.194491366,0.181225804,0.1628657444179999,0.09436580342539999,0.0537558074254,0.08995351342539999,0.08061711542540001,0.1311170750074,0.131133488168,0.137051903168,0.087104749934,0.07817613473400002,0.044926959934,0.103614877766,0.08255603436600001,0.0937937466,0.0919929218,0.1090302146,0.07331144460000001,0.0750573612,0.06518312554000001,0.06129121498000002,0.027123866386,0.004132926386000001,0.00188206074,0.0004646934000000001,0.0001965359600000001,7.2626554e-05,7.2626554e-05,0.0,0.0,0.0,0.0,0,0,0,0,0,0,0,0,0,0,0.0,0.0,0.0
110916>110990,757,757,WHMu,West Ham,Dis+H&C // EB,757,WHMu,West Ham,DLR // OB,Alight-Interchange-Board,391.40985016,30.88734988000001,74.36405864000002,122.05059848,97.65519522000001,47.27487458000001,19.17777336,0.0,0.48124228,1.33932668,1.81429812,5.352622520000001,6.683825780000001,7.649417020000001,7.566617480000001,8.46071676,7.252129959999999,6.9954387,7.30427268,8.70219922,8.257406379999999,6.708179980000001,6.033570260000001,4.66890856,3.63879676,3.43458208,2.9078573,3.46842588,3.52914208,2.73475556,3.05227084,3.39602632,3.18155842,3.344663340000001,4.156555060000001,3.90993278,4.29119348,4.115331980000001,4.9440256,5.0214464,5.3944539,4.857099420000001,5.71544696,5.10685274,5.88197144,5.77312114,5.5552205,7.582660300000001,8.947663980000002,8.620565880000001,9.47021448,11.6708062,9.21857632,8.11827952,8.180840920000001,7.799453120000003,7.84661952,8.010054700000001,8.5270063,7.81810016,7.77624796,6.2995459,6.3896646,5.1224197,4.962221780000001,4.26677576,4.326415880000001,4.29957394,4.419261560000002,3.9085983,4.11609684,3.44019364,2.851536980000001,2.56792114,2.99385906,2.32622642,2.24208672,1.99141304,2.3632912,1.85921108,1.92762448,1.83365676,1.62980216,1.187602332,0.8969042520000001,0.502548972,0.302315932,0.115090012,0.0,0.0,0,0,0,0,0,0,0,0,0,0,0.0,0.0,0.0
110916>110991,757,757,WHMu,West Ham,Dis+H&C // EB,757,WHMu,West Ham,DLR // IB,Alight-Interchange-Board,295.7943024800001,9.496517900000004,31.32800054,79.03557436000001,92.51173616000001,50.03092870000001,33.39154482000001,0.0,0.08275058000000003,1.07620266,1.33349846,1.4890725,1.84122074,2.067374360000001,1.6063986,2.09464276,2.41120116,2.200522232,3.096330432,2.977635372,3.178296612,3.382504792,3.59502032,2.62160522,2.441401,1.8137057,1.51513494,1.33015618,1.57374758,1.51930938,1.72057144,1.69294706,2.12333344,1.82528682,2.27760688,2.01847988,2.8335702,2.50295008,3.5042154,3.4824414,4.21293136,3.41590978,4.12856416,3.46731382,3.64160658,3.01795608,4.46704446,4.895144660000001,6.0064364,6.61952428,6.75852704,6.56002024,6.47876792,6.550643920000002,6.786084780000001,8.405956000000002,9.387825,9.965297200000002,8.986338640000003,9.10367584,8.234939100000002,6.49070236,5.56148516,5.39343138,4.42277474,3.65532814,3.586541420000001,3.26635814,3.42070656,3.46983648,4.469216680000001,4.24261346,4.72958974,4.474332420000001,4.900199540000001,3.74913292,4.59751872,4.142476980000001,5.03806322,4.16383988,4.44804486,3.086254404,2.397973544000001,1.050283744,0.6703230840000001,0.047633464,0.0,0.0,0.0,0.0,0,0,0,0,0,0,0,0,0,0,0.0,0.0,0.0
110917>110901,757,757,WHMu,West Ham,Dis+H&C // WB,757,WHMu,West Ham,EntEx,Alight-Exit,533.9577168200001,88.581441,162.30055292,132.26313488,98.82062161999998,41.879720464,10.112245936,6.397422799999999,9.2806888,11.1962048,11.92251892,11.91595632,12.01115252,12.37370852,13.48378832,16.2085388,17.2972252,18.19157400000001,19.2285904,19.279812,16.971036,15.2211803,12.2288673,8.96218862,6.962715920000001,6.30255084,5.44627354,5.31500708,5.0583593,4.59108644,4.47187752,4.54836372,4.07558438,4.2779083,4.7120301,5.3295401,5.1180267,5.3577017,5.368855980000001,5.60492328,5.28536154,5.217322520000002,4.79156924,5.40177536,5.69352102,5.87994896,6.359519780000001,7.61107866,7.299166200000001,7.2600882,7.634518799999999,7.727650000000001,7.659557200000001,8.655097999999999,8.688535700000001,9.4958987,9.5687308,9.348609,8.649268,8.6194345,7.3936098,6.870926560000001,6.143303359999999,5.61905124,4.88175178,4.4448298,3.96835762,3.72323462,3.22004554,3.11489604,2.86332782,2.896600240000001,2.686934580000001,2.53146936,1.929221824,1.716096984,1.351802696,1.167144096,0.9941442760000002,1.224517752,1.07519054,1.022759916,0.7450564279999999,0.533479068,0.211269288,0.06290944000000001,0.007875452,0.0,0.0,0.0,0,0,0,0,0,0,0,0,0,0,0.0,0.0,0.0
110917>110922,757,757,WHMu,West Ham,Dis+H&C // WB,757,WHMu,West Ham,Jubilee // NB,Alight-Interchange-Board,9613.948515380005,1778.13190598,3507.359852000001,2580.718442,1169.127077,446.7356567,131.8755817,29.52018566000001,76.87127766,142.61682766,198.617397,260.370126,342.3176,362.5242880000001,365.294204,378.419052,362.33212,325.93251,327.411644,322.817906,305.034938,299.464332,296.439016,263.163672,232.546574,211.972556,181.825532,146.216798,132.629622,126.498634,116.760474,117.432732,112.110398,109.958935,102.035221,105.006049,97.648921,100.615587,100.654245,108.344637,104.268943,105.156871,103.769897,107.0055828,92.7884256,91.34280759999999,89.73989959999999,100.6825616,95.9152708,104.126908,110.009022,114.642694,107.0498908,110.8244728,111.0405838,114.3437058,107.4583218,105.636311,99.538643,91.999495,75.75987500000002,68.883751,61.949333,57.20917239999999,49.3079472,44.7172406,43.3210192,38.38678420000001,32.4688062,33.2779888,31.7455856,32.46481420000001,29.2989694,29.068389,25.4689399,23.6775377,19.7090747,19.4045013,16.0475625,16.3245238,13.37085332,11.02916498,6.36384018,4.402599980000002,1.20536738,0.34055586,0.0,0.0,0.0,0.0,0,0,0,0,0,0,0,0,0,0,0.0,0.0,0.0
110917>110923,757,757,WHMu,West Ham,Dis+H&C // WB,757,WHMu,West Ham,Jubilee // SB,Alight-Interchange-Board,1314.216906772,108.30966914,473.52732912,289.44095638,334.4188148,94.18806563999999,14.332071692,1.17891088,1.80108204,3.14542444,9.66637644,16.56811838,19.01891236,27.5553808,29.3754638,36.6938798,37.8941466,44.582827,47.86251340000001,59.06208400000001,50.44196220000001,49.1429266,44.660279,39.083711,26.5681226,21.84736206,15.68751486,12.53064026,6.721674340000002,6.522924940000001,6.709069620000001,8.43383122,7.742685520000002,9.07884644,9.518644640000002,11.7425047,10.3814085,11.2375384,10.6639842,11.3789236,10.1112708,10.3745886,9.595713280000002,9.23254188,9.68549548,10.08145488,13.20624628,19.8534784,22.836273,25.49545800000001,26.3057594,25.41668,21.9868704,24.7048084,25.1452954,31.6922438,34.2368146,37.4017552,34.87399660000001,33.82171260000001,27.4955626,22.02934786,15.61372734,11.6943062,7.53368168,6.47505848,7.22807862,8.47995014,8.638573280000001,9.2745228,8.4705784,8.0401943,6.330173639999999,6.62549734,5.397450760000001,4.828346880000002,3.40417262,2.596850688,1.480622434,1.020445486,0.3892660564,0.3084962664,0.1557728584,0.1122740124,0.0204351404,0.01538925,0.0,0.0,0.0,0.0,0,0,0,0,0,0,0,0,0,0,0.0,0.0,0.0
110917>110978,757,757,WHMu,West Ham,Dis+H&C // WB,757,WHMu,West Ham,NR Essex Thameside // DN,Alight-Interchange-Board,23.41459660599999,16.887234668,3.047314772,0.29226042,2.777052392000001,0.13713532,0.273599034,1.95008068,2.85559508,3.76455228,3.4215083,1.981733112,1.877917072,0.972402672,0.063445472,0.063445472,0.59677386,0.59677386,0.59677386,0.59677386,0.59677386,0.0,0.0,0.0,0.0,0.0,0.0,0.04368543599999999,0.04368543599999999,0.04368543599999999,0.04368543599999999,0.04368543599999999,0.0,0.0,0.0,0.0,0.0,0.0,0.0,0.0,0.0,0.0,0.0,0.0,0.0,0.0,0.0,0.0,0.0,0.03691662,0.03691662,0.049583618,0.049583618,0.0539885064,0.1199610464,0.1294914424,0.4056191244,0.4507178764000001,0.446312988,0.4307683680000001,0.421237972,0.132443292,0.08734454,0.097302696,0.009958156,0.009958156,0.009958156,0.009958156,0.0,0.0,0.0,0.0,0.0,0.0,0.0,0.0036179468,0.0036179468,0.0098230128,0.05471980680000001,0.05471980680000001,0.05110186000000001,0.05110186000000001,0.044896794,0.0,0.0,0.0,0.0,0.0,0.0,0.0,0,0,0,0,0,0,0,0,0,0,0.0,0.0,0.0
110917>110979,757,757,WHMu,West Ham,Dis+H&C // WB,757,WHMu,West Ham,NR Essex Thameside // UP,Alight-Interchange-Board,558.5616309876999,150.5393591,269.87035242,92.80631430599998,33.568359234,10.724489522,1.0527564057,6.817122,7.366444179999998,8.46334798,9.59715706,24.62206306,25.50821866,29.91531168,38.24969448,40.23407720000001,28.7804816,25.0898344,26.679712,26.5098984,26.4628498,26.6310424,23.88127392,19.42431592,11.11113172,8.91977606,6.145959000000001,6.695695280000002,4.731963834000001,4.842645434,4.231587074,4.738629533999999,3.058697094,3.80488934,3.19617792,4.48672714,3.189476674,3.946603514,3.466401854,4.130905674,2.723161604,3.82422795,3.26397181,4.32820195,3.425015870000001,4.074834940000001,3.04686212,3.883369060000001,2.587248592,3.602096372,3.526923672,3.828604612,2.852170144,3.433455532,2.559467052,1.85740435,1.96468497,2.934652038,2.690147738,2.782674718,3.32708236,3.058404240000001,2.27961148,1.88182972,1.459444581,1.197466221,0.859711605,0.715140565,0.6219106952000001,0.8798275542,0.5966190462000001,0.8142369422,0.6032255562,0.6679464620000001,0.427130574,0.464342038,0.195623858,0.1783300880000001,0.1116974352,0.07286786834,0.01231763234,0.01231763234,0.00441058834,0.0008492651400000001,0.0,0.0,0.0,0.0,0.0,0.0,0,0,0,0,0,0,0,0,0,0,0.0,0.0,0.0
110917>110990,757,757,WHMu,West Ham,Dis+H&C // WB,757,WHMu,West Ham,DLR // OB,Alight-Interchange-Board,1157.939750207038,216.7204534,385.6914188,287.0336045,180.4876993,70.50026832,17.50630588703873,3.3705814,6.1434122,14.3723832,22.759984,32.3027712,39.8961146,46.78209260000001,51.0931142,50.4335854,47.70193440000001,45.84024760000001,45.3924602,40.2385692,35.27151840000001,32.3449072,27.3500934,19.789545,14.6496036,14.1535465,12.5254079,10.20482396,11.16147096,9.89633502,10.03603432,8.24046032,9.85377186,7.93382726,10.6193156,9.80500732,13.34023372,11.81861738,15.48457158,13.39665728,15.77304676,12.83406936,15.6206035,12.4425079,14.3445036,12.4113166,11.6714407,12.5108885,12.650512,12.2823496,12.7012394,15.3898835,15.9970929,17.84568,16.7736943,19.3106225,17.6810869,15.1749891,14.1614353,14.5695694,11.6128376,11.4661138,10.504694,9.3065554,8.64108,7.331097179999999,6.85211472,5.79463982,5.285588300000001,4.7917255,4.75149264,4.705389540000001,3.99315124,4.941785360000001,4.10564862,4.08481866,3.34394886,3.07199579,2.02986471,1.89926573,1.2481131328,0.8029440715018799,0.6819559514077459,0.332952231407746,0.010446151407746,5.886077460000001e-07,9.905866e-09,0.0,0.0,0.0,0,0,0,0,0,0,0,0,0,0,0.0,0.0,0.0
110917>110991,757,757,WHMu,West Ham,Dis+H&C // WB,757,WHMu,West Ham,DLR // IB,Alight-Interchange-Board,987.8049205900002,131.8702618,330.97036274,277.9716370599999,170.62943796,68.65425920000001,7.70896183,2.0661148,7.669496799999999,9.936434199999999,12.8726148,17.4954756,24.1155066,26.1594932,31.55512580000001,33.96621080000001,34.1509472,32.4275012,31.08067740000001,25.79809130000001,25.9960409,24.80813890000001,26.1144599,24.4414081,27.13053540000001,22.75941392,22.29693772000001,18.20225182,16.00991622,13.98969882,16.0559405,12.5814757,12.2379854,10.41829956,9.379906860000002,7.82779306,8.36129226,7.255208000000001,10.02827284,10.14761414,10.97815354,9.07552112,10.45105098,11.40082858,11.62002438,9.6329698,11.07837422,10.86385882,11.26570022,12.79053782,16.3189624,16.2537168,17.7745028,14.383096,13.8306088,15.2745352,15.5754934,15.6945978,17.92191919999999,15.53690994,10.7407113,9.65749036,7.98585636,6.06320616,6.81792802,7.51348426,7.555981320000001,6.174297920000001,6.037588400000002,5.596064340000002,5.018568140000001,5.285987820000001,5.395803720000001,3.98847166,3.20687744,2.55337382,1.381824132,0.972601132,0.944458286,0.4902081580000001,0.4654346380000001,0.3494357260000001,0.2426098260000001,0.161374452,0.14764166,0.0,0.0,0.0,0.0,0.0,0,0,0,0,0,0,0,0,0,0,0.0,0.0,0.0
110922>110901,757,757,WHMu,West Ham,Jubilee // NB,757,WHMu,West Ham,EntEx,Alight-Exit,1157.8160722,46.88161047999999,121.29094212,253.0049927,508.9728108,178.3401581,49.32555800000001,1.51652148,1.81158142,2.98875226,5.29324686,7.30263406,8.01485464,9.2115806,10.74243916,10.48924916,9.53111616,11.5549467,13.240866,13.4167298,13.1022222,12.765891,10.5638678,8.4542499,6.5638167,5.7576653,5.8503214,5.977405800000001,5.902968100000002,5.754593900000001,5.954750700000001,6.050779400000001,6.0653976,6.509259740000001,7.14419574,7.41917634,7.282287940000002,7.597916340000001,8.1708908,9.193484800000002,9.653950000000002,10.1855766,10.9354202,11.5253102,11.8264414,12.8232347,14.5840249,16.5770939,18.4962715,22.2292279,25.1453342,28.92091,31.0416638,37.1395584,41.141741,47.7702256,50.249982,54.670834,52.0259436,50.5772796,44.9960572,39.03580940000001,31.4028062,26.181191,19.8548592,15.34921080000001,13.4204704,12.7442796,13.1518081,13.0761037,13.3352483,14.5134749,12.9918115,12.2668897,11.4548109,10.39305542,8.006867300000001,7.958055500000001,6.605972,5.173738200000001,3.914369000000001,3.25308978,2.10283418,1.02136818,0.5774949800000001,0.3187134600000001,0.0,0.0,0.0,0.0,0,0,0,0,0,0,0,0,0,0,0.0,0.0,0.0
110922>110916,757,757,WHMu,West Ham,Jubilee // NB,757,WHMu,West Ham,Dis+H&C // EB,Alight-Interchange-Board,2293.9998276,16.2102145,161.80590132,531.19365008,935.1919626000001,528.6742768,120.9238223,0.17064346,0.17064346,0.26813266,0.7398955600000001,1.87737036,2.6357434,4.238243600000001,6.109542,9.0727957,11.0248315,13.7476132,15.9151894,19.6773042,19.7683146,18.6609,17.2147368,14.14645136,9.06554156,6.927787700000001,6.5844353,6.0915385,6.622050020000001,8.74318262,10.40881878,11.18157198,12.99027118,15.2031947,15.4185607,16.4334284,19.513149,21.6867868,23.4442666,26.4075434,28.2336208,29.7851708,30.2346796,32.9676908,32.4525252,32.7588594,28.85333180000001,29.1087828,28.2899518,31.4825802,32.8820942,36.4690864,44.1686094,56.75383739999999,69.55023059999999,82.56222,97.025864,102.06444,99.4309952,99.93170440000002,95.62737440000001,82.06238119999998,69.5452196,60.4586594,47.70990060000001,37.63329020000001,35.21280840000001,37.511084,39.92850960000001,40.96897440000001,46.6161382,51.22827960000001,48.5941588,44.8088382,38.0036354,31.3963,23.9254864,19.1228978,13.80541852,11.06574048,6.569246079999999,5.39529878,3.91276018,2.61602546,1.9448671,1.1697815,0.0,0.0,0.0,0.0,0,0,0,0,0,0,0,0,0,0,0.0,0.0,0.0
110922>110917,757,757,WHMu,West Ham,Jubilee // NB,757,WHMu,West Ham,Dis+H&C // WB,Alight-Interchange-Board,28.59290516440001,0.8862948952000003,1.9876871772,10.406392278,7.585020434,6.070946799000001,1.656563581,0.1729255736,0.1729255736,0.1729255736,0.1729255736,0.1691095254,0.004598469000000001,0.0104423032,0.0104423032,0.0104423032,0.0286470218,0.0493495974,0.1651706832,0.1932306512,0.21142271,0.22791683,0.2853704048,0.1936700808000001,0.2029993548000001,0.228216996,0.191250544,0.159469936,0.196055786,0.3255205560000001,0.377867924,0.480653774,0.5401768760000001,0.5120936979999999,0.378698772,0.34640277,0.32597162,0.34211004,0.455422272,0.564516194,0.5862130400000001,0.6074126479999999,0.572404028,0.5384294279999999,0.464107532,0.437496932,0.400169696,0.441039096,0.438499708,0.466902056,0.448757896,0.457231978,0.396095892,0.358335736,0.377626528,0.607356016,0.6332434339999999,0.56415082,1.007621204,0.973132608,0.7764848780000001,0.700397743,0.7333435970000001,0.3608475370000001,0.358405785,0.367967371,0.4151581740000001,0.5538661520000001,0.4929705620000001,0.5833301660000001,0.5596319620000001,0.7189733220000001,0.5964553960000001,0.5920331600000001,0.471307212,0.52734638,0.3285816020000001,0.29923727,0.2215294754,0.1746451564000001,0.06126501340000001,0.02899619140000001,0.0092046174,0.003750558,0.002007317,0.0,0.0,0.0,0.0,0.0,0,0,0,0,0,0,0,0,0,0,0.0,0.0,0.0
110922>110978,757,757,WHMu,West Ham,Jubilee // NB,757,WHMu,West Ham,NR Essex Thameside // DN,Alight-Interchange-Board,1576.37184733,41.90765116000001,167.212387216,332.228351254,738.6120666400001,235.10842186,61.30296920000002,2.88320066,3.1604691,4.21541496,4.21541496,5.57534616,5.74448002,7.47958558,8.633739720000001,13.18989772,12.44718472,15.5042548,17.3977382,21.1482756,18.365395,19.0985734,16.8948288,13.102397394,8.070663994,6.620209694,5.372967893999999,5.399030494000001,5.285604500000002,5.124123819999999,6.10210552,5.305615919999998,5.23530512,6.53032722,9.917581299999998,9.5515367,13.2552961,13.1577019,17.4024232,14.65040586,19.50909886,16.59620786,22.85028906,19.65788846,22.439071,16.6456178,18.197144,10.90815824,15.61644584,22.14958724,30.74178524,45.03182544000001,56.1022858,64.6213654,66.3376706,73.59471459999999,71.60199979999999,68.3139704,71.6605244,65.95172840000001,61.52844160000001,47.9164537,45.9510865,27.07256022,30.94277582,23.66912962,21.317941472,17.371896072,22.587259952,14.853412152,14.668420352,16.4811808,17.559233,14.1935954,14.391017,12.0965348,12.2845896,9.988568880000004,8.456055580000001,6.047017080000002,4.374182080000002,3.09365956,1.83467548,1.47472478,0.8264806800000001,0.8264806800000001,0.0,0.0,0.0,0.0,0,0,0,0,0,0,0,0,0,0,0.0,0.0,0.0
110922>110979,757,757,WHMu,West Ham,Jubilee // NB,757,WHMu,West Ham,NR Essex Thameside // UP,Alight-Interchange-Board,73.31939295255002,7.112704665000001,39.074409266,12.176883170096,10.98195571924,3.1284740894,0.844966042814,0.0035977234,0.007602849399999999,0.0437598814,0.2333744814,0.6321003214,0.8218083640000001,1.684666438,3.685794606,5.119023406,5.473515166,5.49552158,5.1219456,4.2282078,3.1810326,2.62187275,2.573099238,2.217783968,1.407657468,0.8823554200000001,0.7523942700000001,0.7191333820000001,0.581161432,0.278558664,0.228192512,0.4703856320000001,0.337107852,0.374460428,0.3436490644072001,0.3511537578072,0.0448640378072,0.1761018298072,0.1387492538072,0.2153297814000001,0.2677453980000001,0.5736003580000001,0.5164551620000001,1.000412222,1.034915514,1.258254144,0.952399184,0.936837724,0.532258164,0.563716506,0.28144116706,0.4593690270600001,0.40329815886,0.7537771588600001,0.7654626388600001,0.8743364778,1.0675518578,1.28899101,1.16256459,1.1573619,1.24319022,0.9862293800000002,0.8198233,0.51639322,0.36748468848,0.18056386308,0.07407109908,0.04990923308,0.04990923308,0.1250406406,0.179524586,0.3377729100000001,0.3724527320000001,0.4753032400000001,0.4000486440000001,0.362587642,0.217725568,0.1497241494471999,0.04687987732419999,0.04688418746880001,0.0210963094688,2.70293628e-05,1.71519156e-05,1.09160386e-05,6.605894000000002e-06,6.605894000000002e-06,0.0,0.0,0.0,0.0,0,0,0,0,0,0,0,0,0,0,0.0,0.0,0.0
110922>110991,757,757,WHMu,West Ham,Jubilee // NB,757,WHMu,West Ham,DLR // IB,Alight-Interchange-Board,2.979330130789999,0.5134268624760001,0.4453032653140001,0.3946634,1.46152809,0.1644085130000001,0.0,0.0,0.0,0.0,0.0,0.05668148000000001,0.152241208,0.152241208,0.152262966476,0.152262966476,0.105523069676,0.010005606832,0.010005606832,0.010067163082,0.039483059082,0.02954147588200001,0.029499210726,0.029499210726,0.02941589600000001,0.0,0.0,0.0,0.0,0.0,0.0,0.07893268,0.07893268,0.07893268,0.07893268,0.07893268,0.0,0.0,0.0,0.0,0.0,0.0,0.0,0.0,0.0,0.0,0.0,0.0,0.0,0.0,0.0,0.022803078,0.1309300780000001,0.1309300780000001,0.15709515,0.17938538,0.175764622,0.140457326,0.15708013,0.130915058,0.108624828,0.089442508,0.038099854,0.02147705,0.036220014,0.036220014,0.036220014,0.014742964,0.014742964,0.0009570986,0.0009570986,0.0009570986,0.0009570986,0.0009570986,0.0,0.0,0.0,0.0,0.0,0.0,0.0,0.0,0.0,0.0,0.0,0.0,0.0,0.0,0.0,0.0,0,0,0,0,0,0,0,0,0,0,0.0,0.0,0.0
110923>110901,757,757,WHMu,West Ham,Jubilee // SB,757,WHMu,West Ham,EntEx,Alight-Exit,3629.4887384,122.4356176,380.9621268,644.3868698,1681.170956800001,590.261827,210.2713404,1.8055984,5.2032428,8.265839,13.5424232,17.7494094,21.1640094,25.54976640000001,29.155329,34.3339976,37.8721114,42.12195999999999,41.9167406,43.3765512,39.265706,36.053504,29.7494912,25.6264736,19.920389,16.253417,14.4717852,13.9781524,13.28539,13.3849488,13.536493,13.7379038,14.0943088,15.1102458,16.1848482,17.3749994,18.6139374,21.2567038,22.0730764,23.7510348,25.2526538,26.7637428,27.093161,29.3995014,30.547851,31.5166678,35.9326574,42.58114920000001,49.95689520000001,59.7993152,69.1612324,80.57250079999999,93.54356800000001,110.789658,126.606516,152.190276,165.187248,181.870436,177.568038,178.976342,159.046702,142.23353,112.586142,96.37223600000002,73.39494599999999,60.21455400000001,50.95614320000001,46.41868580000001,43.83336780000001,40.3689426,38.70265660000001,39.20107820000001,36.879426,33.0921372,30.8276536,28.9708784,25.248588,23.9408922,22.64959260000001,21.13632500000001,19.68119340000001,17.0840098,13.815883,11.91814968,9.73995648,6.853897080000001,4.219598280000001,2.99818048,1.5532362,0.4609598,0,0,0,0,0,0,0,0,0,0,0.0,0.0,0.0
110923>110916,757,757,WHMu,West Ham,Jubilee // SB,757,WHMu,West Ham,Dis+H&C // EB,Alight-Interchange-Board,8246.805871800001,122.0091994,589.5332210000003,1565.2908632,3713.493904,1540.59333,715.8853542000002,0.18491682,2.64778952,5.440483520000001,11.01586232,15.04370952,21.3511947,27.758716,38.566527,44.8348646,56.9102474,63.86738340000001,66.8069534,63.90527440000001,61.41381940000001,52.14359040000002,46.13277240000002,40.13553120000001,33.75875120000001,29.5302188,30.09381440000001,28.3210554,28.458611,29.6397164,31.3478508,30.5160282,33.5392932,36.0103628,40.997052,44.0087026,49.2850442,52.669499,58.365455,60.4285904,64.3326844,66.43539480000001,73.522478,77.481948,86.09525,92.061001,99.363455,101.856969,112.873495,128.006085,139.674842,159.675074,192.562868,230.676294,272.137126,321.6897100000001,363.197978,388.7651160000001,396.766464,387.6165540000001,373.109834,335.802708,291.494178,250.350724,203.370546,160.760114,136.542512,122.786482,110.04883,107.040872,101.280296,97.003286,89.42629600000002,81.01680400000001,80.96656800000001,74.92896,74.13445680000002,66.9532898,67.0905288,61.4778848,61.0689144,54.64763360000001,59.613592,55.284381,48.7465054,38.30350004,28.56624204,16.31379064,7.588286640000002,1.16738824,0,0,0,0,0,0,0,0,0,0,0.0,0.0,0.0
110923>110917,757,757,WHMu,West Ham,Jubilee // SB,757,WHMu,West Ham,Dis+H&C // WB,Alight-Interchange-Board,761.7968768000003,34.14146162000001,162.47561038,264.6440293,163.9312769,100.0792497,36.5252489,1.00676574,2.86656354,3.58955606,4.6901706,5.675830400000001,5.4314547,4.833383700000002,6.04773688,7.20455874,10.14898234,12.5853386,14.1006396,16.9444851,18.7036807,16.3972739,15.4071532,15.5123328,12.9957086,11.141535,11.3339218,11.5280956,11.3151332,10.7451966,10.835593,11.5237778,11.4326064,10.5176602,10.699728,10.909715,10.6765352,9.916048800000002,10.19577,11.3727386,11.1997622,10.746309,11.6284123,12.2789223,11.9223525,11.17813262,11.51275862,11.33873792,10.68557232,10.03602832,10.4484428,10.7834752,11.3935634,13.1315586,13.7804144,15.7569956,16.2993395,15.9786803,14.6717439,14.2579449,13.3055941,12.6567952,11.9151718,10.810789,10.414954,9.4588366,8.736982600000001,8.5543154,8.5280588,8.037053400000001,7.696889800000001,7.32046514,6.931684940000001,7.03309806,6.55612196,6.165447960000002,5.726164020000001,5.38971712,4.47437552,4.3964051,3.55813996,2.82076464,1.92162914,1.40377382,0.56295094,0.10588068,0.0,0.0,0.0,0.0,0,0,0,0,0,0,0,0,0,0,0.0,0.0,0.0
110923>110978,757,757,WHMu,West Ham,Jubilee // SB,757,WHMu,West Ham,NR Essex Thameside // DN,Alight-Interchange-Board,6220.3543944,199.3507634,564.3957576,975.7429652000002,3012.383589799999,1191.1006562,277.3806622000001,0.6779982000000001,3.361808,13.9637352,20.2017766,30.3718792,34.028827,47.59735020000001,49.147389,62.75963760000001,60.41155200000001,69.66449800000001,64.103611,66.976629,54.082651,51.388774,41.4526432,34.6732822,23.08161500000001,18.1198108,17.6810538,15.6119476,17.8383678,15.6103956,17.6939204,19.095399,25.26232520000001,21.8119266,28.38780400000001,27.6923754,29.9852758,26.324328,32.96224340000001,29.4547698,36.603763,33.35120260000001,42.19929120000001,39.0876796,51.1279032,44.1770574,63.23308780000001,58.6272152,82.8553608,88.46770560000002,128.2816202,154.0918122,181.3390028,211.1123408,239.342332,268.284892,281.332798,305.942386,316.203316,299.9054700000001,278.149994,243.894234,232.785012,171.2501672,181.7877652,140.9533252000001,139.1315412,95.64517920000002,107.399976,67.00240960000001,74.57818759999999,51.26214,62.84276200000001,45.35009100000001,53.89711200000001,39.38139420000001,44.40019340000001,33.804061,37.733874,25.24238784000001,30.08110564,23.79958844,17.86340228,10.72948428,10.67545584,3.02936784,0.6403474400000001,0.0,0.0,0.0,0,0,0,0,0,0,0,0,0,0,0.0,0.0,0.0
110923>110979,757,757,WHMu,West Ham,Jubilee // SB,757,WHMu,West Ham,NR Essex Thameside // UP,Alight-Interchange-Board,128.307541118,20.53085126000001,84.93598562000001,13.246327609,7.4033434424,1.6654742908,0.5255588958,1.8714226,1.920395042,2.000621768,2.348782388,3.403353068,2.634572328,2.916898446,3.434805620000001,4.07041566,4.31762038,4.32178352,6.432983760000001,9.49652386,10.5464302,10.4675042,10.439965,9.78094,6.500252580000002,4.76144408,3.80012238,2.85740455,1.16849255,0.7875059700000001,0.49263747,0.7194137100000001,0.6131363000000001,0.61463044,0.649114096,0.830662608,0.4083737080000001,0.4347769420000001,0.399776526,0.4614113200000001,0.357572542,0.368772834,0.3521426200000001,0.33009402,0.272643654,0.198841697,0.184519541,0.209540827,0.179017831,0.163169623,0.19267623,0.16040241,0.095337544,0.201561682,0.274273032,0.403031528,0.706282352,1.001562332,1.095072766,1.11984348,1.065928228,0.782228934,0.4978191544,0.3121963204000001,0.1918943804,0.08363675240000001,0.04726451440000001,0.062461848,0.052322562,0.06479576599999999,0.06479576599999999,0.159528838,0.216620334,0.204163954,0.2057932552,0.2057932552,0.0972615352,0.0492292932,0.0529623242,0.038859819,0.038859819,0.038859819,0.003733031,0.0,0.0,0.0,0.0,0.0,0.0,0.0,0,0,0,0,0,0,0,0,0,0,0.0,0.0,0.0
110923>110990,757,757,WHMu,West Ham,Jubilee // SB,757,WHMu,West Ham,DLR // OB,Alight-Interchange-Board,192.8744308457495,41.81041788,110.855280538,13.060966443,21.381552484,4.309775427344,1.4564380734055,0.05953241600000001,0.05953241600000001,1.114772616,2.990578216,5.146783016000001,7.792953000000002,11.9027838,12.7434824,14.4450404,15.9540142,14.9594278,12.9157614,13.8900088,11.73842,8.654297900000001,7.2610851,5.42628282,2.730427868,1.713087868,1.167426382,0.8521203126000001,0.7730997526000001,0.6799782306000001,0.282744933,0.274879569,0.3871593044000001,0.2994002584000001,0.2360568176,0.2431965012000001,0.2634514712,0.1826663272000001,0.1253474752,0.157593474,0.176487986,0.158022382,0.161350054,0.161765416,0.2364123420000001,0.471834524,0.612354556,1.153478562,1.376806718,1.906609168,1.888150308,2.1499144,1.96988052,2.056870900000001,1.86197184,2.28860172,2.0707235,1.9351866,1.80280068,1.65639828,1.26274504,1.223649952,1.102809052,1.090139792,0.8649500080000001,0.5870054408000001,0.5248754688,0.3892531802000001,0.216340895226,0.174948053226,0.165768094476,0.05360889799599999,0.04719420888399999,0.121077113858,0.074614273878,0.106091433828,0.106232623008,0.11079683072,0.03855163112000001,0.03833717064590001,0.0085461878459,0.1481373351459,0.1933746591459,0.2083251007459,0.2083248272,0.2065875160000001,0.06651451600000001,0.016618242,0.0,0.0,0,0,0,0,0,0,0,0,0,0,0.0,0.0,0.0
110923>110991,757,757,WHMu,West Ham,Jubilee // SB,757,WHMu,West Ham,DLR // IB,Alight-Interchange-Board,206.4166424890001,2.96588924,48.902476746,63.26704823399999,79.81471943000001,10.3629384248,1.1035704142,0.0,0.0,0.0,0.0,0.22884604,0.22884604,0.55761708,1.95058008,2.66805158,4.50095954,5.96322522,6.3018699,6.518002699999998,6.42586604,4.608886759999999,3.35543578,3.26042278,2.18675832,1.639198828,1.473799298,1.382998178,1.176781318,0.7321177080000001,1.14726204,1.70757219,2.66007853,2.84975167,4.57544934,4.3314165,4.64942456,3.8407119,4.091057299999999,2.37856512,2.79976376,2.07762188,2.24487446,1.92258492,2.20255954,1.84592974,2.879108280000001,3.10379014,3.1117196,2.879045606,2.676863954,1.888980494,3.930388194,6.051998874000001,9.046309028,11.6393374,12.5199354,10.60498968,8.509917940000001,6.02765506,3.8545008,3.06630096,2.6744056,2.285550088,1.741400588,1.465335888,0.959302344,0.600241076,0.521697128,0.58007766,0.46304166,0.4027657670000001,0.533915923,0.482932123,0.3266781798,0.2293148198,0.2574667848,0.1594277768,0.1594277768,0.138129568,0.09744548800000001,0.0623582,0.0,0.0,0.0,0.0,0.0,0.0,0.0,0.0,0,0,0,0,0,0,0,0,0,0,0.0,0.0,0.0
110978>110901,757,757,WHMu,West Ham,NR Essex Thameside // DN,757,WHMu,West Ham,EntEx,Alight-Exit,184.6286885830853,1.708727184215264,4.707006234869942,42.578478098,101.99291466,23.250576746,10.39098566,0.13171516206394,0.1598458480639401,0.21238921406394,0.247405726,0.271835998,0.234352468,0.2062217850117221,0.244960983011722,0.3938630150117221,0.4114542830117221,0.489999203011722,0.4899992055669552,0.4158929415669551,0.2546161235669552,0.2510269155669552,0.2208702755669552,0.2861104700000001,0.34316713,0.59926294,0.5507437320000002,0.8121701320000001,0.9176259040000001,1.048982384,0.834259272,0.8940565440000001,0.5521375900000001,0.8007779380000001,0.854798378,1.07236845,1.098404566,1.2824276,0.95436674,0.9517423800000002,0.75265084,1.41376734,1.48210072,2.34034632,2.63493236,3.1153561,3.02312844,3.6463704,3.490979540000001,3.95415284,4.65057532,5.86071216,7.122525960000001,8.38131316,10.4036797,11.5342927,11.5358184,11.4160432,10.88627166,8.68582656,6.79363764,5.22405886,4.148734660000001,2.99056198,2.54602718,2.43619394,2.292482926,1.924995526,1.752687246,1.835439546,1.609201046,1.79413566,1.383344868,1.546376628,1.1391302,1.32089564,1.072117372,1.415980924,1.570475984,1.502838612,1.194888276,1.184585904,0.6457742352000001,0.1575041792,0.1575041792,0.1219969352,0.0245017552,0.021921664,0.0,0.0,0,0,0,0,0,0,0,0,0,0,0.0,0.0,0.0
110978>110916,757,757,WHMu,West Ham,NR Essex Thameside // DN,757,WHMu,West Ham,Dis+H&C // EB,Alight-Interchange-Board,274.0187489785785,0.81396634237839,9.9905610322,59.90898376400001,141.8467611,45.90847524000001,15.5500015,6.915678e-09,0.004281228315678,0.023577250315678,0.104303326315678,0.125526166315678,0.1521239394,0.1510411234,0.2531133014,0.5083715254000001,0.6746287254000001,0.9691787254,1.2135195,1.20737576,0.969016816,0.8601797040000001,0.6728112940000001,0.508390404,0.7912152840000001,0.799996688,0.8158766060000001,0.848611456,0.8703905260000002,0.588621866,0.54666705,0.592136244,0.520787592,0.674674632,0.7824496320000001,1.008627208,0.981301068,1.13894392,1.19534604,1.40782276,1.313979394,1.840398634,1.937371154,2.362828034,2.550371294,4.21194934,5.311901200000001,6.250734260000002,6.953225260000001,8.0106742,8.009171,8.061640400000002,8.741349200000002,10.088997,11.3643778,11.658214,13.0714412,15.7617416,15.8981684,14.23806720000001,12.8626983,10.8336545,9.2664115,6.8425384,6.365448600000001,6.440863300000001,5.654990160000001,3.426331020000001,3.417610160000001,3.25120436,2.62963756,2.53798448,1.86182666,1.80587786,1.67416268,1.5720301,2.02209236,2.28973044,2.3136388,1.79204538,1.793836806,1.140980716,0.758376508,0.5032224279999999,0.5032224279999999,0.374387382,0.279017632,0.20742052,0.0,0.0,0,0,0,0,0,0,0,0,0,0,0.0,0.0,0.0
110978>110917,757,757,WHMu,West Ham,NR Essex Thameside // DN,757,WHMu,West Ham,Dis+H&C // WB,Alight-Interchange-Board,12.1936102251,0.2699590099,1.0287174972,3.25199745,5.602313154,1.2808056128,0.7598175012,0.00073034702,0.00073034702,0.00983255302,0.02238815302,0.03364349622,0.0448602416,0.0734956296,0.08427824240000001,0.1410546824,0.1620226892,0.1604220648,0.1486588528,0.138669422,0.09629246600000002,0.06406911600000001,0.053722648,0.036850472,0.026955084,0.0,0.0,0.029374874,0.047513178,0.079636282,0.10377548,0.10377548,0.07440060600000001,0.05626230200000001,0.024139198,0.015668358,0.029039264,0.054687072,0.054687072,0.239959802,0.292482054,0.298143686,0.2884152668,0.3170036008,0.1317308708,0.0999401908,0.08090765280000001,0.064988264,0.118672496,0.26273411,0.38406029,0.4299866960000001,0.629817456,0.6471247960000001,0.5140281195999999,0.4846986996,0.5760628436,0.4966007636,0.4565166116,0.500846628,0.39479909,0.279991096,0.191840354,0.16778384,0.165372466,0.1865618480000001,0.213658108,0.18144017,0.14600093,0.09311735,0.049578816,0.0193230212,0.0193230212,0.0193230212,0.0193230212,0.0717551012,0.05243208000000001,0.12069508,0.12069508,0.12069508,0.095666816,0.095666816,0.027403816,0.027403816,0.027403816,0.0,0.0,0.0,0.0,0.0,0,0,0,0,0,0,0,0,0,0,0.0,0.0,0.0
110978>110922,757,757,WHMu,West Ham,NR Essex Thameside // DN,757,WHMu,West Ham,Jubilee // NB,Alight-Interchange-Board,89.70436836472093,0.71904463592753,3.18243473748795,17.20172255670767,56.98149404,10.273900606,1.345771788597773,0.00049470475233,0.0004947914904920001,0.012795364090492,0.017643906657892,0.053210578998162,0.144947917338162,0.2148396946,0.274617678,0.310962154,0.38344447,0.36615362,0.355378322,0.3025650140000001,0.28907713,0.1810282858975901,0.16874388589759,0.16817333989759,0.19306373189759,0.19609079989759,0.2677539840000001,0.205100743308456,0.160511742508456,0.262252656508456,0.257580790508456,0.237566350508456,0.2893354352,0.3057794679999999,0.159882961919746,0.304110363919746,0.327381455919746,0.4766796119197461,0.518665179919746,0.944389872,0.7740987345133321,0.893451722513332,0.7293104125133321,0.686357942513332,0.321124150513332,0.769809768,0.8191575879999999,1.191431198,1.851591748,2.4243724,2.29178026,3.12968986,3.96647358,4.27433928,5.52139948,6.53676488,6.274166340000002,6.302935740000001,6.187886240000001,4.949081140000001,3.91782396,3.30497008,2.61596346,1.87996692,1.34208669,1.188150118,1.061793446,0.6949894459999999,0.8317030460000001,0.8087776019999999,0.7239994540000001,0.70205232,0.5125956280000001,0.292741498,0.235044438,0.17406010332,0.116679586,0.12025637,0.18974398,0.1667200139999999,0.18891916268,0.1885255069195546,0.1554633149195546,0.0227018749195546,0.0227018749195546,9.195546e-10,0.0,0.0,0.0,0.0,0,0,0,0,0,0,0,0,0,0,0.0,0.0,0.0
110978>110923,757,757,WHMu,West Ham,NR Essex Thameside // DN,757,WHMu,West Ham,Jubilee // SB,Alight-Interchange-Board,82.87284666049001,0.6971064072000001,4.979136114800001,26.891266626,40.19816340400001,4.510138538,5.597035570489999,0.05429061,0.05429061,0.084792732,0.10283594,0.116535626,0.08255801,0.0940063516,0.1077965276,0.2432740796000001,0.4287117136,0.7707905796000001,0.8099224780000001,0.7924605600000001,0.690466292,0.5041685300000001,0.1618030960000001,0.111222856,0.144078416,0.167538536,0.154698978,0.2084135060000001,0.253212062,0.3473097820000001,0.2723231700000001,0.4016927980000001,0.327951844,0.5067585480000001,0.381265642,0.663926802,0.8434860540000002,1.069995314,0.944654854,1.14866982,1.07081342,1.11216762,1.40538356,1.499481068,1.434741982,1.847106502,2.050193142,2.035666602,2.071787454,2.5779087,2.41635638,2.51623566,2.69244126,3.43427938,4.481340400000001,4.931136599999999,5.1216705,4.878212080000001,4.622511100000001,2.97752623,2.151144454,1.34567052,1.04599522,0.423589296,0.347825266,0.29173539,0.333941664,0.288913674,0.240828688,0.274360586,0.280559834,0.4065241140000001,0.389289068,0.5912464780000001,0.6413244800000001,1.164046924,1.123427064,1.16280226,0.916758303172,0.8331484031720001,0.281305008498,0.115445348498,6.2648498e-05,1.980532600000001e-05,1.980532600000001e-05,0.0,0.0,0.0,0.0,0.0,0,0,0,0,0,0,0,0,0,0,0.0,0.0,0.0
110978>110990,757,757,WHMu,West Ham,NR Essex Thameside // DN,757,WHMu,West Ham,DLR // OB,Alight-Interchange-Board,47.08085744901519,0.45913210198485,2.383660896439281,16.27652983601106,23.558268774,3.67414853938,0.7291173012000003,2.26988e-07,3.05941672e-07,3.87506998e-07,6.468946180000001e-07,0.08609958689461801,0.08609958169345802,0.08609957881540603,0.20083178725008,0.34589633386246,0.25979750092624,0.3941839391394001,0.4145738710637801,0.2998418537865001,0.15477736933766,0.15477738964002,0.08611501964002001,0.06572514473212,0.06572547476792,0.07112341281675999,0.0711235867264,0.005400211967799999,0.005400517967,0.00540097952982,3.25466586e-06,0.12052807339008,0.14314335014868,0.14314435867338,0.14314399664462,0.28572813190858,0.24258725190858,0.42543625990858,0.53805917229258,0.8008785300000001,0.6582950552431202,0.5809137836268201,0.3754500354011001,0.7522055554010999,0.6529331354011,1.42693506015798,1.86469507177428,2.07446532,1.66560983,1.80537973,1.56079317,1.61844355,1.63645739,3.1585882,3.48736432,3.19633974,2.896591192,2.827960424,1.497522544,0.9394915720000002,0.8831014720000002,0.7269491780000001,0.689459192,0.506274352,0.462950102,0.293111987,0.253641398662,0.261725004662,0.186373576662,0.155911048382,0.143858172516,0.356625822854,0.335489510854,0.358955292854,0.3592322709340001,0.3632814108000001,0.1531540214000001,0.0619166354,0.0376391894,0.0370863016,0.0329262726,0.030244082,0.012869388,0.0,0.0,0.0,0.0,0.0,0.0,0.0,0,0,0,0,0,0,0,0,0,0,0.0,0.0,0.0
110978>110991,757,757,WHMu,West Ham,NR Essex Thameside // DN,757,WHMu,West Ham,DLR // IB,Alight-Interchange-Board,94.63013202500004,0.2673469204,12.1920250306,20.096137874,48.45215880800001,12.695022324,0.927441068,0.0,0.0,0.0,0.0,0.0027299344,0.0667427484,0.07810730980000001,0.1197669278,0.4625975278,1.2063544934,1.7108913994,1.756518302,1.7395014152,1.6270941952,0.9251875972,0.3978619312,0.4151848712,0.51241176,0.5432682,0.8951533380000001,1.312377924,1.23806352,1.293991194,1.077692266,0.7541427260000001,0.361627626,0.422000786,0.244203492,0.32207644,0.24916054,0.183227,0.12285384,0.12285384,0.0,0.1881186,0.2480376960000001,0.552414036,0.6396529440000001,0.966195104,1.272472564,1.633305888,1.789488768,2.44463906,2.65754202,2.46739518,3.20322856,3.1303972,3.4411108,5.29350528,6.08921934,6.099168820000001,6.0453644,5.45495772,3.206873760000001,2.154012064,1.866925684,1.851413084,1.615288264,1.573843084,1.5267415,0.8485764400000001,0.6331936,0.7701559,0.772678768,0.985512748,0.83649736,0.8223275879999999,0.458793988,0.35396066,0.14112668,0.08885822800000001,0.06869910000000001,0.06869910000000001,0.06869910000000001,0.06869910000000001,0.06869910000000001,0.0,0.0,0.0,0.0,0.0,0.0,0.0,0,0,0,0,0,0,0,0,0,0,0.0,0.0,0.0
110979>110901,757,757,WHMu,West Ham,NR Essex Thameside // UP,757,WHMu,West Ham,EntEx,Alight-Exit,503.8320080727809,81.80241292000001,212.21112398,95.33689136,83.52516792000002,24.669741804,6.2866700887806,3.77252434,5.25055368,5.68104046,8.57217162,11.55540332,12.23860352,15.22015218,19.5119638,21.1582056,22.827344,25.2998186,27.0018306,26.5707728,22.97276734,18.77478914,15.55528994,10.66369974,7.918608400000001,6.86858178,6.59941604,5.18010542,5.086423120000001,4.907608799999999,4.60844958,4.46162828,4.05828114,4.20314424,3.10110014,4.11544214,3.266999232,4.229319792,3.084807172,4.014916292,2.946376872,3.62242474,2.5389903,3.79981222,2.90626632,4.04485964,3.43743122,4.93618786,3.882847280000001,4.72511028,4.17835928,5.65956458,5.377862899999998,7.062576979999998,8.112371320000001,7.62761718,7.573347780000002,7.296413460000001,8.00753386,6.490117099999999,7.660138640000001,6.660555360000003,5.99706876,3.49743088,3.44811858,2.178417474,1.589307766,2.040286966,1.803509076,1.869180236,1.769311778,2.116992086,1.246006678,1.855208128,1.255972156,1.51601036,1.13191232655612,1.18252043455612,0.56304147455612,0.6079002585561201,0.25291401855612,0.34675676,0.26560966,0.23231914,0.093842828,0.093842828,0.0,0.0,0.0,0.0,0,0,0,0,0,0,0,0,0,0,0.0,0.0,0.0
110979>110916,757,757,WHMu,West Ham,NR Essex Thameside // UP,757,WHMu,West Ham,Dis+H&C // EB,Alight-Interchange-Board,12.70813649,0.7268266522,5.6770322618,0.0,5.132255506000002,0.10118037,1.0708417,0.0,0.0,0.0,0.006122513400000001,0.013350052,0.048920792,0.325740972,0.3326923227999999,0.3265698094,0.3193422707999999,0.5267591707999999,0.7653265908000001,0.94807946,0.94807946,0.94807946,0.70509182,0.18970422,0.0,0.0,0.0,0.0,0.0,0.0,0.0,0.0,0.0,0.0,0.0,0.0,0.0,0.0,0.0,0.0,0.0,0.0,0.0,0.0,0.0,0.0,0.0,0.0,0.0,0.0,0.0,0.0,0.0,0.0,1.01997834,1.01997834,1.01997834,1.0264511012,1.0264511012,0.006472761200000001,0.006472761200000001,0.006472761200000001,0.0,0.0,0.020236074,0.020236074,0.020236074,0.020236074,0.020236074,0.0,0.0,0.0,0.0,0.0,0.0,0.0,0.0,0.0,0.0,0.0,0.0,0.21416834,0.21416834,0.21416834,0.21416834,0.21416834,0.0,0.0,0.0,0.0,0,0,0,0,0,0,0,0,0,0,0.0,0.0,0.0
110979>110917,757,757,WHMu,West Ham,NR Essex Thameside // UP,757,WHMu,West Ham,Dis+H&C // WB,Alight-Interchange-Board,1788.170122,348.7726378,676.3665584000001,475.4191915999999,230.1070315,39.25435788,18.25034482000001,0.0,2.7496992,5.2372576,43.5581776,61.7787068,68.28976340000001,77.54360279999999,89.61543040000002,65.27053040000001,62.08482120000001,80.03371460000002,85.96228,84.1671006,74.6720046,59.63718460000001,41.0425886,28.9494354,29.0889428,26.504542,38.95341360000001,39.5528088,35.8230868,30.7080652,29.9169192,21.057735,15.49379,18.135101,14.1201452,24.780792,21.1911046,25.2553474,24.0838956,24.422417,15.231417,15.231417,13.5376582,13.7736536,12.0712072,12.7243006,15.7076026,15.32039700000001,14.0488122,11.6390006,11.5925178,11.201929,14.4100728,17.35642360000001,26.1472696,22.965635,28.7706798,23.63218494,23.06568354,15.74859214,19.20699014,12.58176314,15.0198078,10.0964598,9.15964292,6.03133672,4.25880572,0.8670295200000001,0.8670295200000001,0.3300918,0.7513966000000001,0.7513966000000001,1.54668474,2.17642918,2.41805476,2.32073392,3.59381832,2.79853018,2.4690751,2.641416040000001,1.98734028,0.83364642,0.83364642,0.53335706,0.11939054,0.11939054,0.0,0.0,0.0,0.0,0,0,0,0,0,0,0,0,0,0,0.0,0.0,0.0
110979>110922,757,757,WHMu,West Ham,NR Essex Thameside // UP,757,WHMu,West Ham,Jubilee // NB,Alight-Interchange-Board,6087.821422400001,1094.4221034,2714.853154,1321.1612117,709.2969188000001,196.5807266,51.50730790000001,16.3170118,28.1056658,42.88635780000001,109.041264,164.606748,190.926772,249.429128,293.109156,279.142152,267.019804,290.2220980000001,284.1515680000001,274.993238,258.259486,239.708788,225.105836,182.574122,160.090594,132.03986,121.545608,91.29274,84.31053200000002,72.66995600000001,68.019991,66.15914900000001,59.05467760000001,61.4490564,50.412885,59.37644279999999,45.9202928,57.80728739999999,45.15496820000001,52.96170839999999,42.3821122,53.2634954,40.38504019999999,52.4145156,43.55074190000001,56.69195010000001,43.3033161,52.0832261,38.9994495,42.8196594,40.6780186,52.0877054,48.05084400000001,68.63022559999999,78.9352926,69.2332266,72.7960306,71.7392176,61.61658360000001,51.1274616,54.75563800000001,42.3946346,37.9300586,27.5355856,24.6974318,21.1814158,16.78029632,18.20472112,15.84264952,16.11107672,11.70481726,14.14119954,10.036974,11.9569596,8.387599320000001,10.69569098,7.67488458,9.64721852,6.98092332,6.90298052,3.94605992,3.55274306,1.03996226,0.6917524600000001,0.18754614,0.18754614,0.0,0.0,0.0,0.0,0,0,0,0,0,0,0,0,0,0,0.0,0.0,0.0
110979>110923,757,757,WHMu,West Ham,NR Essex Thameside // UP,757,WHMu,West Ham,Jubilee // SB,Alight-Interchange-Board,1371.91038427,108.493984,573.3108294,384.01437324,241.6769726,51.58623602,12.82798901,1.189706,1.92549368,2.41846568,10.04944108,17.17640648,18.11634748,26.1222278,31.4958958,36.13964439999999,42.775603,53.1529368,56.9323208,63.1814492,60.1404992,52.95095859999999,53.2755618,46.0260498,40.291457,35.0311044,33.4132444,24.5160052,22.9980052,19.371302,17.6128276,17.4659934,15.5371272,18.1137222,16.75010636,19.81911176,17.64901416,20.45684016,15.36710528,19.03269752,14.8277432,16.1080302,12.283366,15.34074688,11.89332448,15.4693896,12.13631904,11.7153024,9.8442544,11.343672,8.362366999999999,11.77695156,13.2371854,15.9865904,20.7240318,21.0090506,24.3530428,27.4846242,27.92894560000001,23.7519274,24.4651614,17.6986043,13.26085714,9.25435374,7.309854939999999,5.27480202,4.69697432,5.19457208,3.58061608,2.85577588,2.47077038,3.65793938,2.54648416,2.7511122,1.99298084,2.03701876,0.9040002700000002,2.06513909,1.9134136,1.95370044,1.65770994,1.618994944,0.350021744,0.297119194,0.015435514,0.015435514,0.0,0.0,0.0,0.0,0,0,0,0,0,0,0,0,0,0,0.0,0.0,0.0
110979>110990,757,757,WHMu,West Ham,NR Essex Thameside // UP,757,WHMu,West Ham,DLR // OB,Alight-Interchange-Board,722.4089907128201,140.065585992,247.38091428,160.35829952,110.97933594,54.997806608,8.627048372820001,4.723932748000001,8.490277548000003,10.904379348,15.50340394800001,20.3349556,23.4686414,27.1339952,29.5060002,27.6111288,30.16095240000001,29.3571284,27.1948366,26.7968298,26.75893940000001,20.986539,17.06245980000001,12.81808046,10.92609066,8.66677858,9.04115038,7.46794212,7.853328780000003,7.952837980000001,7.788341840000001,7.782912040000001,6.614480660000003,6.898748540000001,4.55404726,6.38253388,4.318751528,6.660767568,5.251476428,7.498048507999999,5.531438268,6.566456360000001,4.070588728,7.018983068000001,4.892033748000001,7.203446788000001,7.146051848000003,10.16449268,7.242483880000001,7.165399380000001,6.332707640000002,6.477277040000001,4.983378040000002,8.66583604,11.32832186,9.82188708,11.77044108,12.59429528,10.60576688,9.06801848,11.0267209,8.42864074,6.20875252,4.3453007,4.8710073,3.95864626,3.735359260000001,6.074785080000002,6.024065234000001,5.608573634000001,4.604415294,6.016365254,3.54373164,3.839114106,2.376442846,2.623594326000001,0.9306915334,1.2180775074,0.8312386201640001,1.027408920164,0.661456920164,0.691225320764,0.291851160764,0.291773248,0.029865408,0.029865408,0.0,0.0,0.0,0.0,0,0,0,0,0,0,0,0,0,0,0.0,0.0,0.0
110979>110991,757,757,WHMu,West Ham,NR Essex Thameside // UP,757,WHMu,West Ham,DLR // IB,Alight-Interchange-Board,1028.551247717625,108.50440064,509.1444516,191.825747036278,165.83034436,45.82839901800001,7.417905063347,0.7389220999999999,2.3585033,2.3585033,8.2383103,11.09271924,21.2159832,24.7492626,37.75219660000001,41.81995240000001,46.7044438,44.8979786,55.474212,55.47338000000001,48.5193388,49.14695019999999,48.8152348,36.2320934,30.3718714,27.515431,24.1735652,16.87865606,16.23491126,11.91338266,11.90400796,8.34142516,7.489485570000001,6.152458070000002,3.332195834044,4.304124394044,2.796627734044,4.549358064044,3.527581704044,6.34214814,5.06294028,6.02083134,4.243754667199998,6.040582527200001,3.287309715200001,3.745195035200001,2.706067469211601,13.3724315420116,12.6825664220116,13.4965471740116,17.40115825401161,21.79073742000001,13.39101242,18.72734614,19.2212334,15.06265126,15.56479786,13.7008451,9.435880699999998,8.70639482,11.25932736,8.817546160000003,10.15257172,8.251303960000001,7.673554246,5.870528446000001,3.814546386,3.006180986,2.902703526000001,3.38408054,2.237741004,2.679038064,1.776512004,2.361990564,1.870219292,2.369976028,1.586898202,1.629473928,0.7270127314694002,0.6832949622694001,0.1443343622694,0.1259331802694,0.0417031142694,0.0416949708,0.033791792,0.033791792,0.0,0.0,0.0,0.0,0,0,0,0,0,0,0,0,0,0,0.0,0.0,0.0
110990>110901,757,757,WHMu,West Ham,DLR // OB,757,WHMu,West Ham,EntEx,Alight-Exit,286.919261141141,28.70011292000001,23.16331116000001,74.17756046,85.81443734000003,61.73699848,13.326840781141,0.16961312,1.661474520000001,3.797519120000001,4.529012020000001,5.007443100000001,5.336138200000001,4.90120792,3.29770492,2.8442356,2.90620184,2.75765124,2.30727672,1.908260372,1.933857792,1.619083172,1.517441592,1.158116312,1.3460685,1.32603536,1.53908266,1.43302278,1.71255452,1.52840561,1.75876009,1.51515399,1.82925957,1.72323707,2.29590338,2.18810948,2.5440147,2.27022076,2.6011486,2.090502066,2.434758826,2.195503286,2.956454146,2.614662046,3.28969014,3.43086754,4.3408389,5.34184364,6.73068894,7.329823740000001,8.022136640000001,7.791054900000002,7.524160900000001,7.1311863,6.950441499999999,7.000547800000001,8.077477000000002,8.125713000000001,7.744757720000001,7.055211780000001,6.676848680000001,5.72149708,6.015540680000001,6.3466565,7.224691960000001,7.124943660000001,7.303125400000001,5.858600360000001,6.07033008,5.42908624,4.81132488,3.693854470000001,3.56034779,2.13170211,2.18233503,1.82598179,2.11004742,1.9508851,2.28614032,1.441754652,1.362262306,0.945666892,0.736956212,0.2627125502282,0.2164532182282,0.1141697642282,0.07380741822820001,3.138228200000001e-06,0.0,0.0,0,0,0,0,0,0,0,0,0,0,0.0,0.0,0.0
110990>110916,757,757,WHMu,West Ham,DLR // OB,757,WHMu,West Ham,Dis+H&C // EB,Alight-Interchange-Board,655.6092541696125,6.621200806000001,60.75074827400001,173.42209549,222.4950818,142.35509792,49.96502987961259,0.031009448,0.031009448,0.064540086,0.173986686,0.31092862,0.5603464520000001,2.326081252000001,3.123298814,3.848347754000001,5.84952322,6.542143680000001,7.00434848,6.459533800000001,6.29557898,4.465245739999999,4.59984066,3.13105766,3.99605808,3.92407832,4.6349919,3.707826514000001,4.204523574000001,3.434467934000001,3.852222054,3.410167154,4.25455636,3.4199429,4.8579474,4.19070616,4.91378542,4.72682244,5.873163440000001,4.77145036,6.25651572,5.883542940000001,8.26415064,7.46018076,11.09830204,12.71474724,13.41684892,13.01980112,14.7135934,12.4228752,12.5539558,12.40086068,17.22571388,19.29196068000001,23.09178768,23.82969088,25.6331174,20.4778212,19.359918,15.5382202,14.1817426,15.3967126,16.067536,16.4331598,15.68534248,15.73364888,14.21642828,11.64765012,12.25963292,12.2080481,11.6645063,9.2588055,10.58933646,6.59188064,6.066658440000001,4.04737844,5.33635084,3.978690799999999,5.04218142,6.338677560000002,6.71130026,5.10893936,5.428605,3.979216459922521,1.96464265992252,1.14344475992252,0.8856022599225201,5.992251999999999e-08,0.0,0.0,0,0,0,0,0,0,0,0,0,0,0.0,0.0,0.0
110990>110917,757,757,WHMu,West Ham,DLR // OB,757,WHMu,West Ham,Dis+H&C // WB,Alight-Interchange-Board,217.592208526,9.311100412000002,69.77788146800002,69.61607191000002,38.5477342,25.418177,4.921243536000001,0.045474892,0.078610974,0.273542004,0.7200035440000001,0.8707055320000001,1.58996638,2.308785698,3.424011388,3.992141928000001,5.53066394,6.145728,7.368249,6.82404608,7.229390840000002,6.509555840000001,6.540903640000002,5.41531564,5.270322699999999,4.59135376,4.3602101,3.31395422,3.63505282,3.38633048,3.577526779999999,3.18123374,3.68047156,2.74092438,3.158091460000001,2.407254150000001,2.81335285,2.27114163,2.76325821,2.19491991,2.804806580000001,2.44842552,2.89220744,2.3864497,2.69916168,2.33909046,2.67554796,2.66867526,3.10352006,3.06937882,3.40529624,2.9498537,3.2335029,3.27331056,3.33153422,3.473162460000001,3.795657260000001,3.3323467,3.465728980000001,3.26473042,3.04335158,2.79756594,2.58698948,2.38736732,2.88257584,2.64699178,2.68846328,2.458832872,2.449365692,1.825158972,1.869214012,1.658897312,1.87245992,1.39458528,1.28426472,0.8181036100000001,0.8234048580000001,0.547729282,0.6212110820000001,0.5496974020000001,0.5933835920000001,0.4149038732000001,0.3380575292,0.1267063092,0.0806756092,0.007370389200000002,0.0,0.0,0.0,0.0,0,0,0,0,0,0,0,0,0,0,0.0,0.0,0.0
110990>110922,757,757,WHMu,West Ham,DLR // OB,757,WHMu,West Ham,Jubilee // NB,Alight-Interchange-Board,105.993089,12.01470008,74.31327162,4.96525634,14.69986096,0.0,0.0,0.0,0.0,0.0,0.0,0.6961910200000001,1.91517162,4.08928102,5.31405642,7.37990162,8.9535867,9.19858896,10.10486476,9.75061536,8.88368516,7.29269166,6.151833760000001,3.07144856,2.20092256,1.00200756,0.32312496,0.0,0.0,0.0,0.0,0.0,0.0,0.0,0.0,0.0,0.0,0.0,0.0,0.0,0.0,0.0,0.0,0.0,0.0,0.0,0.4864587400000001,0.4864587400000001,0.4864587400000001,1.47902274,2.02685738,1.54039864,1.54039864,1.54039864,1.90992018,1.36208554,1.90616608,1.90616608,1.90616608,0.5440805400000001,0.5440805400000001,0.0,0.0,0.0,0.0,0.0,0.0,0.0,0.0,0.0,0.0,0.0,0.0,0.0,0.0,0.0,0.0,0.0,0.0,0.0,0.0,0.0,0.0,0.0,0.0,0.0,0.0,0.0,0.0,0.0,0,0,0,0,0,0,0,0,0,0,0.0,0.0,0.0
110990>110978,757,757,WHMu,West Ham,DLR // OB,757,WHMu,West Ham,NR Essex Thameside // DN,Alight-Interchange-Board,1075.291860576,21.967382696,60.35993966,288.50914282,381.3926478,274.99288752,48.06986008000001,0.0196154252,0.0830232152,0.7917485752,2.3504050752,3.1059004352,4.335577949999998,5.65696364,5.62414838,6.92500628,6.74633852,7.74705398,6.58180774,7.22805368,5.316079760000001,5.298871719999998,3.174489840000001,3.42340288,3.15687424,2.54899026,2.21297076,2.32699666,3.786493580000001,2.996254120000001,5.754941420000002,6.619525360000001,7.31726514,6.79868914,8.10902446,6.10358066,5.910003860000002,5.445910400000002,4.752115620000001,3.55412208,4.39147358,5.76517998,9.45583844,10.04532142,15.9448677,16.6963628,26.4660732,27.88465,33.7550154,33.1297528,35.499685,24.6594662,20.9926928,24.382032,28.4118934,29.9756596,32.2555178,40.60612,40.30055540000001,33.7664086,31.80019040000001,34.2497052,39.9924064,35.766848,35.1180744,32.1518694,33.35925,19.7305996,19.462595,18.7667196,22.37277580000001,16.704951,17.12711860000001,11.84309156,12.58899456,7.831711640000001,7.445876300000001,5.6479511,6.07538344,3.9809867,4.19581156,3.33365748,3.25408578,2.34503408,1.89044882,1.14382888,0.9250843000000001,0.0,0.0,0.0,0,0,0,0,0,0,0,0,0,0,0.0,0.0,0.0
110990>110979,757,757,WHMu,West Ham,DLR // OB,757,WHMu,West Ham,NR Essex Thameside // UP,Alight-Interchange-Board,110.9404962029054,11.02803205593142,61.93530034275079,19.762581697076,13.735652256,4.339937927346,0.138991923801145,7.409856599999998e-07,0.31579974098566,0.5280982809856599,0.8373633409856601,0.83736401373644,1.76407091275078,3.186615312750781,3.55871971275078,4.53698651275078,6.10132364,6.456433000000001,6.531836600000001,6.745401620000001,7.091055560000001,6.29145904,5.29603714,4.35442794,3.84226494,2.69887274,1.98920161,1.73045762,1.024448348,0.7400099300999999,0.3806067301,0.3812506561,1.1538178461,1.0363947321,1.0350475231012,1.0144495351012,1.3416361591012,0.5634302331011999,0.7393094391012,0.739350502694,0.8228761246940001,0.4646365746940001,0.4427795710140001,0.238349579014,0.61447374232,0.51087645232,0.6961870223200001,0.8434129459999999,1.031568718,0.951396398,1.265815314,1.152919568,1.131213142,1.188807102,0.9987377620000002,0.6717718960000001,0.955668162,1.398981054,1.432385274,1.35543953,1.406315622,1.245475322,0.7979378220000001,0.663873362,0.7881658859999999,0.85463564,0.634564274884,0.513164458708,0.348034868688,0.2511323326879999,0.056636184364,0.06336046808,0.06332389279400001,0.06322280657000001,0.03982375257,0.039810374988,0.0330334170994,0.033026975984,0.033013532228,3.22080384e-05,2.2095653429e-05,1.9312566029e-05,1.1885143429e-05,1.1885143429e-05,5.119333029e-06,5.117624e-06,0.0,0.0,0.0,0.0,0,0,0,0,0,0,0,0,0,0,0.0,0.0,0.0
110991>110901,757,757,WHMu,West Ham,DLR // IB,757,WHMu,West Ham,EntEx,Alight-Exit,197.069783925,16.51574182,34.03259748,45.46698041000001,72.92656926000001,23.87305966,4.254835295,0.22230566,0.6087395999999999,1.28277568,1.8745242,2.45066994,2.87253942,3.830630820000001,3.373556500000001,3.332890020000001,3.606229080000001,3.47775334,2.5806224,3.0251249,2.95941894,2.81256934,2.77782394,2.83034342,2.481398,2.31591772,1.83250638,1.6604933,1.246376414,1.226816034,0.999398718,1.063581578,0.8747738180000002,1.224988524,1.206041524,1.55220296,1.41530324,1.6593818,1.49211238,1.6263967,1.37288774,1.67001644,1.60050106,1.9153869,1.81201528,2.28854256,2.34849692,3.07181672,3.5464767,4.097460940000001,4.495512160000001,5.25687742,5.938122480000001,6.106697180000001,6.036517980000001,6.597032720000001,6.717944320000001,6.492150860000002,6.97191046,6.918069500000001,6.08202384,5.49890398,4.31031852,3.22025244,2.94066556,2.57914952,2.21930756,2.40133932,1.982417352,2.048318492,1.73006186,1.57404338,1.1603723,1.199912948,0.8172189280000001,0.8044258200000001,0.599919816,0.736326342,0.5352559020000001,0.49788973,0.407161084,0.3320375600000001,0.157937905,0.121833345,0.023691037,0.022806923,0.015549831,0.0,0.0,0.0,0,0,0,0,0,0,0,0,0,0,0.0,0.0,0.0
110991>110916,757,757,WHMu,West Ham,DLR // IB,757,WHMu,West Ham,Dis+H&C // EB,Alight-Interchange-Board,952.9779746600001,34.3755165,111.99139636,232.73964074,359.9456368,166.13186254,47.79392172000001,0.0,0.0,1.43498668,2.879813,4.2090718,7.1540179,9.3434729,9.35415422,10.0328169,12.8022657,12.4216134,12.1172064,12.19845166,12.17657446,8.99579866,7.148852580000002,6.282205380000002,6.20181406,5.82313606,5.790661100000001,6.16903738,6.003499120000002,5.859982380000001,5.070054580000001,5.732015180000001,5.925464499999999,7.18085906,7.08479626,8.06346066,7.81112902,8.628656699999999,7.7938187,8.965446100000003,8.840886300000003,10.6774951,10.3077945,12.3375674,11.6326584,13.3175834,12.3245712,13.9069914,13.4862986,17.1876248,18.43195,20.9798056,22.283411,25.9149478,26.0544808,29.099564,35.4225834,39.07523800000001,37.103476,37.6186076,35.40871,28.1640044,22.8208082,21.5392828,18.4499458,16.4188602,14.3224182,14.21800320000001,13.2742444,14.6968154,12.8135149,12.9356267,10.67611198,10.01135958,6.775679380000001,7.54163928,6.55164628,7.0309162,5.64484206,5.49779346,4.087288,3.458886372,2.828677992,2.562514732,1.582357932,0.589743192,0.41761622,0.0,0.0,0.0,0,0,0,0,0,0,0,0,0,0,0.0,0.0,0.0
110991>110917,757,757,WHMu,West Ham,DLR // IB,757,WHMu,West Ham,Dis+H&C // WB,Alight-Interchange-Board,311.8775078855647,17.70833862,90.52963038000001,82.75406086,71.44038572,29.97865122,19.46644108556475,0.375816,0.78552416,1.57187022,1.76665966,2.62546906,3.3042246,3.70605352,3.5727214,4.82719856,5.338470760000001,6.859564220000001,7.41741162,8.849867680000003,9.02511948,10.09218168,7.736404920000003,7.404287180000002,8.082825580000002,8.22773028,6.66856842,7.141215620000001,6.883633880000001,5.21616528,3.74671004,3.5534303,3.21416332,3.03860816,2.19527802,2.45874448,1.97000572,1.97014614,1.84955874,2.53775238,2.315168480000001,2.88199896,2.95066108,3.21141558,2.67185368,3.30285994,3.12912482,3.585472940000001,3.33664366,4.793340860000002,4.80010878,5.32239108,5.81828296,7.3443339,5.890677879999998,6.554046479999998,6.647809779999998,7.000106380000001,5.5677722,6.484204620000003,5.479004280000002,5.146637200000001,4.18511896,4.39945942,3.49415894,3.40377354,2.80761664,2.4229543,1.702703504,1.831564424,1.437479584,1.642781264,1.668454044,2.67376448,2.49394108,2.95945374,2.665420852,2.619968032,1.721272622,2.140179882,2.071444242,1.88359504111295,1.52294806111295,1.33305895111295,0.5490996511129501,1.111295e-08,0.0,0.0,0.0,0.0,0,0,0,0,0,0,0,0,0,0,0.0,0.0,0.0
110991>110922,757,757,WHMu,West Ham,DLR // IB,757,WHMu,West Ham,Jubilee // NB,Alight-Interchange-Board,103.1565079877977,5.60133064,17.697307952,18.048151676,51.37148494,9.9578501079822,0.480382671815434,0.02684885,0.02684885,0.36020583,0.57321361,0.92732471,1.14627418,1.3793133,1.16130131,1.45709713,1.36303921,1.46852819,1.52444337,2.131196920000001,1.8295757,1.80051326,1.58141094,1.52763684,1.16796436,1.038446386,0.807455646,0.6757897876000001,0.4406095876,0.2271962956,0.1743359096000001,0.1919197776000001,0.2350722560000001,0.2631763640000001,0.13712169,0.171683074,0.1894914660000001,0.162523608,0.163920796,0.1725283,0.143237152,0.195293382,0.214066492,0.6000519160000001,0.6560369640000001,0.6818619880000001,1.047697758,1.490858926,2.037170686,3.22212924,4.55437826,5.42781452,6.401680000000002,6.713955599999999,5.86126904,5.3156344,4.65664898,3.84596324,3.11880316,3.0152359,2.74415344,2.29423966,1.976087,1.572840066,1.492715726,1.121287366,0.992288196,0.797512036,0.7961536220000001,0.843125482,0.6831004620000001,0.64184396,0.5129574147074001,0.3930371375074,0.1109886397674,0.1188878057674,0.09020457976739998,0.09020219548662402,0.07334029768662399,0.0722859001921268,0.0244089141921268,0.0055264921921268,0.0055264817655028,4.765502800000001e-09,0.0,0.0,0.0,0.0,0.0,0.0,0,0,0,0,0,0,0,0,0,0,0.0,0.0,0.0
110991>110978,757,757,WHMu,West Ham,DLR // IB,757,WHMu,West Ham,NR Essex Thameside // DN,Alight-Interchange-Board,800.8514570900603,60.74482111,133.81240378,124.31173201,358.453397,105.2394389554,18.28966423466,0.034482074,0.034482074,4.407627273999999,4.597852482,9.870731882000001,11.142460708,16.520485308,14.136699308,17.0841919,13.6578478,16.9465915,13.8096399,15.5902227,12.98670022,12.39288352,7.79792892,7.325937420000002,5.492787620000001,5.990195440000001,4.737476840000001,6.277714840000002,4.621599460000001,3.59259426,2.56099112,4.50475752,3.043062320000001,3.888964800000001,3.110191760000001,4.004663560000001,2.16953878,2.97801278,2.210412826,3.314538866,2.578570366,4.650742546,3.875246358000001,5.269444772,4.264580432000002,6.789090332000001,5.834392732,6.89839252,10.04645026,12.003502,15.8242768,23.3624906,32.9912656,34.1739328,32.55245628,36.56979108,33.84865368,27.38423788,31.16313188,34.5020776,27.3533928,24.1017816,20.4501852,13.9791676,13.5684376,11.1962854,11.6909874,12.57106472,9.80389024,7.86008524,6.934776606000001,5.518854806,4.005525758,4.826816158,3.2835474274,3.9199940614,2.0496324614,3.4194570894,2.3195769294,2.386609496,1.675262172612,1.744788004612,0.354663150612,0.176358990612,0.104333554612,0.104257078,0.034731246,0.0,0.0,0.0,0,0,0,0,0,0,0,0,0,0,0.0,0.0,0.0
110991>110979,757,757,WHMu,West Ham,DLR // IB,757,WHMu,West Ham,NR Essex Thameside // UP,Alight-Interchange-Board,63.12516878374696,13.54039835,31.683315158,7.891286739583002,8.010927906811302,1.87936205371481,0.119878575637821,1.50952836,1.654915008,1.881043108,1.915107102,2.179208842,0.955335642,1.549538494,1.895721794,2.57689484,2.96288194,3.14641052,3.01240292,2.840764,3.33161036,3.53075832,3.160386432,2.626667676,2.449251316,1.422786776,0.6225000580000002,0.6851732940000002,0.7485224300000002,0.6595186900000002,0.4798998300000002,0.5995561080000001,0.4380710200000001,0.3028676836712001,0.1686153036712001,0.2057625276712,0.0371561676712,0.1940191676712,0.194010224,0.443698984,0.40655176,0.4065549714454,0.2496919714454,0.3907264194454,0.1410376594454,0.1691030494454,0.169099838,0.185009964,0.077464662,0.2008193120000001,0.338355702,0.358431686,0.42847231,0.4489202720000001,0.3255656220000001,0.28276511,0.5963627060000001,0.9481748759999999,0.8942382657622601,1.12952368576226,1.18943563776226,0.91643097376226,0.4926067617622601,0.5845750320000002,0.34928980579594,0.16657689752214,0.11266343492214,0.17605888692214,0.08409026831317,0.10022506531723,0.10022475359103,0.09346964372827,0.01613548372827,0.05609388633724001,0.03995889553724001,0.03995910734418001,0.03995876380694001,0.03995895925852001,4.0725852e-07,5.1460202e-07,3.0279508e-07,3.034131762e-07,1.079615962e-07,1.079615962e-07,6.180962e-10,6.180962e-10,0.0,0.0,0.0,0.0,0,0,0,0,0,0,0,0,0,0,0.0,0.0,0.0
20901>20916,761,761,WMSu,Westminster,EntEx,761,WMSu,Westminster,Cir+Dis // EB,Enter-Board,6417.072537151998,22.557147112,235.13213094,2615.1594056,2555.267574,797.6913182000002,191.2649613,0.292670788,0.697422608,1.502055208,2.053340288,2.56123348,4.23075758,5.32332852,5.896338640000002,6.690066900000001,8.00213822,9.98000482,13.22966966,17.38614034,21.4145848,23.89950240000001,24.807762,25.8896188,26.9569786,27.7239158,29.1517486,32.27908619999999,35.1905166,38.93360060000001,44.32930160000001,52.45196660000001,63.81658839999999,78.46028759999999,94.0694084,108.1953784,120.5798152,126.342784,130.243682,125.430662,126.092696,120.749268,120.70462,120.6676,124.395482,127.882882,135.85749,148.818206,161.582714,181.202784,196.882586,216.372242,219.715044,228.01851,234.667394,244.157244,246.989776,244.667952,231.738272,210.75109,184.257238,156.456726,137.476086,117.261598,101.423594,86.516186,77.17823800000002,69.69633259999999,65.70739060000001,60.04223,53.653148,48.3595146,43.02928540000001,38.56860140000001,36.25519960000001,34.74939699999999,31.588981,27.81714,24.3551354,20.1233788,16.6319332,12.16450112,9.55294752,6.5036033,4.401614299999999,2.2080525,0.9575939800000002,0.2106831800000001,0.0,0.0,0,0,0,0,0,0,0,0,0,0,0.0,0.0,0.0
20901>20917,761,761,WMSu,Westminster,EntEx,761,WMSu,Westminster,Cir+Dis // WB,Enter-Board,5584.292488400001,23.62580866,232.7154651400001,2023.254319,2150.623222,905.5789092,248.4947644,0.228141,0.7465777199999999,0.9933887,1.66698618,3.09584738,4.186981380000002,5.15858754,7.549298759999999,9.52264068,10.93658878,13.20533938,16.81324870000001,18.4710097,20.0918731,20.7784916,21.4646324,22.66014000000001,24.0786782,25.6461522,29.0466704,32.19904520000001,32.8030082,34.52015220000001,38.32144080000001,42.67983640000001,49.27277000000001,57.65620920000001,70.4643308,78.68751740000002,87.57331579999997,92.650661,93.068219,88.895466,89.525902,90.16517,92.18913700000002,97.656993,102.2659138,109.0945048,112.0363138,117.7649768,126.2441508,139.766324,147.752961,163.94316,176.857862,189.861868,196.089772,203.115298,207.082892,202.821814,191.054062,180.675778,164.09793,143.431186,131.5916,118.567,103.7980648,95.9981648,88.61357679999999,81.5638548,73.9245828,71.17217959999999,65.1641066,59.7816466,51.85864760000001,50.20921320000001,44.92787160000001,45.83956660000001,41.48819779999999,37.56670000000001,34.10883020000001,29.238203,20.1347148,15.12611972,10.86023492,6.325807319999999,3.95206652,2.19873872,1.0794846,0.5761002,0.0,0.0,0,0,0,0,0,0,0,0,0,0,0.0,0.0,0.0
20901>20922,761,761,WMSu,Westminster,EntEx,761,WMSu,Westminster,Jubilee // NB,Enter-Board,8667.240170199997,37.5323635,248.169447,2928.312046399999,3795.64381,1341.4647674,316.1177359,0.3808040600000001,0.7516455800000001,1.46194558,3.15989658,5.57345958,6.95926912,8.8093132,10.4360298,10.5876708,11.6695626,14.354283,18.7156714,21.3865634,23.8456304,24.402123,24.4570512,22.8061392,23.62339800000001,24.58426040000001,27.7370936,30.7787028,34.7662888,38.8953674,46.22854,53.46520339999999,64.59212600000001,77.78439399999998,88.65290499999998,104.782019,115.5425022,121.618407,124.3151302,126.4553272,122.2194542,123.583113,126.2595322,129.029139,137.856245,159.81011,175.51425,196.063816,215.68585,249.331984,265.08164,289.883254,305.03905,337.50475,351.479084,365.874378,369.288262,378.05749,350.96705,318.74249,279.929628,245.642856,203.235518,177.3016840000001,152.133104,138.51641,125.673494,120.108488,111.609528,108.626504,99.13851600000001,90.146597,78.07214900000002,74.012792,66.12550139999999,63.1835646,55.35296300000001,49.12312060000001,41.20063220000001,33.2260342,23.6349444,18.6542904,14.34822706,8.18802646,5.01555106,2.87137166,1.31901026,0.0,0.0,0.0,0,0,0,0,0,0,0,0,0,0,0.0,0.0,0.0
20901>20923,761,761,WMSu,Westminster,EntEx,761,WMSu,Westminster,Jubilee // SB,Enter-Board,6367.548375000004,58.16708730000001,325.8197338,1971.0853408,2752.30871,997.2974732000002,262.8700299,3.58789,4.76552634,6.06591982,7.039337420000002,7.02122542,7.62666982,10.10690348,11.953615,14.693484,16.640851,20.2589702,23.24482960000001,27.8236492,31.6522122,35.06090020000001,35.58611159999999,33.3053384,31.2861902,29.0245736,27.24262360000001,26.908698,28.84414880000001,29.9247716,33.0088886,36.97789540000001,42.63763280000001,51.94708780000001,62.2423166,67.4443454,74.5550834,82.47783679999998,83.9799788,84.0808928,86.25104499999999,88.39860900000002,92.082918,95.733408,98.723038,106.387495,115.635181,122.48188,133.70461,154.40899,172.24859,185.167578,201.835268,222.406384,245.207066,267.618538,290.955614,290.6679420000001,278.599722,246.741568,209.075934,169.705382,144.327714,121.866913,107.301867,97.934043,90.319383,87.845119,86.710594,83.40547600000002,77.06869800000003,71.691528,63.26484940000001,56.87069080000001,53.018312,49.1174924,43.95449140000001,38.4939628,32.4338844,25.1077166,21.43484500000001,16.33072866,13.12194626,9.37468922,6.603319820000001,3.89518702,2.31246636,0.68929996,0.0,0.0,0,0,0,0,0,0,0,0,0,0,0.0,0.0,0.0
20916>20901,761,761,WMSu,Westminster,Cir+Dis // EB,761,WMSu,Westminster,EntEx,Alight-Exit,7064.967237503998,168.200164204,2023.311575,3486.707129,1003.490502,286.8990872,96.35878009999999,0.4596272260000001,1.605854626,4.167959026,11.080935026,19.6333641,30.0429928,41.7600454,59.44938600000001,75.05607200000001,85.657313,102.452521,123.907213,149.54398,176.785552,201.363552,219.440818,230.978928,226.3178560000001,216.456272,215.351498,208.70324,198.378994,191.216148,184.786316,176.57326,171.171474,165.041778,164.913874,160.670402,153.450652,147.89901,142.762068,134.766602,132.421438,126.0752748,121.5241308,122.6002658,121.3492558,115.8626058,116.639853,113.572805,107.090134,104.706754,104.530794,99.05405,98.256458,96.853338,92.34597,87.5865792,89.54437320000002,87.25844120000002,82.87467320000002,79.0407852,72.794184,63.51423000000001,54.36742000000001,48.71693000000001,40.1063048,34.4204334,29.8841408,25.1881076,21.4591794,19.0455434,16.8909766,14.6027732,13.4000848,11.4333488,11.7512644,12.3959658,13.0974004,12.9482636,13.8459388,12.2013084,10.1364242,8.140841120000001,6.202521419999999,3.69450446,2.08020246,1.12824346,0.37188794,0.11527804,0.0,0.0,0,0,0,0,0,0,0,0,0,0,0.0,0.0,0.0
20916>20922,761,761,WMSu,Westminster,Cir+Dis // EB,761,WMSu,Westminster,Jubilee // NB,Alight-Interchange-Board,2234.040066688,37.761605628,266.4608607600001,817.4672897999999,726.7913654,290.4902804,95.06866470000003,0.4285788720000001,0.6920348119999999,0.9900414120000001,3.604342012,4.1387921,6.201354900000001,8.82238916,12.88407236,15.68295496,18.910203,21.8996492,24.237003,27.59368720000001,26.564894,26.11301020000001,24.80252280000001,24.103451,19.4096982,18.3209482,18.822839,19.38559080000001,18.50169600000001,20.945766,24.2291712,25.57564,25.6132732,29.1564658,29.726823,29.6373098,30.939801,35.3563384,35.92959140000001,38.9469764,37.77608720000001,38.80027879999999,39.33054679999999,40.8738322,40.34905120000001,40.8128058,42.3623114,41.63338400000001,39.8530256,42.0758726,49.65565120000001,52.42649920000001,57.09803760000001,64.2374556,67.3297514,65.3594934,66.99582420000002,67.27186120000002,61.82116800000002,61.48057200000001,58.13693000000001,53.866595,50.76717780000001,47.2249888,37.825048,33.4140824,27.9769314,20.52902640000001,18.651834,19.19318220000001,19.1429678,17.279273,16.951194,16.9168686,15.3848838,13.6502004,13.1318627,12.3635321,11.0608897,9.36279676,9.22015336,9.13459972,7.202589040000001,4.751963440000001,3.336434580000001,1.62666538,0.22697752,0.0,0.0,0.0,0,0,0,0,0,0,0,0,0,0,0.0,0.0,0.0
20916>20923,761,761,WMSu,Westminster,Cir+Dis // EB,761,WMSu,Westminster,Jubilee // SB,Alight-Interchange-Board,13411.9047558,417.6530366000001,3371.23257,3420.46061,4045.205906000001,1498.6465306,658.7061026000001,4.905241200000002,9.6123056,14.943982,30.93751,45.8366126,73.8137608,95.81191640000002,141.791708,179.8397000000001,206.03992,239.01023,297.7598740000001,335.445122,356.763682,381.294088,375.081496,330.536746,270.024332,221.606494,177.830886,142.0579608,119.5743808,108.4942428,105.7023188,107.4674028,109.355526,115.449106,124.844448,126.414046,128.930782,129.39853,134.220744,134.475162,135.726394,134.489546,141.095894,139.949202,144.767116,152.179214,167.464382,182.21304,197.005838,210.286142,228.899192,238.8859,259.641668,285.089318,332.711602,361.910314,383.7600840000001,401.266992,408.874054,386.5136360000001,362.4898440000001,335.6117340000001,288.45076,244.232058,196.691642,159.376446,134.99578,119.788332,107.125478,100.572014,95.18539,88.280598,83.201605,82.3813098,86.81587780000002,92.4212098,92.8932738,91.9460708,87.04937200000002,79.169374,67.55275520000001,54.30395820000001,40.75577210000001,28.05182684,15.17712884,5.719019640000001,2.92569064,0.7406507400000001,0.0,0.0,0,0,0,0,0,0,0,0,0,0,0.0,0.0,0.0
20917>20901,761,761,WMSu,Westminster,Cir+Dis // WB,761,WMSu,Westminster,EntEx,Alight-Exit,6639.187844170001,225.9976416,1923.3488724,3116.799182,1001.464099,284.9087028000001,86.66934637000001,0.154732,2.2129332,6.841455600000002,14.1025376,27.4912248,43.7618008,58.3075436,73.125414,89.39833,101.3897448,115.9381548,136.5935248,156.8139660000001,181.018572,199.962936,206.75455,202.74939,196.168702,177.67051,158.890492,157.064076,154.450592,145.234654,150.120432,151.094982,141.877214,136.089682,141.855186,133.171316,133.941288,132.796062,137.293672,131.757138,131.641064,126.508494,124.8500768,118.7397888,120.7744608,114.2391268,114.3644956,110.2810908,107.5712658,99.38264780000002,101.7003768,99.00202000000002,97.950886,93.66561380000002,94.27823700000002,91.974712,89.384752,86.13708000000001,84.18106320000003,79.708026,70.73155200000002,61.8200946,52.63006240000001,44.636988,35.3105906,30.4384926,26.5552056,23.428239,21.2348598,20.0312732,18.1434574,17.2435372,16.567549,15.7121786,15.6063318,15.5102624,14.5272804,13.55789992,11.68366616,9.22460136,7.100347060000002,5.40210926,3.97454446,2.714807074,1.724884674,0.8764801740000001,0.258912574,0.113550854,0.0,0.0,0,0,0,0,0,0,0,0,0,0,0.0,0.0,0.0
20917>20922,761,761,WMSu,Westminster,Cir+Dis // WB,761,WMSu,Westminster,Jubilee // NB,Alight-Interchange-Board,1815.34567453,21.36712241,136.42440482,556.5554617,682.9858244000001,313.990089,104.0227722,0.03140690600000001,0.222332506,0.5458898860000001,1.222575086,2.670751946,4.15178438,5.75233398,6.77004772,8.673342120000001,10.01937566,10.07364892,10.83166052,12.4177658,12.7828034,12.5973864,12.7318168,12.0637576,11.9290336,10.9978607,11.3059533,12.3365077,13.6248167,13.9215861,15.104498,16.600304,18.0098046,19.360247,21.1776292,22.6155356,22.0867192,22.7695584,23.272718,23.1355886,23.2085046,24.5570284,24.8702296,25.24508700000001,26.569632,28.2514608,28.86580480000001,30.150127,31.202584,32.9056292,36.7138612,39.3801466,42.895832,49.52925800000001,52.29049160000001,54.23435620000001,62.31217940000001,64.02033279999999,66.8669438,67.9427814,67.65766400000001,60.40866000000001,55.44717859999999,47.3219902,39.75342979999999,35.25541880000001,30.0761032,26.8590038,22.6974414,22.1386174,18.1831776,18.3450008,18.020517,17.296743,18.042646,17.3978494,14.7180036,14.1427606,13.3623846,10.9341784,9.1160734,8.559615200000001,6.558625800000002,4.4188366,2.5941882,1.654154,0.5661024,0.0,0.0,0.0,0,0,0,0,0,0,0,0,0,0,0.0,0.0,0.0
20917>20923,761,761,WMSu,Westminster,Cir+Dis // WB,761,WMSu,Westminster,Jubilee // SB,Alight-Interchange-Board,1157.52220642,10.4310836,42.31401586,356.96022396,445.558008,213.953463,88.305412,0.054840284,0.330689564,0.7809651240000001,1.132195204,1.556109784,1.67582756,2.494614520000001,2.40584156,2.67396028,3.3710746,3.58428938,3.570111600000001,3.891615799999999,3.89602584,3.13709646,3.48565198,3.31737804,3.28514934,3.6128517,4.48881084,4.742906280000001,4.750268360000002,5.608716660000002,6.52750616,6.758564760000001,7.34779876,8.78294596,9.80151656,10.43990086,11.5891281,13.4797705,14.7270347,15.2481049,15.3610094,16.5020937,16.8083495,16.4519421,17.0597663,19.8393472,22.583782,24.4643858,26.9157112,31.154385,30.0152892,28.8901896,26.8504508,29.1373798,29.9419132,36.4382856,42.07332960000001,49.6831086,49.5196276,46.2797326,41.0703782,36.328174,29.3454384,27.6064518,26.035222,24.7064744,21.4701472,19.6935094,16.1085216,14.9447104,13.0754266,12.4168086,12.2046464,12.3234326,13.368112,13.1080604,12.07450388,11.0455128,11.4562712,9.3741346,8.057318200000001,7.41721352,6.70404724,4.012060640000001,2.32455524,1.55041204,0.8474146400000002,0.3339076000000001,0.0,0.0,0,0,0,0,0,0,0,0,0,0,0.0,0.0,0.0
20922>20901,761,761,WMSu,Westminster,Jubilee // NB,761,WMSu,Westminster,EntEx,Alight-Exit,7240.8342228,410.612388,2567.5151,2881.157930000001,949.4545768,345.754621,86.339607,1.7599408,5.8557424,15.2387164,33.9648284,57.07454839999999,76.96230959999998,99.666968,120.089334,133.679922,148.796326,168.536356,197.981306,230.09521,263.542958,278.491718,276.888342,257.5340640000001,233.408548,201.29714,177.26321,166.916702,159.060608,143.590238,135.73255,132.706934,129.66886,125.503098,127.281138,125.29911,121.996194,117.604062,117.750052,115.834456,115.621933,115.183923,116.778827,113.952919,113.764039,109.228158,102.107849,99.953241,95.317665,92.273157,88.032217,90.249324,82.66086800000002,79.28820800000003,77.51782800000001,79.206152,80.5552332,83.65114319999998,85.1387832,81.4286172,78.11562520000003,69.7455652,61.8972296,53.81185840000001,47.65468380000001,38.99859379999999,32.53981539999999,27.388849,23.5736298,20.2873932,20.2562352,19.9336594,20.7001494,20.8794148,19.7303388,17.3683698,15.347052,12.0979826,9.679709720000002,7.85177716,6.28532088,5.2951156,4.37939228,3.17281824,2.12137,1.53773128,0.88037736,0.32259008,0.0,0.0,0,0,0,0,0,0,0,0,0,0,0.0,0.0,0.0
20922>20916,761,761,WMSu,Westminster,Jubilee // NB,761,WMSu,Westminster,Cir+Dis // EB,Alight-Interchange-Board,756.9904778087257,24.7500391,226.9744811,352.9747956,110.43504928,32.59220764,9.26390508872515,0.12679072,0.35672474,0.98088674,2.07233324,3.65043154,4.74047902,5.8828224,6.939570699999999,7.461520200000002,7.944440500000002,8.788578300000001,10.5188619,14.556568,20.7139652,23.7314328,26.8616834,28.8843242,29.397075,25.0032968,23.1127348,22.443368,21.9271082,19.927532,19.38480980000001,19.9257128,18.9037,17.3893828,15.9497406,15.7329374,15.3268568,15.2154662,13.9522586,13.7356588,13.4945816,12.796483,11.1497492,11.0301612,10.03042892,10.06157392,9.55078232,10.96956852,11.30115892,11.7152234,11.0605526,10.34045354,8.6490498,8.429723800000001,8.3638096,8.215720000000001,10.46047426,10.51594148,10.69418648,10.36568308,9.74409508,7.47116422,7.184747939999999,5.755024939999998,4.68370498,4.27191726,3.29266386,2.46079206,2.20293238,2.06206676,1.86773928,1.74800646,1.61521424,1.41869626,1.21344916,1.04797984,0.950625806,0.7541452799999999,0.86516386,1.00374638,1.00716774,0.906304028,1.018821384,0.7895648817450299,0.4729514417450301,0.25790560174503,0.18952882774503,1.774503e-08,0.0,0.0,0,0,0,0,0,0,0,0,0,0,0.0,0.0,0.0
20922>20917,761,761,WMSu,Westminster,Jubilee // NB,761,WMSu,Westminster,Cir+Dis // WB,Alight-Interchange-Board,9667.823764400002,367.361735,2889.671908000001,2436.393709,2465.126836,1206.076795,303.1927814,3.932723600000001,4.669525200000002,12.2678788,24.7207154,44.32810740000001,68.16938979999999,94.4922042,114.7811906,151.462412,198.615152,218.6024,272.909948,313.813688,329.3494700000001,307.0474440000001,297.2025700000001,252.225982,219.240016,175.751043,153.451783,139.308579,122.765177,104.362677,104.183194,102.957002,99.271716,98.632026,100.550044,99.7112348,98.52995280000002,94.4782688,95.25537680000002,95.34411480000004,90.79864200000002,89.76936200000002,96.49703079999999,95.8367088,96.8283548,98.2027528,95.0399336,98.1676848,98.9087808,104.1147928,116.8803028,129.863052,138.161252,150.58467,179.550994,200.703868,225.416802,240.34084,263.615564,253.106536,248.454556,226.606708,208.721994,179.479026,156.146224,130.84201,116.369504,102.695455,90.671625,84.879639,76.42936100000001,73.90046099999999,67.803892,66.441498,60.41810000000001,59.07502400000001,49.78202920000001,43.54149160000001,35.1902792,30.3763552,23.0659738,19.6028286,16.197512,11.88636188,7.784147880000001,3.934193280000001,2.28463128,0.47195348,0.0,0.0,0,0,0,0,0,0,0,0,0,0,0.0,0.0,0.0
20923>20901,761,761,WMSu,Westminster,Jubilee // SB,761,WMSu,Westminster,EntEx,Alight-Exit,7255.97860408,250.60906308,2576.14597,3038.6774968,1045.3006584,277.6117294000001,67.6336864,0.46934091,1.97767431,5.282665509999998,13.86028551,26.95953804,46.4090976,67.1582122,88.492249,116.368841,136.937393,160.515956,194.679694,238.542566,260.946648,280.77662,280.430066,269.895538,236.938382,209.768318,190.345948,175.665438,160.729216,153.68525,149.24616,139.753816,139.536092,136.906328,134.039694,134.88091,137.503438,133.1449972,128.7716352,126.3385792,117.7061272,111.7705552,111.374212,110.559396,110.221842,111.294116,110.562204,107.2254752,101.0045692,97.4767072,99.2807392,98.5350812,105.77549,109.634132,110.2763408,103.983322,100.816946,88.318318,82.42958399999999,72.10409659999998,66.16575139999999,56.2744222,50.98717420000001,41.17293400000001,35.7422378,29.4765686,26.0640496,19.8603332,17.8877594,16.079657,19.5142278,18.4757538,18.0085142,17.320273,18.009421,12.886146,11.6622252,9.952573400000002,8.463698800000001,5.74388934,3.936525200000001,3.249089,2.41363812,2.14948492,2.24618926,1.9050808,1.412458,1.13305068,0.47963768,0.0,0,0,0,0,0,0,0,0,0,0,0.0,0.0,0.0
20923>20916,761,761,WMSu,Westminster,Jubilee // SB,761,WMSu,Westminster,Cir+Dis // EB,Alight-Interchange-Board,2048.13255920472,73.67201167472001,691.9826796,773.5305023999999,375.9857294,102.43050226,30.53113387000001,0.26182482868,1.12662042868,2.31795662868,5.74178962868,9.60590016,14.2666248,18.0228792,22.328416,26.7331184,29.685146,35.18331679999999,47.62978480000001,58.86365679999999,65.8972186,77.56552940000002,78.9844534,76.30293540000001,72.14357640000001,66.1287152,56.86522840000001,53.41216440000001,44.9449044,39.1673012,36.85017620000001,34.5541114,31.8428568,32.5213114,31.80987500000001,31.2555026,30.5508038,30.57770560000001,29.6617134,29.9351078,29.1773012,27.7894066,27.5496058,27.3933748,26.31355760000001,26.29427140000001,27.5837504,29.3188668,30.3023454,32.1122278,32.61226060000001,32.6389202,31.0883112,31.2899612,32.0775052,33.0730398,33.2839102,33.77255520000001,34.33460640000001,30.537857,30.3805178,28.0053774,25.5031678,20.1243782,17.2195208,11.8119508,9.0995706,6.693883320000001,5.967426260000001,5.69333206,5.72968052,5.30205926,4.91426394,4.9336856,4.9407509,4.37363212,4.01315648,3.68288476,3.22898248,3.01010082,3.1491584,2.80190518,2.50185672,1.841876286,1.156043646,0.418452386,0.280641106,0.072443486,0.0,0.0,0,0,0,0,0,0,0,0,0,0,0.0,0.0,0.0
20923>20917,761,761,WMSu,Westminster,Jubilee // SB,761,WMSu,Westminster,Cir+Dis // WB,Alight-Interchange-Board,2488.237533249,82.1037706,717.4100122,992.264396,466.2517288000001,180.05091864,50.156707009,2.6490387,3.1404291,3.51755448,5.261111880000001,8.861020680000003,12.64142598,17.02158358,29.01160620000001,39.9123436,47.59371080000001,57.07377880000001,67.64226479999999,72.77645079999999,74.68901600000002,76.0550834,69.5060442,63.82097320000001,56.66356000000001,48.50420200000001,43.1725846,38.5524514,34.5222542,29.9344182,26.4351142,29.12604020000001,33.7451626,36.4084088,39.42959000000001,46.4081246,44.1762066,43.1019066,44.6868758,45.1707732,42.5354566,44.81591599999999,45.96636880000001,45.729525,46.50356660000001,48.1402386,48.36691020000001,46.9705834,45.62566680000001,43.79827120000001,42.1145664,39.3670254,41.58987800000001,41.4021692,40.4843012,39.82484400000001,43.9148776,39.160406,40.12663800000001,38.58153840000001,38.36891000000001,31.920717,31.510424,26.95612340000001,25.21827500000001,21.2061822,18.5194836,15.646369,13.120963,11.2471508,10.907636,10.3876148,9.576004199999998,9.0028457,8.26227094,7.82666586,6.883661060000001,6.539647860000001,6.2261175,5.285485120000001,4.4281309,4.25600342,3.41392886,2.2146685698,1.7626945098,1.0849638098,0.2306512898,0.0040882498,0.0,0.0,0,0,0,0,0,0,0,0,0,0,0.0,0.0,0.0
580101>580122,765,765,WLGu,Willesden Green,EntEx,765,WLGu,Willesden Green,Jubilee // NB,Enter-Board,1436.193151828045,46.83153100000001,476.2022702,371.2742101000001,342.8943538,161.90382712,37.08695960804507,0.0,1.13954506,2.18080234,2.8277482,4.7265502,7.576019800000001,10.62009634,17.76076906,25.6859744,33.9158964,53.8506156,63.82090479999999,62.73568579999999,59.6514826,54.5314988,36.043576,25.8095348,22.2732358,19.8699828,18.0138824,16.4390624,15.1341364,13.730564,12.8944474,11.8783106,11.7025105,11.9793301,12.4861937,12.5323797,13.5345003,13.7840828,14.4224438,14.7331272,15.5955068,15.9001602,16.8634366,16.3252074,17.136772,17.7831882,18.0547992,18.7698452,19.61070580000001,19.6761386,20.30736120000001,21.4655552,22.039774,24.8233944,26.9216136,28.6715648,29.3502636,32.4841934,32.4461904,32.71706560000001,32.3453202,31.7504204,27.8789982,25.2187046,21.9482192,18.721288,15.7292576,13.836567,11.6343822,10.1872668,9.807095,9.6315204,8.5857188,8.6942962,7.90951132,6.31069936,4.97701066,4.797021,3.49265174,3.22193628,3.15473748,3.12837038,2.51327596,2.067106296,1.619729065609012,1.079854225609012,0.6506340256090121,0.073933105609012,2.9609012e-08,0.0,0,0,0,0,0,0,0,0,0,0,0.0,0.0,0.0
580101>580123,765,765,WLGu,Willesden Green,EntEx,765,WLGu,Willesden Green,Jubilee // SB,Enter-Board,7101.151921099998,594.0963518,2972.893327200001,2126.5255228,1008.8441884,337.4691784,61.3233525,15.8198686,25.0167818,39.33761180000001,55.49317840000001,72.861064,97.9910372,126.535662,161.041148,196.113734,234.135698,268.479286,301.174008,312.510412,310.518328,297.2318360000001,273.056992,238.9286,205.78643,178.433546,156.5244572,137.436524,120.892384,113.79056,107.819256,100.9305988,94.64319,91.6903172,89.952568,86.764094,84.448284,85.187759,84.09975179999998,81.43807699999998,79.820895,79.441937,77.266448,75.90982,74.355202,74.977774,77.769204,76.72219799999999,75.868977,77.22844,78.071264,75.719973,77.011157,85.059658,89.67719699999999,92.674117,93.297716,96.828616,93.366282,87.79193599999999,78.4301596,74.40127040000002,64.5861064,55.6547124,48.08925300000001,43.7771588,35.9432634,30.3480488,24.8393928,21.0626438,18.503127,16.22236,15.3758978,14.4347786,13.218542,11.2101159,10.5814583,8.604999699999999,7.161371300000001,5.99200744,5.394519799999999,4.10405256,3.43701436,2.16264596,1.52311482,0.8523919600000001,0.2996604,0.0,0.0,0.0,0,0,0,0,0,0,0,0,0,0,0.0,0.0,0.0
580122>580101,765,765,WLGu,Willesden Green,Jubilee // NB,765,WLGu,Willesden Green,EntEx,Alight-Exit,6758.8343486,50.23966720000001,443.1224192000001,1377.7110946,2702.976290000001,1539.065347,645.7195306,0.0,0.305258,0.7707992000000001,2.1399796,5.408387600000001,9.209472199999999,13.564943,18.8408276,25.62928800000001,30.780946,37.6596974,41.88423460000001,46.94307740000001,47.19702340000001,45.96753140000001,40.58360560000001,36.83896920000001,32.6562482,29.7386036,27.2431944,28.1958114,28.396765,27.3058284,27.6362888,29.1729192,30.4035028,33.1823504,36.51845220000001,40.9325036,45.3962398,48.651971,52.2882396,55.9942272,58.13868320000001,60.439537,62.69075,64.9618626,67.71943320000001,71.66791319999999,78.38829799999999,89.548273,99.978323,112.757618,127.345304,140.982548,159.7336120000001,177.47421,201.725004,223.960228,243.631086,260.327162,267.4765420000001,274.6467220000001,265.262774,254.357106,233.399296,213.203598,181.33068,160.334884,140.762318,125.271478,117.607072,109.224269,104.467453,102.008909,97.988799,94.722649,92.143238,91.287615,86.34479900000002,80.42392600000002,72.39715040000002,65.10079840000002,56.59510080000001,50.01613140000001,42.02751900000001,36.2840466,28.08964692,19.43322752,10.86691892,5.65199432,1.20065632,0.0,0,0,0,0,0,0,0,0,0,0,0.0,0.0,0.0
580123>580101,765,765,WLGu,Willesden Green,Jubilee // SB,765,WLGu,Willesden Green,EntEx,Alight-Exit,1382.3164607,44.1902261,311.73331,453.536962,410.2249096,132.72370918,29.90734382,0.7498176000000001,1.3980662,2.501606900000001,3.83376094,5.59319726,7.078033300000001,9.4922413,13.5435026,18.618167,23.9353554,30.6047772,34.013615,34.8380138,32.2030178,29.4658296,25.09922,23.0962456,21.01400880000001,20.2308308,18.614229,17.8334548,16.4683802,14.8556202,13.7564402,13.4777658,13.1139632,13.6925712,15.1688026,16.6106852,17.576587,17.9186454,17.5688904,16.814405,16.2620502,15.5540814,15.3721188,15.4034142,16.4785498,17.762718,20.3437318,24.1580632,32.29967199999999,36.4988444,38.547507,40.4936698,40.0186278,36.2245472,35.8539692,37.63150520000001,37.2105594,37.736494,35.300682,32.89641,28.7339668,26.0649464,22.0595318,20.1110164,16.59730900000001,14.4241202,12.3309368,11.5112102,10.007177,9.395125,8.7523026,8.3994718,7.62161174,6.976123820000002,6.59730462,6.06067348,4.947902780000001,4.292041040000001,3.46494274,2.78593108,2.37179022,1.94730684,1.50014802,1.15017284,0.8283550999999999,0.3955789000000001,0.16250078,0.0,0.0,0.0,0,0,0,0,0,0,0,0,0,0,0.0,0.0,0.0
360101>360122,787,787,BERu,Bermondsey,EntEx,787,BERu,Bermondsey,Jubilee // NB,Enter-Board,6257.386325860001,379.3173947600001,2218.2108826,1704.4890102,1299.2406606,514.4981054,141.6302723,7.537592340000002,12.72576134,21.59058214,35.52413214000001,50.94071380000001,60.74443860000001,82.64963159999999,107.6045428,130.9567868,154.018646,182.95969,213.79546,236.270942,239.4325720000001,235.162518,221.4085,191.583488,158.089481,136.251585,118.2812138,103.0733478,89.91470780000002,80.81522080000002,75.92484280000002,72.7509232,68.46528559999999,67.25176660000001,66.2036166,66.06967780000001,62.9820198,63.0326754,62.12028840000001,62.29285640000001,60.2045572,61.74191600000001,61.93335880000001,63.73543280000001,62.53749760000001,64.7767256,67.82917479999999,73.22081800000002,76.04108599999999,83.04309520000002,88.5281192,95.791437,97.6968838,106.5738818,112.8873526,117.6169806,119.6614156,124.0158636,118.7974376,113.2458988,107.353754,98.903354,86.6964012,75.8624092,65.33831260000001,55.35362400000001,47.27285120000001,43.0747198,38.38440300000001,36.33239760000001,34.491365,31.9453766,29.4419044,29.7084506,27.2922914,25.832362,23.2184066,21.5938686,18.1090414,15.6137286,11.7040039,9.655273199999998,6.729165460000001,4.37126726,2.46669726,1.60342536,0.7330326600000001,0.0,0.0,0.0,0,0,0,0,0,0,0,0,0,0,0.0,0.0,0.0
360101>360123,787,787,BERu,Bermondsey,EntEx,787,BERu,Bermondsey,Jubilee // SB,Enter-Board,3877.8667512,182.6078678,995.0466602000001,987.0419194000001,1149.1427898,401.6178664,162.4096476,4.6061158,8.704817199999999,12.458728,16.970996,24.7677894,29.775691,37.5716186,47.75211179999999,57.9735318,67.24640040000001,74.2497338,85.635366,94.240268,100.929344,104.305402,105.9266952,96.043596,82.73077459999998,69.4444766,56.3210718,43.83608839999999,36.2322874,32.5544334,31.2492304,30.400896,30.7699104,30.8694166,32.2568288,30.90020220000001,30.8832802,30.6804318,31.5984566,32.7375412,34.6465628,35.0994268,36.9251222,36.8783842,36.5370604,38.10212840000001,41.3218588,56.4838848,71.2994568,81.50970840000001,93.2693224,106.4050352,100.5176772,99.9968392,105.730404,106.87439,102.923214,105.73204,101.603781,93.2685758,83.46008900000002,76.27309020000001,66.3576542,58.30039920000001,49.7080424,43.4259162,37.5122718,32.5160804,27.59693619999999,27.0496742,26.7285122,25.4867414,24.5999568,25.18649580000001,23.50683980000001,21.84555060000001,20.0599962,19.4053894,18.8192696,17.3482706,15.5689046,14.0445256,11.6317846,8.5027884,6.18408884,4.18419304,2.52235044,1.55909424,0.73344144,0.0,0,0,0,0,0,0,0,0,0,0,0.0,0.0,0.0
360122>360101,787,787,BERu,Bermondsey,Jubilee // NB,787,BERu,Bermondsey,EntEx,Alight-Exit,3882.91273076,304.64361616,1241.5977358,773.3609762000001,964.7434149999999,464.3192824,134.2477052,1.74348734,7.91606954,17.54657754,28.09517674,40.8992912,57.45873139999999,70.1044052,80.8798772,93.6271292,108.0242632,117.4960512,136.1754852,145.9744312,147.02725,133.08347,116.7910636,88.8127476,65.4693252,48.3682946,40.7482248,34.6201556,30.2812832,27.9803402,25.43846480000001,25.2653466,25.5663558,25.6205946,25.8427034,26.7072146,26.4818066,26.8021688,27.6237834,29.1518146,30.2052194,30.90952260000001,32.0334872,33.7260282,35.63325560000001,36.7277184,38.7299592,39.79194800000001,43.13016140000001,44.90689940000001,50.1847446,53.9080526,63.5119314,67.4846548,77.40143080000001,82.84878379999999,93.5376858,93.8084498,97.1320582,93.5017152,90.5149402,79.69914419999998,71.39456820000002,63.21032980000001,55.80493680000001,47.666386,43.31333400000001,41.1801448,37.409832,34.3808762,33.1458364,30.3923696,27.6829824,25.58153680000001,24.5507176,21.9126152,20.76738,19.3326468,17.62025580000001,14.360277,12.52072,9.80479552,7.436240520000001,4.82118712,3.26523492,1.65991892,0.7464334,0.0,0.0,0.0,0,0,0,0,0,0,0,0,0,0,0.0,0.0,0.0
360123>360101,787,787,BERu,Bermondsey,Jubilee // SB,787,BERu,Bermondsey,EntEx,Alight-Exit,6080.541944699999,169.3140284,1052.4895884,1288.0706478,1941.7785828,1103.981153,524.9079443,0.23337428,1.57492048,6.519470480000002,13.18065128,19.74444728000001,31.024007,42.7537648,54.28339279999999,67.53650400000001,80.83731,90.67233900000001,100.615476,111.398806,113.87778,111.712786,101.6362906,90.6163396,72.71354040000001,60.0051064,50.86731040000001,48.0166482,44.42395620000001,41.6010048,38.77668679999999,37.74906480000001,37.3419122,37.2269482,39.1391872,41.68854020000001,43.1951102,44.2837904,45.4894528,48.2890592,50.51212899999999,51.921637,53.8444986,56.25644860000001,56.959369,59.13202220000001,65.0437722,74.2819824,81.796614,90.8500988,100.2507148,114.1940228,120.997678,129.77899,142.284036,156.696794,169.725672,182.765104,194.794732,197.98836,194.445006,176.620182,161.488006,143.219687,127.419058,110.06641,100.172507,90.280757,83.009986,76.716303,74.425527,74.025304,74.31858000000003,74.97980000000003,75.347234,76.471861,74.91313099999998,71.96269099999998,65.99058600000001,57.59371940000001,48.9147544,38.4632116,29.1576948,22.547705,17.00574986,10.12790186,6.92292066,3.80303546,1.03298226,0.0,0,0,0,0,0,0,0,0,0,0,0.0,0.0,0.0
360301>360318,788,788,CWRu,Canada Water,EntEx,788,CWRu,Canada Water,LO East London // NB,Enter-Board,1214.8433112,45.5237147,393.6069392000001,335.4181433,284.2529268000001,116.94218602,39.09940118000001,0.0,0.5614998000000001,1.848171,3.4354527,6.5745689,8.5991421,10.9770227,13.5278575,16.0510826,18.1117582,24.002958,31.5891926,40.86518760000001,45.30304200000001,49.29654220000001,47.2672626,41.909693,32.2680888,26.5046434,20.4374882,17.8495788,15.3029654,14.1840728,14.31215100000001,14.1817158,12.9867529,12.7597253,12.9682869,13.4612533,12.7004031,13.1241244,13.6577188,14.5480528,12.9955342,13.018887,12.6382252,12.336166,12.1119362,12.6916494,13.2131524,14.5901408,15.733343,16.4633928,17.588915,21.4399598,22.125887,23.8118366,25.026796,27.4458154,26.8138766,27.3935652,25.7463786,24.6312026,22.388827,19.5479251,17.8808569,16.6922764,15.3856796,14.0013818,12.5405241,10.80460702,9.61644372,8.08010852,6.820430060000001,5.94734506,5.48289202,5.615507900000001,5.95498982,5.71385536,5.645292,5.930549060000001,5.100724980000002,4.09054078,3.94932078,3.49922378,2.29212024,1.55816744,1.01429852,0.30530824,0.0,0.0,0.0,0.0,0,0,0,0,0,0,0,0,0,0,0.0,0.0,0.0
360301>360319,788,788,CWRu,Canada Water,EntEx,788,CWRu,Canada Water,LO East London // SB,Enter-Board,686.6451065999997,27.18806572,264.23234148,189.4682424200001,114.31501158,67.13755224000002,24.30389316,0.0,0.39407392,1.87399132,2.13722546,3.16252246,4.606749400000001,6.51843228,8.49507088,13.15158994,18.89618694,23.2633766,29.13017840000001,31.0284924,30.4653256,26.48766180000001,24.7594106,20.5123228,17.2378038,14.937924,14.3620686,11.918356,9.911005200000002,9.296099000000002,8.54241546,7.571814460000001,7.416224340000001,6.650189080000001,6.619548820000001,6.943650560000001,6.954627760000001,7.65065208,8.230188340000002,8.258211680000002,7.888637600000001,7.634996920000002,7.199088520000001,6.470108720000002,6.44456654,6.59685688,7.69647696,8.15499316,8.29047442,8.571878120000001,8.557181800000002,8.438669,8.1006548,9.35686554,9.60942394,10.4256194,10.0813292,10.243339,9.6228998,9.496717,9.5282189,9.740944100000002,9.670330900000002,8.85319158,9.067752980000002,8.532250480000002,7.39597634,6.33037554,6.157640460000001,4.846662360000002,3.61256562,3.3373652,3.026281060000001,3.14423306,2.83325756,2.77290756,2.5410281,2.3303403,1.58482404,1.2673005,1.4391262,1.34677148,2.65884902,2.50239368,2.38224442,1.79752586,1.680582,0.0,0.0,0.0,0,0,0,0,0,0,0,0,0,0,0.0,0.0,0.0
360301>360322,788,788,CWRu,Canada Water,EntEx,788,CWRu,Canada Water,Jubilee // NB,Enter-Board,7896.732073520001,500.4893856,2979.201265599999,2365.4801038,1419.6548612,502.2910520000001,129.61540532,13.5237928,21.351174,32.160228,52.31260400000001,64.34051920000002,82.17930799999999,104.5799808,130.0417788,152.2540148,186.0903108,229.206162,279.566902,323.6601440000001,335.721148,332.439412,308.459174,268.6271180000001,215.895694,184.633016,162.6481700000001,145.259126,125.294554,118.707082,115.4598712,110.5750232,102.5587892,100.8555592,101.2263232,102.354924,99.056336,99.223472,97.88318100000001,95.089545,90.045647,84.784933,82.05085,81.50782700000002,78.67662800000002,78.95830800000002,87.87085280000002,90.77555100000001,90.242811,91.711587,95.311323,97.4995402,101.980417,116.348803,127.758946,140.093348,141.680812,142.406928,133.474539,122.969225,107.830775,98.825667,88.78586100000003,78.98794079999999,72.08498320000002,63.95838000000001,54.31023260000001,45.963494,38.86422520000001,32.52964960000001,27.8225222,23.1724436,21.14867120000001,21.4247978,22.0237118,21.5442036,21.6146976,20.7407964,18.3003708,14.1570074,11.80203092,8.825224059999998,6.464947864,3.417556864,2.034807464,0.6252247439999999,0.088537604,0.0,0.0,0.0,0,0,0,0,0,0,0,0,0,0,0.0,0.0,0.0
360301>360323,788,788,CWRu,Canada Water,EntEx,788,CWRu,Canada Water,Jubilee // SB,Enter-Board,3871.232544900001,223.0955346000001,980.2320273999999,1042.644183,1130.5559424,374.1285022,120.5763553,8.125620000000001,14.2033506,17.3300984,24.70148900000001,32.88806820000001,36.61079220000001,40.66648900000001,48.56962720000001,54.7558386,61.29040940000001,65.9600204,77.98584100000002,89.19199900000002,98.260977,104.862003,106.996819,99.10970999999999,87.280558,73.3270584,61.2107936,49.47138020000001,41.9451602,37.94992740000001,36.9698958,36.0156846,38.0271722,39.5383332,43.3301386,44.3242632,44.4176178,44.25228559999999,44.5331108,43.0031036,41.65032220000001,40.33134260000001,38.8742566,39.49304620000001,37.7681552,38.42179880000001,42.12879779999999,45.6415648,49.411568,58.9669456,66.178312,70.82970300000001,81.38858499999999,92.265801,99.862562,111.981012,118.0303238,117.2708458,111.0295338,102.0029758,86.19296779999998,75.49133819999999,64.21029419999999,56.16033100000001,47.85565800000001,43.0041716,38.7960448,34.807302,28.9807232,26.3408188,23.3670726,20.4327944,18.356409,18.175614,17.8515628,16.8128568,15.856162,14.6268654,13.8597044,12.0486215,11.1057499,9.5525337,7.84179798,6.0227649,4.89375708,3.19272328,2.11289208,1.7844986,0.8654276800000003,0.0,0,0,0,0,0,0,0,0,0,0,0.0,0.0,0.0
360318>360301,788,788,CWRu,Canada Water,LO East London // NB,788,CWRu,Canada Water,EntEx,Alight-Exit,688.6187307300003,13.84813507,158.89532804,170.63166402,233.2333634,85.81270502000002,26.19753518,0.0,0.12690658,0.24679694,0.415487466,0.888329826,1.782316726,3.129203846,7.259093686,13.62735716,19.7707974,23.1611421,24.04565760000001,21.8793832,17.11403940000001,11.0877598,7.6710384,6.25332606,5.21540766,4.321321660000002,4.748097599999999,4.533109099999999,4.48512394,4.3734058,4.540162,4.55026566,4.58721662,4.73996152,4.74295874,4.78688514,5.09128888,5.38050562,5.445484280000001,5.833353400000001,5.984566720000001,5.93604166,6.504472660000001,7.121856200000002,7.633185200000002,8.63835088,9.426843,11.4418708,12.5816004,15.548626,16.7245298,18.3497264,19.559156,21.1542076,20.4081898,21.25304520000001,22.5909232,21.9294658,20.9623358,19.9772822,18.7586394,15.3649714,12.9254206,10.9601478,9.897728,7.8507356,7.2244698,7.156486699999999,7.15863084,6.07219124,6.37411394,6.51743744,5.934218380000001,5.441207299999999,5.22533798,4.75784148,4.19703922,3.9968979,3.28549476,2.7676954,1.97924646,1.97975486,1.16042874,0.8326016200000002,0.6431109000000002,0.5974238400000002,0.0,0.0,0.0,0.0,0,0,0,0,0,0,0,0,0,0,0.0,0.0,0.0
360318>360322,788,788,CWRu,Canada Water,LO East London // NB,788,CWRu,Canada Water,Jubilee // NB,Alight-Interchange-Board,9449.681004600003,612.349876,3059.466466,2946.707594,2035.257702,653.4562422,142.4431244,0.0,10.79921,24.945454,48.90922000000001,73.98908200000002,115.054106,149.295204,189.3576,227.445294,268.13868,296.5161240000001,317.080204,316.722754,298.6217220000001,282.008658,254.482414,227.468254,208.621244,192.034732,170.326386,151.0043140000001,133.649786,124.530212,122.73458,116.783157,114.590435,117.333263,114.895539,113.403853,114.87703,116.88814,117.465244,116.08378,114.414512,114.418786,115.850972,112.967174,111.918675,116.949263,121.508399,125.929781,134.554383,148.43957,155.516746,164.658404,166.80619,174.740162,179.614024,186.821956,186.952992,190.788878,184.86635,176.554154,157.808392,141.541602,124.104598,105.9446932,86.13216640000002,73.3758314,62.2668166,54.80695060000001,48.45899439999999,44.9920692,42.393991,39.6622612,34.5118232,31.7695152,29.1411298,26.476905,22.8283483,22.5281331,19.7830643,16.1022321,11.71805306,9.97559882,6.07334202,3.76069982,1.88559742,1.31115046,0.0,0.0,0.0,0.0,0,0,0,0,0,0,0,0,0,0,0.0,0.0,0.0
360318>360323,788,788,CWRu,Canada Water,LO East London // NB,788,CWRu,Canada Water,Jubilee // SB,Alight-Interchange-Board,6146.5640317,424.690934,1693.476308,1301.119908,2029.613723,546.9425484000001,150.7206103,0.0,8.766693199999999,19.2498592,39.63120120000001,56.10246520000001,81.18417520000001,95.97032,123.78622,141.12873,161.94785,178.325368,198.483508,192.230374,175.8421132,157.4418232,138.6963452,108.2176792,90.9463052,79.309584,70.906628,55.51002120000001,49.2458432,43.66942220000001,45.12158680000001,43.1853408,43.8559868,45.31504620000001,45.49080720000001,44.11424460000001,46.342294,47.955634,49.81287520000001,50.18116720000001,50.1251832,47.60129379999999,49.55013780000001,49.8953746,49.14671420000001,50.02944760000001,56.87684460000001,63.49759140000001,75.603504,91.13352940000001,107.860018,124.420563,148.218489,170.714865,192.807496,207.73422,219.075858,211.392746,199.676018,177.339402,151.781136,123.624818,102.828112,77.94474600000002,64.32267200000001,56.06233460000001,49.56294560000001,44.69305760000001,44.09670720000001,39.9921722,39.48531120000001,38.0818662,34.1393868,30.1185098,28.4428392,26.2663098,23.0540124,21.669304,21.1219624,18.2566114,13.7462736,11.08820354,7.796451340000001,4.329154340000001,2.31721494,1.07511254,0.0,0.0,0.0,0.0,0,0,0,0,0,0,0,0,0,0,0.0,0.0,0.0
360319>360301,788,788,CWRu,Canada Water,LO East London // SB,788,CWRu,Canada Water,EntEx,Alight-Exit,1175.495683,43.48613540000001,202.6630678,265.1056875,401.8610130000001,190.6850794,71.69469990000003,0.0,1.5475966,2.0579061,3.4674706,6.204616400000001,8.739220800000002,8.937263600000003,12.5320613,16.3172982,18.210681,19.2732904,22.8787684,23.4462358,21.9560842,20.1636404,18.4986176,14.259238,10.9520454,8.972543199999999,7.734625200000001,7.129061460000001,7.304600400000001,7.239883120000001,7.004670920000001,6.958698320000001,7.174041260000001,7.457470420000001,8.2250519,8.8301397,9.5359651,9.9827369,10.6440218,10.8781454,10.803604,10.6391018,11.430444,11.7983202,12.1642228,12.8707856,14.1077934,15.6116058,17.57105240000001,18.869393,20.8748778,22.7420054,23.8124526,24.5380416,28.1021046,31.8795872,35.4338424,38.798347,42.629959,43.608925,41.174593,36.78325479999999,32.3579004,26.05694380000001,20.5244642,17.7057678,16.1303038,14.7059368,14.7495112,14.841993,14.05979,13.7071594,13.3262674,12.7401432,12.1367988,11.890211,11.3512796,10.6075089,9.4048008,7.746908879999999,6.20757644,4.98034418,3.528332940000001,2.58140518,1.7729973,1.08413694,0.4158254,0.12337234,0.0,0.0,0,0,0,0,0,0,0,0,0,0,0.0,0.0,0.0
360319>360322,788,788,CWRu,Canada Water,LO East London // SB,788,CWRu,Canada Water,Jubilee // NB,Alight-Interchange-Board,2351.9242007,79.8761538,624.9909968,702.4353242,582.5703396000001,278.6319372,83.4194491,0.0,1.9080372,3.6630198,7.310397200000001,11.430884,14.4835014,18.5305236,22.5497906,28.5335412,34.0338094,46.40743800000001,54.1967426,65.296527,69.287639,70.60789600000003,64.90641339999999,59.2836154,50.9856554,43.26397280000001,38.1877466,34.2326692,32.3812832,28.7473146,27.9104374,26.7516186,25.9146936,25.0367808,25.4860222,25.8245748,26.3999544,26.7802428,26.8650608,27.0015468,27.354808,27.2962938,27.777152,28.5823666,28.994111,30.015757,31.5157186,33.134663,34.407172,37.1649718,36.86011120000001,39.2183172,39.03522120000001,40.87147540000001,41.25201440000001,48.14592,48.580313,54.911213,57.222954,60.96917,55.1497822,52.4327176,44.7812416,39.3803496,30.4784076,27.5971728,25.2727812,24.2185412,21.1478036,20.4042,19.85238,19.175821,17.1610066,16.9786264,16.9648472,15.0033254,13.2452398,12.9068306,11.44387472,9.43217326,7.978945659999999,6.23572894,3.73401254,2.14817422,0.99506848,0.29607548,0.0,0.0,0.0,0.0,0,0,0,0,0,0,0,0,0,0,0.0,0.0,0.0
360319>360323,788,788,CWRu,Canada Water,LO East London // SB,788,CWRu,Canada Water,Jubilee // SB,Alight-Interchange-Board,1542.65381463,61.1926014,389.9327156,353.2812814,441.0264894000001,219.8509646,77.36976222999999,0.0,1.8598554,3.19362748,5.44581828,7.45483568,11.60774768,14.11107548,17.5196414,20.4775526,22.60237960000001,25.0376244,28.4179652,33.1530984,36.14219439999999,41.249494,43.0015364,42.6191734,37.88326180000001,32.81450719999999,26.5339282,21.2023994,16.2433776,13.3926738,12.4540082,11.8266848,11.2047604,10.8367312,11.0671278,12.2508196,12.6857088,12.4221918,13.0976548,14.249521,13.8599714,13.6359008,14.5190656,14.5640176,14.043333,14.5634776,15.857073,16.6431376,18.9755886,20.879506,22.806551,25.8299134,28.2438782,28.8543862,33.14120339999999,35.0708746,38.317438,40.7037268,45.93095220000001,44.90154099999999,45.0979842,39.36386820000001,35.5707232,27.8815694,24.5071984,20.4427334,19.17423800000001,17.7601508,17.77961,15.8943798,16.0069954,16.254231,15.3805922,14.5819695,14.1872967,12.6708601,11.5814067,11.5229303,10.6785726,9.283555,7.69910356,5.97578102,3.637381072,2.098263746,1.233797946,0.7273113859999999,0.1878817260000001,0.07291707400000001,0.0,0.0,0,0,0,0,0,0,0,0,0,0,0.0,0.0,0.0
360322>360301,788,788,CWRu,Canada Water,Jubilee // NB,788,CWRu,Canada Water,EntEx,Alight-Exit,3957.269679480001,264.28832528,982.5102170000001,942.2219247999998,1016.5850796,569.9014664,181.7626664,2.85281292,6.366105920000001,14.18581732,21.28616932000001,31.0685558,44.08776779999999,63.4480358,80.9930604,111.0162444,126.068529,135.702953,129.927876,119.3763832,91.5886312,73.5245064,56.03467440000001,44.37843820000001,35.659403,31.1021968,28.1303814,25.5338114,25.58971,24.6464958,25.3620236,27.0735302,29.5841836,29.8138124,32.6360134,35.6980564,37.692175,38.1102436,41.1497596,41.2471808,40.4408018,40.85604980000001,42.01825239999999,44.2202758,46.8446672,48.06442879999999,51.248729,52.03800640000001,52.53959260000001,53.66269820000001,56.15142700000001,58.68883980000001,62.98307580000001,71.106009,78.42551800000003,90.168048,97.54398600000002,104.31715,102.990944,100.779054,91.179036,83.3225028,75.0809162,67.1990548,60.4607448,56.52870079999999,52.384442,49.26726979999999,47.3276632,45.4540862,43.373007,41.1152838,37.9342314,35.35156780000001,33.5054148,31.1974882,28.3169754,26.6223424,23.4413728,19.3368332,16.2983434,13.2326118,9.38376896,6.701242160000001,4.33808976,2.09685736,0.7967409599999999,0.0,0.0,0.0,0,0,0,0,0,0,0,0,0,0,0.0,0.0,0.0
360322>360318,788,788,CWRu,Canada Water,Jubilee // NB,788,CWRu,Canada Water,LO East London // NB,Alight-Interchange-Board,1535.4632146,40.33748320000001,350.5330366,435.7390976,431.9770272000001,230.1286018,46.7479682,0.0,0.39553826,1.65835012,3.63389392,5.49923512,8.42325692,9.667055660000004,11.0601532,12.3446774,14.6699604,16.6514382,23.1808978,28.420906,34.61905640000001,39.6096112,42.20247200000001,40.7716088,38.1643848,32.8582962,27.0397274,23.51273620000001,20.2437608,17.2829658,16.3846472,16.5817354,15.7546778,15.6083634,17.1580896,17.7956684,17.765176,18.283802,18.6655808,18.6078706,17.79476140000001,18.343651,18.29158420000001,18.4675482,17.824439,18.2606326,18.1465518,18.1553854,17.4399132,18.7084028,20.661154,21.7840552,24.0309318,28.1658296,31.2707818,34.5438222,39.6961742,42.74610320000001,44.0755278,44.1296218,43.89714380000001,41.2875786,36.3494572,32.6722146,29.7765606,25.5957632,21.8249136,20.8467172,19.01472780000001,17.1776366,15.6438796,13.9765582,12.6340852,11.0554332,9.910112000000002,8.64545868,7.479715760000001,6.644480680000001,5.811806000000002,4.66686736,3.876813320000001,3.38799904,2.56551492,1.856837,1.27550084,0.5369746000000001,0.0,0.0,0.0,0.0,0,0,0,0,0,0,0,0,0,0,0.0,0.0,0.0
360322>360319,788,788,CWRu,Canada Water,Jubilee // NB,788,CWRu,Canada Water,LO East London // SB,Alight-Interchange-Board,6372.648153970204,230.054571270201,1918.5203172,1462.8985564,1705.4742006,832.4349991999999,223.2655093,7.940402000000002e-07,2.7538648940402,6.654278894040201,11.9057704940402,23.8343974940402,40.7788767,61.28206360000001,82.8453184,116.7101268,140.7035458,163.1757018,189.0654868,219.811818,220.117964,214.592372,195.66233,163.370016,123.60961,94.58887,77.11247600000002,71.340272,67.4094072,59.6650472,57.3960952,55.0539976,50.72260560000001,47.3409424,51.29020640000001,52.18057700000001,51.65556660000001,50.1295816,53.22344360000001,52.10916320000001,55.623946,58.57275000000001,65.450451,66.269349,70.09460940000001,69.44343300000001,73.591289,67.51674960000001,67.10967959999999,71.0720796,78.6373146,85.14293260000002,98.402896,123.625738,139.873348,154.178084,160.985994,171.34623,165.816812,160.223856,153.528784,148.036964,144.312562,129.865376,114.434424,99.6308926,86.2560272,66.1701252,58.39311000000001,52.8743966,49.962044,47.1127434,45.1239668,42.5828,40.0290934,35.412365,29.9327388,27.9343228,24.7523324,23.587482,22.2812538,20.2664353,16.4629589,11.6692093,6.354899700000002,2.9321103,1.679401,0.0,0.0,0.0,0,0,0,0,0,0,0,0,0,0,0.0,0.0,0.0
360323>360301,788,788,CWRu,Canada Water,Jubilee // SB,788,CWRu,Canada Water,EntEx,Alight-Exit,8057.770060299999,144.4261915,954.3460707999999,1668.387982,2836.473987,1657.629358000001,796.5064710000001,0.57547526,2.59759926,5.14134366,8.61716886,15.24370766,25.4828624,37.0867064,49.68132800000001,72.10518880000002,90.24807900000002,101.110737,106.008059,111.819713,101.136045,88.66431259999999,75.21462059999999,66.67014920000001,53.4029524,46.1811848,41.7850294,42.48687540000001,39.5690028,39.6716156,41.1666772,43.837854,44.23384800000001,47.34873800000001,52.02302720000001,56.29658720000001,57.95441520000001,62.0200092,65.9330922,67.913081,69.23315699999999,71.578835,73.197221,76.92885720000002,80.3738912,84.2227772,92.3636592,101.5629942,108.870463,117.741489,131.859815,148.242983,162.899778,184.655836,204.180244,235.426348,254.582044,282.0554180000001,289.194456,303.4721140000001,280.997906,263.281102,227.485758,203.868308,174.54877,158.76498,142.3284812,137.1302952,129.8633692,121.297052,122.763022,120.9853628,116.6950448,114.7353188,114.649354,111.149125,109.431336,104.298632,96.66664000000002,88.4096,73.173078,58.8060784,47.98861880000001,39.19766540000001,27.228437,18.460952,12.2207326,7.1158242,2.3597516,0.0,0,0,0,0,0,0,0,0,0,0,0.0,0.0,0.0
360323>360318,788,788,CWRu,Canada Water,Jubilee // SB,788,CWRu,Canada Water,LO East London // NB,Alight-Interchange-Board,2159.0038592,35.73581120000001,357.1138450000001,588.5305717999998,637.3048648000001,391.8752440000001,148.4435224,0.0,0.1016638,0.4391881000000001,1.16261984,4.526813840000001,7.199647440000001,9.80277904,12.50309914,15.4158318,18.6107908,21.08522720000001,26.31067180000001,31.99871340000001,37.903331,37.130701,38.87007420000001,36.74874080000001,34.6076936,29.3764808,29.0555886,26.7498708,25.5953092,22.9233218,23.3496988,21.9570714,21.5523496,20.631389,21.375403,20.75888620000001,20.8022268,21.0875206,22.4112632,22.8242384,22.6004766,22.1282294,22.5140464,22.6965114,23.4489508,24.9093546,27.5322098,29.6878694,32.352318,33.426574,35.2154826,37.97292720000001,39.61158600000001,41.4303962,47.68880100000001,50.918371,54.4822504,58.97080560000001,63.60078280000001,61.60285960000001,62.75107260000002,60.78189220000001,57.49312020000001,51.09867540000001,46.77695180000001,40.70451640000001,36.79427620000001,32.58001100000001,30.2596192,28.455656,27.9933564,25.4087118,24.634119,23.5818676,23.5874832,22.42848080000001,21.760674,20.0140978,19.77757960000001,16.7850178,15.3723552,12.8564084,9.7504266,5.401204799999999,3.3568202,0.9404572,0.0,0.0,0.0,0.0,0,0,0,0,0,0,0,0,0,0,0.0,0.0,0.0
360323>360319,788,788,CWRu,Canada Water,Jubilee // SB,788,CWRu,Canada Water,LO East London // SB,Alight-Interchange-Board,8188.395592300001,76.4924871,901.6599404000001,1841.3004456,2716.2265452,1835.772561,816.943613,0.0,0.16450788,0.4363450600000001,2.27600126,6.42929106,14.34237246,22.74172558,30.1022438,45.49243560000001,51.97286980000001,65.9339934,70.32639920000001,89.66972180000002,85.60054180000002,95.7256878,87.97434880000002,93.611878,75.1168564,75.92577159999999,64.30943620000001,65.6940522,58.68477920000001,60.24330580000001,55.14152260000001,57.70882200000001,54.1145708,54.71792380000001,58.71764680000001,63.90937680000001,65.27816480000001,65.58405479999999,68.9679008,69.5608668,70.8027696,72.51931160000002,78.1989578,81.01762980000002,87.97269179999999,91.390501,100.000876,106.3649402,113.1914502,115.8166562,125.7016742,146.5124152,158.24851,176.05493,201.579316,226.450702,233.569122,253.871896,265.433204,271.510106,267.353156,263.173556,252.469632,226.905496,219.799404,200.119526,180.382326,159.7386912,152.9808032,125.0916602,117.9139482,112.6556612,110.740466,111.457876,117.986703,119.296659,115.78209,107.74813,99.221094,96.622481,85.0494056,68.70958020000002,56.6545028,42.20152080000001,17.4531138,5.2551272,2.9499086,0.0,0.0,0.0,0,0,0,0,0,0,0,0,0,0,0.0,0.0,0.0
820301>820322,789,789,NOGu,North Greenwich,EntEx,789,NOGu,North Greenwich,Jubilee // NB,Enter-Board,17088.82375399999,1345.226945,4870.770896,4825.223386000001,3778.420382,1655.000291,614.1818539999999,40.95082100000001,66.229377,106.847035,150.232275,186.723257,217.102368,271.665242,305.47657,340.1124240000001,367.486996,410.781856,446.831894,477.275368,488.1024,497.481554,475.235226,420.770882,363.498238,316.991548,266.20251,235.830424,208.74109,198.50753,193.133578,188.763266,179.0780820000001,181.220748,180.665668,184.43359,185.451186,192.64851,198.011252,202.319496,198.014424,200.770036,199.721382,195.076206,192.804356,199.404478,201.480424,206.745912,216.044896,237.334056,249.022796,270.858538,291.082674,312.849088,323.993584,338.269108,347.721806,364.009996,354.945582,335.93838,312.6426780000001,283.618454,242.490494,212.99764,191.871556,178.861836,160.082966,144.94848,134.589234,125.176134,116.01104,105.140372,96.149711,94.83166899999999,94.339653,91.375411,91.123483,91.75614,86.940075,74.10241699999997,59.63577739999999,47.7692074,33.0548092,19.8420102,11.4368442,5.3435218,1.8021578,0.0,0.0,0.0,0,0,0,0,0,0,0,0,0,0,0.0,0.0,0.0
820301>820323,789,789,NOGu,North Greenwich,EntEx,789,NOGu,North Greenwich,Jubilee // SB,Enter-Board,7907.5930463,419.0580014000001,1233.9817584,1931.426168,2678.64121,1254.7273012,389.7586073000001,17.9154518,24.0597554,30.96647680000001,47.92505980000001,52.87760260000001,66.616342,81.30510720000002,97.3922058,105.5872438,117.6922098,123.1658058,129.378379,132.696125,122.763842,112.584468,99.63280600000002,87.66926000000002,72.96768459999998,67.9309642,61.9129702,58.07546620000001,51.9190742,50.2745656,51.49505060000001,54.02203660000001,52.51303060000001,57.2403676,60.4679556,66.27383900000001,67.33067500000001,76.283491,82.499024,85.09315000000002,82.54916800000002,84.90099599999999,85.93914000000002,86.079818,89.155214,92.886596,99.4832108,104.9775508,110.9394048,128.8339108,152.1934328,168.9986,180.553902,200.562004,217.948576,233.447208,242.205584,272.779132,273.502414,259.421668,233.100196,217.393376,178.72855,152.722616,133.43751,123.177232,113.898982,105.615564,101.9321748,99.36294600000002,98.803442,89.062298,80.89493239999999,80.4325356,75.3870684,63.20172240000001,54.49823420000001,49.98209720000001,39.670738,34.54926,30.92867820000001,28.8243044,25.6327846,21.2990741,15.5862989,11.2769407,7.7450367,4.2345691,2.3288688,0.0,0,0,0,0,0,0,0,0,0,0,0.0,0.0,0.0
820322>820301,789,789,NOGu,North Greenwich,Jubilee // NB,789,NOGu,North Greenwich,EntEx,Alight-Exit,8315.473250800002,841.5158492,2078.77157,2499.756312,1898.34921,808.5693766,188.510933,21.1773688,35.17707680000001,53.62808480000001,83.5518088,122.190694,145.832542,173.767066,206.191208,216.631854,213.6906520000001,201.8176880000001,191.671746,173.9959500000001,172.278296,162.847744,170.765698,164.060392,153.461112,134.695566,122.854872,103.8930188,95.1484888,85.20772579999999,82.6383618,84.7853218,85.65497500000002,87.82513900000002,93.541836,94.454592,93.471416,93.8334172,98.6697852,105.9820492,112.262428,115.189382,117.0793218,115.8392186,112.7679046,109.9022818,112.6432938,117.4422328,121.66384,125.72548,134.134802,137.183484,146.129976,152.007816,167.374112,169.946232,180.972782,177.2077200000001,182.986184,164.142514,156.546722,137.08702,126.764648,107.278126,98.297164,85.96292100000002,80.027397,71.16507340000003,65.60857539999999,62.05077979999999,59.05411280000001,52.5024774,48.291917,41.65568460000001,36.67514820000001,32.0622444,29.3681428,26.1801654,23.729188,20.480741,17.49517220000001,14.7675426,10.66609452,6.813530320000001,4.38004732,2.28446192,0.28360252,0.0,0.0,0.0,0,0,0,0,0,0,0,0,0,0,0.0,0.0,0.0
820323>820301,789,789,NOGu,North Greenwich,Jubilee // SB,789,NOGu,North Greenwich,EntEx,Alight-Exit,17751.20152300001,604.785266,2882.576818,4596.056265,5676.854034000002,2800.13573,1190.79341,5.2206448,14.1415128,29.7083168,53.27249079999999,86.3275988,110.733462,138.79819,166.58305,191.305698,212.234776,228.554338,251.589202,265.182668,280.221886,275.404568,278.493202,258.077976,242.687112,209.826286,188.999106,165.259861,154.990759,138.437409,129.556051,130.738079,135.978408,138.505938,147.197488,160.372878,167.773174,173.559142,179.944946,190.003884,198.892378,203.936144,208.28849,214.890476,219.191404,220.981888,230.402396,246.961266,261.7071340000001,276.1124140000001,302.374258,339.2578460000001,367.149942,388.7474100000001,419.188254,477.4838060000001,499.224912,540.8673440000001,563.957716,585.1222720000002,540.6128640000002,511.3472140000001,443.894454,399.504434,337.830546,296.551224,256.865776,236.136336,215.312608,198.07699,186.118104,179.86341,173.760196,163.407882,156.708224,152.712002,145.15234,138.432712,131.12698,124.178904,111.486398,99.64086600000002,82.35677100000002,69.45052240000001,51.9474664,38.4720928,23.0720988,14.5937358,6.086618399999999,2.0839024,0,0,0,0,0,0,0,0,0,0,0.0,0.0,0.0
120301>120322,884,884,CNTu,Canning Town,EntEx,884,CNTu,Canning Town,Jubilee // NB,Enter-Board,11443.2454966,1538.8864076,4001.054864,3129.840534,1883.433861,718.9728066,171.0570234,47.9319774,73.2622214,111.7994654,174.1848294,219.92345,262.616584,310.4339160000001,338.733964,335.6454880000001,344.1062920000001,342.9657,366.003592,378.974552,395.9973360000001,399.523582,378.670942,328.7842320000001,282.623158,239.500486,208.259504,182.271464,164.0646520000001,158.071862,154.279346,143.325552,138.993264,136.328302,134.1182,130.189932,127.310518,124.929482,125.357784,126.053986,121.184114,120.804,120.472956,117.027816,110.255502,112.623096,111.143042,109.954132,111.565972,120.246044,129.269516,136.294038,141.61554,155.42473,166.84368,173.892334,178.76508,184.655192,178.952702,164.551116,148.363176,135.15211,118.924163,101.248853,87.711955,77.4106426,68.07702259999999,60.47455360000001,56.0066284,53.79758040000001,50.50951280000001,47.1849892,42.27898980000001,38.971876,35.3002032,30.9603536,26.9151076,25.1004256,21.8594886,18.5372896,15.6656592,13.1693084,8.967609800000002,5.530209800000002,3.2044176,1.1471536,0.0,0.0,0.0,0.0,0,0,0,0,0,0,0,0,0,0,0.0,0.0,0.0
120301>120323,884,884,CNTu,Canning Town,EntEx,884,CNTu,Canning Town,Jubilee // SB,Enter-Board,3221.364210799999,172.91521226,937.7623366000001,960.4541720000001,848.8553423999999,246.824717,54.55243054000001,2.97760724,5.915765840000001,10.17403124,18.03943584,25.8225127,29.6930712,36.59634060000001,43.69644760000001,48.3693342,53.8753942,68.67065059999999,89.03280860000002,104.9293562,108.121169,109.495115,101.7408768,83.23522400000002,63.86750799999999,56.80834660000001,49.6165534,44.6052756,38.93903520000001,36.52903720000001,35.68183579999999,35.3224364,34.32068340000001,36.913838,40.15615,41.4508994,41.3472334,42.8209354,42.62864880000001,42.1510756,39.73900579999999,38.40053380000001,38.91342520000001,37.3968644,36.2010644,36.3388506,37.98620020000001,39.9438488,42.24987640000001,48.1263036,52.2911146,57.4476416,60.0467756,73.28336800000001,77.60474280000003,85.0626498,86.52433979999999,88.521301,79.152389,73.23493060000001,64.310979,56.18609300000001,47.48013220000001,40.1150882,32.498737,26.56309460000001,23.05159200000001,19.7159028,17.3268158,16.7403566,16.3390524,15.0819214,14.8369458,12.8709711,11.6842393,9.77185436,8.17514656,6.50950216,6.04822306,4.6887762,3.68505982,3.24976188,2.84044956,2.27798686,2.12684054,1.986916968,1.543340308,0.922215428,0.576354928,0.150001908,0,0,0,0,0,0,0,0,0,0,0.0,0.0,0.0
120301>120390,884,884,CNTu,Canning Town,EntEx,884,CNTu,Canning Town,DLR (City routes) // OB,Enter-Board,804.9575725799998,69.45104418,184.1571354,225.95343944,195.96819846,99.679697,29.7480581,3.32900692,5.86648452,7.37383712,8.47998766,9.85261474,9.99922254,10.98626894,13.56362174,15.7178036,17.32953340000001,19.9400112,21.0048422,20.7309954,19.3276996,17.0342074,14.007899,10.9646081,9.186791699999999,9.5908689,9.3218749,9.1084703,9.3926016,8.992280599999997,9.107585,9.779886900000001,9.8737827,9.6811395,9.7210919,9.3193295,9.3382894,9.3032896,9.315001400000002,9.3801736,9.256751,8.59542774,8.582598540000001,9.08963574,9.02532694,9.20408974,9.369633300000002,8.99377996,9.24407816,10.66706196,11.61213436,13.59938566,14.011867,14.896089,15.7878074,16.140806,16.1148248,17.4859686,18.3459246,18.700848,18.1499684,16.783469,15.95124,13.5192126,11.5985698,10.7834826,9.911062199999998,8.875679199999999,8.0008282,6.963085200000001,6.467772800000001,6.3051306,6.077799240000001,6.01493852,5.16213604,4.18934184,3.76373664,3.167213,2.79522104,2.701690860000001,2.63210078,2.58016878,2.27101054,1.91234872,1.63902636,1.21462284,0.5009486400000001,0.21550628,0.16512178,0.0,0,0,0,0,0,0,0,0,0,0,0.0,0.0,0.0
120301>120391,884,884,CNTu,Canning Town,EntEx,884,CNTu,Canning Town,DLR (City routes) // IB,Enter-Board,1560.52302276,168.6542743,634.7083547999999,398.2495272,252.299531,84.29699980000001,22.31433566000001,3.978189500000001,6.9404205,10.8434737,16.2530585,21.0732029,28.894613,37.3481794,43.32313680000001,48.69807,53.18100080000001,54.97423800000001,57.98899180000001,65.29780120000001,66.38083320000001,64.33537640000002,60.11917560000001,52.78709780000001,42.80820379999999,36.0542922,32.083274,28.4461722,23.557287,19.2424272,18.3854496,16.5130728,15.136152,15.8066614,16.9457764,15.9355096,15.5130676,15.0253748,15.2611262,14.0308392,13.365301,13.6280722,14.5075458,14.495002,14.360904,14.717233,15.6290032,16.0839778,15.8327252,17.29406,18.536787,20.1406422,20.910228,24.1106146,25.2488092,26.074344,24.684168,24.3108952,21.7285316,18.6765032,16.040619,15.8691316,14.5050444,13.158963,12.1607038,11.0945051,8.175808760000002,6.41317948,5.236529200000001,4.9294982,4.74577084,4.858019780000001,4.621480600000001,4.39125452,4.511286520000001,3.902096720000001,3.289463060000001,3.26159136,2.81040938,2.06806446,1.72299946,1.478978632,0.945755032,0.972539512,0.6848454319999999,0.519463892,0.36540838,0.29272034,0.0,0.0,0,0,0,0,0,0,0,0,0,0,0.0,0.0,0.0
120301>120392,884,884,CNTu,Canning Town,EntEx,884,CNTu,Canning Town,DLR (Stratford Int'l route) // OB,Enter-Board,697.4229496400002,40.14646614000001,157.376151,218.91349682,172.8456312,87.69660757999999,20.4445969,0.7875695800000002,2.57825678,3.299042360000001,4.621243700000001,4.948882180000001,6.37614804,7.504790240000001,10.03053326,12.55508872,14.279742,16.5377926,17.70963680000001,16.7833084,15.5158974,14.7455932,12.2516169,10.2413777,9.18468516,8.60765856,8.96375356,8.92927686,8.386005540000001,8.892179080000002,9.01843308,8.989418480000003,9.15654168,9.03269848,8.96404038,8.926861780000003,8.588373680000002,8.33480394,8.46925914,8.34285572,7.66733372,7.39164068,7.48419442,8.18332474,8.34732926,9.28257456,10.1203831,10.5961615,10.9895359,12.1628379,12.6574332,12.6022096,12.6638556,12.981867,13.3906638,15.1054276,15.4226884,15.997656,16.8453598,16.0256802,14.4007688,13.9897236,13.4197308,11.9212618,11.1287468,9.943717800000002,9.562840800000002,8.186599600000001,6.864568520000002,5.84551242,5.51110694,4.669360760000001,4.923005760000001,4.612818080000001,4.527068300000002,3.490416020000001,3.29188096,2.84337548,2.51285196,2.20203164,2.20601886,1.6544234008,1.058151896,0.712868176,0.419965976,0.036499916,0.0161126152,0.0,0.0,0.0,0,0,0,0,0,0,0,0,0,0,0.0,0.0,0.0
120301>120393,884,884,CNTu,Canning Town,EntEx,884,CNTu,Canning Town,DLR (Stratford Int'l route) // IB,Enter-Board,625.7865353999998,55.69998200000001,141.1637042,223.35010082,137.36633988,56.33484306,11.87156544,3.0009782,4.1794776,5.371783799999999,7.886457200000001,8.105601,7.8434898,9.2140798,10.0981146,9.9163118,11.8488046,13.5526946,13.779608,13.9155631,12.9630315,11.3612619,10.4601181,9.8247381,10.3887746,11.1079202,12.0448777,12.5720551,13.3795577,13.9047031,14.06147090000001,12.6178788,10.5614802,9.08017514,7.442135540000002,7.20537934,7.293369460000001,7.704950860000001,7.511575120000002,7.565860720000003,6.378017820000001,6.690812300000001,6.635684500000001,7.736192000000001,8.528155400000001,9.27507818,9.167805099999999,9.31072538,9.13844008,8.78278028,10.8058178,12.63034868,13.3793164,13.4588134,13.5377982,12.3311012,11.2398184,11.616631,11.2602448,10.512171,9.5591776,9.759093000000002,8.0818262,7.7477016,7.6861861,7.441847300000001,5.55422538,5.3712351,4.6838465,3.99511064,3.15078578,3.5523625,3.04349676,2.33825162,1.76979378,1.92036968,1.43641778,1.54428874,1.55488492,1.65549174,1.275439500000001,1.00947704,0.6896245000000001,0.48100906,0.2141728400000001,0.09038964,0.0,0.0,0.0,0.0,0,0,0,0,0,0,0,0,0,0,0.0,0.0,0.0
120322>120301,884,884,CNTu,Canning Town,Jubilee // NB,884,CNTu,Canning Town,EntEx,Alight-Exit,3731.824078539999,131.20135924,738.6692740000002,861.3344938000001,1181.7228956,624.8155236000002,194.0805323,0.7112813400000001,3.05795014,6.17293534,10.33800334,16.12254748,23.1492516,29.8968096,41.75258040000001,60.05509840000001,74.2370702,81.6357568,86.08481,83.29549540000001,72.6031514,61.240685,54.76005780000001,48.4246318,43.33621840000001,38.143489,34.8528098,30.8622844,27.1245842,24.1996158,22.8398956,22.5555372,23.3498038,24.5246596,26.0525992,26.9114352,29.5606236,30.3730934,33.3447526,34.7101534,35.704613,34.24709960000001,36.2254578,36.9524658,41.1284986,42.214098,45.300028,48.76197060000001,54.2673818,61.174035,68.94980759999999,75.24924659999999,86.37745699999999,87.767961,94.519255,98.134656,109.978604,107.226931,118.191887,112.177406,110.119,95.931917,86.048575,71.1035202,62.35512779999999,55.0718448,50.77267120000001,50.2450778,50.01530460000001,50.03554840000001,50.12073480000001,49.58881940000001,48.50098600000001,45.29875000000001,41.70713859999999,37.5876894,35.1666858,29.9739206,25.2504686,20.9468042,16.769286,11.1842914,8.19924838,5.095216379999999,2.83774178,0.8383507800000001,0.23082898,0.0,0.0,0.0,0,0,0,0,0,0,0,0,0,0,0.0,0.0,0.0
120322>120390,884,884,CNTu,Canning Town,Jubilee // NB,884,CNTu,Canning Town,DLR (City routes) // OB,Alight-Interchange-Board,4515.941012599999,500.0645688000001,1170.2969694,1201.99151,1122.1066012,416.0600035999999,105.4213596,9.772667000000002,20.090731,34.448661,53.085193,70.04461440000001,99.309398,101.1833072,112.1299972,123.2989272,120.6125112,106.876498,118.2215748,118.1383968,107.7250978,102.5948938,92.747771,86.2861498,72.30870279999998,61.6627374,59.82370880000001,61.62306280000001,53.569292,47.50708000000001,49.42632360000001,46.1460708,43.02916279999999,39.52228220000001,47.0245316,44.3806992,47.75370940000001,44.3255654,52.1856232,46.8872574,48.4244286,43.6338074,49.70698940000001,45.99636539999999,50.74948580000001,46.9106266,54.569821,47.66511300000001,55.3381988,64.599041,71.01697259999999,75.16959059999999,89.0066446,90.04940160000002,95.4264484,104.2579288,110.9196996,106.8317816,111.9871556,99.9338196,92.46697879999999,77.66809959999998,68.38905240000001,51.48411040000001,43.8927108,39.1545132,37.1884784,36.801385,35.1825064,35.0237044,32.5645876,28.7555048,27.7889186,25.3820322,22.8415518,19.05424510000001,18.0512629,13.6028565,13.8079011,10.9786048,9.96609002,7.174628599999999,6.408560540000001,3.59879494,1.99543324,0.49007712,0.29290474,0.0,0.0,0.0,0,0,0,0,0,0,0,0,0,0,0.0,0.0,0.0
120322>120391,884,884,CNTu,Canning Town,Jubilee // NB,884,CNTu,Canning Town,DLR (City routes) // IB,Alight-Interchange-Board,2201.135981600001,217.235549,660.3946716,678.6058037999999,476.830047,133.37803954,34.69187066,4.337934600000001,9.5597444,15.4077814,22.3946284,30.692301,39.9156026,43.6854714,51.24208520000001,57.57234420000001,55.23155580000001,51.11246100000001,53.7584304,54.06637560000001,50.98146360000001,54.3148904,58.15550880000001,56.38168220000001,59.28294220000001,56.5167768,53.02024060000001,47.80953400000001,41.54982460000001,30.7254798,30.7867172,29.3524336,29.10996500000001,30.22652260000001,27.6820646,25.51164660000001,22.2988408,21.952765,20.735447,24.7672942,22.66315920000001,26.0148316,24.2527614,27.2522128,24.0103974,25.3578748,22.7371076,27.07472180000001,27.4465448,31.19486119999999,38.09279620000001,39.4907816,40.0385866,44.1583012,47.50207380000001,43.0828958,48.675788,48.019219,43.8293096,36.8686166,35.374317,27.90534680000001,21.88481100000001,18.18988,16.707329,15.0393122,13.5178872,13.5657138,11.28470166,9.9440658,7.35519388,7.00853548,6.39866814,7.05518736,7.311565020000002,6.870291940000001,6.17865456,5.10206664,4.05994262,2.99064988,2.54958514,2.04854352,1.8598177,1.41693444,0.8865553800000001,0.44113412,0.28769472,0.0,0.0,0.0,0,0,0,0,0,0,0,0,0,0,0.0,0.0,0.0
120322>120392,884,884,CNTu,Canning Town,Jubilee // NB,884,CNTu,Canning Town,DLR (Stratford Int'l route) // OB,Alight-Interchange-Board,1845.0110731,55.6123558,640.0465724,534.9390718,389.5655552000001,166.6001065,58.24741139999999,2.452896200000001,2.452896200000001,2.452896200000001,2.452896200000001,0.0,1.81441,15.582404,28.403957,37.494895,49.9758216,61.93155360000001,64.6819236,71.60382159999999,75.42546360000001,72.20063060000003,66.6661034,53.88940840000001,37.3045728,28.0085704,20.8638078,16.3642904,16.116017,19.7134416,20.3525822,24.2683768,23.66165160000001,25.7454986,21.8512586,24.254846,21.0605566,24.330185,21.7801256,25.261189,21.194913,23.6805452,19.8451512,24.66465,21.8281022,21.27940700000001,19.0569254,26.5405204,21.3980724,21.75713720000001,28.9336288,35.494052,35.14171640000001,39.78113840000001,43.52459400000001,37.5386676,35.9485176,32.99749319999999,31.9147598,27.5949378,27.9699014,23.0615072,18.5982698,15.410091,13.37926172,11.22425702,9.74895662,10.59949822,10.07141442,12.0215481,13.6950658,17.89312780000001,16.95178970000001,18.4361405,17.1689556,16.8305818,11.9668462,10.42552898,6.396518179999998,5.01904416,2.83711804,1.82022624,1.17173576,1.17173576,0.60807628,0.0,0.0,0.0,0.0,0.0,0,0,0,0,0,0,0,0,0,0,0.0,0.0,0.0
120322>120393,884,884,CNTu,Canning Town,Jubilee // NB,884,CNTu,Canning Town,DLR (Stratford Int'l route) // IB,Alight-Interchange-Board,8.295056831544372,3.39636362,0.044043112,2.2178418525774,0.0,0.57676519892496,2.060043048042011,0.36108368,0.7514894599999999,0.7514894599999999,0.7514894599999999,0.39040578,0.39040578,0.0,0.0,0.0,0.0,0.0,0.0,0.0,0.0,0.0,0.0,0.0,0.0,0.0,0.044043112,0.128897696,0.1289091938284,0.2226132198284,0.2886594518284,0.2709262798284,0.1860716958284,0.1860646841354,0.1049374221354,0.04900724053540001,0.0226973005354,0.022699967211,0.0745423310756,0.0916580890756,0.0815420386756,0.1033987626756,0.10339756307608,0.06286078387608,0.03316826187608,0.03316826187608,0.01131153787608,0.0113100708,0.0,0.0,0.0,0.0,0.0,0.0,0.0,0.0,0.0,0.0,0.0,0.0,0.0,0.0,0.0,0.0,0.0,0.0,0.0,0.014221588,0.045276994,0.060881176,0.07939697799999999,0.07939718498124,0.12005602498124,0.09412158078124,0.08341367218124003,0.07143143558124,0.1615038086,0.1283026434000001,0.2674427676,0.2625466092121541,0.301661951812154,0.211589371812154,0.264781393012154,0.120520307012154,0.120520192,0.07487128400000001,0.07487128400000001,0.0,0.0,0.0,0,0,0,0,0,0,0,0,0,0,0.0,0.0,0.0
120323>120301,884,884,CNTu,Canning Town,Jubilee // SB,884,CNTu,Canning Town,EntEx,Alight-Exit,10947.85064000001,245.1938002,1247.2227716,2011.1410452,4001.719502,2278.888654,1163.684867,2.0230958,4.6131234,11.5548104,18.381115,29.697279,42.1173372,61.8376536,74.9693858,100.2177892,120.0246392,130.5016452,130.9190332,136.613714,122.01532,107.180766,95.975201,89.25773199999999,76.53164699999999,71.307537,66.6777478,65.09646740000001,59.0518096,55.092952,52.9354548,51.73060940000001,50.2153612,50.487216,53.63134140000001,57.0099666,61.78186120000001,66.96120880000001,72.25308079999999,77.341486,82.3290152,86.2556572,90.44578320000002,100.2120064,107.4641544,108.847034,114.332416,122.188144,122.5496728,138.2055548,164.722792,193.715428,224.691686,266.696498,292.2582720000001,332.6343060000001,359.173886,395.647048,405.159396,421.580544,402.001892,379.1765800000001,328.983966,300.3536180000001,261.071852,226.731216,201.014538,189.188252,174.607338,162.218688,158.03396,157.46951,153.48855,148.86045,145.850682,145.243098,140.806672,136.9774228,130.814988,124.514224,111.835951,98.170919,79.7727448,64.1027596,48.90183520000001,35.3236812,22.3616192,15.2962146,7.793752599999999,1.768985,0,0,0,0,0,0,0,0,0,0,0.0,0.0,0.0
120323>120390,884,884,CNTu,Canning Town,Jubilee // SB,884,CNTu,Canning Town,DLR (City routes) // OB,Alight-Interchange-Board,6948.495307,436.5799870000001,1441.1342676,1756.2845894,1905.935096,992.0634342000001,416.4979328,7.260215,12.125729,28.729843,48.832295,67.318487,80.21396200000002,93.741616,98.35784,111.077672,118.855958,121.199054,136.114972,154.431948,145.961824,141.9539720000001,138.686111,122.5936098,93.5360108,83.92215680000002,72.8009792,66.6902982,62.3800494,60.05493240000001,59.4556096,57.70056320000001,60.63612320000001,54.41193680000001,61.2099808,55.32776759999999,64.19303760000001,57.4957046,69.952485,64.70043299999999,75.807851,65.9986186,76.4937616,66.73727480000001,79.07273359999999,72.8252296,96.973736,94.157706,103.1265768,106.77906,124.10312,128.60467,144.361398,168.915244,171.039956,183.007744,182.299988,183.944116,166.11124,169.087996,154.504326,134.931596,119.126822,113.536936,102.504944,88.82845999999999,85.54139400000003,88.03954399999999,85.7423,80.41414879999998,78.5103368,78.06689080000002,69.60199,61.76545660000001,59.51103320000001,57.25304180000001,55.19423320000001,48.84149260000001,47.4497514,41.91424,38.7485082,30.1014268,27.9461172,23.651523,18.3539618,11.533119,9.163511,5.004646,1.3423608,0.0,0,0,0,0,0,0,0,0,0,0,0.0,0.0,0.0
120323>120391,884,884,CNTu,Canning Town,Jubilee // SB,884,CNTu,Canning Town,DLR (City routes) // IB,Alight-Interchange-Board,2251.2848687,88.80776060000001,637.6590046,624.0002618,537.3610348,242.8417780000001,120.6150289,1.964667,2.2087794,5.331510600000001,8.156306599999999,11.439673,12.0645612,22.3249748,25.317288,31.08076000000001,38.35667479999999,45.423803,46.1792242,56.3711278,60.1373466,60.6855644,62.002652,63.02556479999999,61.00629379999999,59.14336360000001,54.24662960000001,50.13211260000001,44.777479,35.28750020000001,30.9232416,28.9076292,25.820798,22.0847132,20.8632246,18.7916826,18.3596968,18.210802,19.1324662,19.87068,20.7581906,19.9194838,19.8523678,19.8513294,20.926361,18.15794480000001,21.5995008,26.2398234,28.7850684,32.83004260000001,41.9181232,43.968766,45.17234260000001,47.80564820000001,49.23214420000001,48.9670282,48.5747102,49.49213040000001,49.13184800000001,45.5200684,40.2238498,37.7252468,31.547252,27.3825398,23.6525326,21.854313,20.4469326,19.5268272,18.7718132,19.14893420000001,19.2023014,18.3697376,18.6780812,17.7967698,18.01099540000001,17.0644958,17.80454480000001,16.8942654,16.7475342,14.6022944,12.49661514,9.036356,7.01794196,4.25122114,2.28597594,1.3814108,0.81582734,0.21654598,0.0,0.0,0,0,0,0,0,0,0,0,0,0,0.0,0.0,0.0
120323>120392,884,884,CNTu,Canning Town,Jubilee // SB,884,CNTu,Canning Town,DLR (Stratford Int'l route) // OB,Alight-Interchange-Board,4789.545631800001,111.4579878,794.0471590000001,1032.859153,1803.1195498,749.262318,298.7994642,0.0,0.0,2.4977942,5.941049,9.2691618,17.547103,32.178015,44.0248648,51.866677,63.3052282,72.541618,71.302924,77.2787908,81.99457779999999,80.32243380000001,74.26338620000001,68.5778234,58.51923860000001,50.06545660000001,44.0090046,41.1348064,43.28453320000001,40.5916952,41.53265640000001,42.9949248,41.257012,38.747564,37.47391,37.165314,36.6148836,38.203522,39.10799100000001,42.260479,42.875013,43.850335,43.93273780000001,45.56788579999999,44.1219318,37.3479828,32.42215820000001,41.9957926,49.11295260000001,52.35963200000001,78.90343979999999,93.4206564,101.1096704,118.7082534,135.54099,152.61896,175.822192,188.769922,183.82748,191.019494,173.916314,155.5096928,132.8559248,120.8366138,100.3130818,84.7097938,72.0810998,61.97105420000001,50.57320500000001,40.8812926,39.1694906,38.9790618,43.79518700000001,45.89753760000001,50.0549,48.4573412,46.17465440000001,41.34285,38.472914,35.56214280000001,30.1719036,22.4298678,17.18853996,11.71343356,5.408888760000001,1.17315676,0.7037713600000001,0.0,0.0,0.0,0,0,0,0,0,0,0,0,0,0,0.0,0.0,0.0
120323>120393,884,884,CNTu,Canning Town,Jubilee // SB,884,CNTu,Canning Town,DLR (Stratford Int'l route) // IB,Alight-Interchange-Board,961.6856040999999,86.83143919999999,163.54231106,259.53064624,195.14197446,166.16431404,90.47491910000001,3.6444972,5.3617904,7.318717599999999,12.1508462,15.6167214,13.5831158,13.420627,15.7351236,16.5605542,17.733643,18.9311522,19.833258,19.7382402,15.47100932,12.56329592,11.03839652,10.02910472,7.684387719999998,7.12699788,6.83227138,7.784307780000002,6.778872819999999,5.42468832,7.625036440000001,7.531380199999999,7.657144799999998,8.37321646,10.43436256,8.97905762,11.02142836,9.91162724,11.86138394,11.33133794,13.85209128,12.26135328,16.13914239999999,15.4109745,15.9320971,12.534405,13.9297026,10.789808,10.2097829,10.0080058,13.7494389,12.2076363,11.3045679,13.4328265,13.971549,13.566832,15.740074,19.273213,19.8475854,20.9294508,18.46632712,19.39435032,17.00756212,13.8496944,13.7661322,14.01380608,10.38187096,11.25248496,13.51371348,11.59066768,13.77362928,15.7364946,16.4791024,14.9944704,16.81224760000001,14.845433,13.5549812,12.3972902,10.985807,10.3320194,9.327570800000002,7.831917300000002,5.1437083,4.434012900000001,1.3280933,0.2940857,0.0,0.0,0.0,0.0,0,0,0,0,0,0,0,0,0,0,0.0,0.0,0.0
120390>120301,884,884,CNTu,Canning Town,DLR (City routes) // OB,884,CNTu,Canning Town,EntEx,Alight-Exit,1397.87508107,23.87631733,122.0966395,286.7234924400001,528.0154296,298.5661636,138.5970386,0.082737118,0.198458258,0.6102380580000001,1.828077858,3.369771478000001,4.571251080000001,5.96277774,7.253005740000001,8.59130874,9.5963554,12.0221006,13.02554,12.84619226,11.96057596,10.90957584,9.164486840000002,8.541687840000002,8.458304100000001,8.4571468,8.523365120000001,7.81076312,7.271376040000002,7.20914512,7.11335122,6.45732576,6.77981162,7.0660993,7.479368000000001,7.839228700000001,9.16199576,10.1172305,11.3922881,11.6907518,12.2971858,12.3639072,12.6457974,12.3381352,13.699993,14.0161562,15.574653,16.3628658,19.74116960000001,22.967504,27.3273902,32.7238414,35.67993380000001,38.0418942,41.0856792,44.81217460000001,46.02248060000001,50.645867,53.2357596,52.46347340000001,47.4569626,45.1709846,40.67637860000001,35.78848,30.9480532,29.9161764,26.260213,24.1516146,22.207059,23.312635,23.5123302,22.1644104,21.1810116,20.4015848,18.7225954,16.6336561,16.2052821,16.4212935,15.1833553,13.4550795,12.8579058,12.258401,9.191911,8.20043734,7.380663739999999,4.963054340000001,2.78179234,2.07762734,0.9865792,0.0,0,0,0,0,0,0,0,0,0,0,0.0,0.0,0.0
120390>120322,884,884,CNTu,Canning Town,DLR (City routes) // OB,884,CNTu,Canning Town,Jubilee // NB,Alight-Interchange-Board,1990.01267778,78.16754288000001,409.8837572,715.6477997999999,552.5931784000002,173.3295082,60.39089130000001,1.27690498,2.65086844,5.47094664,8.35547544,11.98838172,13.45989446,16.4862518,18.4788194,22.39420980000001,25.9056058,34.13685340000001,40.66991340000001,44.12620840000001,43.79907360000001,42.47944180000001,37.2475296,31.8714828,29.09359420000001,29.2372732,28.9225712,28.2271702,27.2059412,26.0293456,23.757759,23.6335842,23.2883426,24.1527106,24.1489324,24.5502508,22.596169,23.75252200000001,23.0245126,24.3361754,24.4309978,27.0606458,26.4476008,27.6664694,29.2292962,31.4339932,35.23247379999999,41.911272,46.058421,50.8957604,56.57745379999999,57.46881880000001,57.3830882,60.0714594,60.29944399999999,57.936351,54.69409479999999,50.01436080000001,42.34553040000001,34.7179368,28.1292024,25.5928338,23.940058,21.9918834,19.8763199,19.0973651,16.5258047,13.4979129,12.2898313,12.3499322,11.4623014,12.532993,11.82559894,11.37637468,10.50319068,9.52046948,6.941050560000001,6.44847234,6.216745700000001,5.859444960000001,6.50057736,6.26580888,5.185518760000001,3.96470386,2.6277528,0.8603466000000002,0.0,0.0,0.0,0.0,0,0,0,0,0,0,0,0,0,0,0.0,0.0,0.0
120390>120323,884,884,CNTu,Canning Town,DLR (City routes) // OB,884,CNTu,Canning Town,Jubilee // SB,Alight-Interchange-Board,1322.511846326,19.025341116,155.5742219,503.44902844,486.31489616,112.61239542,45.53596329,0.136886606,0.469288666,0.7550547459999999,1.188257106,2.619325332,2.90160522,4.770044560000001,6.18487888,8.80176072,10.71435712,15.5870268,17.1528814,18.4282834,16.9767459,16.0671021,12.5038099,10.9267299,9.45650342,9.71647472,9.24254652,10.43749412,9.29756932,9.7177576,9.824079199999998,12.1491322,12.4191478,14.7036236,17.0933324,18.6988682,18.6718364,20.324347,21.4255292,21.4730452,22.9873072,23.7121238,24.4015682,25.138646,23.7982398,25.21885300000001,28.5878374,28.2475488,31.290431,36.3326208,37.4980902,38.6441222,45.2342018,48.700273,51.4493044,51.95237520000001,49.4010718,46.3094718,40.7613288,36.2659744,31.27780500000001,26.7562804,19.56268736,15.34215956,9.7499181,7.897659299999999,7.413108899999999,9.59552934,9.07952974,11.2618702,11.560863,10.5452184,7.667606899999999,7.267609960000001,5.23132202,4.58642142,4.66078462,4.597973240000001,4.49477558,4.22005312,3.9869012,4.3819599,4.21679282,3.410430814000001,3.089503814,2.335200934,0.9143900340000001,0.363964594,0.2768112,0.0,0,0,0,0,0,0,0,0,0,0,0.0,0.0,0.0
120390>120392,884,884,CNTu,Canning Town,DLR (City routes) // OB,884,CNTu,Canning Town,DLR (Stratford Int'l route) // OB,Alight-Interchange-Board,24.641081425,3.2169876,0.979126591,13.086779814,3.38733552,3.9708519,0.0,0.0,0.31150128,0.31150128,0.389309136,0.706919616,0.706919616,0.395418336,0.395418336,0.31761048,0.0,0.0,0.0,0.0,0.0,0.0,0.0,0.049465504,0.067018309,0.067018309,0.478013989,0.478013989,0.428548485,0.41099568,0.41099568,0.0,0.0,0.0,0.0,0.0,0.0,0.0,0.0,0.0,0.0,0.0,0.0,0.0,0.0,0.57317644,0.57317644,1.93771264,2.9491123,2.9491123,2.37593586,2.37593586,1.01139966,0.0,0.0,0.0,0.0,0.0,0.0,0.0,0.0,0.0,0.0,0.0,0.0,0.0,0.08734674000000002,0.08734674000000002,0.3978053000000001,0.7941703800000002,0.7941703800000002,0.7068236400000001,0.7068236400000001,0.39636508,0.0,0.0,0.0,0.0,0.0,0.0,0.0,0.0,0.0,0.0,0.0,0.0,0.0,0.0,0.0,0.0,0,0,0,0,0,0,0,0,0,0,0.0,0.0,0.0
120390>120393,884,884,CNTu,Canning Town,DLR (City routes) // OB,884,CNTu,Canning Town,DLR (Stratford Int'l route) // IB,Alight-Interchange-Board,515.6353853349794,25.7413888,115.09812452,98.63820094,204.46692924,60.91944946,10.77129237497949,0.158528388,0.390952028,0.7609441480000001,1.663941648,3.276179848,4.652989580000002,6.68799974,8.14985342,11.05705332,12.02453892,12.6379932,13.2059162,13.5815402,10.4988647,9.381962199999998,8.49771286,6.740980860000001,5.785142120000001,6.068289620000002,5.61813032,4.78209026,4.23571258,3.43628776,2.85967116,2.46847666,2.139353152,1.998810252,1.778004672,1.880901692,1.576999412,2.090644520000001,1.9974367,1.954449172,1.696512672,1.742301732,1.482146832,2.347977572,2.56569418,3.0245289,2.950704840000001,6.22336314,9.749157,14.56920526,19.08777082000001,22.8714888,20.8998318,20.3204442,19.3355272,17.78923440000001,17.1544308,19.6595548,18.1195598,15.46021026,12.51629906,11.06780846,9.27253966,8.37480166,8.97945,9.7645496,8.18719808,5.965358860000001,5.003172560000001,3.504434300000001,2.24514166,2.426237920000001,2.40679082,2.31540956,1.74690444,1.63745962,1.25157868,1.98190912,1.6387462,1.51942985794132,1.336858154796412,1.129040394995898,0.276270074995898,1.54995898e-07,7.7054578e-08,4.0199486e-08,0.0,0.0,0.0,0.0,0,0,0,0,0,0,0,0,0,0,0.0,0.0,0.0
120391>120301,884,884,CNTu,Canning Town,DLR (City routes) // IB,884,CNTu,Canning Town,EntEx,Alight-Exit,752.7372672412164,45.76118122,149.51607746,230.84904556,195.3834698,90.45115947999999,40.77633372121631,1.76733644,2.95295004,4.12743224,4.89772982,5.85887458,7.1111757,8.800168300000003,10.2455141,13.27956532,15.8850996,17.499303,17.1749512,16.697199,14.955008,12.55950874,9.21653034,8.27152774,8.39823254,7.803677859999999,7.77547412,8.054902720000001,8.152379119999999,7.38285892,7.685427000000001,7.814117200000001,8.479230600000001,8.4387586,8.712639800000002,8.52755276,8.96524216,8.62871262,8.687619419999999,8.78291402,9.26941586,8.910889359999997,9.5332513,9.7868897,10.4537223,10.8136499,11.6465818,12.1189822,12.9167572,13.1890706,13.8974804,15.0536818,16.0883712,17.2739748,17.6392358,18.3490144,18.9460416,18.1540936,16.7590234,16.4825258,15.2460334,13.4943182,11.8971558,10.8900918,10.0890826,9.258629800000001,7.739129719999998,7.94071896,7.71199126,6.89619546,6.37209166,6.40237874,6.21949416,5.65285306,5.27850226,4.964174520000001,4.91499896,4.38454178,4.31393322,3.904812820000001,3.41117682,2.86744938,2.807576660000001,2.83289298,2.336823580243263,1.886134320243263,1.436433920243263,0.7153847602432628,2.4326274e-10,0.0,0,0,0,0,0,0,0,0,0,0,0.0,0.0,0.0
120391>120322,884,884,CNTu,Canning Town,DLR (City routes) // IB,884,CNTu,Canning Town,Jubilee // NB,Alight-Interchange-Board,6680.321862200001,818.9455462000001,1705.9635096,2062.0849172,1463.9615788,499.0612710000001,130.3050394,13.6315632,32.9040872,70.90569920000002,91.8765872,127.9051244,158.84075,170.330604,152.551131,162.312051,156.869523,151.876707,149.820411,164.186792,163.468928,156.7412220000001,138.5819848,133.6749788,123.816862,107.938202,96.675848,91.9597952,81.59551319999998,70.946698,72.93590400000001,70.14465200000001,73.314854,76.81824399999998,77.371211,75.550951,77.17611500000002,77.43402180000002,76.19360379999999,77.15388879999999,81.4214228,85.0391688,86.15037799999998,86.833775,91.008279,96.180219,97.824957,104.294273,110.016436,117.034198,107.6863588,117.1287168,119.4236488,128.7545688,123.7496288,142.875126,144.398906,144.403262,128.6630452,128.2889812,111.2800124,95.2429994,79.75268340000002,74.2500102,62.3830894,55.6593422,45.77173620000001,44.4557596,43.3469976,39.2971472,34.3798712,31.906654,26.687471,21.2660552,19.6571372,17.91134000000001,18.4249414,16.68741300000001,15.8646334,14.5923574,13.625572,11.781219,9.327955,6.489556400000001,3.8794196,1.7206322,0.0,0.0,0.0,0.0,0,0,0,0,0,0,0,0,0,0,0.0,0.0,0.0
120391>120323,884,884,CNTu,Canning Town,DLR (City routes) // IB,884,CNTu,Canning Town,Jubilee // SB,Alight-Interchange-Board,3898.790239241989,151.9978864,765.6945433999998,1266.8964858,1240.2522742,357.962481,115.9865684419893,5.682141400000001,8.243521800000002,10.9088996,16.55958660000001,19.0424782,22.6829962,31.3567422,37.5215204,49.3972154,64.2745656,78.7025684,80.904368,93.55242,88.675349,79.353139,62.5254706,56.38126999999999,43.4377604,36.7533946,31.7370224,33.10953360000001,30.17938980000001,26.1813876,27.2856304,29.1096168,32.4947346,36.16255500000001,42.86526679999999,43.39973020000001,48.0271692,47.13572780000001,51.18988080000001,49.9412054,54.9803488,53.97027500000002,61.26815300000001,58.57436000000001,61.42025140000001,61.49425580000001,68.5639312,70.55810120000002,82.0644892,100.1693972,96.751095,101.461533,105.708687,114.726793,106.5704478,124.1573228,124.5839788,123.9729948,107.5357936,103.3941736,87.3168506,76.5560566,64.26764259999999,58.3594562,48.66771200000001,43.8281894,34.05975340000001,31.135042,27.9614432,22.8631286,21.3082272,20.5996982,17.70987299999999,15.4309256,16.0390322,13.6977898,14.8231202,13.2626412,12.7889538,9.905289680000003,9.54317128,8.599431480000002,9.38627608,8.305723120000001,6.727772648397869,5.017508448397868,3.365808848397869,0.5630818483978685,8.397868400000001e-09,0.0,0,0,0,0,0,0,0,0,0,0,0.0,0.0,0.0
120391>120392,884,884,CNTu,Canning Town,DLR (City routes) // IB,884,CNTu,Canning Town,DLR (Stratford Int'l route) // OB,Alight-Interchange-Board,202.838845628,12.814128198,52.3459203,64.86316005,46.64142564,21.517029496,4.657181944000001,0.259374612,0.6035003520000001,0.766824272,0.8911818659999999,1.543992894,2.774746194,2.764876034,3.209631974000001,4.067787340000002,5.62461108,6.1986136,6.3827287,6.64965704,6.1885278,4.324003599999999,2.786472000000001,2.84464776,2.37394936,2.47884638,2.42607564,2.094222252,1.997793512,1.751212682,1.595990702,1.602172422,1.92525007,1.78126001,2.1474036,1.94334206,2.24288608,2.08605994,2.24752384,1.97739812,2.35452122,2.29304422,2.47508794,2.456853,3.188063280000001,2.9182704,3.18511346,4.336960620000001,5.58797382,5.347125660000001,5.32763114,5.41633078,4.586045100000002,3.79356602,3.99850252,4.559920200000001,4.5030043,4.50627078,3.79152108,3.44257872,3.09978952,2.7729052,2.17099142,2.42022012,1.9958629,2.01124384,1.550553220000001,1.56047864,1.81384852,1.905229840000001,1.77751746,1.879629830000001,1.97232269,1.406705258,1.223417178,0.8314854180000001,0.8576775480000001,0.6732551820000001,0.6331254740000001,0.567387748,0.528602946,0.318212186,0.168507252,0.04851479200000001,0.030413398,0.0,0.0,0.0,0.0,0.0,0,0,0,0,0,0,0,0,0,0,0.0,0.0,0.0
120391>120393,884,884,CNTu,Canning Town,DLR (City routes) // IB,884,CNTu,Canning Town,DLR (Stratford Int'l route) // IB,Alight-Interchange-Board,384.57308677,40.81656854000001,72.56172001999998,145.20888199,75.95562728000002,40.67155951200001,9.358729428,0.9062476,3.1548581,3.5619285,4.14431556,5.36057342,7.74550882,7.459254120000002,8.48388242,10.38044776,10.9899471,8.992119699999998,7.696923900000002,7.551812160000001,5.834863840000001,4.28884368,3.37267014,3.58750144,3.11104008,2.53978903,4.21576119,4.30393019,5.986252690000001,5.71202883,6.388779920000001,4.82729574,5.254018780000001,3.1059841,3.73511484,3.52448976,4.32349934,3.8947567,4.46087532,4.0845636,4.79880476,4.66813536,5.6350906,7.55531706,8.4127207,7.81100152,9.34873592,10.03703902,8.676296220000001,9.05907082,9.6050802,9.761900400000002,8.9715118,8.79387486,8.32321566,8.43839266,6.383948400000001,6.007765460000001,5.06746246,4.162261200000001,3.56954392,3.486217480000001,2.98953298,3.03977026,2.7666097,2.46105822,2.09419494,2.04543472,4.46591898,4.195956099999999,3.917243,5.30222178,5.30618754,2.509898716,2.567065556,2.605216316,1.229150176,0.8902596820000002,1.047089966,0.991983076,0.8402071040000001,0.6341924280000001,0.5625436220000001,0.307339162,0.1953641120000001,0.05538378400000001,0.0,0.0,0.0,0.0,0,0,0,0,0,0,0,0,0,0,0.0,0.0,0.0
120392>120301,884,884,CNTu,Canning Town,DLR (Stratford Int'l route) // OB,884,CNTu,Canning Town,EntEx,Alight-Exit,517.9687962300001,13.61046192,53.25914863000001,183.82461714,117.07930648,111.47411698,38.72114508,0.05101200400000001,0.260868844,0.5387536640000001,0.6485132040000001,1.732216064,2.00420348,3.67744044,4.69745422,6.55734608,5.652653290000001,6.034748070000001,4.85500495,4.70142961,3.53780067,3.88882614,3.94139834,3.78964878,2.86341188,3.450253620000001,3.986627200000001,4.254268000000001,4.12166436,5.46306648,4.86045678,5.3360142,4.759928080000001,6.7137786,5.695999680000001,6.66420038,5.839110099999999,7.27063202,5.74487162,7.404713460000001,6.455954460000001,8.1488078,7.291269500000001,8.740994700000002,8.3540223,10.7284597,10.6324265,13.0022936,11.81182054,13.03836154,11.49150274,11.96435814,10.63577234,11.4938408,10.1975402,10.5863004,8.77189168,8.551664480000001,8.45393888,8.65842348,8.557197680000002,9.493223400000002,9.715155,10.0634064,9.5032968,9.7121524,9.598364,10.081643,9.02440888,10.39185048,9.50424588,10.15299908,8.18490276,8.62984968,6.626997619999999,6.98069982,4.799614439999999,5.542218759999999,4.52070442,4.4964512,3.17708326,3.18081814,1.936213152,1.691517352,0.961986632,0.681592172,0.4158090720000001,0.33643666,0.0,0.0,0,0,0,0,0,0,0,0,0,0,0.0,0.0,0.0
120392>120322,884,884,CNTu,Canning Town,DLR (Stratford Int'l route) // OB,884,CNTu,Canning Town,Jubilee // NB,Alight-Interchange-Board,735.81074465,49.48541346,150.4819446,284.82458494,158.92878248,62.21725571000001,29.87276346,0.6647724,1.43393878,3.44745378,5.74829218,8.39965218,8.6779355,11.02440112,10.08896752,8.841262120000003,7.198064240000001,10.22863172,9.69166372,13.63105172,15.57094732,17.8746732,17.3068736,15.8831966,11.26054772,11.86057332,11.13445932,10.17327732,11.12563792,15.3265874,12.9975401,14.5131927,12.8688931,12.9510785,9.44345996,9.81582686,6.55865126,7.78029806,6.62483098,8.07512442,7.62382582,9.88408902,9.60034102,11.3000789,9.75264448,13.55982628,13.42990788,15.70903008,15.52292768,20.7791428,19.4083724,20.076687,19.68546540000001,21.1699784,16.68510280000001,16.0807686,13.064965,11.5856258,9.249720300000002,8.79825678,7.197978180000002,8.33213298,7.00210124,7.310508540000002,7.086673060000002,6.802375260000002,6.345778460000001,6.755779740000001,4.998473280000002,5.004594480000002,4.440390960000001,4.05810326,2.97939965,3.40787845,3.02730057,3.16344541,3.24265951,3.6811479,4.035638280000001,3.92500486,3.43982238,3.04913292,2.4625764,1.43219748,0.8302365800000001,0.6109017400000001,0.0,0.0,0.0,0.0,0,0,0,0,0,0,0,0,0,0,0.0,0.0,0.0
120392>120390,884,884,CNTu,Canning Town,DLR (Stratford Int'l route) // OB,884,CNTu,Canning Town,DLR (City routes) // OB,Alight-Interchange-Board,480.057236436478,53.57400557,70.33866576,176.2363644,119.55202184,36.965603148,23.390575718478,0.17025314,0.36672604,0.4857887260000001,8.251340726,10.304282126,10.814919066,11.050749966,12.12994578,5.290088440000001,3.792773,4.726262520000001,5.542147780000001,5.962893680000001,6.49944392,6.46639882,6.19241028,7.18496542,6.143449919999999,5.89481892,6.64301306,5.991961880000002,4.291131480000002,5.657860980000001,4.88542116,5.473840360000001,5.48831032,6.13632892,4.53026186,5.33642718,4.05014592,4.808338480000002,4.498722280000001,6.10612224,5.39480508,6.56417194,5.81181454,6.776992140000001,7.389405040000002,10.747988,9.8101754,13.8141768,13.689251,15.1606302,13.8220812,14.8891192,12.2656884,13.0540394,12.1270968,11.885075,10.8778482,10.5041582,9.4483126,7.39289686,6.03353756,6.07143744,5.002812179999998,4.32954958,3.43060744,2.881414680000001,2.62199128,2.77396658,2.4594757,3.59647068,3.34303152,3.56643164,3.15969496,3.01486146,1.788107628,2.756588048,2.280485088,2.644542608,2.357106352,2.656798224,1.5362791852956,1.2366550932956,0.6515099332955999,1.8110871692956,1.4531112292956,1.453106668,1.36267872,1.1906274,0.0,0.0,0,0,0,0,0,0,0,0,0,0,0.0,0.0,0.0
120392>120391,884,884,CNTu,Canning Town,DLR (Stratford Int'l route) // OB,884,CNTu,Canning Town,DLR (City routes) // IB,Alight-Interchange-Board,293.40722333,13.13716377,66.48193090000001,121.81057356,51.33013708000001,28.51737312999999,12.13004489,0.16849198,0.202268126,0.493404106,0.7664762859999998,1.649217546,2.304702266,2.99625562,4.55634784,5.15565846,5.2571858,5.8072925,6.073076,5.70241688,6.0620864,5.89776332,5.30223998,5.35227778,4.079495779999998,5.14910546,6.643332540000001,6.986910480000001,6.28520818,7.223061,5.315219540000001,4.81754284,4.01586656,4.63629446,3.99184608,4.45404466,3.0069921,3.84694658,3.18410214,3.6017639,3.28377198,4.687083840000001,3.76977034,4.22877342,4.11696974,5.025338420000002,5.296841420000002,7.95939492,7.665471220000001,7.72581842,6.68554132,6.17178944,4.68921744,5.297607419999999,5.23596902,5.4097405,4.24648668,3.487792320000001,3.3280656,3.12309946,3.3700794,3.60121266,3.369077140000001,2.76148844,2.21428732,1.73517784,1.84608008,2.77200996,2.77532838,3.13851828,3.10936962,2.9921561,1.81299643,1.79608071,1.56387997,2.35686671,1.810573336,1.904688426,1.664305672,1.709192612,0.636203848,0.606300788,0.382279076,0.434841498,0.2053742580000001,0.166764222,0.150886176,0.101768268,0.0,0.0,0,0,0,0,0,0,0,0,0,0,0.0,0.0,0.0
120393>120301,884,884,CNTu,Canning Town,DLR (Stratford Int'l route) // IB,884,CNTu,Canning Town,EntEx,Alight-Exit,687.0496074012216,20.17149584,123.80642614,228.76304442,184.991472,97.5738749,31.74329410122159,0.0,1.01553488,1.29960082,1.5355824,1.9169553,3.15350058,4.0003493,7.24997256,9.61218278,12.85975228,15.0238594,14.8106484,12.780037,12.05501,9.6806585,7.608074159999998,7.17825936,7.702781160000002,7.131711299999999,7.363451799999999,7.43816674,7.573702820000001,7.513877020000002,7.734464180000002,8.29845638,8.30772592,8.86787084,8.31619172,9.09823162,8.947798820000003,9.20533608,8.843292,9.51471492,9.22221792,9.330094120000002,9.56788612,10.0183648,10.0064818,10.6820366,11.3269084,11.1417628,11.5281378,13.1700152,13.1093098,13.4631884,15.6067152,16.9179482,17.2705756,17.287351,18.2212908,16.8540512,15.19749,14.3692852,14.6690868,12.9514322,12.1830574,11.4562694,10.15112,9.6088262,9.1250602,8.69048512,8.91156132,8.60687392,7.42431112,6.757944320000001,6.488444920000001,5.59131624,4.76166214,4.39500586,4.02705606,3.9336798,3.76439874,3.44364096,3.0771225,2.3724025,1.91309904,1.73477738,1.253091460244317,0.7674714002443169,0.7674714002443169,0.2940770002443169,2.4431688e-10,0.0,0,0,0,0,0,0,0,0,0,0,0.0,0.0,0.0
120393>120322,884,884,CNTu,Canning Town,DLR (Stratford Int'l route) // IB,884,CNTu,Canning Town,Jubilee // NB,Alight-Interchange-Board,5012.860970000002,222.2972372,1411.404993,1720.2667468,1116.0045648,426.6490736,116.2383546,0.0,8.165392,8.165392,11.8048948,24.4550062,38.0046354,53.31907940000001,78.38283740000001,95.03374759999998,114.0173522,132.165923,133.023393,138.026703,145.311,140.927944,131.30828,119.5943574,102.2224734,88.20238940000002,71.57143,62.702172,63.40310860000001,62.42016600000001,59.7671948,61.7095174,60.0245134,62.8181164,62.6012844,65.4080844,64.2603212,68.15139520000001,63.6408242,67.5849488,66.21717000000001,73.92887280000002,71.3955388,76.4253556,76.1271916,83.51232159999998,86.49023879999999,87.68684280000002,89.40897800000002,92.7292,91.85339,92.6114728,100.7544856,105.1571976,108.0207444,105.5540344,104.6299536,102.0582348,93.7777868,87.09349200000003,81.79395840000002,71.90721920000001,62.64598520000001,56.8317352,48.5955924,43.727626,38.9534532,36.4426378,32.7564196,34.7490816,32.5062876,30.0622888,25.607671,25.6547622,20.7615182,20.1460022,18.4977596,16.8905412,14.3831246,12.932807,11.7340928,8.549364200000001,6.733337800000001,4.212563400000001,2.1587618,0.0,0.0,0.0,0.0,0.0,0,0,0,0,0,0,0,0,0,0,0.0,0.0,0.0
120393>120323,884,884,CNTu,Canning Town,DLR (Stratford Int'l route) // IB,884,CNTu,Canning Town,Jubilee // SB,Alight-Interchange-Board,1886.428422630001,10.7381582,300.8327974,629.4881506,726.5543246000002,179.45918998,39.35580184999999,0.0,0.0,0.0,0.1558488,0.1558488,1.147084,2.7125708,6.5668058,9.074476800000001,16.1853716,27.0368618,32.663545,37.122008,39.70921480000001,35.82764740000001,28.4036812,22.7053482,18.9727042,16.8586886,16.2732498,18.8307472,18.62524008,17.28910588,17.52444088,19.55034708,14.99665388,19.207126,19.4559496,21.5747308,19.759425,22.62869580000001,20.420045,22.9284464,20.9121396,24.264694,22.4893308,27.7495222,26.9013872,34.3025412,34.4578468,36.68475,44.03038740000001,50.0134576,54.8911402,66.22565120000002,75.438627,77.273578,78.26878540000001,69.49200440000001,64.3089564,62.25920840000001,53.6889128,50.22576280000001,47.63072680000001,45.0259312,36.7161802,31.1842214,24.8472958,24.8777026,18.66865940000001,16.3953036,13.7029925,13.7056787,10.25503218,7.94178078,6.41278254,6.704557240000002,4.76318324,4.80258782,4.34602434,5.30218158,4.551073140000002,5.71740544,4.954935760000001,4.02477744,2.51455504,2.066564766,0.507708466,0.269473286,0.269473286,0.029041486,0.0,0.0,0,0,0,0,0,0,0,0,0,0,0.0,0.0,0.0
120393>120390,884,884,CNTu,Canning Town,DLR (Stratford Int'l route) // IB,884,CNTu,Canning Town,DLR (City routes) // OB,Alight-Interchange-Board,504.3619546239109,17.58324114000001,110.69405938,208.2781905400001,114.4556084,41.28871084,12.062144323911,0.0,1.35568208,1.65338582,2.294352040000001,2.632036760000001,3.132411940000001,2.43725872,4.078113780000002,5.647515960000002,8.57741364,12.87840786,14.3095496,14.5658587,13.73168116,11.59323996,7.816685080000001,6.529300000000001,5.614510980000001,4.73974792,4.690148520000001,4.998386060000001,6.03630654,6.166977660000001,7.401971860000002,7.417654720000002,7.730922860000002,7.479887360000001,8.068797960000001,7.93956836,8.36429342,8.21603142,7.98744972,7.600389119999999,7.3776708,7.42287708,7.43082988,7.90187008,8.355277280000001,9.730225599999999,12.828379,13.2538232,12.83728432,13.23488892,12.49642732,10.76128712,10.92268792,11.9810038,11.5589878,11.6262474,10.6349686,10.6393268,9.03990652,8.42461726,7.588900160000001,6.354921360000001,4.922753660000001,4.755314620000001,4.13003548,3.76208446,3.68130582,4.03781264,3.86678728,3.67115408,3.25534746,3.14587878,2.48858658,2.42792202,2.06648162,1.93923386,1.67991426,1.75835274,1.45992916,1.3177743,1.061322012,0.8079773320000001,0.6453646120000001,0.466935332518,0.3651401647822,0.2800945527822,0.2800945527822,7.672782200000001e-06,3.7722642e-06,0.0,0,0,0,0,0,0,0,0,0,0,0.0,0.0,0.0
120393>120391,884,884,CNTu,Canning Town,DLR (Stratford Int'l route) // IB,884,CNTu,Canning Town,DLR (City routes) // IB,Alight-Interchange-Board,8.0879368,2.4222594,1.6148396,0.0,0.0,4.0508378,0.0,0.0,0.0,0.0,0.0,0.0,0.8074197999999999,0.8074197999999999,0.8074197999999999,0.8074197999999999,0.8074197999999999,0.0,0.0,0.0,0.0,0.0,0.0,0.0,0.0,0.0,0.0,0.0,0.0,0.0,0.0,0.0,0.0,0.0,0.0,0.0,0.0,0.0,0.0,0.0,0.0,0.0,0.0,0.0,0.0,0.0,0.0,0.0,0.0,0.0,0.0,0.0,0.0,0.0,0.0,0.0,0.0,0.0,0.0,0.0,0.0,0.0,0.0,0.0,0.0,0.0,0.4597274400000001,0.8101675600000001,0.8101675600000001,0.8101675600000001,0.8101675600000001,0.35044012,0.0,0.0,0.0,0.0,0.0,0.0,0.0,0.0,0.0,0.0,0.0,0.0,0.0,0.0,0.0,0.0,0.0,0.0,0,0,0,0,0,0,0,0,0,0,0.0,0.0,0.0
30701>30714,524,524,BDSu,Bond Street,Bond Street // EntEx,524,BDSu,Bond Street,Bond Street // Central // EB,Enter-Board,13237.8259975,68.5933143,585.2894718000001,3955.818688400001,5514.585616,2326.406438,787.1324690000001,0.5934305999999999,2.5631944,4.3626407,6.183938700000001,9.6802273,12.1520131,15.3333395,17.72453,21.3567464,23.185319,29.0561046,33.824303,43.15412620000001,50.8243148,59.3610076,62.7403102,66.77529559999999,64.7555476,65.5046534,64.7517434,68.76870679999999,69.8494196,76.5795656,80.63062479999998,88.4263828,95.4713708,109.549436,119.351384,130.677,138.301348,148.183442,148.222618,153.750312,162.313338,177.044722,185.724556,197.181734,209.235262,220.483716,231.483426,251.584842,272.809786,295.181592,325.0141040000001,351.92439,378.069234,416.3112880000001,459.251064,494.194442,530.9429719999999,549.5634,558.4377900000002,520.9038800000002,473.9861660000001,418.9484860000001,362.0525040000001,293.8698740000001,262.214344,236.865412,213.696432,198.610542,187.243038,176.279948,165.63542,153.416086,144.451872,145.6809,148.44257,140.88037,129.5598048,121.5562168,103.4538122,79.8507792,64.6692292,53.535515,38.98665460000001,26.4593712,16.5276542,8.3457242,3.3073376,0.0,0.0,0.0,0,0,0,0,0,0,0,0,0,0,0.0,0.0,0.0
30701>30715,524,524,BDSu,Bond Street,Bond Street // EntEx,524,BDSu,Bond Street,Bond Street // Central // WB,Enter-Board,4012.83699834,11.93907454,126.8334201,1068.6384382,1691.4198728,855.2513002,258.7548925,0.0,0.21921732,0.4819090600000001,0.633918988,1.424598188,1.923742388,3.039378468,4.216310128,5.36296354,6.496540340000001,8.404292340000001,9.236443540000002,10.92823714,11.9303746,11.8274968,11.5302772,12.1412214,12.0721114,12.357294,14.5461678,16.8342954,18.86087160000001,19.7632626,22.330614,24.3224074,25.8683002,27.3433402,30.8062982,32.9981118,34.20969700000001,37.379714,38.955719,40.19094980000001,41.5973326,46.33982300000001,47.83619200000001,50.91562200000001,55.41704120000001,62.74875,64.698913,71.513834,77.713258,86.12274000000001,93.87135119999999,102.9985664,107.7356744,118.1544944,126.9813144,136.4354152,148.883044,161.936548,168.912774,168.949996,160.384265,152.186045,137.861736,120.36061,104.628604,94.57156700000002,80.55820299999998,73.039766,67.50938640000001,62.126649,56.87662180000001,53.56199980000001,48.3185458,46.314526,47.3848214,46.19507539999999,40.7905184,36.6085222,32.632301,26.681562,21.1232246,18.12342008,15.28335702,10.25823634,5.81559334,3.15051994,1.59995946,0.4926027200000001,0.0,0.0,0,0,0,0,0,0,0,0,0,0,0.0,0.0,0.0
30701>30722,524,524,BDSu,Bond Street,Bond Street // EntEx,524,BDSu,Bond Street,Bond Street // Jubilee // NB,Enter-Board,6082.4994624,12.73913936,130.41441224,1463.7619618,2617.652876000001,1440.1374106,417.7936624000001,0.19276794,0.59544194,0.87784558,1.12507476,1.56118182,1.81035608,2.61811414,3.958357100000001,5.509225520000001,7.077855060000001,9.76574946,11.9367886,12.9412576,13.1441598,13.2209162,11.9946748,10.7195994,10.051122,11.3046292,12.7484346,15.0071002,17.5981786,22.2090618,25.1408218,29.1294934,32.31578380000001,37.0136382,39.0905248,44.55414380000001,45.92080120000001,49.65211400000001,52.77432380000001,56.21553180000001,58.33803380000001,65.80928639999999,70.8337644,75.60043,81.542652,90.67064599999999,93.14152,99.080182,107.32825,120.802682,133.992998,152.154354,167.036842,186.02795,200.250758,213.656926,227.049222,244.929102,250.915772,261.968486,254.16354,240.29401,219.205914,199.31116,168.812996,153.76363,142.724148,130.87085,116.834352,109.365369,98.12092900000002,87.71247100000002,78.6965902,78.0438822,75.88103320000002,72.79913400000002,66.489508,61.50608680000001,52.52898200000001,40.7176972,32.457623,27.366495,21.8351776,16.6530296,11.8145184,7.758377800000001,4.1001958,1.7668372,0.0,0.0,0,0,0,0,0,0,0,0,0,0,0.0,0.0,0.0
30701>30723,524,524,BDSu,Bond Street,Bond Street // EntEx,524,BDSu,Bond Street,Bond Street // Jubilee // SB,Enter-Board,13682.2090913,86.75689150000001,506.5776696,3930.1590162,5648.630218,2676.643324,833.4419720000002,6.270472799999999,8.1359898,9.921142399999999,11.18968374,10.37587674,10.25825294,13.76871334,16.83675974,21.4028768,24.5237348,27.8002872,31.5693278,37.6759908,41.1984064,48.39672600000001,51.1747446,52.7239366,53.9137702,57.25118320000001,58.94668520000001,65.29101460000001,68.97169860000001,74.409153,80.3722192,86.09015120000002,91.4729572,105.5018592,114.8558412,123.471116,130.845438,141.715824,142.189958,151.0442540000001,159.293572,177.16682,187.597088,201.840356,211.218726,229.5082,236.716594,255.639086,273.537182,304.803004,316.606904,345.992204,363.675278,407.448856,435.157916,497.4620360000001,531.200376,577.1018320000002,577.19482,557.477884,502.080492,460.9145,392.924024,340.4584160000001,300.8395040000001,278.405242,251.308798,233.036434,213.629308,207.0616,188.376538,174.640396,165.143952,164.399136,159.3440000000001,153.264712,135.305918,126.868748,108.702414,85.08306040000002,65.06130580000001,54.25878120000001,37.2608474,26.91325720000001,17.3426228,12.0407414,7.585178,3.7543858,0.0,0.0,0,0,0,0,0,0,0,0,0,0,0.0,0.0,0.0
30701>30787,524,524,BDSu,Bond Street,Bond Street // EntEx,524,BDSu,Bond Street,Bond Street // Elizabeth Line // EB,Enter-Board,10705.3617799,83.9303399,543.390654,2583.976835000001,4871.798252,1940.040815,682.2248840000001,0.52429858,2.31274018,5.613288180000001,8.18145058,12.02950818,15.0252414,19.2916434,20.9521694,23.5735272,26.044941,30.8276372,34.6717796,42.59576260000001,48.61491700000001,54.90960420000001,58.02543080000001,59.28471879999999,56.53437779999999,54.93512620000001,53.3728316,54.01135300000001,54.097773,56.6561822,59.757828,63.41539700000001,64.73145500000001,69.62020220000001,73.28771500000002,78.637045,80.62377200000002,86.90493199999999,88.18227879999999,95.4049788,97.485848,109.705234,115.424759,127.653199,132.164093,148.511701,153.1845190000001,168.69114,179.295524,206.402422,220.127484,251.450966,273.6706,331.76226,368.0487220000001,433.985624,469.957714,533.817772,523.6671,506.114328,447.693072,406.032586,325.597508,275.53398,236.588546,214.224904,185.430256,164.916198,149.252202,139.902,126.587324,118.657506,110.55352,111.013996,107.380383,103.993767,93.96199420000002,91.8175142,82.88597220000001,73.7510912,66.4967538,59.6460106,46.5329968,32.5469868,19.67629680000001,8.265984200000002,2.6495162,0.0,0.0,0.0,0,0,0,0,0,0,0,0,0,0,0.0,0.0,0.0
30701>30788,524,524,BDSu,Bond Street,Bond Street // EntEx,524,BDSu,Bond Street,Bond Street // Elizabeth Line // WB,Enter-Board,7383.114617400001,56.46566846000001,215.44117474,1838.5301764,3100.617048,1678.3754462,493.6851036,0.10784428,1.52830028,2.06593068,6.91396688,8.458092820000001,11.10388694,12.42243034,13.86521624,11.72823944,13.8662145,14.2311667,16.0754825,16.5973344,17.480601,18.3668982,19.4353116,19.3544562,21.023395,21.7117544,25.5703208,25.3592456,29.0173114,32.5400612,35.72264900000001,35.31189760000001,41.35322960000001,42.57186360000001,46.0150994,47.343229,56.45011779999999,60.066825,71.39573340000003,74.28403879999999,81.509352,83.828366,88.502087,86.04949380000002,95.54870780000002,105.9401818,119.5256118,127.6552448,141.04283,151.025174,160.471826,167.33423,177.371348,214.196812,226.248776,261.6398840000001,282.904214,324.112044,310.0605060000001,321.153012,291.3239620000001,280.146822,244.125438,222.56361,194.7758800000001,185.667032,158.344514,140.573258,126.695195,120.507525,107.179251,106.051697,100.631237,110.154132,105.2321152,101.9311432,90.03976320000002,84.0023444,62.55638199999999,53.90414580000001,38.91278964000001,29.84649304000001,17.99241256000001,10.93838496,1.83651196,1.14706212,0.57767072,0.0,0.0,0.0,0,0,0,0,0,0,0,0,0,0,0.0,0.0,0.0
30714>30510,524,524,BDSu,Bond Street,Bond Street // Central // EB,669,OXCu,Oxford Circus,Oxford Circus // Bakerloo // NB,Alight-Exit-Interchange-Enter-Board,0.0,0.0,0.0,0.0,0.0,0.0,0.0,0.0,0.0,0.0,0.0,0.0,0.0,0.0,0.0,0.0,0.0,0.0,0.0,0.0,0.0,0.0,0.0,0.0,0.0,0.0,0.0,0.0,0.0,0.0,0.0,0.0,0.0,0.0,0.0,0.0,0.0,0.0,0.0,0.0,0.0,0.0,0.0,0.0,0.0,0.0,0.0,0.0,0.0,0.0,0.0,0.0,0.0,0.0,0.0,0.0,0.0,0.0,0.0,0.0,0.0,0.0,0.0,0.0,0.0,0.0,0.0,0.0,0.0,0.0,0.0,0.0,0.0,0.0,0.0,0.0,0.0,0.0,0.0,0.0,0.0,0.0,0.0,0.0,0.0,0.0,0.0,0.0,0.0,0.0,0,0,0,0,0,0,0,0,0,0,0.0,0.0,0.0
30714>30511,524,524,BDSu,Bond Street,Bond Street // Central // EB,669,OXCu,Oxford Circus,Oxford Circus // Bakerloo // SB,Alight-Exit-Interchange-Enter-Board,0.0,0.0,0.0,0.0,0.0,0.0,0.0,0.0,0.0,0.0,0.0,0.0,0.0,0.0,0.0,0.0,0.0,0.0,0.0,0.0,0.0,0.0,0.0,0.0,0.0,0.0,0.0,0.0,0.0,0.0,0.0,0.0,0.0,0.0,0.0,0.0,0.0,0.0,0.0,0.0,0.0,0.0,0.0,0.0,0.0,0.0,0.0,0.0,0.0,0.0,0.0,0.0,0.0,0.0,0.0,0.0,0.0,0.0,0.0,0.0,0.0,0.0,0.0,0.0,0.0,0.0,0.0,0.0,0.0,0.0,0.0,0.0,0.0,0.0,0.0,0.0,0.0,0.0,0.0,0.0,0.0,0.0,0.0,0.0,0.0,0.0,0.0,0.0,0.0,0.0,0,0,0,0,0,0,0,0,0,0,0.0,0.0,0.0
30714>30514,524,524,BDSu,Bond Street,Bond Street // Central // EB,669,OXCu,Oxford Circus,Oxford Circus // Central // EB,Alight-Exit-Interchange-Enter-Board,0.0,0.0,0.0,0.0,0.0,0.0,0.0,0.0,0.0,0.0,0.0,0.0,0.0,0.0,0.0,0.0,0.0,0.0,0.0,0.0,0.0,0.0,0.0,0.0,0.0,0.0,0.0,0.0,0.0,0.0,0.0,0.0,0.0,0.0,0.0,0.0,0.0,0.0,0.0,0.0,0.0,0.0,0.0,0.0,0.0,0.0,0.0,0.0,0.0,0.0,0.0,0.0,0.0,0.0,0.0,0.0,0.0,0.0,0.0,0.0,0.0,0.0,0.0,0.0,0.0,0.0,0.0,0.0,0.0,0.0,0.0,0.0,0.0,0.0,0.0,0.0,0.0,0.0,0.0,0.0,0.0,0.0,0.0,0.0,0.0,0.0,0.0,0.0,0.0,0.0,0,0,0,0,0,0,0,0,0,0,0.0,0.0,0.0
30714>30515,524,524,BDSu,Bond Street,Bond Street // Central // EB,669,OXCu,Oxford Circus,Oxford Circus // Central // WB,Alight-Exit-Interchange-Enter-Board,0.0,0.0,0.0,0.0,0.0,0.0,0.0,0.0,0.0,0.0,0.0,0.0,0.0,0.0,0.0,0.0,0.0,0.0,0.0,0.0,0.0,0.0,0.0,0.0,0.0,0.0,0.0,0.0,0.0,0.0,0.0,0.0,0.0,0.0,0.0,0.0,0.0,0.0,0.0,0.0,0.0,0.0,0.0,0.0,0.0,0.0,0.0,0.0,0.0,0.0,0.0,0.0,0.0,0.0,0.0,0.0,0.0,0.0,0.0,0.0,0.0,0.0,0.0,0.0,0.0,0.0,0.0,0.0,0.0,0.0,0.0,0.0,0.0,0.0,0.0,0.0,0.0,0.0,0.0,0.0,0.0,0.0,0.0,0.0,0.0,0.0,0.0,0.0,0.0,0.0,0,0,0,0,0,0,0,0,0,0,0.0,0.0,0.0
30714>30532,524,524,BDSu,Bond Street,Bond Street // Central // EB,669,OXCu,Oxford Circus,Oxford Circus // Victoria // NB,Alight-Exit-Interchange-Enter-Board,0.0,0.0,0.0,0.0,0.0,0.0,0.0,0.0,0.0,0.0,0.0,0.0,0.0,0.0,0.0,0.0,0.0,0.0,0.0,0.0,0.0,0.0,0.0,0.0,0.0,0.0,0.0,0.0,0.0,0.0,0.0,0.0,0.0,0.0,0.0,0.0,0.0,0.0,0.0,0.0,0.0,0.0,0.0,0.0,0.0,0.0,0.0,0.0,0.0,0.0,0.0,0.0,0.0,0.0,0.0,0.0,0.0,0.0,0.0,0.0,0.0,0.0,0.0,0.0,0.0,0.0,0.0,0.0,0.0,0.0,0.0,0.0,0.0,0.0,0.0,0.0,0.0,0.0,0.0,0.0,0.0,0.0,0.0,0.0,0.0,0.0,0.0,0.0,0.0,0.0,0,0,0,0,0,0,0,0,0,0,0.0,0.0,0.0
30714>30533,524,524,BDSu,Bond Street,Bond Street // Central // EB,669,OXCu,Oxford Circus,Oxford Circus // Victoria // SB,Alight-Exit-Interchange-Enter-Board,0.0,0.0,0.0,0.0,0.0,0.0,0.0,0.0,0.0,0.0,0.0,0.0,0.0,0.0,0.0,0.0,0.0,0.0,0.0,0.0,0.0,0.0,0.0,0.0,0.0,0.0,0.0,0.0,0.0,0.0,0.0,0.0,0.0,0.0,0.0,0.0,0.0,0.0,0.0,0.0,0.0,0.0,0.0,0.0,0.0,0.0,0.0,0.0,0.0,0.0,0.0,0.0,0.0,0.0,0.0,0.0,0.0,0.0,0.0,0.0,0.0,0.0,0.0,0.0,0.0,0.0,0.0,0.0,0.0,0.0,0.0,0.0,0.0,0.0,0.0,0.0,0.0,0.0,0.0,0.0,0.0,0.0,0.0,0.0,0.0,0.0,0.0,0.0,0.0,0.0,0,0,0,0,0,0,0,0,0,0,0.0,0.0,0.0
30714>30701,524,524,BDSu,Bond Street,Bond Street // Central // EB,524,BDSu,Bond Street,Bond Street // EntEx,Alight-Exit,4265.075519800001,125.0246554,1437.1949446,1711.3994826,741.7894840000001,225.00390686,24.66304634,0.0,2.9211946,5.459642400000001,10.3977504,15.737989,22.689904,28.5319414,39.2862336,50.61321360000001,64.683059,80.31331,98.877978,121.982562,145.633938,154.940264,164.18601,161.263114,150.535952,128.012771,116.152773,104.70325,95.274418,83.51451300000002,80.421549,80.220309,73.57578199999999,73.0997992,72.72948819999999,74.2906452,71.72317620000003,72.2361362,70.790999,73.0542298,69.2605978,67.03760120000001,64.53724460000001,64.42477860000001,59.475157,58.85118660000001,58.10083220000001,60.08589880000001,59.87952080000001,62.10521960000001,62.0071506,63.0429436,62.62891040000001,62.6178764,63.20482239999999,65.4635578,66.81350880000001,65.6978594,66.27421439999999,63.4636816,59.15812,54.22642680000001,49.19756240000001,41.92250860000001,34.7045654,28.9853188,23.917534,20.009391,15.8070922,13.9988828,12.3938176,10.64178,8.29764246,7.6815538,6.6438202,5.545596000000002,4.572918680000001,3.99720108,3.16618252,2.65576872,1.88493038,1.17541177,0.8590016199999999,0.48193244,0.20056524,0.09496118,0.02857671,0.0,0.0,0.0,0,0,0,0,0,0,0,0,0,0,0.0,0.0,0.0
30714>30715,524,524,BDSu,Bond Street,Bond Street // Central // EB,524,BDSu,Bond Street,Bond Street // Central // WB,Alight-Interchange-Board,0.0,0.0,0.0,0.0,0.0,0.0,0.0,0.0,0.0,0.0,0.0,0.0,0.0,0.0,0.0,0.0,0.0,0.0,0.0,0.0,0.0,0.0,0.0,0.0,0.0,0.0,0.0,0.0,0.0,0.0,0.0,0.0,0.0,0.0,0.0,0.0,0.0,0.0,0.0,0.0,0.0,0.0,0.0,0.0,0.0,0.0,0.0,0.0,0.0,0.0,0.0,0.0,0.0,0.0,0.0,0.0,0.0,0.0,0.0,0.0,0.0,0.0,0.0,0.0,0.0,0.0,0.0,0.0,0.0,0.0,0.0,0.0,0.0,0.0,0.0,0.0,0.0,0.0,0.0,0.0,0.0,0.0,0.0,0.0,0.0,0.0,0.0,0.0,0.0,0.0,0,0,0,0,0,0,0,0,0,0,0.0,0.0,0.0
30714>30722,524,524,BDSu,Bond Street,Bond Street // Central // EB,524,BDSu,Bond Street,Bond Street // Jubilee // NB,Alight-Interchange-Board,1995.0571734,40.36662630000001,345.329955,526.0046520000001,676.4864486,297.6665558000001,109.2029357,0.0,1.41702166,2.3660432,3.09973866,4.84895986,6.691642460000002,8.982719000000003,12.96050146,17.898128,23.5308098,29.1107904,34.40112420000001,37.544645,38.1356174,34.98121,33.097412,28.38963600000001,24.732198,22.0073562,21.50102800000001,21.0408204,21.11619180000001,19.794546,19.02513,18.2392666,15.5562682,13.5441214,13.6359724,14.9727042,15.7692354,17.008898,17.96294480000001,18.35368960000001,17.70267680000001,18.3027778,19.597282,21.2299896,23.3804318,26.5557102,28.8565,31.253664,34.3352458,38.22347480000001,40.54711040000001,44.38250120000001,51.9560072,57.28848840000001,63.00481439999999,67.829362,70.21140720000001,65.35188120000001,61.9926432,56.8458198,51.41400360000001,45.0686576,41.14086279999999,37.017523,32.96538839999999,29.15271540000001,27.4069558,26.5210614,24.7267324,21.9886228,21.058747,20.0556996,18.8173726,18.5530976,19.40263980000001,19.1950886,17.7844418,15.8120333,14.4612901,12.1003555,9.306491900000001,7.8363823,6.05543872,3.59266572,1.71229172,1.11085432,0.23560172,0.0,0.0,0.0,0,0,0,0,0,0,0,0,0,0,0.0,0.0,0.0
30714>30723,524,524,BDSu,Bond Street,Bond Street // Central // EB,524,BDSu,Bond Street,Bond Street // Jubilee // SB,Alight-Interchange-Board,6103.482210700001,254.905682,1497.8395648,1565.747252,1836.6786212,677.3164406,270.9946500999999,0.0,7.287751999999998,14.1206186,23.288257,32.639269,48.965519,58.10852700000001,70.4957394,80.77439100000002,94.3001902,99.04605220000002,117.8793422,134.5471572,150.1329672,154.841022,164.447462,150.163056,132.9611132,114.7509264,103.9958852,93.0819932,84.6360818,76.92217059999999,72.36200440000002,68.1199962,58.085415,57.78434080000001,57.97767020000001,58.5278752,55.9192606,56.4447638,54.85528620000001,55.6565482,52.0254648,52.96140179999999,55.0097498,58.709129,58.6606296,61.8536318,65.1009898,69.196921,72.069701,80.007925,89.77830220000001,103.4442052,119.498408,131.268844,154.01908,170.0197700000001,179.399976,181.225044,192.641434,181.537556,161.300592,140.87968,121.444032,95.9290532,76.44902520000002,69.06619839999999,63.355775,58.85916379999999,51.3523714,48.22165939999999,46.5438792,43.9345034,41.4255776,41.50971980000001,40.6695142,39.45064379999999,36.95329539999999,34.511837,36.474242,33.1321736,27.01505528,23.44271808,19.45450374,10.02756174,5.317861740000001,3.80648346,1.40827426,0.0,0.0,0.0,0,0,0,0,0,0,0,0,0,0,0.0,0.0,0.0
30714>30787,524,524,BDSu,Bond Street,Bond Street // Central // EB,524,BDSu,Bond Street,Bond Street // Elizabeth Line // EB,Alight-Interchange-Board,545.9238584100001,14.144991902,94.931923848,129.01055158,216.47005806,72.68564926000002,18.68068376,0.0,0.0,0.14782821,0.62791167,2.04830933,2.099987654,4.063835654,5.157119384,4.677035924,6.015125464,9.17464674,7.83243614,10.1372102,10.71002094,8.690918060000001,8.75721826,9.37099938,5.82511338,6.99161124,6.74958812,4.26303524,3.642965020000001,4.509059220000001,3.85012362,4.544956620000002,4.835900560000002,5.05014886,4.87637896,4.4762353,4.065183380000001,4.03367322,4.02139734,4.10212684,4.1106189,4.33741834,4.42934824,4.88823458,5.06822844,5.86587092,6.789913400000001,7.928841800000002,8.40394674,10.90212588,10.01482016,9.73561096,10.12539616,15.71173816,16.99517436,25.2179332,26.6618953,32.1639965,25.02570502,20.52795608000001,14.23787328,13.83755018,6.229228860000001,8.587435740000002,9.44364068,8.03833268,6.42833148,7.03897934,5.2445038,4.74396832,4.82298044,4.83321414,4.436524960000002,4.365929400000002,4.701808280000002,4.46769156,4.2687428,3.489980040000001,2.79748174,1.905478768,1.075711848,0.178014108,0.178014108,0.178014108,0.14155468,0.0,0.0,0.0,0.0,0.0,0,0,0,0,0,0,0,0,0,0,0.0,0.0,0.0
30714>30788,524,524,BDSu,Bond Street,Bond Street // Central // EB,524,BDSu,Bond Street,Bond Street // Elizabeth Line // WB,Alight-Interchange-Board,216.9344815,3.0475056,12.6833554,74.03982716,54.66157013999999,53.64992034,18.85230286000001,0.0,0.14688493,0.160945106,0.218342602,0.396395662,0.445510512,0.7680122020000001,0.911414586,1.19275127,1.22239531,1.3167562,1.06001616,1.02480906,0.80363816,0.8392986600000001,0.93100924,0.96154096,0.98419132,1.05838528,1.28856378,1.36525698,1.72631648,2.22071346,2.439646220000001,3.03505962,3.3651153,3.11607212,2.92035004,3.09675004,2.97803486,2.82669218,3.27004856,3.28765114,3.73157614,3.38470906,3.46311684,3.14623642,3.60714232,3.04148438,3.57274554,3.51902214,3.99696488,3.46747622,3.46164622,3.13599022,3.18112998,3.26544326,4.90380132,5.206978260000001,5.327204800000001,5.385011239999999,5.52485816,4.542610099999999,4.658819019999998,4.48209554,5.04762824,5.16896736,5.23914472,5.07795474,5.55909008,5.458823880000002,4.72468868,4.13596784,4.234258240000001,3.802102740000001,3.31173248,3.43150478,3.5056848,3.773156960000001,3.36279196,3.03614878,2.49467602,2.46032896,1.37684346,1.000418468,0.7339423079999999,0.5846653279999999,0.014665308,0.014665308,0.0,0.0,0.0,0.0,0,0,0,0,0,0,0,0,0,0,0.0,0.0,0.0
30715>30510,524,524,BDSu,Bond Street,Bond Street // Central // WB,669,OXCu,Oxford Circus,Oxford Circus // Bakerloo // NB,Alight-Exit-Interchange-Enter-Board,0.0,0.0,0.0,0.0,0.0,0.0,0.0,0.0,0.0,0.0,0.0,0.0,0.0,0.0,0.0,0.0,0.0,0.0,0.0,0.0,0.0,0.0,0.0,0.0,0.0,0.0,0.0,0.0,0.0,0.0,0.0,0.0,0.0,0.0,0.0,0.0,0.0,0.0,0.0,0.0,0.0,0.0,0.0,0.0,0.0,0.0,0.0,0.0,0.0,0.0,0.0,0.0,0.0,0.0,0.0,0.0,0.0,0.0,0.0,0.0,0.0,0.0,0.0,0.0,0.0,0.0,0.0,0.0,0.0,0.0,0.0,0.0,0.0,0.0,0.0,0.0,0.0,0.0,0.0,0.0,0.0,0.0,0.0,0.0,0.0,0.0,0.0,0.0,0.0,0.0,0,0,0,0,0,0,0,0,0,0,0.0,0.0,0.0
30715>30511,524,524,BDSu,Bond Street,Bond Street // Central // WB,669,OXCu,Oxford Circus,Oxford Circus // Bakerloo // SB,Alight-Exit-Interchange-Enter-Board,0.0,0.0,0.0,0.0,0.0,0.0,0.0,0.0,0.0,0.0,0.0,0.0,0.0,0.0,0.0,0.0,0.0,0.0,0.0,0.0,0.0,0.0,0.0,0.0,0.0,0.0,0.0,0.0,0.0,0.0,0.0,0.0,0.0,0.0,0.0,0.0,0.0,0.0,0.0,0.0,0.0,0.0,0.0,0.0,0.0,0.0,0.0,0.0,0.0,0.0,0.0,0.0,0.0,0.0,0.0,0.0,0.0,0.0,0.0,0.0,0.0,0.0,0.0,0.0,0.0,0.0,0.0,0.0,0.0,0.0,0.0,0.0,0.0,0.0,0.0,0.0,0.0,0.0,0.0,0.0,0.0,0.0,0.0,0.0,0.0,0.0,0.0,0.0,0.0,0.0,0,0,0,0,0,0,0,0,0,0,0.0,0.0,0.0
30715>30514,524,524,BDSu,Bond Street,Bond Street // Central // WB,669,OXCu,Oxford Circus,Oxford Circus // Central // EB,Alight-Exit-Interchange-Enter-Board,0.0,0.0,0.0,0.0,0.0,0.0,0.0,0.0,0.0,0.0,0.0,0.0,0.0,0.0,0.0,0.0,0.0,0.0,0.0,0.0,0.0,0.0,0.0,0.0,0.0,0.0,0.0,0.0,0.0,0.0,0.0,0.0,0.0,0.0,0.0,0.0,0.0,0.0,0.0,0.0,0.0,0.0,0.0,0.0,0.0,0.0,0.0,0.0,0.0,0.0,0.0,0.0,0.0,0.0,0.0,0.0,0.0,0.0,0.0,0.0,0.0,0.0,0.0,0.0,0.0,0.0,0.0,0.0,0.0,0.0,0.0,0.0,0.0,0.0,0.0,0.0,0.0,0.0,0.0,0.0,0.0,0.0,0.0,0.0,0.0,0.0,0.0,0.0,0.0,0.0,0,0,0,0,0,0,0,0,0,0,0.0,0.0,0.0
30715>30515,524,524,BDSu,Bond Street,Bond Street // Central // WB,669,OXCu,Oxford Circus,Oxford Circus // Central // WB,Alight-Exit-Interchange-Enter-Board,0.0,0.0,0.0,0.0,0.0,0.0,0.0,0.0,0.0,0.0,0.0,0.0,0.0,0.0,0.0,0.0,0.0,0.0,0.0,0.0,0.0,0.0,0.0,0.0,0.0,0.0,0.0,0.0,0.0,0.0,0.0,0.0,0.0,0.0,0.0,0.0,0.0,0.0,0.0,0.0,0.0,0.0,0.0,0.0,0.0,0.0,0.0,0.0,0.0,0.0,0.0,0.0,0.0,0.0,0.0,0.0,0.0,0.0,0.0,0.0,0.0,0.0,0.0,0.0,0.0,0.0,0.0,0.0,0.0,0.0,0.0,0.0,0.0,0.0,0.0,0.0,0.0,0.0,0.0,0.0,0.0,0.0,0.0,0.0,0.0,0.0,0.0,0.0,0.0,0.0,0,0,0,0,0,0,0,0,0,0,0.0,0.0,0.0
30715>30532,524,524,BDSu,Bond Street,Bond Street // Central // WB,669,OXCu,Oxford Circus,Oxford Circus // Victoria // NB,Alight-Exit-Interchange-Enter-Board,0.0,0.0,0.0,0.0,0.0,0.0,0.0,0.0,0.0,0.0,0.0,0.0,0.0,0.0,0.0,0.0,0.0,0.0,0.0,0.0,0.0,0.0,0.0,0.0,0.0,0.0,0.0,0.0,0.0,0.0,0.0,0.0,0.0,0.0,0.0,0.0,0.0,0.0,0.0,0.0,0.0,0.0,0.0,0.0,0.0,0.0,0.0,0.0,0.0,0.0,0.0,0.0,0.0,0.0,0.0,0.0,0.0,0.0,0.0,0.0,0.0,0.0,0.0,0.0,0.0,0.0,0.0,0.0,0.0,0.0,0.0,0.0,0.0,0.0,0.0,0.0,0.0,0.0,0.0,0.0,0.0,0.0,0.0,0.0,0.0,0.0,0.0,0.0,0.0,0.0,0,0,0,0,0,0,0,0,0,0,0.0,0.0,0.0
30715>30533,524,524,BDSu,Bond Street,Bond Street // Central // WB,669,OXCu,Oxford Circus,Oxford Circus // Victoria // SB,Alight-Exit-Interchange-Enter-Board,0.0,0.0,0.0,0.0,0.0,0.0,0.0,0.0,0.0,0.0,0.0,0.0,0.0,0.0,0.0,0.0,0.0,0.0,0.0,0.0,0.0,0.0,0.0,0.0,0.0,0.0,0.0,0.0,0.0,0.0,0.0,0.0,0.0,0.0,0.0,0.0,0.0,0.0,0.0,0.0,0.0,0.0,0.0,0.0,0.0,0.0,0.0,0.0,0.0,0.0,0.0,0.0,0.0,0.0,0.0,0.0,0.0,0.0,0.0,0.0,0.0,0.0,0.0,0.0,0.0,0.0,0.0,0.0,0.0,0.0,0.0,0.0,0.0,0.0,0.0,0.0,0.0,0.0,0.0,0.0,0.0,0.0,0.0,0.0,0.0,0.0,0.0,0.0,0.0,0.0,0,0,0,0,0,0,0,0,0,0,0.0,0.0,0.0
30715>30701,524,524,BDSu,Bond Street,Bond Street // Central // WB,524,BDSu,Bond Street,Bond Street // EntEx,Alight-Exit,13583.8304264,470.953262,4076.180335,5316.962892,2686.810352,853.0998274000001,179.8237580000001,0.0,1.9634368,10.0786628,24.6053128,46.01079979999999,82.4266238,126.529411,179.339015,226.126545,278.09845,310.7041400000001,335.497356,361.4028980000001,414.2143640000001,409.823672,406.546446,394.62356,366.540398,301.952312,270.650194,249.821046,235.892988,216.22508,206.94564,211.462182,206.90248,204.290322,211.596616,217.338304,218.984626,222.603644,225.860758,226.44769,226.908698,223.497178,221.749052,220.607218,216.979426,213.475498,220.352512,224.695836,229.273876,232.879784,232.1724380000001,230.2517,228.978262,221.860324,223.970428,226.423888,234.504738,237.523772,239.625826,235.819436,227.197864,203.957672,176.696442,152.88076,124.157456,102.140148,84.950649,74.87754100000002,63.4246996,54.15980960000001,46.93240480000001,39.890025,37.144477,36.56072039999999,35.98113700000001,35.6540818,34.7167602,29.39529760000001,24.1042792,18.5753656,13.1631668,8.992289000000003,6.528721599999999,3.77055028,2.61288328,1.51542008,0.6226382800000001,0.17230428,0.0,0.0,0,0,0,0,0,0,0,0,0,0,0.0,0.0,0.0
30715>30714,524,524,BDSu,Bond Street,Bond Street // Central // WB,524,BDSu,Bond Street,Bond Street // Central // EB,Alight-Interchange-Board,0.0,0.0,0.0,0.0,0.0,0.0,0.0,0.0,0.0,0.0,0.0,0.0,0.0,0.0,0.0,0.0,0.0,0.0,0.0,0.0,0.0,0.0,0.0,0.0,0.0,0.0,0.0,0.0,0.0,0.0,0.0,0.0,0.0,0.0,0.0,0.0,0.0,0.0,0.0,0.0,0.0,0.0,0.0,0.0,0.0,0.0,0.0,0.0,0.0,0.0,0.0,0.0,0.0,0.0,0.0,0.0,0.0,0.0,0.0,0.0,0.0,0.0,0.0,0.0,0.0,0.0,0.0,0.0,0.0,0.0,0.0,0.0,0.0,0.0,0.0,0.0,0.0,0.0,0.0,0.0,0.0,0.0,0.0,0.0,0.0,0.0,0.0,0.0,0.0,0.0,0,0,0,0,0,0,0,0,0,0,0.0,0.0,0.0
30715>30722,524,524,BDSu,Bond Street,Bond Street // Central // WB,524,BDSu,Bond Street,Bond Street // Jubilee // NB,Alight-Interchange-Board,6210.6826863,122.7207568,472.6508320000001,1100.1990302,2438.763040000001,1481.8305284,594.5184988999999,0.0,1.0121306,2.8427636,8.707671000000001,13.5620682,23.8689172,32.4754506,40.2517556,43.1740542,47.9556158,46.12889380000001,45.67120980000001,46.55632180000001,46.66726180000001,41.27521860000001,39.0947784,35.3129404,29.30197860000001,25.6611042,25.8514546,24.2575936,23.6348588,24.1732906,24.8039084,25.9747396,26.523512,26.9953568,28.4508288,28.8887482,30.2288658,32.1968446,35.0941086,37.5494326,40.1634828,41.53914279999999,45.1866662,47.1400054,48.5382218,55.1876548,68.7359252,77.13429479999998,84.51577359999999,106.2336132,117.0521612,130.517574,144.905124,168.582552,187.275324,202.490396,220.9034380000001,240.095142,250.76839,243.36111,239.257534,216.793922,193.812534,167.0055692,149.1508012,137.5463612,131.4989052,123.0352252,118.088431,114.572079,110.588695,105.621863,105.1209358,108.8331488,110.7685138,109.3391118,103.2724158,92.190901,76.85690699999998,61.7700074,45.8518674,35.40682940000001,27.8214364,20.14970466,11.34049526,6.75652526,2.99855926,0.7637382600000001,0.0,0.0,0,0,0,0,0,0,0,0,0,0,0.0,0.0,0.0
30715>30723,524,524,BDSu,Bond Street,Bond Street // Central // WB,524,BDSu,Bond Street,Bond Street // Jubilee // SB,Alight-Interchange-Board,900.6807953399999,17.597820822,32.561130818,294.9488088,319.1979096000001,142.11664656,94.25847874,0.0,0.020508732,1.289852932,1.360361652,3.886481052,3.993289872,4.125882906,2.921443676,2.984201336,0.9196236760000004,0.9389086960000002,0.95777433,1.66233296,2.26151134,2.96667188,3.86883544,4.04251618,3.74997104,3.98098008,4.22780386,5.31201386,5.675051080000001,6.365467560000001,7.26027336,7.749442,7.826158199999999,9.07081564,10.2808917,10.9529809,11.1498386,11.9849826,13.1294928,13.7153436,14.5433798,15.937738,15.7171715,15.9337755,16.7561533,16.6498439,16.5484145,14.8092584,14.1357952,14.9344452,18.5100816,19.7770216,21.76112100000001,24.4770172,28.933593,24.8198548,25.7871656,29.6633192,30.7562692,27.2857594,29.66600940000001,28.21511020000001,28.05566900000001,28.11544060000001,23.70109554,19.55482344000001,16.66463264,11.2990437,6.285981420000001,6.24771198,6.537705360000001,6.23664176,5.79576642,5.4577799,6.2200238,6.204029820000001,6.35507954,7.95433622,13.03754582,13.47478342,12.64134222,12.9120896,10.86907796,4.91451256,2.59728996,2.20878006,0.8024045599999999,0.287207,0.0,0.0,0,0,0,0,0,0,0,0,0,0,0.0,0.0,0.0
30715>30787,524,524,BDSu,Bond Street,Bond Street // Central // WB,524,BDSu,Bond Street,Bond Street // Elizabeth Line // EB,Alight-Interchange-Board,8.1970460079,0.029029278324,0.037943715976,1.1820184992,6.0836503298,0.7661920056,0.09821217900000001,0.0,0.0,9.0400732e-06,9.0400732e-06,0.0039425844732,0.0083197386732,0.008377160047199999,0.008371714983999998,0.008371714983999998,0.004438170584,0.004481392384,0.00442397101,0.004420376,0.004420376,0.0044256865228,5.3105228e-06,5.3105228e-06,5.3105228e-06,0.0014757037228,0.0014703932,0.0014703932,0.0014703932,0.0014703932,0.0,0.0,0.0,0.0,0.0,0.0,0.0,0.0,0.0,0.0,0.0,0.0,0.0,0.0,0.0,0.0,0.11489334,0.20012876,0.20012876,0.32776572,0.3346907396000001,0.2651310316,0.2281210776000001,0.4309579576,0.3997297216,0.577798172,0.53246454,0.5651593,0.57132496,0.660469316,0.55202686,0.6883866,0.6120807934,0.4030782534,0.2175251734,0.1409741594,0.004614419400000001,0.0,0.0,0.0,0.0,0.0,0.0,0.0,0.0,0.0,0.0,0.0,0.0,0.0082624294,0.0196424358,0.0196424358,0.0196424358,0.0196424358,0.0113800064,0.0,0.0,0.0,0.0,0.0,0,0,0,0,0,0,0,0,0,0,0.0,0.0,0.0
30715>30788,524,524,BDSu,Bond Street,Bond Street // Central // WB,524,BDSu,Bond Street,Bond Street // Elizabeth Line // WB,Alight-Interchange-Board,858.4982778299998,25.7101427,61.65336564000001,215.95953036,350.8926436,168.15538954,36.12720599,0.0,1.3184194,2.11407336,3.38436616,3.97557014,5.13877328,5.05049868,4.72844168,6.16881588,6.528782640000001,6.004600460000002,6.16290666,6.615651620000001,4.89864622,4.165206980000002,4.596079580000001,3.651733060000001,4.42671354,3.8623459,4.5718831,4.105752539999999,4.43045966,4.66885566,5.35016838,5.223093560000001,5.60079856,5.825085220000001,5.35484228,5.24461268,6.049812,6.61160868,7.04656682,7.10694746,7.3974789,7.4461075,8.04136642,8.32845802,8.38595362,11.3287101,14.2125061,15.2972245,19.5547941,20.8589034,22.4894242,24.760957,26.40199800000001,27.8375308,31.86100900000001,33.7489266,29.5361106,31.5438812,32.9050324,30.22015500000001,26.9629318,29.13352260000001,25.9805886,20.7630578,20.4212516,17.8368964,16.6238226,15.5546556,15.351585,13.03461894,12.67716314,11.00451314,9.84851206,7.777197140000001,7.262116120000003,7.369474520000002,5.79034136,4.721311500000001,3.84182184,4.548308820000001,2.95350298,2.655663184,2.252504586,1.854508966,0.091813466,0.026191706,0.021763062,0.0,0.0,0.0,0,0,0,0,0,0,0,0,0,0,0.0,0.0,0.0
30722>30510,524,524,BDSu,Bond Street,Bond Street // Jubilee // NB,669,OXCu,Oxford Circus,Oxford Circus // Bakerloo // NB,Alight-Exit-Interchange-Enter-Board,0.0,0.0,0.0,0.0,0.0,0.0,0.0,0.0,0.0,0.0,0.0,0.0,0.0,0.0,0.0,0.0,0.0,0.0,0.0,0.0,0.0,0.0,0.0,0.0,0.0,0.0,0.0,0.0,0.0,0.0,0.0,0.0,0.0,0.0,0.0,0.0,0.0,0.0,0.0,0.0,0.0,0.0,0.0,0.0,0.0,0.0,0.0,0.0,0.0,0.0,0.0,0.0,0.0,0.0,0.0,0.0,0.0,0.0,0.0,0.0,0.0,0.0,0.0,0.0,0.0,0.0,0.0,0.0,0.0,0.0,0.0,0.0,0.0,0.0,0.0,0.0,0.0,0.0,0.0,0.0,0.0,0.0,0.0,0.0,0.0,0.0,0.0,0.0,0.0,0.0,0,0,0,0,0,0,0,0,0,0,0.0,0.0,0.0
30722>30511,524,524,BDSu,Bond Street,Bond Street // Jubilee // NB,669,OXCu,Oxford Circus,Oxford Circus // Bakerloo // SB,Alight-Exit-Interchange-Enter-Board,0.0,0.0,0.0,0.0,0.0,0.0,0.0,0.0,0.0,0.0,0.0,0.0,0.0,0.0,0.0,0.0,0.0,0.0,0.0,0.0,0.0,0.0,0.0,0.0,0.0,0.0,0.0,0.0,0.0,0.0,0.0,0.0,0.0,0.0,0.0,0.0,0.0,0.0,0.0,0.0,0.0,0.0,0.0,0.0,0.0,0.0,0.0,0.0,0.0,0.0,0.0,0.0,0.0,0.0,0.0,0.0,0.0,0.0,0.0,0.0,0.0,0.0,0.0,0.0,0.0,0.0,0.0,0.0,0.0,0.0,0.0,0.0,0.0,0.0,0.0,0.0,0.0,0.0,0.0,0.0,0.0,0.0,0.0,0.0,0.0,0.0,0.0,0.0,0.0,0.0,0,0,0,0,0,0,0,0,0,0,0.0,0.0,0.0
30722>30514,524,524,BDSu,Bond Street,Bond Street // Jubilee // NB,669,OXCu,Oxford Circus,Oxford Circus // Central // EB,Alight-Exit-Interchange-Enter-Board,0.0,0.0,0.0,0.0,0.0,0.0,0.0,0.0,0.0,0.0,0.0,0.0,0.0,0.0,0.0,0.0,0.0,0.0,0.0,0.0,0.0,0.0,0.0,0.0,0.0,0.0,0.0,0.0,0.0,0.0,0.0,0.0,0.0,0.0,0.0,0.0,0.0,0.0,0.0,0.0,0.0,0.0,0.0,0.0,0.0,0.0,0.0,0.0,0.0,0.0,0.0,0.0,0.0,0.0,0.0,0.0,0.0,0.0,0.0,0.0,0.0,0.0,0.0,0.0,0.0,0.0,0.0,0.0,0.0,0.0,0.0,0.0,0.0,0.0,0.0,0.0,0.0,0.0,0.0,0.0,0.0,0.0,0.0,0.0,0.0,0.0,0.0,0.0,0.0,0.0,0,0,0,0,0,0,0,0,0,0,0.0,0.0,0.0
30722>30515,524,524,BDSu,Bond Street,Bond Street // Jubilee // NB,669,OXCu,Oxford Circus,Oxford Circus // Central // WB,Alight-Exit-Interchange-Enter-Board,0.0,0.0,0.0,0.0,0.0,0.0,0.0,0.0,0.0,0.0,0.0,0.0,0.0,0.0,0.0,0.0,0.0,0.0,0.0,0.0,0.0,0.0,0.0,0.0,0.0,0.0,0.0,0.0,0.0,0.0,0.0,0.0,0.0,0.0,0.0,0.0,0.0,0.0,0.0,0.0,0.0,0.0,0.0,0.0,0.0,0.0,0.0,0.0,0.0,0.0,0.0,0.0,0.0,0.0,0.0,0.0,0.0,0.0,0.0,0.0,0.0,0.0,0.0,0.0,0.0,0.0,0.0,0.0,0.0,0.0,0.0,0.0,0.0,0.0,0.0,0.0,0.0,0.0,0.0,0.0,0.0,0.0,0.0,0.0,0.0,0.0,0.0,0.0,0.0,0.0,0,0,0,0,0,0,0,0,0,0,0.0,0.0,0.0
30722>30532,524,524,BDSu,Bond Street,Bond Street // Jubilee // NB,669,OXCu,Oxford Circus,Oxford Circus // Victoria // NB,Alight-Exit-Interchange-Enter-Board,0.0,0.0,0.0,0.0,0.0,0.0,0.0,0.0,0.0,0.0,0.0,0.0,0.0,0.0,0.0,0.0,0.0,0.0,0.0,0.0,0.0,0.0,0.0,0.0,0.0,0.0,0.0,0.0,0.0,0.0,0.0,0.0,0.0,0.0,0.0,0.0,0.0,0.0,0.0,0.0,0.0,0.0,0.0,0.0,0.0,0.0,0.0,0.0,0.0,0.0,0.0,0.0,0.0,0.0,0.0,0.0,0.0,0.0,0.0,0.0,0.0,0.0,0.0,0.0,0.0,0.0,0.0,0.0,0.0,0.0,0.0,0.0,0.0,0.0,0.0,0.0,0.0,0.0,0.0,0.0,0.0,0.0,0.0,0.0,0.0,0.0,0.0,0.0,0.0,0.0,0,0,0,0,0,0,0,0,0,0,0.0,0.0,0.0
30722>30533,524,524,BDSu,Bond Street,Bond Street // Jubilee // NB,669,OXCu,Oxford Circus,Oxford Circus // Victoria // SB,Alight-Exit-Interchange-Enter-Board,0.0,0.0,0.0,0.0,0.0,0.0,0.0,0.0,0.0,0.0,0.0,0.0,0.0,0.0,0.0,0.0,0.0,0.0,0.0,0.0,0.0,0.0,0.0,0.0,0.0,0.0,0.0,0.0,0.0,0.0,0.0,0.0,0.0,0.0,0.0,0.0,0.0,0.0,0.0,0.0,0.0,0.0,0.0,0.0,0.0,0.0,0.0,0.0,0.0,0.0,0.0,0.0,0.0,0.0,0.0,0.0,0.0,0.0,0.0,0.0,0.0,0.0,0.0,0.0,0.0,0.0,0.0,0.0,0.0,0.0,0.0,0.0,0.0,0.0,0.0,0.0,0.0,0.0,0.0,0.0,0.0,0.0,0.0,0.0,0.0,0.0,0.0,0.0,0.0,0.0,0,0,0,0,0,0,0,0,0,0,0.0,0.0,0.0
30722>30701,524,524,BDSu,Bond Street,Bond Street // Jubilee // NB,524,BDSu,Bond Street,Bond Street // EntEx,Alight-Exit,14701.7753077,528.742958,4648.182158000001,5828.833848,2709.975624000001,837.6533848000001,148.3873349,3.0323316,6.881895599999999,15.1083872,27.2484316,56.8259036,100.511696,135.844422,183.2898904,236.789098,294.972118,326.815114,399.636164,445.694124,499.0755380000001,488.704706,486.062946,437.8674,399.234574,332.493748,300.836628,273.876276,256.78049,239.190668,232.841374,240.473678,239.314634,238.93924,238.583564,245.762558,242.24175,245.445646,249.365008,263.657152,258.568404,255.245114,247.629562,244.996652,228.302824,228.14328,227.68269,231.561526,225.764644,237.976664,236.49045,232.491594,232.882516,233.89306,230.384002,230.995952,240.494302,238.45952,242.720998,228.680086,221.935726,199.831602,177.206266,151.80525,131.631524,105.055636,88.2570054,74.70295,61.73120700000001,52.49998860000001,44.90968380000001,37.9159044,34.0590106,29.489265,25.59596,24.1175876,22.4910912,19.6036366,17.2601634,14.8441732,11.84292694,9.32301814,7.71577014,7.37920254,5.681480140000001,4.0846676,2.5679568,1.4756606,0.0,0.0,0,0,0,0,0,0,0,0,0,0,0.0,0.0,0.0
30722>30714,524,524,BDSu,Bond Street,Bond Street // Jubilee // NB,524,BDSu,Bond Street,Bond Street // Central // EB,Alight-Interchange-Board,1084.27234736,46.73916872000001,236.57599268,374.8636292,275.713121,123.9725624,26.40787336,0.18372572,0.60590498,2.53252078,4.79688438,7.98497458,8.565572,10.47431944,11.59526684,11.15996984,11.72430804,13.8387609,14.7850238,19.0121196,26.957545,27.0109828,29.5745922,28.61346260000001,23.6376008,15.72361300000001,14.53801410000001,11.8864615,11.8264337,12.0597945,12.7578285,12.9791692,13.1886602,13.236088,13.3148808,13.3596632,13.7878908,14.6077158,15.3613548,15.3228154,15.1332526,14.414099,13.1574786,13.2985286,13.797454,15.8496946,18.9596952,21.6766572,23.329304,25.951568,25.607141,25.8475558,31.0174584,33.9986906,39.7360582,36.47940120000001,31.6602162,21.96805628000001,15.84255408,5.749787400000001,10.6476942,10.62814066,12.13750798,14.13360738,15.68987966,12.45612006,13.7994384,13.3201986,11.1989482,9.8267174,8.6840474,7.439057259999998,6.55222686,5.72551896,5.146802220000001,4.82410322,4.70773808,4.24737052,4.026684660000001,3.102142876,2.259475696,1.269119952,0.932026712,0.3980456720000001,0.379060996,0.158035576,0.1040694,0.0,0.0,0.0,0,0,0,0,0,0,0,0,0,0,0.0,0.0,0.0
30722>30715,524,524,BDSu,Bond Street,Bond Street // Jubilee // NB,524,BDSu,Bond Street,Bond Street // Central // WB,Alight-Interchange-Board,5854.274488900001,287.765625,1540.1814472,1285.1210588,1716.424995,774.9623742,249.8189887000001,0.0,1.2414038,5.175639800000001,11.9546458,28.6757038,54.59911779999999,80.814352,105.304762,128.99624,148.750462,151.096018,166.636698,167.02786,163.404666,145.033556,135.106614,105.143356,88.44834039999998,75.10422840000001,65.4334084,56.42171040000001,51.6930474,46.7073602,41.4230542,41.63731420000001,39.8763482,40.2448846,41.6441834,42.69301700000001,42.669792,45.01819160000001,45.6530916,46.6914756,45.86869720000001,45.46073300000001,45.92668740000001,48.081239,48.77676500000001,54.97927380000002,66.74269000000001,75.81663,78.41729300000002,92.421021,100.256559,106.400718,116.416324,124.011958,145.633156,149.255644,165.63328,168.814422,177.340216,157.15106,154.892082,130.648498,120.227637,107.824587,95.942017,85.248603,79.05184659999999,67.44338559999998,59.57122560000001,55.59844280000001,51.3555642,47.46582340000001,44.5144126,41.48489380000001,39.4615726,38.05250580000001,36.943427,34.089417,31.6347364,26.6534232,22.675452,17.61599660000001,14.15722732,11.06191558,8.217818780000002,4.69466538,2.69164878,1.33075486,0.0,0.0,0,0,0,0,0,0,0,0,0,0,0.0,0.0,0.0
30722>30723,524,524,BDSu,Bond Street,Bond Street // Jubilee // NB,524,BDSu,Bond Street,Bond Street // Jubilee // SB,Alight-Interchange-Board,0.0,0.0,0.0,0.0,0.0,0.0,0.0,0.0,0.0,0.0,0.0,0.0,0.0,0.0,0.0,0.0,0.0,0.0,0.0,0.0,0.0,0.0,0.0,0.0,0.0,0.0,0.0,0.0,0.0,0.0,0.0,0.0,0.0,0.0,0.0,0.0,0.0,0.0,0.0,0.0,0.0,0.0,0.0,0.0,0.0,0.0,0.0,0.0,0.0,0.0,0.0,0.0,0.0,0.0,0.0,0.0,0.0,0.0,0.0,0.0,0.0,0.0,0.0,0.0,0.0,0.0,0.0,0.0,0.0,0.0,0.0,0.0,0.0,0.0,0.0,0.0,0.0,0.0,0.0,0.0,0.0,0.0,0.0,0.0,0.0,0.0,0.0,0.0,0.0,0.0,0,0,0,0,0,0,0,0,0,0,0.0,0.0,0.0
30722>30787,524,524,BDSu,Bond Street,Bond Street // Jubilee // NB,524,BDSu,Bond Street,Bond Street // Elizabeth Line // EB,Alight-Interchange-Board,556.12249787,8.142397590000002,29.2619183,120.76892682,229.40424016,107.5257214,61.0192936,0.050488574,0.209218854,0.261732214,0.407333394,1.218559294,1.71414806,1.97983038,2.30108682,2.55733716,2.17829858,2.131627480000001,2.56730988,2.62521662,2.78565066,2.85474954,2.75181526,2.41645728,2.3359091,2.03529504,2.0222517,2.288928540000001,2.36298592,2.64087136,3.11672406,3.0171885,2.7772099,2.817240780000001,2.718707580000001,2.61045532,2.90794202,2.8750742,2.82688928,3.08679598,3.03953964,3.12029396,3.98120678,5.12020452,6.21693602,8.91818962,10.1646713,10.31169906,10.35980576,12.23608496,11.25328176,12.00555056,14.10851,15.1323994,16.415176,19.9110788,23.5728832,23.4030742,25.0326228,23.3984602,21.62689260000001,17.5455666,17.2520258,15.3981336,13.00298066,10.34607306,9.51200246,7.83753146,6.67679366,6.88112096,7.42433996,7.60583456,7.648311099999999,7.35740404,7.835195880000001,7.269172480000001,7.356812280000002,6.70539234,7.721789200000003,7.100588300000001,6.47517436,5.30054042,5.38745682,3.24541422,2.16763692,1.44796166,0.8413546000000001,0.0,0.0,0.0,0,0,0,0,0,0,0,0,0,0,0.0,0.0,0.0
30722>30788,524,524,BDSu,Bond Street,Bond Street // Jubilee // NB,524,BDSu,Bond Street,Bond Street // Elizabeth Line // WB,Alight-Interchange-Board,3365.341171059999,221.3537508000001,296.6561378,911.5899095999999,1212.7444436,552.2450000000001,170.75192926,11.9834252,24.6554406,28.3276766,32.918677,37.7193506,31.591739,25.1744916,28.9829502,29.3179874,31.1818524,30.5316456,29.0067264,26.779671,25.3010952,22.9031322,22.4906266,20.6978776,18.2306214,18.73113780000001,21.4837642,20.5395282,22.6912422,24.6136368,25.8326672,23.9960952,26.87534,27.8487642,28.9216266,29.817236,33.7868994,36.5114924,38.6771696,40.55039420000001,43.7039338,41.9105464,40.2927654,39.4846934,42.3514228,46.15403120000001,49.66760120000001,50.3144892,56.42777280000001,58.25484820000001,62.3657132,71.7813692,83.7490712,81.5472432,98.2825058,96.9829328,112.2262668,107.8571368,129.492726,118.4989552,118.2738292,98.1148032,95.9376042,71.07373220000001,63.50833100000001,56.90720700000001,49.415503,43.22353200000001,42.938414,39.441515,38.71791020000001,38.586853,36.698869,36.34800900000001,35.38512460000001,33.64315000000001,30.0788986,31.1507586,24.8124192,20.4224676,14.071912212,10.215298812,3.320210812,2.191512212,0.516487212,0.3288140000000001,0.0,0.0,0.0,0.0,0,0,0,0,0,0,0,0,0,0,0.0,0.0,0.0
30723>30510,524,524,BDSu,Bond Street,Bond Street // Jubilee // SB,669,OXCu,Oxford Circus,Oxford Circus // Bakerloo // NB,Alight-Exit-Interchange-Enter-Board,0.0,0.0,0.0,0.0,0.0,0.0,0.0,0.0,0.0,0.0,0.0,0.0,0.0,0.0,0.0,0.0,0.0,0.0,0.0,0.0,0.0,0.0,0.0,0.0,0.0,0.0,0.0,0.0,0.0,0.0,0.0,0.0,0.0,0.0,0.0,0.0,0.0,0.0,0.0,0.0,0.0,0.0,0.0,0.0,0.0,0.0,0.0,0.0,0.0,0.0,0.0,0.0,0.0,0.0,0.0,0.0,0.0,0.0,0.0,0.0,0.0,0.0,0.0,0.0,0.0,0.0,0.0,0.0,0.0,0.0,0.0,0.0,0.0,0.0,0.0,0.0,0.0,0.0,0.0,0.0,0.0,0.0,0.0,0.0,0.0,0.0,0.0,0.0,0.0,0.0,0,0,0,0,0,0,0,0,0,0,0.0,0.0,0.0
30723>30511,524,524,BDSu,Bond Street,Bond Street // Jubilee // SB,669,OXCu,Oxford Circus,Oxford Circus // Bakerloo // SB,Alight-Exit-Interchange-Enter-Board,0.0,0.0,0.0,0.0,0.0,0.0,0.0,0.0,0.0,0.0,0.0,0.0,0.0,0.0,0.0,0.0,0.0,0.0,0.0,0.0,0.0,0.0,0.0,0.0,0.0,0.0,0.0,0.0,0.0,0.0,0.0,0.0,0.0,0.0,0.0,0.0,0.0,0.0,0.0,0.0,0.0,0.0,0.0,0.0,0.0,0.0,0.0,0.0,0.0,0.0,0.0,0.0,0.0,0.0,0.0,0.0,0.0,0.0,0.0,0.0,0.0,0.0,0.0,0.0,0.0,0.0,0.0,0.0,0.0,0.0,0.0,0.0,0.0,0.0,0.0,0.0,0.0,0.0,0.0,0.0,0.0,0.0,0.0,0.0,0.0,0.0,0.0,0.0,0.0,0.0,0,0,0,0,0,0,0,0,0,0,0.0,0.0,0.0
30723>30514,524,524,BDSu,Bond Street,Bond Street // Jubilee // SB,669,OXCu,Oxford Circus,Oxford Circus // Central // EB,Alight-Exit-Interchange-Enter-Board,0.0,0.0,0.0,0.0,0.0,0.0,0.0,0.0,0.0,0.0,0.0,0.0,0.0,0.0,0.0,0.0,0.0,0.0,0.0,0.0,0.0,0.0,0.0,0.0,0.0,0.0,0.0,0.0,0.0,0.0,0.0,0.0,0.0,0.0,0.0,0.0,0.0,0.0,0.0,0.0,0.0,0.0,0.0,0.0,0.0,0.0,0.0,0.0,0.0,0.0,0.0,0.0,0.0,0.0,0.0,0.0,0.0,0.0,0.0,0.0,0.0,0.0,0.0,0.0,0.0,0.0,0.0,0.0,0.0,0.0,0.0,0.0,0.0,0.0,0.0,0.0,0.0,0.0,0.0,0.0,0.0,0.0,0.0,0.0,0.0,0.0,0.0,0.0,0.0,0.0,0,0,0,0,0,0,0,0,0,0,0.0,0.0,0.0
30723>30515,524,524,BDSu,Bond Street,Bond Street // Jubilee // SB,669,OXCu,Oxford Circus,Oxford Circus // Central // WB,Alight-Exit-Interchange-Enter-Board,0.0,0.0,0.0,0.0,0.0,0.0,0.0,0.0,0.0,0.0,0.0,0.0,0.0,0.0,0.0,0.0,0.0,0.0,0.0,0.0,0.0,0.0,0.0,0.0,0.0,0.0,0.0,0.0,0.0,0.0,0.0,0.0,0.0,0.0,0.0,0.0,0.0,0.0,0.0,0.0,0.0,0.0,0.0,0.0,0.0,0.0,0.0,0.0,0.0,0.0,0.0,0.0,0.0,0.0,0.0,0.0,0.0,0.0,0.0,0.0,0.0,0.0,0.0,0.0,0.0,0.0,0.0,0.0,0.0,0.0,0.0,0.0,0.0,0.0,0.0,0.0,0.0,0.0,0.0,0.0,0.0,0.0,0.0,0.0,0.0,0.0,0.0,0.0,0.0,0.0,0,0,0,0,0,0,0,0,0,0,0.0,0.0,0.0
30723>30532,524,524,BDSu,Bond Street,Bond Street // Jubilee // SB,669,OXCu,Oxford Circus,Oxford Circus // Victoria // NB,Alight-Exit-Interchange-Enter-Board,0.0,0.0,0.0,0.0,0.0,0.0,0.0,0.0,0.0,0.0,0.0,0.0,0.0,0.0,0.0,0.0,0.0,0.0,0.0,0.0,0.0,0.0,0.0,0.0,0.0,0.0,0.0,0.0,0.0,0.0,0.0,0.0,0.0,0.0,0.0,0.0,0.0,0.0,0.0,0.0,0.0,0.0,0.0,0.0,0.0,0.0,0.0,0.0,0.0,0.0,0.0,0.0,0.0,0.0,0.0,0.0,0.0,0.0,0.0,0.0,0.0,0.0,0.0,0.0,0.0,0.0,0.0,0.0,0.0,0.0,0.0,0.0,0.0,0.0,0.0,0.0,0.0,0.0,0.0,0.0,0.0,0.0,0.0,0.0,0.0,0.0,0.0,0.0,0.0,0.0,0,0,0,0,0,0,0,0,0,0,0.0,0.0,0.0
30723>30533,524,524,BDSu,Bond Street,Bond Street // Jubilee // SB,669,OXCu,Oxford Circus,Oxford Circus // Victoria // SB,Alight-Exit-Interchange-Enter-Board,0.67707348,0.67707348,0.0,0.0,0.0,0.0,0.0,0.16926837,0.16926837,0.16926837,0.16926837,0.0,0.0,0.0,0.0,0.0,0.0,0.0,0.0,0.0,0.0,0.0,0.0,0.0,0.0,0.0,0.0,0.0,0.0,0.0,0.0,0.0,0.0,0.0,0.0,0.0,0.0,0.0,0.0,0.0,0.0,0.0,0.0,0.0,0.0,0.0,0.0,0.0,0.0,0.0,0.0,0.0,0.0,0.0,0.0,0.0,0.0,0.0,0.0,0.0,0.0,0.0,0.0,0.0,0.0,0.0,0.0,0.0,0.0,0.0,0.0,0.0,0.0,0.0,0.0,0.0,0.0,0.0,0.0,0.0,0.0,0.0,0.0,0.0,0.0,0.0,0.0,0.0,0.0,0.0,0,0,0,0,0,0,0,0,0,0,0.0,0.0,0.0
30723>30701,524,524,BDSu,Bond Street,Bond Street // Jubilee // SB,524,BDSu,Bond Street,Bond Street // EntEx,Alight-Exit,6446.668288270002,246.6124541200001,2306.803232000001,2615.269157799999,977.6020972,260.32087062,40.06047653,0.98345276,4.73458576,8.543587760000001,14.10085896,30.06309228000001,47.0288442,60.93639920000001,80.22163320000001,105.691968,121.794896,145.592044,174.094604,207.499032,226.124046,243.129258,244.668366,243.627222,221.413886,196.890162,176.277748,160.649588,141.279014,130.9574312,129.0317884,123.7315704,119.3303116,114.4538544,112.2347172,111.081302,108.807091,106.5853878,107.242155,107.841587,104.842851,101.356986,98.150622,94.749922,88.97572400000001,87.53657199999999,89.280254,92.3907552,94.3886752,96.02157120000001,94.3494272,92.2514492,87.53098000000001,82.59097000000001,82.71946200000002,83.973382,86.77125480000002,85.6979908,87.461954,82.668188,78.514089,67.2151152,60.2072622,50.846795,42.9674468,34.6462178,29.5288974,24.8116932,19.3567584,15.24225488,11.94885788,9.77567428,7.62923702,6.79964042,6.767397540000001,6.94671934,6.479820000000001,6.327706660000001,5.28330256,4.27434,2.9792825,2.14784383,1.47246107,1.52915385,1.02674701,0.7174817099999999,0.55731472,0.31830328,0.0,0.0,0,0,0,0,0,0,0,0,0,0,0.0,0.0,0.0
30723>30714,524,524,BDSu,Bond Street,Bond Street // Jubilee // SB,524,BDSu,Bond Street,Bond Street // Central // EB,Alight-Interchange-Board,6508.275763900002,299.6131698,2362.3837216,2289.3356744,1156.158604,326.8546104000001,73.92998369999998,0.613765,2.3717688,7.7747378,16.1626406,33.99620460000001,58.9070876,81.30661579999999,98.4803496,127.4417288,139.7682028,160.9059048,183.5267568,219.085714,227.689804,243.57047,243.031888,235.405176,214.868646,194.0174912,173.0719392,148.6520512,129.4096712,107.6561632,101.186146,96.2010832,94.3932892,93.2874152,96.5371352,97.4470732,96.170464,94.200616,96.787204,96.606806,92.65928320000002,88.90411920000003,87.69489520000002,81.79989040000002,80.37576640000002,80.5788052,83.3186192,84.70088120000001,86.866106,85.41290000000002,88.48929079999998,88.2807048,88.0937948,86.35064799999999,96.39663,98.6383252,107.8504792,108.5946042,116.354527,108.534623,101.393851,82.30207620000002,73.36834060000002,58.89789540000001,46.6373292,37.7292792,33.813121,28.1736252,22.27967240000001,19.4464676,18.4078608,17.490039,15.5888268,14.6819578,13.708536,12.1491621,11.1468609,10.8330085,9.54090236,8.488350099999998,6.697886560000001,5.358319280000001,3.90257448,2.78894562,1.64499868,0.96652492,0.4124502,0.0,0.0,0.0,0,0,0,0,0,0,0,0,0,0,0.0,0.0,0.0
30723>30715,524,524,BDSu,Bond Street,Bond Street // Jubilee // SB,524,BDSu,Bond Street,Bond Street // Central // WB,Alight-Interchange-Board,1911.718511900001,88.8454984,613.7104096,583.5138962000001,454.2722218,134.3177611,37.0587248,0.0,0.3842740200000001,1.35770608,3.46241188,9.102254080000002,16.62118268,24.81703946,33.1006302,46.4402564,53.2869402,62.72746440000001,66.8189462,69.71465859999999,64.06093460000001,60.6373992,49.9467174,43.91108120000001,36.58929240000001,31.6554084,27.9213106,27.3823504,25.1717124,24.9142756,24.1884002,23.2648166,22.5143596,22.46354240000001,22.2638816,22.7116664,22.3045582,21.8925388,22.181773,22.1070402,20.731106,20.7284934,20.1180918,20.2712732,20.7977642,23.0997194,25.4488476,27.97427080000001,30.895022,33.9495244,36.138868,37.90982680000001,40.0007128,40.81024,43.35148980000001,42.88612980000001,42.6841354,40.87667260000001,39.75912879999999,35.2321266,33.7842388,29.7194382,27.2580822,22.9182721,18.9640653,15.1081937,13.0435889,10.7032501,9.050736,8.370619320000001,7.958161120000002,7.501497060000001,6.79406292,7.012913920000001,6.892400660000002,6.134194160000002,5.616564220000001,5.55314822,4.547541620000001,3.89999748,3.41839264,2.92024246,1.892252052,1.33020606,0.8382299400000002,0.5656208800000001,0.25378946,0.08854560800000001,0.0,0.0,0,0,0,0,0,0,0,0,0,0,0.0,0.0,0.0
30723>30722,524,524,BDSu,Bond Street,Bond Street // Jubilee // SB,524,BDSu,Bond Street,Bond Street // Jubilee // NB,Alight-Interchange-Board,0.0,0.0,0.0,0.0,0.0,0.0,0.0,0.0,0.0,0.0,0.0,0.0,0.0,0.0,0.0,0.0,0.0,0.0,0.0,0.0,0.0,0.0,0.0,0.0,0.0,0.0,0.0,0.0,0.0,0.0,0.0,0.0,0.0,0.0,0.0,0.0,0.0,0.0,0.0,0.0,0.0,0.0,0.0,0.0,0.0,0.0,0.0,0.0,0.0,0.0,0.0,0.0,0.0,0.0,0.0,0.0,0.0,0.0,0.0,0.0,0.0,0.0,0.0,0.0,0.0,0.0,0.0,0.0,0.0,0.0,0.0,0.0,0.0,0.0,0.0,0.0,0.0,0.0,0.0,0.0,0.0,0.0,0.0,0.0,0.0,0.0,0.0,0.0,0.0,0.0,0,0,0,0,0,0,0,0,0,0,0.0,0.0,0.0
30723>30787,524,524,BDSu,Bond Street,Bond Street // Jubilee // SB,524,BDSu,Bond Street,Bond Street // Elizabeth Line // EB,Alight-Interchange-Board,1378.3335566,95.171456,394.900646,249.2361592,423.4053426,167.38579058,48.23416222,0.41319804,1.30738584,3.36146424,5.789404640000001,11.08019104,18.6956024,25.7447038,28.779506,33.0283524,33.4860066,34.21317920000001,37.722877,43.191223,42.98969820000001,42.7431618,37.1911392,30.6075468,23.0837602,19.4974772,17.1462244,16.00787840000001,13.4257352,12.3970036,10.61796828,8.907008079999997,8.10113208,7.15475388,6.5951766,7.087055320000001,7.097402460000001,7.429464139999999,8.19888254,8.45029802,8.344356620000001,8.548285479999999,8.671051,8.5958448,9.064236,9.9490883,11.0425615,11.4838469,13.3026583,18.7634957,20.000976,22.8087168,27.6051768,30.2091208,33.5145156,38.49793200000001,41.01869379999999,41.8317168,44.9785352,39.448045,38.2154144,33.8339512,31.4435242,24.9555782,21.6314712,16.9766116,16.474347,14.090326,13.381733,12.57782914,11.39081434,10.34859874,8.843874900000001,8.2591965,8.45540996,8.01009028,6.946534,6.64566404,5.83751994,5.17407054,4.7278677,4.04912844,2.99993722,1.98463952,1.17920652,0.5436040400000001,0.13589998,0.0,0.0,0.0,0,0,0,0,0,0,0,0,0,0,0.0,0.0,0.0
30723>30788,524,524,BDSu,Bond Street,Bond Street // Jubilee // SB,524,BDSu,Bond Street,Bond Street // Elizabeth Line // WB,Alight-Interchange-Board,691.4808508664851,69.3633146,168.8024779,169.5836885,201.43043258,65.98568432,16.3152529664851,0.28245936,2.86794676,3.83273128,7.039233879999998,10.89378068,13.56834392,13.75612072,17.122698,17.2631994,18.1043886,16.85697459999999,17.3324864,14.7676762,14.6797608,12.2372804,12.9967934,12.152593,12.2605905,10.4769605,9.6737741,8.67125502,7.635413620000001,6.67911872,6.63670836,6.08433308,5.81280846,5.32136374,5.41322668,4.90146884,5.738648520000001,6.08024988,6.799398599999999,6.83669138,7.571871379999998,6.86631964,6.811682580000001,6.24851808,6.598525220000001,6.24017952,7.17193226,7.86429086,9.10350216,10.1230693,12.3731126,13.0705627,14.2304771,14.0266571,17.5306909,18.0906577,22.700377,21.4942116,23.5209712,19.0464888,16.31054466,10.81257486,10.59621896,7.815849440000001,7.691640980000002,7.540411600000001,6.754624799999999,5.64439902,5.336919340000001,4.9455962,4.400379640000001,4.14525054,4.10783222,3.90632542,3.69645512,3.400670540000001,3.3670834,2.82131302,2.12952357,1.75096985,1.37100971,0.67523869374556,0.4568601732970201,0.3425810232970201,1.04329702e-06,1.04329702e-06,8.995514599999998e-07,0.0,0.0,0.0,0,0,0,0,0,0,0,0,0,0,0.0,0.0,0.0
30787>30510,524,524,BDSu,Bond Street,Bond Street // Elizabeth Line // EB,669,OXCu,Oxford Circus,Oxford Circus // Bakerloo // NB,Alight-Exit-Interchange-Enter-Board,0.0038846715,0.0,0.0038846715,0.0,0.0,0.0,0.0,0.0,0.0,0.0,0.0,0.0,0.0,0.0,0.0,0.0,0.0,0.0,0.0,0.0,0.0007769343000000001,0.0007769343000000001,0.0007769343000000001,0.0007769343000000001,0.0007769343000000001,0.0,0.0,0.0,0.0,0.0,0.0,0.0,0.0,0.0,0.0,0.0,0.0,0.0,0.0,0.0,0.0,0.0,0.0,0.0,0.0,0.0,0.0,0.0,0.0,0.0,0.0,0.0,0.0,0.0,0.0,0.0,0.0,0.0,0.0,0.0,0.0,0.0,0.0,0.0,0.0,0.0,0.0,0.0,0.0,0.0,0.0,0.0,0.0,0.0,0.0,0.0,0.0,0.0,0.0,0.0,0.0,0.0,0.0,0.0,0.0,0.0,0.0,0.0,0.0,0.0,0,0,0,0,0,0,0,0,0,0,0.0,0.0,0.0
30787>30511,524,524,BDSu,Bond Street,Bond Street // Elizabeth Line // EB,669,OXCu,Oxford Circus,Oxford Circus // Bakerloo // SB,Alight-Exit-Interchange-Enter-Board,0.7358163561400001,0.0,0.0,0.0,0.0,0.14839507916,0.58742127698,0.0,0.0,0.0,0.0,0.0,0.0,0.0,0.0,0.0,0.0,0.0,0.0,0.0,0.0,0.0,0.0,0.0,0.0,0.0,0.0,0.0,0.0,0.0,0.0,0.0,0.0,0.0,0.0,0.0,0.0,0.0,0.0,0.0,0.0,0.0,0.0,0.0,0.0,0.0,0.0,0.0,0.0,0.0,0.0,0.0,0.0,0.0,0.0,0.0,0.0,0.0,0.0,0.0,0.0,0.0,0.0,0.0,0.0,0.0,0.0,0.0,0.0,0.0,0.0,0.0,0.00068591972,0.00068591972,0.14702323972,0.14702323972,0.147163271228,0.146477351508,0.146477351508,0.000140031508,0.000140031508,0.0,0.0,0.0,0.0,0.0,0.0,0.0,0.0,0.0,0,0,0,0,0,0,0,0,0,0,0.0,0.0,0.0
30787>30514,524,524,BDSu,Bond Street,Bond Street // Elizabeth Line // EB,669,OXCu,Oxford Circus,Oxford Circus // Central // EB,Alight-Exit-Interchange-Enter-Board,0.0,0.0,0.0,0.0,0.0,0.0,0.0,0.0,0.0,0.0,0.0,0.0,0.0,0.0,0.0,0.0,0.0,0.0,0.0,0.0,0.0,0.0,0.0,0.0,0.0,0.0,0.0,0.0,0.0,0.0,0.0,0.0,0.0,0.0,0.0,0.0,0.0,0.0,0.0,0.0,0.0,0.0,0.0,0.0,0.0,0.0,0.0,0.0,0.0,0.0,0.0,0.0,0.0,0.0,0.0,0.0,0.0,0.0,0.0,0.0,0.0,0.0,0.0,0.0,0.0,0.0,0.0,0.0,0.0,0.0,0.0,0.0,0.0,0.0,0.0,0.0,0.0,0.0,0.0,0.0,0.0,0.0,0.0,0.0,0.0,0.0,0.0,0.0,0.0,0.0,0,0,0,0,0,0,0,0,0,0,0.0,0.0,0.0
30787>30515,524,524,BDSu,Bond Street,Bond Street // Elizabeth Line // EB,669,OXCu,Oxford Circus,Oxford Circus // Central // WB,Alight-Exit-Interchange-Enter-Board,0.0,0.0,0.0,0.0,0.0,0.0,0.0,0.0,0.0,0.0,0.0,0.0,0.0,0.0,0.0,0.0,0.0,0.0,0.0,0.0,0.0,0.0,0.0,0.0,0.0,0.0,0.0,0.0,0.0,0.0,0.0,0.0,0.0,0.0,0.0,0.0,0.0,0.0,0.0,0.0,0.0,0.0,0.0,0.0,0.0,0.0,0.0,0.0,0.0,0.0,0.0,0.0,0.0,0.0,0.0,0.0,0.0,0.0,0.0,0.0,0.0,0.0,0.0,0.0,0.0,0.0,0.0,0.0,0.0,0.0,0.0,0.0,0.0,0.0,0.0,0.0,0.0,0.0,0.0,0.0,0.0,0.0,0.0,0.0,0.0,0.0,0.0,0.0,0.0,0.0,0,0,0,0,0,0,0,0,0,0,0.0,0.0,0.0
30787>30532,524,524,BDSu,Bond Street,Bond Street // Elizabeth Line // EB,669,OXCu,Oxford Circus,Oxford Circus // Victoria // NB,Alight-Exit-Interchange-Enter-Board,891.1585325300003,82.34580730000002,217.2979195,254.5324767,230.4095937,77.9537928,28.61894253,0.0,4.64416,6.215024100000001,9.720410500000002,13.1792209,16.3923929,15.1082385,17.0863604,17.047674,16.4308046,18.9483986,19.680463,21.5018612,21.4987896,21.913147,19.3728599,17.5147257,14.0984117,12.3080953,16.9826889,15.37830352,15.01971572,14.47302832,14.21267638,8.557283779999999,8.347928660000001,7.81609176,8.22326956,8.5595493,7.701669419999999,8.28322582,9.421404720000002,8.83799046,9.55679726,9.721781540000002,9.76401054,9.51735394,10.4822072,9.3129374,10.0322864,10.8042819,11.7068375,12.5852855,16.2165601,17.45124370000001,18.5669976,20.254892,21.0112694,20.5281152,21.8460652,22.2558794,21.885685,20.2851856,18.3495916,15.2991376,12.6755314,9.6921074,8.6141296,7.361374799999999,6.4020384,6.065611200000001,5.82748872,6.44232652,6.2947386,6.3083972,5.38137272,5.20743072,4.356776920000001,3.66565802,3.75573742,3.68977444,3.02411084,2.248533808,1.845680246,2.650204446,2.305137906,1.911000986,1.770046218,1.7530582,0.0,0.0,0.0,0.0,0,0,0,0,0,0,0,0,0,0,0.0,0.0,0.0
30787>30533,524,524,BDSu,Bond Street,Bond Street // Elizabeth Line // EB,669,OXCu,Oxford Circus,Oxford Circus // Victoria // SB,Alight-Exit-Interchange-Enter-Board,744.6491466600003,53.9143168,302.29341924,207.46512684,104.27890756,60.00931888000001,16.68805734,0.0,2.357678200000001,5.03717,7.1532898,8.9724306,10.5764602,9.926509200000002,9.8907788,10.588589,12.8502332,18.44146120000001,20.58432,23.304161,24.118833,23.67732640000001,39.59970800000001,37.0188588,33.0861656,30.31129552,28.71246752,6.75843764,7.206738040000001,7.154739199999999,8.79728748,7.75483122,7.9780373,7.383775100000001,10.80297834,10.56335594,11.9890282,11.27122754,11.86440714,8.10922424,7.342286500000001,6.23472622,8.20299648,7.41453028,8.055854980000001,8.47190352,9.5597284,8.211161400000002,9.1417942,8.53314954,8.66292794,7.26800564,7.57897404,8.953890640000003,10.6030467,10.2410769,11.021185,10.98040324,9.308041440000002,8.118105499999999,7.390678500000001,6.610100699999999,6.205399260000001,5.256445220000002,5.10396842,5.922846620000001,6.461711220000002,5.89452146,6.5127297,6.31362292,4.99614992,4.029514,3.756083360000001,2.95785836,2.80386768,2.83695704,2.7215841,2.58533468,2.86089688,1.89418956,1.460444328,1.066956912,0.8896235320000001,0.181356132,0.118806852,0.07190732400000001,0.0,0.0,0.0,0.0,0,0,0,0,0,0,0,0,0,0,0.0,0.0,0.0
30787>30701,524,524,BDSu,Bond Street,Bond Street // Elizabeth Line // EB,524,BDSu,Bond Street,Bond Street // EntEx,Alight-Exit,7797.541069960003,308.4897698,3262.8135552,2805.439439,1015.340741,353.9148026,51.54276235999999,0.0,6.1601464,16.1275994,24.5263034,37.1217006,55.34802060000001,70.5572022,98.6487972,117.8970592,141.317556,188.54178,214.958448,251.323392,286.199506,315.132972,401.507196,386.4831760000001,350.1277200000001,317.036226,292.2885240000001,165.492314,164.1048740000001,152.587366,150.569266,133.518576,134.977326,127.957182,127.766834,123.7942248,126.3137028,117.3777168,118.0159148,110.8055008,108.47665,99.135127,102.526671,93.40165500000002,96.582301,90.681617,95.516874,91.242222,93.153594,89.26827000000002,92.17366,90.19761,91.019736,89.47056400000002,90.398177,90.11499500000002,87.51216500000002,86.804641,89.17382099999999,83.74049600000002,79.06358,73.370144,64.474812,53.18666999999999,45.517262,36.971236,30.24144,26.57883360000001,21.99166,29.725167,27.126513,25.556794,23.0672034,22.6021926,11.349831,11.2178278,9.9010202,8.73060484,7.196412339999998,4.79156276,3.25360964,2.21016148,1.819136752,1.094701652,0.7479378320000001,0.4059401520000001,0.173846912,0.0,0.0,0.0,0,0,0,0,0,0,0,0,0,0,0.0,0.0,0.0
30787>30714,524,524,BDSu,Bond Street,Bond Street // Elizabeth Line // EB,524,BDSu,Bond Street,Bond Street // Central // EB,Alight-Interchange-Board,955.5805363863219,47.5011144,306.4392608000001,427.4519165,109.6242642,52.0806254,12.48335508632178,0.0,2.1800366,3.064436,4.206781400000001,4.817802640000001,10.42058084,9.20565816,13.60581876,14.66544136,15.91629052,21.45096272,24.6279622,26.2957782,30.4011958,34.78272639999999,33.1142266,31.484283,27.3796122,23.0660204,23.2547614,18.1777088,19.6265936,18.7213876,20.3386916,18.3090536,18.2762804,16.7831704,20.888033,20.88927420000001,21.2694252,18.8898828,20.0193568,16.6977142,17.1972652,14.4812582,16.5049732,15.6149148,15.9247552,13.9427378,18.3251098,17.1659946,16.4384592,16.606881,16.3629953,12.3059723,12.9823407,12.38504946,11.40941106,10.48877516,9.72578776,7.12767496,7.724917800000001,6.26204282,6.61660054,6.459146260000002,6.136545380000001,5.364378180000001,5.435175060000002,5.09853966,4.65543214,4.74245226,4.09521856,4.455891660000002,4.60346814,3.84128514,3.39539624,3.498107780000001,2.895280580000001,2.15527796,2.37673716,2.46956926,1.991598428,1.423049288,1.083036358,0.5953123593191559,0.261518517264356,0.07640230926435602,0.050840649264356,6.399264356000001e-06,6.397945200000002e-06,0.0,0.0,0.0,0,0,0,0,0,0,0,0,0,0,0.0,0.0,0.0
30787>30715,524,524,BDSu,Bond Street,Bond Street // Elizabeth Line // EB,524,BDSu,Bond Street,Bond Street // Central // WB,Alight-Interchange-Board,109.5836076315599,6.285262446000001,29.0531372,55.37211582000001,11.867470694,5.759928732,1.245692739559872,0.0,0.0045103292,0.0499597892,0.4906573692000001,1.0049158892,1.2955541692,1.60303752,1.83662738,1.79121254,1.64692348,1.8774516,2.25589152,2.4652006,2.57613382,2.58155244,3.18842764,2.94224018,2.759052400000001,2.43929986,2.52975112,1.78434392,1.90252326,1.91346042,2.18713374,2.24174714,2.40875568,2.15323284,2.53482212,2.3434559,2.41243156,2.18533748,2.3615919,2.12451828,2.70078896,2.53481398,2.78520632,2.60346174,3.0192261,2.61470014,2.615909520000001,2.2972843,2.29483534,1.82812032,1.52441486,1.34284436,1.30689188,1.29284862,1.03184596,0.995436568,1.071737908,1.033248018,0.8819297580000001,0.8866159579999999,0.835715916,0.646946936,0.541408812,0.515214092,0.534985312,0.614125654,0.614009594,0.619809256,0.5957604240000001,0.4653610560000001,0.372713928,0.28685342,0.3481392720000001,0.385309024,0.4076477000000001,0.387410784,0.373349906,0.2319289087119743,0.1178054311119743,0.05274858311197428,0.04352148711197428,0.01293427311197428,0.0129342704,0.006529548,0.006529548,0.0,0.0,0.0,0.0,0.0,0,0,0,0,0,0,0,0,0,0,0.0,0.0,0.0
30787>30722,524,524,BDSu,Bond Street,Bond Street // Elizabeth Line // EB,524,BDSu,Bond Street,Bond Street // Jubilee // NB,Alight-Interchange-Board,837.7104294700002,40.66583000000001,215.6142197,240.9534799,182.56083336,127.92480832,29.99125819,0.0,1.06914568,2.35447308,3.95742788,5.25584088,7.35843088,8.298437200000002,12.3720744,14.649083,17.5350854,20.2962786,23.9963432,21.8986362,21.732675,19.337346,20.2230696,16.2096204,14.720798,12.4721407,12.5431436,8.1220663,8.119614600000002,7.560644140000001,8.14754884,7.49457134,7.93989384,7.765513540000001,8.321299799999998,8.181107500000001,9.357468699999998,8.920760699999999,10.4345135,9.925030099999999,11.5001894,10.32922908,12.09796208,10.77595868,12.08472668,9.8754146,12.35874392,11.20776092,12.69329312,12.90007012,14.8400984,13.872129,15.5693488,17.277714,18.8569496,18.7030814,19.1420906,18.0550976,15.3171662,12.7409246,12.4186352,10.8160013,9.79169506,8.765822140000001,8.405190280000001,7.32106468,7.76010598,7.771673220000001,7.944848140000001,15.580731,15.4827753,14.4820783,14.01237516,14.08145106,6.31669306,5.64050396,5.350384200000001,4.53954356,3.60056022,2.50942358,1.710272954,1.907867594,1.636129574,1.192084214,0.994421254,0.91006708,0.0,0.0,0.0,0.0,0,0,0,0,0,0,0,0,0,0,0.0,0.0,0.0
30787>30723,524,524,BDSu,Bond Street,Bond Street // Elizabeth Line // EB,524,BDSu,Bond Street,Bond Street // Jubilee // SB,Alight-Interchange-Board,3439.402571319999,308.0935604,1261.9705744,945.8019446000001,526.7775806000001,338.1879988000001,58.57091252,0.0,14.4424652,22.6825202,34.3622588,45.0366584,58.58489640000001,59.8599752,73.1247862,75.19354460000002,79.09058300000002,93.142933,100.698667,109.697815,115.957714,126.499454,137.720024,128.882848,109.077536,97.8521914,88.1572644,56.32956040000001,53.7758078,49.3978104,49.9387626,42.65404060000001,44.7693066,39.6537432,42.9571856,40.45038700000001,39.84214480000001,36.3265286,40.2963882,36.75719940000001,37.7178404,36.1793496,39.6132078,34.77895520000001,35.03014779999999,31.7679368,33.1779728,29.0941708,31.5916192,30.714349,32.98753000000001,34.070751,36.6067894,37.8472076,45.445621,48.4748798,49.8934062,52.3674218,53.81598020000001,47.53349020000001,45.37537140000001,40.461069,34.88559300000001,28.2159526,24.1368574,20.762306,20.723546,20.049747,18.3930966,41.94124179999999,40.5456138,38.561016,36.38545300000001,36.1747292,12.2984394,11.9958882,10.50754208,9.68375216,8.55196076,6.81516536,4.4328782,3.025716384000001,2.321130304,0.901118304,0.2703495040000001,0.06541126400000001,0.0,0.0,0.0,0.0,0,0,0,0,0,0,0,0,0,0,0.0,0.0,0.0
30787>30788,524,524,BDSu,Bond Street,Bond Street // Elizabeth Line // EB,524,BDSu,Bond Street,Bond Street // Elizabeth Line // WB,Alight-Interchange-Board,0.0,0.0,0.0,0.0,0.0,0.0,0.0,0.0,0.0,0.0,0.0,0.0,0.0,0.0,0.0,0.0,0.0,0.0,0.0,0.0,0.0,0.0,0.0,0.0,0.0,0.0,0.0,0.0,0.0,0.0,0.0,0.0,0.0,0.0,0.0,0.0,0.0,0.0,0.0,0.0,0.0,0.0,0.0,0.0,0.0,0.0,0.0,0.0,0.0,0.0,0.0,0.0,0.0,0.0,0.0,0.0,0.0,0.0,0.0,0.0,0.0,0.0,0.0,0.0,0.0,0.0,0.0,0.0,0.0,0.0,0.0,0.0,0.0,0.0,0.0,0.0,0.0,0.0,0.0,0.0,0.0,0.0,0.0,0.0,0.0,0.0,0.0,0.0,0.0,0.0,0,0,0,0,0,0,0,0,0,0,0.0,0.0,0.0
30788>30510,524,524,BDSu,Bond Street,Bond Street // Elizabeth Line // WB,669,OXCu,Oxford Circus,Oxford Circus // Bakerloo // NB,Alight-Exit-Interchange-Enter-Board,2.628596949882565,0.0810080786,1.3269824752,0.9611900412000001,0.208681238045,0.0507073348,2.7782037564e-05,0.0,0.0,0.0,0.0,0.0,0.0039538562,0.0210524752,0.0560017472,0.0713855172,0.0764933792,0.09394085700000003,0.151322878,0.14533027,0.1530702948,0.1686583548,0.1741512688,0.1056804808,0.0792246034,0.0642102466,0.0435143246,0.0267868498,0.0207769978,0.0182762112,0.0261208892,0.0261208892,0.015954116,0.015954116,0.0355235592,0.0195694432,0.0682354972,0.1143201692,0.1143201692,0.0981762876,0.1238201276,0.07515407360000001,0.02906940160000001,0.02906940160000001,0.0289758544,0.0033320144,0.0156596004,0.0156596004,0.0156596004,0.012327586,0.012327586,0.0,0.0021154504,0.0115986738,0.0115986738,0.0386048978,0.0386048978,0.036494622569,0.027011399169,0.027011399169,5.175168999999999e-06,0.002368406769,0.0132676416,0.0132676416,0.0132676416,0.0132676416,0.01090441,0.0,0.0,0.0,0.0,0.0,0.0,0.0,0.0,0.0,0.0,0.0,0.0,5.5561028e-06,5.5561028e-06,5.5561028e-06,5.5564075128e-06,5.5564075128e-06,3.047127999999999e-10,3.047127999999999e-10,3.047127999999999e-10,0.0,0.0,0.0,0,0,0,0,0,0,0,0,0,0,0.0,0.0,0.0
30788>30511,524,524,BDSu,Bond Street,Bond Street // Elizabeth Line // WB,669,OXCu,Oxford Circus,Oxford Circus // Bakerloo // SB,Alight-Exit-Interchange-Enter-Board,53.53870629729241,6.38947414,18.30412184,14.028208312,11.725166518,2.413074503466,0.6786609838264002,0.0,0.19870588,0.3462901879999999,0.5372767279999999,0.8084217280000001,1.224069728,1.456651528,1.81805836,1.98231768,2.02437436,1.8955857,1.7898763,1.68769464,1.67489142,1.61554558,1.477344408,1.360956068,1.138507228,0.900419968,0.756608488,0.7318278100000001,0.6509725599999999,0.5825936399999999,0.57366362,0.62270818,0.629672338,0.6437391400000001,0.62687995,0.6232167040000001,0.501638998,0.458033338,0.399034634,0.37452403,0.349274626,0.444693404,0.510690336,0.5883174879999999,0.650182114,0.6645738520000001,0.635475414,0.611785262,0.634906862,0.66296898,0.856835032,0.928498798,0.94848429,0.9407145760000002,0.9345090859999999,0.8884377659999999,0.937792286,1.075041906,1.18759128,1.204688172,1.09324524,0.91904412,0.667118998,0.474897288,0.3634753080000001,0.2873323800000001,0.252083216,0.2229377514000001,0.1262473864932001,0.0917195664932,0.0703724892932,0.0973390412932,0.1339748258932,0.1502414728000001,0.1424537778,0.1744518350000001,0.144062129,0.1127264978,0.09964016120000002,0.08312100580000002,0.03143177057400001,0.01945543869798,0.008448070365280001,0.00524863496528,7.521336528000001e-05,1.4859128e-07,7.84673e-08,0.0,0.0,0.0,0,0,0,0,0,0,0,0,0,0,0.0,0.0,0.0
30788>30514,524,524,BDSu,Bond Street,Bond Street // Elizabeth Line // WB,669,OXCu,Oxford Circus,Oxford Circus // Central // EB,Alight-Exit-Interchange-Enter-Board,0.0,0.0,0.0,0.0,0.0,0.0,0.0,0.0,0.0,0.0,0.0,0.0,0.0,0.0,0.0,0.0,0.0,0.0,0.0,0.0,0.0,0.0,0.0,0.0,0.0,0.0,0.0,0.0,0.0,0.0,0.0,0.0,0.0,0.0,0.0,0.0,0.0,0.0,0.0,0.0,0.0,0.0,0.0,0.0,0.0,0.0,0.0,0.0,0.0,0.0,0.0,0.0,0.0,0.0,0.0,0.0,0.0,0.0,0.0,0.0,0.0,0.0,0.0,0.0,0.0,0.0,0.0,0.0,0.0,0.0,0.0,0.0,0.0,0.0,0.0,0.0,0.0,0.0,0.0,0.0,0.0,0.0,0.0,0.0,0.0,0.0,0.0,0.0,0.0,0.0,0,0,0,0,0,0,0,0,0,0,0.0,0.0,0.0
30788>30515,524,524,BDSu,Bond Street,Bond Street // Elizabeth Line // WB,669,OXCu,Oxford Circus,Oxford Circus // Central // WB,Alight-Exit-Interchange-Enter-Board,0.0,0.0,0.0,0.0,0.0,0.0,0.0,0.0,0.0,0.0,0.0,0.0,0.0,0.0,0.0,0.0,0.0,0.0,0.0,0.0,0.0,0.0,0.0,0.0,0.0,0.0,0.0,0.0,0.0,0.0,0.0,0.0,0.0,0.0,0.0,0.0,0.0,0.0,0.0,0.0,0.0,0.0,0.0,0.0,0.0,0.0,0.0,0.0,0.0,0.0,0.0,0.0,0.0,0.0,0.0,0.0,0.0,0.0,0.0,0.0,0.0,0.0,0.0,0.0,0.0,0.0,0.0,0.0,0.0,0.0,0.0,0.0,0.0,0.0,0.0,0.0,0.0,0.0,0.0,0.0,0.0,0.0,0.0,0.0,0.0,0.0,0.0,0.0,0.0,0.0,0,0,0,0,0,0,0,0,0,0,0.0,0.0,0.0
30788>30532,524,524,BDSu,Bond Street,Bond Street // Elizabeth Line // WB,669,OXCu,Oxford Circus,Oxford Circus // Victoria // NB,Alight-Exit-Interchange-Enter-Board,42.7735714024224,1.554621959,10.51551533,7.481457234000001,15.468137846,5.886271180000001,1.8675678534224,0.0,0.023326455,0.050980883,0.06969101899999999,0.216565219,0.308502419,0.399273416,0.486282548,0.569821052,0.630555552,0.7883994120000001,1.00332684,1.12645598,1.2182704,1.207158974,1.064862634,0.912012254,0.776519014,0.691456354,0.526676864,0.455189254,0.316880008,0.3224871480000001,0.246205222,0.2445211340000001,0.2869939560000001,0.327260854,0.31156618,0.351579558,0.354273794,0.3539355320000001,0.307801898,0.26507902,0.21735545,0.224438646,0.184484758,0.21727668,0.218800772,0.242685176,0.27657348,0.316529346,0.417872178,0.475162858,0.546504332,0.7328255400000001,0.7666719120000001,0.90934322,1.2111024,1.272306174,1.264722514,1.613230534,1.744796234,1.627433594,1.62000616,1.542719312,1.162980252,0.838881952,0.8326423520000001,0.7158974980000001,0.6052291780000001,0.5942004240000001,0.5454213400000001,0.2898871940000001,0.2734475120000001,0.309878688,0.273317808,0.270379044,0.33708819,0.33627328,0.291526566,0.266706832,0.254228194,0.180976493,0.157906362,0.127048414,0.11870920748448,0.06663371348448001,0.04224965448448,0.02530873148448,4.0548448e-07,0.0,0.0,0.0,0,0,0,0,0,0,0,0,0,0,0.0,0.0,0.0
30788>30533,524,524,BDSu,Bond Street,Bond Street // Elizabeth Line // WB,669,OXCu,Oxford Circus,Oxford Circus // Victoria // SB,Alight-Exit-Interchange-Enter-Board,298.54463581481,38.77685816,110.33782628,63.01693386000001,58.87350352000001,20.29066358,7.248850414809989,0.0,0.5830074000000001,2.395559,4.1515592,5.737629999999998,7.260307319999999,8.88487952,9.76391572,9.68417472,10.04361672,11.548492,11.9401694,11.8682126,12.3020802,11.4773748,9.575466800000001,8.097477300000001,5.9350551,4.30499426,3.56071238,2.82759252,2.37592982,2.42576262,2.53390462,2.71261896,2.79599082,2.50443526,2.63590898,2.46675458,2.48170132,2.43949718,2.69873774,2.45634306,2.66644418,2.42391356,2.65783336,2.6669412,2.65753288,2.46692962,2.79173788,2.5982719,2.74297982,2.879301020000001,3.10987096,3.26377412,3.497279260000001,4.015143200000002,4.499835020000001,5.369686520000001,5.929830460000002,6.640712440000001,6.382841200000001,6.28563976,5.33203252,4.39485926,3.26186976,2.56146484,1.9292213,1.7171019,1.56875722,1.68974584,1.6547006,1.65070966,1.61260672,1.56882484,1.43529394,1.43643758,1.46579914,1.3419658,1.39276914,1.30160552,1.0806734,0.8282129800000001,0.6169030413619979,0.3388553639619978,0.1789685029619978,0.0831088829619978,0.0319183229619978,0.0319183216,0.021951139,0.0,0.0,0.0,0,0,0,0,0,0,0,0,0,0,0.0,0.0,0.0
30788>30701,524,524,BDSu,Bond Street,Bond Street // Elizabeth Line // WB,524,BDSu,Bond Street,Bond Street // EntEx,Alight-Exit,10893.3081814,563.688372,4032.762388,3653.110914000001,2031.8165914,523.5420926000002,88.38782340000002,0.0,5.606656600000001,15.8816352,31.4402732,60.5322072,104.9164852,148.7371626,196.573952,249.85307,289.3609360000001,322.705692,358.114458,397.756382,420.258214,422.394634,398.122692,366.693086,318.12911,264.088726,225.285388,203.312592,184.073166,164.717084,156.788766,155.260424,156.050774,151.827858,155.644776,158.169826,157.70111,151.0459,149.919342,146.041464,143.287862,139.548906,142.319054,142.981462,140.825456,136.941528,138.970088,140.193124,142.750912,143.23255,151.50689,156.607702,156.827088,159.375952,168.03075,178.1307100000001,183.354762,194.876198,196.368428,191.112666,169.9379068,151.8673298,125.3270988,102.5336888,80.4701618,66.02253300000001,53.22276260000001,44.61965680000001,36.3319252,31.101455,27.230181,23.5448448,20.896854,19.237045,18.3309846,16.7348612,14.5592832,12.5506804,10.78444166,8.63278238,6.926476859999998,5.661966860000001,4.63398722,3.32605242,2.1804273,1.34381222,0.7892918200000001,0.26375986,0.0,0.0,0,0,0,0,0,0,0,0,0,0,0.0,0.0,0.0
30788>30714,524,524,BDSu,Bond Street,Bond Street // Elizabeth Line // WB,524,BDSu,Bond Street,Bond Street // Central // EB,Alight-Interchange-Board,5.938584188567851,0.431468859,1.6046248596,1.0215983694,2.6689440672,0.2119480158,1.756784999999999e-08,0.0,0.0,0.0,0.014858967,0.033413321,0.108555055,0.124991917,0.149649599,0.134790632,0.116236278,0.08253656,0.0693822356,0.0524997708,0.1740993368,0.2163958868,0.1749538708,0.2197314052,0.211956188,0.0971696228,0.05487307280000001,0.05977158220000001,0.0216105558,0.0216105558,0.021277131,0.021277131,0.0163786216,0.006479576,0.006479576,0.0,0.0,0.0,0.0,0.00478582,0.00478582,0.00478582,0.00478582,0.00478582,0.0,0.059228212,0.059228212,0.109667236,0.18648094,0.18648094,0.221699,0.263874954,0.2191156208,0.2781116168,0.3439753508,0.3191369688,0.3138073848,0.308127694,0.208615852,0.1478757378,0.07826784780000001,0.0842102658,0.1038247738,0.0675269158,0.062403296,0.062403296,0.019614508,0.0,0.0,0.0,0.0,0.0,0.0,0.0,0.0,0.0,0.0,0.0,0.0,0.0,3.513569999999999e-09,3.513569999999999e-09,3.513569999999999e-09,3.513569999999999e-09,3.513569999999999e-09,0.0,0.0,0.0,0.0,0.0,0,0,0,0,0,0,0,0,0,0,0.0,0.0,0.0
30788>30715,524,524,BDSu,Bond Street,Bond Street // Elizabeth Line // WB,524,BDSu,Bond Street,Bond Street // Central // WB,Alight-Interchange-Board,520.8830966000004,39.67468770000001,207.9073868200001,99.74085536000001,131.47275174,34.54919342000001,7.538221559999998,0.0,0.0,0.0,0.27650318,0.27650318,8.520194380000001,13.22097838,17.38050858,22.69234800000001,26.8171946,25.88400840000001,24.6737064,23.5083266,19.8956278,18.4664414,12.6791396,10.6005153,9.18920458,7.57216162,5.92871252,5.147584520000001,4.475650860000001,3.5294111,3.89977792,3.690201220000001,3.59132208,3.53173546,3.4898273,3.58814484,3.67147012,4.019104260000002,4.170824700000002,4.51400984,4.61053024,4.75410736,4.79540664,5.00545332,4.79611762,5.0475389,3.9780021,3.83254402,4.00953394,3.28099274,4.311564260000001,6.732263760000001,5.845592360000001,7.654159300000001,10.0919553,13.4366319,15.2584572,16.42049552,16.86791112,15.31100044,9.760525440000002,6.68714136,7.406618040000001,4.60655164,4.35464462,5.03702406,4.26946066,2.76455066,2.58649842,2.41803046,1.98931844,1.90214512,1.79080296,1.51530824,1.31485814,1.37557342,1.06116942,0.79590658,0.57444294,0.3143827,0.37207746,0.6833493,0.6833493,0.6833493,0.6833493,0.31127184,0.0,0.0,0.0,0.0,0,0,0,0,0,0,0,0,0,0,0.0,0.0,0.0
30788>30722,524,524,BDSu,Bond Street,Bond Street // Elizabeth Line // WB,524,BDSu,Bond Street,Bond Street // Jubilee // NB,Alight-Interchange-Board,1334.48123175,107.7217694,405.0808252,324.852331,326.631355,127.11022446,43.08472669000001,0.0,1.6997162,4.0550228,7.6039688,13.101368,20.540694,27.2503418,33.47065780000001,38.93044140000001,42.8461782,44.9971034,47.34010740000001,47.11668280000001,44.4105568,39.643402,31.8360826,23.3058528,17.9850474,14.148244,12.5211264,13.4796656,13.5882904,13.2886522,13.7870108,13.7380846,13.950454,13.7850098,14.1289774,13.962649,13.5123136,13.2306122,13.7142796,13.3217388,12.8078514,13.0692314,14.1249508,14.3247668,14.4439996,13.58356592,13.14676592,12.08191852,12.79141232,12.53653612,14.4535942,16.7073416,18.3158654,20.7149104,26.024503,29.20769960000001,31.7878974,34.4425032,36.9497328,33.255274,30.5609888,26.6117042,22.0529346,15.6529522,14.0899474,11.9344968,10.804034,10.436977,10.3604916,9.8135272,9.9549038,9.5226856,9.054977,8.091701680000002,7.393530180000001,6.89857426,5.963956860000001,5.32749626,5.436924100000001,4.831408720000002,4.26771366,3.71918259,3.02401177,1.88975645,1.14074093,0.38398711,0.20097398,0.0,0.0,0.0,0,0,0,0,0,0,0,0,0,0,0.0,0.0,0.0
30788>30723,524,524,BDSu,Bond Street,Bond Street // Elizabeth Line // WB,524,BDSu,Bond Street,Bond Street // Jubilee // SB,Alight-Interchange-Board,405.910773411,45.75280910000001,152.7487451,125.688089,56.72253478,19.22967848,5.768916951,0.0,0.15757182,0.45653838,1.98885738,4.39983358,9.37360458,13.21164236,16.164761,19.8856708,19.5796246,16.9498698,15.3848646,15.7051172,11.7575518,11.2960396,10.22451866,9.62152686,7.08351206,7.80069286,7.45975626,7.19646472,6.84385584,7.84955124,7.136115320000001,6.98994688,7.192148760000001,6.652311500000001,5.32298074,4.692530060000001,4.54224824,3.95875324,3.74940852,3.72730664,3.47383584,3.5499933,3.95025796,4.207715220000001,4.26035956,4.89162576,5.11463966,5.014052200000001,5.098595599999999,5.1493639,5.124028300000001,4.88728532,5.02395772,5.023630320000001,5.33051832,5.268296320000001,5.366697,5.231388,5.10964152,4.698527520000002,4.27461796,3.52185184,2.98612294,2.3737525,1.9652097,1.62461894,1.44856632,1.48949722,1.39461448,1.39614202,1.59334566,1.72654666,1.48834494,1.43116188,1.29787816,1.1401424,0.8507267140000001,0.7529789000000001,0.60275698,0.6360057139999999,0.429813812,0.356647933,0.2725347142,0.3191046822,0.1383825282,0.1004114702,0.0917507752,0.077660328,0.0,0.0,0,0,0,0,0,0,0,0,0,0,0.0,0.0,0.0
30788>30787,524,524,BDSu,Bond Street,Bond Street // Elizabeth Line // WB,524,BDSu,Bond Street,Bond Street // Elizabeth Line // EB,Alight-Interchange-Board,0.0,0.0,0.0,0.0,0.0,0.0,0.0,0.0,0.0,0.0,0.0,0.0,0.0,0.0,0.0,0.0,0.0,0.0,0.0,0.0,0.0,0.0,0.0,0.0,0.0,0.0,0.0,0.0,0.0,0.0,0.0,0.0,0.0,0.0,0.0,0.0,0.0,0.0,0.0,0.0,0.0,0.0,0.0,0.0,0.0,0.0,0.0,0.0,0.0,0.0,0.0,0.0,0.0,0.0,0.0,0.0,0.0,0.0,0.0,0.0,0.0,0.0,0.0,0.0,0.0,0.0,0.0,0.0,0.0,0.0,0.0,0.0,0.0,0.0,0.0,0.0,0.0,0.0,0.0,0.0,0.0,0.0,0.0,0.0,0.0,0.0,0.0,0.0,0.0,0.0,0,0,0,0,0,0,0,0,0,0,0.0,0.0,0.0
