ID,Complex NLC,From NLC,From ASC,From Station,From Node,To NLC,To ASC,To Station,To Node,Movement,Total,Early,AM Peak,Midday,PM Peak,Evening,Late,0500-0515,0515-0530,0530-0545,0545-0600,0600-0615,0615-0630,0630-0645,0645-0700,0700-0715,0715-0730,0730-0745,0745-0800,0800-0815,0815-0830,0830-0845,0845-0900,0900-0915,0915-0930,0930-0945,0945-1000,1000-1015,1015-1030,1030-1045,1045-1100,1100-1115,1115-1130,1130-1145,1145-1200,1200-1215,1215-1230,1230-1245,1245-1300,1300-1315,1315-1330,1330-1345,1345-1400,1400-1415,1415-1430,1430-1445,1445-1500,1500-1515,1515-1530,1530-1545,1545-1600,1600-1615,1615-1630,1630-1645,1645-1700,1700-1715,1715-1730,1730-1745,1745-1800,1800-1815,1815-1830,1830-1845,1845-1900,1900-1915,1915-1930,1930-1945,1945-2000,2000-2015,2015-2030,2030-2045,2045-2100,2100-2115,2115-2130,2130-2145,2145-2200,2200-2215,2215-2230,2230-2245,2245-2300,2300-2315,2315-2330,2330-2345,2345-0000,0000-0015,0015-0030,0030-0045,0045-0100,0100-0115,0115-0130,0130-0145,0145-0200,0200-0215,0215-0230,0230-0245,0245-0300,0300-0315,0315-0330,0330-0345,0345-0400,0400-0415,0415-0430,0430-0445,0445-0500
30101>30110,1475,511,BSTu,Baker Street,EntEx,511,BSTu,Baker Street,Bakerloo // NB,Enter-Board,1762.41428103,8.696226650000002,89.56872847999999,537.985765,680.4495704000001,319.7122274000001,126.0017631,0.0,0.10949496,0.244978046,0.639842746,1.174402286,1.663351206,2.047279706,2.8168777,3.8791664,5.092473060000001,5.950848540000001,7.89565848,9.507881,9.5307916,8.7900146,8.64189912,7.78612132,6.872744320000002,7.08354632,8.53758372,9.5833096,10.4459752,11.5700034,12.8452722,13.5058878,14.0780412,15.3487228,15.4691782,16.37737820000001,16.9920362,18.4996318,18.99023660000001,20.6656228,21.0692254,21.8407564,23.5502916,23.932964,24.302738,25.7603304,27.4312558,32.6871034,41.0160486,47.9456746,54.0780808,58.4264214,57.1110328,57.2537056,58.0563736,57.5866676,57.0544494,59.7676422,57.4615982,57.1310538,56.72424840000001,54.82452140000001,49.051856,43.754986,36.75472600000001,30.9926086,27.4149962,25.4496936,23.3896496,22.4503636,21.9252122,21.4984186,21.1095964,22.5382976,22.43367900000001,20.3908478,18.772396,18.194004,15.6935304,12.79044734,10.90530048,9.38701768,6.412452200000001,4.81858714,3.4705148,2.69433706,1.74022566,0.7321025400000001,0.0,0.0,0,0,0,0,0,0,0,0,0,0,0.0,0.0,0.0
30101>30111,1475,511,BSTu,Baker Street,EntEx,511,BSTu,Baker Street,Bakerloo // SB,Enter-Board,5087.528208899999,31.7043571,566.5338545000002,1822.0895698,1815.3237204,654.06334,197.8133671,0.0,0.2717285799999999,0.8704223799999999,1.87409038,3.21063108,5.162019880000001,7.853266100000001,12.4621987,17.78095010000001,24.590436,32.0328406,43.1069998,54.9386174,61.8579812,65.1098954,65.65843760000001,60.2838684,52.4719524,46.0081452,42.6937304,41.8710468,43.6037694,44.9297808,49.3480778,54.33785580000001,61.15544980000001,67.1208744,73.34807500000002,80.04797400000002,83.32316999999999,83.788606,81.44792,78.73685600000002,76.896458,75.28797800000002,74.41922600000002,75.799366,79.30346999999999,82.697815,86.724424,94.07825,102.437226,111.771846,119.614055,129.052996,135.436754,148.784618,154.379618,165.906208,173.175924,179.825454,170.922306,162.055776,147.949404,134.5433532,113.2913092,95.9900696,83.97109160000002,71.065747,58.98576380000001,54.00675379999999,51.19394340000001,46.85719460000001,42.7040276,40.0919576,37.82597120000001,36.613536,34.7572838,31.9619394,29.3373422,26.32371300000001,23.7341672,21.3041606,18.286776,15.2009875,12.6298099,8.3419829,5.347298500000001,3.5059931,1.8391968,0.0,0.0,0.0,0,0,0,0,0,0,0,0,0,0,0.0,0.0,0.0
30101>30120,1475,511,BSTu,Baker Street,EntEx,511,BSTu,Baker Street,H&C and Circle // EB,Enter-Board,5698.078253899999,128.7009133,945.302381,1922.3098848,1547.3363298,791.1550383999999,363.2737066,7.7583188,9.317155999999999,10.39198806,11.57859306,15.22353906,17.58549946,24.77969346,32.0661254,38.0054614,45.2106148,61.97711,81.2523848,96.10056879999999,108.4775572,108.2352112,103.8007892,88.9877372,78.5061464,67.94990159999999,66.7988984,63.4275884,63.3046444,61.8149784,63.22338800000001,64.5581372,65.59926920000001,66.4053892,69.996228,72.507388,73.8864808,75.5561276,77.36712560000002,76.59553160000002,77.22747360000002,77.2350328,77.938766,79.103312,83.03655400000002,89.02979400000002,96.1261472,104.9574192,111.2455332,116.0114192,116.1561572,118.3104128,112.1264696,122.2049976,126.4238416,130.8108716,136.5712408,151.202162,144.870704,139.52107,135.296541,123.6331658,106.364853,95.208265,87.73747600000002,78.955814,73.41997920000001,68.16924600000002,63.871616,60.6743634,56.9873564,53.744391,53.131721,50.96521940000001,48.28959099999999,46.665531,43.8024276,39.63895700000001,37.16496400000001,35.81527120000001,34.4599166,32.894797,29.0898402,23.971951,17.0395398,10.2046064,4.744626800000002,1.6965562,0.0,0.0,0,0,0,0,0,0,0,0,0,0,2.0282406,2.0282406,2.0282406
30101>30121,1475,511,BSTu,Baker Street,EntEx,511,BSTu,Baker Street,H&C and Circle // WB,Enter-Board,3026.857322584799,26.82368314,313.21230436,1039.6461924,969.8040778000001,498.9094712,178.4615936848,0.7900682400000001,1.2826116,1.74441628,2.4033596,2.79034242,3.3491206,5.29667884,9.16708556,14.98616964000001,18.91388752000001,23.8117304,27.3435068,28.2982874,29.781473,30.0207872,29.35632,29.700778,29.691715,25.7751336,25.5325158,25.97149,24.7303176,24.7044734,27.47242420000001,30.393153,31.8710744,34.7254268,36.93391800000001,37.3912086,37.0547466,38.5575878,39.6199218,39.8036938,40.4837484,41.1429784,41.5494476,41.79634040000001,43.7835844,48.1572462,52.47480680000001,62.6162228,70.31345200000001,79.40727,88.69165939999998,93.22092679999999,85.38896559999999,85.5397796,83.8269296,78.7963348,81.4146828,84.82870199999998,85.493052,81.650626,75.40572200000003,70.416848,63.8215086,55.64883100000001,50.986139,50.328725,44.841945,44.6151224,42.0589914,39.7876794,37.57458339999999,34.3350618,33.6278528,32.685631,32.418909,29.4340764,28.12876900000001,24.94159,21.8830942,18.2776092,16.2221478,13.478098,10.15382508,7.347319959999999,4.98470609696,2.56303009696,0.8296048969600001,0.21641381696,0.00130913696,0.0,0,0,0,0,0,0,0,0,0,0,0.0,0.0,0.0
30101>30122,1475,511,BSTu,Baker Street,EntEx,511,BSTu,Baker Street,Jubilee // NB,Enter-Board,2152.70651626,11.79907094,153.86018292,669.3287163000001,731.6946244,421.1986356000001,164.8252861,0.178862632,0.4683551520000001,0.959803992,1.332822352,1.870604212,1.96717056,2.324553180000001,2.69689886,4.6889141,9.95911824,14.95273366,18.35570172,20.283639,19.8243698,15.8273871,12.03341556,9.58986116,8.85450336,9.47089796,10.01964126,11.4417202,12.9269042,14.4934984,15.0478895,16.4742139,17.5352057,18.78017890000001,19.7820939,22.5148486,24.4325732,25.2757936,26.5492742,27.5938402,26.7204424,26.4857054,27.6100186,28.8860264,29.6058686,32.06310560000001,34.6230814,42.5643034,49.01179500000001,55.324073,63.58626200000001,70.0376916,67.98308440000001,66.61297040000001,64.71240499999999,59.8673854,57.72033820000001,58.82100620000002,58.53104620000001,58.52496820000001,60.29230680000001,56.76238040000001,51.82904160000001,47.41256900000001,43.373645,38.234959,36.47168,35.5335338,34.6013804,33.7811344,32.72822600000001,31.974437,30.282479,28.6970424,28.10754960000001,26.138235,23.5999762,21.8162922,19.9522334,16.5448286,14.3828286,12.22231234,9.67604354,7.84141154,5.90255314,3.64781014,2.0601628,1.0405986,0.0,0.0,0,0,0,0,0,0,0,0,0,0,0.0,0.0,0.0
30101>30123,1475,511,BSTu,Baker Street,EntEx,511,BSTu,Baker Street,Jubilee // SB,Enter-Board,9777.1473199,143.9945897,1508.7396972,3242.176557,3012.098276,1365.2980758,504.8401242,3.4692764,4.71661946,6.832283460000001,11.12828686,15.98731066,20.91449966,33.18069860000001,47.76561459999999,61.63367120000001,77.491344,98.52212800000001,126.406156,149.620564,161.86494,167.639544,167.540288,147.802992,127.623446,115.928363,106.666261,97.573769,95.10261899999999,94.340533,97.63964399999999,102.34341,110.334646,119.621482,129.368784,136.690914,138.935,141.437808,140.021134,135.2448928,132.7170368,132.7041388,132.4363348,136.0313308,142.96708,150.892682,157.416476,166.814238,172.931428,185.780758,192.830418,205.42911,216.0601,240.204522,248.638386,270.514192,283.621866,296.544494,286.326278,277.955194,253.059704,232.997624,200.746806,175.2348488,153.5858168,138.3523128,123.6373868,114.470934,106.8518612,104.2957072,97.3791862,92.0373662,89.36923700000001,87.80005700000002,82.28336180000002,79.37196800000002,72.02056400000002,67.64862,62.116252,55.8892012,47.3886436,40.827483,30.6367476,21.4258478,13.5825038,8.3821642,4.2959288,1.2542002,0.0,0.0,0,0,0,0,0,0,0,0,0,0,0.0,0.0,0.0
30101>30124,1475,511,BSTu,Baker Street,EntEx,511,BSTu,Baker Street,Metropolitan // NB,Enter-Board,4236.937296,38.1609619,224.9827422,1011.2634709,1698.4266126,889.6475812000001,374.4559272000001,2.0696254,2.80485952,3.70698012,5.05072564,4.49063444,4.69577414,7.02465362,8.31770902,9.7656585,13.1564885,19.8872716,22.3999616,25.5096924,26.447237,24.810373,19.92437420000001,17.12162570000001,14.9682359,14.7702859,16.2215379,17.2135525,18.30607,19.1179014,21.1578212,22.1384576,23.40415500000001,25.7149834,29.1832298,30.3440564,32.077042,35.3480198,38.00612879999999,37.995736,40.409744,44.9995234,49.2762782,51.2481946,55.062126,59.571324,59.8347296,61.3532848,68.8239484,78.40735699999998,92.269807,105.432762,117.125226,121.905706,137.430604,141.763568,149.828548,158.8635,170.565894,161.645594,153.9722452,147.4514412,132.4415242,115.8214262,100.936643,93.9581898,82.7626738,77.2397128,70.6081648,68.505538,63.17968199999999,57.74484080000001,54.1484128,53.06037160000001,51.68192560000001,47.82157400000001,44.75100980000001,42.30069740000001,39.41662160000001,35.9172196,32.2740552,31.0374062,27.430824,23.4907924,19.30550640000001,14.9360244,9.4318348,4.9697654,1.372596,0.0,0,0,0,0,0,0,0,0,0,0,0.0,0.0,0.0
30101>30125,1475,511,BSTu,Baker Street,EntEx,511,BSTu,Baker Street,Metropolitan // SB,Enter-Board,6763.075125000002,104.0000626,1545.1591948,1841.6992796,2306.456438,765.0707478000002,200.6894022,0.0,1.2134968,2.5824536,4.859889600000002,12.3260236,17.48745760000001,27.7167848,37.8139566,49.3781946,62.93205660000001,86.60758860000001,118.4325966,152.830494,180.768786,187.484434,190.76804,163.898196,142.818044,112.462859,96.7779054,79.5002314,76.95839740000002,63.2033774,64.163092,65.0507744,63.9005094,62.4240422,65.37173620000002,66.3102806,67.87133100000001,66.839252,68.5922432,67.6076592,68.68058119999999,67.242852,69.47220200000001,69.87536,72.75419600000002,76.371418,83.746576,92.574352,102.140186,125.09074,135.95789,148.174602,166.561052,187.040114,193.03918,216.70035,232.66507,235.312188,228.852176,214.814956,188.207164,160.019558,135.070028,110.562882,94.249608,79.90689600000002,72.76826600000003,62.2898168,59.4515296,54.5306064,52.25709300000001,47.26261700000001,47.34019620000001,43.68533400000001,40.7659028,38.0328482,35.19421180000001,31.543635,29.1673128,25.1421148,18.5576828,13.0987472,7.348476,2.6043736,0.0,0.0,0.0,0.0,0.0,0.0,0,0,0,0,0,0,0,0,0,0,0.0,0.0,0.0
30110>30101,1475,511,BSTu,Baker Street,Bakerloo // NB,511,BSTu,Baker Street,EntEx,Alight-Exit,3801.131918499998,83.38818400000001,1254.9804382,1370.6308918,618.4560826000001,312.8875662000001,160.7887557000001,0.0,0.8541599200000001,1.70769644,2.45979324,7.259430439999999,13.64497004,23.52182292,33.94031100000001,46.6655622,57.622674,70.7372124,83.1677796,106.220235,127.249451,137.903274,147.554768,146.240718,130.52375,106.69467,94.40034399999999,79.4093052,70.4114212,63.74599520000001,63.81955040000001,61.25188300000001,58.7521988,55.74453440000001,55.03286379999999,57.1607746,58.57596700000001,59.02013600000001,61.64018900000001,61.54837460000001,61.10101060000001,58.40377400000001,55.65780600000001,54.41183340000001,54.21104600000001,50.8472434,48.50026,48.43517660000001,45.7967546,43.9594094,43.1933846,46.87780360000001,48.17572300000001,48.92168460000001,50.6026262,54.17782760000001,53.96713920000001,54.62416320000001,56.8747346,56.23153860000001,52.59754200000001,49.6992394,45.7060606,39.8480208,34.7804368,31.13135620000001,26.9652124,24.1349336,22.9604538,21.9461364,21.6905836,21.945447,21.8737478,22.0853404,23.5258974,25.2642478,25.797113,25.1731422,23.44217920000001,19.571588,14.6899228,10.547071,7.21659654,4.304757260000001,2.67847886,1.48346366,0.50975166,0.11044372,0.0,0.0,0,0,0,0,0,0,0,0,0,0,0.0,0.0,0.0
30110>30120,1475,511,BSTu,Baker Street,Bakerloo // NB,511,BSTu,Baker Street,H&C and Circle // EB,Alight-Interchange-Board,22.40161585300001,1.4711568162,2.328904360800001,9.6086240872,4.1728523488,2.757941602,2.062136638,0.0,0.27506016,0.27506016,0.27506016,0.27506016,0.2807317654,0.0129528154,0.0772315954,0.0772315954,0.0772315954,0.08827449600000001,0.09428693400000003,0.08698456800000001,0.144615628,0.17196431,0.2447206140000001,0.3847634560000001,0.3671473220000001,0.309516262,0.28216758,0.19269677,0.094291766,0.1698203660000001,0.265454242,0.342149136,0.447179566,0.4684771760000001,0.447815604,0.4026012980000001,0.3827036580000001,0.412381488,0.4482636920000001,0.4302388720000001,0.482235436,0.5054250339999999,0.465754884,0.40666306,0.417000228,0.4991727400000001,0.5462909480000001,0.537419042,0.4843995660000001,0.4002323206,0.3599571946,0.3454110246,0.4272458206,0.4272458206,0.42487341,0.2847229708,0.1749982126,0.1131454526,0.1775337805999999,0.2833676686,0.4911559878,0.534356132,0.488796068,0.471689232,0.365855344,0.250457864,0.204423588,0.18610676,0.17766791,0.195157904,0.125736018,0.165584576,0.187019148,0.189821866,0.238421392,0.248798966,0.267147512,0.30731866,0.272191142,0.246585196,0.23501362,0.187699978,0.101532636,0.095014794,0.05453122000000001,0.02859318800000001,0.017709726,0.0,0.0,0.0,0,0,0,0,0,0,0,0,0,0,0.0,0.0,0.0
30110>30121,1475,511,BSTu,Baker Street,Bakerloo // NB,511,BSTu,Baker Street,H&C and Circle // WB,Alight-Interchange-Board,1289.44221105,8.25959917,172.95283208,295.559043,336.2645634,265.8109718,210.5952016,0.0,0.02935467,0.19367413,0.40041697,0.66556465,1.08122505,1.92744598,3.96191772,5.49531928,6.5722576,9.437201199999999,13.0827484,16.4144112,18.8670516,20.00167840000001,20.4409116,18.0727724,16.7906716,14.6350142,13.1427946,11.609212,10.46336188,8.08520588,7.410183280000001,8.42019128,8.526110280000001,9.5669176,10.3305154,11.5396994,11.4071672,10.6101976,11.2414054,11.2888952,10.862804,11.7713526,13.3529508,13.8669414,14.5996696,15.1157262,15.8232738,16.7162406,16.5494762,16.920753,19.4807924,21.8092904,23.6088524,25.1029686,26.5932708,29.9970824,31.70779060000001,32.1768782,32.9440352,32.8670412,29.3507426,25.464849,24.64176200000001,22.738168,21.19862880000001,20.0008874,18.8874792,18.418212,19.6104386,20.39003880000001,20.750551,23.5580614,23.8602934,26.1674008,30.2308124,33.92187380000001,34.3803816,33.5527196,30.71628280000001,24.0079582,18.4912882,13.7035536,9.70608828,5.808724280000002,4.01497828,1.56900948,0.57275628,0.1495872,0.0,0.0,0,0,0,0,0,0,0,0,0,0,0.0,0.0,0.0
30110>30122,1475,511,BSTu,Baker Street,Bakerloo // NB,511,BSTu,Baker Street,Jubilee // NB,Alight-Interchange-Board,2813.456591430001,27.05007513,189.5025091,506.9558392,829.9347009999999,710.2976744,549.7157926000001,0.0,0.104007446,1.081747346,1.872560786,3.036261086000001,4.156492686000002,7.66681324,9.13219254,13.4808013,16.536389,20.9249072,21.584632,22.3987908,19.9904276,17.9270994,14.5800004,11.9225374,10.7789552,9.680321800000002,9.697647,9.3598346,9.673826,9.642591,10.0934056,10.4636084,11.0077028,11.4572416,12.1926094,13.2927156,14.5634956,16.31622440000001,18.3055438,19.8959324,20.8574964,22.6945656,24.1862354,25.409608,26.9868538,31.0768846,31.7799024,32.782407,36.31273579999999,42.3481858,46.2562332,55.7545444,60.769476,66.0558152,66.2522392,72.54014860000002,71.79140860000003,75.785329,74.1085676,76.72629659999998,71.1595026,71.28940659999999,67.70196659999999,64.1562452,60.0366416,59.26522260000001,56.95638960000001,55.4288132,55.643588,54.86012760000001,54.2377154,53.4764254,57.96777060000001,65.4054126,72.86332259999999,80.3294958,80.29150279999999,74.29036300000001,69.99690240000001,60.9944248,50.0241318,40.58092680000001,35.3668746,24.887842,16.5004076,8.5342546,5.851745599999999,2.0669208,0.0,0.0,0,0,0,0,0,0,0,0,0,0,0.0,0.0,0.0
30110>30123,1475,511,BSTu,Baker Street,Bakerloo // NB,511,BSTu,Baker Street,Jubilee // SB,Alight-Interchange-Board,69.42875895703999,0.32482885254,5.0674198735,26.738924296,22.60914668,11.174644224,3.513795031,0.0,0.0,0.0123720632,0.012453254348,0.018120840548,0.050081218548,0.112276718548,0.119524757348,0.12012491606,0.11445732986,0.1160289698600001,0.09132579186,0.23237770986,0.373881952,0.5504021720000001,0.7017935740000001,0.743435328,0.7015124380000001,0.6838859460000001,0.6381937460000001,0.6418867260000001,0.76401015,0.92506502,0.96077826,1.04334106,1.01808478,0.990454,0.8711234600000001,0.9668165000000001,0.8857758000000001,0.92390612,1.00099738,1.05044204,0.9033676,1.02851918,1.0775319,1.03163456,1.1057701,1.28669406,1.2611461,1.42223734,1.7066108,1.84119928,2.03153208,2.0348152,2.04256808,2.03973824,2.01364538,1.84832584,2.02185778,2.04102854,1.85737316,1.69595654,1.70720338,1.66449154,1.642143,1.47861502,1.52525228,1.42603614,1.27101324,1.06502104,1.017063516,0.78100836,0.701810972,0.5672754860000001,0.38224152,0.435574844,0.523731806,0.446660246,0.4235107380000001,0.508291684,0.452540134,0.343991364,0.330478418,0.301012602,0.210341193,0.164102149,0.142779193,0.08570222699999999,0.061818977,0.042566106,0.0,0.0,0,0,0,0,0,0,0,0,0,0,0.0,0.0,0.0
30110>30124,1475,511,BSTu,Baker Street,Bakerloo // NB,511,BSTu,Baker Street,Metropolitan // NB,Alight-Interchange-Board,5557.806636900003,43.5627304,181.1813576,1026.2863219,1911.7596492,1346.5083588,1048.508219,0.0,1.727391,2.839073,3.90048048,5.21587668,8.226854280000001,10.04811548,11.60493948,13.652621,14.3958458,15.8650448,14.7147878,16.3585736,16.31227359999999,17.749942,16.4988758,16.4426722,14.0226046,13.1806114,11.987505,10.0511702,10.4272819,12.4125171,13.6774273,16.4017613,19.9770441,21.3877284,23.2198428,26.8460648,28.13778600000001,30.8894516,35.99187000000001,39.21991060000001,41.17095560000001,46.5626664,51.563963,56.423081,61.00581260000001,66.9042196,74.25361660000002,78.10849,81.242023,85.04339499999999,95.368243,107.813437,121.773035,137.543222,154.741786,163.443202,175.25733,181.391778,189.467942,185.552134,183.570344,165.795628,145.4098112,133.1559032,120.0678192,105.8682472,95.6102912,104.739598,98.40249720000001,101.2582512,105.7363152,113.1559152,114.9324752,119.792972,133.788074,147.24691,150.1108248,140.7952548,136.1052508,118.7416408,95.30180740000002,79.15957580000001,69.52731659999999,48.6885894,31.6849534,19.3816048,9.9533256,1.8111648,0.0,0.0,0,0,0,0,0,0,0,0,0,0,0.0,0.0,0.0
30110>30125,1475,511,BSTu,Baker Street,Bakerloo // NB,511,BSTu,Baker Street,Metropolitan // SB,Alight-Interchange-Board,91.06817856617,0.506990686136,9.754090910033998,32.924623262,27.369327112,14.165829028,6.347317568,0.0,0.0,0.0,0.0,4.390003400000001e-05,0.051521910034,0.061800778034,0.393624098034,0.7492671380339999,1.032532078,1.035375304,1.046256842,0.8149289620000001,0.494885178,0.442006998,0.686468802,0.8013060160000001,0.8079614880000001,0.912871532,0.930230572,0.831862132,0.974575172,1.20387632,1.32050528,1.31189578,1.164531888,1.129519128,1.127031868,1.112146568,1.147870208,1.38891648,1.45997802,1.40941922,1.46607524,1.41470646,1.44248832,1.38052556,1.3922402,1.62648208,1.8017719,1.85980114,1.92931302,1.758357007999999,1.270734269999999,1.07626983,1.35983435,1.57987775,2.144889522,2.55739748,3.25733916,3.144556880000001,2.9354337,2.82455114,2.59912174,2.04270402,1.84735154,1.62249516,1.39834854,1.41516534,1.30698688,1.11775602,1.18369268,0.96699524,1.02189258,0.944302952,0.9741082520000002,0.973607362,1.240478022,1.166611322000001,1.21517169,1.16999339,1.124754048,0.7309340852000001,0.5004799652,0.2898032852,0.1390693052,0.0105004772,0.0,0.0,0.0,0.0,0.0,0.0,0,0,0,0,0,0,0,0,0,0,0.0,0.0,0.0
30111>30101,1475,511,BSTu,Baker Street,Bakerloo // SB,511,BSTu,Baker Street,EntEx,Alight-Exit,249.0460257560001,4.754761444,88.797439736,96.54930048000003,41.53581306,14.22013088,3.188580156,0.0,0.070537168,0.258511716,0.378001004,0.657056764,0.8345165520000001,0.9842064640000001,1.571931776,2.030946708,3.275074488,5.6139051,8.021563620000002,8.92212136,10.12097954,10.1515614,9.4508172,8.260628,8.342109599999999,7.638596800000001,6.969135919999998,6.204401320000001,5.853858720000002,5.054671320000002,4.86839182,4.88819678,4.62816726,4.41932166,4.229611599999999,4.21973582,4.1863864,4.11230926,3.92721462,3.91606392,3.66919426,3.4191698,3.243049620000001,3.168252760000001,3.026584060000001,3.03398204,3.01487098,3.20979014,3.339555600000001,3.39995156,3.51656916,3.645871940000001,3.59911008,3.62076178,3.79119908,3.79797104,3.7746159,3.6979825,3.5834969,3.378941200000001,3.13593514,2.87028948,2.63963802,2.26496086,1.94629828,1.71605082,1.54418262,1.39336028,1.24837042,1.065427,0.8806983200000001,0.6968927720000001,0.546226358,0.4814666520000001,0.436196498,0.415990838,0.453322694,0.4764724279999999,0.4558357980000001,0.418339368,0.3640270840000001,0.2500829836,0.1594590332,0.1091741292,0.0512468132,0.0221347572,0.0124942296,0.0,0.0,0.0,0,0,0,0,0,0,0,0,0,0,0.0,0.0,0.0
30111>30120,1475,511,BSTu,Baker Street,Bakerloo // SB,511,BSTu,Baker Street,H&C and Circle // EB,Alight-Interchange-Board,343.12502529,16.518755248,120.472108672,89.71022727999998,86.2817608,21.1801773,8.96199599,0.0,0.9902776800000002,0.9902776800000002,1.64211604,1.64211604,3.67294684,2.770664784,4.810356184,4.188489740000001,4.279045712,5.224603312000001,7.598485288000001,7.352286088,12.665234572,14.4793154,16.50937900000001,14.12125804,14.43893304,10.75985764,8.855220840000003,3.84876884,4.99285726,3.805498340000001,2.71118794,4.07258994,4.59996326,4.51440828,4.14933018,4.44818624,3.7429588,3.95550442,3.19036094,3.52446016,3.08637474,2.98227028,2.56817304,2.96150036,2.40762918,2.55385054,2.45323818,2.79868594,4.10041882,5.4829671,6.759044500000001,7.83596124,8.77057978,8.694181180000001,9.73563348,9.400362220000002,8.861582199999999,8.518552000000001,7.48152548,5.58610762,4.189059680000002,3.727451799999999,3.48076412,2.82475814,2.68950414,2.88256694,2.35458036,1.70051938,1.68865816,1.34689874,1.1753821,1.3877519,1.21270084,1.09110794,0.8257486600000001,0.95033812,0.95961496,0.90708892,0.88033126,0.87494564,0.7337075260000001,0.6762132860000001,0.8567753659999999,0.7242114460000001,0.604428826,0.4792465200000001,0.31509412,0.0,0.0,0.0,0,0,0,0,0,0,0,0,0,0,0.0,0.0,0.0
30111>30121,1475,511,BSTu,Baker Street,Bakerloo // SB,511,BSTu,Baker Street,H&C and Circle // WB,Alight-Interchange-Board,145.937303652,2.357747164,30.087030566,56.74885572000001,36.1217763,16.462904574,4.158989328000001,0.0,0.0,0.05570763400000001,0.106804646,0.331233266,0.4258657360000001,0.555267288,0.8828685940000001,1.193950402,1.002140656,1.649182586,2.755273354,3.051950374,3.183598474,3.54296422,3.42456514,2.69872142,2.60757086,2.44514648,2.531966600000001,2.63357222,2.6244159,2.49034124,2.6772121,2.66511956,2.46589594,2.37990962,2.50214992,2.53547916,2.40710366,2.14762604,2.10340972,1.9443224,1.70833512,1.80736662,2.05425264,2.251046080000001,2.18956678,2.27891376,2.34907348,2.49289556,2.55086178,2.76190588,2.72808054,2.74470976,2.61208044,2.5377454,2.67546668,3.07139096,3.25153866,3.44619718,3.3180276,3.5365782,3.33991658,3.01964202,2.56848282,2.46604656,1.718040788,1.360225428,1.199520708,1.456747368,1.410493988,1.4931908,1.46511084,1.39492207,0.995773982,0.8475813879999999,0.6552506539999999,0.685932034,0.665670544,0.6491537039999999,0.5483071999999999,0.558369694,0.351337303,0.267880263,0.1651693744,0.1403534324,0.06418023240000001,0.05602690340000002,0.006608643399999999,0.0,0.0,0.0,0,0,0,0,0,0,0,0,0,0,0.0,0.0,0.0
30111>30122,1475,511,BSTu,Baker Street,Bakerloo // SB,511,BSTu,Baker Street,Jubilee // NB,Alight-Interchange-Board,1475.083129172,29.358481572,262.0678181,368.323758,546.1945774000001,206.6449067999999,62.49358730000002,0.0,0.007468554400000002,0.2289158544,0.4715697944,2.6877735944,5.984070194400001,8.71931924,11.25936434,16.5303976,20.614719,24.4659932,29.9145346,34.7039418,32.1335582,28.9706276,23.17179614,16.82378794000001,12.14261234,11.82207394,10.77377574,11.6998026,12.0849768,11.874575,11.5761434,12.153142,12.19369,12.2510764,12.0308796,12.3559702,12.1537604,12.6061138,13.115308,13.5798342,13.519337,14.0648608,14.3051158,14.9635576,15.8762776,17.50879380000001,18.8396152,20.3720224,22.3681268,26.9874104,29.84336820000001,36.13812979999999,41.1196026,43.66885079999999,45.24089439999999,47.38125699999999,46.8608774,50.089618,52.08729,51.2336372,49.0569808,45.8482108,37.4692286,33.63044960000001,28.2488222,24.546198,20.9163228,19.2850658,15.5352456,13.7068432,12.2404796,10.717899,9.922348199999998,9.165448199999998,8.729784599999999,8.38598552,8.46489112,8.26897392,8.597660920000001,8.40731378,7.20030058,5.502806260000002,4.063184580000001,2.08352478,0.7655193200000001,0.4442122000000001,0.30921432,0.0,0.0,0.0,0,0,0,0,0,0,0,0,0,0,0.0,0.0,0.0
30111>30123,1475,511,BSTu,Baker Street,Bakerloo // SB,511,BSTu,Baker Street,Jubilee // SB,Alight-Interchange-Board,6862.908028700003,206.0286206,2043.5833128,2171.020004,1504.7878936,724.0713976,213.4168001,0.0,4.241676,9.4096008,14.2626186,24.714313,36.571727,47.091413,69.7372722,91.32007840000001,108.515954,140.592314,166.027756,186.082246,198.638482,215.694608,214.880642,204.323324,188.65285,173.6101812,155.2448772,143.8318472,135.0861052,122.8497292,117.613396,110.446905,95.790095,93.63118380000002,92.79316779999999,91.82300179999999,86.03159880000003,81.9850488,78.538728,75.46995720000001,71.5031412,70.65404579999999,71.1090578,71.1781018,68.85372459999999,68.4813006,72.924228,78.355714,81.57190800000002,90.5363532,99.9616652,107.5608812,111.3766472,120.4535832,125.6574,130.024156,131.32414,138.151228,137.724426,137.198286,131.136882,124.647562,109.532702,98.600602,86.11122999999998,77.44882340000001,70.33648459999999,66.66764380000001,60.0956512,53.4473532,49.1251458,44.2530866,41.3518454,39.02948679999999,37.6040448,35.042874,32.600479,28.7286882,26.9491414,23.335847,19.427608,15.98450374,13.65640534,8.03851934,4.842543740000001,3.162251540000001,1.6479388,0.0,0.0,0.0,0,0,0,0,0,0,0,0,0,0,0.0,0.0,0.0
30111>30124,1475,511,BSTu,Baker Street,Bakerloo // SB,511,BSTu,Baker Street,Metropolitan // NB,Alight-Interchange-Board,748.61155062,8.132057880000001,83.59594594000001,141.4802097,357.0871544000001,117.28555418,41.03062852,0.0,0.0,0.07264522400000001,0.4045070840000001,0.6969457840000001,1.424029044,2.301330044,3.2326007,4.34765618,5.87440208,7.29528522,9.22523882,10.10985654,10.3092204,9.31519744,7.94018168,5.97164808,5.06414628,4.08762034,4.05549288,4.505120380000001,4.00944108,3.57300744,3.67679988,3.87106504,3.4989513,3.757559740000001,4.138053900000001,4.30537334,4.1253294,4.262435200000001,4.74832692,5.07886928,5.25581106,5.575775660000001,5.87848926,6.13526226,5.96155958,6.41410378,6.767270180000001,7.16938118,8.005813120000001,12.41061212,18.3557986,20.3223342,25.10762140000001,27.5273244,33.7634426,33.0561778,36.5844572,33.8492724,37.306964,32.3989208,29.263815,24.30398940000001,23.6028352,19.0314366,14.2435076,12.5305388,12.84392,12.0628978,9.7724508,8.747651800000002,7.66535286,6.14612986,4.859579200000002,4.572297600000002,4.809791260000001,5.002679400000001,5.11406234,5.187449200000001,5.60793826,4.76170126,4.48905096,3.796063020000001,3.07878166,1.7492784,1.35594374,0.5578046400000001,0.32987564,0.0,0.0,0.0,0,0,0,0,0,0,0,0,0,0,0.0,0.0,0.0
30111>30125,1475,511,BSTu,Baker Street,Bakerloo // SB,511,BSTu,Baker Street,Metropolitan // SB,Alight-Interchange-Board,1592.8589217,59.8476302,603.9414178000001,554.4875822000001,268.2247454,88.22312024,18.13442586,0.0,0.0,1.4983276,2.39839168,3.99170168,7.43712828,18.23604348,26.28603748,34.2944222,42.07518520000001,46.94782960000001,49.04237139999999,50.985067,50.3929742,52.01700839999999,62.8225946,59.83000420000001,55.70014699999999,50.82732360000001,49.0064904,37.32273120000001,33.9851458,31.4294294,34.09927800000001,30.9794164,28.8561268,26.9110856,26.9619866,25.8397804,24.2410976,22.6466568,22.178205,21.0936732,19.6853588,18.1923452,18.0027906,17.6696094,17.2680492,16.021446,16.7125088,17.5108818,15.3398914,15.665433,15.8746552,15.13029,16.1288926,19.1126136,20.4769798,23.61528280000001,27.2356212,26.7003884,27.47838,25.6877116,26.078509,21.7848188,18.79525760000001,16.163906,13.8462625,8.879304900000003,7.832180100000001,7.244824960000001,5.90063066,5.774887360000001,5.595081060000001,5.135561539999999,4.60733816,3.629498300000001,3.613644700000001,3.46434628,3.13071494,2.94588138,2.95937378,2.2841479,1.50563022,1.10684408,0.6024615600000001,0.13502572,0.0,0.0,0.0,0.0,0.0,0.0,0,0,0,0,0,0,0,0,0,0,0.0,0.0,0.0
30120>30101,1475,511,BSTu,Baker Street,H&C and Circle // EB,511,BSTu,Baker Street,EntEx,Alight-Exit,2604.710376244,64.53478816,853.7466431999999,980.7078218000001,481.7510362,159.68116706,64.288919824,1.01697214,1.81831614,4.84638754,5.65554762,7.884979919999998,10.4828416,15.7404838,17.0892594,22.8114192,31.34207,44.75466160000001,57.4313794,78.42945440000001,90.6819164,96.510438,95.9181748,95.6059108,85.91109080000003,79.8434656,74.5066622,70.2738208,61.8626368,54.65119940000001,50.4935114,46.11003880000001,43.5730988,40.7738722,40.0547916,39.4162408,40.3541874,38.14255560000001,38.07355020000001,38.4770922,38.1201992,36.28305260000001,36.3367818,36.8628094,36.0728534,33.914987,33.9856418,33.93458820000001,32.3246314,28.5893518,32.02632919999999,38.97805039999999,39.1029916,40.31203360000001,43.05506080000001,41.72996980000001,38.86986100000001,36.917882,42.1413058,43.68702020000001,43.056482,37.4872876,36.4130914,26.1658398,22.236538,17.4418844,14.7282032,13.0528828,12.633318,10.3378171,9.421877499999999,8.8317595,8.32265482,8.17891192,8.32948002,8.54583702,8.57776462,9.003575900000003,8.5298996,7.779869840000001,6.3731636,4.88681884,3.21770342,2.65946774,1.5671001,1.11406374,0.9358073,0.6500893200000001,0.0,0.0,0,0,0,0,0,0,0,0,0,0,0.149252928,0.149252928,0.149252928
30120>30110,1475,511,BSTu,Baker Street,H&C and Circle // EB,511,BSTu,Baker Street,Bakerloo // NB,Alight-Interchange-Board,186.1817015399999,1.785510326,18.78645991,49.87805464400001,73.287241,25.88361294,16.56082272,0.0,0.0,0.03143091,0.06838129800000001,0.191083324,0.417327424,0.45976659,0.61752078,1.033171972,1.442285286,1.516611266,1.82144672,2.11472682,1.98962498,1.8152076,1.66341364,1.55214292,1.39103672,1.31993366,1.126858326,1.226986466,1.196405166,1.253456606,1.427185326,1.62452856,1.75985022,1.82773868,1.88863798,1.89940042,1.94477788,2.05930898,2.2109386,2.18281146,2.14574294,2.02330246,2.03234102,1.98626834,2.1324101,2.38515658,2.75368274,2.9888068,2.90019104,2.92251968,3.1056066,3.8857036,4.12500596,5.32269698,6.32511252,7.108837400000001,7.482887600000002,7.399085640000001,7.663289180000001,7.040158440000003,6.734548240000001,5.33491832,4.86499712,3.35788368,2.74024558,1.8496948,1.8318274,1.80500388,1.94577906,1.97154794,2.03712454,2.20332446,2.06406204,2.02465898,2.05246058,2.12763492,2.43742192,2.63664514,2.68412592,2.469188192,1.980226422,1.114460622,0.6644868972,0.2830084520000001,0.103076,0.02407021,0.02407021,0.0124078148,0.0,0.0,0,0,0,0,0,0,0,0,0,0,0.0,0.0,0.0
30120>30111,1475,511,BSTu,Baker Street,H&C and Circle // EB,511,BSTu,Baker Street,Bakerloo // SB,Alight-Interchange-Board,1469.845612190001,14.84147826,316.9167423000001,499.3587956000001,473.2274568,127.40279018,38.09834905,0.0,0.07873613200000001,0.3965400120000001,0.870323892,1.107395592,1.974840992,3.65080046,6.762841180000001,11.4040959,15.6188876,19.59740780000001,24.6715788,29.73681939999999,30.59429440000001,35.198115,35.42399320000001,34.10879660000001,30.00478320000001,28.1413906,22.4165798,20.7276416,18.881523,17.62778560000001,17.297239,17.7899536,17.9395992,18.687843,20.0374338,21.2092734,21.8745406,22.5973964,22.3168262,21.8979636,21.1236162,20.7893412,21.2139868,21.2581076,20.3786452,20.9249746,21.3865502,21.3082642,22.7270904,23.8864474,25.4767528,27.6532082,29.5802242,34.0087672,38.88192400000001,41.6462536,46.4573946,46.450925,49.14153560000001,47.1207456,43.70690620000001,35.48751540000001,33.09205720000001,21.74851166000001,17.18340286,13.51743886,12.54132746,10.12069246,10.1471924,8.485679600000001,7.680134800000001,6.749363120000003,6.297049320000001,6.10026792,6.831729720000001,7.38120812,6.757923000000001,6.363147280000002,5.698872280000002,4.29001698,2.83943052,2.10837132,1.281896786,0.742673186,0.446364286,0.155789546,0.03265574600000001,0.0,0.0,0.0,0,0,0,0,0,0,0,0,0,0,0.0,0.0,0.0
30120>30122,1475,511,BSTu,Baker Street,H&C and Circle // EB,511,BSTu,Baker Street,Jubilee // NB,Alight-Interchange-Board,845.1843922900003,13.44613959,131.44400432,199.83640458,302.8849366000001,133.65258848,63.92031872,0.022394474,0.06168817800000001,0.5871756579999999,1.038353738,1.378736798,2.117759724,3.75407082,4.4859602,6.49334372,9.51308266,12.02444286,14.15355226,16.2533444,15.28178594,13.68612794,11.97798274,9.534465740000002,7.806504140000001,7.42196786,7.29740406,7.163494180000002,6.713531779999999,5.85599024,5.75189418,5.28797218,5.06723866,5.37909794,5.919294280000001,6.375519420000002,6.735750620000001,7.048426920000002,7.19030984,7.468500840000001,7.420462500000001,7.270199560000001,7.335710860000002,7.750954060000002,8.138157860000002,9.28559766,11.4740496,13.128933,14.222116,14.9422846,16.9109178,20.1588346,22.5375614,25.2500724,27.3112172,27.5742146,27.0364742,24.3946708,26.7578472,26.9722818,26.9908232,23.9205806,23.9803586,17.5504202,15.0104044,13.0273622,11.909743,10.8570716,10.9234026,10.351164,9.3635076,9.115945800000002,8.72097492,8.483845579999999,8.338746579999999,7.959929900000001,8.2572921,7.893335779999999,7.70078464,7.303608039999999,6.662970080000001,4.616892180000002,4.07874638,3.61071922,2.29224422,1.47822806,1.37779256,0.68777556,0.0,0.0,0,0,0,0,0,0,0,0,0,0,0.0,0.0,0.0
30120>30123,1475,511,BSTu,Baker Street,H&C and Circle // EB,511,BSTu,Baker Street,Jubilee // SB,Alight-Interchange-Board,2618.796201832001,73.471524332,715.1585664,746.4400068,755.0303844,231.7918661,96.90385379999998,0.78277234,2.2148878,2.8518537,5.535481152000001,8.87512228,12.62581396,17.1913225,23.3942706,28.6065962,35.95847120000001,45.4447916,56.6990096,70.84247359999999,79.09776600000002,81.52279200000002,81.429506,73.433684,61.8329384,53.3315554,46.9589824,38.98993839999999,35.0879146,31.0949592,28.719904,27.7451114,28.4913674,29.6138788,30.1420756,31.5371242,31.5442448,30.4740334,29.62905120000001,28.97035480000001,27.5527022,27.2211566,28.13196180000001,28.2461148,28.5913308,29.4099348,30.5738496,32.5946664,35.1476612,35.9705518,40.960119,44.5141198,50.75116120000001,53.00928199999999,65.31721999999999,67.064933,76.63771700000002,69.22863500000001,77.734955,70.83248300000002,68.40388879999999,55.87082879999999,55.6651608,40.2963172,33.6396158,25.6431624,22.4419108,18.0745089,17.0063443,14.0820239,14.1805215,12.0955917,11.6237924,10.9372956,11.7707816,11.387073,11.1312824,11.899599,13.409675,11.88311672,10.52098462,8.907833160000003,6.87157336,4.14798156,2.58932564,1.82807534,1.6012408,0.7260932000000001,0.0,0.0,0,0,0,0,0,0,0,0,0,0,0.0,0.0,0.0
30120>30124,1475,511,BSTu,Baker Street,H&C and Circle // EB,511,BSTu,Baker Street,Metropolitan // NB,Alight-Interchange-Board,3060.29269552,49.53569712000001,359.467215,705.34709,1180.7063814,517.4964464,247.7398656,0.1853267660000001,1.598927106,2.914655206,4.674932202,6.3274565,9.06166484,10.4970675,14.275667,18.3235196,24.2067358,30.9594886,40.394319,43.22507460000001,41.49187980000001,39.27653960000001,33.3543584,26.2808506,21.1272416,21.184871,19.6423364,19.4992506,17.7180452,18.7706734,18.3116948,18.851453,19.2266158,19.925635,21.0709384,22.799787,23.5155302,24.7580046,26.5168412,28.4632634,29.1421438,30.8991446,33.6891962,35.98679960000001,36.69573060000001,38.3001222,39.8216996,41.4347392,44.82281920000001,42.8207862,52.3061762,63.16566039999999,76.7847376,85.80309820000002,102.055981,107.274619,119.740318,105.7611996,111.9517476,112.4160048,108.6913208,92.0863228,94.97537159999999,74.149734,62.28787239999999,52.2857592,45.4568864,39.0122124,39.787571,35.9099336,34.2199088,32.666175,33.8946922,33.959136,33.8665654,33.0882774,32.42045700000001,31.01158239999999,29.2167484,26.9088372,24.6593132,19.40289082,16.21352602,13.45844612,9.25856092,5.30614692,4.549260299999999,2.2458189,0.0,0.0,0,0,0,0,0,0,0,0,0,0,0.0,0.0,0.0
30120>30125,1475,511,BSTu,Baker Street,H&C and Circle // EB,511,BSTu,Baker Street,Metropolitan // SB,Alight-Interchange-Board,83.54393464999997,2.252465526,37.680307264,18.436012924,18.235687678,3.891696860000001,3.047764398,0.0,0.0,0.021579254,0.107018754,0.313403254,0.389633286,0.649083866,0.7717471120000001,1.157465812,1.209954172,1.9214184,2.10629426,4.27417956,4.124910600000002,5.4067356,4.894443880000002,5.121217639999998,2.94439684,2.90185726,1.61743324,1.5810123,1.04065384,1.19619764,0.99500272,0.853135168,0.684465408,0.6976205280000001,0.488603616,0.6341732760000001,0.6340351280000001,0.725806728,0.708169508,0.82664162,0.6755344879999999,0.7718445079999999,0.7222559420000001,0.7900035559999999,0.6640374560000001,0.7588905000000001,0.6262105440000001,0.7026818020000001,0.5593901560000001,0.5781548360000001,0.521491656,0.567556272,0.7282659600000001,0.9608975320000002,1.345818052,1.66655108,2.12146462,2.20582272,2.30462858,2.16787326,1.83176295,1.37173809,0.963308562,0.682704242,0.410086466,0.406083412,0.306241642,0.328851578,0.2696354580000001,0.263177718,0.204085256,0.249816554,0.235965286,0.26796965,0.267079598,0.370667196,0.409449876,0.436454584,0.433914394,0.489213902,0.35329197,0.249768262,0.188400494,0.11660372,0.0,0.0,0.0,0.0,0.0,0.0,0,0,0,0,0,0,0,0,0,0,0.0,0.0,0.0
30120>50370,1475,511,BSTu,Baker Street,H&C and Circle // EB,1475,MYBr,Marylebone NR,NR Chiltern // DN,Alight-Exit-Interchange-Enter-Board,6.731228311783998,0.138282885384,0.4997274724000001,1.669624817,2.2757133328,1.0177257812,1.130154023,0.0018410461,0.0018410461,0.006375518900000001,0.006392543956800001,0.0271509959568,0.0253099498568,0.03695312865680001,0.0324186558568,0.0382644428,0.025234408,0.06214512400000001,0.0505019452,0.05691901480000001,0.05105620280000001,0.0488753156,0.0119645996,0.03418852560000001,0.027771456,0.04917698400000001,0.04362945400000001,0.091907696,0.06968377,0.06968377,0.048278242,0.052478451,0.004200209,0.004200209,0.004200209,0.069469929,0.06771945700000001,0.07729149200000003,0.07729149200000003,0.105528414,0.040258694,0.055550589,0.045978554,0.06372323199999999,0.03548631,0.055559592,0.03781796,0.088748794,0.128682648,0.128682648,0.247202456,0.247202456,0.400141062,0.352212524,0.370079144,0.25435049,0.288950504,0.08508106400000001,0.09662973,0.07876311000000001,0.05589867400000001,0.02129866,0.0251059148,0.1512021548,0.1512021548,0.1512021548,0.1512021548,0.179313944,0.031919044,0.045317738,0.045317738,0.055051131,0.023132087,0.023132087,0.009733393,0.07968583900000001,0.069952446,0.069952446,0.069952446,0.224084126,0.15413168,0.15413168,0.15413168,0.15413168,0.0,0.0,0.0,0.0,0.0,0.0,0,0,0,0,0,0,0,0,0,0,0.0,0.0,0.0
30121>30101,1475,511,BSTu,Baker Street,H&C and Circle // WB,511,BSTu,Baker Street,EntEx,Alight-Exit,5271.298524544,225.789768544,1450.734114,1900.635510400001,1016.7293826,451.4983116,225.9114374,2.355942486,5.137299486,10.961335486,21.251431086,30.004872,40.10142800000001,50.850241,65.127219,73.1138842,78.1166434,88.29813979999999,104.6607618,118.5061718,139.001119,155.964435,159.819256,153.464472,143.315878,127.212119,109.261234,100.753296,104.953782,93.7511714,88.9170344,93.0778334,92.9752974,78.3945154,80.88593399999998,78.820716,79.07397399999999,75.44654200000002,77.91159400000002,76.334654,75.69780800000002,71.50044399999999,70.58348480000002,69.19870879999999,70.87260479999999,68.38812320000001,69.4597552,70.4185824,71.32710920000002,70.32995720000001,71.56258879999999,71.42697679999999,72.68664079999999,73.802852,79.81163000000002,86.74696600000001,94.260568,97.768372,99.90275600000001,96.509959,90.80728,80.98362,72.02176200000002,62.1262152,52.73894880000001,44.3146158,38.98377420000001,35.7480842,33.796746,32.2902618,31.35491380000001,31.0546922,30.4576866,29.48584520000001,29.1465278,28.8747962,28.1634208,25.9380144,23.77511680000001,21.5602814,18.6631436,15.4706744,12.8373968,11.696584,12.1268524,9.5428478,7.418059599999999,6.059461199999999,3.784788,0.0,0,0,0,0,0,0,0,0,0,0,0.0,0.0,0.0
30121>30110,1475,511,BSTu,Baker Street,H&C and Circle // WB,511,BSTu,Baker Street,Bakerloo // NB,Alight-Interchange-Board,312.65660154,12.73276509,36.271639236,91.507336624,80.04339669999999,53.45559118000001,38.64587271,0.0,0.032759502,0.932461962,1.409780862,1.640961102,2.726370902,3.14646164,2.84396912,2.85129654,3.348102780000001,2.68395482,2.90622494,3.5077648,3.53803508,3.09888224,3.0780828,3.10821508,2.393528760000001,2.98097816,2.776573236,3.024675836000001,2.654701276,2.700384416,1.895902476000001,2.46160094,2.20822672,2.26800186,2.346235720000001,2.71797642,2.5604668,2.86635988,3.21911902,3.3573114,3.43506498,3.73946346,3.68875836,3.95724506,3.994910940000001,4.3736689,5.157585760000001,6.168728200000001,6.410004460000001,7.534398520000001,8.766545220000001,9.606184720000002,9.28409882,10.7170039,10.4225789,8.282486599999999,6.19086566,5.1107083,2.98285016,3.85679516,3.91297372,4.5764394,5.100411360000002,5.6911027,4.3261051,4.05173584,3.256714872,3.519403772,3.453737232,3.301759232,4.381759152,5.38270272,5.463678320000001,5.29782826,5.329063980000001,5.37191806,4.865684799999999,4.86382772,5.30502168,4.5360998,4.206370099999999,3.55661139,2.628552238,1.381043538,1.147952498,0.354828198,0.312480428,0.11548226,0.0,0.0,0,0,0,0,0,0,0,0,0,0,0.0,0.0,0.0
30121>30111,1475,511,BSTu,Baker Street,H&C and Circle // WB,511,BSTu,Baker Street,Bakerloo // SB,Alight-Interchange-Board,17.20421228998,0.108779255898,1.455966161682,8.808433397400004,2.7367442202,2.3033411548,1.7909481,0.0,8.334755e-06,0.007946888155000002,0.007946888155000002,0.015049046755,0.015072974996,0.035346838241,0.027408284841,0.114826738841,0.107724580241,0.1223188,0.114507722,0.120991406,0.100511836,0.147390322,0.132772174,0.1231205954,0.1274184804,0.1038604464,0.1405230604,0.1674762664,0.211642623,0.2975280340000001,0.30798037,0.262379794,0.298751148,0.3445357600000001,0.3830777,0.466160494,0.4911541,0.5018753200000001,0.470327674,0.430596628,0.3555271840000001,0.355569224,0.337503614,0.351070274,0.2784178572,0.3220742012,0.3484011852,0.4189492672,0.4142269872000001,0.424668036,0.5685396560000001,0.5699834180000001,0.4434551660000001,0.541294642,0.508028136,0.258653636,0.16790672,0.171439377,0.0089553006,0.0089553006,0.0125960142,0.0245045834,0.0209719264,0.0155492828,0.0155492828,0.1567561892,0.14484762,0.191568658,0.21783301,0.280212614,0.190639308,0.262087282,0.254813056,0.291390852,0.282094,0.283611346,0.212163372,0.2038928,0.170637272,0.22301062,0.1746254640000001,0.1911581500000001,0.15998191,0.13039529,0.02493919,0.016532686,0.0,0.0,0.0,0.0,0,0,0,0,0,0,0,0,0,0,0.0,0.0,0.0
30121>30122,1475,511,BSTu,Baker Street,H&C and Circle // WB,511,BSTu,Baker Street,Jubilee // NB,Alight-Interchange-Board,353.50922364,25.1429353,34.88390752,28.0977648,65.18541636000002,90.38043966000001,109.81876,0.8126667,1.42079678,2.45240726,3.748037520000001,4.49518792,4.23199936,4.045661020000002,3.93617874,3.75185488,4.466487600000002,4.5439024,4.810893460000001,4.182839960000001,3.17618066,2.21499334,1.661896594,1.459652494,1.539866094,1.756407614,1.318932424,1.286968734,1.946757914,1.572469614,1.251280994,1.188160384,1.14632788,0.0,0.0,0.0,0.0,0.0,0.0,0.0,0.0,0.0,0.0,0.0,0.0,0.0,0.5773569599999999,1.7960671,3.1503025,6.7361617,7.44591102,7.849718660000002,7.350607720000001,6.918799600000002,3.71332446,5.43442494,4.64683362,5.97417682,5.462365220000001,6.359609860000001,4.20333516,4.31832278,2.95389752,2.689298160000001,1.642125840000001,1.36755074,1.93547264,4.2557615,6.628537779999998,9.035927,11.8669188,13.5302352,12.7244406,12.636627,12.0675444,11.5416858,10.8685428,9.05384992,9.18763832,10.55152692,11.64978012,10.62946,11.18457128,10.34451448,6.911862880000001,3.50847648,2.6621404,1.7247106,0.0,0.0,0,0,0,0,0,0,0,0,0,0,0.0,0.0,0.0
30121>30123,1475,511,BSTu,Baker Street,H&C and Circle // WB,511,BSTu,Baker Street,Jubilee // SB,Alight-Interchange-Board,125.26796449,5.754498238000001,7.305430782,69.39166308000001,28.84807296,5.46309686,8.505202570000002,0.4952177,0.71044214,0.8401151200000001,1.031894292,0.8296863240000001,0.6928371740000001,0.5790667340000001,0.575238754,0.4371774160000001,0.404372102,0.392093086,0.290639086,0.314258206,0.260540372,0.6471188140000002,0.7633973400000001,1.13157578,0.98211166,0.98211166,0.70003526,0.85922642,0.86364566,1.10250354,1.5900764,1.91666566,2.04405388,2.29351988,2.84752536,2.97391082,3.01726132,3.091406340000001,3.126134920000001,2.97768608,2.89433596,2.9758014,3.1567304,3.22405026,3.1774748,3.4862492,3.78436486,3.97090598,4.356191460000002,5.25066254,4.41127994,3.8298526,2.9117656,2.01801978,1.48874932,1.928571,2.59508834,2.59508834,3.28402382,2.6217167,2.18189502,1.69665122,1.69665122,1.01279508,0.7120625199999999,1.04157604,0.73767402,0.73767402,0.5169429000000001,0.5169429000000001,0.1874293800000001,0.0,0.0,0.0,0.0,0.0,0.0,0.4725269400000001,0.8214699600000002,1.02569318,1.223943748,1.295522602,0.8914432940000001,0.8795705540000001,0.675347334,0.477096766,0.405517912,0.33707028,0.0,0.0,0,0,0,0,0,0,0,0,0,0,0.0,0.0,0.0
30121>30124,1475,511,BSTu,Baker Street,H&C and Circle // WB,511,BSTu,Baker Street,Metropolitan // NB,Alight-Interchange-Board,1153.5837774,118.26906044,102.63786346,107.49282594,426.77872776,242.13490732,156.27039248,0.9124588,4.6753162,6.767637799999999,14.1310312,19.0969298,25.2554656,21.86507342,25.56514762,19.78868642,15.35768222,8.937371160000003,10.22709194,5.37166014,5.333915140000001,5.789495260000002,6.06553462,5.88207002,6.546534620000001,5.815874020000001,7.521947900000002,8.323679000000002,9.110874,7.80142088,7.480970200000001,5.35298096,3.94705564,2.18780564,2.45250416,2.54025034,2.50059124,2.74036592,2.65342342,2.88342412,3.04840162,3.35647188,3.460610120000001,3.96612616,3.8919289,3.9516109,3.992995180000001,4.854025700000001,4.9933003,5.504846780000001,6.49716288,50.70462828000001,52.62589016,56.09290062000001,59.91884270000001,61.13625180000001,19.715443,20.1081656,20.1209442,17.70621640000001,18.6777172,17.0764382,32.8952896,39.6363474,38.8563976,43.267668,42.16215866,23.9814096,13.9435078,13.32965274,5.93511304,6.025378980000001,5.3337716,5.022347720000001,4.641154180000001,4.64604042,7.25970722,11.85710346,13.00319914,13.37714154,13.8991039,12.3398133,13.0516437,16.6426751,16.1022453,14.5669584,12.4640934,6.3669152,0.6937524000000002,0.0,0,0,0,0,0,0,0,0,0,0,0.0,0.0,0.0
30121>50370,1475,511,BSTu,Baker Street,H&C and Circle // WB,1475,MYBr,Marylebone NR,NR Chiltern // DN,Alight-Exit-Interchange-Enter-Board,22.19937252675513,1.715084256,0.6412556127089,3.834608086386241,11.852477671532,3.482156712128001,0.6737901879999999,0.08295104,0.08295104,0.10813967,0.2408597700000001,0.2408597700000001,0.32713541,0.32713541,0.305052146,0.172332060128052,0.1842295347280521,0.015003209566692,0.03452550836669201,0.04763937536669201,0.04763975324884,0.035742315477856,0.035741960639216,0.029087185839216,0.012868752692336,0.013222996742136,0.01322295991312,0.01559377321312,0.00272624921312,0.00272544936,0.0023708133,0.0535491373,0.051178324,0.051178324,0.051178324,0.07972162399999999,0.0285433,0.0404548636,0.0404548636,0.0743201936,0.0457768936,0.0789960336,0.06708447000000001,0.108656546,0.07479121600000001,0.116315376,0.08309623600000003,0.121583616,0.08001154,1.30291254,1.26138838,1.291713048,1.253225668,2.093578008,0.905610224,1.120063324,1.174133876,1.174133876,0.3365669476000001,0.5008687176000001,0.28668745,0.8579090300000001,0.8579875023319999,0.8552020907319999,0.6791699007319999,0.710201992332,0.1623985123320001,0.236434928,0.236434928,0.22698432,0.1956803960000001,0.103936624,0.029821736,0.029821736,0.016069548,0.126530908,0.11046136,0.11046136,0.11046136,0.131544128,0.021082768,0.021082768,0.021082768,0.021082768,0.0,0.0,0.0,0.0,0.0,0.0,0,0,0,0,0,0,0,0,0,0,0.0,0.0,0.0
30122>30101,1475,511,BSTu,Baker Street,Jubilee // NB,511,BSTu,Baker Street,EntEx,Alight-Exit,9073.343832700002,342.6360309,2827.1539468,3037.623002,1791.6348732,735.88941,338.4065698,1.55127974,8.22633614,13.55621674,24.40801874000001,44.65950954,64.97149780000001,82.0844074,103.1787648,124.4586068,137.470936,163.332988,196.899482,256.61397,297.150986,326.165266,327.18986,312.326248,265.220478,226.384094,193.941032,173.35306,160.417216,147.237706,137.253046,131.835654,127.728226,121.061672,117.904478,120.703432,125.275176,127.441506,129.69243,134.047948,131.708994,125.04385,120.929362,118.092518,113.4264428,112.4902048,109.4904588,110.8631888,111.2272048,112.394178,118.00505,125.624156,132.52192,136.967886,148.849626,154.497668,162.462216,168.458068,171.547516,166.835844,157.727042,142.873672,123.2692592,108.9313292,90.22838320000001,75.68130040000001,66.560323,60.12343979999999,54.2215118,50.6841638,49.34384540000001,47.2212876,44.92285820000001,43.59428280000001,44.37668480000001,43.83833720000001,44.344047,43.6216124,42.6550658,38.4855658,33.465197,27.0651782,21.9305624,16.7236606,11.6283166,7.552944200000002,4.636004400000001,2.4600782,0.0,0.0,0,0,0,0,0,0,0,0,0,0,0.0,0.0,0.0
30122>30110,1475,511,BSTu,Baker Street,Jubilee // NB,511,BSTu,Baker Street,Bakerloo // NB,Alight-Interchange-Board,6901.2300805,193.3396325,1332.2377098,1490.3117322,2171.89547,1113.5277564,599.9177796,0.0,1.1200469,2.4601729,8.580924900000001,22.3655269,37.4823069,49.372012,71.958642,86.50522000000002,98.819428,115.350402,132.153708,142.808614,146.756642,139.985534,124.700856,107.883896,88.07193300000002,79.10907600000002,70.09240080000001,64.1373174,60.5674088,54.0909226,46.9034376,45.3498748,44.29957720000001,43.5681708,44.065736,44.945842,46.0874206,46.38007500000001,48.892656,52.826224,55.42814000000001,56.393736,59.3391646,62.67540460000001,64.0675458,67.48427280000001,72.8100342,84.44789420000002,92.8047902,101.831807,130.91428,145.171772,153.344436,168.239114,203.80847,198.541074,200.157036,215.828394,204.097358,185.096082,181.380402,173.141324,143.090008,139.730253,120.089279,102.380399,96.53095700000002,93.234006,87.37107300000002,81.72558300000001,79.046181,76.85642299999999,78.691234,77.3877332,80.48463520000001,82.0006372,81.7077392,80.5021692,77.35122159999999,72.93379240000002,63.20407239999999,51.1623394,38.5229114,27.03117,13.9265772,7.0654152,3.6144702,0.8952642,0.0,0.0,0,0,0,0,0,0,0,0,0,0,0.0,0.0,0.0
30122>30111,1475,511,BSTu,Baker Street,Jubilee // NB,511,BSTu,Baker Street,Bakerloo // SB,Alight-Interchange-Board,114.350651721372,3.177227032372,57.07582546,35.33523584600001,12.834913624,4.6077097186,1.319740040400001,0.0,0.003205612600000001,0.003216868474400001,0.0591333384744,0.1852454984744,0.6355406184744,0.9283899458743999,1.36249515,2.02028908,3.22418932,4.092500680000001,5.64760954,7.12320968,7.727447280000002,7.29907568,6.667280640000001,5.05154286,3.59931776,2.6118296,2.01153334,1.67650496,1.76147754,1.50539664,1.55970576,1.5253829,1.35384369,1.22939164,1.31244814,1.23385458,1.39610598,1.392527162,1.453910672,1.574493612,1.539863512,1.415860892,1.470539180000001,1.50670166,1.43617454,1.51959536,1.41086963,1.54689291,1.58846809,1.435079418,1.490147378,1.527678948,1.315318368,1.155728128,1.23837186,0.9872512,0.8800769999999999,1.03198798,0.9452103059999999,0.8950071660000001,0.992356346,1.018913446,0.847012876,0.852044444,0.7666119720000001,0.578148552,0.4760283880000001,0.376430052,0.31218871,0.213877572,0.199723872,0.1598563660000001,0.2092414920000001,0.242093884,0.2214644146,0.2233489646000001,0.2362586946,0.1784142946,0.1289460206,0.1256749642,0.08132196820000001,0.07280354120000003,0.07609544120000003,0.06322129120000003,0.057290587,0.04611355300000002,0.03025072000000001,0.0,0.0,0.0,0,0,0,0,0,0,0,0,0,0,0.0,0.0,0.0
30122>30120,1475,511,BSTu,Baker Street,Jubilee // NB,511,BSTu,Baker Street,H&C and Circle // EB,Alight-Interchange-Board,78.37012311000002,6.660891992,29.165611708,9.530371200000001,19.9888776,3.50971374,9.51465687,0.45980706,0.86040038,0.86040038,1.02058072,1.153167688,1.035907468,0.635314148,0.635314148,0.6803824079999999,0.98021788,0.8138403600000002,1.809011160000001,2.714754360000001,3.048426060000001,2.9645292,3.97943468,3.33772216,2.95237838,3.11672032,2.76819474,1.57711994,1.22366166,0.70326224,0.0,0.0,0.0,0.0,0.0,0.0,0.0,0.0,0.0,0.0,0.0,0.0,0.0,0.0,0.0,0.5738833000000001,0.5738833000000001,0.7678303200000001,1.4917272,1.4917272,1.12727604,1.4675232,1.58481204,1.15925388,1.61775168,1.40831954,1.89149038,2.10513172,2.02576618,1.91273092,2.06174246,1.54306626,1.21128934,0.99231616,0.8827739400000001,0.7337623999999999,0.4290206000000001,0.2359203200000001,0.2359203200000001,0.0,0.0,0.0,0.0,0.0,0.0,0.0,0.21312004,0.4520883600000001,0.8680325999999999,1.2283552,1.377234788,1.22277262,1.40853794,1.034898774,0.674576174,0.525696586,0.467038714,0.04230507400000001,0.0,0.0,0,0,0,0,0,0,0,0,0,0,0.0,0.0,0.0
30122>30121,1475,511,BSTu,Baker Street,Jubilee // NB,511,BSTu,Baker Street,H&C and Circle // WB,Alight-Interchange-Board,1958.3393562,45.613492,444.8001486000001,460.0924552,603.3603638,268.4551483,136.0177483,2.1826816,2.55253904,3.3101888,4.7237362,5.896231800000002,6.6081124,8.092336560000001,12.2476656,15.66711,22.1878852,30.177745,39.60543679999999,47.11755400000001,52.2813434,55.99603760000001,51.26861060000001,45.06458840000001,35.0656046,29.2190686,21.1491644,17.76182660000001,16.9631464,17.5253474,16.2998152,15.870598,16.1763008,14.7131366,15.6888514,16.430592,17.083094,17.061684,17.9009232,17.8977228,17.423756,17.5051598,18.433246,18.5480254,18.5816074,20.5921224,21.456384,23.7778162,25.8638642,28.2973026,32.2401328,35.8510098,38.23689140000001,44.65917000000001,51.299002,52.3951454,56.255667,59.646959,60.01176700000001,55.060013,53.1540826,50.953121,45.8375356,38.22847640000001,34.8462796,30.99379740000001,27.2395428,23.5346828,21.356065,19.2070088,17.6188943,14.4400015,13.4898975,13.4671921,14.0333101,13.9847476,14.6577414,15.2016704,15.1776912,15.7654634,14.793414,12.4047216,11.677507,9.46351294,5.72494974,3.85011334,2.72151134,0.59470434,0.0,0.0,0,0,0,0,0,0,0,0,0,0,0.0,0.0,0.0
30122>30124,1475,511,BSTu,Baker Street,Jubilee // NB,511,BSTu,Baker Street,Metropolitan // NB,Alight-Interchange-Board,856.234506228624,10.64086248,76.44644106000001,75.08529755400002,554.5637011360001,69.157266203,70.34093779562369,0.0,0.0,0.0,0.4345736000000001,0.7299706000000001,1.38730836,3.02131516,5.06769476,6.45810256,7.79502076,8.8284836,9.2924756,8.79214874,7.722333140000001,7.288354540000001,5.917963040000001,4.54231798,3.143256140000001,2.79527398,3.87071098,3.90585576,4.88193342,5.06434274,4.94730566,3.0844894,2.822975068,1.331137128,1.316030188,1.195053018,0.9433677779999999,1.13825137,1.23046983,1.07345796,1.20466787,1.40986019,1.49881697,1.44935547,1.58218624,1.315999106,0.9515346859999999,0.573654766,0.3739681540000001,10.360157974,21.430426808,33.027394808,49.865186808,52.83516340000001,43.00266300000001,38.63927260000001,43.6074856,33.70944280000001,40.72474880000001,67.51454120000001,62.42083000000001,47.33964806,41.87732406,32.13059628,5.246031640000001,3.79230056,2.3174685766,2.4228828566,2.2303278966,2.6370376966,3.0921590166,4.52736288,3.415495840000001,3.837841040000001,3.507761920000001,4.30349008,3.37131802,7.070161779999999,11.66187172,11.264768468,11.495112468,10.98291432746926,6.813098167124739,1.703379367124738,1.674822579124738,7.79124738e-07,3.965547800000001e-08,0.0,0.0,0.0,0,0,0,0,0,0,0,0,0,0,0.0,0.0,0.0
30122>30125,1475,511,BSTu,Baker Street,Jubilee // NB,511,BSTu,Baker Street,Metropolitan // SB,Alight-Interchange-Board,759.9758611600001,18.43554821,179.24412252,215.71479864,206.97528342,109.99760904,29.60849933,0.0,0.065798646,0.8282512459999999,1.095741566,2.033687026,3.183033766,4.315833980000002,6.91320198,9.71195746,10.9021228,12.59162746,14.0234754,14.1773198,15.0654414,16.3669032,17.7303032,19.1020654,17.9227002,16.259356,15.3908502,13.4586212,11.5303342,11.0917736,10.1709716,9.3674548,8.549251340000001,8.18538374,7.85203394,8.303823139999999,7.54128834,7.643924799999999,7.539168999999998,7.647304800000001,7.149724200000001,7.966690199999999,7.803167559999999,7.90514936,7.99422766,7.840697540000002,7.68073014,8.755365580000001,8.563605460000002,11.70069836,13.47340808,16.18688128,17.23234128,19.2405694,18.3544034,21.0103054,18.9860906,19.4610984,19.3269972,17.7158088,14.33867,13.7552508,11.36686686,9.578634460000002,7.660605160000001,7.81218836,8.68321756,9.2384289,9.5208067,10.9814358,10.349477,9.7078558,8.892947000000003,8.905759399999999,8.666252900000002,8.6032849,6.729191686,5.659358826,4.048170566,2.489154586,0.8101255860000001,0.6969578000000001,0.42883606,0.14341932,0.0,0.0,0.0,0.0,0.0,0.0,0,0,0,0,0,0,0,0,0,0,0.0,0.0,0.0
30122>50370,1475,511,BSTu,Baker Street,Jubilee // NB,1475,MYBr,Marylebone NR,NR Chiltern // DN,Alight-Exit-Interchange-Enter-Board,72.6495988396181,1.8561454819181,4.95804435854,14.92021816716,32.12278480000001,13.5015934512,5.2908125808,0.0,0.026268634,0.02626873758362,0.16052092758362,0.25278041158362,0.36731217158362,0.38404502158362,0.6389495780000001,0.5536464680000001,0.55852844,0.507434374,0.474698747,0.497662427,0.4539036356,0.5165562476,0.4564282084,0.4794048934,0.2045874682,0.2067683944000001,0.04842505494,0.08876436414000001,0.14610925414,0.14305833934,0.13694176054,0.446787952,0.415211262,0.32462383,0.3255230014,0.5062645454000001,0.2904929854,0.3445478514,0.3459119498,0.5506679784,0.4780161584000001,0.5363214464000001,0.474288896,0.7128339776,0.6560133976000001,0.7969134176000001,0.7272135036,1.009247154,1.129030234,1.313354894,3.022080014,2.972545302,3.007849362000002,4.862758902000001,4.739295462,3.099609662,3.288380060000001,3.515500320000001,1.46567003,1.31693091,1.07184211,1.62551521,1.15688747,1.69549302,1.90660276,1.902147684,1.228107664,1.403206964,1.159369304,0.9991013040000002,1.00283848,0.9878442240000002,0.7447055704000001,0.2851661704,0.1870103064,0.3967747664,0.3355563864,0.32367092,0.32367092,0.8940583839999999,0.7416517439999999,0.7148648799999999,0.7148648799999999,0.7148648799999999,0.13083482,0.0,0.0,0.0,0.0,0.0,0,0,0,0,0,0,0,0,0,0,0.0,0.0,0.0
30123>30101,1475,511,BSTu,Baker Street,Jubilee // SB,511,BSTu,Baker Street,EntEx,Alight-Exit,2241.712936759999,66.64432096,914.4587838,812.5722354000002,318.3691828,102.5450727,27.1233411,0.7733741800000001,1.28738814,2.67053974,4.67611874,7.003169000000001,10.60873396,16.6780154,22.9469818,29.16958420000001,41.78576700000001,59.43181560000001,80.8695162,93.2554822,108.9012648,108.533194,101.927113,86.93912900000001,79.16881500000002,65.6979646,58.77913820000001,51.8932716,47.7887448,44.3408798,41.1384628,40.5720752,39.32527080000001,36.7651384,34.0431014,34.0444778,34.08604620000001,33.9070976,33.63372200000001,33.7098446,32.4586684,29.7333742,27.314374,25.84941160000001,25.1318744,24.8682446,25.8195058,27.5358434,29.0923956,29.7617506,29.7586598,30.2820348,29.5026152,28.6805356,27.841063,28.3617998,27.26546,27.53244520000001,26.8025602,26.35140400000001,24.04968120000001,22.268353,19.4312308,17.6037078,14.4833946,12.06653414,10.0019158,8.8009147,7.261287160000001,6.545732680000001,5.911381440000001,5.56078118,5.048878680000001,4.63246602,4.6280785,4.47457746,4.14754066,3.81246184,3.495572960000001,2.79855846,2.4238963,1.9632985,1.52576024,1.05555682,0.7576469200000001,0.43383162,0.17069242,0.0639469,0.0,0.0,0,0,0,0,0,0,0,0,0,0,0.0,0.0,0.0
30123>30110,1475,511,BSTu,Baker Street,Jubilee // SB,511,BSTu,Baker Street,Bakerloo // NB,Alight-Interchange-Board,1603.465475015,65.60193242000001,544.087888,504.6091304,329.7252100000001,121.89818404,37.54313015500001,0.058794112,0.184237404,0.6273405240000001,2.645228124,6.235590124000003,12.583378612,17.04487332,26.22249020000001,29.68336780000001,41.25972580000001,43.41060160000001,55.53600960000001,56.72075680000001,64.55821479999999,54.64183400000001,54.89367560000001,42.9676588,38.1456484,31.13008780000001,31.14030700000001,26.364198,25.77747680000001,22.87032,20.350241,18.7338252,18.4151498,17.4927368,18.7829998,18.8145634,18.840155,18.4878894,20.1109374,19.732495,19.7126966,19.7168884,20.9289788,19.882576,19.8850392,20.089573,21.178919,21.4224314,23.0211882,25.607936,28.3899162,31.1445642,32.39373260000001,32.3911146,31.8476766,31.0991582,28.466235,26.8403294,26.3954578,25.3055962,23.0610382,21.30506,19.4752472,17.7893754,14.8534958,13.3752131,11.9225751,10.6179141,8.896681300000001,8.409892900000001,7.6588578,7.3692282,7.1279621,6.89914542,6.97784282,6.340044220000001,5.71996292,5.131557560000001,4.943806840000001,4.04583324,3.522957920000001,2.98032756,2.525182769,1.359819319,0.6577315189999999,0.261936839,0.037897499,0.01607195,0.0,0.0,0,0,0,0,0,0,0,0,0,0,0.0,0.0,0.0
30123>30111,1475,511,BSTu,Baker Street,Jubilee // SB,511,BSTu,Baker Street,Bakerloo // SB,Alight-Interchange-Board,4369.862082000001,152.5555942,1520.624195,1495.040013,877.0689614,268.9894398,55.58387860000001,0.07802234000000001,0.27034016,2.22098956,7.23044996,12.98021956,27.45829522,42.9535654,59.36371200000001,73.71822159999998,94.829798,102.068136,124.567026,133.222612,157.78414,154.38066,163.71109,153.41112,145.162176,117.020802,100.7484134,83.60473540000002,67.23795340000001,62.13809540000001,60.1890554,68.176962,69.709558,71.95966999999999,71.46995720000001,73.0372832,70.99140320000002,66.60290379999999,65.15684580000001,65.18845660000001,61.23954320000001,58.2716952,57.61131760000001,57.45350160000001,54.5518064,53.1210798,53.9493426,53.6810996,50.2858472,50.3850232,49.02687720000001,49.75255700000001,55.57698900000001,62.4507954,68.6286556,78.95840559999998,82.84800700000002,88.32675499999998,86.25501700000002,87.76363,80.3141306,76.04580000000001,60.14821920000001,53.074516,39.86151260000001,32.3412058,24.680007,22.3515778,18.8411258,16.424495,14.6689846,13.3195984,11.9792646,10.6861,10.7610522,10.445845,9.7059264,8.262745840000001,7.014665620000001,5.578025719999999,4.36021402,2.98715926,2.801707,2.35432702,1.25221692,0.5161784199999999,0.30486738,0.0,0.0,0.0,0,0,0,0,0,0,0,0,0,0,0.0,0.0,0.0
30123>30120,1475,511,BSTu,Baker Street,Jubilee // SB,511,BSTu,Baker Street,H&C and Circle // EB,Alight-Interchange-Board,1014.58326244,104.37382819,398.37882386,338.2978735,128.19382058,28.4387815,16.90013481,5.00040408,6.02156168,6.062204629999999,16.07081663,16.53946143,17.16123815,16.62004247,20.89809912,11.93311876,13.13794296,13.87249796,27.82698884,25.45496454,45.5171679,39.50252274,52.65735494,43.61507054000001,49.83022324,33.86986964,41.1611018,28.7802658,25.8945298,21.12445180000001,19.0992094,14.2337654,14.3639774,14.395354,14.0481656,13.809329,13.584337,13.2047522,13.1104476,12.4255112,11.7630048,11.5898466,11.7655802,11.5997108,11.3133776,11.2848624,11.6516128,10.4812183,8.364167,9.321404,11.0889928,10.9206588,11.3147125,13.0224874,11.6349564,11.4810082,11.265147,11.170861,11.6186632,10.9407797,9.1967091,7.596537840000001,8.03129944,6.99542552,6.964456560000001,4.930763292,4.359688832,2.35404145,1.146570334,0.267382594,0.31194835,0.26280498,0.279004492,0.266136748,0.300558348,0.267699816,0.621333966,0.918842736,1.598912216,1.757283616,2.32157668,2.26713522,2.27101362,1.73522634,1.48747554,0.8852177200000001,0.56418712,0.20423022,0.0,0.0,0,0,0,0,0,0,0,0,0,0,0.0,0.0,0.0
30123>30121,1475,511,BSTu,Baker Street,Jubilee // SB,511,BSTu,Baker Street,H&C and Circle // WB,Alight-Interchange-Board,768.6463622340002,39.22099498400001,281.7907534,193.8850917000001,171.0705602,66.51437472,16.16458723,0.374115086,0.6780086860000001,1.801695686,3.256264166,4.908143120000001,6.749998880000001,8.276031080000001,13.17673828,15.9814358,19.1691774,23.06567140000001,27.37019380000001,26.4924946,27.863716,29.4771466,27.5495336,25.9090582,23.5658852,20.02979940000001,15.3166414,13.0924044,9.60109846,9.36493466,8.954039660000003,8.53537526,7.82327866,8.18008788,6.85096678,6.352341860000001,6.04905978,6.211673240000001,6.007593440000001,5.98337214,6.05942846,6.33908814,6.307036480000002,6.799167600000001,7.2312928,7.520656360000001,8.18065436,9.08215876,9.91939156,10.48860676,12.9513842,15.101025,15.9038606,16.6486308,17.9080306,17.3557916,15.543084,14.8392222,13.4098908,12.4413087,11.3660235,10.5975873,9.956105099999998,9.791866700000002,8.5666776,7.190245599999999,6.810179799999998,6.26539966,5.413494539999999,5.03111334,4.555494740000001,4.04351342,3.31862278,3.0020525,2.52571404,2.43352424,1.94698644,1.87643092,1.76462458,1.5499833,1.4936276,1.3862777,1.30017044,0.97553199,0.76790813,0.38294943,0.25553205,0.03104041000000001,0.0,0.0,0,0,0,0,0,0,0,0,0,0,0.0,0.0,0.0
30123>30124,1475,511,BSTu,Baker Street,Jubilee // SB,511,BSTu,Baker Street,Metropolitan // NB,Alight-Interchange-Board,1.937904872999999,1.86487576,0.0,0.0026533532,0.07037575979999999,0.0,0.0,0.46621894,0.46621894,0.46621894,0.46621894,0.0,0.0,0.0,0.0,0.0,0.0,0.0,0.0,0.0,0.0,0.0,0.0,0.0,0.0,0.0,0.0,0.0,0.0,0.0,0.0,0.0,0.0,0.0,0.0,0.0,0.0,0.0,0.0,0.0,0.0,0.0,0.0,0.0,0.0,0.0,0.0,0.0,0.0,0.0,0.0026533532,0.0026533532,0.0026533532,0.0026533532,0.0026533532,0.0,0.0119524694,0.0119524694,0.0119524694,0.0119524694,0.0119524694,0.0,0.0,0.0,0.0,0.0,0.0,0.0,0.0,0.0,0.0,0.0,0.0,0.0,0.0,0.0,0.0,0.0,0.0,0.0,0.0,0.0,0.0,0.0,0.0,0.0,0.0,0.0,0.0,0.0,0,0,0,0,0,0,0,0,0,0,0.0,0.0,0.0
30123>30125,1475,511,BSTu,Baker Street,Jubilee // SB,511,BSTu,Baker Street,Metropolitan // SB,Alight-Interchange-Board,1253.380658369999,17.46340847,641.210645,239.8136891000001,216.2893168,113.5767424,25.0268566,0.114497614,0.251410714,0.652418374,1.002001774,2.216174974,2.760947760000001,4.43474586,6.0312114,9.4912644,13.3103252,36.06563,45.1428162,54.7709496,68.8316912,92.9340872,77.0038084,78.95525579999999,73.58743879999999,59.0441012,32.073277,32.165392,23.1696114,18.6891426,16.7060313,15.75770356,9.40385396,6.782074360000001,6.333844160000001,6.35788238,6.337880920000001,6.228385800000001,6.06801106,5.803269160000001,5.48314304,5.30458512,5.51037704,5.823644460000001,5.851028080000002,6.10360748,6.55255414,6.393241440000001,9.60328256,11.49536144,11.88978164,12.5243121,15.0110014,14.065535,18.1682708,18.4660644,21.95974420000001,24.48603820000001,22.4380595,18.8052723,19.9284357,17.81818710000001,12.6183961,12.2388434,9.8684414,9.034942599999999,8.5187478,10.0289526,10.5401886,11.2471,10.71864,9.22885568,7.776134800000001,7.552860799999999,6.823034720000001,6.10890806,5.67702682,4.792831140000001,3.50951216,2.54934884,1.5096365,0.4626698599999999,0.31664342,0.1002798,0.0,0.0,0.0,0.0,0.0,0.0,0,0,0,0,0,0,0,0,0,0,0.0,0.0,0.0
30123>50370,1475,511,BSTu,Baker Street,Jubilee // SB,1475,MYBr,Marylebone NR,NR Chiltern // DN,Alight-Exit-Interchange-Enter-Board,2.159151312741,0.07546953548499999,0.8548759242559999,0.7568251751000001,0.2959065007,0.1760741772000001,0.0,0.0,0.0,0.0,7.126217e-06,7.126217e-06,7.126217e-06,0.009570051417,0.065878105417,0.0658709792,0.0702311726,0.07025108063720001,0.0645212328372,0.1182857188372,0.1182857188372,0.1139773900112,0.113957481974,0.110124404574,0.003140869774,0.003140869774,0.0030890052,0.00377353446,0.00377353446,0.0006845292600000001,0.0006845292600000001,0.00236979266,0.0034617054,0.0034617054,0.0034617054,0.00369287874,0.00200761534,0.0004685236600000001,0.0004685236600000001,0.007953400860000001,0.11625117552,0.11879745552,0.1185601052,0.11869817538,0.11368281218,0.007496119179999999,0.004949839179999999,0.02348087998,0.02954622580000001,0.0270767118,0.0420236968,0.0420236968,0.031444334,0.0281110678,0.0320869744,0.0202274612,0.02082655102,0.01287487302,0.02340275802,0.01942685142,0.01966426502,0.0190651752,0.0267524928,0.033518912,0.033518912,0.02929442660000001,0.02929442660000001,0.0234019414,0.0043355828,0.0043355828,0.0051910162,0.0051910162,0.0033961838,0.0022980884,0.0022980884,0.0,0.0,0.0,0.0,0.0,0.0,0.0,0.0,0.0,0.0,0.0,0.0,0.0,0.0,0.0,0,0,0,0,0,0,0,0,0,0,0.0,0.0,0.0
30124>30101,1475,511,BSTu,Baker Street,Metropolitan // NB,511,BSTu,Baker Street,EntEx,Alight-Exit,6888.697094500002,95.1148416,2393.0722944,1987.538183,1609.37402,620.4565205999999,183.1412349,0.0,0.0,0.0,0.0,6.551655600000001,14.378453,31.33594900000001,42.848784,67.770782,92.44560040000002,132.929899,169.215255,226.656614,251.297744,270.642284,284.0868040000001,273.26915,238.528136,207.462675,178.767351,136.438247,112.721707,97.696609,95.93332000000002,91.169614,87.27535,83.40058400000002,79.41335500000001,80.223887,80.01581999999998,80.16025200000001,79.926216,79.87670699999998,76.303228,72.9983802,71.2399802,71.20630820000001,70.29105120000001,69.66384020000001,70.651461,71.841593,72.849627,74.12397800000001,82.117068,85.735046,94.561616,106.238836,118.488424,143.24079,153.615456,170.960696,168.7960332,168.6899352,146.5933192,138.3598752,114.0939932,102.386744,82.48791539999998,69.30748940000001,58.62533079999999,49.26328040000001,43.4695784,42.4260756,37.87809800000001,35.2330726,34.4371596,32.7350228,32.2067536,32.6446546,31.191553,28.1105494,24.6453536,20.6715145,15.7073501,11.1473733,7.961546100000001,5.543054699999999,3.3335664,1.5951734,0.5895458000000001,0.0,0.0,0.0,0,0,0,0,0,0,0,0,0,0,0.0,0.0,0.0
30124>30110,1475,511,BSTu,Baker Street,Metropolitan // NB,511,BSTu,Baker Street,Bakerloo // NB,Alight-Interchange-Board,2024.670580376,8.568369619999999,227.19351368,430.3223178,778.7392935999999,428.5131575999999,151.333928076,0.0,0.0,0.0,0.0,0.45121068,1.05930518,2.88991598,4.16793778,8.716737980000001,11.3015271,17.1264346,23.03006520000001,28.5642694,27.0514812,29.2577384,25.3048268,19.8254344,14.8514942,12.3839058,9.779598599999998,9.362862800000002,9.5525058,9.8688436,11.5736124,11.4927164,12.0650572,11.9506168,12.6424686,13.631865,13.6798278,14.0673136,15.3727666,16.1945692,16.8351124,17.6995474,18.5225718,19.5074254,20.4515794,21.809827,24.284482,27.1622484,28.9271606,32.5247946,41.142543,45.6018044,48.9728064,54.4597184,52.3567104,64.8141464,61.857336,74.014804,69.742266,87.56309000000002,73.84555060000002,77.184093,68.32696800000001,66.9572866,46.67992300000001,39.7601664,39.8971008,31.6797288,30.895583,31.7083184,31.6108112,26.6940376,27.2734,27.1202788,28.236523,27.8342846,25.57776500000001,23.9194826,20.7259664,18.5497164,13.3624836552,10.1753308952,6.0763058952,3.9771260952,0.5738780952000001,0.5615884400000001,0.0,0.0,0.0,0.0,0,0,0,0,0,0,0,0,0,0,0.0,0.0,0.0
30124>30111,1475,511,BSTu,Baker Street,Metropolitan // NB,511,BSTu,Baker Street,Bakerloo // SB,Alight-Interchange-Board,89.53012151499998,0.408452054,11.985242166,29.53701777,33.82394488,9.50147739,4.273987255,0.0,0.0,0.0,0.0,0.011566394,0.05092317800000001,0.129758778,0.216203704,0.477296884,0.60286071,0.939804986,0.986406946,1.3477731,1.21328384,1.26729584,1.10824172,1.16842088,0.95389938,1.00268425,0.91727363,0.83044807,0.82744154,0.84313548,0.8598743700000001,0.8659246180000001,0.936872618,1.066198848,1.215110608,1.403740928,1.58082822,1.61300042,1.59963738,1.442703,1.28221488,1.31622272,1.31211456,1.191639454,1.070679054,1.119793374,1.145105894,1.227911094,1.33789602,1.64327474,1.80524988,1.85429082,2.4775388,2.55933098,3.13972816,3.610882820000001,3.87781186,3.53995246,3.6875812,3.03350292,2.354717980000001,2.1036946,1.58491228,1.27137662,1.11666466,1.00398462,0.6620118340000001,0.7024991740000001,0.5898530340000001,0.565932262,0.6524790300000001,0.7445736759999999,0.765312016,0.7325464759999999,0.6942439880000001,0.5634777800000002,0.4671936960000001,0.477187188,0.5587943679999999,0.5868891079999999,0.536281974,0.476160777,0.339305739,0.199141779,0.036284139,0.020061693,0.013209014,0.0,0.0,0.0,0,0,0,0,0,0,0,0,0,0,0.0,0.0,0.0
30124>30120,1475,511,BSTu,Baker Street,Metropolitan // NB,511,BSTu,Baker Street,H&C and Circle // EB,Alight-Interchange-Board,0.0,0.0,0.0,0.0,0.0,0.0,0.0,0.0,0.0,0.0,0.0,0.0,0.0,0.0,0.0,0.0,0.0,0.0,0.0,0.0,0.0,0.0,0.0,0.0,0.0,0.0,0.0,0.0,0.0,0.0,0.0,0.0,0.0,0.0,0.0,0.0,0.0,0.0,0.0,0.0,0.0,0.0,0.0,0.0,0.0,0.0,0.0,0.0,0.0,0.0,0.0,0.0,0.0,0.0,0.0,0.0,0.0,0.0,0.0,0.0,0.0,0.0,0.0,0.0,0.0,0.0,0.0,0.0,0.0,0.0,0.0,0.0,0.0,0.0,0.0,0.0,0.0,0.0,0.0,0.0,0.0,0.0,0.0,0.0,0.0,0.0,0.0,0.0,0.0,0.0,0,0,0,0,0,0,0,0,0,0,0.0,0.0,0.0
30124>30121,1475,511,BSTu,Baker Street,Metropolitan // NB,511,BSTu,Baker Street,H&C and Circle // WB,Alight-Interchange-Board,79.97556871790503,0.3471547920000001,16.808929508,19.02892203,28.57874698,10.35721293,4.854602477905041,0.0,0.0,0.0,0.0,0.0,0.017369704,0.111825004,0.2179600840000001,0.513315524,0.600850584,0.95492454,0.957859116,2.718904236,2.423548796,2.363920124,2.352221944,2.33371962,0.46653942,0.550830246,0.572295358,0.4576473579999999,0.414644172,0.570141612,0.520702372,0.605794312,0.40472467,0.5732553039999999,0.481900564,0.7236479579999999,0.6795363179999999,0.82684986,0.68272159,0.87252271,0.68361173,0.9003299700000001,0.7886508500000001,0.9579806400000002,0.79897449,0.93961451,0.7795366900000001,1.31428697,1.19627762,1.54194889,1.31362087,1.319950978,1.389412178,1.594465528,1.698665928,2.823084468,3.08838402,3.25239148,3.22547332,3.11743952,2.57455632,2.59388696,1.90103628,1.78765612,1.40918793,0.92231925,0.5564841100000001,0.63567333,0.55130073,0.6652153860000001,0.6229719520000001,0.8121058120000001,0.6962022920000001,0.8770149920000001,0.821081026,1.03896684,0.8704984600000001,0.89122876,0.6602438279999999,0.5970805740000001,0.3443228840000001,0.251540047581008,0.112493527581008,0.070676159581008,0.017551373581008,2.3581008e-08,0.0,0.0,0.0,0.0,0,0,0,0,0,0,0,0,0,0,0.0,0.0,0.0
30124>30122,1475,511,BSTu,Baker Street,Metropolitan // NB,511,BSTu,Baker Street,Jubilee // NB,Alight-Interchange-Board,1073.36601704,4.445911012,160.570781548,284.6940406800001,380.7783376,189.75802856,53.11891764,0.0,0.0,0.0,0.0,0.176822888,0.305218828,0.919974548,3.043894748,6.878992748,11.78546726,17.11039172000001,19.4580664,20.8062272,18.29448526,15.51898326,12.40025006,10.65872734,8.52605274,9.44936728,9.68377028,9.10196648,9.355536599999999,9.923619000000002,9.5753164,9.3188632,9.458396800000001,9.5878828,9.8183036,10.7074142,10.4575066,10.486485,10.9888668,11.1757216,10.5789874,10.544813,10.6537178,11.3032662,11.778194,15.9508986,16.8809162,17.8521614,17.6323206,16.6413572,14.9215292,17.4321672,19.2282058,28.1875018,36.5724696,39.8754986,39.2655688,41.3223348,34.841301,31.3777618,31.3043066,32.7353244,28.6358972,31.9118558,28.9662736,26.2769152,22.14769720000001,20.89418246,13.92174366,11.52052656,7.83981936,7.105664559999999,6.70294782,6.374583960000002,6.09581838,5.730307920000001,5.25653332,6.109439800000001,6.223612920000001,5.90908072,5.35933268,5.431341600000001,4.41160744,3.30796298,2.51790266,1.93003196,0.93176364,0.0,0.0,0.0,0,0,0,0,0,0,0,0,0,0,0.0,0.0,0.0
30124>30123,1475,511,BSTu,Baker Street,Metropolitan // NB,511,BSTu,Baker Street,Jubilee // SB,Alight-Interchange-Board,435.4267553000002,1.84276958,64.01766772,90.7754284,165.9046206,86.33348626,26.55278274,0.0,0.0,0.0,0.0,0.13887904,0.2777679,0.4871355599999999,0.93898708,1.32158748,1.67975902,2.56347492,4.031263060000001,4.94114114,5.82916854,6.13874028,7.51696152,7.05089162,7.290910420000001,7.27456162,8.379208100000001,6.943471300000001,6.953001200000001,6.174399340000001,5.37341844,3.91932938,3.45345544,2.7647019,2.73648282,2.807537040000001,2.79176874,2.8085198,2.83535154,2.56378462,2.59606106,2.69889004,2.88349784,2.8627512,2.87406126,2.95508886,3.0550387,3.22334038,3.72121502,4.70694082,7.07332166,8.863847199999999,11.393222,14.7756094,15.2345732,16.72634,16.3576056,17.80066020000001,14.7803788,15.1244398,12.577669,12.2515166,10.0187588,10.2485554,9.477963,8.92633752,8.80196682,7.493860980000001,7.071745180000002,6.74494298,6.4736358,5.765585360000001,5.380762320000001,5.13755368,4.810577220000001,4.471756340000002,4.268551380000001,3.9461189,3.40081798,2.98670856,2.53992096,1.9746648,1.38147876,0.96437952,0.4794388,0.13894674,0.0,0.0,0.0,0.0,0,0,0,0,0,0,0,0,0,0,0.0,0.0,0.0
30124>30124,1475,511,BSTu,Baker Street,Metropolitan // NB,511,BSTu,Baker Street,Metropolitan // NB,Alight-Interchange-Board,0.0,0.0,0.0,0.0,0.0,0.0,0.0,0.0,0.0,0.0,0.0,0.0,0.0,0.0,0.0,0.0,0.0,0.0,0.0,0.0,0.0,0.0,0.0,0.0,0.0,0.0,0.0,0.0,0.0,0.0,0.0,0.0,0.0,0.0,0.0,0.0,0.0,0.0,0.0,0.0,0.0,0.0,0.0,0.0,0.0,0.0,0.0,0.0,0.0,0.0,0.0,0.0,0.0,0.0,0.0,0.0,0.0,0.0,0.0,0.0,0.0,0.0,0.0,0.0,0.0,0.0,0.0,0.0,0.0,0.0,0.0,0.0,0.0,0.0,0.0,0.0,0.0,0.0,0.0,0.0,0.0,0.0,0.0,0.0,0.0,0.0,0.0,0.0,0.0,0.0,0,0,0,0,0,0,0,0,0,0,0.0,0.0,0.0
30124>50370,1475,511,BSTu,Baker Street,Metropolitan // NB,1475,MYBr,Marylebone NR,NR Chiltern // DN,Alight-Exit-Interchange-Enter-Board,28.679171502248,0.0073900111336,0.3950442040144001,2.530688715100001,14.8021080844,10.1146457156,0.829294772,0.0,0.0,0.0,0.0,0.0018281992,0.001853819122,0.001853819122,0.0018541736896,0.0018541736896,0.0152437644896,0.0680674605676,0.0680674605676,0.06806710600000003,0.07597421000000001,0.06075642000000001,0.0082947097,0.0082947097,0.0118826325,0.0039755285,0.0045660283,0.0041784226,0.0133622176,0.0097742948,0.01084096006,0.01025046026,0.03732934226,0.02814554726,0.03085856386,0.0297918986,0.1257148346,0.09863595260000002,0.1047126286,0.101999612,0.137593444,0.04167050799999999,0.064481656,0.05840498,0.16810144,0.132507608,0.311394948,0.2885838,0.2885838,0.216885898,0.216885898,0.03799855799999999,0.03799855799999999,0.611886558,0.5738880000000001,1.25274122,1.25274122,2.50687922,1.93299122,1.9380700326,1.7946274526,1.7946274526,1.0676585926,1.0676585926,2.32041012,1.78499948,1.786398765,1.259229625,1.320305685,0.062475345,0.110465605,0.10906632,0.127468424,0.06639236400000001,0.09977539,0.05178513,0.06766818200000001,0.049266078,0.049266078,0.015883052,0.131791692,0.11590864,0.11590864,0.11590864,0.11590864,0.0,0.0,0.0,0.0,0.0,0,0,0,0,0,0,0,0,0,0,0.0,0.0,0.0
30125>30101,1475,511,BSTu,Baker Street,Metropolitan // SB,511,BSTu,Baker Street,EntEx,Alight-Exit,4120.54419658,183.33338188,1721.2841786,1465.2806922,547.1063777999999,154.17046022,49.36910588,2.63132618,4.78108698,9.18313118,13.15446118,20.31549216,31.279133,44.3042142,57.684537,76.1935958,94.9652004,122.4519738,148.8877458,172.2938608,187.301556,187.485376,178.36412,164.989602,146.71529,125.064886,116.570972,103.406757,91.661839,82.199671,77.29532300000002,73.69605,70.7627782,66.8430326,65.5953274,66.0623954,64.7268074,62.13032380000001,60.1906098,58.08640160000001,55.15550640000001,50.92976940000001,48.29994440000001,47.15871600000001,46.11730660000001,44.64700379999999,44.3000426,45.260224,45.350226,45.7145464,49.6900904,50.6829164,52.0355764,49.64099900000001,48.222899,45.2043322,47.182416,45.325454,46.7827394,46.48088780000001,43.37743560000001,38.1473724,34.0233496,30.31266340000001,25.1875266,20.538814,15.52522994,12.67093424,9.53826194,8.18658184,7.106909239999998,6.951568300000001,6.14725674,5.63316244,6.37155154,6.67955294,6.4766794,6.2611284,5.44402964,4.07752336,3.40874048,2.73376218,3.10270864,3.436299200000001,2.83818528,2.16755496,1.9407024,0.802239,0.0,0.0,0,0,0,0,0,0,0,0,0,0,0.0,0.0,0.0
30125>30110,1475,511,BSTu,Baker Street,Metropolitan // SB,511,BSTu,Baker Street,Bakerloo // NB,Alight-Interchange-Board,1156.230436371711,48.80449694,474.2556574,330.7700819,186.731092,65.75622928,49.912878851711,0.0,0.142388308,0.7162675079999999,2.668219708,4.927258908000001,7.999254308000001,13.82132,18.5297882,26.1092912,29.60113860000001,37.429942,46.443524,55.6216986,56.44958260000001,56.70326600000001,50.1354914,41.4204948,30.0481032,22.9453134,21.3478116,19.60076340000001,18.827656,17.796408,16.6059882,16.9314132,16.8421736,13.5164436,13.6729266,14.7837053,12.6669511,11.9560361,11.8147471,12.5061127,11.5049498,10.79136,11.5048732,12.2701262,11.4333166,11.143434,11.3552768,11.9535826,12.7705982,13.4159322,15.1053074,16.2449928,18.8333494,18.4435392,18.841855,17.7607512,18.0565352,14.7229254,13.3981384,14.2843088,13.390696,11.8984171,10.8555835,11.0649487,7.889841300000001,7.080088860000001,5.59619322,5.13078442,4.03525214,3.78764902,3.71084596,4.04787204,3.85199838,4.215468860000001,5.34528638,7.62254038,7.346001040000001,7.184607000000002,6.353452880000002,7.197878279999999,4.274201768,3.680653954,3.244720128,2.7079888863422,0.1587148863422,0.09117149834220002,0.05094571234220002,2.4383422e-06,0.0,0.0,0,0,0,0,0,0,0,0,0,0,0.0,0.0,0.0
30125>30111,1475,511,BSTu,Baker Street,Metropolitan // SB,511,BSTu,Baker Street,Bakerloo // SB,Alight-Interchange-Board,3446.619865360001,208.1946957,1481.9371952,802.5293598000001,752.8138041999999,162.19599978,38.94881068000001,0.0138012,0.92744074,5.20056774,14.45815814,25.30088014,36.17939834,55.26905679999999,70.8453926,86.6200302,98.25994020000002,125.3166008,141.5464548,163.71551,163.673542,157.824642,146.471522,129.180997,100.954317,85.13601820000001,83.23762099999999,67.050701,54.68020800000001,46.8074508,44.8859436,37.1733648,32.7761542,32.13074020000001,33.412742,32.5544736,30.2761936,28.7631898,27.8321078,25.7280882,23.724508,23.6413396,24.0605828,23.9194428,22.7895758,22.1107712,22.02085180000001,25.1117118,30.9773684,40.1809044,49.9209456,56.9379294,60.9274566,63.0399268,61.2947668,62.12045579999999,68.1616218,68.44500179999999,70.728371,71.35084700000002,67.30732280000001,55.10539259999999,47.39471180000001,36.3663284,27.6066638,20.7417792,17.6288738,14.8246914,11.7516814,9.329138,6.60142148,5.420990120000001,4.34594882,3.810413880000001,3.76806948,3.754567320000001,3.65858698,4.02942128,4.653017820000001,4.718966020000001,5.392010780000001,4.532623552,3.613079432000001,2.510417232,1.620973432,0.322025152,0.14312168,0.0,0.0,0.0,0,0,0,0,0,0,0,0,0,0,0.0,0.0,0.0
30125>30120,1475,511,BSTu,Baker Street,Metropolitan // SB,511,BSTu,Baker Street,H&C and Circle // EB,Alight-Interchange-Board,1553.2586340316,121.5601803316,813.3452261200001,280.46721796,209.1032672,79.61945878,49.16328364,0.2167704172,1.9081504172,3.7134096172,10.20628694,19.14945894,21.495139,22.0222796,42.84868540000001,43.59035180000001,55.36038780000001,58.36047240000001,61.1886378,65.21622880000001,64.322806,66.47647119999999,92.1432958,89.96826,71.994918,83.09409640000001,61.62930012000001,49.53382332,47.63160752,40.02925352,24.08037924,23.90395702,5.88584752,5.82260562,5.58117008,5.13674222,4.819951919999999,4.60031452,4.794790020000002,4.8082889,4.51594632,4.43132172,4.362182160000001,3.92994262,3.76518094,3.80818646,3.92533574,3.828523399999999,4.36043978,4.444141,12.4672864,12.67374964,13.40241794,14.0192179,19.43680362,12.43235282,16.8837127,23.302256,22.48082806,17.78620658,21.71223978,19.87908318,15.09439898,17.55542012,18.1318657,13.08220674,9.58193138,7.16155632,4.050375219999998,2.19181328,1.90663352,1.7892496,1.36166954,1.24844968,1.55828768,1.45317888,2.93306176,4.264822580000001,6.40398974,7.53170748,7.858975200000001,6.51373378,5.41772748,3.27287738,1.61991088,0.97484108,0.6918033000000001,0.2266541,0.0,0.0,0,0,0,0,0,0,0,0,0,0,0.0,0.0,0.0
30125>30121,1475,511,BSTu,Baker Street,Metropolitan // SB,511,BSTu,Baker Street,H&C and Circle // WB,Alight-Interchange-Board,2447.36552088,155.2245058,898.0654892,764.8460259999999,420.4443304,148.9355754,59.84959408,0.6777274999999999,1.94216776,6.301782360000002,13.02750836,21.07128196,29.04776526,37.9487936,45.20747900000001,53.26742800000001,60.0441586,77.10011159999999,86.56275579999999,90.7932718,94.872732,90.9611708,82.22205680000002,76.48729800000002,70.401566,59.6918568,55.661083,47.5189266,37.737661,34.2853002,33.4040062,33.1110192,30.63010360000001,32.8086124,32.5688238,31.1949898,30.29413700000001,29.9361008,29.405613,29.30065200000001,29.12668080000001,28.35747120000001,28.2643936,28.8746958,29.0204948,28.6442916,30.0922888,31.2396586,31.4101536,31.46441160000001,36.15554,34.8308948,35.9202664,36.0175984,39.0286778,38.2965078,40.92300100000001,40.21640679999999,38.64833120000001,35.39378660000001,31.0613476,27.2675632,22.8399488,21.5559492,17.7082452,15.9625062,13.51482360000001,12.8863438,10.7460894,10.5849588,9.0327354,8.729975,8.637215199999998,9.0657618,10.5109718,10.0310878,9.568037599999998,8.7197829,8.2162205,6.0715333,5.406484620000001,4.52799866,3.625374640000001,2.130213076,0.9159594759999999,0.382211556,0.178958316,0.07573163599999999,0.0,0.0,0,0,0,0,0,0,0,0,0,0,0.0,0.0,0.0
30125>30122,1475,511,BSTu,Baker Street,Metropolitan // SB,511,BSTu,Baker Street,Jubilee // NB,Alight-Interchange-Board,0.0064585956,0.0,0.0006610386000000001,0.0,0.0011595114,0.0046380456,0.0,0.0,0.0,0.0,0.0,0.0,0.0,0.0,0.0,0.0,0.0,0.0,0.0,0.00013220772,0.00013220772,0.00013220772,0.00013220772,0.00013220772,0.0,0.0,0.0,0.0,0.0,0.0,0.0,0.0,0.0,0.0,0.0,0.0,0.0,0.0,0.0,0.0,0.0,0.0,0.0,0.0,0.0,0.0,0.0,0.0,0.0,0.0,0.0,0.0,0.0,0.0,0.0,0.0,0.0,0.0,0.0,0.0,0.0,0.0,0.0011595114,0.0011595114,0.0011595114,0.0011595114,0.0011595114,0.0,0.0,0.0,0.0,0.0,0.0,0.0,0.0,0.0,0.0,0.0,0.0,0.0,0.0,0.0,0.0,0.0,0.0,0.0,0.0,0.0,0.0,0.0,0,0,0,0,0,0,0,0,0,0,0.0,0.0,0.0
30125>30123,1475,511,BSTu,Baker Street,Metropolitan // SB,511,BSTu,Baker Street,Jubilee // SB,Alight-Interchange-Board,738.492029437424,59.23903951,469.08379304,125.9424657,45.86803931999999,14.516454486,23.8422373814243,1.53990926,1.61004859,1.61004859,5.42459979,6.23818793,6.57079907,10.53202714,25.71341914,34.74401114,47.4753602,66.1943858,65.56209059999999,57.81806200000001,52.92883879999999,43.99562460000001,25.11438900000001,27.8157688,21.07714884,14.68687578,11.67123748,10.7793948,5.694747940000001,5.836635100000001,5.45443496,4.96812066,5.00940514,5.30252972,5.32719844,5.382516840000001,5.271384640000001,5.546630180000001,5.08931694,5.46380854,5.22364434,5.54849894,5.344408540000001,5.42318586,4.81455506,4.67457726,4.26409438,4.43254924,3.72063614,3.381457820000001,3.98873422,4.18443458,4.27706266,5.13358206,5.71336512,5.247821920000002,4.31389874,4.21430666,3.232285931999999,2.953913072,2.337096132000001,2.479527292000001,1.780745152,2.19810842,1.74807326,1.462596714,1.439578794,1.257619234,0.9004426940000001,0.956372374,0.978713512,0.817250582,0.722023674,0.778214594,1.257460634,1.300462582,1.409382072,2.05652756,1.8570586548,1.9492914948,1.78588639748486,1.95304673748486,2.68588059748486,2.84836180268486,2.07759640268486,2.0775955,1.66877826,0.17236932,0.0,0.0,0,0,0,0,0,0,0,0,0,0,0.0,0.0,0.0
590201>590222,537,537,CPKu,Canons Park,EntEx,537,CPKu,Canons Park,Jubilee // NB,Enter-Board,49.57973757099998,1.362311562,14.353621982,15.925305206,8.802246614000001,7.291881870400001,1.8443703366,0.01269297,0.033623618,0.033623618,0.08354563400000001,0.140478418,0.2026798820000001,0.389095034,0.4665723879999999,0.694439732,0.8396105079999999,0.958167646,1.703085846,1.849705552,1.819990612,1.822196332,1.742360988,0.9058169740000002,0.8308319840000001,0.664947034,0.5224687739999999,0.457107742,0.4333084300000001,0.4468439200000001,0.4018154420000001,0.528457992,0.555835476,0.5392135100000001,0.57417652,0.662600028,0.673594618,0.7959393860000001,0.920763818,0.74704998,0.667641264,0.5356808120000001,0.4232285079999999,0.378056798,0.7081743659999999,1.000264042,0.974415368,1.049091952,1.077656654,0.7950139100000001,0.5793746700000001,0.751266016,0.69772748,0.6687424819999999,0.676435586,0.6377468920000001,0.472317266,0.613743974,0.64692598,0.8635201400000001,0.924471944,0.992947484,0.8564013700000002,0.8482738700000001,0.62245519,0.63005602,0.938975046,0.87358894,0.72048926,0.698795982,0.629583394,0.297444854,0.361030834,0.3524923512000001,0.3186961292,0.2669625752,0.1948110122,0.08506735220000003,0.067119875,0.07577056900000001,0.044226551,0.023001334,0.103109674,0.167196344,0.20828168,0.20828168,0.20828168,0.12817334,0.06408667,0.0,0,0,0,0,0,0,0,0,0,0,0.0,0.0,0.0
590201>590223,537,537,CPKu,Canons Park,EntEx,537,CPKu,Canons Park,Jubilee // SB,Enter-Board,3763.356532600001,494.2054924,1611.3044094,909.8866326,564.4393656000001,145.9599977,37.5606349,10.266748,18.9984084,35.0200244,58.31229740000001,70.8789704,86.2405054,101.7810862,112.7074522,121.8901732,145.4581072,171.4619512,182.2729,183.470988,177.175586,162.279092,129.720522,108.582258,91.7306,77.0381792,60.22405260000001,53.81189060000001,48.01258600000001,46.017456,43.01330400000001,41.9426446,41.05096500000001,41.3753624,39.6927924,37.9999816,36.7469936,36.9816652,35.42590720000001,33.371577,32.4213378,32.0130422,30.2757134,29.1746622,30.1229204,30.8448484,30.510608,32.1558396,38.6297164,41.6086012,46.6862174,50.61966740000001,53.11328060000001,52.0464976,54.0811348,53.7315522,53.9964238,53.5071558,49.871213,44.99149760000001,38.7000752,32.71516920000001,27.06569840000001,23.2216466,19.2001914,16.4647697,14.1633291,12.0744189,9.8617203,9.397352900000001,8.9686184,8.090500200000001,7.907052799999999,8.718692599999999,7.891704799999999,7.14611594,7.137087200000001,6.29917224,4.60282152,3.54911712,2.78150034,2.27539902,1.64378238,1.0008831,0.7229513000000001,0.4018047400000001,0.0,0.0,0.0,0.0,0,0,0,0,0,0,0,0,0,0,0.0,0.0,0.0
590222>590201,537,537,CPKu,Canons Park,Jubilee // NB,537,CPKu,Canons Park,EntEx,Alight-Exit,3667.717923560001,40.91905026,399.231201,665.4066505000001,1394.7170096,804.6145853999999,362.8294268,0.06666005200000001,0.271018012,0.9602771520000002,2.487892612,4.060927812,7.61987656,10.4706028,14.98179526,21.5836308,28.2558066,36.1668174,41.97590779999999,49.26857020000001,48.19080080000001,45.83868320000001,37.7176966,32.361317,23.1584206,18.7109695,16.0025805,15.4386801,15.0639887,14.0338451,14.228005,14.3337608,14.9038018,15.1367782,16.3232366,17.1233512,18.0891788,19.39536720000001,20.6851938,23.05358,25.489115,27.5169238,30.22166380000001,33.4812272,36.2293792,38.39879120000001,41.36225020000001,46.3038622,52.21145020000001,55.84984820000001,60.53337220000002,66.5450926,72.1746426,82.6309026,94.695909,112.115643,123.308481,137.490563,140.564599,149.346656,146.002044,143.207316,126.6351608,118.7173068,103.2112156,90.63183959999999,75.670333,71.8371542,62.29382820000001,54.2842906,48.2801966,48.2092096,45.66735120000001,43.3988786,42.41298140000001,41.80791840000001,41.5720152,40.22104760000001,39.7434902,37.83023660000001,36.0287342,30.7373302,27.261903,22.0610306,17.1969718,11.9312806,8.8336954,4.421336599999999,2.476065,0.7063714000000001,0,0,0,0,0,0,0,0,0,0,0.0,0.0,0.0
590223>590201,537,537,CPKu,Canons Park,Jubilee // SB,537,CPKu,Canons Park,EntEx,Alight-Exit,53.770633085,1.306345796,12.505402628,15.469981144,15.390723686,8.084991592,1.013188239,0.0024530096,0.0049060196,0.0456705096,0.0704763716,0.2164620236,0.316362394,0.3374310720000001,0.312584396,0.482946454,0.508947822,0.679149882,1.167647634,1.6904665,1.7264448,1.725042208,1.520336668,1.093395032,0.7026928720000001,0.621865372,0.586467384,0.6043304540000001,0.59917009,0.5644705839999999,0.5032552579999999,0.417510868,0.4265213980000001,0.3983406940000001,0.37388868,0.352825978,0.3860564580000001,0.390303718,0.44414351,0.64399725,0.7851162979999999,0.851627108,0.84786578,0.806388742,0.6894773160000001,0.566313536,0.531016196,0.855530844,1.104597354,1.11448561,1.21274742,1.3747778,1.43691898,1.28600612,1.32364473,1.43760762,1.54971218,1.35872484,1.43306674,1.333083412,1.128082832,0.912941312,0.8161571200000001,0.7909011800000001,0.902323048,0.9896533279999999,0.916107052,0.8148268160000001,0.7308973759999999,0.7061140359999999,0.601786328,0.53459363,0.4855156780000001,0.398005798,0.214267322,0.1492149186,0.1398462006000001,0.1210101194,0.1215937434,0.1123666194,0.1011963708,0.0907215088,0.07811891600000001,0.037635512,0.024593732,0.024593732,0.012296866,0.0,0.0,0.0,0,0,0,0,0,0,0,0,0,0,0.0,0.0,0.0
580301>580322,558,558,DHLu,Dollis Hill,EntEx,558,DHLu,Dollis Hill,Jubilee // NB,Enter-Board,1113.27914424,40.5782999,326.7494567000001,349.456603,279.8916497,92.58581414,24.0173208,0.0,0.6633588400000001,1.47224232,2.47164846,4.09521776,7.38826736,9.93725132,14.55031384,23.4596067,29.3176506,37.7622116,41.84265080000001,42.4562578,36.7009242,32.29671400000001,23.4162984,18.6621256,15.1518262,12.9651912,12.7179996,12.6098624,12.1879032,12.3356814,13.1937056,13.5145012,13.2800294,13.7638484,13.9779876,14.0409566,14.0555858,14.3629036,14.485895,14.0348718,13.1732038,13.126829,14.2052012,14.7832708,15.761893,16.3354794,16.3313942,15.839483,15.9613882,17.7715796,20.3231488,22.4407522,23.611643,26.5599424,26.508325,26.4777056,25.3090744,25.1825746,23.140398,22.1079292,20.424702,20.2349844,17.8936189,15.1760154,12.7173718,10.45706294,8.254022540000001,7.954861640000002,7.14276094,6.38297082,6.36541998,5.483245660000001,4.261131140000002,4.26986634,4.121084939999998,3.46766072,3.14068196,3.13729794,2.73490494,2.29466354,2.06623258,1.93583396,1.58926714,1.28118224,1.010829988,0.733180268,0.401341568,0.161177528,0.063066428,0.0,0,0,0,0,0,0,0,0,0,0,0.0,0.0,0.0
580301>580323,558,558,DHLu,Dollis Hill,EntEx,558,DHLu,Dollis Hill,Jubilee // SB,Enter-Board,4376.307870999999,382.7910408,1667.0165554,1334.8783022,706.7129659999999,239.3093549,45.5996517,10.243192,16.53696200000001,26.1188934,36.0236314,46.66320320000001,63.70507140000001,84.4325934,99.067494,119.5925032,132.0987952,152.826178,155.288598,171.62484,161.361514,166.720758,151.636214,141.683468,115.873804,108.231955,90.077928,76.88373200000002,69.649033,66.148551,62.93427639999999,59.16849939999999,55.40354420000001,54.37651780000001,53.68512480000001,52.43861440000001,51.08424140000001,52.66181020000001,52.2765402,50.83040920000001,49.9630872,50.39348500000001,48.5225682,48.06474960000001,48.43474560000001,49.08137960000001,51.1845788,54.4384386,55.89749020000001,59.86540620000001,61.49147920000002,63.14495920000002,62.13670460000001,65.18580899999999,66.23813299999999,68.33768900000001,66.189851,65.95819700000001,61.58247580000001,56.04654420000001,48.99232280000001,43.9879328,38.9123476,33.7140834,29.5906334,27.36554180000001,25.4791364,22.169292,20.290975,18.0573406,15.8765358,13.7433896,12.4142785,10.7519745,9.856173900000002,8.215387100000001,6.966908500000002,6.519861440000001,5.829788300000001,4.627151,4.02903388,3.62126142,2.61831322,1.48868476,0.98449866,0.5688733800000001,0.12989004,0.0,0.0,0.0,0,0,0,0,0,0,0,0,0,0,0.0,0.0,0.0
580322>580301,558,558,DHLu,Dollis Hill,Jubilee // NB,558,DHLu,Dollis Hill,EntEx,Alight-Exit,3876.092263600001,38.360196,400.6875054,785.3605600000001,1344.802149,813.3549926000001,493.5268606000001,0.0,0.3487133,1.62309962,2.61636202,4.78059082,7.08160992,9.71346662,12.1963537,16.0933193,19.4362265,24.0947244,28.7240864,36.2718094,40.9246454,45.7766554,46.1260084,44.054831,38.4579972,33.4077246,27.3194774,24.3779662,23.0365996,21.1204228,20.504002,20.8977296,20.989752,21.2150564,22.2664102,23.964731,24.9611654,26.5825342,28.5730094,30.8136846,32.727228,34.0485192,35.4332372,36.73914,38.4426282,39.9631946,41.4145606,45.23854960000001,51.57452120000001,56.6629292,63.81298879999999,72.3693668,84.4392208,89.93056680000002,104.2755658,115.453165,126.334069,131.786028,136.92543,133.5526752,123.3276552,118.0614112,108.3469952,98.0255892,85.65516799999997,81.841916,71.96615560000002,65.5769226,63.66073660000001,62.09484800000001,60.85940100000001,57.0062348,56.76116340000001,53.7250054,56.18185200000001,54.61016180000001,59.7582464,55.84358080000001,55.3883752,51.6146552,48.0993824,40.94489040000001,35.85466020000001,30.6948462,23.9883536,17.0125756,10.1431536,6.6854998,2.8884794,0.0,0,0,0,0,0,0,0,0,0,0,0.0,0.0,0.0
580323>580301,558,558,DHLu,Dollis Hill,Jubilee // SB,558,DHLu,Dollis Hill,EntEx,Alight-Exit,1069.400672422,49.734784792,256.4955406,350.45864,289.326999,99.40976866,23.97493937,0.22408526,0.92788116,2.29642456,4.492987172,7.20003594,8.9942843,11.9226898,13.6763966,15.9488352,16.473489,19.1169356,19.3829442,21.934651,23.3252238,25.7566072,25.0363524,25.9302404,24.1607134,21.1074596,18.3220888,17.2460542,14.6449292,12.989512,12.1636736,11.5656796,11.115049,11.2323516,11.4599894,11.8645298,12.4855516,12.8068578,13.1964546,12.9570008,12.9929214,12.3139566,12.5209056,12.5194694,13.459291,14.3073234,16.2413524,18.2656084,22.1666982,23.7138746,26.2296058,27.726974,28.0162396,25.7470676,27.4025608,25.50823160000001,26.18157040000001,25.8887268,26.20528860000001,22.3206464,21.495968,17.9220706,14.9116546,12.3480878,12.150468,10.3890706,9.17692934,9.06771874,8.335015420000001,7.532821340000001,7.2295482,6.71128094,5.96066374,5.470140860000001,5.03802368,4.569156860000001,4.22623804,3.86970126,3.40983548,2.49868528,2.0146298,1.45145594,0.8857814660000002,0.4875244460000001,0.3355599060000001,0.184073946,0.04229694599999999,0.0,0.0,0.0,0,0,0,0,0,0,0,0,0,0,0.0,0.0,0.0
30125>30125,1475,511,BSTu,Baker Street,Metropolitan // SB,511,BSTu,Baker Street,Metropolitan // SB,Alight-Interchange-Board,0.0,0.0,0.0,0.0,0.0,0.0,0.0,0.0,0.0,0.0,0.0,0.0,0.0,0.0,0.0,0.0,0.0,0.0,0.0,0.0,0.0,0.0,0.0,0.0,0.0,0.0,0.0,0.0,0.0,0.0,0.0,0.0,0.0,0.0,0.0,0.0,0.0,0.0,0.0,0.0,0.0,0.0,0.0,0.0,0.0,0.0,0.0,0.0,0.0,0.0,0.0,0.0,0.0,0.0,0.0,0.0,0.0,0.0,0.0,0.0,0.0,0.0,0.0,0.0,0.0,0.0,0.0,0.0,0.0,0.0,0.0,0.0,0.0,0.0,0.0,0.0,0.0,0.0,0.0,0.0,0.0,0.0,0.0,0.0,0.0,0.0,0.0,0.0,0.0,0.0,0,0,0,0,0,0,0,0,0,0,0.0,0.0,0.0
30125>50370,1475,511,BSTu,Baker Street,Metropolitan // SB,1475,MYBr,Marylebone NR,NR Chiltern // DN,Alight-Exit-Interchange-Enter-Board,0.0,0.0,0.0,0.0,0.0,0.0,0.0,0.0,0.0,0.0,0.0,0.0,0.0,0.0,0.0,0.0,0.0,0.0,0.0,0.0,0.0,0.0,0.0,0.0,0.0,0.0,0.0,0.0,0.0,0.0,0.0,0.0,0.0,0.0,0.0,0.0,0.0,0.0,0.0,0.0,0.0,0.0,0.0,0.0,0.0,0.0,0.0,0.0,0.0,0.0,0.0,0.0,0.0,0.0,0.0,0.0,0.0,0.0,0.0,0.0,0.0,0.0,0.0,0.0,0.0,0.0,0.0,0.0,0.0,0.0,0.0,0.0,0.0,0.0,0.0,0.0,0.0,0.0,0.0,0.0,0.0,0.0,0.0,0.0,0.0,0.0,0.0,0.0,0.0,0.0,0,0,0,0,0,0,0,0,0,0,0.0,0.0,0.0
230501>230522,579,579,FRDu,Finchley Road,EntEx,579,FRDu,Finchley Road,Jubilee // NB,Enter-Board,1604.599894299999,12.02133354,149.81162376,486.7956672,534.7081508,314.7859224000001,106.4771966,0.0,0.39973678,0.48395642,0.8099121600000001,1.4980988,1.9813095,2.77061186,4.07770802,6.599487679999998,9.24448844,13.28636314,16.0808574,17.970602,17.9876826,16.3867725,13.4084307,11.1300837,9.585163699999999,8.809451300000003,9.3222406,9.807625,10.1375138,10.850884,11.8295794,12.5632146,13.176321,15.0141866,16.188186,17.111373,17.728736,18.6231264,19.3347204,20.4829718,20.6611432,21.1309154,23.2107894,24.0926258,24.0767752,24.5874102,26.3711832,27.189025,27.8885946,33.59758480000001,41.14118240000001,44.43472500000001,46.63045039999999,49.6266708,49.05050720000001,45.6029716,45.707116,46.620886,43.92468779999999,42.85896760000001,42.22986000000001,39.9444756,38.0768328,38.50881980000001,34.638246,31.9426592,30.15157300000001,27.0970644,25.2864882,24.94023180000001,22.87616560000001,21.6373442,20.4400856,19.189408,18.0778366,18.1042594,15.8586288,14.7845769,12.43453164,10.21275924,8.349232140000002,7.296086420000003,5.447465060000002,5.10044168,3.82759848,2.27760898,1.6443803,1.13962756,0.0,0.0,0,0,0,0,0,0,0,0,0,0,0.0,0.0,0.0
230501>230523,579,579,FRDu,Finchley Road,EntEx,579,FRDu,Finchley Road,Jubilee // SB,Enter-Board,4913.333573100001,165.9450583,1556.05137,1475.9035622,1105.9726732,447.450622,162.0102874,3.2882601,4.9950301,7.4610903,12.6883638,18.6310704,26.3558306,37.79753460000001,54.72787840000001,70.3008052,91.55053199999999,112.161398,137.500314,158.99973,172.635382,174.087262,168.28683,150.4990372,124.9747792,104.9998272,90.05547320000002,78.84007720000002,70.8110054,65.83750780000001,64.05331580000001,62.6603898,61.36024020000001,60.60317879999999,63.0132384,61.3028384,58.07731920000001,57.9013088,57.4715102,55.7728402,53.2406002,54.2113914,52.7694134,51.96479799999999,51.904386,54.4280726,57.9160046,60.9641726,65.23542060000001,74.38264260000003,81.18189000000002,85.19534080000003,89.86856879999999,95.83523079999999,94.5182188,97.6719608,99.6332372,103.0041492,99.9745452,96.85069920000002,89.2472092,82.67023600000002,71.5032772,62.71296640000001,54.6485284,48.74605360000001,40.86850020000001,36.3704954,33.5543008,31.3331906,29.6256934,28.0498718,27.428062,27.0035056,27.1094538,25.9872662,25.0137408,22.6044175,19.8036713,17.2687501,14.9589853,12.55403438,10.07523098,7.162390020000003,4.12150522,1.63769962,0.6798889400000001,0.14270704,0.0,0.0,0,0,0,0,0,0,0,0,0,0,0.0,0.0,0.0
230501>230524,579,579,FRDu,Finchley Road,EntEx,579,FRDu,Finchley Road,Metropolitan // NB,Enter-Board,2366.46429843,51.20866342,367.3510988,567.0693514,824.546633,387.7675088,168.52104301,0.5151629,1.2161659,2.1915612,3.9148698,5.55543262,8.2024381,12.8731755,16.7398574,22.2887182,28.4358672,38.3436718,44.07996900000001,46.3583066,44.2603864,39.9341228,29.5115704,22.1481114,18.430659,16.7503582,16.8093578,17.7089778,16.5043706,16.4869428,15.956319,15.3111988,14.77368560000001,15.7728602,16.1727412,17.8486958,18.80134480000001,20.5315724,21.7876752,22.9494636,22.1131686,23.3871778,26.024334,27.5105828,28.7476898,30.4039448,31.6532888,30.0949122,30.704106,37.25130300000001,48.5729958,56.9067458,66.83586340000001,72.430134,74.8181328,72.85984080000001,72.27915159999999,71.07944640000002,72.9544834,70.15746659999999,67.32042620000001,65.4173054,61.48763660000001,55.36452040000001,49.16964000000001,43.79582400000001,37.4346954,31.6323554,27.8666472,26.7642848,24.3976768,23.0468148,22.5261518,22.9424338,22.82646440000001,22.6612998,20.7481848,20.8233442,18.7820566,16.30104519999999,14.0078939,14.0882089,12.1217659,10.3382331,7.955283322,6.168423622000001,3.372034222,1.107952822,0.045316622,0.0,0,0,0,0,0,0,0,0,0,0,0.0,0.0,0.0
230501>230525,579,579,FRDu,Finchley Road,EntEx,579,FRDu,Finchley Road,Metropolitan // SB,Enter-Board,3472.567693868003,107.643615408,1460.4921954,965.8033654000002,677.5010998,205.1633946,55.96402326000001,0.7804300860000002,2.414781086000001,4.281338486000001,7.55863049,12.63244886,18.6095094,25.7436244,35.6228526,47.81899780000001,64.87687980000001,90.3217188,120.7187688,152.4307952,174.5247,183.030458,175.13593,155.144392,123.942833,96.989109,75.55761299999998,62.913577,52.74340760000001,48.8907778,46.72573879999999,45.8255276,41.2179884,39.4428578,38.3148998,37.5339708,35.3628638,35.811737,35.9152658,36.001407,34.624329,34.188205,33.11815540000001,32.8344342,30.73088980000001,32.1375378,35.46382320000001,38.1374648,38.98101800000001,47.020844,51.86664500000001,52.8314458,55.18872180000001,60.99919000000001,61.05620920000001,62.74740120000001,65.1088632,67.1047952,63.0341182,58.0889682,50.47197980000001,44.36485340000001,36.5045538,31.3231362,26.6099156,23.1469632,19.3159722,17.3481324,15.719199,14.0712196,12.7665624,12.4996356,11.028804,10.596543,10.7373114,10.0693077,9.001098200000003,8.478670600000001,7.2694808,6.230087280000001,5.328458680000002,4.267466440000002,2.820348472,1.668600612,0.518468532,0.2115598320000001,0.072195772,0.02828034000000001,0.0,0.0,0,0,0,0,0,0,0,0,0,0,0.0,0.0,0.0
230522>230501,579,579,FRDu,Finchley Road,Jubilee // NB,579,FRDu,Finchley Road,EntEx,Alight-Exit,4681.1531565,120.2061138,697.1342958000001,1128.4341006,1397.110475,873.1218210000001,465.1463503000001,0.0,1.2919882,4.343272000000002,9.3114692,16.7153612,23.8173132,29.0818726,35.6448374,41.9859816,46.77689160000001,52.4591416,62.189716,72.26171540000001,79.05721100000002,77.8625722,73.45298880000001,63.2176948,51.51537620000001,40.0998604,36.25514620000001,34.99619300000001,36.48566440000001,35.5327896,35.22036079999999,36.1634042,37.03001079999999,36.8610834,37.1406808,39.3994044,40.4741274,40.69991540000001,42.03511140000001,44.67270080000001,45.277658,45.2591126,46.88615160000001,48.870311,49.8056648,52.15650960000001,57.5090616,63.5268756,66.644633,74.6802818,81.1063946,87.42586460000003,94.60850359999999,101.3728308,105.5639856,115.6236908,120.8058608,126.6612948,133.2894308,136.437776,130.196324,126.093604,119.0313092,107.535956,96.81938200000002,87.886204,77.56452,68.763374,65.1696192,62.05271999999999,61.10114,62.382666,61.40829760000001,61.11835880000001,61.31958340000001,62.50044220000001,62.29333960000001,61.42701080000001,57.1117596,52.34215880000001,45.418664,36.6623094,27.8881728,23.0249692,16.0977067,9.889316700000002,5.986789900000002,3.5740785,0.9296321,0.0,0,0,0,0,0,0,0,0,0,0,0.0,0.0,0.0
230522>230524,579,579,FRDu,Finchley Road,Jubilee // NB,579,FRDu,Finchley Road,Metropolitan // NB,Alight-Interchange-Board,14996.108716,295.3523814000001,1408.6340014,2804.3873002,5924.088196000001,3092.983154,1470.663683,0.0,0.8028472000000001,8.743640000000001,19.86120660000001,42.95182060000001,59.41109340000001,72.14840620000003,91.4333674,104.5521108,107.1209908,116.359954,135.592788,149.50031,156.2715,147.7936328,140.1332348,119.6956802,92.1682392,71.6960878,67.749473,61.21915600000001,60.74607920000001,54.82098540000001,56.44212340000001,57.8892034,61.84747640000001,65.42677579999999,76.50692459999999,86.267628,91.168742,95.2498292,104.2355552,111.4878832,116.3102592,125.4305512,136.858576,145.736226,156.13303,164.37945,169.886682,177.524364,185.60191,206.35058,236.86731,288.950732,346.920468,420.800924,469.688484,544.965088,574.614016,599.6432639999999,581.651976,602.8965559999999,522.8381099999999,500.4973900000001,470.621188,428.3256019999999,357.360282,350.968296,308.2873100000001,258.780364,237.824254,218.302446,201.498774,186.887688,179.675194,180.091116,184.981828,187.277714,183.90462,174.445176,173.037604,155.992632,149.017398,121.3278972,109.7975992,84.5508544,62.8545554,30.0086874,24.7609942,10.7348062,2.953145,0.0,0,0,0,0,0,0,0,0,0,0,0.0,0.0,0.0
230522>230525,579,579,FRDu,Finchley Road,Jubilee // NB,579,FRDu,Finchley Road,Metropolitan // SB,Alight-Interchange-Board,150.400680232,6.49836188,71.445777684,34.97606091600001,28.79889028000001,5.898161746,2.783427726,0.0,0.028816884,0.088060084,0.371358664,0.635278164,1.466074964,1.68833886,2.22043426,2.45064194,3.14688604,3.09748554,4.54533276,6.62755136,8.359676499999999,7.399512899999999,9.8337992,9.3109608,6.715570168000001,4.916872568,5.041487908000001,2.071546868,1.150271888,1.39530294,1.28476288,1.43277278,1.50200884,1.50776014,1.4266697,1.38259514,1.39717038,1.40781752,1.41469664,1.47881796,1.41054294,1.366479,1.2611871,1.34571106,1.29194648,1.36118664,1.45452462,1.63840142,1.3561841,1.54639706,2.09130682,1.97177394,2.44201668,2.372265,2.670934,3.04725866,3.1168289,2.62215688,3.02405912,2.65633018,1.74181338,1.61240142,1.52105212,1.22578764,0.92326215,0.62326021,0.46616029,0.1777292100000001,0.07109145,0.0,0.2007968,0.29696791,0.49967565,0.605906458,0.807523978,0.69971927,0.60354816,0.4355660920000001,0.388713008,0.229705334,0.136713242,0.136713242,0.1036179624,0.04424023840000001,0.001630392399999999,0.001630392399999999,0.001630392399999999,0.0,0.0,0.0,0,0,0,0,0,0,0,0,0,0,0.0,0.0,0.0
230523>230501,579,579,FRDu,Finchley Road,Jubilee // SB,579,FRDu,Finchley Road,EntEx,Alight-Exit,1329.968772500001,62.9418012,426.2522166,469.8068908,255.571864,94.60586550000002,20.7901344,0.8053350000000001,1.8986694,4.017053000000002,6.004605600000001,8.393211599999999,11.218721,13.5482026,17.056003,23.2774804,30.90604,39.692723,49.053363,52.54463200000001,50.86987240000001,44.82999760000001,36.604739,28.37274020000001,24.9810154,22.7862436,22.33337,22.3804066,21.7324948,20.1157522,19.3695668,19.2838676,18.759618,18.2155216,17.78548240000001,18.2358662,18.6989978,19.2208244,19.6576378,19.6345782,19.097756,18.46243,17.6620648,17.2124516,17.3489928,17.6909004,18.602508,20.0717036,22.4390536,23.4870056,24.64141,24.9682764,25.9958194,24.3926208,23.5435994,22.8184132,22.434116,20.9737422,20.8521868,19.8266646,18.5004638,16.5639516,14.7020098,13.0222912,11.666383,10.2552344,9.628705600000002,8.65234206,7.596194520000003,6.95916242,6.44600442,5.750160320000001,5.301498660000001,4.704723500000001,4.6231654,4.22199576,3.68289546,3.10345054,2.87506972,2.092025194,1.621325534,1.195759094,0.8711988000000002,0.46398344,0.355689966,0.200066066,0.08566710599999999,0.02100772,0.0,0.0,0,0,0,0,0,0,0,0,0,0,0.0,0.0,0.0
230523>230524,579,579,FRDu,Finchley Road,Jubilee // SB,579,FRDu,Finchley Road,Metropolitan // NB,Alight-Interchange-Board,664.7593675949997,22.20585469,178.22515764,128.81718892,212.53324068,85.38993220000002,37.587993465,0.470987334,0.755754134,0.935205994,1.604213194,2.483466794,3.6307916,5.0073958,7.31803984,8.78505644,12.7532577,17.0420299,19.6708619,21.849397,22.463633,19.215145,15.2883353,13.5515539,10.3897718,8.9831046,8.233011099999999,7.606268260000001,5.595853800000001,5.3329435,4.800883400000001,4.242802620000001,3.9581749,4.12826628,3.72476448,3.47344602,3.52687168,3.62593026,3.908821059999999,4.30744752,5.070519480000002,5.365925900000001,5.8645725,6.06433318,6.29867052,5.97246292,6.18757366,6.04722494,6.30697888,7.27064208,10.13581108,11.55023754,16.26009294,17.8064362,18.345301,17.76694980000001,21.3269364,19.3368394,19.2189794,19.1031262,19.5054394,16.79596,15.5169424,13.98700594,12.4246112,10.0496297,7.779459980000001,6.610981460000001,6.385566920000001,6.064455460000001,5.415273,4.698004780000002,4.28921716,3.8626108,3.8231158,4.077463440000002,4.59435738,4.68664168,5.128524440000001,4.299225654,4.380465374,3.732437634,2.774215034,1.650226793,1.542451379,0.5448185790000001,0.1572417190000001,0.019924359,0.0,0.0,0,0,0,0,0,0,0,0,0,0,0.0,0.0,0.0
230523>230525,579,579,FRDu,Finchley Road,Jubilee // SB,579,FRDu,Finchley Road,Metropolitan // SB,Alight-Interchange-Board,4210.042934555002,369.48575928,2208.6805926,1028.0468142,458.5126666,124.63866256,20.67843931500001,0.325316268,10.159421268,12.340548468,23.553439868,49.909541808,76.42215159999999,87.24211260000001,109.5332274,116.723751,127.244585,155.359435,192.674015,227.631259,249.921636,246.27333,248.056978,215.174542,170.869594,143.409764,115.3417036,69.92368760000001,53.3144666,57.03874860000001,53.6778534,57.16900720000001,53.72470680000001,53.7266042,45.12332220000001,43.813606,42.1019726,42.37935820000001,41.81466700000001,38.82656300000001,37.7352184,37.75444640000001,36.88796240000001,35.1512998,33.6686788,32.46959080000001,32.20375180000001,32.264246,31.8917328,31.3704454,34.0148782,32.5096902,33.8678008,35.59965579999999,39.7772956,39.9222564,43.71907640000001,44.62818239999999,45.55789280000001,42.8264374,38.76622740000001,32.764393,28.5737584,22.930074,19.0750137,16.0564601,14.3135685,10.6630983,9.006428099999997,7.277274660000002,6.239201860000001,5.621544560000001,4.76144624,4.4037499,4.29080264,3.63714012,3.36695612,3.45218214,2.9588256,2.34084608,2.108973268,1.524393568,0.764683975,0.449506655,0.064937175,0.004997307,0.004997307,0.0,0.0,0.0,0,0,0,0,0,0,0,0,0,0,0.0,0.0,0.0
230524>230501,579,579,FRDu,Finchley Road,Metropolitan // NB,579,FRDu,Finchley Road,EntEx,Alight-Exit,3655.828683321999,21.513993402,490.03847792,837.5039322,1275.1975804,748.8913574000001,282.683342,0.1544136160000001,0.3977923360000001,0.4690830160000001,0.6266641060000001,1.106490258,2.56942913,4.859209610000002,11.33091133,17.72891344,26.67299248,35.848252,47.3078628,55.3316164,60.9009292,57.8777346,52.8193046,44.79044260000001,35.71257800000001,27.6611718,27.38668000000001,25.1206658,25.66741840000001,24.9928536,26.2559566,25.6371444,27.4246708,26.21504700000001,27.6337964,28.3638334,28.739121,29.7139788,31.5503534,32.8812042,33.6222764,34.77338,36.53305820000001,37.0383638,37.9123216,40.176947,42.9318268,46.6649986,52.3789466,53.5016554,61.774114,68.68629659999999,71.8420834,78.31801440000002,91.6115478,99.3372218,110.9154208,123.3109128,132.1561268,136.089056,132.751846,119.126448,111.052606,97.95564,86.00438199999998,73.634244,70.8479652,66.09961720000001,60.09872160000001,54.3868082,53.9644066,50.9168634,45.8942254,45.1378342,43.95064960000001,43.25866200000001,41.70838400000001,37.9879104,34.9267152,31.2521586,25.56485300000001,19.16652288,15.57596648,10.71260088,8.120555880000001,5.55913868,4.6107008,2.5690848,1.6700884,0.0,0,0,0,0,0,0,0,0,0,0,0.0,0.0,0.0
230524>230522,579,579,FRDu,Finchley Road,Metropolitan // NB,579,FRDu,Finchley Road,Jubilee // NB,Alight-Interchange-Board,4046.260876895001,15.424160545,274.4516235500001,831.2032392000001,1685.191606,922.4035980000001,317.5866496,0.0,0.017356497,0.044972571,0.07786250900000001,0.203499659,1.873802659,4.268755962,8.937910687999999,12.44294615,19.2933398,23.1211584,26.8173698,27.4310116,31.3665488,29.438622,27.34719520000001,23.9463686,21.4017148,16.6526996,15.1926488,14.0796526,15.4548906,16.6042178,18.9480404,20.3806964,22.6004076,22.9374576,24.6738064,25.79031040000001,26.5339986,28.6795618,32.4712796,35.04661179999999,35.6912972,37.339187,39.28719200000001,40.60406440000001,42.4237146,46.49448400000001,47.02884360000001,53.43241560000001,58.05314080000001,58.19092760000001,68.45704080000002,80.84007600000002,88.42099000000002,101.0922,118.009106,131.818144,151.025434,165.826582,177.742524,180.269252,178.724114,162.16179,149.261394,125.759358,112.9168868,92.1536388,83.57602680000002,77.0681008,72.28023479999997,67.074914,66.11453399999999,62.72141500000001,54.66550700000001,54.84453200000001,53.22845000000001,52.31250000000001,50.4974678,48.5323038,44.73292680000001,37.8937426,29.386815,20.50811906,14.50252166,8.22971592,5.10493612,2.82119972,2.51101086,0.55339026,0.0,0.0,0,0,0,0,0,0,0,0,0,0,0.0,0.0,0.0
230524>230523,579,579,FRDu,Finchley Road,Metropolitan // NB,579,FRDu,Finchley Road,Jubilee // SB,Alight-Interchange-Board,187.1593807660803,1.363629828,32.611493192,29.28040656,76.565922,35.85838734,11.47954184608024,0.0,0.0,0.0,0.0,0.025177508,0.17742372,0.31105522,0.84997338,1.21556778,2.007101992,2.39173098,3.00869324,3.000922800000001,3.344998220000001,3.08290996,2.854942540000001,3.154118180000001,3.22039546,2.82091128,2.509200760000001,2.363855052,1.898271392,1.494342552,1.29119616,1.24065298,1.212591148,0.7955096400000001,0.7605987000000001,0.8622053720000001,0.8351003620000002,0.8554298500000002,0.8832852580000001,0.9785228979999999,0.921657572,0.92200409,0.989957062,1.054106242,1.097034402,1.13174016,1.186865572,1.325747272,1.561647452,1.466510292,2.15157508,2.17773104,2.18744848,2.71506702,3.49659248,3.764473,6.428080560000001,8.43237112,10.14887538,10.5353686,10.59667928,7.977323520000001,8.105911520000001,6.47808192,5.34046026,4.139717920000002,4.42110538,2.43459978,1.65085968,1.75441996,2.18555848,1.99946004,1.84838776,1.8058848,1.79985136,1.74933986,1.71590628,1.553748340000001,1.39814006,1.38604058,1.06893538,0.7159355032160476,0.5918054892160476,0.5682806692160476,0.2508424292160476,0.1873206092160476,0.187320606,0.10592604,0.0,0.0,0,0,0,0,0,0,0,0,0,0,0.0,0.0,0.0
230525>230501,579,579,FRDu,Finchley Road,Metropolitan // SB,579,FRDu,Finchley Road,EntEx,Alight-Exit,2165.062549799801,155.3641210598,845.1596780000001,600.9544336,404.5055444000001,121.66794492,37.41082782000001,0.3609177065999999,3.070412906600001,6.626129906600001,11.72905251,20.39842683,27.6598462,37.970373,47.548962,64.5023144,75.99684599999999,89.56612400000002,100.605252,101.029381,90.234871,79.69937040000002,68.7976014,51.9657914,44.4110086,40.3147196,38.0363982,32.7163096,31.1283942,29.2214636,26.7565172,23.5455548,22.7784768,20.9108634,21.1680134,20.9767838,21.41143880000001,22.012608,22.80511000000001,22.905177,22.932902,22.57222620000001,21.950184,21.9446602,22.5562296,22.7325136,24.7828196,26.4706316,30.61629700000001,31.8167726,34.24248660000001,34.7884208,36.4140314,33.9333366,34.632291,35.66677620000001,38.04842979999999,38.19007120000001,38.3479984,35.58944,31.4857844,25.98030420000001,21.4286604,17.5857818,15.7442164,13.4434912,11.1847446,9.9486554,9.194582400000002,8.443200000000001,8.0738974,7.59151446,7.06609846,6.76061546,6.63114734,6.23359584,5.935861100000001,5.511108640000002,4.71027996,3.87633244,3.237250100000001,2.59031476,2.0657151,1.506674848,0.856658688,0.492568728,0.275083948,0.119383668,0.0,0.0,0,0,0,0,0,0,0,0,0,0,0.0,0.0,0.0
230525>230522,579,579,FRDu,Finchley Road,Metropolitan // SB,579,FRDu,Finchley Road,Jubilee // NB,Alight-Interchange-Board,690.02412467,44.0758418,291.73635266,143.15464514,150.94342458,44.55445482000001,15.55940567,0.0,1.16665392,1.630542,2.808516,6.309377,8.3370838,10.07945568,13.7442134,22.0415774,26.78033839999999,31.9261148,35.770693,36.9341698,31.8271862,27.650631,23.09541400000001,17.92829234000001,14.87561524,12.64418964,10.26213084,8.7083399,8.521746460000001,7.099023760000001,6.378225500000001,5.585375820000001,5.616616960000003,5.044845520000001,5.13796672,4.680426880000002,4.737881840000001,4.638644960000001,4.6289069,4.6585557,4.8143842,4.57200126,4.59021844,4.694742640000001,4.74581294,4.85653894,6.152443000000001,6.469206100000001,7.437964900000001,9.035770199999998,10.3490056,11.1559814,11.5000404,11.515495,11.8004412,10.54806094,12.89238674,14.91575094,15.93328554,14.68529824,15.1699165,11.32581824,9.50094944,7.286029180000001,6.25488248,5.22187448,4.923328540000001,3.36712228,2.99954952,2.81551372,2.57863016,1.9671538,2.1662967,2.3237846,2.65028936,2.52070128,2.42303822,2.28693228,1.99491122,1.57509856,1.37031076,1.099620648,0.8690678880000001,0.6784685140000001,0.3616316140000001,0.195280454,0.167318186,0.017026046,0.0,0.0,0,0,0,0,0,0,0,0,0,0,0.0,0.0,0.0
230525>230523,579,579,FRDu,Finchley Road,Metropolitan // SB,579,FRDu,Finchley Road,Jubilee // SB,Alight-Interchange-Board,16543.87049163,1450.69320504,7002.930042,4530.834150000001,2617.777716,697.5067704,244.1286081900001,0.33122776,25.23453176000001,65.39804576,105.06097376,201.94039,282.2913240000001,358.05069,412.386022,501.922494,579.86485,654.477596,747.281198,787.584852,755.9222440000001,678.5057300000002,626.4592,501.427432,424.913268,390.792852,353.778326,295.544244,274.555492,259.516372,242.454448,223.38484,218.949212,208.591412,207.892018,198.821382,191.828658,185.273884,183.837384,173.517528,165.966738,160.954464,156.355582,149.539674,144.496778,142.045056,144.404662,141.811532,145.289166,149.350934,166.45269,177.511742,190.055226,198.153746,213.247368,229.995142,254.36307,258.270842,274.343532,257.369416,226.177556,179.882156,158.40792,117.901986,100.1091616,80.36104300000001,69.38946999999999,55.951572,46.9316576,41.9277834,38.42885080000001,35.72187220000001,34.17833940000001,35.65331720000001,40.9517172,40.77788520000001,39.1675836,36.56561920000001,34.7223346,27.4643998,23.571483,17.73661329600001,13.874523418,7.326790718,2.714680118,0.08950611800000001,0.07468902200000001,0.04250010000000001,0.0,0.0,0,0,0,0,0,0,0,0,0,0,0.0,0.0,0.0
230522>230472,579,579,FRDu,Finchley Road,Jubilee // NB,1445,FNYr,Finchley Road & Frognal,LO Mildmay // EB,Alight-Exit-Interchange-Enter-Board,0.0,0.0,0.0,0.0,0.0,0.0,0.0,0.0,0.0,0.0,0.0,0.0,0.0,0.0,0.0,0.0,0.0,0.0,0.0,0.0,0.0,0.0,0.0,0.0,0.0,0.0,0.0,0.0,0.0,0.0,0.0,0.0,0.0,0.0,0.0,0.0,0.0,0.0,0.0,0.0,0.0,0.0,0.0,0.0,0.0,0.0,0.0,0.0,0.0,0.0,0.0,0.0,0.0,0.0,0.0,0.0,0.0,0.0,0.0,0.0,0.0,0.0,0.0,0.0,0.0,0.0,0.0,0.0,0.0,0.0,0.0,0.0,0.0,0.0,0.0,0.0,0.0,0.0,0.0,0.0,0.0,0.0,0.0,0.0,0.0,0.0,0.0,0.0,0.0,0.0,0,0,0,0,0,0,0,0,0,0,0.0,0.0,0.0
230522>230473,579,579,FRDu,Finchley Road,Jubilee // NB,1445,FNYr,Finchley Road & Frognal,LO Mildmay // WB,Alight-Exit-Interchange-Enter-Board,11.7438797815,2.4898543546,5.749007838400001,1.0816786326,1.6228905994,0.6592564993,0.1411918572,0.0,0.0,0.0,0.0041847058,0.0100042422,0.6898905822,0.8005756321999999,0.9851991922,1.0053617504,1.248712714,0.7040335740000001,0.63160961,0.44698605,0.4820654820000001,0.284549226,0.1795094200000001,0.144186871,0.2315383510000001,0.2006382170000001,0.189816573,0.187922291,0.223133486,0.1450868,0.116560238,0.08703071040000003,0.0811097204,0.0429599884,0.0336551944,0.0365940634,0.025290991,0.002938869,0.002938869,0.002938869,0.0,0.0,0.0,0.0,0.0,0.0,0.016438396,0.016438396,0.016438396,0.016438396,0.0277649586,0.0113265626,0.0634220586,0.0811082498,0.0811082498,0.0697816872,0.1638795272,0.1821201052,0.195315676,0.2197076610000001,0.2400798760000001,0.19268851,0.122352436,0.091470674,0.067078689,0.09909666800000001,0.052390194,0.06331762760000001,0.07164376360000001,0.07164376360000001,0.0192535696,0.04267934559999999,0.03175191200000001,0.023425776,0.0255045163,0.0473947403,0.0239689643,0.0239689643,0.0239689643,0.021890224,0.0,0.0,0.0,0.0,0.0,0.0,0.0,0.0,0.0,0.0,0,0,0,0,0,0,0,0,0,0,0.0,0.0,0.0
230523>230472,579,579,FRDu,Finchley Road,Jubilee // SB,1445,FNYr,Finchley Road & Frognal,LO Mildmay // EB,Alight-Exit-Interchange-Enter-Board,0.2029434,0.0,0.0,0.0,0.2029434,0.0,0.0,0.0,0.0,0.0,0.0,0.0,0.0,0.0,0.0,0.0,0.0,0.0,0.0,0.0,0.0,0.0,0.0,0.0,0.0,0.0,0.0,0.0,0.0,0.0,0.0,0.0,0.0,0.0,0.0,0.0,0.0,0.0,0.0,0.0,0.0,0.0,0.0,0.0,0.0,0.0,0.0,0.0,0.0,0.0,0.0,0.0,0.0,0.0,0.04058868,0.04058868,0.04058868,0.04058868,0.04058868,0.0,0.0,0.0,0.0,0.0,0.0,0.0,0.0,0.0,0.0,0.0,0.0,0.0,0.0,0.0,0.0,0.0,0.0,0.0,0.0,0.0,0.0,0.0,0.0,0.0,0.0,0.0,0.0,0.0,0.0,0.0,0,0,0,0,0,0,0,0,0,0,0.0,0.0,0.0
230523>230473,579,579,FRDu,Finchley Road,Jubilee // SB,1445,FNYr,Finchley Road & Frognal,LO Mildmay // WB,Alight-Exit-Interchange-Enter-Board,0.8518250574667605,0.09597880590000003,0.3949806696,0.1501601188,0.210699542,5.59745e-06,3.2371676e-07,0.0,0.0,0.00058255126,0.00058255126,0.01895379926,0.02548081846000001,0.02548081846000001,0.0248982672,0.0248982672,0.006527019200000001,0.020420954,0.059170476,0.059170476,0.06933870959999999,0.06933870959999999,0.04891775559999999,0.0101682336,0.0101682336,0.0084309176,0.0084309176,0.0084309176,0.0084309176,0.0084309176,0.0,0.0,0.0,0.0,0.0,0.0,0.0,0.0,0.0,0.0,0.0,0.0,0.006972559600000001,0.006972559600000001,0.006972559600000001,0.0197760036,0.0197760036,0.012803444,0.012803444,0.019125483,0.019665309,0.0257381268,0.0257381268,0.0257381268,0.032504335,0.019161065,0.0130882472,0.0215992512,0.0215992512,0.008511004,0.008511004,0.008511004,0.0,0.0,0.0,1.11949e-06,1.11949e-06,1.11949e-06,1.11949e-06,1.11949e-06,0.0,0.0,0.0,0.0,0.0,0.0,0.0,0.0,6.474335199999999e-08,6.474335199999999e-08,6.474335199999999e-08,6.474335199999999e-08,6.474335199999999e-08,0.0,0.0,0.0,0.0,0.0,0.0,0.0,0,0,0,0,0,0,0,0,0,0,0.0,0.0,0.0
230524>230472,579,579,FRDu,Finchley Road,Metropolitan // NB,1445,FNYr,Finchley Road & Frognal,LO Mildmay // EB,Alight-Exit-Interchange-Enter-Board,5.088023862499999,0.0044414082,0.2229693602,1.8388115051,1.8864546572,0.9206690308000001,0.214677901,0.0,0.0,0.0,0.0,0.0,0.0014804694,0.0014804694,0.0014804694,0.0014804694,0.0014804694,0.019730794,0.0213867168,0.0213867168,0.0213867168,0.02840233620000001,0.0086715422,0.007015619400000001,0.03072947640000001,0.0320681524,0.0292303504,0.0420539684,0.0420539684,0.0183401114,0.0289376582,0.03136741680000001,0.0195593513,0.0275011419,0.0451603069,0.0694601321,0.0853362849,0.1230080624,0.1315670538,0.13460345,0.111640188,0.095246478,0.076595482,0.082278625,0.075817945,0.08567478699999999,0.1205683742,0.1251535302,0.1029696052,0.088734724,0.07518286,0.048231597,0.113464973,0.1374145440000001,0.1825510320000001,0.228025568,0.220303977,0.175260023,0.193157144,0.161248816,0.1431318560000001,0.161607434,0.1220576932,0.0871174182,0.1160220462,0.0976993122,0.0863494422,0.121993345,0.115086928,0.086296168,0.07036035740000003,0.06311037480000001,0.0222053008,0.031658102,0.022770236,0.03342855860000001,0.0424971452,0.0463702376,0.0369174364,0.0324632744,0.0191281564,0.0038730924,0.0,0.0,0.0,0.0,0.0,0.0,0.0,0.0,0,0,0,0,0,0,0,0,0,0,0.0,0.0,0.0
230524>230473,579,579,FRDu,Finchley Road,Metropolitan // NB,1445,FNYr,Finchley Road & Frognal,LO Mildmay // WB,Alight-Exit-Interchange-Enter-Board,17.184670858,0.0,1.0921414768,3.769209824800001,7.272457240400001,3.794524142,1.256338174,0.0,0.0,0.0,0.0,0.0,0.0,0.0,0.0,0.0,0.0054542586,0.0054542586,0.0054542586,0.0054542586,0.0682698986,0.17026702,0.184762664,0.198435813,0.2026688156,0.1398531756,0.1060670556,0.0915714116,0.1130306766,0.1187775166,0.1259906626,0.0644624686,0.07893344660000001,0.0919053106,0.09825319800000001,0.122162564,0.110025498,0.109254068,0.096516414,0.139551954,0.1281671088,0.1618289548,0.1743184068,0.1652028488,0.1282972728000001,0.164517692,0.172660816,0.224308992,0.364749326,0.3653584448,0.3593647728000001,0.4971788028,0.5226711468,0.4676926668000001,0.5528140340000001,0.6082970680000002,0.5668129479999999,0.6175162280000001,0.793432988,0.7402184279999999,0.7221098319999999,0.600161054,0.5835520439999999,0.406647724,0.414534474,0.356316114,0.369877102,0.366261372,0.30545262,0.288273304,0.2689969244,0.3451349944,0.2239906444,0.2414466764000001,0.2075921924,0.2972475000000001,0.2042109228000001,0.2119019188000001,0.1760223848,0.1751402788,0.0756408588,0.06279227600000001,0.04243757,0.010944464,0.0,0.0,0.0,0.0,0.0,0.0,0,0,0,0,0,0,0,0,0,0,0.0,0.0,0.0
230525>230472,579,579,FRDu,Finchley Road,Metropolitan // SB,1445,FNYr,Finchley Road & Frognal,LO Mildmay // EB,Alight-Exit-Interchange-Enter-Board,209.7507549968334,10.1652567968334,108.8463928,39.04356346,37.81644668000001,12.005559308,1.873535952,0.0,1.5536668e-07,0.12435279536668,0.38720209536668,1.26650621536668,1.80437705536668,2.6856665,3.89715198,5.895175480000002,7.21397876,11.57925772,14.65778812,14.6378612,14.2931762,13.11931168,9.36505888,5.717024240000002,4.98090058,3.97658584,3.4102741,2.91245632,3.11599956,2.7398522,2.2355815,2.02866766,1.64634416,1.41990644,1.48910134,1.33570384,1.29496768,1.2962819,1.29465486,1.214284788,1.105976448,1.091305688,1.068971508,1.010826008,1.10710416,1.23780548,1.278837,1.54151378,1.67920464,1.6482575,2.249959,2.57162374,2.5478204,2.6991601,3.18912238,3.02337978,3.3733806,3.778938600000001,3.726670500000001,3.787284000000001,3.479365060000001,3.14042972,2.4992718,2.24942028,1.65656368,1.54949796,1.17522218,1.02208291,0.8882799100000001,0.7915610500000001,0.6041135900000001,0.54088195,0.5278481540000001,0.533721408,0.4663662360000001,0.416974732,0.3393471,0.303322962,0.271828278,0.22038711,0.159653994,0.105416926,0.05660485,0.0,0.0,0.0,0.0,0.0,0.0,0.0,0,0,0,0,0,0,0,0,0,0,0.0,0.0,0.0
230525>230473,579,579,FRDu,Finchley Road,Metropolitan // SB,1445,FNYr,Finchley Road & Frognal,LO Mildmay // WB,Alight-Exit-Interchange-Enter-Board,97.43338767162966,6.605901050000001,43.746019694,25.72724687600001,17.152449916,3.8280142832,0.3737558524296641,0.0,0.105790066,0.257145706,0.388134114,0.8858276540000001,1.183243954,1.693219548,2.092540008,3.24836572,3.805651180000001,4.348118680000002,4.80265008,5.08020664,4.451520520000001,4.20538084,3.98913472,3.1422805,2.756656,2.278585692,1.637469122,1.141404942,1.172371942,0.953300622,1.04684919,1.00918668,0.99423947,0.99704293,0.8833892800000002,0.7743655800000001,0.91722116,1.27023287,1.138293,1.22487843,1.20547757,1.04410034,0.8198469199999999,0.91555687,0.89161517,1.08136055,1.19485816,1.17484488,1.3115953,1.29131699,1.27389803,1.43157401,1.46393475,1.32391343,1.6802723,1.63106628,1.6675099,1.601265,1.73643908,1.425630854,1.307448404,0.97522822,0.908167688,0.6653117880000001,0.5525997380000001,0.4407808980000001,0.4199480620000001,0.4276658740000001,0.3392324320000001,0.2819745120000001,0.24413539744,0.20272653864,0.10309133064,0.08525741424000001,0.06529029824,0.09577227279999999,0.08085364560000001,0.05249172554000001,0.048811143552,0.0409659578088,0.0100223087252128,0.0091419867252128,0.008994730145932798,0.008912010533932799,0.008895028277132799,0.008895007360719999,3.536072e-08,0.0,0.0,0.0,0,0,0,0,0,0,0,0,0,0,0.0,0.0,0.0
230472>230522,579,1445,FNYr,Finchley Road & Frognal,LO Mildmay // EB,579,FRDu,Finchley Road,Jubilee // NB,Alight-Exit-Interchange-Enter-Board,60.43328478200001,1.424922882,7.297776729000001,11.033820014,28.761042552,10.87881579,1.036906815,0.0,0.0,0.0,0.04627688200000001,0.12742267,0.12742267,0.25368503,0.8701156300000001,0.823838748,0.7510198673999999,0.7510198673999999,0.7929309073999999,0.1765003074000001,0.1765003074000001,0.4891309,0.663625668,0.5826587679999999,0.6266325719999999,0.8005705320000001,0.663348284,0.4888535160000001,0.4454926460000001,0.4290708720000001,0.316739444,0.257949498,0.257949498,0.3893639480000001,0.3618119180000001,0.4641004560000001,0.3960475740000001,0.5085068739999999,0.333246794,0.443082514,0.34963983,0.396533838,0.333572058,0.367427446,0.257591726,0.33837112,0.279741308,0.34917042,1.140262832,1.140262832,0.989031052,1.966489092,1.84756246,1.02261466,1.088544126,1.088544126,0.113464012,0.5646536719999999,3.549912672,3.483983206,4.491671926,4.44413738,5.09946522,2.11420622,2.25402156,1.4678015,1.79733124,0.6908137400000001,0.7583012400000001,0.6184859000000001,0.438374862,0.1583213520000001,0.1583213520000001,0.211418412,0.211418412,0.26733774,0.21786151,0.225556673,0.104972113,0.125135381,0.027858431,0.027858431,0.020163268,0.020163268,0.0,0.0,0.0,0.0,0.0,0.0,0,0,0,0,0,0,0,0,0,0,0.0,0.0,0.0
230472>230523,579,1445,FNYr,Finchley Road & Frognal,LO Mildmay // EB,579,FRDu,Finchley Road,Jubilee // SB,Alight-Exit-Interchange-Enter-Board,2.262823304848999,1.3849169e-05,0.332538463,1.21749565137,0.5449468152000001,0.107726755244,0.060101770866,0.0,0.0,2.7698338e-06,2.7698338e-06,2.7698338e-06,2.7698338e-06,2.7698338e-06,0.0,0.0,0.0,0.0,0.0,0.0,0.0028364374,0.0309770654,0.0414885514,0.0640603034,0.0640603034,0.07272353100000001,0.05639227099999999,0.045893018114,0.027365357114,0.036396549114,0.036745768114,0.067620190114,0.0742626978,0.0702186068,0.06911689180000001,0.06892445380000001,0.0344916118,0.041188663,0.0504352344,0.05651634620000001,0.04973555860000001,0.05527354860000001,0.0419217566,0.0355182664,0.0353141146,0.0435719442,0.0354383274,0.0588932544,0.0723417292,0.0585352922,0.051776471,0.0599339018,0.04001086,0.0314823246,0.0420725786,0.06920021180000001,0.07886926980000003,0.07533738460000003,0.06757436400000001,0.05698411,0.02348181,0.0,0.0,0.0095133976,0.0133094866,0.0215368916,0.0215368916,0.0215368916,0.012023494,0.008227405,0.0,0.0,0.0,2.114862200000001e-05,2.114862200000001e-05,0.004499613622,0.012028813622,0.012028813622,0.012007665,0.012007665,0.0075292,0.0,0.0,0.0,0.0,0.0,0.0,0.0,0.0,0.0,0,0,0,0,0,0,0,0,0,0,0.0,0.0,0.0
230472>230524,579,1445,FNYr,Finchley Road & Frognal,LO Mildmay // EB,579,FRDu,Finchley Road,Metropolitan // NB,Alight-Exit-Interchange-Enter-Board,96.456917107,3.968363587000001,13.55760609,18.89670105,42.92123688,12.88629733,4.226712170000001,0.0,0.0,0.005032945400000001,0.2423839054,0.5260344654000001,0.8466157254000002,1.0687930254,1.27950352,1.243924580000001,1.18674742,1.14886036,1.19161368,1.23890356,1.56024334,1.4922094,1.268375674000001,1.132731724,1.028204684,0.5782399840000001,0.487551684,0.4665856560000001,0.4384321780000001,0.308653218,0.302775854,0.530126034,0.6410740079999999,0.600282336,0.7116234359999999,0.7083622759999999,0.578675296,0.571897036,0.632181736,0.5976813360000001,0.68398734,0.72231122,0.7012640520000001,0.778496732,0.8194362860000001,0.8844536260000001,0.998214386,1.179013494,1.428071514,1.60454024,2.008561760000001,2.63839466,3.72457256,3.79717764,4.243046000000001,4.534766960000002,4.39060174,3.5077675,3.98622218,3.65476184,3.14258056,2.707231440000001,2.594113800000001,1.81656294,1.62033908,1.410764128000001,1.246230228,0.989116298,0.90228821,0.83638637,0.7919478879999999,0.7958275680000001,0.7974383480000001,0.8643885760000001,0.8150076960000001,0.76755412,0.8246268000000001,0.7738806579999999,0.628817166,0.52826321,0.4308371,0.16660108,0.080808252,0.025323784,0.0,0.0,0.0,0.0,0.0,0.0,0,0,0,0,0,0,0,0,0,0,0.0,0.0,0.0
230472>230525,579,1445,FNYr,Finchley Road & Frognal,LO Mildmay // EB,579,FRDu,Finchley Road,Metropolitan // SB,Alight-Exit-Interchange-Enter-Board,72.21988960823147,1.69832718,43.190357074,16.790667878,9.126899195999998,1.17776127737896,0.23587700285254,0.0,0.0,0.01258641,0.037206864,0.179760484,0.274908444,0.4711439940000001,0.7227209840000001,1.63798253,2.46741425,2.76264381,3.89295946,3.86792218,4.35076424,5.2002785,5.103663360000001,4.589579440000001,4.528606310000002,3.24630916,1.542233834,1.31487219,0.6205023820000001,0.667258432,0.7608070020000001,0.8652347679999999,0.950688412,1.03416312,1.05743254,1.03063202,0.96228474,0.92660502,0.795695994,0.7220777140000001,0.620995214,0.5310841820000001,0.414909522,0.430276482,0.36439667,0.37610739,0.38664527,0.453815718,0.483155404,0.503412696,0.517614996,0.5862090480000001,0.78887558,0.733708026,0.693383578,0.7999001579999999,0.980077258,0.8381925920000002,0.985556266,0.945618626,0.7811256180000001,0.529490672,0.464761774,0.278715546,0.236354189,0.184679137,0.133349067,0.07012592292014001,0.04865154867414,0.05593247067414001,0.03360636635014,0.02339290935014,0.02339286483942,0.03597468228541999,0.05358657328542,0.05355895031772,0.05426955731772,0.05652254750830001,0.04389557668674,0.01268854868674,0.01268827597844,0.00225338197844,1.6437844e-07,0.0,0.0,0.0,0.0,0.0,0.0,0.0,0,0,0,0,0,0,0,0,0,0,0.0,0.0,0.0
230473>230522,579,1445,FNYr,Finchley Road & Frognal,LO Mildmay // WB,579,FRDu,Finchley Road,Jubilee // NB,Alight-Exit-Interchange-Enter-Board,0.10363489,0.0,0.10363489,0.0,0.0,0.0,0.0,0.0,0.0,0.0,0.0,0.0,0.0,0.0,0.0,0.0,0.0,0.0,0.0,0.0,0.020726978,0.020726978,0.020726978,0.020726978,0.020726978,0.0,0.0,0.0,0.0,0.0,0.0,0.0,0.0,0.0,0.0,0.0,0.0,0.0,0.0,0.0,0.0,0.0,0.0,0.0,0.0,0.0,0.0,0.0,0.0,0.0,0.0,0.0,0.0,0.0,0.0,0.0,0.0,0.0,0.0,0.0,0.0,0.0,0.0,0.0,0.0,0.0,0.0,0.0,0.0,0.0,0.0,0.0,0.0,0.0,0.0,0.0,0.0,0.0,0.0,0.0,0.0,0.0,0.0,0.0,0.0,0.0,0.0,0.0,0.0,0.0,0,0,0,0,0,0,0,0,0,0,0.0,0.0,0.0
230473>230524,579,1445,FNYr,Finchley Road & Frognal,LO Mildmay // WB,579,FRDu,Finchley Road,Metropolitan // NB,Alight-Exit-Interchange-Enter-Board,299.4089737800001,18.66689264,53.55606115999999,53.17199906,114.87736006,39.036731516,20.09992934400001,0.0,0.0,0.8368766000000001,1.96087714,2.70067182,3.93356082,4.73645112,4.498455140000001,4.763593200000001,5.24693452,4.97776452,5.536899020000001,6.367983140000002,5.889145340000002,5.08121534,4.5510292,3.83582814,2.9229232,2.29226368,2.09048186,1.92728866,1.48865444,1.23741002,1.24941512,1.39500888,1.48671138,1.53314444,1.51858372,1.60101706,1.58414,1.5510728,1.80674528,2.09396794,2.0425574,2.03279866,2.08171824,2.06902718,2.0038023,2.65169606,2.81666342,3.07388868,4.32066188,4.54130778,5.06471772,6.127492419999998,7.727692820000001,8.666504620000001,10.98195728,11.4958342,12.1142776,11.9039916,11.3304168,9.8136084,8.961732600000003,8.507492200000002,7.24635952,6.72043312,5.471484600000001,5.001319200000001,3.63141488,3.1723994,2.19218416,2.33299574,2.10790054,2.31156346,2.39374318,1.883066588,1.818226648,1.917501748,1.984582148,2.367563148,2.54666984,2.95153964,2.63286432,2.1642012,1.487010788,1.215108128,0.490672608,0.249359428,0.092856348,0.0,0.0,0.0,0,0,0,0,0,0,0,0,0,0,0.0,0.0,0.0
230473>230525,579,1445,FNYr,Finchley Road & Frognal,LO Mildmay // WB,579,FRDu,Finchley Road,Metropolitan // SB,Alight-Exit-Interchange-Enter-Board,9.382028387665605,0.3721811688,4.481290358600001,2.9920513306,0.8312265100000003,0.4528900874655999,0.2523889322,0.0,0.0,0.023573111,0.0310322798,0.0501246846,0.0561095068,0.1025705968,0.1087709898,0.149383259,0.2807310342,0.306225278,0.366591458,0.4467167,0.517014412,0.466307704,0.469645082,0.468870592,0.4364135320000001,0.334091359,0.2392999484,0.2472436244000001,0.2124880304000001,0.1404241582,0.1411196342,0.1509947808,0.1552053168,0.1095755208,0.130743851,0.127379106,0.1199171388,0.0997800628,0.094252896,0.091247694,0.092032444,0.09493554779999999,0.0753866858,0.0732208386,0.0563054058,0.0959947558,0.09504768039999999,0.1408062424,0.1616658464,0.167246426,0.1190376434,0.1286952574,0.1048121514,0.06597817140000001,0.05798705260000001,0.05797005440000001,0.0415337838,0.0250614338,0.0498621888,0.0589942968,0.06902395360000001,0.08136410700000002,0.089944059,0.105379896,0.0954329832,0.08042430734000001,0.06555154133999999,0.04428376534,0.00404717334,0.00394570654,0.00329874879312,0.00799286979312,0.01089133619312,0.01405717699312,0.01758458259312,0.0453075122,0.0457444192,0.0510111328,0.047845292,0.041019188,0.013296208,0.00816518,0.0,0.0,0.0,0.0,0.0,0.0,0.0,0.0,0,0,0,0,0,0,0,0,0,0,0.0,0.0,0.0
20501>20522,590,590,GPKu,Green Park,EntEx,590,GPKu,Green Park,Jubilee // NB,Enter-Board,6134.7393726,42.46625110000002,149.4149771,1404.8672154,2404.0960648,1257.4269262,876.467938,0.4919281400000001,1.63033894,3.72564554,5.039862820000002,6.381079420000002,7.560338280000003,8.66427138,8.972786580000003,9.4022177,9.7694485,10.3162941,10.676416,10.5051696,11.7113156,13.1501268,13.3364104,13.9013,14.6442922,15.6491498,16.3528364,18.6719886,20.9827012,22.8480448,25.0141428,28.2164916,31.2091822,34.4539054,38.3023534,40.4490314,41.49407739999999,45.3174952,47.715877,49.3607142,51.7196062,56.4053376,57.92545160000001,62.89920360000001,67.93262120000001,80.86800520000001,93.01757980000002,103.185733,112.109946,133.110432,141.657294,156.969894,167.15644,191.363182,200.216886,220.59701,220.70316,235.59268,227.097718,223.1532,203.241366,191.13773,166.8667988,148.4904648,126.0118408,114.0227648,106.2051148,100.170098,94.270197,95.798695,93.77538900000002,92.461569,92.447347,96.655048,97.118398,98.860848,96.424704,100.786712,99.208178,92.9202208,85.1808414,82.79317540000002,71.0401306,56.82912720000001,42.32657440000001,29.7590298,15.4655498,4.872846599999999,0.0,0.0,0,0,0,0,0,0,0,0,0,0,0.0,0.0,0.0
20501>20523,590,590,GPKu,Green Park,EntEx,590,GPKu,Green Park,Jubilee // SB,Enter-Board,13268.7930566,98.3510596,528.674466,3374.069018,4809.366118000001,2663.051492,1795.280903,5.545758,7.240988199999999,10.6316228,12.3588554,11.4137268,13.1469254,18.0959932,19.91718980000001,22.490943,26.4658792,28.876602,30.02336540000001,32.1915342,37.6910488,44.2459348,51.26103180000001,57.7129044,62.53320839999999,66.44560600000001,68.73640800000001,69.72474,68.599684,72.40922400000002,78.634158,82.687205,88.3839698,101.1584318,108.3232918,113.8751968,115.7189458,121.974051,120.870505,124.359425,128.11819,140.632722,147.213298,158.865636,170.516052,187.31901,198.323242,216.977752,230.735656,257.643016,271.005616,296.595128,314.871728,359.719812,384.322972,427.2438060000001,450.6671900000001,480.3358660000001,476.851186,463.2207360000002,422.604042,389.6959720000002,343.23768,296.65775,261.746086,241.541424,220.665636,205.321296,199.739666,201.280846,198.581774,199.359546,204.119518,214.538132,219.499818,221.217228,217.880462,217.097896,204.925502,191.660334,175.6099740000001,162.353267,138.785591,108.740893,74.220749,49.739233,25.447372,7.602402000000001,0.0,0.0,0,0,0,0,0,0,0,0,0,0,0.0,0.0,0.0
20501>20530,590,590,GPKu,Green Park,EntEx,590,GPKu,Green Park,Piccadilly // EB,Enter-Board,3222.340849929999,13.70883385,141.35796708,1079.892192,1058.90626,546.1444834,382.3311136,0.2563911,0.3216094660000001,0.7920810460000001,1.207019546,1.785853746,2.136853386,3.25929002,3.94973554,4.73306064,5.41815344,6.4597145,7.284220299999999,8.3374196,11.1294278,13.9181566,14.807416,16.6486758,17.422761,17.8342946,17.3646668,19.6332606,21.5842402,24.8681646,26.3200632,30.7032102,32.7175188,36.4135062,40.68750379999999,44.31240320000001,45.987533,48.71623940000001,48.66650180000001,46.97476740000001,47.42947700000001,47.73766860000001,46.68140100000001,48.62314380000001,49.80565960000001,53.1099706,54.0266622,58.6516218,60.778581,70.057372,75.405722,85.165536,88.36783799999998,98.325484,96.762304,97.126186,93.730778,96.6709412,89.65608320000001,85.8562232,80.76071320000001,77.3876412,69.09653200000001,61.49228300000001,56.098452,50.9419934,45.0953814,41.7467674,41.3167694,41.413346,40.00568920000001,40.4935302,43.13415980000001,42.94081960000001,41.46529200000001,42.4124114,41.0030234,37.76415240000001,37.5907484,36.75735040000001,37.39923839999999,39.5603254,37.62736260000001,29.5662138,23.2197378,14.3404998,5.0900498,0.0,0.0,0.0,0,0,0,0,0,0,0,0,0,0,0.0,0.0,0.0
20501>20531,590,590,GPKu,Green Park,EntEx,590,GPKu,Green Park,Piccadilly // WB,Enter-Board,5996.760810500001,25.48829744,150.88840686,1588.1338818,2099.0212924,1331.1523372,802.0765947999998,0.498997,0.89449724,2.18638376,2.76834048,3.62909258,4.28081118,5.43275166,5.79742354,6.59970742,7.861900720000001,8.660759520000003,9.1100214,9.6961088,11.7731234,12.5731392,13.733224,15.311325,16.6253926,18.5521452,20.3915596,25.02589840000001,28.1425942,32.426866,35.9304308,42.20800420000001,46.0132296,52.08137380000001,59.12014060000001,65.82149800000002,65.4959106,66.7431388,66.6160598,66.16699179999999,64.2353618,69.1903382,70.9471016,73.919887,74.69251899999999,81.632529,85.49491700000002,93.57174,99.249524,109.2182768,114.1895508,124.3894968,130.3869828,144.8918548,151.784186,166.54657,177.164818,192.519658,202.77026,211.378574,206.897778,203.422658,186.868456,166.777614,149.8777348,136.2395296,117.5002196,108.3289076,100.1632336,95.05138680000002,92.30117320000002,91.92342400000004,91.59435000000002,90.59271600000002,90.802048,87.2292608,86.74971200000002,85.56101400000001,82.79004600000002,76.16482859999999,72.91820059999999,71.7085386,74.6178936,60.6084036,48.36330100000001,35.71696300000001,19.648433,0.0,0.0,0.0,0,0,0,0,0,0,0,0,0,0,0.0,0.0,0.0
20501>20532,590,590,GPKu,Green Park,EntEx,590,GPKu,Green Park,Victoria // NB,Enter-Board,11947.15423099999,68.8162676,402.5885490000001,3203.0341234,4660.21062,2265.375184,1347.129487000001,0.8103244000000001,2.2172446,4.8509456,7.340714999999999,9.483992800000001,11.7970348,15.3203774,16.995633,18.46408120000001,21.20132700000001,23.66984140000001,24.349086,25.9867278,30.8979026,34.393454,37.750856,40.71289400000001,45.16094960000001,47.97712620000001,52.02430320000001,55.11365720000001,58.2252272,63.4146372,68.10215219999999,72.6649382,79.92776540000001,91.03305,96.73556,102.79984,105.363028,108.687354,111.071284,116.797594,121.985426,136.29872,147.749264,154.023604,164.100264,183.41799,195.2085,211.35047,229.487524,258.8866340000001,270.5896400000001,294.6231820000001,314.114398,354.0062340000001,371.953554,413.3290460000001,435.292494,467.012624,461.626688,449.62844,407.99153,371.715546,318.9168840000001,277.2992,241.5321940000001,217.520206,194.400878,177.491826,168.632716,162.407396,162.63791,163.753416,164.675996,165.79947,169.2239760000001,165.587688,163.109616,161.938912,155.736236,145.01795,136.704327,120.918649,102.1176,79.890011,56.73839100000001,34.085266,18.978802,6.306039000000001,0.0,0.0,0,0,0,0,0,0,0,0,0,0,0.0,0.0,0.0
20501>20533,590,590,GPKu,Green Park,EntEx,590,GPKu,Green Park,Victoria // SB,Enter-Board,10725.2402774,29.97052884,234.44239416,2311.5634584,4303.860410000001,2504.48683,1340.916656,0.40731568,0.8026239399999999,1.94544154,2.75555654,3.71817454,5.10431766,7.525773599999999,7.71132534,8.56137614,10.37446814,12.56471254,14.02305514,16.9857114,20.6015702,23.2402516,23.4260788,23.9379112,24.6128344,26.687971,29.4264536,34.5225924,37.7642436,42.3940002,47.489729,51.71257220000001,54.12689100000001,62.08084660000002,67.9852984,72.1028904,76.0890452,79.4417004,82.12969740000003,85.06786020000001,87.55198500000002,93.406915,103.3331498,110.9083808,118.7614808,133.501154,147.375812,156.007526,169.975406,190.941716,206.892566,218.709248,239.643116,276.721912,310.519914,349.2004560000001,391.5173380000001,435.06841,454.43882,445.7645400000001,424.7564820000002,399.4639780000001,358.0561960000001,306.712126,271.042902,241.442728,216.166462,195.614692,183.521216,182.70303,181.569736,177.705264,174.702484,183.835096,189.471094,190.096638,185.80972,184.162322,167.620324,148.69184,125.5061692,107.1325032,88.8665512,63.0506232,40.4490672,26.33104800000001,13.19985,0.0,0.0,0.0,0,0,0,0,0,0,0,0,0,0,0.0,0.0,0.0
20522>20501,590,590,GPKu,Green Park,Jubilee // NB,590,GPKu,Green Park,EntEx,Alight-Exit,14741.32949500001,854.4943739999999,5326.196728000002,5000.489864,2526.021608,771.7169434000001,262.4099776,1.9599628,12.7944628,29.50508880000001,62.28665880000001,110.1489248,155.959314,212.022034,269.817928,321.75573,378.813884,418.693892,468.867204,504.8218640000001,544.7782920000002,529.395172,526.3180360000001,482.3422740000001,443.4887660000001,373.2363800000001,333.6852340000001,297.434746,272.29025,242.68491,229.752292,224.159092,221.303546,217.700624,224.525126,229.88432,226.307842,217.181772,209.745892,197.564898,186.034372,177.646362,174.001494,173.691682,174.678108,174.097862,177.32189,182.963172,186.12724,190.326444,193.065928,194.222468,197.716154,196.770802,201.134482,208.229764,226.415854,228.53281,238.808766,231.21593,225.343526,198.98958,178.641472,149.254946,122.7230796,93.8686796,75.08539960000002,61.77219460000001,48.31327100000001,43.18162880000001,39.45713060000001,37.0644526,33.9960236,34.0356032,32.9645342,32.71036040000001,31.0751254,29.0837994,29.87619260000001,27.93195140000001,25.14688020000001,22.20060800000001,20.9238196,15.6246554,11.7011602,8.617723400000001,5.7340106,1.783691,0.0,0.0,0,0,0,0,0,0,0,0,0,0,0.0,0.0,0.0
20522>20530,590,590,GPKu,Green Park,Jubilee // NB,590,GPKu,Green Park,Piccadilly // EB,Alight-Interchange-Board,2669.977332500001,56.697015,338.172649,1063.2908432,756.93217,301.2958594,153.5887959,0.7250227400000001,1.19721998,1.93346414,4.56218824,7.18126024,9.8653451,13.71567986,17.5168347,19.9885798,21.1984664,23.2217826,25.5769686,27.604247,30.0973028,32.1002816,33.2278118,32.2314574,31.56496640000001,29.52886400000001,31.8319206,33.0213082,33.5157308,33.57760440000001,34.7026052,34.441292,36.192109,41.4655968,43.9966328,46.08994420000001,48.75409980000001,50.1377326,46.68091460000001,46.2202466,47.1765812,46.7614316,45.84949080000001,46.48772480000001,49.07450560000001,49.0004296,45.663076,46.16256020000001,47.6924536,54.1568076,56.4699652,60.1031036,63.08897880000001,63.91463660000001,63.74169780000001,63.8668108,68.9329202,68.49707099999999,71.6872538,65.3627998,62.2328574,55.638571,49.86546920000001,43.9241518,39.5380776,35.08755720000001,30.244949,27.599754,23.5082674,19.542838,18.5881988,17.9004984,15.905278,14.4450602,15.011229,14.4458342,14.9680042,16.7749726,19.2801962,19.3197266,19.3336542,16.79922226,13.86077986,8.67215406,5.83378846,2.82409366,1.4763696,0.0,0.0,0.0,0,0,0,0,0,0,0,0,0,0,0.0,0.0,0.0
20522>20531,590,590,GPKu,Green Park,Jubilee // NB,590,GPKu,Green Park,Piccadilly // WB,Alight-Interchange-Board,7150.080922,439.7881374,1916.5111336,1935.522009,1721.167268,734.2878306,402.8045434000001,6.345138000000001,16.7439372,23.6388858,42.95157500000001,68.779359,78.0644258,87.5440156,115.720801,130.0491638,134.6828238,161.089509,190.747738,195.54898,204.623096,199.791766,187.696352,159.459366,135.552808,112.522552,104.746979,94.910905,88.791612,88.68851000000002,81.060199,78.47395,74.204356,76.953505,77.32885019999999,82.8379572,82.83290840000002,80.7942524,75.51950140000001,74.3781182,69.9966102,68.85786200000001,67.8141868,71.29933980000001,70.0466938,75.637065,81.259132,84.71193419999999,86.4440932,98.2959552,104.384512,103.023704,117.636657,130.885486,142.391784,142.811256,168.697132,165.24187,171.315078,160.900528,159.173152,133.692758,125.397863,109.1348882,98.1206262,84.86151420000002,76.1349426,67.6248932,56.3525314,47.4665594,44.8626654,41.48206020000001,38.0893026,34.51080640000001,35.6470408,35.9751094,42.27320220000001,49.3229072,53.942272,53.3685956,48.1998864,40.4520656,31.0716322,20.3720142,12.9214482,10.0698708,4.835539600000001,0.0,0.0,0.0,0,0,0,0,0,0,0,0,0,0,0.0,0.0,0.0
20522>20532,590,590,GPKu,Green Park,Jubilee // NB,590,GPKu,Green Park,Victoria // NB,Alight-Interchange-Board,7420.4544304,228.6310936,1262.98725,2068.8336718,2468.1133932,924.7740714000001,467.1149504000001,1.30956268,7.767604080000001,11.50479168,20.73250368,31.93460168,41.439913,50.5204116,63.42170520000001,71.28729320000002,82.55884520000002,93.7470272,109.0208592,121.120478,129.811764,126.81153,126.532054,116.85697,104.543378,93.7594832,86.937568,79.105974,68.0524132,64.4918672,58.98009039999999,60.29524960000001,61.9233576,62.640501,64.89693700000001,73.8561926,71.07848380000001,68.83164780000001,75.47188919999999,75.68119920000002,75.07875920000002,80.55424400000003,83.89609000000002,86.201064,91.251288,99.43850400000001,114.511058,126.926448,130.032704,144.8779180000001,150.759792,154.752596,163.287892,181.76515,202.886924,220.81528,242.895776,251.788494,257.03242,234.394772,217.828388,183.281262,157.3844392,132.1686992,111.8989632,92.91952120000002,83.7640532,76.03552400000002,67.31968060000001,67.01393860000002,63.0749746,61.84599060000001,59.17769580000001,55.33715720000001,54.21787320000002,54.1279392,51.74501420000001,58.190707,64.72533820000001,58.7253892,53.4223214,45.84726380000001,32.3019292,19.1780246,13.1634636,8.198079400000001,5.27735,2.2121306,0.0,0.0,0,0,0,0,0,0,0,0,0,0,0.0,0.0,0.0
20522>20533,590,590,GPKu,Green Park,Jubilee // NB,590,GPKu,Green Park,Victoria // SB,Alight-Interchange-Board,2712.2065782,181.4118993,596.3849582,672.3686772000001,703.8500792,340.543017,217.6479473,1.2925827,4.026095700000001,7.264934299999999,16.3460103,27.1598493,31.301468,42.29449,51.726469,52.835989,53.0191974,59.661472,58.82715699999999,59.57219540000001,59.2133894,56.40977840000001,52.76884780000001,45.25023200000001,36.9305944,32.5448884,29.351217,25.3335804,23.2766594,20.1618798,19.8668006,19.61977000000001,19.188797,21.4163482,24.3238602,24.0256654,24.177174,24.4648502,23.94586840000001,26.8935916,27.0152566,26.9194308,29.0676062,31.4970412,29.33828320000001,33.2902776,37.0503854,37.0697534,38.81544179999999,42.7798292,42.8305266,45.19569920000001,50.2611472,50.77701260000001,51.6741652,56.5003104,62.9193968,64.8256774,69.92442600000001,70.94971460000002,67.246205,59.22701780000001,54.34930700000001,44.2666588,39.166803,35.1494886,30.596673,27.4382822,26.1384284,24.2782068,23.5484302,22.7756686,21.7091114,23.2383226,22.2369434,21.1880544,27.1522308,27.3167596,29.008232,30.0221856,27.5899468,19.19383294,16.39207314,9.73890154,5.121659940000002,3.250076340000001,1.6739942,0.0,0.0,0.0,0,0,0,0,0,0,0,0,0,0,0.0,0.0,0.0
20523>20501,590,590,GPKu,Green Park,Jubilee // SB,590,GPKu,Green Park,EntEx,Alight-Exit,6665.923387168,389.924755368,2620.652154,2321.985663,949.6961986,299.4658756,84.19874060000002,0.4914896320000002,3.526145232,9.618600232000002,22.877908232,46.05325644000001,73.4852666,101.838861,132.033228,166.790546,183.881018,204.324328,219.915586,252.446494,254.35741,264.340478,253.802388,249.453606,212.55993,192.034612,166.7457580000001,154.707794,136.6155628,127.3990496,119.2904916,116.6916176,115.1101916,112.0915468,108.52685,109.902014,105.473186,97.367612,92.8499668,89.97277079999998,79.88996080000003,75.62051579999999,72.8266318,70.571279,69.49516700000001,71.192487,72.822618,76.952752,80.39326000000001,81.02986200000002,85.192476,84.592528,83.226148,79.96729300000001,82.045664,80.418124,83.251529,82.37754500000001,84.713312,80.72923700000003,76.42179900000002,68.13607440000001,63.81694520000001,53.84035720000001,45.7769282,37.61147,32.7042052,25.4491924,21.068235,17.7332348,15.82737680000001,13.9281566,12.7434516,11.6847092,11.0985586,11.1862606,10.3381258,9.285525999999999,8.644628800000001,7.78862088,5.946660420000002,5.059077080000002,4.623412360000001,6.02191496,4.94206868,4.25666734,3.50018808,2.6055896,0.0,0.0,0,0,0,0,0,0,0,0,0,0,0.0,0.0,0.0
20523>20530,590,590,GPKu,Green Park,Jubilee // SB,590,GPKu,Green Park,Piccadilly // EB,Alight-Interchange-Board,1275.29965083,43.50469953,273.7299906000001,509.1086260000001,308.8101154,113.87297982,26.27323948,0.095243906,0.7284143059999999,1.325036506,2.701928906,5.354282106,8.1334654,10.8054556,14.3608728,17.62243860000001,19.2052168,20.6804086,23.23975100000001,24.3366404,24.1762492,24.906757,24.714572,23.9309398,23.6083344,23.39352580000001,23.915157,25.7059198,25.42106960000001,26.0743636,25.949832,24.0302966,23.0685314,22.7039676,21.7418356,20.8190988,21.6546886,20.296129,19.8966818,18.1511136,19.2872026,18.7102152,19.0825932,18.3019076,19.8267262,19.0525364,19.5277554,19.2058794,20.00752820000001,19.447127,21.1456268,20.3018386,23.027277,23.691874,26.6337414,26.3480198,30.3182668,27.8777344,29.2210376,26.76008220000001,26.854323,23.837113,23.9388076,20.710425,18.31007200000001,15.1588426,12.315177,9.63387654,7.47629258,6.52118938,5.755350480000001,5.24164928,4.29713574,4.3472707,4.105698520000002,3.7992657,3.40993768,3.51243468,3.0255739,2.6924187,2.3708951,2.04380912,1.7899215,1.55174088,1.16467786,0.62479438,0.28776998,0.0,0.0,0.0,0,0,0,0,0,0,0,0,0,0,0.0,0.0,0.0
20523>20531,590,590,GPKu,Green Park,Jubilee // SB,590,GPKu,Green Park,Piccadilly // WB,Alight-Interchange-Board,4698.079415600002,233.2089992,1437.017885,1517.7046246,897.2078018000002,442.629014,170.311091,0.70344152,2.98923832,6.21668032,18.21148432,29.29229572,43.6482782,58.0094034,74.1381774,88.62364140000001,109.454164,123.473412,133.234748,149.942052,142.3902,137.689572,126.817122,126.024574,105.7202932,102.6382572,91.0098492,89.90616019999999,80.58266420000002,79.44257300000002,75.84105840000002,73.97493440000001,70.6766594,67.54874740000001,64.6075368,66.8467946,64.25768199999999,60.11783000000001,57.04514800000001,55.6066882,51.0966984,49.714593,49.124707,50.94911500000001,50.8937346,51.79174320000001,53.72311920000001,59.49962520000001,60.32246360000001,64.77093839999999,69.36341039999999,67.32309520000001,70.2145752,69.58167680000001,75.3905348,75.39084079999999,84.49909000000002,81.96482400000002,87.311532,78.6627412,76.38891720000002,65.8023608,64.67761379999999,54.99767340000001,49.94600820000001,45.4720738,44.8257522,36.6695244,33.84642479999999,34.20490520000001,31.5065562,27.9815906,27.00575240000001,28.6414176,27.5313352,27.759018,28.0837174,27.6888108,23.1272512,19.12244,14.2663642,11.0222762,7.427546999999999,5.4038054,3.4192446,2.028825,0.9617912000000001,0.0,0.0,0.0,0,0,0,0,0,0,0,0,0,0,0.0,0.0,0.0
20523>20532,590,590,GPKu,Green Park,Jubilee // SB,590,GPKu,Green Park,Victoria // NB,Alight-Interchange-Board,1566.069607999999,90.9124338,332.3832980000001,393.203827,435.9170326,216.153946,97.49907059999998,1.12221618,1.3245857,2.622344,6.825017400000001,12.1203918,16.85847422,23.6812321,26.3581724,26.8395898,26.487893,29.17057,29.5057766,32.4077832,32.6580872,33.2186348,29.70111420000001,26.20574520000001,23.4562232,22.1658464,20.5660344,20.0606322,19.7964202,18.8301864,17.2577414,15.3621202,13.5196936,12.2421446,11.8363628,12.091412,11.5619374,11.9171756,12.2188172,11.9552852,13.05221,13.273995,13.9881796,14.7651884,15.9202928,15.9493662,17.88983300000001,19.0552306,21.2378718,26.46287640000001,32.95885440000001,34.23872420000001,37.810851,39.2435474,39.72849220000001,37.18755780000001,39.962712,38.85566539999999,39.1494234,35.58938320000001,34.15290039999999,30.781533,29.2162426,25.2410038,22.6115068,21.623237,19.04974900000001,18.3078362,18.2043478,16.79340920000001,15.12340680000001,16.035162,13.794391,13.583368,15.7865284,13.8723978,14.0178026,14.74084,13.4153648,10.75344688,10.05194036,6.888664639999999,4.6693921,3.53277036,2.23531428,1.5380424,1.22399152,0.55910286,0.0,0.0,0,0,0,0,0,0,0,0,0,0,0.0,0.0,0.0
20523>20533,590,590,GPKu,Green Park,Jubilee // SB,590,GPKu,Green Park,Victoria // SB,Alight-Interchange-Board,6473.709465547921,338.9148835479201,1917.869981,1524.116241,1608.7750512,761.1400288,322.8932800000001,3.427428186980001,5.810229586980001,11.95525018698001,24.53888418698001,43.2668408,62.75325000000001,83.83847460000001,103.324526,129.980882,142.523578,162.902404,176.018966,197.68663,196.72158,200.941,180.818307,169.736383,140.023813,118.961087,101.555351,90.9006764,78.0077824,73.1342454,69.2960434,64.8465454,59.76870899999999,57.37203299999999,56.51786999999999,52.2266294,46.0095414,50.66989280000001,48.87586160000001,49.4087302,51.9158848,52.9226142,50.954892,57.6793972,54.38262260000001,56.10629260000001,63.92209320000001,71.982646,77.521192,88.36946,101.324586,102.735032,113.05227,116.345278,132.59833,135.504502,155.670866,153.832438,164.125794,150.540768,146.3971408,122.2024828,115.7701496,93.7094736,82.3149862,70.96054740000001,67.4156734,59.2716206,59.5633626,57.28152660000001,53.90017360000001,56.13504820000001,52.30450920000001,50.193898,58.08920940000001,58.19677540000001,53.45989480000001,52.80995900000001,47.96899980000001,34.4788598,26.2571948,19.8571036,13.5228908,7.9749172,4.635215200000001,2.4538392,1.2776304,0.0,0.0,0.0,0,0,0,0,0,0,0,0,0,0,0.0,0.0,0.0
20530>20501,590,590,GPKu,Green Park,Piccadilly // EB,590,GPKu,Green Park,EntEx,Alight-Exit,6582.573779560001,147.4254938,2405.9763794,2513.6056178,1092.5916832,351.52804258,71.44656278000001,0.0,1.52203674,3.826843640000001,6.975023640000002,12.90365604,23.78098404,37.21189829999999,61.20505139999999,89.6702714,121.999951,159.568241,187.621726,224.46002,251.068166,262.835234,255.192394,252.398684,226.04089,198.201936,176.918866,160.762946,145.62256,131.624137,122.617859,120.249303,118.019999,116.402559,114.70088,119.871102,112.957316,108.254386,105.1458132,100.5828292,89.06524520000002,85.6656912,86.5540052,81.498898,81.761656,83.74593800000002,85.71588,84.75370000000002,85.94340600000002,86.42947200000002,85.6600368,85.10956680000002,84.6835988,86.91942080000003,89.19900080000002,93.712916,96.67169800000002,99.39847000000002,100.6943792,97.3261792,92.7368252,86.83117320000002,79.30845520000003,68.07872720000002,58.5899172,47.65098640000001,38.76659480000001,29.924071,24.0053988,19.7413988,16.961308,14.2118134,12.417075,11.04039992,10.14035206,9.77520066,8.654339460000001,9.20770686,9.44046014,8.890137399999997,7.778826860000001,6.51158212,4.541677640000001,2.968388612,1.995991212,1.023114752,0.512090892,0.147046172,0.0,0.0,0,0,0,0,0,0,0,0,0,0,0.0,0.0,0.0
20530>20522,590,590,GPKu,Green Park,Piccadilly // EB,590,GPKu,Green Park,Jubilee // NB,Alight-Interchange-Board,4462.773391299997,66.0629574,590.8790777000002,1312.9282318,1542.543853,651.9654952000001,298.3937762,0.0,0.6454795400000002,0.9011985600000002,2.56908456,5.568901260000001,11.08162486,17.90709252,27.3895761,35.07035810000001,42.7529648,49.8515678,54.92614360000001,58.502503,59.58656300000001,58.82612060000001,54.72359000000002,50.9708984,45.04322979999999,41.8316268,38.79351180000001,37.04017380000001,36.4092374,35.219442,35.1886154,37.5886214,38.0725054,38.56810780000001,41.76096260000001,46.9256554,47.55277140000001,48.80038,52.66619200000001,56.02550980000001,54.03263400000001,54.44617600000001,59.17626140000001,60.38991600000001,60.40556700000001,63.77212160000001,72.47988559999999,75.82407859999999,76.00241159999999,86.2748908,98.30611479999999,106.6492688,118.8051118,132.0828868,142.808962,144.82917,145.331298,141.440318,144.841006,131.626246,123.031862,111.729188,99.36853559999999,85.55608959999999,74.13524220000001,64.3561892,60.09033320000001,56.2674756,46.2560616,43.86995700000001,45.86898400000001,45.049618,42.92579600000001,43.195466,44.39428280000001,41.1410994,37.1328608,39.2731908,39.16677120000001,35.77152960000001,33.70867500000001,27.71327620000001,19.9040686,12.9709182,8.425578999999999,2.335925,0.8498824000000001,0.0,0.0,0.0,0,0,0,0,0,0,0,0,0,0,0.0,0.0,0.0
20530>20523,590,590,GPKu,Green Park,Piccadilly // EB,590,GPKu,Green Park,Jubilee // SB,Alight-Interchange-Board,5342.943659500002,173.9489922,1124.2092064,1385.1208386,1502.2676218,785.2160069999999,372.1809935,0.0,2.4197006,6.3200328,12.7852288,20.9437738,29.62191480000001,44.7072512,57.1510902,67.50597820000002,81.3506172,98.3285042,101.9453612,111.0678388,109.2613468,107.4781168,103.8518588,98.8444768,86.44694000000001,82.26518480000001,75.8629828,65.08408639999999,59.90620079999999,55.7282548,52.8873696,49.14255,47.00927900000001,44.5836166,44.9210786,48.00392000000001,45.966375,46.320858,51.35365320000001,52.63480980000001,50.8259192,52.7703458,56.22597220000001,55.43206420000001,55.70755160000001,59.59765400000001,67.268873,70.30601899999999,73.5264738,86.28873979999999,93.62917420000001,97.4666952,105.611818,116.35472,122.875166,132.3161808,140.8625748,147.904056,149.4282040000001,141.754242,128.013421,117.727507,101.953037,88.890665,79.040785,76.154898,71.575008,64.680882,56.68031520000001,55.45807720000001,59.81965320000001,59.3478152,58.1274632,58.93259200000001,56.507853,47.0536674,42.7070694,46.427313,46.7804734,43.1700656,38.8534568,34.9242908,26.652763,18.8029639,13.5162067,9.6156791,3.1941371,0.4829073,0.0,0.0,0,0,0,0,0,0,0,0,0,0,0.0,0.0,0.0
20530>20532,590,590,GPKu,Green Park,Piccadilly // EB,590,GPKu,Green Park,Victoria // NB,Alight-Interchange-Board,1750.88881915,37.55012807,211.5127913000001,523.0627496000001,616.7898680000001,259.4833662,102.48991598,0.0,0.69066166,0.7463500540000001,3.603327854000001,6.221218254000001,6.703632054000001,8.832584394000001,10.7523538,10.0572836,11.0187032,15.0629396,19.3237056,21.13774320000001,21.8541664,21.0285887,19.3386743,16.5513501,16.7211687,18.7310275,20.6874404,22.6266102,20.97023040000001,18.7595996,17.96376960000001,16.4334854,13.8316442,16.01576600000001,18.5184382,17.9274774,17.1578346,18.2902422,19.4466046,19.0098872,19.5882918,20.0768972,24.22690020000001,21.7766172,22.3091044,25.923343,29.9987268,28.18683840000001,29.40896020000001,32.49456439999999,32.1209164,33.392357,35.92713840000001,39.72591080000001,47.2653274,51.1362206,56.45205260000001,62.88751760000001,69.5046434,65.5154998,60.02238500000002,52.40749280000002,42.5533226,33.4678848,27.1726564,24.92257660000001,24.5322064,22.3821474,18.7507812,18.2209486,18.726388,18.503467,17.888783,17.5570136,17.35851319999999,16.371374,13.9695634,13.3245845,14.2669179,12.1286401,9.355050967999999,8.103936767999999,6.752995867999999,3.888131976,2.066968776,1.874165108,0.1937933080000001,0.1937933080000001,0.0,0.0,0,0,0,0,0,0,0,0,0,0,0.0,0.0,0.0
20530>20533,590,590,GPKu,Green Park,Piccadilly // EB,590,GPKu,Green Park,Victoria // SB,Alight-Interchange-Board,1215.77558874,22.53446184,171.0641629,305.0220512,384.4373268,243.613015,89.10457099999999,0.0,0.030438148,0.270796568,0.5952246080000001,1.562159008,3.852574808,7.06626966,9.15699904,11.7609238,13.6473814,15.41838,15.914454,17.33802540000001,17.2078961,17.0257959,15.2972323,13.8628021,11.8047541,11.1712666,10.6152512,9.959206199999999,9.3335327,9.7366593,9.2859737,9.4293641,9.28106802,9.1695772,9.1145382,10.0533386,9.3279679,9.53205358,10.6962553,11.0899651,10.7144349,11.571097,12.8944938,13.4341618,14.4750382,15.5183708,17.90647880000001,19.2818148,19.730551,20.691016,22.7950942,24.27838280000001,24.9678786,28.1230642,30.28985860000001,32.31239120000001,33.8567158,37.3437302,37.2154296,37.25089319999999,35.4942034,33.5921492,29.71263,27.1988106,24.3800706,22.3146064,20.053879,18.8401914,17.3900656,16.2803034,18.956743,20.7337404,19.5859846,19.1363032,18.7423168,15.2646748,11.8094032,12.1686808,11.40006294,10.4522238,8.454634599999999,7.574094199999999,5.01919864,3.4533397,2.08165944,1.25534104,0.17125784,0.0,0.0,0.0,0,0,0,0,0,0,0,0,0,0,0.0,0.0,0.0
20531>20501,590,590,GPKu,Green Park,Piccadilly // WB,590,GPKu,Green Park,EntEx,Alight-Exit,3536.386442500001,104.6850558,947.7433238000001,1449.6951326,650.9651600000002,263.906361,119.3914093,0.0,1.9866114,4.498810000000002,8.0708178,11.4905878,18.2169738,25.624101,34.797154,44.6285062,56.55555320000001,66.98952320000001,77.3621954,87.13172580000001,94.40591859999999,95.9562356,95.44578359999998,90.3803808,84.68723979999999,79.23325700000002,74.96700460000002,74.77595380000002,74.00785580000002,70.67874200000001,70.42798400000002,69.3406358,66.1755046,63.8683796,65.4718944,63.08376560000001,62.2357762,58.3060582,57.83136880000001,53.6397414,50.18883120000001,49.6163684,51.41875440000001,49.68422280000001,52.2882302,53.797876,56.53644079999999,56.605622,60.305452,58.796654,60.61302060000001,57.72030460000001,56.0354864,53.33472200000001,53.97159720000001,52.56861120000001,54.95316520000001,57.21294820000001,57.34666020000001,55.734147,55.1098416,50.6379596,46.33971680000001,41.669637,35.77631760000001,30.7036596,26.362274,21.405394,18.09057,16.2381188,13.7025088,13.4119426,14.3752828,15.6714968,16.499159,17.3557374,17.2487762,16.64572,15.0609026,14.1325428,11.4283542,8.948731160000003,6.985133860000001,5.052732300000002,2.9352145,1.9585987,1.29553274,0.34343284,0.0,0.0,0,0,0,0,0,0,0,0,0,0,0.0,0.0,0.0
20531>20522,590,590,GPKu,Green Park,Piccadilly // WB,590,GPKu,Green Park,Jubilee // NB,Alight-Interchange-Board,1339.6536017,27.02743858,101.63359778,253.01275094,370.053734,311.7688868,276.1571935999999,0.0,1.4148285,2.08421402,3.02050828,3.7549815,4.9730996,5.0173445,6.762462180000001,8.22687402,9.6919562,10.5520392,11.0124714,10.418223,10.0668057,9.0567567,8.00256712,7.11394532,6.44248164,5.54722078,5.502256700000001,5.71818688,5.91629608,6.12718886,6.371781320000001,6.333040200000001,6.022494700000001,5.976647420000001,6.42990812,6.72721372,6.96577912,7.31828104,8.33656452,8.52506352,9.17041992,9.407753720000002,10.9930606,12.0600144,13.2745368,14.0700942,16.8902498,17.275979,18.4741824,20.81370260000001,23.814312,24.499248,28.1497722,28.85490860000001,30.9572792,31.4351986,33.1692586,32.257834,34.8583386,32.8418078,32.2442852,30.2563232,30.52948,27.23565,26.30187,25.7033122,24.5342672,22.5631106,22.1276282,22.1533556,21.0995788,23.8922058,27.4920546,33.0183176,35.64753620000001,40.36020079999999,41.93020739999999,39.2244658,32.9975698,28.9817354,24.0042502,20.21117120000001,16.858295,13.516013,10.1693554,6.068664599999999,1.835265,0.0,0.0,0.0,0,0,0,0,0,0,0,0,0,0,0.0,0.0,0.0
20531>20523,590,590,GPKu,Green Park,Piccadilly // WB,590,GPKu,Green Park,Jubilee // SB,Alight-Interchange-Board,2431.678126499999,110.609943,389.2750714,670.0236300000001,527.286079,448.0125824,286.4708207,0.0,4.202237,6.9211068,10.4152172,15.4007672,21.3161878,24.4916348,27.8627922,29.06567320000001,28.7975484,28.6664814,29.0099434,31.57333220000001,34.98010679999999,37.3632416,37.68074960000001,37.23207160000001,34.7832042,31.5049638,28.6177552,26.448943,22.3551684,19.5907524,19.05013240000001,18.2244824,18.011443,18.5791798,20.3761712,20.49877960000001,20.39304120000001,20.9403854,23.8130032,24.3175992,25.1542552,27.3051016,31.31807800000001,31.5072,31.96147400000001,33.774668,38.15862720000001,38.91162460000001,42.77250740000001,48.58191040000001,47.9791024,45.32343839999999,43.07747639999999,40.65207520000001,38.74498420000001,42.1896706,44.907447,47.3066938,48.643807,47.635385,45.81882539999999,42.6474632,40.33881280000001,37.75877800000001,36.26534700000001,37.4402814,34.9949078,36.1778104,35.879669,34.3855526,33.3732254,36.7861046,37.0059464,43.55939380000001,44.385566,47.90656560000001,46.73730920000001,43.2002612,34.9967444,37.1395236,26.1887973,20.05781962,15.82363382,10.8822123,1.8109243,0.995361,0.62057068,0.11109768,0.0,0.0,0,0,0,0,0,0,0,0,0,0,0.0,0.0,0.0
20531>20532,590,590,GPKu,Green Park,Piccadilly // WB,590,GPKu,Green Park,Victoria // NB,Alight-Interchange-Board,0.3389842200000001,0.3389842200000001,0.0,0.0,0.0,0.0,0.0,0.0,0.06779684400000001,0.06779684400000001,0.06779684400000001,0.06779684400000001,0.06779684400000001,0.0,0.0,0.0,0.0,0.0,0.0,0.0,0.0,0.0,0.0,0.0,0.0,0.0,0.0,0.0,0.0,0.0,0.0,0.0,0.0,0.0,0.0,0.0,0.0,0.0,0.0,0.0,0.0,0.0,0.0,0.0,0.0,0.0,0.0,0.0,0.0,0.0,0.0,0.0,0.0,0.0,0.0,0.0,0.0,0.0,0.0,0.0,0.0,0.0,0.0,0.0,0.0,0.0,0.0,0.0,0.0,0.0,0.0,0.0,0.0,0.0,0.0,0.0,0.0,0.0,0.0,0.0,0.0,0.0,0.0,0.0,0.0,0.0,0.0,0.0,0.0,0.0,0,0,0,0,0,0,0,0,0,0,0.0,0.0,0.0
20531>20533,590,590,GPKu,Green Park,Piccadilly // WB,590,GPKu,Green Park,Victoria // SB,Alight-Interchange-Board,1293.88024974,4.0427297,33.36247262000001,299.09086922,329.3302864,382.6616416,245.3922502,0.0,0.06911847,0.162699216,0.233573388,0.4609215679999999,0.6821626279999999,1.029555318,1.404699112,1.502884,1.58804106,2.0955807,2.454713460000001,2.7703655,3.408134360000001,3.833829320000001,3.68536642,3.34269494,2.9362391,2.7881403,2.95648346,3.37598706,3.59945112,4.30661278,5.11329126,5.8155321,5.6929385,6.44347908,7.28408168,7.90981288,8.60037468,9.090517,10.73080452,11.79401132,11.54202132,12.13785652,14.4207798,15.31705,15.089038,17.2625804,21.4515172,23.0652024,23.41519820000001,26.4608068,29.1719246,25.96103500000001,24.3525416,23.7717364,24.52746500000001,23.954902,26.67587300000001,29.3916304,31.7443916,30.89469260000001,29.6997458,28.86908660000001,29.48718640000001,28.8073438,28.8079698,31.455335,31.6660182,28.5351956,29.7067296,29.4649112,27.7257208,28.1567724,33.3077116,39.6303916,45.397542,48.071305,47.0993574,42.14588440000001,31.0281316,23.6942256,16.7811334,12.9349904,9.44736544,7.68526024,3.78069024,2.15554544,0.5683610400000001,0.0,0.0,0.0,0,0,0,0,0,0,0,0,0,0,0.0,0.0,0.0
20532>20501,590,590,GPKu,Green Park,Victoria // NB,590,GPKu,Green Park,EntEx,Alight-Exit,12325.9790485,529.9613856999999,5540.863554,3765.895338000001,1900.4770968,495.4378068,93.34386720000002,1.44597434,8.750281140000002,16.76419114,37.39378114,60.13612714,95.7079928,132.015326,177.747712,239.792982,316.705456,386.074128,467.254078,548.032682,597.057652,611.884012,600.231496,554.9260380000002,487.381318,402.053812,329.4699,277.752042,237.326374,207.740354,193.92276,186.459944,187.989674,186.082696,182.515492,191.002782,188.057126,165.0567688,153.5381668,142.2819548000001,120.5381358,111.9848028,112.32596,109.422598,114.066706,116.339431,112.013074,113.693632,120.622844,117.345486,117.816534,125.21285,131.183682,130.863438,141.507948,154.103852,168.966252,179.63379,185.8878,189.961338,184.557154,166.087498,142.5114948,117.7454848,89.51321779999999,67.074239,49.67545920000001,38.3211086,30.98450440000001,23.2566404,19.4315968,17.1689826,14.348823,13.5095522,14.408198,14.0685716,13.1200356,12.6867452,11.07367668,8.61831648,7.095562080000001,6.413659820000001,5.37789476,5.19295168,4.054255080000001,2.94696428,1.84063054,0.8546033999999999,0.0,0.0,0,0,0,0,0,0,0,0,0,0,0.0,0.0,0.0
20532>20522,590,590,GPKu,Green Park,Victoria // NB,590,GPKu,Green Park,Jubilee // NB,Alight-Interchange-Board,6808.1051775,248.280099,1637.745193400001,1548.9881474,2122.571537,837.9199398,412.6002609,2.787678400000001,5.039891000000001,9.3578976,22.0322116,32.99923560000001,44.20408920000001,57.94129160000001,73.917804,89.34649,111.62434,132.197732,161.963053,181.29646,185.97302,179.081878,166.09559,136.355634,113.7485988,95.5656988,84.4966988,78.2542378,75.56633459999999,66.9979302,62.54998539999999,60.5899234,56.25211520000001,52.82460900000001,57.098364,57.6750814,54.743706,53.3741952,54.19716720000001,53.4642338,55.454092,55.1403666,57.60402660000001,58.9125312,59.5595782,65.6772674,69.74360620000002,68.44984140000001,83.85938820000001,88.36328820000001,102.6362782,124.4570542,149.655219,163.772199,188.563958,200.38156,202.941612,209.492356,201.151718,194.648998,179.4071640000001,166.276601,141.8230978,122.1215718,101.2317958,84.44723780000002,68.9745442,63.6885564,61.5480954,55.780486,55.67163680000001,57.14009340000001,52.8358836,54.31853360000001,60.16150500000001,58.29629960000001,57.3930148,61.54130260000001,55.7238602,48.51353500000001,40.9086362,32.7059143,22.6253103,16.3251577,8.9166029,5.5983763,3.312447,0.7398039999999999,0.0,0.0,0,0,0,0,0,0,0,0,0,0,0.0,0.0,0.0
20532>20523,590,590,GPKu,Green Park,Victoria // NB,590,GPKu,Green Park,Jubilee // SB,Alight-Interchange-Board,1960.135843499999,97.0578735,562.4281215999999,423.4293916,496.1941336,233.11487,147.9114532,3.331875200000001,4.901802900000002,6.8618579,9.466641699999998,12.8906331,14.5315903,21.7058512,23.3676212,29.468162,34.02034260000001,41.3541088,43.60715220000001,54.8549272,57.2400598,61.05933540000001,59.40651480000001,57.26980220000001,48.2677498,41.95596339999999,33.9240034,27.1403758,21.197933,18.745415,15.9708198,15.4161282,14.4708216,14.0180544,14.0364236,15.180505,14.3872666,14.7810756,15.552269,14.734156,14.5062046,15.0351386,14.4017076,15.2154756,15.2012876,14.733678,16.1835212,19.7395446,23.3095184,27.9065546,31.5655172,36.3738964,39.8497204,43.7020764,46.7385944,48.82904840000001,48.2015864,47.87690120000001,43.5626286,40.2325222,37.50697520000001,34.159379,29.160805,25.58170600000001,23.1607598,21.6094968,20.0649842,18.288319,19.4868938,18.3729432,16.8911028,17.8471388,18.4211896,16.0284028,17.36193320000001,19.214403,17.9817286,19.8220436,21.15221480000001,18.8255616,15.98481974,13.07772906,8.269906800000001,5.7353874,3.3588614,1.90377126,1.40435714,1.1806688,0.0,0.0,0,0,0,0,0,0,0,0,0,0,0.0,0.0,0.0
20532>20530,590,590,GPKu,Green Park,Victoria // NB,590,GPKu,Green Park,Piccadilly // EB,Alight-Interchange-Board,1464.84439434,16.58184585,309.15301036,613.2355456,378.6814773999999,115.02047162,32.17204351000001,0.0,0.023859182,0.323029682,1.132494882,1.505959442,2.700703642,4.51029146,6.385507560000002,9.82599356,13.8256472,19.1207536,24.45225940000001,29.1316394,32.3631266,33.5057082,32.658242,31.5735348,29.771742,26.24162500000001,26.6827386,28.05973820000001,28.14360360000001,29.4466946,31.1563428,29.2056448,31.6733244,32.7202104,31.2668088,32.3195132,33.6567934,28.32718340000001,25.45076660000001,25.41378660000001,22.51398780000001,20.65079920000001,20.6806116,19.155463,19.8708362,20.4449284,19.6329846,18.5388932,21.7553104,21.2305694,21.92075100000001,24.7738856,28.1266994,28.9060142,30.7716628,31.9354298,33.0857476,33.776896,33.5209324,34.3195564,35.1039176,33.671947,30.6887886,27.0106622,21.5616276,15.48869894,11.66184814,8.30414646,6.22093426,4.95298526,4.622665280000001,3.860380820000001,3.684574820000001,3.51161762,4.14033022,5.117959460000002,5.420477000000001,5.40163254,5.13316654,3.861044180000001,2.58728416,1.7646214,1.226691006,0.8802528059999999,0.521058166,0.194160386,0.06369586599999999,0.0,0.0,0.0,0,0,0,0,0,0,0,0,0,0,0.0,0.0,0.0
20532>20531,590,590,GPKu,Green Park,Victoria // NB,590,GPKu,Green Park,Piccadilly // WB,Alight-Interchange-Board,1421.851110900001,113.3962776,489.1510930000001,460.2883264000001,244.1468658,78.75666987999999,36.11187821999999,1.8664098,4.76526,8.2600502,11.5435086,16.7832212,21.3250254,23.998276,24.8545264,29.5172952,34.06482699999999,37.134057,43.9464426,50.47544960000001,54.40746239999999,53.00180200000001,50.82430600000001,43.63737760000001,37.2961534,29.81367140000001,25.0322488,22.561627,22.0919174,22.1371772,21.88390200000001,22.9071774,23.9528152,24.65634420000001,24.0725876,26.4332992,24.8675746,22.2536522,19.7209198,18.8727938,14.8693712,14.9111168,14.9325936,14.3441472,14.1282102,14.6440936,13.9275802,14.2331024,15.0944868,16.1654552,16.6263816,18.6277446,18.73470600000001,20.3072506,21.30052640000001,23.381301,23.9735184,24.2832584,22.9839222,21.7409034,18.717824,16.006712,14.0891988,12.4189154,10.02559534,8.89874862,7.48422142,6.668477279999999,5.890063680000001,5.54623442,5.115939620000002,4.914494460000001,4.1376396,3.85821456,3.798125480000001,3.70646632,4.12641608,4.72320208,4.83013644,4.6554987,4.292690900000001,3.60247544,2.65015142,1.8265477,1.04093484,0.5182665200000001,0.13909178,0.0,0.0,0.0,0,0,0,0,0,0,0,0,0,0,0.0,0.0,0.0
20533>20501,590,590,GPKu,Green Park,Victoria // SB,590,GPKu,Green Park,EntEx,Alight-Exit,14128.7784756,860.9400517,5514.498724000001,4852.057546000001,2118.30028,631.0076374,151.9742365,1.27093354,15.29821154,30.79709754000001,61.76939354,104.62041354,152.55259,213.321436,281.309976,342.54466,392.76742,441.699284,480.51618,529.59212,555.7262599999999,554.427,537.9460180000002,507.5094320000001,444.7312460000001,379.2646320000001,347.7744720000001,314.1513540000001,283.045874,262.3053160000001,251.111462,240.977106,242.694474,231.69222,233.064304,240.958912,225.858564,210.684842,204.763752,183.877288,165.91744,159.183656,151.186092,150.711162,153.692062,148.775122,154.485828,160.08238,158.653654,159.035016,165.149666,167.440272,169.788064,170.2721,173.760266,180.770234,182.866048,188.39498,191.607062,191.906198,183.120458,170.108228,148.26637,128.188732,102.4094708,79.44904040000002,62.58695640000001,51.8897258,39.37841860000001,34.3302722,31.849679,27.31635900000001,24.3377634,25.666802,23.6044178,22.0504318,21.8134412,19.682976,16.790962,15.7569126,13.4256167,11.4044195,10.18905278,8.339696980000001,5.58373218,3.87268768,2.12551148,0.9387956000000001,0.0,0.0,0,0,0,0,0,0,0,0,0,0,0.0,0.0,0.0
20533>20522,590,590,GPKu,Green Park,Victoria // SB,590,GPKu,Green Park,Jubilee // NB,Alight-Interchange-Board,1186.3796171,129.9117476,335.3965721999999,304.7949492,227.7813524,115.4487724,73.0462233,0.77636424,3.60218624,7.37634364,13.03613484,20.58973744,25.0001122,28.8906022,30.6402668,33.5036942,33.2135948,35.32251979999999,36.5744206,38.3257634,35.0095902,31.08839660000001,26.3119598,21.4408764,17.2007008,14.198219,13.2068366,13.6890888,13.1951922,12.6879726,12.723977,13.093618,12.0983312,11.788771,11.6960152,11.58271,10.49502,10.9965328,11.4449324,11.8301744,12.174808,12.8049466,13.5078922,13.4082538,13.3191072,12.9120474,13.131362,13.1432386,13.3848934,14.2939922,15.3920722,17.2558776,18.112388,19.6217344,20.3314116,21.625955,20.8280958,20.8346838,19.7447472,19.02583700000001,17.4296906,17.322327,15.6486044,14.4765132,12.516986,10.6530116,9.2296582,8.859413,7.804090400000001,8.0332842,9.0028212,8.5868643,8.487776700000001,9.1875021,8.610851499999999,8.770513900000001,8.938164,8.2008682,8.2233681,7.731477900000002,7.582728100000002,6.41355016,5.74524726,4.48783978,3.655738980000001,1.67795018,1.07787432,0.54090242,0.0,0.0,0,0,0,0,0,0,0,0,0,0,0.0,0.0,0.0
20533>20523,590,590,GPKu,Green Park,Victoria // SB,590,GPKu,Green Park,Jubilee // SB,Alight-Interchange-Board,6430.990237600003,379.7236478,1755.1620434,1662.0854718,1452.586964,873.3046338000001,308.1274768000001,1.872348,14.076858,24.922234,37.154195,52.504513,71.773475,82.78149499999999,94.6385298,104.2065338,114.037037,124.167657,139.261373,159.3377642,173.9018212,180.425792,185.521306,176.729674,152.728428,133.153962,111.6906952,88.0757964,76.5318584,64.4798014,64.2361274,67.00853500000001,63.6208518,63.46672980000001,70.58633580000001,64.87056380000001,67.57043100000001,70.7361338,64.403951,68.379723,69.349063,63.61494820000001,66.29631739999999,67.22443220000001,60.0334012,66.6074292,70.62466800000001,69.76865400000001,72.577182,79.855184,82.167354,89.02766120000003,93.3175344,105.2338524,113.6724984,127.2435744,130.4539452,142.94261,138.787318,141.0706640000001,127.25996,128.378178,115.199168,110.007872,95.51898,86.4931412,77.0791504,74.7036874,66.942151,65.33006420000001,65.99478500000001,59.84499640000001,56.74471180000001,59.3892922,55.25580220000001,53.58619180000001,53.39189520000001,49.00756140000001,39.5138194,35.7583838,26.1509852,18.1946826,11.29615772,9.27018912,4.63025352,3.82236052,2.35091912,1.1540774,0.0,0.0,0,0,0,0,0,0,0,0,0,0,0.0,0.0,0.0
20533>20530,590,590,GPKu,Green Park,Victoria // SB,590,GPKu,Green Park,Piccadilly // EB,Alight-Interchange-Board,0.0,0.0,0.0,0.0,0.0,0.0,0.0,0.0,0.0,0.0,0.0,0.0,0.0,0.0,0.0,0.0,0.0,0.0,0.0,0.0,0.0,0.0,0.0,0.0,0.0,0.0,0.0,0.0,0.0,0.0,0.0,0.0,0.0,0.0,0.0,0.0,0.0,0.0,0.0,0.0,0.0,0.0,0.0,0.0,0.0,0.0,0.0,0.0,0.0,0.0,0.0,0.0,0.0,0.0,0.0,0.0,0.0,0.0,0.0,0.0,0.0,0.0,0.0,0.0,0.0,0.0,0.0,0.0,0.0,0.0,0.0,0.0,0.0,0.0,0.0,0.0,0.0,0.0,0.0,0.0,0.0,0.0,0.0,0.0,0.0,0.0,0.0,0.0,0.0,0.0,0,0,0,0,0,0,0,0,0,0,0.0,0.0,0.0
20533>20531,590,590,GPKu,Green Park,Victoria // SB,590,GPKu,Green Park,Piccadilly // WB,Alight-Interchange-Board,810.7101473899999,51.89871053,82.00064689999999,260.9786810200001,272.7050622,110.55199244,32.57505430000001,0.046534798,0.116824238,3.651036038,3.83037913,9.29556273,11.544900732,12.424937632,10.988535232,11.61623904,6.473844180000001,4.416861460000002,6.61034372,4.83972328,4.40176358,4.63420798,6.497165300000002,6.912439900000001,7.0036044,7.8776413,10.71681276,10.64299016,9.52727336,10.7354883,11.0790194,10.629707,10.3598532,11.7252522,11.4589689,13.5004161,11.5335848,11.19255266,9.25075086,9.59957936,8.54262896,9.12512226,10.0310872,10.4401334,10.02990506,9.194855060000002,10.22749686,11.78810286,12.49581126,12.913879,14.9542228,17.6231994,19.00869560000001,20.6617786,23.2960876,24.1841948,23.859397,23.4483186,24.3485166,25.405026,24.2053134,24.2383262,22.4262084,18.0319526,13.519913,12.56497480000001,8.617687000000002,7.450398200000001,7.990188600000002,8.882114800000002,7.409481140000001,7.083686100000001,7.205453000000001,6.522908999999999,5.273234200000001,4.616104120000001,4.497585099999999,4.5070452,3.529718768,2.991735568,3.616859508,3.164129508,1.575862108,1.55319874,1.55319874,0.54793634,0.4216806,0.0,0.0,0.0,0,0,0,0,0,0,0,0,0,0,0.0,0.0,0.0
580201>580222,622,622,KILu,Kilburn,EntEx,622,KILu,Kilburn,Jubilee // NB,Enter-Board,1275.4474145,28.19200482,256.46451408,390.7976327,381.7409966,159.84890262,58.40336368,0.0,0.41308956,1.16679726,2.31819058,3.359213260000001,4.461887260000001,6.5317129,9.941114,14.48733048,19.6804536,26.6909336,32.4627704,32.6206046,30.501465,27.2077258,21.433295,15.138208,13.224554,11.7922436,11.22493,10.9632,10.6663623,10.5888985,12.0096907,12.6660351,12.9516993,14.199783,14.8937616,14.2459934,14.368052,16.1870192,17.0044142,17.9312936,18.01269600000001,18.7958412,18.307183,17.937071,17.844525,18.89869340000001,18.3970276,18.7521858,19.86392020000001,21.7921084,23.5201782,26.8439616,27.797855,29.8216178,30.5695216,32.2141402,32.7143454,36.06180140000001,37.2015062,36.173635,34.33049,31.4257232,26.5863992,22.3982344,19.482979,16.285398,14.8004338,13.5549978,11.9758864,11.4832982,10.9722658,10.0187432,9.34236194,9.79412494,9.74017914,9.21989614,8.65114954,8.2010524,6.76163906,5.510928600000002,4.540844020000002,3.79839042,3.41503152,2.81299178,2.1252844,1.73996738,1.13745718,0.3825804800000001,0.10615076,0.0,0,0,0,0,0,0,0,0,0,0,0.0,0.0,0.0
580201>580223,622,622,KILu,Kilburn,EntEx,622,KILu,Kilburn,Jubilee // SB,Enter-Board,7178.44453606,465.64601156,2897.3292004,1991.8610256,1229.6920158,430.9282022,162.9880804999999,9.83021072,17.95433792,29.50787652,43.5605558,63.44571020000001,79.35936380000003,97.88215459999999,124.105802,150.36678,177.445958,218.651594,272.363562,309.660028,328.6678020000001,330.415992,308.8814940000001,264.418036,213.43032,175.0300732,147.9975612,126.0262672,108.9691752,102.2671172,99.029944,92.418856,87.43449000000003,84.307836,85.264326,80.757644,77.5442188,79.49101879999998,79.0456148,76.0216488,75.26455279999999,75.68271680000002,72.98866679999999,70.65222879999999,67.6049568,67.3177568,69.50883200000001,71.36981,74.923516,81.97472900000001,85.99510300000001,89.607279,93.183824,100.522804,106.075611,111.688557,115.003405,117.7835992,115.1356132,109.9477584,101.3593344,91.10242840000001,78.2818022,65.43714739999999,52.9845594,45.6347414,38.4828474,32.65914799999999,29.7847578,28.059418,27.7136972,26.580798,27.0907828,28.2983326,28.2019722,24.4893776,23.417186,24.1885456,20.7015115,17.3377767,15.7915273,13.4799083,9.4350035,6.258992800000001,4.2117206,2.5398914,1.1366392,0.0,0.0,0.0,0,0,0,0,0,0,0,0,0,0,0.0,0.0,0.0
580222>580201,622,622,KILu,Kilburn,Jubilee // NB,622,KILu,Kilburn,EntEx,Alight-Exit,6920.471078,108.7530438,675.7943508,1402.9290822,2226.1169552,1544.8941144,961.9835316000001,0.0,1.6014324,3.2590954,6.6763962,11.0749436,19.6452752,26.8989904,39.5969106,49.52223060000001,60.8305152,67.1211348,73.74035119999999,72.805094,73.78117440000003,65.6858064,56.9532366,48.10819660000002,41.13924160000001,33.64563040000001,32.461739,33.91243239999999,35.13584040000001,36.4113874,37.5678734,40.0013878,40.80335700000001,41.123131,42.52989700000001,44.553231,46.19513940000001,47.43153240000001,50.30031440000001,53.4348692,56.5855512,57.2315318,60.4619968,64.7330808,67.8941068,70.8790128,79.02618879999999,86.52664200000002,93.102464,101.9203592,115.1677552,126.3787512,143.93692,151.94221,168.856238,183.53326,203.540544,207.676306,224.906802,218.721566,215.307114,194.611486,186.705758,168.944666,160.167564,143.775596,137.64397,128.218114,122.043224,117.090152,114.156796,113.86716,112.9867528,111.5299748,114.4701448,118.5120458,120.6465738,118.412135,115.014593,108.500113,95.47827700000002,79.57355760000002,62.595482,51.551506,37.2974766,24.9522716,15.324921,10.7071406,3.4174386,0.0,0,0,0,0,0,0,0,0,0,0,0.0,0.0,0.0
580223>580201,622,622,KILu,Kilburn,Jubilee // SB,622,KILu,Kilburn,EntEx,Alight-Exit,1260.949385608,71.182645468,321.0169413000001,441.3662072000001,296.3168312,102.36887324,28.6978872,0.755761812,1.283049432,3.176702032000001,6.312018992,9.84578398,12.69633502,17.40199040000001,19.7110038,22.248942,25.7893768,32.6766536,35.1197482,36.71769140000001,35.86409520000001,33.0561644,25.6144759,20.7027097,19.2141685,17.5591777,16.4537379,16.8032056,18.3940158,17.2281216,17.307847,17.3802516,17.2648526,15.7417352,15.8770934,16.18179,16.2663772,16.3221522,16.9114862,17.3317578,17.7390378,18.0224364,18.7246276,19.4084394,19.7097608,19.3411554,19.286178,19.6146212,22.0358418,23.2747944,25.1986282,27.51790960000001,28.9952044,27.37539420000001,27.5438878,27.5301644,26.82382560000001,25.6459914,25.5206882,23.035906,21.3473964,18.8237418,16.1567214,13.738167,13.0271768,10.839046,9.8101732,9.466718,8.623301800000002,7.797846400000001,6.984227000000001,6.222583500000002,5.65234742,5.224779159999999,4.98250696,5.07527616,4.830717580000001,4.26815246,3.65581196,2.70369658,2.24560438,1.689745512,1.501227252,1.092568808,0.8976129879999999,0.400022788,0.266771336,0.07067939599999999,0.0,0.0,0,0,0,0,0,0,0,0,0,0,0.0,0.0,0.0
580222>580672,622,622,KILu,Kilburn,Jubilee // NB,1437,BSYr,Brondesbury,LO Mildmay // EB,Alight-Exit-Interchange-Enter-Board,4.357637669341997,0.12588753722,1.9127160379,1.2259896319776,0.4575376214444,0.5699200947999999,0.06558674600000002,0.0,3.2531444e-05,3.2531444e-05,3.2531444e-05,0.010818408444,0.010818408444,0.027175531,0.07697759500000001,0.08188100799999999,0.116240171,0.11658906018,0.31807462618,0.26827256218,0.32305360918,0.27790856918,0.27755968,0.05968446,0.05968446,0.006883915999999999,0.006883915999999999,0.090403156,0.090403156,0.090403156,0.08351924000000001,0.099161922,0.0250722284,0.0356320592,0.0356320592,0.04799229820000001,0.06349048820000001,0.07067938580000001,0.06011955500000001,0.07087408660000001,0.07402253560000001,0.0699791516,0.05336070759999999,0.05336070759999999,0.042606176,0.027097488,0.0,4.0232444e-06,4.0232444e-06,4.0232444e-06,0.0421680052444,0.0421680052444,0.059673668,0.059673668,0.059673668,0.017509686,0.017509686,0.0,0.0,0.041766954,0.0471073394,0.05622747340000001,0.05622747340000001,0.0764985974,0.0435539974,0.05948364,0.050363506,0.050363506,0.030092382,0.021270028,0.0124612332,0.0564583012,0.0564583012,0.0564583012,0.0564583012,0.0483150036,0.0043179356,0.0043179356,0.0043179356,0.0043179356,0.0,0.0,0.0,0.0,0.0,0.0,0.0,0.0,0.0,0.0,0,0,0,0,0,0,0,0,0,0,0.0,0.0,0.0
580222>580673,622,622,KILu,Kilburn,Jubilee // NB,1437,BSYr,Brondesbury,LO Mildmay // WB,Alight-Exit-Interchange-Enter-Board,8.318732459384002,0.200847270674,4.724907716510002,1.2862542266,0.8786860096639999,1.185840326992,0.04219690894400002,0.0,0.0,3.6648548e-06,3.6648548e-06,0.0277380568548,0.04259511805480001,0.0504398314548,0.0800669346,0.09061664,0.132332698,0.2109818248,0.3952201254000001,0.5584180254,0.84444008,0.7750079060060001,0.6815017180060001,0.4898549527260001,0.327400074726,0.086264394726,0.13286927672,0.13295861692,0.1325223682,0.10225440262,0.04681832262,0.03280716062,0.03271782041999999,0.08933120642,0.08922538199999999,0.09065816800000001,0.058046172,0.062603593,0.027854623,0.032097454,0.037474608,0.05352146,0.048964039,0.02770020434,0.02345737334,0.01688390468,0.01437768868,0.01437768868,0.0138501738,0.05299413380000001,0.05275766246000001,0.07913996046,0.09203626446,0.1017974212,0.1283483052,0.1283483052,0.1004678852,0.0876010936,0.08482940439999999,0.019190721386,0.019190721386,0.007148207386,0.030587719786,0.04509487878600001,0.0542803322,0.2188745722,0.21942761884,0.21388748804,0.19231779504,0.18524234224,0.02064810224,0.020739446,0.002846393402000001,0.007323759802000001,0.005157598202000001,0.010702204402,0.010057814002,0.010087113708,0.005609747308000001,0.005609747308000001,6.514110800000001e-05,6.514110800000001e-05,0.0,0.0,0.0,0.0,0.0,0.0,0.0,0.0,0,0,0,0,0,0,0,0,0,0,0.0,0.0,0.0
580223>580672,622,622,KILu,Kilburn,Jubilee // SB,1437,BSYr,Brondesbury,LO Mildmay // EB,Alight-Exit-Interchange-Enter-Board,31.93766907059999,3.9408384326,10.603139694,12.881855636,3.627277632200001,0.8758739748,0.008683700999999999,0.0,0.0,0.003220912,0.00370267772,0.8991915977199999,0.93092994172,1.05350710772,1.05028619572,1.04980443,1.90199051,1.926722346,1.82986896,1.82986896,1.840520786,0.102974876,0.046504696,0.020780916,0.020780916,0.021725694,0.011596604,0.011596604,0.395560284,0.395560284,0.392622861,0.424915417,0.429606754,0.05500171700000001,0.106095197,0.117547478,0.119486614,0.136782095,0.1312037854,0.08527081000000003,0.5218050679999999,0.500786629,0.513500457,0.5260985696,0.543868365,0.7685963850000002,0.8055030520000002,1.138491066,1.8022382,1.8120683,1.147649644,1.191260604,0.8235719440000001,0.143446364,0.1225804546,0.1230298826,0.0292990026,0.0366160706,0.0366160706,0.0374075808,0.3635889088000001,0.3635889088000001,0.3562718408,0.3562718408,0.34358584,0.0,0.034045432,0.034045432,0.034045432,0.034045432,0.034045432,0.0,0.0,0.002894567,0.002894567,0.002894567,0.002894567,0.002894567,0.0,0.0,0.0,0.0,0.0,0.0,0.0,0.0,0.0,0.0,0.0,0.0,0,0,0,0,0,0,0,0,0,0,0.0,0.0,0.0
580223>580673,622,622,KILu,Kilburn,Jubilee // SB,1437,BSYr,Brondesbury,LO Mildmay // WB,Alight-Exit-Interchange-Enter-Board,492.5552728499999,44.6805396,255.93814628,132.79797766,52.15684948000001,6.203353344,0.778406486,0.0,0.0,0.0,2.451974,2.451974,7.788457000000001,14.846722,17.1414126,16.59029940000001,21.4523366,20.6628056,20.7498836,27.6522884,31.5564416,29.3472656,28.9460918,23.1919337,15.8614881,10.65829224,9.269019640000002,6.23844052,5.17551482,4.60732622,4.99358268,4.839112360000001,4.689978480000002,5.811677220000001,5.604660900000001,6.399153500000001,6.20367942,6.95451202,6.76811728,7.536267800000001,7.310621799999999,7.60132588,7.312602200000001,6.986702660000002,5.692240400000001,4.135319200000001,5.12456452,3.6963904,2.75872674,2.91159672,3.44586392,2.11653332,3.97352432,4.0918593,5.149980580000001,5.510946620000001,5.399293580000001,4.722969780000001,5.910845200000002,4.66541828,4.43378854,3.681178580000001,2.50051138,1.19430098,0.6636035000000001,0.0,0.0,0.17327036,0.4154869,0.58332384,0.6096874280000001,0.8073693480000002,0.8028603360000001,0.560643796,0.392806856,0.366443268,0.168761348,0.0,0.0,0.04864037400000001,0.04864037400000001,0.04864037400000001,0.04864037400000001,0.04864037400000001,0.0,0.0,0.0,0.0,0.0,0.0,0,0,0,0,0,0,0,0,0,0,0.0,0.0,0.0
580672>580222,622,1437,BSYr,Brondesbury,LO Mildmay // EB,622,KILu,Kilburn,Jubilee // NB,Alight-Exit-Interchange-Enter-Board,222.89056578,1.89223434,9.671872322,18.874005578,163.39647532,24.7927783,4.26319992,0.0,0.0,0.0,0.0,0.0,0.37307958,0.75957738,0.75957738,0.75957738,1.25846568,1.398418820000001,1.01192102,1.01192102,1.117605312,0.6915310060000001,0.357511486,0.532907094,0.532907094,0.4272228020000001,0.5718836079999999,0.3928704080000001,0.2174748,0.233681442,0.233681442,0.016206642,0.016206642,0.016206642,0.0,0.0,0.0,0.0,0.0,0.0,0.0,0.1519184600000001,0.4172922000000001,0.4172922000000001,0.4172922000000001,1.36124868,1.39746542,2.24946552,2.24946552,5.01509692,4.071140440000002,5.88383084,9.0417846,12.1219116,12.7157246,22.4142758,24.702605,20.4272774,17.3471504,15.20089256,9.73785076,6.901585880000002,6.901585880000002,7.564372420000002,6.58181752,2.346308120000001,0.8934182000000002,1.5860989,0.9233123600000002,0.6926807000000001,0.9023900800000002,0.9023900800000002,0.4425530600000001,0.95272726,1.0047096,0.79500022,0.79500022,0.56215654,0.46379446,0.41181212,0.41181212,0.41181212,0.41181212,0.0,0.0,0.0,0.0,0.0,0.0,0.0,0,0,0,0,0,0,0,0,0,0,0.0,0.0,0.0
580672>580223,622,1437,BSYr,Brondesbury,LO Mildmay // EB,622,KILu,Kilburn,Jubilee // SB,Alight-Exit-Interchange-Enter-Board,228.8009539489001,7.462827308000001,42.89057049200001,44.85072722,98.16038788,30.9134962449,4.522944804,0.0,0.0,0.0,0.4720166000000001,0.5557705680000001,1.419182668,1.568840036,3.447017436,4.223464076000002,5.475897708,6.019953348,5.936866548000001,4.925814268000001,3.941414168,3.265594488,2.111766668,2.48233666,1.61521154,1.63381676,1.25843426,1.091043172,0.7138398620000002,0.7430031240000001,0.7591481640000001,0.7326031239999999,1.055454212,1.212198662,1.36820116,1.6621075,1.63810464,1.64476486,1.70183244,2.24435942,1.730683164,1.57336838,1.342606872,1.812441072,1.671026872,2.268982808,2.694465512,3.339656020000001,3.717127860000001,3.989999520000001,4.143708800000002,5.13648856,5.62366202,5.14209892,5.728335980000002,6.30418914,7.639058740000001,9.18163074,10.71364932,11.22313946,12.6169736,10.3832347,8.4679267,7.07957678,5.602554720000001,3.24875932,2.65253026178,2.25158806178,1.87312418178,1.77501872178,1.53978402178,1.70451154,1.27091882,1.044508908,0.8706209080000001,0.959461628,0.8571396280000001,0.906421248,0.7617495400000001,0.55588766,0.25568104,0.19298868,0.03361538,0.0,0.0,0.0,0.0,0.0,0.0,0.0,0,0,0,0,0,0,0,0,0,0,0.0,0.0,0.0
580673>580222,622,1437,BSYr,Brondesbury,LO Mildmay // WB,622,KILu,Kilburn,Jubilee // NB,Alight-Exit-Interchange-Enter-Board,126.60459960578,1.577272216,7.288357433,43.51550613000001,59.58979454000001,9.5847546744,5.048914612380002,0.0,0.0,0.0,0.0,0.05801055400000001,0.05801055400000001,0.7306255540000001,0.7306255540000001,0.7306255540000001,1.34543276,1.455355312,0.782740312,0.788854724,0.7942076112,0.1240214878,0.0140989358,0.0140989358,0.2557942438,0.4928795966,0.49024796,0.6372843340000001,0.7885331940000001,0.7305729220000001,0.865555622,1.202734262,1.055697888,1.140965508,1.1213474,1.11910496,1.12761306,1.59139856,1.75313882,1.86341054,1.9958839,2.26971826,1.80593276,1.65211674,2.35941638,3.21978652,2.60026542,3.49720908,3.4011352,2.413332500000001,3.3033523,3.3033523,5.70193964,5.5535728,7.500445999999998,5.2424042,6.672121600000001,3.3765906,5.5977636,3.6508904,4.480712199999998,4.2550006,4.2550006,2.32855906,2.32855906,1.737503,0.5334972,0.5334972,0.2387657400000001,0.4891643600000001,0.285551454,0.2975371516,0.3216459336,0.3216459336,0.1688285816,0.133750747356,0.5724778497559999,0.7740148077560001,0.7740148077560001,0.8930176797560001,0.8929426800000001,0.4422298800000001,0.2165841400000001,0.2432437160000001,0.026659576,0.026659576,0.026659576,0.026659576,0.0,0.0,0,0,0,0,0,0,0,0,0,0,0.0,0.0,0.0
580673>580223,622,1437,BSYr,Brondesbury,LO Mildmay // WB,622,KILu,Kilburn,Jubilee // SB,Alight-Exit-Interchange-Enter-Board,5.684588358603232,0.2046086188,0.5281519342000001,1.6084101376,2.8297916544,0.45243011964,0.06119589396323599,0.0,0.0,0.0,0.035602268,0.035602268,0.04446802759999999,0.04446802759999999,0.04446802759999999,0.0088657596,0.0088657596,0.0,0.006129527400000001,0.006129527400000001,0.0133312466,0.0241956886,0.0365979906,0.03046846320000001,0.1101484632,0.130970028,0.15244948,0.162188686,0.1705528806,0.1051542246,0.07713094059999999,0.055493586,0.033352078,0.0249878834,0.0337726444,0.0337726444,0.042848569,0.042848569,0.06460120300000001,0.05168809360000001,0.06299716600000001,0.0522017116,0.0522017116,0.0364434706,0.065728657,0.0756807526,0.066693743,0.089348383,0.0919877168,0.06371675040000001,0.0530180724,0.0595579908,0.0796738028,0.080064858,0.1329156544,0.1319137196,0.2842725412,0.3914971492,0.4331741472,0.3991098092,0.389549254,0.299028894,0.149033834,0.098332054,0.069394649,0.077533734,0.009155354,0.042896158,0.042896158,0.041879889,0.03374080400000001,0.03421461948000001,0.00047381548,0.00095644234,0.00095644234,0.01278761034,0.012337413605,0.012337413605,0.011854786745,0.01185482521405,2.367158064720001e-05,5.28356472e-08,5.28356472e-08,5.28356472e-08,1.43665972e-08,0.0,0.0,0.0,0.0,0.0,0,0,0,0,0,0,0,0,0,0,0.0,0.0,0.0
560201>560222,624,624,KBYu,Kingsbury,EntEx,624,KBYu,Kingsbury,Jubilee // NB,Enter-Board,515.9688671713001,12.88068924,76.50399532000002,236.44900496,127.71064268,49.33060706000001,13.0939279113,0.03860194000000002,0.21478392,0.7216859999999999,1.1490064,1.7922802,2.50922612,3.05714702,3.39795764,4.787118840000002,5.97707104,6.904876580000002,7.571323840000002,8.583734940000001,7.934033820000002,7.36068616,6.454216560000001,6.03396556,5.06698496,4.870608280000001,4.95937474,5.196899060000002,5.44820632,5.75962572,6.46770852,6.304915,6.514709420000001,6.341494820000001,6.557308620000001,5.95891512,6.318381440000001,6.501256020000001,6.72078892,7.00271592,7.34169554,7.45626674,7.30292362,7.77142032,7.87125992,8.0980216,8.3115664,19.9518764,27.662436,27.14271172,26.4459018,27.6297362,16.4378786,8.604379600000001,9.28254368,9.665731200000002,8.279912800000002,8.2731198,8.369977800000001,7.829102480000001,8.192816680000002,8.07820978,7.067234060000001,6.348947000000001,5.79727952,5.04873012,4.233732320000001,4.23414204,4.26250516,4.14143616,3.76416496,3.45054186,3.298046220000001,2.59630832,2.15477338,1.81474734,1.63694744,1.173994848,1.021526314,0.995116934,0.94330136,0.838631294,1.046128486,1.03578592,0.8895358400000001,0.7112718542600004,0.5655200202600003,0.2886436602600002,0.1327766002600002,2.600002e-10,0,0,0,0,0,0,0,0,0,0,0.0,0.0,0.0
560201>560223,624,624,KBYu,Kingsbury,EntEx,624,KBYu,Kingsbury,Jubilee // SB,Enter-Board,6242.950413899998,1054.3252436,2268.166977,1781.03347,812.2374866000001,265.7867736000001,61.40046310000002,22.4553434,45.33972139999999,78.86769340000002,127.0192794,157.498746,190.062788,210.489348,222.592324,213.660236,220.735418,230.990712,237.177256,229.882978,224.48963,212.702558,185.607196,156.761896,135.92382,119.660946,100.574331,87.19411500000002,80.59895300000001,79.21169499999999,77.336839,74.42282680000002,71.56864080000003,71.67016679999999,68.8513308,66.10915279999999,65.82249000000002,67.37064600000001,65.56027660000001,64.22232760000001,62.90504900000001,61.83167620000001,61.10891120000001,59.0121438,59.67461400000001,64.81302260000001,67.0689754,93.8795364,100.6943752,105.303508,104.802198,104.659826,82.617406,80.30989600000002,77.9739032,76.23103520000002,73.5502662,67.03643339999999,62.4212806,56.47961480000001,48.6465548,43.67544779999999,38.6358226,33.4398506,28.8758126,27.274587,24.5558216,23.3050476,22.3317744,21.342441,19.6175192,18.7834818,16.691639,15.38050930000001,14.18828950000001,12.6528801,10.21553504,9.572296440000002,7.697255420000001,6.155652740000002,4.86022816,4.213459540000001,2.52964482,1.74147554,1.08017402,0.5470214000000001,0.13483988,0.0,0.0,0.0,0,0,0,0,0,0,0,0,0,0,0.0,0.0,0.0
560222>560201,624,624,KBYu,Kingsbury,Jubilee // NB,624,KBYu,Kingsbury,EntEx,Alight-Exit,5939.029186381,63.896257081,646.0282881999999,1236.825029,2419.3597928,1123.330611,449.5892083,0.15308528,0.1580740162000001,1.6590612162,3.283433816200001,7.583285816200001,10.9683741362,17.7803684,22.3105744,27.6320614,34.33477600000001,47.0738652,67.0434702,77.854309,84.59493140000001,81.91844880000001,73.87045459999999,52.34294940000001,40.1973734,31.13603100000001,28.0296178,25.4144376,26.64411680000001,28.4761322,30.3086026,32.3907026,34.5481756,35.6658086,36.99693120000001,38.97239380000001,41.05583900000001,41.9793876,43.807588,47.06457039999999,50.1848838,51.88299179999999,54.9277912,58.6335078,62.19990260000001,65.2813366,70.27320859999999,78.524182,86.797667,92.6696478,102.1252238,113.5163798,122.083297,140.758138,163.137256,193.636094,212.712634,245.227918,255.2789,267.3650700000001,254.611004,243.34818,207.684922,184.615706,146.9299372,121.6738692,105.7196592,90.4033652,82.6073912,77.3095846,72.9941666,64.3927876,65.49955960000001,55.5356476,55.648937,51.9173816,50.2106798,48.25195380000001,46.74259780000001,43.44844380000001,42.27654440000001,37.24942280000001,32.9066966,29.799483,22.9592806,17.17787925999999,13.18722366,8.288371860000002,3.594423460000001,1.57882586,0,0,0,0,0,0,0,0,0,0,0.0,0.0,0.0
560223>560201,624,624,KBYu,Kingsbury,Jubilee // SB,624,KBYu,Kingsbury,EntEx,Alight-Exit,498.6186994140002,8.858473688,207.74667474,148.1870587,96.39433756000003,31.99125588,5.440898845999999,0.122068762,0.221137154,0.515297514,0.8869710740000001,1.280185192,1.561672992,1.8892734,2.3818676,4.35940784,9.03077904,21.69392476,31.24094516000001,34.315434,33.4172316,29.77356334000001,17.74937764000001,8.691657840000001,5.988757840000003,5.997351440000001,5.48824424,5.96788302,6.065766320000002,6.22788312,6.60197252,7.04828258,6.791754200000002,6.867013900000001,6.582999900000001,5.966765840000001,5.739051840000003,5.643358440000001,6.025903980000002,6.400348940000002,6.43805808,6.047673560000002,6.07400736,5.77414802,5.53548672,5.30520214,5.62267606,5.828526099999999,6.368870500000001,6.688199100000001,6.575226460000001,6.842385180000001,6.718633720000001,6.958187120000002,7.162279060000001,8.657248800000001,9.02711808,9.859114199999999,9.574640400000002,9.433271140000002,8.254761340000002,7.73378666,6.17291186,4.960739299999999,4.2470371,3.5501065,3.07969014,3.01681014,2.92884618,2.39326428,2.18333844,1.6752576,1.48340082,1.30024906,1.17251632,0.94177908,0.9014787,0.8371736000000001,0.69003515,0.5344173392,0.5117656232000001,0.4042959752000001,0.2068475252,0.1700516552,0.148405166,0.080278362,0.01437067,0.0,0.0,0.0,0,0,0,0,0,0,0,0,0,0,0.0,0.0,0.0
560301>560322,649,649,NEAu,Neasden,EntEx,649,NEAu,Neasden,Jubilee // NB,Enter-Board,911.5902466352562,39.5567313,269.2559832,269.3599955,257.3164038,61.99501758000001,14.10611525525593,0.0,1.04483232,1.89138546,3.81195606,5.32816646,7.00462626,8.589527740000001,11.886237,16.8570612,20.5482094,27.4565008,33.5925636,33.6274816,31.5607142,29.40058700000001,23.1017454,16.2355648,13.9690252,11.8049598,11.1015702,11.0058352,10.7018362,11.2925514,10.806279,10.9164774,10.5309606,10.7662442,10.2659098,9.726951,9.025913599999999,9.8084902,9.997412400000002,9.704307600000002,10.5301428,10.5793037,10.3187149,10.6544929,11.0374059,12.4491051,13.006693,13.4833834,13.3979986,14.5983728,14.7552138,16.6274244,17.8169264,21.7728456,24.9812596,25.88582,26.76565140000001,27.65270420000001,25.543413,21.6776658,19.43736860000001,16.1905184,12.9648064,10.378212,9.1282424,7.578606740000001,6.759113740000001,5.733911340000001,4.807611720000001,3.85178652,3.3582553,2.69556302,2.62513362,2.51120052,2.56738066,2.18840216,2.11371622,1.80949578,1.59879214,1.34576102,1.269751574,1.135463594,0.9522357840000001,0.6729225670511859,0.4932765670511861,0.297461993051186,0.123677793051186,0.05257904305118598,0.05257901999999999,0.0,0,0,0,0,0,0,0,0,0,0,0.0,0.0,0.0
560301>560323,649,649,NEAu,Neasden,EntEx,649,NEAu,Neasden,Jubilee // SB,Enter-Board,3683.139110900001,508.2059258000001,1465.5391064,961.8062014000001,559.960507,148.66531728,38.96205302000001,11.7718344,20.434059,34.70109100000001,50.3796092,68.78154760000001,91.1425566,108.50305,122.492178,131.761854,135.38985,145.638344,152.491096,150.029708,145.310536,141.332678,122.440356,104.299442,90.657976,79.11796720000002,67.0692992,57.27596920000001,51.45392320000001,48.07611000000001,46.0290768,42.06985880000001,40.2227298,39.8579882,38.83289820000001,37.23538120000001,36.75946620000001,36.3248132,35.6173592,35.03481240000001,34.0270434,35.0960284,35.6026484,34.91085,34.72933200000001,36.7381508,37.9170964,38.4976504,40.4485568,43.5620776,45.4863808,46.56270679999999,47.41908240000001,50.42882,54.04889920000001,55.95045280000001,57.30695460000001,57.441788,51.20750860000001,44.04937320000001,37.52771360000001,31.6989348,26.318273,23.4029164,18.9807842,16.2271106,13.1881779,11.7481427,10.35455184,10.19452824,9.78297784,9.46881634,8.717124100000001,8.68987236,7.910314759999999,6.64729368,5.5890168,4.945562380000001,4.34383386,4.152551859999999,3.611735340000001,3.33820386,2.83199984,1.89504696,0.88623976,0.53522736,0.18534132,0.0,0.0,0.0,0,0,0,0,0,0,0,0,0,0,0.0,0.0,0.0
560322>560301,649,649,NEAu,Neasden,Jubilee // NB,649,NEAu,Neasden,EntEx,Alight-Exit,3191.237435300001,68.8484038,419.4620410000001,653.4425668,1149.4447006,586.5226848,313.5170383000001,0.0,0.54830356,2.28010696,4.05134056,7.72982056,11.92899896,18.5383598,23.7714734,29.8969958,34.0417886,37.413459,40.5619866,42.9120812,45.2419432,43.641237,42.271897,34.262875,28.5239358,21.7676002,18.9262416,16.3855262,17.062591,16.248512,15.781265,15.8764592,16.065068,16.5312056,17.4315718,18.5278146,19.4773276,20.4467478,22.36746620000001,24.8305826,26.5298564,28.0288152,29.6086794,30.51608340000001,32.0553786,33.8513586,36.9181086,41.759348,47.47464979999999,51.9313836,57.73676760000001,64.70227960000001,74.0104188,79.089911,89.89084720000001,96.7937852,101.9913072,106.917378,111.4377472,111.239096,110.3510888,106.8279548,96.1928868,84.5487574,70.45298480000002,61.00192060000001,50.74281320000001,45.9231284,43.96531520000001,42.2199898,39.8173532,39.74346060000001,36.3141668,35.8265164,35.96627840000001,35.32502520000001,33.8808202,33.8105016,30.4545806,28.6776352,26.2736524,25.444692,23.0581086,22.97731700000001,19.8156297,15.2997197,10.2743611,6.1411737,2.0838213,0.0,0,0,0,0,0,0,0,0,0,0,0.0,0.0,0.0
560323>560301,649,649,NEAu,Neasden,Jubilee // SB,649,NEAu,Neasden,EntEx,Alight-Exit,1006.72543968,46.69235550000001,254.7280368,245.8203692,296.9643114,127.59715218,34.92321460000001,0.34205982,1.35198138,2.5098389,4.4469151,6.1122765,8.69549068,11.08081212,12.152981,15.4950026,20.3130168,25.1466296,26.436098,29.95526600000001,29.2140036,25.9204893,21.2512431,19.6585111,15.7358092,13.288639,12.3133285,11.3372755,10.1502753,9.83268612,9.15872042,8.72350542,8.605402620000001,8.08828222,7.79226762,7.453333580000002,7.02415924,6.527728499999998,6.60233318,7.19869166,8.2966328,8.35786034,8.404552599999999,9.17235932,9.77673352,9.61895672,11.37149252,14.1914898,16.8319192,19.495225,21.808486,22.5659826,22.37344340000001,21.0399782,20.774618,22.5899752,24.7179202,28.8708518,29.803189,30.7443316,29.1529532,25.3202885,19.0107797,16.2136499,12.6631455,10.5222743,10.3849808,10.3871968,11.3672504,11.1711062,10.4331666,9.7385349,9.072552499999999,7.964407440000001,7.67888684,7.256321840000001,6.708340140000002,5.8142038,4.795921099999999,3.46371232,2.326622710000001,1.72192551,1.314187716,0.7881200760000001,0.399788456,0.283084266,0.05098666600000001,0.0,0.0,0.0,0,0,0,0,0,0,0,0,0,0,0.0,0.0,0.0
560101>560122,679,679,QBYu,Queensbury,EntEx,679,QBYu,Queensbury,Jubilee // NB,Enter-Board,158.921497,10.44373795,55.72480090000001,47.39185457000001,29.05579748,12.197261722,4.108044377999999,0.09806887,0.31756931,0.66216973,1.27490313,1.38442803,1.73924074,2.37973204,2.5876261,3.8680969,5.17889708,6.279338900000001,6.850084360000001,7.363882880000001,6.39712302,5.365197440000001,4.28243816,3.370569560000001,2.710775900000001,2.09668486,1.96171184,1.74876188,1.65229352,1.41431942,1.36861376,1.63880668,1.68711456,1.539829,1.75057212,1.7637099,1.60939704,1.57679284,1.5216884,1.5167403,1.48549542,1.26490291,1.33127085,1.62598725,1.87575489,2.38552967,3.280101580000001,3.4547769,3.60574846,3.370028420000001,2.9236188,2.45488582,2.419809760000001,2.26023662,2.29826908,2.23856076,2.20405116,2.49079266,2.65487176,2.6044266,2.731747920000001,2.54639748,2.15174786,1.67319896,1.57307386,1.38075032,1.53861166,1.43739422,1.275744242,1.073113358,0.933022508,0.486576916,0.275680876,0.268746814,0.281347988,0.326047508,0.319744806,0.318983966,0.348189852,0.5054842620000001,0.514880172,0.5083778760000001,0.4647294940000001,0.4124523880000001,0.196714492,0.095514752,0.042211082,0.027356864,0.027356864,0.0,0,0,0,0,0,0,0,0,0,0,0.0,0.0,0.0
560101>560123,679,679,QBYu,Queensbury,EntEx,679,QBYu,Queensbury,Jubilee // SB,Enter-Board,5203.311266799999,1260.241666,2000.8274326,1141.5524518,563.2191176,199.0192936,38.45130520000001,25.40913,49.53516,95.397,155.599008,201.546552,231.644718,254.088082,247.022016,222.926568,208.745954,212.08877,205.687244,201.467536,196.142498,183.21425,155.248695,131.261037,111.2747018,95.13218979999999,77.637989,68.61761200000001,62.741978,59.3594932,56.60088320000001,53.842111,51.61217980000001,50.0977206,48.21881860000001,43.6168174,43.093949,41.7137402,42.612196,40.71327940000001,40.8498406,41.22675600000001,42.9724556,42.0165184,42.229553,42.994919,44.465125,46.868147,45.2768476,45.401667,44.4098442,47.09919420000001,42.5961516,47.56992100000001,50.172611,51.52481300000001,50.36576000000001,51.6284964,48.9210234,46.11742,47.24729439999999,42.60809620000001,37.3683364,31.3032032,28.0969262,22.083982,17.76110480000001,17.349475,16.1065788,14.6083368,13.0181508,11.9103744,9.875678599999999,9.0810596,7.824423400000001,7.181078400000001,6.69884268,6.31431656,5.560769420000002,4.31038428,3.04649818,2.23591028,1.4069224,0.8554855400000001,0.50065788,0.34043958,0.0,0.0,0.0,0.0,0,0,0,0,0,0,0,0,0,0,0.0,0.0,0.0
560122>560101,679,679,QBYu,Queensbury,Jubilee // NB,679,QBYu,Queensbury,EntEx,Alight-Exit,5107.03649214,53.91676334,374.4695014,1003.307451,2223.6138214,1071.1826348,380.5463202000001,0.169799208,0.296393428,1.110164628,2.767325028,5.332587028000001,10.22673902,13.9886708,20.0250842,26.9768204,32.6029184,33.88753120000001,38.69743320000001,39.0108572,37.9158216,33.4197322,32.5878586,28.358508,25.4861858,22.2995988,23.226236,23.517904,23.8444538,24.8229978,26.1331078,27.381336,27.9312582,29.3871256,30.50769780000001,31.19675040000001,32.2865516,32.932029,34.1034958,36.4112032,39.28356960000001,42.36890900000001,44.6854596,48.58765820000001,52.63371100000001,55.25710260000001,58.224918,61.46893280000001,67.8300078,72.09707300000002,80.4141984,95.6808644,107.340635,117.554544,150.964356,170.5609040000001,189.234964,221.602618,240.682046,244.249842,246.672248,235.255496,203.815304,183.030104,151.982612,126.286406,106.141142,91.753202,79.27914200000002,66.7300228,61.13399279999999,54.43854400000001,54.16588100000001,47.63348300000001,48.6081032,45.140434,45.23048880000001,42.51758300000001,41.2809798,35.6448404,33.0522966,29.7102852,25.6721206,22.454495,19.312604,16.3167224,10.8723258,7.1324432,4.398758,1.8099434,0,0,0,0,0,0,0,0,0,0,0.0,0.0,0.0
560123>560101,679,679,QBYu,Queensbury,Jubilee // SB,679,QBYu,Queensbury,EntEx,Alight-Exit,162.095994556,7.496128146,29.48478044,52.85285688,55.13569560000001,14.31756411,2.808969380000001,0.224432704,0.429617884,0.495088574,0.7482851939999999,1.11341763,1.30396335,1.40435881,1.776964,2.10579066,2.5183747,2.69318594,3.261738980000001,3.45911762,3.354832760000001,2.8819995,2.609052960000001,2.07267902,1.67772824,1.4441334,1.40614666,1.34051162,1.2034039,1.23429354,1.40135124,1.38964072,1.41134512,1.50874582,1.49116224,1.27008404,1.4588676,1.57665174,1.59788922,1.8896991,2.09338608,2.07983618,2.16788852,2.13493904,2.06060336,2.09469524,2.37739348,3.41464104,4.82131672,5.317289260000001,5.517222060000001,5.562882340000002,5.566770580000001,4.995557460000001,5.133446920000001,5.168783860000001,5.13430446,4.23411252,4.20635604,3.93832838,4.0620926,3.64792968,3.48513076,2.72073022,2.16133458,1.6182361,1.48937438,1.2975678,1.0952953,0.95681612,0.81885945,0.70991071,0.53119875,0.48750236,0.43073834,0.47480714,0.4607425100000001,0.45484455,0.409009928,0.343458722,0.2199557680000001,0.16693383,0.11326209,0.075419342,0.058491048,0.032044452,0.0,0.0,0.0,0.0,0,0,0,0,0,0,0,0,0,0,0.0,0.0,0.0
60101>60122,696,696,SJWu,St. John's Wood,EntEx,696,SJWu,St. John's Wood,Jubilee // NB,Enter-Board,1956.08933434,16.33817524,232.216491,570.5592834,774.6704312,280.9677925999999,81.3371609,0.07263116800000001,0.221756208,0.5308559279999999,1.398380128,1.863945088,2.58222354,3.9165463,5.751836880000001,8.794371680000001,13.09758272,20.0353505,27.6725097,30.0722614,29.2630222,26.9903404,21.3398912,14.7792789,13.0612663,13.4653213,13.6452947,13.6683365,13.7903428,12.8189518,12.442852,13.1298624,13.6601245,14.4423527,16.2174349,16.4013895,16.78624090000001,17.79096400000001,18.917604,19.395621,20.1374574,21.2481526,22.570027,23.8169046,25.138304,29.1065346,35.48676800000001,40.96076340000001,44.9414266,51.7454936,55.9453746,59.1562706,61.79647760000001,70.06794160000001,72.5491136,79.021251,73.98469899999999,77.023751,68.87387939999999,63.4337838,52.8058928,52.7724332,43.1849376,38.2603156,33.3221774,30.4036738,26.55632940000001,25.67665,24.6296424,23.241371,20.8468544,17.7166654,14.5052992,13.3840341,12.4247799,11.6107405,11.0157413,10.5069372,9.8559527,8.523277499999999,7.59606282,6.52221498,5.267277699999998,3.64737926,2.99133786,1.97868814,1.24532618,0.57622476,0.0,0.0,0,0,0,0,0,0,0,0,0,0,0.0,0.0,0.0
60101>60123,696,696,SJWu,St. John's Wood,EntEx,696,SJWu,St. John's Wood,Jubilee // SB,Enter-Board,8311.475928659998,174.33460166,2270.304406,2696.799037,2217.799306,737.0780752,215.1605028,2.70797444,5.04513704,8.32417524,12.74485824,19.6023791,28.06281300000001,40.8858494,56.96141520000001,82.04283819999999,112.8261718,157.860805,199.452114,238.345716,265.862756,270.441728,251.11251,223.492976,187.244358,151.746422,129.876011,115.494907,105.596667,103.911436,102.82076,101.8256642,99.7696822,101.2269722,102.9162792,103.2081992,102.06655,103.7419892,101.1135092,98.7055932,96.3044892,97.4526152,101.114152,104.437538,107.188934,117.730386,128.48659,133.222068,144.448134,160.11633,163.899592,170.373736,178.791366,196.408798,201.858438,228.38226,222.42168,223.21953,201.628474,186.153484,148.917224,140.131569,119.512747,104.822709,88.39109460000002,81.4482614,72.63045640000001,65.6230834,60.9152734,57.16043240000001,50.5187966,42.4394702,37.6676124,37.060399,38.4004864,36.18331420000001,35.5607648,34.992616,29.8284494,23.002783,18.7765412,14.28682851999999,9.1176155,6.1470192,3.8290636,1.9233206,1.01363908,0.4985477,0.0,0.0,0,0,0,0,0,0,0,0,0,0,0.0,0.0,0.0
60122>60101,696,696,SJWu,St. John's Wood,Jubilee // NB,696,SJWu,St. John's Wood,EntEx,Alight-Exit,8383.8291225,297.40366,2145.4256056,2231.9137324,1907.0801358,1233.8857024,568.1202863,0.0,1.6991702,5.490826599999999,14.136564,32.304662,54.55578000000001,79.8903418,109.3263154,156.064062,188.557912,215.85258,241.412354,252.437342,237.753514,214.45727,181.97177,146.719186,121.0113632,99.3982582,89.78999420000002,89.5449662,89.2633902,87.04716900000003,82.95031000000002,81.30788800000002,83.03731400000002,82.58194300000002,83.17557500000002,87.69707700000002,91.271663,88.468179,88.33972400000002,90.817992,89.02793199999998,84.90903800000002,85.200006,87.94444399999999,90.93018199999999,94.2364528,102.4026468,111.5738738,117.8899718,119.7669978,122.528997,131.137225,133.150926,140.600358,147.738732,159.245818,167.074822,172.610936,176.806998,177.743386,176.973624,166.876768,157.1205428,145.1780708,139.3560708,126.5425808,114.4697068,108.717067,100.533211,90.101142,84.27588,81.90236080000003,81.09520780000003,80.1703578,81.5440468,83.2785468,84.32123200000002,79.0977188,73.29159,65.33005299999999,53.9459078,39.6961482,31.6503204,24.4447139,14.9486309,8.7103001,6.2864877,3.1186367,0.0,0.0,0,0,0,0,0,0,0,0,0,0,0.0,0.0,0.0
60123>60101,696,696,SJWu,St. John's Wood,Jubilee // SB,696,SJWu,St. John's Wood,EntEx,Alight-Exit,2199.046051874001,163.826491584,983.7677970000001,596.2453158000001,312.7679424,107.21301922,35.22548587000001,0.283172586,1.339285386,3.648011886,10.790493886,19.90473304,29.8610863,40.6052925,57.39441600000001,75.418654,95.928671,111.763117,121.8168828,122.311466,109.7459766,90.4444006,73.1174842,58.66052740000002,47.62626820000001,40.78534560000001,36.1490036,33.0482292,31.3111824,28.4942144,27.02926840000001,26.4177128,25.6513682,24.9133924,24.3670174,25.751785,25.9623326,24.8285784,23.84145980000001,22.8821074,20.7724288,19.1350376,19.3284212,19.9725168,20.768789,21.9209988,23.1706726,24.3286706,25.3843698,26.966417,29.9983452,30.6459246,30.8250136,31.1179442,29.548227,26.9891454,26.0661206,26.1684836,25.3307534,24.117524,22.2535714,20.4969438,19.2082908,16.8837702,15.9568756,14.3728924,13.04051912,10.3263112,8.6931352,6.52584412,5.43240488,4.68452476,3.97545918,3.52575674,3.79552582,4.41241306,4.539200660000001,4.51207556,5.6429508,4.979848,3.770829720000001,2.93024008,2.485940090000001,0.774050518,0.4307185180000001,0.368717198,0.276933038,0.101568628,0.0,0.0,0,0,0,0,0,0,0,0,0,0,0.0,0.0,0.0
590101>590123,714,714,STAu,Stanmore,EntEx,714,STAu,Stanmore,Jubilee // SB,Enter-Board,5357.8922035,624.7944852,2228.5275036,1296.6532646,937.2894598,221.6415158,48.98597449999999,13.3796514,24.1791844,40.52116840000001,66.63466240000001,85.77679959999999,107.428885,131.162168,155.711966,178.06758,226.551684,260.399144,273.118508,264.634026,248.155208,200.934404,157.104165,129.990017,113.132171,95.796335,80.6442616,75.50936659999999,67.17492800000001,63.6287196,60.01908900000001,59.81274240000001,57.86574360000001,57.0913814,55.45664620000001,54.28604380000001,52.1357132,50.5254088,49.83416279999999,49.2156284,47.362827,47.44444620000001,46.40858740000001,43.9644662,43.0762532,44.21986560000001,45.31501400000001,49.479196,52.9999544,58.11449739999999,65.7125834,71.49034240000002,79.18631640000001,90.155746,96.160066,97.97783199999999,96.66157520000002,91.21527720000002,81.2516842,72.57135720000002,61.91430440000001,53.3773272,45.3276316,36.49313220000001,28.4770992,23.2825458,20.1032532,16.553772,16.137426,16.3094012,15.9736814,13.9727783,12.8021573,11.6772091,9.859060100000002,8.875993000000003,8.1968131,7.7492961,6.38641332,5.29576236,4.46448766,3.45825526,2.06960006,1.38781744,0.8403762000000001,0.26116,0.0,0.0,0.0,0.0,0,0,0,0,0,0,0,0,0,0,0.0,0.0,0.0
590122>590101,714,714,STAu,Stanmore,Jubilee // NB,714,STAu,Stanmore,EntEx,Alight-Exit,5340.2172732,95.11209640000001,675.5278774000001,1097.4017544,1825.197054,1101.7612456,545.2172454,0.0,0.25244824,1.96573324,6.248578240000001,10.56023984,17.60134784000001,24.3232416,34.16050739999999,42.28146720000001,52.01577760000001,60.58545960000001,68.5359176,75.82005079999999,77.901382,73.1292388,64.4899782,56.24388760000001,43.14661580000001,32.205998,29.1721042,26.238893,25.8622636,25.0845422,24.9593992,26.0604028,27.41742600000001,26.7615942,27.848609,31.3912806,31.1117784,33.269051,35.80957340000001,39.5880458,41.943443,44.9604566,47.86475780000001,51.15388060000001,53.0028926,56.29452380000001,61.7699338,72.70546460000001,88.5026732,97.8711072,99.92976200000004,111.93011,116.805388,123.832716,127.902084,151.340256,164.663416,171.293574,166.838746,183.099344,175.73545,171.062544,160.693426,155.776518,140.702482,128.983378,106.0306448,100.16775,87.55694,75.89003120000001,67.58631199999999,66.19182520000001,59.332568,59.66179200000001,53.88100440000001,55.76402760000001,53.649739,54.44686,50.355272,51.34303360000001,49.17349000000001,49.09845660000001,46.82270060000001,40.274003,35.361099,26.304707,16.636787,8.308810000000001,6.301987599999999,1.3762724,0,0,0,0,0,0,0,0,0,0,0.0,0.0,0.0
110501>110514,719,719,SFDu,Stratford,EntEx,719,SFDu,Stratford,Central // EB,Enter-Board,5906.5897916,64.52070080000001,411.6768680000001,1931.9886692,1977.907746,1209.7916134,310.7041942000001,0.0,0.0,2.094319,4.953203,7.662769000000001,10.9160092,16.98825080000001,21.9061498,29.3507838,35.95396500000001,43.17450880000001,46.37357520000001,45.6233644,40.30655940000001,35.2264908,30.3728526,26.529221,25.7897602,25.7357892,27.2399976,29.1920426,31.2119514,33.7329658,38.30742679999999,42.50191120000001,46.0598794,52.1118782,57.8354622,62.6338032,67.32781779999999,73.0584408,77.2862848,82.660944,89.75436200000001,95.532792,100.9157112,107.6675352,112.0745652,113.4463902,118.9337082,120.711393,119.864133,124.743399,134.423872,137.600178,146.926298,152.537046,163.534406,166.129564,172.836008,176.044466,185.29247,182.088092,173.817156,166.33745,154.764612,139.52441,123.632406,117.046716,111.292198,103.861644,100.478764,101.2851428,97.3815568,87.70151880000002,84.82969279999999,77.45787680000002,65.29968740000001,55.8231394,47.551468,39.4351546,31.3387574,26.0260004,22.8649008,20.2441148,16.7414218,15.4195094,12.99129412,9.34273572,7.375571120000001,4.31383152,1.23629512,0.0,0,0,0,0,0,0,0,0,0,0,0.0,0.0,0.0
110501>110515,719,719,SFDu,Stratford,EntEx,719,SFDu,Stratford,Central // WB,Enter-Board,21624.17985600002,1067.041239,5100.55103,7131.657598,5356.048119999999,2330.3916312,638.4902378,7.2979614,23.6819914,58.38273340000001,92.6202394,149.4953854,190.394308,252.365308,292.803312,332.89138,353.076048,403.309174,459.8106740000001,480.04572,498.16193,513.5806200000002,495.436346,447.290192,411.388384,370.63283,334.927732,314.429556,280.106686,275.367374,278.26729,274.562104,263.813246,265.165156,267.94416,267.033288,267.35402,269.376282,274.692262,275.841054,277.533084,281.427812,291.297868,291.4257720000001,293.32709,312.4225300000001,325.2050000000001,336.21087,351.9146900000001,392.3698540000001,404.57055,440.0304860000001,460.0339640000001,492.1402240000001,500.744634,514.506954,500.1242760000001,494.529862,465.462476,424.2917080000001,378.3303220000001,356.3659780000001,329.4872360000001,294.1041380000001,265.83248,251.031878,216.70141,189.23801,181.20137,177.682522,166.19136,156.812672,153.92054,146.07552,131.5997312,119.6012772,107.9061812,95.04586220000002,79.90969860000001,67.636326,57.1476054,47.2662466,31.0148856,19.4898132,9.5788886,3.8934532,0.0,0.0,0.0,0.0,0,0,0,0,0,0,0,0,0,0,0.0,0.0,0.0
110501>110522,719,719,SFDu,Stratford,EntEx,719,SFDu,Stratford,Jubilee // NB,Enter-Board,20273.3841794,1063.1629114,2989.198782,6452.748178,5127.758082,3720.222736,920.2934899999999,40.8355396,62.13556240000001,86.18121440000002,113.0338274,166.4081108,178.8416548,200.765352,214.96165,228.535558,212.230162,236.234484,266.610644,294.157658,297.994682,308.23222,285.45877,248.554358,217.191364,205.326004,188.672878,181.586754,175.43218,174.468332,168.882836,167.972066,171.93555,182.824218,199.100988,213.344394,225.743416,247.98596,276.283454,292.67409,309.645604,321.671868,333.8247,336.8642940000001,340.6611660000001,346.1426740000001,359.9668340000001,358.062188,352.8782280000001,354.1304680000001,360.665916,371.488666,385.822242,425.2172620000001,453.271868,470.4044440000001,471.6597140000001,477.9538240000001,456.0966340000001,429.4550200000001,400.630574,401.50573,384.252104,357.8002840000001,337.29534,330.52454,314.44218,301.6960200000001,305.757312,332.7032900000001,330.572828,307.708476,291.2827440000001,277.278378,233.161344,202.438577,168.337181,140.976565,109.7208762,85.3251752,69.22117879999999,60.25180380000001,41.52236180000001,24.0524246,13.5324936,4.914853000000001,0.0,0.0,0.0,0.0,0,0,0,0,0,0,0,0,0,0,0.0,0.0,0.0
110501>110576,719,719,SFDu,Stratford,EntEx,719,SFDu,Stratford,Elizabeth Line // EB,Enter-Board,3387.683770028903,83.180320916,332.9533704,1037.713698,1217.262597,589.7376912000001,126.8360925129041,0.989735744,2.965681544,5.459385944,8.525631944,12.12916414,13.575135,17.8471942,21.6883924,26.1909834,31.5160254,36.54069200000001,37.445963,37.2074292,35.1243172,29.78188540000001,25.371517,21.5114054,18.9884142,16.9090414,16.3656968,16.6331166,17.3864926,19.556023,20.8330908,22.8634312,27.01888820000001,30.6984152,31.7984188,33.59252040000001,38.25809279999999,40.64442460000001,41.21448520000001,42.719757,48.7399748,52.9914058,53.2437444,57.04184400000001,63.43789060000001,65.17810440000001,60.87946580000001,63.68722620000001,64.0570016,58.38627560000001,66.8536084,67.58473020000001,82.38611220000001,91.1641304,105.1669024,104.6725804,117.9369972,114.7861612,120.26126,108.0767106,113.3046586,102.0645474,89.85780640000002,74.582751,74.07815360000002,56.55756160000001,51.99373680000001,48.18092979999999,45.94476120000001,46.85088680000001,43.74162879999999,41.6636862,40.3371702,36.81042960000001,28.9959956,25.12384460000001,21.6100034,17.273485,13.5468352,11.28130852,9.730644520000002,8.60010006,7.00837236,5.070543942,3.857249822,2.471002822580812,1.248025082580812,0.01467718258081206,5.808120600000002e-10,5.808120600000002e-10,0,0,0,0,0,0,0,0,0,0,0.0,0.0,0.0
110501>110577,719,719,SFDu,Stratford,EntEx,719,SFDu,Stratford,Elizabeth Line // WB,Enter-Board,13176.62772400001,844.884237,3829.550876000001,3506.648592000001,3317.431486,1346.530168,331.582365,48.026532,65.787555,91.066023,107.583153,117.834237,118.818219,143.223226,152.545292,194.780946,198.192184,256.2726160000001,302.9212520000001,404.566378,424.0899980000002,469.95304,447.58014,402.296104,298.998118,246.547104,183.352996,147.457854,122.816866,116.795968,113.321544,118.281502,117.801618,129.44286,127.227718,133.641672,131.86022,137.639116,136.08766,143.01515,141.569376,151.285896,151.914454,157.182792,153.291462,161.37921,162.85062,172.968402,170.728806,193.61608,214.471746,226.867492,239.615836,286.557726,306.1446860000001,320.97507,329.133502,334.9669540000001,311.013374,280.884742,247.009318,228.251124,206.011662,178.677014,159.861848,145.45693,127.244708,110.263826,100.263976,102.0674308,94.2505868,90.49758680000002,85.32113879999999,82.89535079999999,69.72977200000001,66.127488,58.267782,49.83267960000001,40.2253436,32.7722236,24.8732588,19.8153728,15.7265526,10.0976946,7.6347086,4.1401994,2.0690614,0.0,0.0,0.0,0,0,0,0,0,0,0,0,0,0,0.0,0.0,0.0
110501>110582,719,719,SFDu,Stratford,EntEx,719,SFDu,Stratford,NR Great Eastern // DN,Enter-Board,459.7197777090511,7.552762212000001,26.070554584,211.86758347,91.70562356000002,102.4912459,20.03200798305107,0.028762824,0.028762824,0.8348782240000001,1.064726904,1.4074642,1.51065488,1.7176012,0.959911156,0.9883534559999999,0.8581396159999999,1.396461196,1.503459196,1.79350724,1.82368296,1.818489,2.56080128,3.367733840000001,3.16108726,2.97966075,3.819178790000001,3.52570755,2.528184378,2.671805658,4.492553068,5.755287308000001,4.836943948,5.05371148,7.161028180000002,7.81589018,5.760612879999999,6.325409179999999,9.29781114,10.11098274,7.922376340000001,8.435635640000003,12.2171198,14.1377422,11.39363256,12.46739866,15.59679766,16.34224706,11.96182096,13.1059292,12.9509557,10.51361178,6.82805138,7.51098908,7.703185680000002,8.230721280000001,7.990673720000001,8.35679432,7.726876799999999,7.290614000000001,6.718192800000002,7.150048580000001,5.685864140000001,5.808749000000001,4.927264220000001,4.11102148,7.38988458,7.316992300000001,11.10574376,11.19036882,13.35690706,11.15120336,11.11695416,6.69203212,8.32412504,5.799630288,3.165356858,2.986981166000001,2.925644246000001,0.738542246,0.6581991600000001,0.53912329,0.913962922,0.5828458820000001,0.5828458826102129,0.5694380206102129,0.5694380206102129,6.102128000000003e-10,6.102128000000003e-10,0.0,0,0,0,0,0,0,0,0,0,0,0.0,0.0,0.0
110501>110583,719,719,SFDu,Stratford,EntEx,719,SFDu,Stratford,NR Great Eastern // UP,Enter-Board,1326.991216599999,237.854453,80.30042300000002,554.641982,318.0140522,98.01273568000002,38.16757071999999,26.527505,28.56489400000001,31.3299498,38.8550438,39.8854518,26.5104808,24.4730918,21.708036,14.182942,0.0,0.0,0.0,0.0,0.0,0.0,0.0,0.0,14.00528100000001,22.371327,29.740873,37.00520640000001,41.19824680000001,31.5425184,26.2227222,24.0182502,20.9335852,19.962532,21.1617908,23.205555,22.419736,23.0825846,25.050915,22.552233,20.495428,22.2336878,20.5424308,18.1122438,17.94588520000001,19.2626816,16.6139768,18.7929124,19.3277242,21.3907294,21.5684064,24.72556,23.309097,24.6713152,25.7633362,30.9796724,31.3282716,32.426912,32.7478978,31.77389800000001,24.1021654,19.4470746,16.738852,14.2916188,10.76954688,10.03453696,9.14988796,8.489519959999999,7.44702236,7.255596880000001,7.5351778,6.813919100000001,6.2017413,5.41759216,4.60657552,3.73402672,3.91971962,3.71060942,3.705976660000001,3.3966064,3.8748656,2.9756084,2.153114,1.4534803,1.2225674,0.0,0.0,0.0,0.0,0.0,0,0,0,0,0,0,0,0,0,0,2.6736654,2.6736654,2.6736654
110501>110584,719,719,SFDu,Stratford,EntEx,719,SFDu,Stratford,NR Weaver // DN,Enter-Board,4774.650478,348.173954,1258.6559612,1301.9339794,1242.1030126,534.6904434,89.09312739999999,0.0,12.677402,12.677402,12.677402,48.209498,48.209498,106.861376,106.861376,162.24987,126.717774,182.9815,111.65222,143.880824,105.250732,115.1444714,74.90168340000002,79.70272360000001,58.89204100000001,46.903593,50.37852879999999,37.5762852,39.657497,33.69091220000001,42.47476420000001,38.06897300000001,42.4164566,43.0610326,48.12212200000001,43.67566400000001,46.0992256,48.78623280000001,57.00620079999999,55.507932,58.4823054,59.53399920000001,65.115778,59.1254174,65.55883100000001,65.3626336,66.220771,58.40897099999999,64.3976296,65.6590416,97.92530359999999,100.92164,122.111208,145.00522,128.2962372,105.1504922,112.4433938,120.7433258,82.10421980000002,100.5508178,98.9519948,75.36648000000001,50.45798320000001,59.32607520000001,50.7793422,37.25336040000001,47.337495,41.84819140000001,42.2310782,43.8583646,48.0767874,44.57719340000001,44.46403640000001,41.34995260000001,33.58856660000001,27.5194802,23.9106524,16.9089458,10.7720508,7.0062854,2.9757128,0.0,0.0,0.0,0.0,0.0,0.0,0.0,0.0,0.0,0,0,0,0,0,0,0,0,0,0,0.0,0.0,0.0
110501>110589,719,719,SFDu,Stratford,EntEx,719,SFDu,Stratford,LO Mildmay // WB,Enter-Board,7780.798825999998,531.7607610000001,1621.640082,2132.094446,2214.0846218,1004.9819852,276.23693,5.514936,11.3440834,24.9703574,48.4983914,79.3213734,103.7950334,123.442412,134.874174,140.747742,138.884534,143.087762,153.482754,156.8413320000001,156.170642,151.498438,139.57304,128.061637,118.042347,103.228071,92.021783,81.763979,68.4963666,61.2645546,59.96714620000001,59.9092542,58.6247942,61.15080160000001,63.5107096,64.323798,69.73163520000001,75.7168932,83.02413120000001,89.56535720000002,95.5386052,97.78404120000002,105.378152,105.480272,108.016082,109.987058,114.8996848,112.870127,115.887103,128.191767,141.012133,156.854315,167.795176,193.744052,200.634644,205.963712,201.40364,210.483042,196.902634,189.15322,177.058016,167.64063,146.4515408,127.3281908,110.7174428,101.0009468,89.56579079999999,81.78673500000002,83.16842980000001,80.5798838,75.59643179999999,70.2476254,68.69813740000001,61.06523340000001,55.2271374,48.8792734,42.55016879999999,38.02820300000001,30.8567338,26.6252588,25.054198,23.8468514,16.5922142,12.7249306,7.945497600000001,3.1336004,0.0,0.0,0.0,0.0,0,0,0,0,0,0,0,0,0,0,0.0,0.0,0.0
110501>110590,719,719,SFDu,Stratford,EntEx,719,SFDu,Stratford,DLR (Stratford route) // OB,Enter-Board,4008.149243,151.586236,793.6893764000001,1332.364303,1018.5787846,496.7064597999999,215.2240832,4.119908000000001,6.404334400000002,10.6458756,14.8380898,20.440305,23.80719,32.0503622,39.280171,47.0253218,56.04849100000001,74.70571960000002,88.5979422,94.6970722,94.5461482,88.17408540000001,70.95068020000002,54.574411,44.59930300000001,40.0682552,39.7019466,40.00536320000001,38.3163336,38.873628,40.55973340000001,40.10277,39.9792234,44.6663118,47.11482539999999,49.1845062,51.00176379999999,52.151343,52.206157,52.72030820000001,50.58960680000001,53.10409600000001,55.7621546,56.06130100000001,56.9960172,62.7137462,66.98527820000001,72.68457160000001,79.60208440000002,91.520175,99.46300500000001,100.604417,99.64098299999999,102.963973,100.284053,94.46717800000002,92.007894,89.052648,80.515474,71.11554860000003,66.7055856,62.7048156,58.51621479999999,53.9291434,50.474794,47.916139,44.3220836,42.4159398,42.2803358,42.05324459999999,38.735412,38.246828,35.6737026,32.2577098,28.4011272,24.9171924,19.6671078,16.018002,12.1957792,8.6927802,6.28275832,18.40591332,21.01558452,22.95416132,24.29628252,23.7525278,9.570624800000001,5.265977400000001,2.1893916,0.0,0,0,0,0,0,0,0,0,0,0,0.0,0.0,0.0
110501>110592,719,719,SFDu,Stratford,EntEx,719,SFDu,Stratford,DLR (Stratford Int'l route) // OB,Enter-Board,2731.866491600002,99.043037,290.1302096000001,1133.6318405,685.4621758,372.8359778,150.7632509,2.5147663,5.0876755,8.0971465,11.2170741,14.4977558,15.6807434,20.1022938,21.84558160000001,28.477896,31.7289924,33.7171214,31.7359332,31.1179388,23.9128374,20.293264,18.3984104,16.4652465,16.5246715,17.2688083,20.4890897,23.2495223,25.0835784,28.6160918,33.0660918,35.1229798,35.15060740000001,39.65043920000001,40.0643904,44.59745460000001,44.99850500000001,49.4188378,49.4888984,52.82376040000001,49.2238108,52.4347498,53.8033214,58.32167020000001,54.6054696,58.9426156,59.3089322,60.4994822,60.23459939999999,62.10276500000001,62.823267,65.62964500000001,59.48767700000001,61.167411,62.07313200000001,58.50298480000001,54.0784454,59.4333174,52.917463,57.7044362,55.989114,52.5221058,45.95644420000001,45.74588660000001,38.6194654,39.2269452,36.8959608,36.363108,32.6626894,30.575602,25.8913862,24.727321,22.7456228,21.5290526,17.8529378,15.2609114,13.4907624,12.6320126,10.3250416,9.107348199999999,7.975422900000001,10.7420447,14.6138215,15.8984743,14.6856159,14.039733,9.2405254,2.751537,0.0,0.0,0,0,0,0,0,0,0,0,0,0,0.0,0.0,0.0
110501>110593,719,719,SFDu,Stratford,EntEx,719,SFDu,Stratford,DLR (Stratford Int'l route) // IB,Enter-Board,118.698595275,3.064684704,24.374199606,58.8119319,20.650081498,8.695965834,3.101731733000001,0.0,0.0,0.2589946,0.28574694,0.4389436920000001,0.5999908039999999,0.739990024,0.7410186440000001,1.020165784,1.209214012,1.21176898,1.99769224,2.909117220000001,2.786676414,2.505189726000001,3.108948626,2.427650086,1.428909786,1.542027912,2.22683882,2.21552118,2.29108988,2.34441008,2.5595227,2.3564041,2.15240048,2.11490528,2.56120058,2.64589864,2.65681932,2.38239298,2.47114746,2.32946982,2.1779068,1.97583432,2.4629329,2.83257018,2.8853098,2.80029194,3.01507014,2.6530379,2.24704022,2.24267792,2.43807728,2.47586408,2.58217056,2.382134988,2.160677208,1.849951508,1.492312008,1.164056758,1.32081551,1.27948015,1.28331231,1.218156324,1.441150094,1.335134302,1.10100023,0.91013622,0.8472432059999999,0.612501846,0.5478944179999999,0.5887531220000001,0.647959652,0.6004175079999999,0.541644554,0.526160194,0.437120582,0.3926685620000001,0.384556822,0.399603696,0.309486516,0.3208297720000001,0.269635345,0.3368549770000001,0.211597697,0.196007757,0.150749541,0.129741048,0.0,0.0,0.0,0.0,0,0,0,0,0,0,0,0,0,0,0.0,0.0,0.0
110514>110501,719,719,SFDu,Stratford,Central // EB,719,SFDu,Stratford,EntEx,Alight-Exit,20576.954343,338.6167032,3376.5312188,6182.559288,6282.929419999999,2853.332092,1542.985621,0.0,0.0,7.928549200000001,20.8428212,36.88455400000001,60.91476200000001,93.68861800000002,118.3573988,152.5992028,183.443918,211.27524,235.814024,293.6485,333.6190180000001,354.2377340000001,360.111348,372.5845880000001,335.3449940000001,285.4197880000001,258.4328640000001,240.41422,211.55873,197.859874,199.58578,205.029238,206.763174,208.239124,214.107404,224.990336,228.22608,233.073642,240.482616,250.527974,253.348168,256.24533,262.017322,270.298364,273.53725,281.99497,294.835296,331.63947,347.324986,357.499498,392.9604420000001,430.569518,432.9604,473.0283480000001,513.2868560000002,538.0622720000001,570.1656059999999,591.5926000000002,600.104828,597.0041080000002,570.5716679999999,505.8417600000001,459.7414560000001,389.051796,335.489442,284.69213,254.053202,231.024002,217.736742,203.525408,196.235622,192.267464,183.359592,183.497978,182.398714,178.115902,179.4402940000001,176.495606,166.954028,150.92653,140.366613,133.780963,119.605461,100.500431,83.94836860000002,61.9861356,31.9370476,14.4025736,4.5256676,0.0,0,0,0,0,0,0,0,0,0,0,0.0,0.0,0.0
110514>110522,719,719,SFDu,Stratford,Central // EB,719,SFDu,Stratford,Jubilee // NB,Alight-Interchange-Board,2222.696909319905,35.4154794,198.0198538,465.4677567000001,729.6416052000001,596.0428958000001,198.1093184199055,0.0,0.0,1.7683312,2.711938,5.1070484,7.500003400000002,9.103949,9.2242094,12.1697066,12.7848632,13.4364118,15.850332,20.6122492,20.7286092,20.7735272,20.4635534,19.3410676,14.8240868,13.3299602,13.7054866,13.2526952,12.3126756,12.1931782,11.9009092,11.5485408,11.1543582,10.7514256,11.108121,11.8495331,11.1092167,11.5139945,13.2312001,14.1008089,14.0406436,14.4848838,16.14935340000001,17.1874768,21.15714100000001,24.1343946,27.8736008,36.0707984,44.67360360000001,44.21966000000001,49.4495436,51.8534192,50.4459564,47.25684440000001,50.77597100000001,52.7241666,61.25654,66.49732,71.9299152,74.547174,72.2116448,67.3536634,62.78899020000001,55.0518106,50.5159204,48.19622560000001,47.03705360000001,46.61038120000001,49.6489668,50.3945676,53.16937160000001,51.042013,49.03776060000001,47.4052594,47.93356540000001,44.419429,38.7944236,32.0873212,27.225889,19.6254838,13.503306,9.815101563981088,7.530483963981088,3.568966163981088,1.538913963981088,1.63981088e-07,0.0,0.0,0.0,0.0,0,0,0,0,0,0,0,0,0,0,0.0,0.0,0.0
110514>110576,719,719,SFDu,Stratford,Central // EB,719,SFDu,Stratford,Elizabeth Line // EB,Alight-Interchange-Board,7060.5092283,93.68919840000001,529.6468887999999,1310.9101948,3119.949676,1307.702799,698.6104712999999,0.0,0.0,2.6922316,6.451314,11.4880984,18.7188288,23.4703836,30.868342,35.99008079999999,40.9908972,44.02513560000001,55.27582879999999,58.1310648,59.8549684,56.9084476,53.4380322,40.872482,33.27338,26.52144,24.36513140000001,20.4005588,20.772874,19.21177,19.0259148,18.9002858,20.8918076,23.2361462,25.346603,27.5117448,28.1380478,30.6663744,33.3682808,36.496346,40.16324,47.0077046,54.0687374,61.5682874,74.56328140000002,87.718874,100.212784,109.758342,118.657408,124.48255,168.742232,188.159778,206.06284,245.538366,293.278748,257.235444,305.8959220000001,293.671626,308.391494,270.715956,288.4911020000001,226.702668,235.805732,172.843496,159.636348,131.330066,119.372793,100.666653,100.741347,93.2830882,90.0789542,86.27977320000002,84.16636120000003,85.19926720000002,84.10465200000002,83.68210800000001,85.998436,79.64587879999998,73.8204424,70.61772640000001,68.70222840000001,53.9302512,54.44454560000001,48.004412,35.39975826,20.60213426,17.75082746,5.670392260000002,0.34133026,0.0,0,0,0,0,0,0,0,0,0,0,0.0,0.0,0.0
110514>110577,719,719,SFDu,Stratford,Central // EB,719,SFDu,Stratford,Elizabeth Line // WB,Alight-Interchange-Board,35.95305580800002,0.552743066,17.199635781,2.16983435,11.40519668,1.3421657348,3.2834801962,0.0,0.0,0.0,0.023157472,0.06371639999999999,0.14140202,0.162233587,0.162233587,0.557623915,0.6993258870000001,1.002173107,1.1959698,2.14317,1.95511586,2.42588402,2.26709062,2.121460048,1.239776158,1.105130224,0.4869161420000001,0.278594594,0.2095969060000001,0.144080596,0.04823287,0.04471514,0.031297248,0.031297248,0.031297248,0.056033914,0.024736666,0.024736666,0.024736666,0.037757996,0.01302133,0.01302133,0.01302133,0.089674644,0.076653314,0.076653314,0.076653314,0.139205218,0.118647264,0.272247264,0.29392227,0.5058930700000001,0.4796308140000001,0.6307705339999999,0.5233159700000001,0.8596769040000001,0.8498637240000001,1.301407436,1.365548376,1.6303035,1.333231704,1.174535924,0.7510187239999999,0.528508424,0.217607864,0.15664372,0.11318188,0.097099456,0.048233736,0.048233736,0.048233736,0.05453353,0.006299794000000001,0.0117949294,0.0117949294,0.0189803886,0.0126805946,0.0126805946,0.007185459200000002,0.007185459200000002,0.0,0.03515268000000001,0.64495354,0.64495354,0.64495354,0.64495354,0.60980086,0.0,0.0,0.0,0,0,0,0,0,0,0,0,0,0,0.0,0.0,0.0
110514>110582,719,719,SFDu,Stratford,Central // EB,719,SFDu,Stratford,NR Great Eastern // DN,Alight-Interchange-Board,1617.343507833732,4.223171347999999,48.59828814000001,496.53268222,402.6803553999999,451.8004109999999,213.508599725731,0.0,0.0,0.0102148936,0.0672954896,0.5750420896,0.9088131495999999,1.2106413496,1.451164376,1.88811234,1.64149484,1.411365492,1.511275892,2.456191032,2.733016032,2.881850072,5.93893256,7.55661156,6.617645860000001,6.153153400000001,7.808639060000001,6.859864460000002,5.35143318,5.82461322,7.73475092,8.69130172,7.28825658,7.93168066,10.88005846,12.80894646,11.15127046,11.7155771,15.5344363,19.5130051,17.1325573,17.7767349,23.6732092,29.2301184,24.122975,25.419662,42.06212360000001,49.68917620000001,43.5861854,44.5144818,48.04026380000001,34.3978044,19.8816578,25.0511212,25.80893720000001,24.9839914,25.7424576,38.3309342,38.91196679999999,43.0523858,44.1443884,43.077347,39.2973636,33.86668839999999,29.2140898,26.0167608,35.8689016,30.8897284,38.0564648,37.1748404,47.5137966,43.6313848,43.517436,36.1374222,49.9128972,41.247771,35.7418974,34.9280126,34.89760379999999,18.2801503471462,13.97269774714621,8.826634965146201,8.736132565146201,4.232809965146199,4.635051077999999,3.611537878,3.59381706,0.40224166,0.40224166,0.0,0,0,0,0,0,0,0,0,0,0,0.0,0.0,0.0
110514>110583,719,719,SFDu,Stratford,Central // EB,719,SFDu,Stratford,NR Great Eastern // UP,Alight-Interchange-Board,54.26165233636,4.16636468,0.5196214680000001,19.254705557176,11.935487392864,9.28410180132,9.101371437,0.0,0.0,0.5126423999999999,0.63587788,0.8826217000000001,0.8826217000000001,0.8826217000000001,0.3699793,0.2467438200000001,0.0,0.0,0.0,0.0,0.0,0.0,0.0,0.0,0.04500376599999999,0.107911746,0.119962136,0.1255575674,0.4413479874,0.6187010814,0.6546744114,0.7824451014000001,0.7774773957200001,0.7841158557200001,0.58771627972,1.01608750972,0.8764972930399999,1.02889327532,0.9695029353200001,1.17188727132,0.6562985653200001,0.7667639100000001,0.8116324420000001,0.9831277820000001,0.801033694,1.01677266,1.012689718,1.182867558,0.7484555714319999,0.7023059057719999,0.737853785772,1.020100099772,0.7976410797720002,1.07131968634,1.20569744,1.077118494,0.847068294,1.017347514,1.046141134,1.115472174,0.98123567366,1.00311826366,0.7532275396600001,0.7474871596600001,0.5700120976599999,0.6124447339999999,0.509172424,0.8233180880000001,0.5805791600000001,0.5951956040000002,0.8878625340000001,1.059790254,0.8670943940000001,1.033284642,0.99786071,0.7655071040000001,0.6832784159999999,0.5028434334,0.5735614134,0.9015442034,1.4559415494,1.2888228574,1.28180848,0.99078544,0.6572785400000001,0.0,0.0,0.0,0.0,0.0,0,0,0,0,0,0,0,0,0,0,0.0,0.0,0.0
110514>110584,719,719,SFDu,Stratford,Central // EB,719,SFDu,Stratford,NR Weaver // DN,Alight-Interchange-Board,1366.381143996,93.527219248,433.894778848,316.1591724,307.1191909999999,169.9833881,45.69739440000001,0.0,0.0,0.0,0.0009514112,16.6076302112,16.6446573952,30.0427413952,30.2312388352,49.818501424,33.314372474,54.54019129000001,41.213943904,56.036242464,44.68258206399999,46.523133614,27.492062814,31.49831380000001,18.7120762,14.2341934,15.8291654,16.3304438,14.2845874,14.8491042,13.2523294,11.3811094,10.4423076,9.7912962,9.16668,8.718018400000002,9.4481884,10.4080472,11.985983,12.2394084,13.6846756,13.1718872,13.0245918,12.7832196,13.2149546,12.6201768,14.0862272,14.821207,16.550489,17.573548,22.3306922,25.9393476,28.4752774,31.956546,28.0838676,28.3477968,26.3345392,28.751647,20.823313,27.328613,24.2334432,19.28776,17.5570402,19.6911874,17.4840742,15.164071,17.2391059,12.6738147,13.1776161,11.0065967,12.1689217,12.478134,12.9298494,12.6737484,13.2962686,12.3842902,11.6356282,9.1850912,6.8032436,4.053555999999999,1.6355852,0.0,0.0,0.0,0.0,0.0,0.0,0.0,0.0,0.0,0,0,0,0,0,0,0,0,0,0,0.0,0.0,0.0
110514>110589,719,719,SFDu,Stratford,Central // EB,719,SFDu,Stratford,LO Mildmay // WB,Alight-Interchange-Board,1515.8918942,80.54678220000002,331.2804160000001,398.0207123000001,392.0627964000001,224.3087892,89.6723981,0.0,0.0,0.8337306000000001,6.552597,12.417678,17.27065300000001,21.44546960000001,22.026654,25.5112864,23.2374834,27.41315760000001,30.41624240000001,35.5278082,32.05750260000001,35.81316860000001,29.7875712,26.776911,24.2153642,22.9119558,17.6119646,18.8997334,18.004442,16.4000884,16.5123266,16.8699694,14.660738,13.4040416,13.8833954,11.0102704,11.3020052,11.1397734,12.2516013,12.8730781,14.5085303,14.7778311,17.47791770000001,18.3435096,19.6220246,18.51088600000001,20.6517456,21.3063422,21.24934020000001,21.3291732,23.0319486,25.1583678,23.3979728,27.82250560000001,28.6159248,32.7568832,33.87643320000001,38.91116020000001,36.236519,41.05940039999999,37.1250498,35.9424538,31.1601258,31.45306100000001,23.8676554,26.27601860000001,21.9475276,21.7222354,19.3409702,18.5770358,13.43674754,13.84115254,11.61253184,10.47628844,11.75756484,13.6551037,12.3729399,11.7212117,10.7233409,8.294813900000001,6.935533500000001,7.357658099999999,6.697254599999999,5.234136,4.294667,2.3857388,0.0,0.0,0.0,0.0,0,0,0,0,0,0,0,0,0,0,0.0,0.0,0.0
110514>110590,719,719,SFDu,Stratford,Central // EB,719,SFDu,Stratford,DLR (Stratford route) // OB,Alight-Interchange-Board,1506.222757499999,28.2997877,177.651536,419.6758252,388.4098456,253.3120918,238.8736712,0.0,0.0,0.9855871999999999,1.97833374,3.68310534,5.495082340000002,7.988556340000001,8.16912274,9.311809199999999,10.0374828,13.2205264,14.1148624,17.4430326,19.4281032,20.02664080000001,17.385506,17.67161500000001,14.9208512,12.461135,11.6299714,11.129961,9.9182716,11.0725024,12.1954404,13.0041502,13.762608,14.2745894,15.179356,16.11443520000001,16.3574862,16.3598448,15.7807968,15.1614218,14.5312842,14.5521702,15.327086,17.009161,17.88142599999999,17.6074576,20.9369886,25.7754434,29.2354926,31.2298548,35.27859700000001,37.269736,35.23240960000001,33.04930239999999,34.5111672,35.9904624,32.1820718,29.8187002,32.84003680000001,30.2197724,27.7400404,29.300397,30.25574940000001,26.4851302,27.0670662,25.1778464,22.300292,21.4624758,20.290587,18.253143,17.7010988,17.9927472,18.0544926,18.534264,19.9929486,18.28893,17.664562,15.9947032,16.0613544,13.410871,12.35467256,19.10375456,21.05021356,21.70955576,25.74642836,25.0849054,15.2029954,10.9197492,6.2809758,0.0,0,0,0,0,0,0,0,0,0,0,0.0,0.0,0.0
110514>110592,719,719,SFDu,Stratford,Central // EB,719,SFDu,Stratford,DLR (Stratford Int'l route) // OB,Alight-Interchange-Board,1525.6621945,53.8779308,222.95071154,465.8456051600001,396.4370948,232.6489066,153.9019456,0.0,0.0,1.44096612,4.88409132,7.67528092,10.46368232,13.94194472,15.4719654,16.7855322,16.6353155,17.5628935,19.0704811,23.4437103,22.8581701,23.8825422,23.4168538,19.91073966,15.60170386,12.92383626,10.85893306,11.86964106,13.1896992,12.8180504,14.3397504,15.9177854,14.9024712,15.1270987,15.6950343,17.0044249,18.3381361,18.8708743,19.8279146,20.2771524,19.3632958,17.92797939999999,18.525903,19.127966,19.5374178,20.4445776,23.3986206,29.4011924,28.7372228,27.6523518,33.551045,34.8923464,28.2790168,33.2784466,44.274549,39.43983340000001,37.34105,41.25728720000001,34.129492,27.82213400000001,28.6333598,25.5252908,21.5642888,24.7335258,20.9165642,18.6604558,19.5760712,19.6292626,18.2955188,17.71233460000001,17.77918260000001,18.83544,18.6867722,18.8752702,18.9485086,18.586128,17.810225,16.9257676,14.2596396,13.7943962,11.2812792,11.6732306,13.3661386,12.62747912,9.72559992,8.59747652,4.844191720000001,0.41039352,0.0,0.0,0,0,0,0,0,0,0,0,0,0,0.0,0.0,0.0
110514>110593,719,719,SFDu,Stratford,Central // EB,719,SFDu,Stratford,DLR (Stratford Int'l route) // IB,Alight-Interchange-Board,846.5931342,11.40666174,41.48446892,205.67602412,210.26144322,193.5608802,184.203656,0.0,0.0,0.0,0.74887876,1.7985485,2.3511288,2.96279854,3.54530714,4.069756380000001,4.05700004,4.23997778,4.44402024,4.78400024,4.21082474,3.58938766,3.24353152,2.57332478,2.10459438,1.92769456,2.2403566,2.62367998,3.2470589,3.649488100000001,4.32559732,4.77182256,5.572287680000001,6.3811499,7.164263100000001,7.627409000000001,8.208470400000001,8.268881400000001,8.3217356,8.4240032,8.5071976,9.1920536,9.966141,10.7499934,11.4523414,12.1005656,13.236511,14.0243659,12.87045596,12.69958256,12.29096896,12.31114576,11.39632666,15.6368686,17.72674540000001,19.041542,18.4604854,21.6810484,17.8289042,19.398849,20.25931060000001,19.1249556,17.3952616,18.7310276,15.8469034,13.9959734,15.0399156,14.0593538,14.8341336,14.8733312,16.3486766,17.3678284,17.2567076,17.0531816,18.1538474,18.9335292,18.9995624,18.911059,16.94015546,14.67997066,10.33593652,10.15669812,9.82684632,16.74381846,14.81539966,14.5947656,10.7638852,8.502029400000001,0.0,0.0,0,0,0,0,0,0,0,0,0,0,0.0,0.0,0.0
110515>110501,719,719,SFDu,Stratford,Central // WB,719,SFDu,Stratford,EntEx,Alight-Exit,4846.413884000001,282.0402038,1597.9779552,1856.327938,885.5302400000002,188.69136998,35.84617702,6.905506,15.8979346,23.442523,30.327153,38.6055602,46.9463662,55.68472360000001,64.23043720000001,81.74674399999999,95.1344348,109.5828668,127.2556668,144.9443568,151.911062,165.998912,161.72662,155.419128,149.243112,136.386932,118.62812,111.518796,101.724868,88.96888200000002,87.92802600000002,88.043476,87.488334,83.190741,84.131775,82.608345,80.671373,76.992501,76.350736,75.371382,74.44235479999999,71.04815079999999,68.67017440000001,67.0446704,65.5425004,60.8438348,61.0783576,63.639764,63.929529,64.984093,70.1152738,74.563815,77.06489400000002,80.49135100000002,81.60219900000001,85.54881580000001,85.37589380000001,81.1699452,78.88635520000003,76.5475612,64.87135359999999,53.66865800000001,45.7393982,35.6793746,26.0145232,21.1092738,17.956138,15.799424,13.783303,11.9283284,10.971315,10.0077324,9.029132060000002,8.365688260000002,8.04713726,7.59574578,6.383593899999998,5.45610434,4.45414072,3.53761158,2.56685396,2.1185613,1.5529506,1.12456662,0.74635476,0.30969346,0.0,0.0,0.0,0.0,0,0,0,0,0,0,0,0,0,0,0.0,0.0,0.0
110515>110522,719,719,SFDu,Stratford,Central // WB,719,SFDu,Stratford,Jubilee // NB,Alight-Interchange-Board,8105.782702,1386.496294,3066.921328,2033.986172,1075.441043,430.9049244,112.0329406,16.544132,67.16004000000001,106.713074,147.525854,224.289014,274.980802,272.7926840000001,276.4906940000001,293.109874,259.7117040000001,252.849918,279.410668,309.182904,312.863544,317.16547,294.684556,247.726216,196.84362,163.505006,139.867848,122.922066,114.2689672,106.6299662,95.0839832,85.70224,80.180565,74.68478180000002,75.8573628,74.0939918,74.42714620000002,73.62963640000002,78.7474074,82.0623434,86.18191540000001,85.4122302,87.03644299999998,83.634142,78.4040912,73.5163632,79.08719520000001,79.46141920000002,80.289146,78.73097800000002,83.94179120000003,75.88364440000002,79.1587016,85.61277559999999,94.6737436,97.2798444,105.5774282,102.698913,99.95218300000002,95.3491578,85.11077579999998,78.9066708,75.2372048,65.29275679999999,57.35697680000001,52.7878368,47.17541680000001,39.1273256,34.2332998,29.97882460000001,27.1408658,22.3829084,20.0198848,17.9999784,17.4088498,16.9211892,14.8690068,14.5492394,13.4497624,12.031523,11.1934098,10.6986174,8.0757336,5.901732000000001,3.442431200000001,0.9002958000000001,0.0,0.0,0.0,0.0,0,0,0,0,0,0,0,0,0,0,0.0,0.0,0.0
110515>110576,719,719,SFDu,Stratford,Central // WB,719,SFDu,Stratford,Elizabeth Line // EB,Alight-Interchange-Board,910.0458120000009,64.12473399999999,307.6347124,223.4561851000001,231.5624248,64.09597772000001,19.17177798,0.39714926,1.38171014,4.61062674,6.0251658,8.3192834,11.44634534,14.56469646,17.37975686,22.1742586,26.629927,31.3006618,35.35871179999999,36.67603920000001,34.550742,31.3276006,27.1013242,21.0099724,16.0479756,13.5304643,11.9270349,9.2449713,9.4467121,8.29771702,8.427616920000002,7.93104172,8.54693392,7.67428572,8.349073599999999,8.3128952,9.0923598,8.6264971,8.761607779999999,8.30418018,8.52309098,7.73139144,8.08644234,8.374492660000001,8.95989886,9.23064346,10.8419532,11.155733,12.1471418,13.3498542,14.0396508,15.4404924,16.8386852,19.776184,20.45892820000001,23.2131556,23.0819128,22.8782672,22.4660032,21.4540678,18.02554880000001,14.9225172,13.0066624,9.07203674,7.40052874,6.27754374,6.46155874,6.31454974,5.7310502,5.06179456,4.66381056,3.801627080000001,3.25152934,2.98072004,3.07922824,3.24141058,2.99363584,2.62846332,2.499617919999999,2.08672806,1.69422942,1.50682628,1.18494694,0.7642194400000001,0.4927645400000001,0.07893564000000003,0.0,0.0,0.0,0.0,0,0,0,0,0,0,0,0,0,0,0.0,0.0,0.0
110515>110577,719,719,SFDu,Stratford,Central // WB,719,SFDu,Stratford,Elizabeth Line // WB,Alight-Interchange-Board,6355.251842946996,782.279101,3400.9502584,1241.3780462,678.8124394000001,209.9031827,41.928815247,7.304568400000001,24.2448714,48.82074340000001,67.3808714,119.7169194,146.018381,179.327142,189.465604,226.37112,222.335212,249.832032,307.463908,341.7738240000001,371.031496,393.768456,394.779386,300.1799880000001,264.020316,193.6241332,135.7703872,86.0542718,86.00849380000002,64.8689364,60.82115320000001,61.33162400000001,60.51738080000001,58.20824279999999,57.1394272,57.5150452,52.74871899999999,50.43245760000001,48.64069480000001,46.8312512,44.3778052,43.6785818,42.03100379999999,40.8081012,38.90712380000001,35.99332039999999,39.82936480000001,39.5554082,36.8168802,39.9875108,48.27524820000001,47.9841946,49.74638779999999,59.22985920000001,61.25709260000001,63.7888566,63.92770160000001,67.65828900000001,65.30891980000001,62.30932620000001,50.93693820000001,46.8202266,39.8446472,30.2421176,25.2831302,23.8854202,19.8738828,17.1421984,17.029715,15.7264626,14.3103346,12.6343808,11.6096878,11.4709588,10.6948939,10.0744337,8.58174542,6.641472432,5.279007112,3.321714672,2.654167412,2.0489725694,1.8827963574,0.7914688774000002,0.6430116174000001,0.0100250774,0.0,0.0,0.0,0.0,0,0,0,0,0,0,0,0,0,0,0.0,0.0,0.0
110515>110582,719,719,SFDu,Stratford,Central // WB,719,SFDu,Stratford,NR Great Eastern // DN,Alight-Interchange-Board,107.2848284204,4.858965981399999,21.767157026,49.50044742199999,16.328413308,11.251413338,3.578431345,0.0003889682800000001,0.0003889682800000001,0.23080486828,0.32362788828,0.7478041482800001,1.0197576,1.32437488,1.21181866,1.68653304,1.362160674,1.390243154,1.436455114,1.454364002,1.011377442,1.026466488,2.155356388,2.395444268,2.40031866,2.388065068,3.060372728000001,2.336359168,1.784605688,1.704502396,2.501295848,2.374339248000001,1.709384014000001,1.771861182,2.430688594,2.143138154,1.539726348,1.553426794,2.078885986,1.838310866,1.253949752,1.275920526,2.058650874,2.456574614,2.03610438,2.158507374,3.087406946000001,2.896617426,1.957750852,2.151986046,2.400454346,1.589508546,1.419393026,1.54381474,1.47173454,1.54329826,1.69730792,1.52421068,1.5154111,1.4554042,1.065104172,0.8695413320000001,0.633684792,0.5797379720000001,0.5224611579999999,0.4613440740000001,0.7549598740000001,0.7710106600000001,0.93957558,0.903343388,1.25929186,1.20021544,1.294873314,1.063922326,1.500677692,1.162416528,0.7765224298000001,0.6212342397999999,0.5646521997999999,0.1009360198,0.0873267678,0.094713036,0.07237458599999999,0.04351021400000001,0.04351021400000001,0.01123511,0.0,0.0,0.0,0.0,0,0,0,0,0,0,0,0,0,0,0.0,0.0,0.0
110515>110583,719,719,SFDu,Stratford,Central // WB,719,SFDu,Stratford,NR Great Eastern // UP,Alight-Interchange-Board,261.6007587098401,160.0877546,12.62427292,61.39960764000001,19.30278992468,7.18794763392,0.99838599124,20.693354,23.1745314,25.9569622,28.227525,32.9650574,12.2717034,9.790526,7.008095200000001,4.7375324,0.0,0.0,0.0,0.0,0.0,0.0,0.0,0.0,1.703172,2.6028526,3.58071592,4.272959200000002,4.95833552,3.70467796,3.35920778,3.34903322,3.36398554,3.13361962,2.97099276,2.92051402,2.51222658,2.26300108,2.34560794,2.4108429,2.44200234,2.21761716,2.29110296,2.030167,1.88342176,1.512776592,1.351188852,1.484095052,1.310436572,1.476667292,1.83512794,2.164554180000001,1.71839686,1.79552904,2.04184852,2.20830876,1.76684354,1.63127534,1.63073072,1.50424036,0.93258527,0.8723796173400001,1.03609771734,0.8636454433399999,0.37240921288,0.25510520828,0.4278675709400001,0.21289149294,0.3613526669400001,0.4425402574000001,1.018798352,0.8460149954000001,0.8968816174000002,0.7494492522,0.7409915642,0.1650252808,0.163941708724,0.081804783644,0.103393418844,0.030508175488,0.102790198888,0.102710997564,0.102602698644,0.072827148644,0.07278158,0.0,0.0,0.0,0.0,0.0,0,0,0,0,0,0,0,0,0,0,0.0,0.0,0.0
110515>110584,719,719,SFDu,Stratford,Central // WB,719,SFDu,Stratford,NR Weaver // DN,Alight-Interchange-Board,1021.71153926,185.93821202,582.5448684400001,145.69018276,81.53739124,20.33279298,5.668091819999999,0.07890456400000001,1.247521044,2.936003044,2.936003044,29.591103044,34.81947048,55.63734000000001,58.69186679999999,80.8792208,63.6999648,76.40491080000002,55.76715566,69.22266886,51.88684426,49.14391026000001,36.11648146,38.0078122,23.3170314,21.96038040000001,16.13848754,13.20687054,10.72001624,8.80878392,6.04761338,6.350048960000001,5.5021151,5.239820340000001,4.531284960000002,5.5515287,5.91373538,5.90126764,5.75132822,5.96651132,4.938646820000002,3.89178548,3.84270608,4.63709476,4.21607998,4.90246636,5.8576629,5.66806458,5.51654974,6.41016122,6.31804014,6.33700474,6.73479852,7.73029436,6.15454106,7.354216060000001,8.662617059999999,9.5239858,7.544643000000002,8.56462334,6.5713394,3.759979200000001,2.5993487,2.8112751,2.13364088,2.02549512,2.176547488,1.452654348,1.530390068,1.319085728,1.251346788,1.40802602,1.35861572,1.33940466,1.52631106,1.61066926,1.41143498,1.13211352,0.86166246,0.54371428,0.10849732,0.0,0.0,0.0,0.0,0.0,0.0,0.0,0.0,0.0,0,0,0,0,0,0,0,0,0,0,0.0,0.0,0.0
110515>110589,719,719,SFDu,Stratford,Central // WB,719,SFDu,Stratford,LO Mildmay // WB,Alight-Interchange-Board,2974.439758099999,461.110123,1415.318934,580.5253994,379.4810406,111.1529265,26.8513346,2.007362,4.846855400000001,12.8178314,35.9259354,68.3680994,95.1314074,117.2518,124.760832,132.808776,123.951942,133.59796,140.900494,155.46019,145.916588,150.265914,125.052352,105.0795446,83.1495498,69.8537398,49.28188380000001,43.50339240000001,37.201817,32.61176380000001,28.1619878,25.1383842,22.1522822,19.413491,19.8769264,20.3134748,20.0234754,21.1426558,22.9870078,23.1808108,23.456938,23.2099742,22.4525228,20.2419022,20.4824894,19.8904858,20.54626540000001,20.58579180000001,22.0649932,25.1207324,26.7658348,28.9775752,31.4455212,33.8173428,32.1097092,33.662482,33.7773208,34.1922648,33.44170039999999,34.8377084,31.2419232,28.5642854,23.41320720000001,19.6675718,14.0211138,12.436189,10.0372078,9.1916502,8.577628599999999,7.902426699999999,7.218250960000002,6.41408116,5.596423860000002,5.01322326,5.07715936,4.63367704,4.237639940000001,3.83095052,3.26865466,2.71809136,2.36582172,2.09390292,1.59220744,1.1139249,0.7606168000000001,0.2358473,0.0,0.0,0.0,0.0,0,0,0,0,0,0,0,0,0,0,0.0,0.0,0.0
110515>110590,719,719,SFDu,Stratford,Central // WB,719,SFDu,Stratford,DLR (Stratford route) // OB,Alight-Interchange-Board,2226.670859100002,272.066096,1127.4051378,461.2685705000001,285.62997416,51.13782204,29.16325860000001,3.30544,9.1045218,19.2040798,29.0047858,34.8123568,47.80951380000001,60.024322,68.801076,80.091587,91.744266,97.92020699999999,110.659445,123.062885,121.872926,123.4866628,113.2925418,94.6280766,70.8152546,56.55724540000001,43.2740406,35.572636,27.4766792,23.6622972,22.3494404,21.8852598,21.7797666,21.572073,21.7367536,20.9181916,18.5142146,16.7832032,16.0849044,15.1156156,14.2831334,13.8871003,14.2049797,13.6740479,13.7652503,14.1562141,14.8117698,16.648966,17.7493136,20.9461142,23.690646,26.5199232,26.7883986,27.7267382,27.1750186,28.2259162,26.9880672,25.5246918,25.9017294,23.7366228,18.44547468,15.47906848,13.118325,9.24818072,6.43782472,5.64840506,4.88133254,4.248833080000002,3.62925548,3.44811534,3.0059608,2.43557612,2.392754,2.79933908,2.962245100000001,3.34202648,3.19843114,2.92248508,2.65213158,2.51219662,2.1368903,3.41610244,3.02143016,2.40341386,1.95282234,1.6053286,0.0,0.0,0.0,0.0,0,0,0,0,0,0,0,0,0,0,0.0,0.0,0.0
110515>110592,719,719,SFDu,Stratford,Central // WB,719,SFDu,Stratford,DLR (Stratford Int'l route) // OB,Alight-Interchange-Board,1180.5180426,190.4641098,393.6273459999999,324.6784609999999,174.12063868,72.38591132,25.2415758,1.9793896,7.4269636,15.7933112,22.63011920000001,28.9503336,36.0787352,39.2328892,38.3723682,43.5108516,47.4276542,44.724431,43.6473704,46.10733579999999,37.5083848,31.80214520000001,29.905696,24.135322,16.264393,15.0296226,13.5641394,13.4602806,14.6072036,15.7318894,16.3780242,16.3736592,14.1982216,13.5937992,13.1416966,13.1509572,12.8747802,13.2084582,13.802045,14.3083736,13.6667686,13.3382618,13.3455998,13.408803,12.029783,12.1867134,11.8375688,12.9538826,11.7762912,12.120215,13.1851852,15.8500112,14.1530214,15.3859514,17.6982128,16.6425054,15.2814582,16.64392040000001,15.5890176,13.8931156,13.5738916,10.97199934,8.437533740000001,8.26608954,6.225590880000001,5.7094968,6.13289226,7.19181486,6.329860360000001,6.88493752,6.073372080000001,6.01332118,4.745233940000001,4.75646212,4.056839780000002,3.96324884,3.23298928,3.1649813,2.41335292,1.89166616,1.57753432,2.45239466,1.91240828,1.73218738,1.58387998,1.31693268,0.0,0.0,0.0,0.0,0,0,0,0,0,0,0,0,0,0,0.0,0.0,0.0
110515>110593,719,719,SFDu,Stratford,Central // WB,719,SFDu,Stratford,DLR (Stratford Int'l route) // IB,Alight-Interchange-Board,80.54037229800002,7.218861708,24.069141448,31.452958714,11.23081859,4.711586212,1.857005626,0.0063673236,0.2673331236,0.2992306736,0.7056770336,0.9942330936,1.38716733,1.59664907,1.96220406,2.52199496,2.70733626,2.72148538,2.47650394,2.75549926,1.97235732,1.74267834,1.65258596,1.70314978,1.19776538,1.36575258,1.252032288,1.105662528,1.135501828,1.330737888,1.394508028,1.57394826,1.78535158,1.81449116,1.91591376,1.78329842,1.76384138,1.574017768,1.416548048,1.202955508000001,0.989817908,0.890226202,0.916140054,1.042553214,1.068191074,1.179920554,1.11506464,1.27275368,1.10122676,1.06476922,1.015519252,1.282705592,1.021601582,1.223578042,1.156351468,1.160396144,0.972201204,0.974147394,0.710010866,0.73872516,0.7964249520000001,0.62089112,0.573785066,0.579007744,0.434699984,0.31166691,0.3532250080000001,0.3034740460000001,0.3022474000000001,0.3526233600000001,0.3670918540000001,0.399232402,0.429798208,0.479677284,0.398842012,0.373268796,0.289828566,0.258070384,0.154228474,0.143931998,0.08474609400000001,0.150630104,0.125666176,0.105367726,0.085633654,0.085633654,0.0,0.0,0.0,0.0,0,0,0,0,0,0,0,0,0,0,0.0,0.0,0.0
110523>110501,719,719,SFDu,Stratford,Jubilee // SB,719,SFDu,Stratford,EntEx,Alight-Exit,25375.67528700001,579.689069,3824.376304,9277.345086,6182.991490000001,3316.260846,2195.012492,3.493969,30.195449,42.6345862,57.3481802,78.2855322,102.0921272,113.7324992,151.906726,185.598774,227.565218,268.771094,325.365156,358.9442180000001,386.9914620000001,397.478046,391.4426020000001,349.7114280000001,316.107704,302.500984,313.8996180000001,330.21807,329.241596,335.940138,342.3634600000001,331.960186,348.152358,382.083626,422.3149540000001,456.318066,476.5162120000001,455.2279820000001,446.6138480000001,429.15683,399.454,374.651634,375.15833,376.678976,368.666458,343.55436,347.769348,363.207366,406.05276,418.6639540000001,417.380574,441.2424820000002,429.259694,425.399174,465.654838,556.041154,582.829158,638.629142,622.7402519999999,596.276934,533.5419059999999,476.1481720000001,415.228584,369.104974,324.9455779999999,307.8654380000001,290.0614,272.53424,270.07774,265.851588,258.540224,253.067356,241.987116,234.48965,227.735542,226.493246,248.321826,273.206228,281.295664,277.288864,253.254068,200.888478,145.790236,102.650874,71.0720344,47.8891612,34.45039120000001,20.7359192,9.701391200000002,1.9741108,0,0,0,0,0,0,0,0,0,0,0.0,0.0,0.0
110523>110514,719,719,SFDu,Stratford,Jubilee // SB,719,SFDu,Stratford,Central // EB,Alight-Interchange-Board,11205.476453,138.3950512,746.8910880000001,2179.9500708,3653.294092,2758.946678,1727.999473,0.0,1.7147398,5.651144599999999,9.5566058,16.6855052,23.9685816,34.46682699999999,46.3516472,54.666592,66.37700380000001,81.51465040000002,89.21638320000001,89.77570820000001,84.6204946,73.0528754,58.24155800000001,43.44236040000001,31.5260586,37.3709842,37.0864192,39.84361440000001,42.52038,48.21140579999999,43.65104280000001,50.22961380000001,52.95319900000001,59.00306700000001,63.203875,72.912612,77.882345,78.59848099999998,82.942497,85.9415862,85.50315420000003,84.3906872,93.7872064,99.36395759999999,105.4061164,109.2563804,127.9297484,139.7706752,171.2165,180.31923,185.112696,202.744804,215.3407,245.656118,292.074264,346.076674,360.746634,395.95719,370.804566,344.4828940000001,306.667232,298.151876,274.5911400000001,264.411686,258.542258,267.265088,253.090006,243.538764,235.87353,228.509138,222.0824160000001,213.179354,200.839726,189.973704,181.641008,179.171526,194.631018,219.840418,231.472804,231.916246,219.128636,170.5181774,116.0274242,76.17704920000001,47.5427106,18.0531566,14.3992232,6.2819624,2.8391214,0.0,0,0,0,0,0,0,0,0,0,0,0.0,0.0,0.0
110523>110515,719,719,SFDu,Stratford,Jubilee // SB,719,SFDu,Stratford,Central // WB,Alight-Interchange-Board,2059.02761874,48.9981683,522.0711471999999,517.9208041999999,437.2420738,264.3808838,268.4145414400001,0.8613402000000001,1.40977256,2.78921656,3.3854607,6.1853265,7.7595537,11.19924154,15.40825654,19.1610054,22.9307982,27.2381552,40.139447,46.6845314,55.88395139999999,61.17259120000001,66.4326538,53.9122904,48.4493784,43.21277260000001,36.8535722,30.774706,28.5780722,23.1244542,16.3478268,13.8388334,12.7999132,15.42601,19.939536,23.7411982,25.303535,24.5264516,23.246616,21.773772,20.8492934,20.2677462,20.3207576,21.9260562,21.317459,18.64503220000001,20.534432,21.54535580000001,22.4983736,24.53559540000001,26.0597782,24.9844722,24.7399542,26.5891918,31.9802354,37.77287200000001,42.142026,46.76069520000001,46.96063400000001,43.0430596,39.9816672,37.47941420000001,34.807852,29.5511272,24.9360766,22.8542124,19.6670654,17.213836,18.5185212,20.5093474,20.2140556,21.51031900000001,22.484103,22.9157992,24.0064208,29.7953048,35.13357000000001,38.86445399999999,43.19941660000001,39.9249234,33.83613620000001,23.801822248,14.675742248,5.734954247999999,3.383261048,0.06495664799999999,0.0,0.0,0.0,0.0,0,0,0,0,0,0,0,0,0,0,0.0,0.0,0.0
110523>110576,719,719,SFDu,Stratford,Jubilee // SB,719,SFDu,Stratford,Elizabeth Line // EB,Alight-Interchange-Board,6412.722163699999,130.7823503,468.6279236,1668.2870498,2277.7936596,1085.5916408,781.6395396,1.53124114,4.14158614,9.97969994,13.58112654,20.80533994,22.7897848,26.8671498,31.086422,34.0680554,37.9719274,45.1577406,51.26900139999999,53.99489740000001,53.6082326,46.4956178,41.4025626,30.8725804,21.508975,22.9475358,29.3307972,29.9394872,31.0288742,34.2501296,31.7815352,29.2521804,36.7859384,44.16971880000001,49.79890780000001,55.30194820000001,61.360249,60.200025,60.55745020000001,60.82830660000001,65.19290260000001,69.30935060000002,73.58636460000002,79.4886994,97.157546,90.64781479999999,99.7250368,106.8269228,125.5801728,132.7830648,142.734424,148.320632,146.7576008,157.0523888,161.1613288,185.2409948,205.7343248,237.663096,236.488932,238.378182,220.369074,182.7283748,157.8987308,131.6116408,109.9821588,102.5877928,97.6203946,88.46648260000002,85.20662780000002,80.27202079999999,79.16727759999999,82.175007,75.1835318,77.89740859999999,75.42129759999999,76.3005518,78.7674238,83.99958500000002,102.642617,102.88919,98.975503,84.8716376,70.95231159999999,35.8782224,23.0523056,10.0396636,8.076139000000001,3.403027,1.7913622,0.0,0,0,0,0,0,0,0,0,0,0,0.0,0.0,0.0
110523>110577,719,719,SFDu,Stratford,Jubilee // SB,719,SFDu,Stratford,Elizabeth Line // WB,Alight-Interchange-Board,1424.78752824,64.17193119999999,707.5341788000002,267.1629407200001,267.0728888200001,71.86959834,46.97599036,0.0,0.0,3.750668,6.580454799999999,9.1051304,11.2372086,17.0701782,16.4282912,22.3621732,25.443027,47.16066679999999,59.71026400000001,81.70537900000002,90.8161042,97.5321408,87.80873480000002,73.59080300000002,52.0239492,39.4445156,29.9364212,18.4322254,15.8576572,14.4917256,10.3576352,11.8159486,11.4048558,14.7661336,14.3045098,15.8209894,13.3757592,13.535475,9.51664106,10.68628286,8.93949566,12.00823466,10.72235454,12.21071448,9.81714858,11.48420618,6.86234606,6.818324580000001,4.93797922,5.69214852,3.30414952,5.955778839999999,5.74204838,13.01406654,18.68728534000001,25.49895434,25.76563154,33.930663,33.51232820000001,30.597411,28.50334,26.46162832000001,19.40375332,13.86285192,10.49340066,7.013702260000001,6.495367620000001,5.39215702,3.70311594,4.39483886,3.20170404,4.47361356,4.00575676,4.93674164,3.89634806,4.08503574,4.35094654,4.29239814,5.13054154,5.045048028,5.136129708,3.966972508000001,5.070883508000001,3.137489108,2.94307094,2.4089158,1.4085588,0.0,0.0,0.0,0,0,0,0,0,0,0,0,0,0,0.0,0.0,0.0
110523>110582,719,719,SFDu,Stratford,Jubilee // SB,719,SFDu,Stratford,NR Great Eastern // DN,Alight-Interchange-Board,1479.567546399789,4.649766853789,51.60562856599999,489.53093108,319.5020208,442.2393874000001,172.0398116999999,0.0,1.0219578e-06,0.04650174995780001,0.07736975795780003,0.4700131579578,1.0998584379578,1.296447888,1.65957484,2.522407332,2.325254532,1.934784772,2.09795212,2.59009474,2.29090174,2.27205655,5.10952863,7.23361881,6.57731885,6.806136349999999,9.84557414,9.75558854,7.65179262,8.47954048,11.01288388,11.77377028,9.80220228,10.72560508,15.08268808,17.25574108,14.43365648,14.82835868,19.3083468,20.8615272,16.8950842,17.750847,24.5685318,27.6430958,22.7058096,23.55605820000001,34.9395694,38.8834424,35.0460718,37.82505000000001,38.7456694,29.8279898,21.7561688,21.7841896,21.4802444,23.6380216,26.5916762,29.8867492,30.7604954,30.8243466,28.1877322,27.989235,26.775172,26.494826,25.27579040000001,26.5148018,32.0628098,28.8802554,35.683968,34.318872,42.3706802,43.1607994,51.3052812,43.25791820000001,52.913385,42.90915039999999,31.715397,24.6901786,24.981446,13.7551809,11.95803836,9.58202776,6.215337660000001,1.52566326,1.51758444,1.17283278,1.17283278,0.42207088,0.42207088,0.0,0,0,0,0,0,0,0,0,0,0,0.0,0.0,0.0
110523>110583,719,719,SFDu,Stratford,Jubilee // SB,719,SFDu,Stratford,NR Great Eastern // UP,Alight-Interchange-Board,390.3777137499999,105.14383855,17.7925698,132.94330004,53.28054196,33.074044012,48.143419388,11.0263572,11.04561291,13.01921931,17.33614211,21.95192411,10.92556691,10.9063112,8.932704800000002,4.615782,0.0,0.0,0.0,0.0,0.0,0.0,0.0,0.0,2.8873042,3.9913586,6.298125000000002,9.4226198,9.7529002,7.813751400000001,7.79902252,6.18971072,4.625122599999999,5.718585440000001,6.49036124,6.462567460000002,6.828960260000001,6.319179180000001,6.518603540000001,5.866725140000002,5.44226864,4.59242054,4.201317660000001,3.06153596,2.51232304,1.9843518,3.09952644,3.871054320000001,4.73550382,4.61795322,5.016935100000001,5.21007828,4.2037819,3.6060516,5.18152872,5.58812804,5.11867346,5.007653560000001,5.57444996,4.24111536,3.63551782,2.65744289,3.25612037,2.16063077,2.46343797,2.70972693,2.9754943,3.1734815,3.051772114,2.186148654,2.655252034,3.250328814,2.572702114,2.570938876,3.304129936,2.852920456000001,2.953656096,5.796744996,6.293367340000001,6.27729256,7.98556924,6.949201840000002,3.67384064,3.07927902,2.2815472,0.0,0.0,0.0,0.0,0.0,0,0,0,0,0,0,0,0,0,0,0.0,0.0,0.0
110523>110584,719,719,SFDu,Stratford,Jubilee // SB,719,SFDu,Stratford,NR Weaver // DN,Alight-Interchange-Board,5066.629607283995,458.1941187,1143.1718014,1429.3080688,1173.180974383996,633.014938,229.759706,1.7747192,5.868399800000001,5.868399800000001,6.4181445,85.4939205,87.84157870000001,113.3208561,151.6081001,174.4472226,100.5554756,128.5954782,127.6411722,116.9832242,105.967693,111.0679696,83.63168780000001,60.72290400000002,38.8206886,46.3871206,48.351165,58.5098228,56.77850220000001,55.84536920000001,47.06041000000001,50.203831,48.611873,58.7967194,69.05502580000001,68.97151600000001,64.221963,63.7033746,61.25398660000001,59.6628586,56.2490906,58.5532006,56.03372660000001,57.61677560000001,50.8166416,53.35383720000001,53.77533320000001,61.94405160000001,61.0253878,73.63130860000003,83.63346320000002,94.30265400000002,93.696292,118.4755148,99.2086036108418,121.2409424108418,115.9245316108418,127.4792536108418,90.32164015679928,108.9077985459575,80.66742854595749,61.94682454595748,61.00949054595749,68.40765360000002,59.42918100000002,59.24721580000001,67.06607779999999,48.1803664,49.9738356,48.83725500000001,46.70494900000001,46.4319564,45.32921380000001,44.8533502,48.5538834,46.970984,55.4310186,46.98499260000001,38.2692234,26.0975834,16.00590399999999,0.0,0.0,0.0,0.0,0.0,0.0,0.0,0.0,0.0,0,0,0,0,0,0,0,0,0,0,0.0,0.0,0.0
110523>110589,719,719,SFDu,Stratford,Jubilee // SB,719,SFDu,Stratford,LO Mildmay // WB,Alight-Interchange-Board,4554.1059017,187.5064393,1219.5647432,1042.2707714,1064.4480568,666.1878184000001,374.1280726,0.20245234,6.714682940000001,11.48546814,13.42341074,20.23427414,40.02559179999999,40.47748320000001,54.94307600000001,71.5078694,83.51843199999999,96.376728,121.0877,133.887286,138.0453608,137.9517256,118.3367776,103.0003066,77.97517560000001,73.77664279999999,64.10073880000002,63.56647200000001,53.66533760000001,53.96524460000001,40.18701460000001,38.86686080000001,34.1870244,35.49280899999999,37.27868700000001,39.354169,38.004056,38.98874379999999,40.0581376,39.4965026,39.61918,40.3008176,40.316029,38.3380026,34.5854708,38.20351340000001,40.2270012,47.6376444,51.82145939999999,59.05064680000001,59.0599472,67.61905379999999,60.88897060000001,68.27959700000001,79.36662319999998,96.3703788,95.63754279999999,110.3023328,110.6338628,109.095366,92.621796,92.85465,80.777883,74.76921379999999,64.83811779999999,62.7063878,56.9927438,58.0363248,57.44010280000001,52.44234180000001,51.62093620000001,50.07676560000001,45.06620239999999,44.9188476,47.279834,51.2080308,50.59702739999999,51.3149512,50.8988782,45.6161794,40.4877722,33.83949080000001,24.7970522,13.2247592,9.515160600000002,2.6287706,0.0,0.0,0.0,0.0,0,0,0,0,0,0,0,0,0,0,0.0,0.0,0.0
110523>110590,719,719,SFDu,Stratford,Jubilee // SB,719,SFDu,Stratford,DLR (Stratford route) // OB,Alight-Interchange-Board,1419.221572917,66.300656017,295.14848624,348.75938096,250.5108226,178.5155897,279.9866374,0.007494283399999999,0.6836178034,3.7635764034,6.115996403400001,9.0914194034,11.75595332,16.4120896,18.4705088,20.4932784,23.6423748,28.8995352,29.25613580000001,30.9301214,34.4430998,33.0914736,29.1201342,24.3643644,18.19853968,11.85898008,10.85044888,10.75857528,11.91528788,13.3639958,13.7794702,12.6794336,11.4597978,11.184971,11.8975162,14.5983046,14.365961,13.5237248,13.3237444,12.6281378,10.2806332,9.8258194,10.3612756,11.315097,12.4080178,12.3024714,13.9139746,17.8223336,25.024043,30.1094446,29.9173504,29.2802174,26.6397368,20.5802158,16.26706380000001,19.590297,20.3359348,21.9183998,22.4314446,21.7769906,18.9048454,17.7519414,15.0337352,12.604159,11.8868022,11.7639602,12.2846774,12.9611892,14.5167496,15.5331954,16.2464573,16.7356369,17.7580947,18.1497157,18.0749521,19.3332438,20.347722,18.9883284,18.6659014,17.8261958,34.0142742,30.396518,30.2869794,30.667685,30.7092562,10.2016522,9.250761400000002,6.549027000000001,2.7490926,0.0,0,0,0,0,0,0,0,0,0,0,0.0,0.0,0.0
110523>110592,719,719,SFDu,Stratford,Jubilee // SB,719,SFDu,Stratford,DLR (Stratford Int'l route) // OB,Alight-Interchange-Board,84.45217406467388,0.66418928,20.909852274,5.903565736000001,35.4042432702,13.081007658,8.48931584647388,0.0,0.0,0.0,0.0,0.0,0.0,0.33209464,0.33209464,0.8923391600000001,1.15726698,1.15726698,2.062461,2.76727072,2.94496412,3.1261124,3.1261124,1.88882374,1.18401402,0.4460761,0.157144654,0.157144654,0.157144654,0.157144654,0.157144654,0.0,0.0,0.0,0.0,0.0,0.0,0.0,0.0,0.0,0.0,0.0,0.0,0.0,0.0,0.0,0.0,0.56557804,1.066291,1.44142608,2.201692,2.20201460924,1.75392998924,1.92708090924,2.21460598924,2.07260066924,3.627093540000001,4.1247306,4.270642580000001,4.07888058,4.26683602,2.71202054,2.153807244,1.334031384,0.863133224,0.056917184,0.275428384,0.44283332,0.8124137800000001,0.926999514,1.643899514,1.641480274,1.736989954,1.51970128,1.827179846,1.366234226,1.871345066,1.551513266,1.39922148,0.97715718,0.7212028,0.0,5.6947762e-09,0.1205283656947762,0.1205283656947762,0.1205283656947762,0.1205283656947762,0.12052836,0.0,0.0,0,0,0,0,0,0,0,0,0,0,0.0,0.0,0.0
110523>110593,719,719,SFDu,Stratford,Jubilee // SB,719,SFDu,Stratford,DLR (Stratford Int'l route) // IB,Alight-Interchange-Board,1065.6259984365,14.32228126,61.27334130000001,164.0590936765,247.2896452,189.3641442,389.3174928,0.0,0.0,0.0,0.61661572,2.06314178,2.95762812,3.92993592,4.75495972,4.90168534,4.86220254,4.891524400000002,5.13780906,6.09048026,6.217847519999999,5.949423400000001,5.55131724,4.66351762,4.08482574,4.804699540000001,4.11800864,4.9303667,5.16578366,3.9697567873,4.5259269873,5.8590919473,5.440987187300001,6.5382647873,7.433198840000001,6.97631784,5.814907099999999,6.145041020000002,5.00580846,5.56784936,4.63652008,5.25791428,4.63264862,5.78116618,4.321214980000001,4.84353354,6.61092188,10.83976808,11.98393508,15.44938508,16.3287852,17.88445680000001,14.7654498,17.9569298,21.3538624,23.4334712,23.35538780000001,27.945805,24.7746206,23.1499986,22.319956,17.8299028,12.5198044,10.6212404,6.375753320000001,4.894825320000002,8.26760012,10.36863952,15.35921692,17.5826138,22.05532800000001,22.2567284,23.8998008,21.568706,26.11369160000001,23.8084182,29.01896360000001,24.2598702,20.6617166,14.246022,10.129682,9.726580600000002,39.13747260000001,53.97654860000001,52.63158720000001,52.63158720000001,44.249968,14.839076,0.0,0.0,0,0,0,0,0,0,0,0,0,0,0.0,0.0,0.0
110576>110501,719,719,SFDu,Stratford,Elizabeth Line // EB,719,SFDu,Stratford,EntEx,Alight-Exit,11678.1546995,262.2350551,2497.6904864,2742.975347,4183.946512000001,1404.031156,587.2761430000002,1.4417201,2.8131885,7.105404300000001,16.1818943,30.7435543,42.4339234,68.71190899999999,92.80346120000002,125.3596912,155.1274072,189.73568,218.27704,256.682682,270.1377680000001,274.5903960000001,254.880374,237.5843,198.030906,172.39424,144.890002,139.6972292,120.2835652,112.731886,103.06926,102.882932,99.5425928,100.6638808,102.11503,104.072242,103.715354,104.376842,108.252778,111.411854,113.134924,114.204117,116.125573,115.570275,117.685533,115.654131,117.4419972,121.9381592,124.5601132,128.5788752,145.2662032,186.119344,212.563902,254.908698,303.9924880000001,373.163652,405.158402,462.87587,473.4908380000001,470.769842,405.7820580000001,356.0170780000001,279.10434,233.916738,183.211174,159.920688,131.317682,114.624248,98.372744,89.52603199999999,85.55750600000002,82.188918,78.874018,75.212649,71.30875900000002,75.22867500000002,74.453057,74.31597500000002,65.6839372,62.1338892,49.1716528,44.7237882,37.0905216,34.1505396,24.3653776,21.5363544,12.056911,6.009971599999999,3.1777464,3.1777464,0,0,0,0,0,0,0,0,0,0,0.0,0.0,0.0
110576>110514,719,719,SFDu,Stratford,Elizabeth Line // EB,719,SFDu,Stratford,Central // EB,Alight-Interchange-Board,5552.542989200001,39.23653762,348.0566348799999,1036.7332308,2692.516048,1048.390151,387.6103869000001,0.0,0.0,0.6900316000000001,2.04436032,3.60447032,4.937115260000001,12.44867006,15.51189006,20.97073934,25.43978774,34.3742738,33.18850560000001,39.5021616,37.5619572,37.37301,30.1230022,29.3887696,21.1181632,21.2534836,17.762781,20.834499,18.897531,22.4088516,21.9717482,25.56022340000001,24.08269020000001,27.5404036,28.2522372,32.5372516,32.91334639999999,37.8924664,39.33193900000001,44.3071756,43.51606260000001,47.93306000000001,50.64009,56.414502,55.39411,59.1315326,61.5576986,66.1379226,65.1385846,74.2428786,80.09642600000002,105.16281,115.877804,156.428858,184.06674,244.006228,266.161118,322.583158,315.641094,318.343774,262.996216,232.316526,168.931722,148.72789,111.988117,105.507205,90.451589,85.31381700000001,71.811949,75.75757200000002,72.154116,74.081118,70.91496599999998,72.47249599999999,69.20931600000002,71.34789800000001,64.58734940000001,59.76038180000001,49.887711,45.98048180000001,33.701778,25.2548608,18.10468958,13.18969438,3.735097580000001,1.71159538,0.34884918,0.0,0.0,0.0,0,0,0,0,0,0,0,0,0,0,0.0,0.0,0.0
110576>110515,719,719,SFDu,Stratford,Elizabeth Line // EB,719,SFDu,Stratford,Central // WB,Alight-Interchange-Board,48.80377696214203,0.09098036944599999,10.2665495772,16.362195628,11.92078954,7.014471322,3.14879052549603,3.3498412e-05,9.404445600000003e-05,9.694872920000002e-05,0.0025885385292,0.0025885385292,0.007505972117200002,0.03515867807319999,0.0429141506,0.2058400808,0.3187980008,0.6498754288,0.7257816688000001,1.481638492,1.471704312,1.393749022,1.14859739,1.261681338,0.498066138,0.466207458,0.644610248,0.78830554,0.6973695200000001,1.05582802,1.01562196,0.968523108,0.7814297579999999,0.866565878,0.6120296580000001,0.723652198,0.608656836,0.7466791859999999,0.5920700520000001,0.591380832,0.4611816600000001,0.591786734,0.4508551200000001,0.4820377140000001,0.4314945220000001,0.6417027340000001,0.5056781419999999,0.547924756,0.529558042,0.894625294,0.7772383640000001,0.8788214960000001,1.098147356,1.202867198,0.901381118,0.9722911879999999,1.053242928,1.110207988,1.02509906,1.06862724,1.01443854,0.9428273540000001,0.6528380739999999,0.648947962,0.561342522,0.618325682,0.5573488080000001,0.610342036,0.611095124,0.6914798520000001,0.499213724,0.597538916,0.5289256600000001,0.5965179100000001,0.4933931260000001,0.6451643140000001,0.538190326,0.5401862940000001,0.395209477,0.385761541,0.245584633,0.158394935099206,0.09890133509920598,0.09070172609920599,0.05069593809920599,6.099206e-09,0.0,0.0,0.0,0.0,0,0,0,0,0,0,0,0,0,0,0.0,0.0,0.0
110576>110522,719,719,SFDu,Stratford,Elizabeth Line // EB,719,SFDu,Stratford,Jubilee // NB,Alight-Interchange-Board,2151.949798200001,20.65847558,189.43752046,269.20581226,1071.1095996,453.4634258,148.0749645,0.5813635400000001,0.7583847400000001,0.90407604,2.19911524,3.4479469,3.11779126,3.80133438,5.84846348,6.85805308,7.44651122,11.10798072,15.0475384,16.750737,19.5641594,21.524823,20.37082280000001,19.7734074,16.65353466,18.43962746,15.90032532,16.34604112,13.10753032,13.83119618,7.538122139999999,8.31228108,6.291403540000001,7.58562674,6.84655046,8.5817295,7.69608078,8.79539052,7.9074428,13.05104536,12.1225677,13.68261582,12.78941292,14.81698424,10.75457084,13.5476655,12.04773702,13.41362732,13.01703752,14.28112312,12.84202972,25.14792760000001,34.6377656,50.08721,75.06299940000001,103.5886688,109.6312258,128.8186152,131.438726,133.269484,111.0238212,98.34212120000001,70.0610348,65.8988348,38.37988720000001,38.3555708,38.15386220000001,43.3395178,32.6192974,39.29992180000001,34.428749,35.2413256,31.08067920000001,31.1086276,25.5571524,26.5913304,21.3175936,19.1446795,15.4596671,16.1128749,11.8899707,12.4975825,10.4938338,7.962310200000001,3.786342800000001,2.818779000000001,0.0,0.0,0.0,0.0,0,0,0,0,0,0,0,0,0,0,0.0,0.0,0.0
110576>110582,719,719,SFDu,Stratford,Elizabeth Line // EB,719,SFDu,Stratford,NR Great Eastern // DN,Alight-Interchange-Board,1694.2442051,3.795214280000001,73.03573685999999,496.45387826,554.2941258,422.9621968,143.7030531,0.0,0.0,0.0,0.007138400000000001,0.5507218,0.6525343400000001,1.19669804,1.3881217,2.2646823,1.97584004,3.781050700000001,3.44628512,5.013965260000001,4.404649000000001,6.02867326,7.586628860000001,10.14606074,8.594720740000001,9.89196352,9.90121732,10.63567352,8.255497960000001,9.17946776,10.71108904,13.15761984,9.822748440000002,9.79645188,12.20212908,14.95224608,11.55112428,11.22942424,18.18307896,23.72030116,19.26126366,19.35795946,29.0892627,31.5240847,24.19106930000001,23.26735968,37.68994768,41.90461888,34.23519487999999,34.84563008000001,37.690635,40.28383820000001,25.7950002,32.2660816,34.3289188,45.7832552,42.592822,60.618436,62.580002,66.2146406,55.3176792,46.77664200000001,41.73681000000001,37.71747600000001,33.958731,31.94882620000001,38.0564114,29.26817620000001,31.7393228,29.1147922,40.3978504,39.04537640000001,37.8634692,30.553454,43.29831100000001,34.85728080000001,27.8661554,25.60336714,26.59687334,12.18576334,8.09292254,4.01449194,3.2616406,0.612279,0.612279,0.0,0.0,0.0,0.0,0.0,0,0,0,0,0,0,0,0,0,0,0.0,0.0,0.0
110576>110583,719,719,SFDu,Stratford,Elizabeth Line // EB,719,SFDu,Stratford,NR Great Eastern // UP,Alight-Interchange-Board,57.9028223826,4.698548209999999,1.19906551,18.41139952174,20.487100784,10.45394856586,2.652759791,0.0,0.0,0.68786754,0.79716993,0.97534457,0.97534457,0.97534457,0.28747703,0.17817464,0.0,0.0,0.0,0.0,0.0,0.0,0.0,0.0,0.20308046,0.331687,0.48612341,0.95165401,1.07604721,1.09801263,1.05883669,0.9082232754,0.4448182296,0.32154446332,0.09773201492,0.44430761492,0.7165222195200001,0.84172798532,0.9099996415999999,1.13096699,0.717196706,0.44136846228,0.7678106822800002,1.00981409228,0.98438100028,0.9622640696680002,0.962194459948,0.7072493199480001,0.6419132999480001,0.526630399948,0.6901840545600001,0.9378378479999999,0.983040728,1.425533388,1.97758284,2.61321512,2.86630674,3.054205000000001,2.52173156,1.940382474,1.162181612,0.690084592,0.314998882,0.245117902,0.430860928,0.62608783,0.8757624100000001,0.90442263,0.818236522872,0.7161697028720001,1.069472222872,1.243001822872,1.159594760572,1.1611130469,1.2041087869,0.6383033303,0.1941110037,0.2135387568,0.2303151376,0.0805261796,0.2914836562,0.2836836628,0.262158922,0.243853642,0.2147855,0.0,0.0,0.0,0.0,0.0,0,0,0,0,0,0,0,0,0,0,0.0,0.0,0.0
110576>110584,719,719,SFDu,Stratford,Elizabeth Line // EB,719,SFDu,Stratford,NR Weaver // DN,Alight-Interchange-Board,758.7095333368402,72.24322771284,200.220530524,102.2426619,256.03995286,100.21077624,27.7523841,0.0,0.0,1.4979968e-05,0.001997575368,14.054013575368,14.059640627368,22.022754627368,22.1048063274,31.776864732,21.037723332,26.35506348000001,21.18119468,25.38910640000001,16.99457848,16.15921488,11.86156478,10.70476538,6.771588520000001,6.894581500000001,5.094284360000001,4.94851526,3.88285952,4.00878978,3.32943288,3.22797576,2.9033448,3.5586222,3.763594540000001,3.708576300000001,3.762293160000001,3.95642964,3.38576308,3.2156753,3.30903988,3.82444762,3.7332682,4.09349584,4.410037320000002,4.499960700000001,4.64436606,5.29959216,5.81675582,6.645977080000002,8.313849000000001,12.2623263,13.7628393,18.9369751,17.273596,21.9953292,23.5683798,31.654141,24.951213,31.5815574,26.9641442,20.34651998,12.74293158,15.04819238,10.67415238,9.17618408,10.50823698,8.76542606,7.791485660000001,6.407021360000001,6.60184086,6.36050318,5.63020304,6.526221840000002,6.721308420000002,7.589026820000001,6.891621680000001,6.06894674,3.84160754,2.77468086,0.58650046,0.0,0.0,0.0,0.0,0.0,0.0,0.0,0.0,0.0,0,0,0,0,0,0,0,0,0,0,0.0,0.0,0.0
110576>110585,719,719,SFDu,Stratford,Elizabeth Line // EB,719,SFDu,Stratford,NR Weaver // UP,Alight-Interchange-Board,0.0,0.0,0.0,0.0,0.0,0.0,0.0,0.0,0.0,0.0,0.0,0.0,0.0,0.0,0.0,0.0,0.0,0.0,0.0,0.0,0.0,0.0,0.0,0.0,0.0,0.0,0.0,0.0,0.0,0.0,0.0,0.0,0.0,0.0,0.0,0.0,0.0,0.0,0.0,0.0,0.0,0.0,0.0,0.0,0.0,0.0,0.0,0.0,0.0,0.0,0.0,0.0,0.0,0.0,0.0,0.0,0.0,0.0,0.0,0.0,0.0,0.0,0.0,0.0,0.0,0.0,0.0,0.0,0.0,0.0,0.0,0.0,0.0,0.0,0.0,0.0,0.0,0.0,0.0,0.0,0.0,0.0,0.0,0.0,0.0,0.0,0.0,0.0,0.0,0.0,0,0,0,0,0,0,0,0,0,0,0.0,0.0,0.0
110576>110589,719,719,SFDu,Stratford,Elizabeth Line // EB,719,SFDu,Stratford,LO Mildmay // WB,Alight-Interchange-Board,1133.646401226385,36.961155326385,212.79133666,216.5713355400001,380.984972,190.3756298,95.9619719,1.2644699e-05,3.3199277e-05,0.08091430527700001,1.998707705277,4.796495905277,6.833515060578001,10.292525506,12.958951,15.4792828,14.7310242,21.0450758,21.2762354,26.7580594,25.2286484,26.677441,19.1853066,16.97404772,9.66739218,8.62211458,7.14670858,8.73600458,8.21661486,9.0106742,8.51121446,9.04228846,7.87801276,9.13585816,9.31589056,9.8973149,8.84574542,8.92905022,8.29486782,8.36391262,7.942874740000001,8.37038942,8.722736520000002,9.62349412,9.54807352,9.77443,9.597972400000002,10.1830754,9.0987332,9.7096516,9.8224556,11.7184058,11.2412358,14.1821584,21.340746,28.5755812,33.2035526,45.7234014,49.2677254,49.3387512,44.07937579999999,41.5504982,30.7635402,26.6098958,20.9876314,22.4643854,17.69040725999999,17.82294086000001,15.59495512,13.36631232,9.52080406,12.097403,9.7721883,11.77020844,12.67849784,15.3390135,13.7714397,13.841144,10.65954242,9.095388560000002,5.6351209,7.489508300000002,6.052040100000001,5.732384680000001,4.50843354,3.8379562,0.0,0.0,0.0,0.0,0,0,0,0,0,0,0,0,0,0,0.0,0.0,0.0
110576>110590,719,719,SFDu,Stratford,Elizabeth Line // EB,719,SFDu,Stratford,DLR (Stratford route) // OB,Alight-Interchange-Board,955.8778749458628,17.79145384586301,138.42725688,144.39611432,375.9000909,128.59338416,150.76957484,1.42245768e-07,2.71972602e-07,0.007047449172602001,1.593664649172602,1.989887789172602,2.540029126926834,5.0188395972,6.641984820000001,7.06277442,7.82286828,10.8085498,10.421322,12.3301468,15.8775252,16.8577448,14.8585162,14.1358728,11.77252174,8.979058340000002,7.500356500000001,7.393129160000001,6.655316880000001,6.7453258,4.7634418,6.05864144,5.23185526,5.5547144,5.34262334,5.58882954,4.31707994,4.513976919999998,4.12373026,4.03857686,3.86718034,3.84256606,3.9900934,4.459079320000002,4.236071320000002,5.11748984,6.299893920000001,7.46424622,9.2883725,12.6494627,12.8544171,15.4632933,17.4269058,19.9842138,22.211845,26.3965962,34.5540646,44.54952660000001,45.4640728,46.24816480000001,43.66193620000001,35.4569034,24.4825684,24.03762780000001,18.30515526000001,16.25059516,14.17295776,12.33428276,7.27308876,7.106874700000001,6.38230914,5.66182354,5.368390740000001,6.05870624,5.6415723,6.869314560000001,6.927799360000002,7.571659660000003,7.345031160000001,8.7675263,8.3326299,13.4989597,21.9959182,21.3555864,19.1306758,17.5778126,10.7507346,0.6459266000000001,0.0,0.0,0,0,0,0,0,0,0,0,0,0,0.0,0.0,0.0
110576>110592,719,719,SFDu,Stratford,Elizabeth Line // EB,719,SFDu,Stratford,DLR (Stratford Int'l route) // OB,Alight-Interchange-Board,1205.81255391,26.84137419,203.01231598,303.7194858400001,393.5566444,152.2842578,126.3984757,0.2246859,0.2320185820000001,1.626104782,2.868478622,3.330576222,4.501821842000001,7.39658496,6.66110328,8.31998484,13.27237124,14.25506952,15.72438752,24.224633,23.73354,22.3707932,23.1929748,20.8685402,14.126002,13.25724632,9.66677334,8.893328940000002,9.119906940000002,8.924502940000002,9.32912322,11.3401282,11.3638214,11.1509366,11.3192482,13.1889766,14.0975148,14.2501414,14.6761956,15.1556296,13.758083,13.3065864,13.0947892,13.5621816,13.46746,13.5631352,13.2884692,14.5485804,13.7081596,13.1848676,15.4277192,15.9509926,13.461793,23.05245080000001,26.9965898,32.08550220000001,42.205046,49.70480680000001,46.68855360000001,46.359515,41.83982520000001,30.8766502,24.3349192,17.962025,15.5411704,12.607288,10.781866,12.0312738,12.312003,11.3107918,11.0102354,13.10366200000001,12.3819802,11.8303142,11.411648,11.1289792,10.8537944,9.76490614,8.36346642,7.53840902,6.05156178,7.93578618,6.57198424,14.51478616,13.31483536,12.992832,8.7815008,8.585633999999999,0.0,0.0,0,0,0,0,0,0,0,0,0,0,0.0,0.0,0.0
110576>110593,719,719,SFDu,Stratford,Elizabeth Line // EB,719,SFDu,Stratford,DLR (Stratford Int'l route) // IB,Alight-Interchange-Board,624.814954387528,4.499375425528,36.143589034,138.739238728,224.96802198,155.9612644,64.50346481999999,7.072146399999999e-06,1.44875056e-05,0.1402891275056,0.2560001675056,0.3027046295056,0.8071873573592,1.437683262,1.555489322,2.159050142,3.80159408,3.93923298,3.622794320000001,4.388574220000002,4.18459136,2.9527469,2.50446855,2.57832189,1.739907684,1.992568744,2.279738164,2.484211574,2.853969694,3.6811917,3.63630602,4.43678996,4.6819639,4.73151858,5.702304880000002,6.298221760000001,6.15515736,6.551660260000001,6.72279392,5.70630576,5.6341199,4.92815532,5.76156552,6.321925,6.467197540000001,6.713648400000001,8.02119308,8.42706638,7.411889180000001,8.0681197,7.341963339999999,7.37808394,6.49652304,10.7030083,14.5293157,18.2197538,21.926627,26.6785326,26.1941396,25.2793336,25.72179180000001,22.8785132,18.9623994,16.65928640000001,14.7975124,13.742529,13.02097,12.4167656,12.912125,12.4720122,11.2240198,11.8306744,12.7438412,12.438905,11.7026234,11.3767326,10.5743864,9.42022354,7.84649198,7.11027058,4.897187016,4.363382536,3.087341904,2.528124264,1.622543064,1.564507028,0.112273908,0.0,0.0,0.0,0,0,0,0,0,0,0,0,0,0,0.0,0.0,0.0
110577>110501,719,719,SFDu,Stratford,Elizabeth Line // WB,719,SFDu,Stratford,EntEx,Alight-Exit,3384.674075800001,198.5707065,1119.4674558,1105.1913034,721.3803655999999,194.8723799000001,45.1918646,5.46643934,10.09159534,12.38902654,16.42283014,22.66014634,34.6513916,42.6635602,54.225717,63.9313214,74.23424859999999,76.85092259999998,90.39647399999998,96.98848,108.299886,114.994068,112.842604,113.608532,105.646776,90.7823526,70.89179060000002,67.9132792,51.59606160000001,48.48979820000001,45.8129596,48.7106596,46.5396482,45.31113040000001,43.76216660000001,46.5080586,43.21933120000001,43.96245,47.94982340000001,46.0229252,44.92078780000001,46.5044708,45.3550528,42.0688916,43.28211780000001,42.05424840000001,39.49231680000001,41.78271400000001,39.9873084,46.93435960000001,47.01074360000001,52.8872488,57.1688036,61.30661120000001,60.4000192,67.678822,71.5988548,71.81068880000002,68.950856,67.003889,57.2876114,47.9919568,37.295004,32.19461800000001,24.3698342,22.4739558,18.0790227,17.04081200000001,14.6461468,13.5593385,11.8779029,11.2008006,10.3455051,9.897940900000002,9.1865024,8.775357099999999,7.627866420000001,6.751297940000001,5.49873858,4.273167399999998,3.27396458,2.39489526,1.83432074,1.69115166,1.32532244,0.74863816,0.74863816,0.2485061600000001,0.0,0.0,0,0,0,0,0,0,0,0,0,0,0.0,0.0,0.0
110577>110514,719,719,SFDu,Stratford,Elizabeth Line // WB,719,SFDu,Stratford,Central // EB,Alight-Interchange-Board,997.1886932800003,41.42847316,301.5459256,230.8131345,269.105565,116.68318284,37.61241218000001,0.0,0.7063574400000001,0.8983555520000002,2.150742152,4.605947952,8.099743352,10.369425312,14.5979014,17.8125364,23.3314914,27.0150924,33.01832700000001,34.9522844,35.2815256,31.93237580000001,28.24091940000001,22.991468,18.6167544,15.6737154,12.6794354,11.1597236,9.116983099999999,8.8536259,8.789805099999999,9.3098179,8.75796262,8.54349552,8.431211320000001,8.81069232,8.009992780000001,8.083673560000001,9.36731416,8.611447700000001,8.04232356,8.708948699999999,9.0561832,8.9320118,10.14038846,10.0996148,10.3366148,11.3957466,11.2025006,12.80108,14.2519764,16.4067726,18.9633276,20.3525626,21.609302,24.5796914,25.504977,26.0761136,26.6779576,26.3791376,23.3273012,21.6076824,17.62073939999999,15.377371,12.12889206,11.14272486,9.63513226,10.10289406,9.277033,9.25825614,8.84370704,8.83242584,7.564266120000001,7.320947380000002,7.199533080000001,6.737936780000001,5.21519792,4.772982000000002,4.162198800000001,3.83128096,3.62367646,3.05115672,2.461999060000001,2.021785344,1.128287684,0.269769184,0.269769184,0.066372084,0.0,0.0,0,0,0,0,0,0,0,0,0,0,0.0,0.0,0.0
110577>110515,719,719,SFDu,Stratford,Elizabeth Line // WB,719,SFDu,Stratford,Central // WB,Alight-Interchange-Board,6564.199985600004,692.1117276,2958.775666,1666.9138848,842.5989892,293.1976958,110.6020222,2.118513580000001,10.75126498,19.66840698,48.44859498,89.86540568000002,137.6629154,174.325056,209.27157,258.607258,279.715742,278.200284,294.319716,312.7959,273.40428,270.019528,241.699436,239.685936,198.727588,175.766808,135.83319,137.20089,96.26885,93.78586,96.683228,95.40058,85.36522100000002,79.63937500000003,72.7537362,69.00105020000001,60.0123654,59.64715160000001,64.1173196,57.6340786,52.8370176,53.79645240000001,54.96077580000001,49.35943280000001,54.66412920000001,54.23212680000001,54.01540680000001,55.73889220000001,54.48864580000001,58.11321720000001,57.19808260000001,63.7229826,72.50943360000002,74.89351260000002,76.37816260000002,87.7323806,86.9530946,80.44336559999998,76.52563939999997,72.77136259999999,59.55997320000001,50.6170744,40.49200740000001,37.132209,29.5320018,27.2750772,24.6511058,23.0623892,21.3104258,21.8106768,21.7090672,21.44859080000001,22.1222954,22.1050476,21.03880920000001,19.8690758,17.3516294,17.289969,15.2216802,12.9995242,10.6335436,8.9665826,4.444024000000002,2.813453,1.0125404,0.0,0.0,0.0,0.0,0.0,0,0,0,0,0,0,0,0,0,0,0.0,0.0,0.0
110577>110522,719,719,SFDu,Stratford,Elizabeth Line // WB,719,SFDu,Stratford,Jubilee // NB,Alight-Interchange-Board,6669.381414400001,1221.333382,2360.322928,1792.803853,824.9425286,348.596085,121.3826378,14.8678632,48.09018119999999,62.63456519999999,108.8216172,201.1572492,254.207952,253.192156,278.361798,275.104778,214.7747680000001,188.890758,219.884602,231.950672,223.461768,223.60239,212.392602,186.701294,145.324746,129.766234,108.468316,105.238206,82.93574400000001,82.5237396,77.92484560000003,71.95578360000002,66.33877960000001,64.4905336,66.78023920000001,66.8580412,64.4752364,66.96749840000001,82.64614840000002,77.65484980000002,79.48165180000002,86.11282779999999,88.53429980000001,77.98713900000001,82.42232840000001,76.66335040000001,68.60082440000001,65.92444840000002,63.62976520000001,65.08040720000001,61.57716520000001,66.157684,66.155175,65.503973,68.577267,81.22795699999999,81.20322300000002,82.59718800000002,77.439436,74.88068799999998,62.57948800000001,55.2714624,43.3489872,39.9479598,31.492278,31.609942,31.7487948,33.1792624,30.1043928,30.4759186,26.8289598,24.4286584,22.7822008,23.2880816,22.709636,23.3454454,21.189947,19.1377312,17.4655756,13.29523988,10.40329368,7.61610028,5.091585280000001,2.34755508,1.4901644,0.0,0.0,0.0,0.0,0.0,0,0,0,0,0,0,0,0,0,0,0.0,0.0,0.0
110577>110582,719,719,SFDu,Stratford,Elizabeth Line // WB,719,SFDu,Stratford,NR Great Eastern // DN,Alight-Interchange-Board,49.80993803960001,1.7662353616,8.821330806,13.524714581,19.672245094,5.5276684774,0.4977437196000001,0.0013708844,0.0013708844,0.0454967844,0.1297454444,0.23481306,0.289737608,0.3924741880000001,0.6712265079999999,0.7343328080000001,0.8115836160000001,0.8278616980000001,0.8889202320000001,0.6994467200000001,0.5996952480000001,0.45924312,0.8558830300000001,0.779128644,0.6877345659999999,0.710120152,0.767380972,0.399627112,0.3366513972,0.3255347072,0.2981872232,0.2313110892,0.1440470622,0.1345973070000001,0.1576915130000001,0.192042857,0.215525745,0.315563652,0.401035942,0.630460856,0.6247873880000001,0.5862181340000001,0.6466311739999999,0.6834685859999999,0.426967864,0.464184128,0.8303700479999999,1.080458848,1.310708948,1.53020129,1.55844171,2.20875689,1.904607502,1.883617702,2.035031782,1.993562132,1.429561052,1.77089936,1.4317590748,1.3283810948,1.4616312348,1.1863485548,1.0380887148,1.08550162,0.79106084,0.5985595,0.55982684,0.29660885,0.33178231,0.361807274,0.442074742,0.303437636,0.318259666,0.228628326,0.2101208734,0.1548972174,0.1365141434,0.07261662340000001,0.07261662340000001,0.061099112,0.0,0.0,0.0,0.0,0.0,0.0,0.0,0.0,0.0,0.0,0,0,0,0,0,0,0,0,0,0,0.0,0.0,0.0
110577>110583,719,719,SFDu,Stratford,Elizabeth Line // WB,719,SFDu,Stratford,NR Great Eastern // UP,Alight-Interchange-Board,1189.658186610322,288.358075,60.62076740000001,506.2991854442001,238.6948319847,80.32249214164,15.3628346397815,0.0,30.632062,34.89014460000001,34.89014460000001,63.36698260000001,63.36698260000001,32.7349206,28.476838,28.476838,0.0,0.0,0.0,0.0,0.0,0.0,0.0,0.0,0.0,11.797551,20.34637840000001,20.3558532676,32.5178466676,37.0779144676,33.98066246760001,25.43469579520001,33.44914092760001,24.3203881276,27.3927293276,18.7426974576,24.04491133,18.56003113,22.38790253,14.75549353,19.682645,16.8166938,20.148012,13.28763874788,17.92987574788,14.66085024788,16.90734084788,11.03798219258,15.3534548447,11.0569774447,16.3974475447,12.5038035047,17.88537376,17.22783896,23.91346936,21.18410956,23.660534,24.9326054,26.6051974,22.9943634,18.67486,15.96264532,13.15003132,8.77784542,7.708650420000001,7.936534760000002,10.07985084,6.23809504424,5.279012344240001,4.273115344240002,7.097034004240001,4.39753820424,6.1303412,6.13053201022,6.273942550220001,3.22223541875,3.22223541875,1.48916121875,2.676996748530001,1.1881231298243,1.1880272612943,1.1880272612943,1.1880272612943,9.212942999999999e-07,0.0,0.0,0.0,0.0,0.0,0.0,0,0,0,0,0,0,0,0,0,0,0.0,0.0,0.0
110577>110584,719,719,SFDu,Stratford,Elizabeth Line // WB,719,SFDu,Stratford,NR Weaver // DN,Alight-Interchange-Board,1521.720070599999,294.1466537,854.898945,160.28622728,148.73887734,49.63874404000001,14.01062324,0.12688522,5.15122562,5.15122562,5.15122562,44.02097962,59.9715484,76.76410720000001,97.80945640000002,129.9653164,107.8836624,110.0308064,103.70414,99.64890159999999,75.3425282,64.6414532,51.4413296,43.2089154,28.18730080000001,22.1475222,18.6970688,16.2737654,11.2472348,10.6083544,9.98519588,8.580857139999999,6.8237826,5.51117708,5.36881942,5.144252539999999,4.849494780000001,4.324255600000001,4.60932212,4.72062232,4.63392286,4.98118216,5.39769036,5.16259136,4.87804974,4.74712634,4.9656082,5.637134820000001,6.118826820000002,7.469214900000001,8.247745640000002,9.27340818,12.04048528,13.87621888,11.51181408,16.3738336,18.7728296,17.1601479,13.8740723,15.7221645,10.23536784,5.307493040000002,4.59104214,5.02424198,4.62971058,4.51607638,5.284804360000001,4.09015276,4.3464482,3.42414694,3.32556224,3.08494782,3.61071316,3.986046480000001,4.31589314,4.17327168,4.000224820000001,2.82427448,1.75944588,0.8983396800000001,0.3550667,0.0,0.0,0.0,0.0,0.0,0.0,0.0,0.0,0.0,0,0,0,0,0,0,0,0,0,0,0.0,0.0,0.0
110577>110585,719,719,SFDu,Stratford,Elizabeth Line // WB,719,SFDu,Stratford,NR Weaver // UP,Alight-Interchange-Board,0.0,0.0,0.0,0.0,0.0,0.0,0.0,0.0,0.0,0.0,0.0,0.0,0.0,0.0,0.0,0.0,0.0,0.0,0.0,0.0,0.0,0.0,0.0,0.0,0.0,0.0,0.0,0.0,0.0,0.0,0.0,0.0,0.0,0.0,0.0,0.0,0.0,0.0,0.0,0.0,0.0,0.0,0.0,0.0,0.0,0.0,0.0,0.0,0.0,0.0,0.0,0.0,0.0,0.0,0.0,0.0,0.0,0.0,0.0,0.0,0.0,0.0,0.0,0.0,0.0,0.0,0.0,0.0,0.0,0.0,0.0,0.0,0.0,0.0,0.0,0.0,0.0,0.0,0.0,0.0,0.0,0.0,0.0,0.0,0.0,0.0,0.0,0.0,0.0,0.0,0,0,0,0,0,0,0,0,0,0,0.0,0.0,0.0
110577>110589,719,719,SFDu,Stratford,Elizabeth Line // WB,719,SFDu,Stratford,LO Mildmay // WB,Alight-Interchange-Board,2894.98314776,372.6958977,1388.8507028,531.1423606000001,404.7300468,163.04700052,34.51713934,0.31906094,2.20744034,6.05614594,15.70642794,51.65161594,84.264031,100.0948896,112.396286,126.290274,126.809046,130.401118,141.7076860000001,146.720916,151.62925,138.165326,112.4676974,103.7998494,90.93045440000002,68.5931928,51.3358928,47.1756984,32.0466772,26.5389512,25.8881336,24.8487876,21.3999434,19.497553,20.5417364,19.22721240000001,18.1900188,17.86118320000001,21.48854080000001,18.867365,18.7504536,18.7030542,20.5057392,17.2936712,19.6203546,17.7285524,19.0592224,19.067341,18.922063,22.474407,25.445701,29.1496512,32.29594640000001,35.9221944,32.29036780000001,39.942998,37.8087828,39.0441948,36.54297279999999,39.0845914,30.0716466,29.33262220000001,23.2440784,22.1929668,18.5570506,17.052928,14.232784,14.9585796,13.0643696,12.509925,12.1853988,11.5507348,9.2400636,9.0302865,8.471913220000001,8.025644119999999,6.2449504,5.71426854,4.77504894,3.589026532,2.458816292,1.914140412,1.037685672,0.410419972,0.34713846,0.0,0.0,0.0,0.0,0.0,0,0,0,0,0,0,0,0,0,0,0.0,0.0,0.0
110577>110590,719,719,SFDu,Stratford,Elizabeth Line // WB,719,SFDu,Stratford,DLR (Stratford route) // OB,Alight-Interchange-Board,1974.861171800001,206.2503161,846.4660884,509.2802874,281.9032874,81.14125492,49.81993758,3.44855726,6.83573186,12.35457686,17.30933026000001,25.08746506,41.13074160000001,47.3665864,52.7173268,60.2242614,63.7778296,67.0142964,84.041477,90.6670216,95.7546088,97.3628028,84.30287840000001,68.10400899999999,56.8106074,44.1792364,34.2270596,33.478264,28.1159212,27.060364,27.0675278,24.9126108,22.0040096,20.6930908,19.7026924,19.4971838,19.9088274,19.395787,21.121324,19.8539482,18.4935022,17.8984556,19.2158136,17.0042944,16.6258968,17.117169,17.471144,17.6599964,18.23569100000001,22.6597226,24.0870508,26.0150506,28.06572420000001,28.4175732,26.7911304,26.8845878,26.9203834,25.3204112,23.44594020000001,21.8864248,19.0611706,15.736274,13.358617,12.59575626,10.24774146,8.95573246,7.571220660000002,6.75208296,6.2412129,5.800987,5.20165372,4.84736552,4.451855020000001,4.329600620000001,4.14604634,4.50558202,4.504168780000001,4.075475640000001,3.47498254,3.02689786,3.29080186,2.5699513,3.64221124,5.51280094,5.1846078,3.9065934,3.9065934,2.2192708,0.0,0.0,0,0,0,0,0,0,0,0,0,0,0.0,0.0,0.0
110577>110592,719,719,SFDu,Stratford,Elizabeth Line // WB,719,SFDu,Stratford,DLR (Stratford Int'l route) // OB,Alight-Interchange-Board,795.4144699403003,92.76353878,304.15464532,175.44345934,161.2043574000001,41.44747108000001,20.4009980203,0.6504609600000001,3.985494360000001,5.450496620000001,8.13297662,15.0471943,17.54489466,20.39096366,21.5610576,29.32010660000001,32.96287460000001,34.89842460000001,36.4297922,38.892697,32.5950474,25.5861952,22.864336,17.2874694,13.9176648,10.65685406,8.743183460000001,10.22662126,10.28190286,9.79934912,10.41652336,9.94055066,7.815321660000001,6.453695660000001,6.297823500000002,6.2866126,6.0527809,5.724338800000001,6.948105400000001,6.735316300000001,6.249203100000001,5.869889440000001,5.864999200000002,5.00841888,5.30996904,5.30717304,5.756245400000001,6.26546248,7.867046,8.638289440000001,10.32782124,12.73089514,14.347581,15.4707128,18.1347998,17.6925536,18.2133574,17.297408,13.92424988,11.34675128,10.37201408,6.70676818,4.967266240000002,4.980902120000001,3.56131742,3.05978374,3.14859844,3.727820380000001,3.67524354,3.634312840000001,3.49469802,3.334051580000001,2.89274382,2.88756562,3.05043356,3.22681196,3.2877418,3.2618089,3.10163942,2.538457312,1.827046372,1.241970972,0.61577919206,0.45827785206,0.28274402006,0.18625386006,0.18625386006,0.1862125,0.0,0.0,0,0,0,0,0,0,0,0,0,0,0.0,0.0,0.0
110577>110593,719,719,SFDu,Stratford,Elizabeth Line // WB,719,SFDu,Stratford,DLR (Stratford Int'l route) // IB,Alight-Interchange-Board,103.7891663050029,13.743588667,45.071026572,27.565992718,11.100026778,5.141176248000001,1.167355322002887,0.1082571014,0.2213050014,0.2646720514,0.6434489114,1.7273402014,2.22870707,3.982702970000001,4.567155360000001,5.825059900000001,5.479421620000001,5.209896680000001,4.2260356,4.64172276,3.40143652,2.84585206,3.72512398,3.22346812,2.36733822,2.081802966,2.043868146,1.499804806,1.366333446,1.330193926,1.378605772,1.419617392,1.118769492,0.9805363720000002,1.176095032,1.106081384,1.042369044,0.8740136480000001,1.040384908,0.738052852,0.6832495040000001,0.526513908,0.615279524,0.588617744,0.946924,1.125196024,1.36212806,1.40499496,1.7915138,1.75779174,1.69292538,1.53705827,1.362369784,1.025214284,0.8620144040000001,0.81104661,0.895561,1.014024446,0.78092623,0.78035385,0.8549350440000001,0.659502652,0.517020204,0.5916054399999999,0.48646562,0.39320614,0.396327902,0.5077828839999999,0.4546285640000001,0.407433516,0.419172956,0.4616839740000001,0.352905908,0.2992938080000001,0.370669536,0.2978007852,0.2364449692,0.2097667978,0.2065879538,0.08230206677199997,0.065237307742,0.038591555742,0.03048792129457751,6.39098005775e-05,3.32168285775e-05,1.29466585775e-05,1.29466585775e-05,1.2944506e-05,0.0,0.0,0,0,0,0,0,0,0,0,0,0,0.0,0.0,0.0
110582>110501,719,719,SFDu,Stratford,NR Great Eastern // DN,719,SFDu,Stratford,EntEx,Alight-Exit,1796.75210314,36.93500176000001,93.36854138000001,363.0658477000001,774.7374288000001,329.8686885,198.776595,3.535453400000001,3.535453400000001,4.685285080000001,4.811605048000001,4.157368248000001,5.427393648000001,5.756410048000001,5.026032888,6.103187920000001,5.61282524,4.1851211,4.78563598,6.18116866,7.28924426,7.528783699999999,8.90152664,11.06703736,11.13890436,10.04911276,10.5259934,9.839493,7.894218500000001,6.6639393,7.4977841,8.904768500000003,9.062128699999999,9.4530076,11.4491054,12.9059096,12.0586072,12.0477322,13.7291276,15.466345,15.554753,16.2794206,19.42735,20.90395100000001,19.5815544,18.22637700000001,20.0424302,22.7182324,24.3529568,23.7203696,25.286286,31.3639378,27.4286172,36.25006000000001,52.98867560000001,68.29750940000001,77.39345460000001,94.586782,94.471482,90.7099672,80.7502924,66.350712,54.14593860000001,48.39161540000001,37.1148186,31.2924752,31.9157532,30.7292016,24.8808404,23.2105819,23.9637213,22.4899985,17.8643381,17.1737281,20.8416162,19.2566366,16.5450656,16.683213,21.06265740000001,14.9298174,18.829319,16.744678,16.788172,9.662512,16.0823224,9.676290400000001,9.676290400000001,6.4198104,6.4198104,0.0,0,0,0,0,0,0,0,0,0,0,0.0,0.0,0.0
110582>110514,719,719,SFDu,Stratford,NR Great Eastern // DN,719,SFDu,Stratford,Central // EB,Alight-Interchange-Board,413.0323570942998,0.6252485206,4.429706975699999,45.156124308,245.0318661600001,88.10200721999999,29.68740390999999,0.0,0.0,0.023699905,0.06941096499999999,0.08097701239999999,0.1060794964,0.1461522304,0.1989289114,0.1549314114,0.1441520864,0.4123957424,0.4603519584,0.4403800384,0.4618803944,0.46144556206,0.31399993406,0.39154653606,0.36753604206,0.37116407006,0.4499232000000001,0.524691448,0.4345945860000001,0.501273084,0.73643148,0.75135506,0.6855030459999999,0.8041801559999999,1.063652526,1.030539626,1.124624592,1.293630086,1.331067586,1.552508346,1.649560626,1.78750226,1.81468296,2.18947494,2.22366826,2.523414,3.079144100000001,4.260928760000001,4.626134760000001,4.42461044,4.742951580000001,6.01911048,5.432588279999999,9.1615258,14.559341,18.3324244,23.37914720000001,30.45170580000001,30.39655660000001,31.0350878,30.57552560000001,25.6228288,20.0660244,18.2064086,12.53464834,8.919426699999999,8.3636241,7.328779699999999,5.17512716,4.85105628,5.46302538,4.87110058,3.93187972,3.85895586,4.5979748,3.69149534,3.42482264,3.65929534,4.61068028,3.418391280000001,3.7612712,2.9236951,2.324286706000001,0.8137143659999999,0.8137143659999999,0.123018646,0.123018646,0.0,0.0,0.0,0,0,0,0,0,0,0,0,0,0,0.0,0.0,0.0
110582>110515,719,719,SFDu,Stratford,NR Great Eastern // DN,719,SFDu,Stratford,Central // WB,Alight-Interchange-Board,163.497160800472,1.9964164175544,20.1331121049176,48.37041772200001,26.601963032,23.244482914,43.15076861,0.0,0.0,4.819406e-05,0.05875074606,0.16012120606,0.5924285460600001,0.5925536720800001,0.5925140532344001,0.7251283212344002,0.7301113812344,0.3786388292344,0.6238323632144,1.103257128,0.984326114,1.507369514,2.541307126,3.137866126,2.910184926,2.874151888000001,2.616938388,1.905105028,1.454108048,1.391926648,1.78842468,1.8566194,1.67873822,1.43783793,1.91190299,1.766804350000001,1.46557611,1.336650462,1.492577172,1.512739112,1.474836132,1.560387612,2.07568294,2.68465204,2.4712085,2.81570666,3.16665226,3.36928472,2.84637328,2.67592712,2.230696308,2.308699328,1.691725748,1.725321228,1.526521488,1.9247597,1.8537924,2.19688138,2.15306476,2.6899693,2.81196196,2.86632574,2.85294,3.22210022,2.88404974,2.371286912,1.7365154108,1.7303214508,1.3441046108,1.2800008908,1.4557903988,1.9699941,1.95860074,1.70555528,1.58616316,2.00699052,1.526382476,1.07980617,5.70227183,5.58580531,7.40981747,7.373946834,7.3113208,2.5772136,2.5772136,0.0,0.0,0.0,0.0,0.0,0,0,0,0,0,0,0,0,0,0,0.0,0.0,0.0
110582>110522,719,719,SFDu,Stratford,NR Great Eastern // DN,719,SFDu,Stratford,Jubilee // NB,Alight-Interchange-Board,639.800035882,0.9039937296200002,7.667289010379999,56.351893742,128.0342389,265.7580844,181.0845361,0.0,0.0,0.08844655200000001,0.1494307040000001,0.1507536404600001,0.15145298172,0.19884728772,0.16506256372,0.10493828652,0.10426213054,0.18823920328,0.14250356668,0.2831291446800001,0.36178368988,0.4405687054,1.1698045914,1.323548356,1.13040216,1.054476656,1.36363252,0.9317814400000002,0.908638486,1.014092556,1.47521998,1.31586454,1.0999179,1.26792192,1.39613756,1.37778314,1.2831217,1.96566872,1.9352939,2.91263878,3.22920058,3.51158394,3.03013778,3.34918038,2.3885109,1.88810066,2.22476632,3.80162568,4.370358120000001,4.38306342,5.29128534,6.498792140000001,4.94814786,5.35056994,8.05347912,9.89661032,11.07891972,13.6345696,15.3267458,14.7369622,13.83965,12.5958408,12.0739514,12.8142218,11.2861331,10.37669396,12.80101016,16.73233476,14.00736216,20.81969766,28.9537552,33.2542282,29.558425,35.5025872,39.6516352,31.352847,23.74603706,30.93134666,25.45528126,13.64366926,18.60823166,17.59062560000001,7.742603600000002,6.006947,6.006947,0.0,0.0,0.0,0.0,0.0,0,0,0,0,0,0,0,0,0,0,0.0,0.0,0.0
110582>110576,719,719,SFDu,Stratford,NR Great Eastern // DN,719,SFDu,Stratford,Elizabeth Line // EB,Alight-Interchange-Board,796.1809666699999,6.110850110000001,31.19068456000001,183.7844016,357.135071,126.990281,90.96967839999999,0.0,0.0,0.52469168,0.615968714,0.615968714,1.276304834,1.638988734,1.438927434,2.04691654,2.7047894,2.04445328,2.55412094,2.67143988,2.3707294,3.292219020000001,3.292219020000001,3.05248186,2.8788109,2.48025524,1.80224908,2.24094642,2.53967434,2.950301580000001,3.926807380000001,3.76640806,3.95294356,4.03367036,4.35902136,4.20881522,4.566134620000001,4.94126008,5.618624160000001,5.52771976,5.84011744,6.30152604,8.526823140000001,9.70552274,11.33326754,12.7698222,14.111694,13.6834078,14.4909106,18.4821176,15.9068656,16.4078452,15.3585792,21.7177588,17.5820642,31.2524522,34.0888838,46.90022860000001,38.873593,46.7979836,38.3976888,32.1587208,17.5992728,16.6403519,9.8044371,6.397021100000001,8.9161087,11.0588987,12.0939024,10.1650962,10.629676,9.9248048,9.496299700000002,9.0252603,12.8384241,10.5111671,8.6969507,13.797759,12.184536,6.8150932,6.8150932,6.8150932,5.0667972,5.0667972,5.0667972,5.0667972,5.0667972,0.0,0.0,0.0,0,0,0,0,0,0,0,0,0,0,0.0,0.0,0.0
110582>110577,719,719,SFDu,Stratford,NR Great Eastern // DN,719,SFDu,Stratford,Elizabeth Line // WB,Alight-Interchange-Board,24.20279688175001,0.2098563732800001,10.14058212196,2.836543977728,5.497625841782,2.408362364,3.109826202999999,0.00053649562,0.00053649562,0.00131566114,0.0018562213,0.00258656068,0.06540613928000001,0.06742162288000003,0.07019717676000002,0.07543855260000001,0.08275307940000001,0.1184870734,0.2951284778,0.5465997384000001,1.5555688624,1.750393408,1.737686148,1.741456928,1.4886764924,0.4749529404800001,0.2734404210800001,0.18813894628,0.00632421068,0.004539237240000001,0.00425215002,0.003453285620000001,0.00326045836,0.00353357946,0.0046934716,0.007600617740000002,0.07190656154,0.0944964616,0.1112338121,0.134648479,0.1599430560000001,0.098513055,0.150780025,0.1350074492,0.1750683392,0.14652040878,0.14332481898,0.33096567098,0.32942421038,0.2645055083539999,0.264410164614,0.264157142614,0.177845542614,0.614614415014,0.6417363430399999,0.7311631292,0.7314488281000001,0.7194384481000001,0.3315614341000001,0.3123288453,0.3183588373000001,0.3681958512,0.2867770252,0.2880046492,0.284849119,0.192836588,0.147426627,0.0700672168,0.1560989568,0.1852672918,0.2355347268,0.2767465738,0.287541812,0.1560442172,0.1279445856,0.0755153716,0.1997684856,0.4149398236,0.6039519784,0.597972148,0.59666122716,0.42623076716,0.19424556716,0.00027041716,0.00027041716,0.0,0.0,0.0,0.0,0.0,0,0,0,0,0,0,0,0,0,0,0.0,0.0,0.0
110582>110584,719,719,SFDu,Stratford,NR Great Eastern // DN,719,SFDu,Stratford,NR Weaver // DN,Alight-Interchange-Board,41.58024747292001,2.6300064e-05,3.260600383474,8.626819114582002,17.59132902,11.864902658,0.2365699968000001,0.0,0.0,0.0,0.0,6.575016e-06,6.575016e-06,6.575016e-06,6.575016e-06,1.339436e-05,6.819344000000001e-06,1.3953656e-05,1.3953656e-05,0.642929433656,0.6429226143119999,0.6429226143119999,0.642932009768,0.642944766298,4.707670400000001e-05,4.707670400000001e-05,0.045806670704,0.04581466247,0.17288174594,0.172863955534,0.233394215534,0.187680423164,0.25031487363,0.12323503363,0.123300872618,0.06286715871399999,0.112420089084,0.04976111708400002,0.120416397084,0.392922618096,0.5105873320000001,0.4609886000000001,0.517860932,0.7802117320000002,0.6138692400000001,0.4961079800000001,0.62207398,0.8491829280000001,0.646840788,0.5406112200000001,0.5406112200000001,0.7347172200000001,0.4507359400000001,1.21150428,1.21150428,1.6442494,2.05689058,2.69261612,1.80118384,2.02549868,1.82679608,1.0940829,0.8415497000000001,1.7188301,1.83844818,1.60440566,1.97930288,1.751434,0.931623654,0.5876907339999999,0.5876907339999999,0.309233304,0.22372784,0.166257786,0.166257786,0.1663566289600001,0.06991683896,9.884296e-05,9.884296e-05,9.884296e-05,0.0,0.0,0.0,0.0,0.0,0.0,0.0,0.0,0.0,0.0,0,0,0,0,0,0,0,0,0,0,0.0,0.0,0.0
110582>110589,719,719,SFDu,Stratford,NR Great Eastern // DN,719,SFDu,Stratford,LO Mildmay // WB,Alight-Interchange-Board,104.9808473929781,0.0195025201611,2.624896807607001,12.81260958121,54.26323944000001,30.358101296,4.902497748000001,0.0,0.0,2.8558982e-07,3.919791382e-05,0.00012001971182,0.00017701571182,0.006280448911820001,0.012885552322,0.039706367998,0.0489596068,0.0511934866,0.0450905500418,0.0489231324418,0.05316453244180001,0.08115855384180001,0.2347458640418001,0.4103800274000001,0.5065486360000001,0.551795396,0.5532306540000002,0.5762979140000002,0.487928614,0.381322034,0.3751151700000001,0.3449887947999999,0.1971243008,0.1267310668,0.1673437768,0.1485456448,0.237635574,0.26361043,0.246808863442,0.309005673442,0.400366469442,0.392766399442,0.542838951442,0.7614872719999999,0.927768312,0.7850646240000001,1.04719682,1.12615936,1.05103736,0.8134730880000001,1.101993068,1.504223908,1.621143128,2.232554368,4.39410408,4.6430683,5.27237094,5.57341884,6.28407406,5.048459600000001,6.658781800000003,5.459413187999999,5.571627228000001,5.299104767999999,4.908316628,3.259688488,3.32144818,3.06882258,2.32482644,1.963829,1.68966092,1.61859854,1.21074312,0.815879806,0.8771828259999999,0.6521726459999999,0.5452956999999999,0.51388676,0.672105374,0.4051263940000001,0.637006854,0.5687626000000001,0.4443805000000001,0.23188046,0.23188046,0.0,0.0,0.0,0.0,0.0,0,0,0,0,0,0,0,0,0,0,0.0,0.0,0.0
110582>110590,719,719,SFDu,Stratford,NR Great Eastern // DN,719,SFDu,Stratford,DLR (Stratford route) // OB,Alight-Interchange-Board,77.27145748772645,0.161230024780652,2.607027716597788,24.25445181634797,27.574091226,13.888929968,8.785726735999999,1.52779172e-07,1.52779172e-07,4.21214212e-07,6.02375532e-07,7.777324200000002e-07,0.05374251495324801,0.053742697987248,0.05374270495964799,0.05374282793460802,0.05374282158660001,0.06108062358659999,0.06108081845788,0.08420727705044,0.12564327291416,0.1256433769323,0.2659316849323,0.39553082702702,0.44203963902702,0.4691920730270199,0.46919247412184,0.26782526468664,0.16161832068664,0.13662037668664,0.06803257924136,0.17043263711952,0.41995804655472,0.5510142785547201,0.6541482265547199,0.7648871500000001,0.9185105180000002,0.8181907780000002,0.6637439560526001,0.6004340940526001,0.5331429000526,0.3597635400526,0.6644170800526,0.979223254,1.535228566,2.16223698,2.66045464,2.60467224,2.70923244,2.229343488,1.621320462,1.449382062,1.285181622,1.430105402,2.097096074,2.41143854,2.73650688,3.21548172,3.184413300000001,2.69351078,2.846842560000001,2.3730686,1.851063686,1.640856726,1.440070026,1.046298458,1.113979638,1.207755032,1.152209332,1.209610472,1.19522556,1.15227442,0.9690678,0.735493842,1.026088662,1.007485014,0.9399202740000001,0.9978946540000001,1.07393646,0.590061,0.5932777779999999,0.375894098,0.7720285979999999,0.66208969,0.66208969,0.55552474,0.55552474,0.0,0.0,0.0,0,0,0,0,0,0,0,0,0,0,0.0,0.0,0.0
110582>110592,719,719,SFDu,Stratford,NR Great Eastern // DN,719,SFDu,Stratford,DLR (Stratford Int'l route) // OB,Alight-Interchange-Board,469.9685801739999,1.8724551932,11.3821637974,22.5321317234,71.89225761,35.78482513,326.50474672,0.029516884,0.029516884,0.046992462,0.051128574,0.321995414,0.467936604,0.4695564554,0.4558119158,0.6581025838000001,0.391849207,0.3408772210000001,0.7788435695999999,1.3727504712,1.3114996312,1.426598648,1.68556916,1.290539744,0.803779294,0.6612622138,0.6604920538000001,0.3143532278,0.3043717438,0.2085503218,0.35201095,0.42587883,0.621356836,0.6636832880000001,0.8574066800000001,1.252631552,1.381021512,1.21774524,1.413481588,1.211329018,1.002521158,0.790554458,1.05529341,1.04536777,1.18698806,0.8917778959999999,1.249940036,1.094207786,1.386531586,1.238284406,1.36684437,2.93340497,3.08565112,4.00039226,7.33935826,7.789881300000001,6.795738300000001,7.52304734,7.601978,6.2641662,6.813890740000002,6.05254176,5.69220736,4.51860156,2.96614396,2.02444084,2.21201438,2.28215622,2.22959538,1.900082546,2.251996506,3.370433886,3.457671526,3.913350386,4.658337940000001,4.964901620000001,7.81577608,7.4377031,13.93315982,13.0689885,14.7338361,10.2984865,57.688423,50.414746,50.414746,47.86699,47.86699,0.0,0.0,0.0,0,0,0,0,0,0,0,0,0,0,0.0,0.0,0.0
110582>110593,719,719,SFDu,Stratford,NR Great Eastern // DN,719,SFDu,Stratford,DLR (Stratford Int'l route) // IB,Alight-Interchange-Board,96.78653944757001,0.315316053576,0.6750170783240002,14.05304978617,43.234192512,30.998565852,7.5103981655,9.962712e-06,9.962712e-06,0.06196906271200001,0.06198463124400001,0.06201766260200001,0.06371314129,0.06374654175399999,0.00186508855,0.00191470687,0.001957078938,0.0004426428780000001,0.0008021927340000001,0.001908309838,0.004026885786,0.00823082356,0.02575041022,0.0686937979,0.144827374,0.1438440124000001,0.2726188432,0.2553729635600001,0.2123764235400001,0.135232275814,0.134305602474,0.001549445714,0.112562413354,0.141022271374,0.2842197391,0.28605087824,0.5669245430000001,0.531007855,0.6201884990000001,0.825959239,1.034990212,0.812724742,0.8904923840000001,1.123465764,0.7951439191999999,0.587755085,0.7261677749999998,0.965407701,0.7121113090000001,0.8509230058000001,1.44709574,1.56489,1.238194980000001,1.847492272,3.56424422,3.22592114,3.16297926,4.5253816,4.88426502,4.724399420000001,5.009476020000001,5.08989396,4.39705462,4.646951100000001,3.409282500000001,3.00057964,3.27875798,3.06169216,2.00923698,1.60360942,2.46091022,2.0842238,1.82089578,1.630059906,1.992366366,1.325918066,1.307398866,1.275382746,1.340237,0.9047091,0.6316063080000001,0.416044368,0.1939465295,0.0566488495,0.0566488495,0.0009287414999999999,0.0009287414999999999,0.0,0.0,0.0,0,0,0,0,0,0,0,0,0,0,0.0,0.0,0.0
110583>110501,719,719,SFDu,Stratford,NR Great Eastern // UP,719,SFDu,Stratford,EntEx,Alight-Exit,288.464489734,14.087228488,10.4376933,172.41696836,66.45905802,21.969267434,3.094274132,0.08582050199999999,0.11274952,1.67919212,2.04702026,2.998128248,2.928206158,2.90127714,1.33483454,0.9670064,0.0,0.0,0.0,0.0,0.0,0.0,0.0,0.0,0.487651,4.146982599999999,4.8360533,6.043249439999999,6.557825059999999,9.14419586,5.90670154,8.044123240000001,6.984997160000002,9.88891434,7.1653225,9.26204682,6.556705032000001,8.836878572,5.631641692000001,8.119070732,5.752621520000001,8.284441507999999,6.109768688000001,8.282835168000004,5.503865062000001,7.347865274,4.856073680000002,7.3076247,5.09358332,7.596790626000001,8.139826826,8.53756422,6.05536408,8.89966886,6.74014846,4.97976358,4.91405148,5.16656766,2.742104700000001,4.7781609,4.12652078,4.872867920000001,4.646275380000001,4.796402220000001,2.51180082,3.01051622,1.927533534,2.465067834,1.722818154,1.891294974,1.308158482,1.173476498,0.4675584060000001,0.4941480860000001,0.2004922060000001,0.380136658,0.397616772,0.345573816,0.3429119572,0.3983856892,0.3209106692,0.2815437852,0.2531252332,0.229197412,0.14487214,0.0,0.0,0.0,0.0,0.0,0,0,0,0,0,0,0,0,0,0,0.0,0.0,0.0
110583>110514,719,719,SFDu,Stratford,NR Great Eastern // UP,719,SFDu,Stratford,Central // EB,Alight-Interchange-Board,106.5790971971103,2.500554925420001,1.994632828,47.385486096312,36.670786608,15.25939547517624,2.76824126420206,0.0,3.5584284e-05,0.3947250042840001,0.4214832122840001,0.5197679282840001,0.5197679282840001,0.5197323440000001,0.125042924,0.098284716,0.0,0.0,0.0,0.0,0.0,0.0,0.0,0.0,0.11534508,0.8029295200000001,0.978073512,1.255991092,1.3434436,1.95829218,1.37853924,1.790285268,1.546088056,2.165934788,1.46451862,2.06949306,1.532679906,2.100949618,1.440564252,2.02138192,1.38598824,2.019920734,1.49864466,2.324768706,1.7151857332624,2.5644684732624,1.9811242332624,3.0778058272624,2.2373267212624,3.274557234,3.237533934,3.484122974,2.343308894,3.94553948,3.4585867,2.99777028,2.86529538,3.119278739999999,2.04803958,2.87451052,2.62980158,3.487610000000001,3.41692248,3.347917440000001,2.04703272,2.22286314,1.2347949,1.43027226,0.93572706,1.25827392,0.926008728,0.868722942,0.4533688999657801,0.4664179419657801,0.06799552324468,0.18645852924468,0.15922532187566,0.20178364990988,0.2945374679098801,0.50732062663098,0.39419678663098,0.39419634,0.351637334,0.245834474,0.033050734,0.0,0.0,0.0,0.0,0.0,0,0,0,0,0,0,0,0,0,0,0.0,0.0,0.0
110583>110515,719,719,SFDu,Stratford,NR Great Eastern // UP,719,SFDu,Stratford,Central // WB,Alight-Interchange-Board,867.440555993823,90.96954771382319,35.170677,502.494784,171.6650015,50.086185162,17.054360618,0.2482621134558,0.3164967414558,11.1264515414558,15.4049621414558,18.891144148,18.642885028,18.5746504,7.764695599999999,3.486185,0.0,0.0,0.0,0.0,0.0,0.0,0.0,0.0,1.6514044,13.9865148,16.0465728,18.7032712,20.2587352,29.5045422,18.8449486,25.4230686,23.87328252,31.32162552,22.45260712,27.91158592,20.41277812,26.6891848,18.7846086,22.9862836,16.75371194,22.09622114,15.71076162,19.99699982000001,14.44983746,20.22274152,15.12906012,18.57098564,14.54810934000001,19.07647170000001,18.7733617,19.5380385,16.33094146,23.57621236,21.16122676,17.14080936,16.07218768,16.64192392,9.491370800000002,8.565806400000001,6.56368678,8.88690126,7.69589622,7.787051540000001,6.39196494,7.774828360000001,4.61182144,5.582889000000002,4.034423200000001,4.652981599999999,2.99628575,2.90737359,1.411507594,1.492652694,0.442405454,1.512744964,1.616629524,1.601862026,1.557524282,2.683663642,2.115744962,1.856311882,1.784458656,1.7476513,0.57776938,0.0,0.0,0.0,0.0,0.0,0,0,0,0,0,0,0,0,0,0,0.0,0.0,0.0
110583>110522,719,719,SFDu,Stratford,NR Great Eastern // UP,719,SFDu,Stratford,Jubilee // NB,Alight-Interchange-Board,506.4921026299999,86.98197668000002,20.24556868,248.64697227,97.76768460400001,41.88853570600001,10.96136469,0.4943462900000001,0.8135198100000001,10.51584301,13.08145401,18.42424784,17.99774532,17.6785718,7.976248600000003,5.410637600000001,0.0,0.0,0.0,0.0,0.0,0.0,0.0,0.0,1.30880212,6.070045520000001,7.45608344,8.78401818,9.31568026,11.10428394,7.267899200000001,9.70562228,8.58342558,11.0527901,8.581522559999998,10.7071571,7.18741188,10.25439424,7.886098560000002,11.4593697,8.569234894,11.665893914,9.128102513999998,12.313655594,8.319893934,12.15373114,9.67342854,14.91535574,11.4117403,14.73706676,13.86919536,13.74213052,8.036893639999999,11.68772848,9.079837780000002,7.615008980000002,7.671707340000001,8.17215238,5.20089378,6.98625368,5.491249787999999,7.118703067999999,6.965125167999999,7.542220368,5.098661848000001,6.337571140000001,4.168991259999999,4.425206299999998,2.8538663,3.55653208,2.30009838,2.151538434,1.371523854,1.479937454,0.602388288,0.8346534280000001,1.008906354,1.252268254,1.207677914,1.78256786,1.60405274,1.26948064,0.93143182,0.8676085600000001,0.2027171200000001,0.0,0.0,0.0,0.0,0.0,0,0,0,0,0,0,0,0,0,0,0.0,0.0,0.0
110583>110576,719,719,SFDu,Stratford,NR Great Eastern // UP,719,SFDu,Stratford,Elizabeth Line // EB,Alight-Interchange-Board,36.18824062500001,0.5846920019999999,0.5792340680000001,15.140256127,12.676361676,5.7624051204,1.4452916316,0.015789426,0.0187044872,0.0187044872,0.0915433412,0.1232871652,0.1074977392,0.104582678,0.104582678,0.031743824,0.0,0.0,0.0,0.0,0.0,0.0,0.0,0.0,0.029474664,0.219918444,0.298097136,0.329074528,0.3349339272,0.5638079631999999,0.4313505232,0.4750813432,0.4882240252,0.6391959979999999,0.460238604,0.525537464,0.427753215,0.619323921,0.498413639,0.5622057330000001,0.562285693,0.82533839,0.62281744,0.72866041,0.6709856500000001,0.79493053,0.6370714500000001,0.7873418400000001,0.7596984600000001,1.2316207,1.16436468,1.2311104,1.16227794,1.34120966,0.8261186840000001,0.890640304,0.8703048720000001,0.9149781920000002,0.7681451400000001,1.272714816,1.123936208,1.17981114,1.09511432,1.062222572,0.548895482,0.615457962,0.449052582,0.447885342,0.334557742,0.4849654520000001,0.410990056,0.373155646,0.3811595900000001,0.4009556932,0.2531070012,0.2403650652,0.2130007552,0.1416428232,0.18466173,0.1579512444,0.1345840304,0.1345840304,0.1245209984,0.06170598840000002,0.05227496600000001,0.0,0.0,0.0,0.0,0.0,0,0,0,0,0,0,0,0,0,0,0.0,0.0,0.0
110583>110577,719,719,SFDu,Stratford,NR Great Eastern // UP,719,SFDu,Stratford,Elizabeth Line // WB,Alight-Interchange-Board,554.1311177573999,88.50601364000002,8.57102764,274.7073659334,124.80040134,45.09376891800001,12.452540286,3.05118952,3.05118952,13.43127152,16.92799432,16.91731594,15.16904494,15.16904494,4.788962940000001,1.29224014,0.0,0.0,0.0,0.0,0.0,0.0,0.0,0.0,0.2897256,3.0750162,3.9140457,5.278341560000001,5.385399560000002,7.74967436,5.71664612,12.61420662,11.34554648,13.85329688,12.27314528,18.37717892,10.89893574,13.59969522,11.57441602,16.28705442,9.43136614668,11.32966072668,9.081949406680002,13.84990200668,8.39996646668,10.82957014,9.110855700000002,15.93986662000001,10.68777662,15.86467936,15.22823556,16.749804,10.1326895,13.6763249,9.8257307,9.7650877,9.674414500000001,10.3438028,7.314157799999999,10.4437266,9.117072,9.4753868,8.28220404,11.17051724,6.381956280800001,6.495538880800001,4.3355144748,5.778939434800002,2.2712440348,2.593737874,2.13380191,2.124918662,0.5324566820000001,0.6756814820000001,0.599461962,1.735569126,1.720808304,1.741981632,1.801006572,1.550864212,0.961490092,0.918021568,0.80909942,0.6068496800000001,0.6068496800000001,0.0,0.0,0.0,0.0,0.0,0,0,0,0,0,0,0,0,0,0,0.0,0.0,0.0
110583>110584,719,719,SFDu,Stratford,NR Great Eastern // UP,719,SFDu,Stratford,NR Weaver // DN,Alight-Interchange-Board,64.72642938137297,8.997339994,3.556633776,29.604716577978,14.546862241534,6.696480183974799,1.3243966078862,0.44229112,0.4557798388,0.4557798388,0.4557798388,2.1353900388,1.6930989188,1.6796102,1.6796102,1.6796102,0.0,0.0,0.0,0.0,0.0,0.0,0.0,0.0,0.006875272000000001,0.7358607320000001,1.134287572,1.417948812,1.463589942,1.619221358,0.8936813452,1.1633700252,0.8827954605999999,0.9549987506000001,0.8104067105999998,1.2915259434,0.62401258226,0.96980014686,0.8523625749800001,1.73492084698,1.25056985264,1.45049205378,1.101760803052,1.559185914932,0.658816412932,0.982150327272,0.781697902948,1.835122913676,1.377364178022,1.643838560022,2.285083160022,2.466501664346,1.4129576685072,2.2714552441612,2.0048774441612,1.1001624101612,0.9345791653612,0.9345680856872,0.0759972856872,0.8781766856872,0.8266107448872,0.8107035496871999,0.8302722932000001,1.3909689932,0.6031914112,0.7854593259999999,0.875618646,1.095887538,0.535190838,0.5572235240000001,0.3664500610495999,0.2762953151556,0.036450607531,0.105087043531,0.06865688030759999,0.292336943258,0.2923373607366,0.2923315083612,0.2236950723612,0.2236907315846,4.991584600000002e-06,0.0,0.0,0.0,0.0,0.0,0.0,0.0,0.0,0.0,0,0,0,0,0,0,0,0,0,0,0.0,0.0,0.0
110583>110589,719,719,SFDu,Stratford,NR Great Eastern // UP,719,SFDu,Stratford,LO Mildmay // WB,Alight-Interchange-Board,233.324604541191,29.9198794976,11.289617,108.154547778,58.73366326200001,22.5529060569398,2.6739909466512,0.0396955774,0.0949273034,3.7768235034,4.682553903400001,6.304706284,6.271177526000002,6.2159458,2.5340496,1.6283192,0.0,0.0,0.0,0.0,0.0,0.0,0.0,0.0,0.405231,4.4554042,4.8006626,5.3811668,5.51577498,7.03312878,3.034112674000001,4.082701473999999,3.509870352000001,5.471035972,3.754269112,4.552104818,3.179651252,4.905030574,2.89432314,3.5777714,2.83884482,4.984328586,3.464367426,5.77839006,4.999168768000001,5.876337808000001,3.996321688,5.437807048,3.070323574,4.951417866,5.866298806000001,5.997791466000002,4.494626436,6.96352291,5.481076210000001,4.546907690000001,4.787706310000001,5.26722816,3.54753866,4.851511960000002,4.17369866,4.48920516,4.13284964,4.3909852,2.9182207,3.665891200000001,2.9303649,3.09258834,2.05364028,1.810637572,0.7871924180000002,0.5692096980000001,0.1324183311034,0.1324280539182,0.0693293639182,0.2845080779182,0.2988632199182,0.3058442116148,0.3391679888,0.4651110668,0.2739799968,0.2384748148,0.23148385,0.19815035,0.03840737,0.0,0.0,0.0,0.0,0.0,0,0,0,0,0,0,0,0,0,0,0.0,0.0,0.0
110583>110590,719,719,SFDu,Stratford,NR Great Eastern // UP,719,SFDu,Stratford,DLR (Stratford route) // OB,Alight-Interchange-Board,89.12759714130303,6.250159716,2.812915084000001,47.95519355614,16.75447369600001,5.381836468002401,9.973018621160598,0.0231500956,0.2962930756,0.8881929556,1.0324694436,1.2911443416,1.285698548,1.012555568,0.420655688,0.2763792,0.0,0.0,0.0,0.0,0.0,0.0,0.0,0.0,0.1235116,1.161944,1.251080284,1.522075124,1.631376572,2.504264272,1.552264728,2.495418324,2.328510694,2.982493066,2.036594778,2.921000842,1.918410108,2.311255458,1.576376926,2.567843214,1.597109457828,2.129691011828,1.641445638828,2.429749350828,1.403365778828,1.876632315,1.408430639,2.082364032,1.311397314,1.754088466,1.973035446,2.06375229,1.42111791,2.457840228,2.195092556000001,1.558040676,1.54555162,1.574924126,0.6289882560000001,0.7875538080000001,0.770838914,0.8799833420000001,0.87078997,0.920628454,0.5739254993999999,0.6072583934,0.4278504594,0.5752209254,0.3888537114,0.5532594860000001,0.4933465694000001,0.3913109807346,0.2001914935346001,0.2001979786666,0.04979251666660001,0.2642967332666,0.2642951273840001,0.247884607055,0.247884268166,0.283422470166,1.744443570166,1.744437458714,1.744431666243,1.74442552,1.6874972,0.0,0.0,0.0,0.0,0.0,0,0,0,0,0,0,0,0,0,0,0.0,0.0,0.0
110583>110592,719,719,SFDu,Stratford,NR Great Eastern // UP,719,SFDu,Stratford,DLR (Stratford Int'l route) // OB,Alight-Interchange-Board,72.5882484744,14.33192107,2.237306256,37.239866689,11.863233005,5.7312779364,1.184643518,0.111829343,0.1120496622,2.7608660622,2.8017822762,2.879686841200001,2.7716546412,2.771434322000001,0.122617922,0.081701708,0.0,0.0,0.0,0.0,0.0,0.0,0.0,0.0,0.1301243,0.91511404,1.110366208,1.690872668,1.919776548,2.470260288,1.851161948,2.17135726,1.618889838,1.900383558,1.32868857,1.64135223,1.174713424,1.703026286,1.250615922,1.69340881,1.2308965652,1.5877882912,1.0860677612,1.4965658852,0.9686336482,1.406838693,1.080723505,1.488448735,1.078349427,1.606016584,1.795030244,1.72867976,1.2754960786,1.6432273466,1.1968431666,0.7354219665999999,0.8197328506000001,0.8450047720000001,0.560099612,0.845273692,0.672757012,0.7721405600000001,0.7685561879999999,0.889732568,0.525221814,0.7611505740000001,0.571766698,0.69322039,0.4308318500000001,0.5812698900000001,0.3573772200000001,0.3712816390000001,0.231717979,0.2320140582,0.08569325620000001,0.1779525802,0.1606024132,0.14804955768,0.17028900448,0.20191950848,0.08987206627999998,0.08577253028,0.0855748858,0.0630393598,0.0015716118,0.0,0.0,0.0,0.0,0.0,0,0,0,0,0,0,0,0,0,0,0.0,0.0,0.0
110583>110593,719,719,SFDu,Stratford,NR Great Eastern // UP,719,SFDu,Stratford,DLR (Stratford Int'l route) // IB,Alight-Interchange-Board,8.006132267843006,0.276084979613,0.0532323302,5.311179934480001,0.9791690336240001,0.681748786656,0.70471720327,0.05521232000000001,0.05521232000000001,0.05521699592260002,0.05521699592260002,0.05521699592260002,4.675922599999999e-06,4.675922599999999e-06,0.0,0.0,0.0,0.0,0.0,0.0,0.0,0.0,0.0,0.0,0.0058527242,0.023689803,0.023689803,0.04316713900000001,0.070231787,0.1027993708,0.08496229200000001,0.179938168,0.1604608320000001,0.1851471600000001,0.161424564,0.185025102,0.09004922600000001,0.147613006,0.108911976,0.124383682,0.100783144,0.1523544040000001,0.094790624,0.182299598,0.15213018,0.2838185,0.250936257,0.7187011170000001,0.6181421970000001,0.61869019904,0.4944194096399999,0.4959064686399999,0.02814160864,0.07497952264000002,0.07443152060000001,0.06701399000000001,0.04683791400000002,0.04683791400000002,0.020424164,0.0310734912,0.0310734912,0.031224474352,0.031224474352,0.07997779035199999,0.069328463152,0.08785001315199999,0.08769903,0.11443149,0.04525401,0.06495182199999999,0.046430272,0.046430272,0.019697812,0.019697812,0.0,0.006627949400000001,0.006627949400000001,0.006627949400000001,0.006627949400000001,0.006643600654,0.134315491254,0.134315491254,0.134315491254,0.134315491254,0.13429984,0.0,0.0,0.0,0.0,0.0,0,0,0,0,0,0,0,0,0,0,0.0,0.0,0.0
110584>110501,719,719,SFDu,Stratford,NR Weaver // DN,719,SFDu,Stratford,EntEx,Alight-Exit,0.4620544599999999,0.4620544599999999,0.0,0.0,0.0,0.0,0.0,0.0,0.0,0.092410892,0.092410892,0.092410892,0.092410892,0.092410892,0.0,0.0,0.0,0.0,0.0,0.0,0.0,0.0,0.0,0.0,0.0,0.0,0.0,0.0,0.0,0.0,0.0,0.0,0.0,0.0,0.0,0.0,0.0,0.0,0.0,0.0,0.0,0.0,0.0,0.0,0.0,0.0,0.0,0.0,0.0,0.0,0.0,0.0,0.0,0.0,0.0,0.0,0.0,0.0,0.0,0.0,0.0,0.0,0.0,0.0,0.0,0.0,0.0,0.0,0.0,0.0,0.0,0.0,0.0,0.0,0.0,0.0,0.0,0.0,0.0,0.0,0.0,0.0,0.0,0.0,0.0,0.0,0.0,0.0,0.0,0.0,0,0,0,0,0,0,0,0,0,0,0.0,0.0,0.0
110585>110501,719,719,SFDu,Stratford,NR Weaver // UP,719,SFDu,Stratford,EntEx,Alight-Exit,3325.998769600001,133.3664714,770.4004398000001,1085.5807518,1016.5649494,269.83003712,50.25612008,0.0,0.0,0.0,0.0,23.4861512,23.4861512,40.09419320000001,46.29997580000001,60.29650580000001,42.6663106,63.73095760000001,60.57319480000001,76.5516662,71.88244560000003,78.8487964,68.612504,70.55064080000002,61.9319168,61.19183140000001,53.56366980000001,50.3235572,43.1185012,39.78208720000001,38.5703782,42.5693222,42.8562236,44.19945560000001,43.5409282,44.65130120000001,43.29361540000001,44.9566152,42.4015518,42.24037120000001,42.38066920000001,44.9830602,42.21867340000001,45.30209160000001,43.07513900000001,46.69382,44.6728796,46.90961660000001,48.62378580000001,58.40318960000001,59.81391860000001,72.61400340000002,79.10208399999999,98.78434399999999,81.8224848,96.6617348,99.12929799999999,114.14363,82.692254,98.50959,82.7436464,70.437393,39.924487,47.164125,37.182406,30.1495982,22.6857736,27.9196396,22.6250504,19.4511614,15.9789846,14.5424064,11.2895168,11.0514468,9.78992832,9.73379772,8.92546712,8.89956332,8.01911892,6.618909400000001,4.4511222,2.781607,0.8265344000000001,0.0,0.0,0.0,0.0,0.0,0.0,0.0,0,0,0,0,0,0,0,0,0,0,0.0,0.0,0.0
110585>110514,719,719,SFDu,Stratford,NR Weaver // UP,719,SFDu,Stratford,Central // EB,Alight-Interchange-Board,696.2049204999997,12.0879076,65.78810404000001,115.40604126,354.8552942000001,109.140162,38.9274114,0.0,0.0,0.0,0.0,1.948936,1.948936,3.5330803,4.6569553,6.03534438,5.00506664,6.22360358,6.1535194,6.05471592,5.72669458,6.207990120000002,5.985677480000001,5.20298066,4.935911240000001,4.67643124,3.5801688,3.027550440000001,2.89247338,2.4837967,2.1308971,2.502611,2.511123700000001,1.98071136,1.8400421,1.65728112,1.37410136,1.66128126,2.21268488,2.81300918,3.06226342,4.02637938,4.10810264,4.60598006,5.360206600000001,6.071308800000002,6.97667884,8.820988240000002,11.5568361,14.0431431,17.6865905,20.88252300000001,25.0919468,30.36454800000001,26.315034,31.0244714,31.6616588,39.09990180000001,29.9762978,38.4928552,32.76251620000001,31.7482696,17.4352716,19.2863736,12.7999212,10.55599746,7.151628460000001,8.121782940000001,6.81683448,5.97916228,5.988729820000001,6.93043432,7.62366484,8.54853,9.3371026,10.087671,8.676196899999999,7.221293020000001,6.110134080000001,4.12912868,1.77478708,0.56834088,0.35985976,0.0,0.0,0.0,0.0,0.0,0.0,0.0,0,0,0,0,0,0,0,0,0,0,0.0,0.0,0.0
110585>110515,719,719,SFDu,Stratford,NR Weaver // UP,719,SFDu,Stratford,Central // WB,Alight-Interchange-Board,1045.3980402,58.938066,357.8773476,243.117881,223.0260364,127.39006118,35.04864801999999,0.0,0.0,0.0,0.0,8.522071,8.522071,18.0162956,23.8776284,29.4593454,24.633929,37.2205378,33.5451342,36.705182,34.06517280000001,36.7494942,29.1249856,29.6081792,24.003314,23.2110646,19.5510088,16.3445801,12.5704059,11.1173167,11.8847733,10.3310818,10.5935911,9.64998904,9.70265904,8.25270152,8.53150282,7.880592880000001,7.590716340000001,6.684317740000001,6.276434380000001,6.177928980000001,6.71778072,7.18794492,8.04156352,9.1998654,9.667520199999998,11.3891166,13.0282936,15.9231088,18.3740956,20.223015,20.438704,22.528534,17.67040260000001,21.11216020000001,21.9945656,21.3741448,15.8806118,20.6569538,15.5028498,14.434041,11.2100538,14.7509436,12.3538894,11.8692638,11.4320738,12.2112618,10.951714,11.265882,9.89115306,8.48428706,8.98822046,7.9091978,7.282174400000001,6.552654319999998,6.04869012,6.05558392,5.86164804,3.79521564,3.42807386,2.29839866,1.00838346,0.0,0.0,0.0,0.0,0.0,0.0,0.0,0,0,0,0,0,0,0,0,0,0,0.0,0.0,0.0
110585>110522,719,719,SFDu,Stratford,NR Weaver // UP,719,SFDu,Stratford,Jubilee // NB,Alight-Interchange-Board,2540.7922805,232.273988,554.238065,573.4791631,799.3305576000002,293.0300938,88.44041300000002,0.0,0.0,0.0,0.0,47.640128,47.640128,64.46489600000001,72.52883600000001,84.04057400000002,42.4228348,59.88051280000001,49.99413880000001,54.13423780000001,47.876055,49.8045748,37.53814680000001,37.3345498,29.59923,33.455516,28.1576944,26.7345092,22.7769216,22.7974524,16.7382185,17.5642815,16.4755109,18.3565507,15.8711787,17.0733366,16.89231860000001,19.497835,17.4581646,25.1117474,23.7496902,27.0861888,24.989661,30.2398662,23.4440806,25.7090592,24.6590626,28.1486818,32.1808938,38.0651812,41.85877199999999,49.0357728,57.4142628,61.9956608,53.24969820000001,63.7530698,71.36048500000003,85.06944100000003,68.58704700000001,90.36539700000002,80.95607840000002,73.15449640000001,44.38914840000001,52.46122840000001,37.044569,32.3562766,21.4917248,24.92266680000001,19.0398196,15.902009,14.146159,17.2478154,17.8886834,20.1469676,20.3821742,18.5908986,16.2411998,16.9050542,13.1217512,9.6626646,7.854752200000001,5.3998784,0.6642140000000001,0.0,0.0,0.0,0.0,0.0,0.0,0.0,0,0,0,0,0,0,0,0,0,0,0.0,0.0,0.0
110585>110576,719,719,SFDu,Stratford,NR Weaver // UP,719,SFDu,Stratford,Elizabeth Line // EB,Alight-Interchange-Board,855.8859366,31.4511564,140.51953848,144.98017312,398.3922835,111.80243536,28.74034974000001,0.0,0.0,0.0,0.0,5.340814599999999,5.340814599999999,9.2422856,11.5272416,16.7695314,13.4984724,17.3705018,16.5501556,16.9836518,13.26122112,12.08767132,9.60020746,7.16567746,5.949828660000001,5.571233400000001,5.71138606,4.801721,4.8736508,3.90846334,3.610618560000001,3.06479802,3.49952374,3.30611694,3.82301228,3.33944764,3.66324572,3.79218926,4.159618600000001,3.47264384,4.476625599999999,4.804999520000001,4.67061378,4.56600796,7.58022164,8.20062004,9.46576492,9.260532220000002,11.6110595,13.9634125,17.0652657,20.6182537,25.086446,32.2317654,26.4978622,31.5748584,35.22162760000001,46.90026599999999,36.616478,46.2547776,41.4288354,36.4034476,19.5576656,22.0119204,15.492622,11.4507311,8.588698500000001,9.950969900000002,8.738427100000001,7.2178893,6.69681924,5.291554700000002,5.50150544,5.604113740000002,5.257183940000001,5.3690167,6.342138380000002,5.122395140000001,4.49991022,3.24837662,2.36236302,1.07431428,0.72183538,0.0,0.0,0.0,0.0,0.0,0.0,0.0,0,0,0,0,0,0,0,0,0,0,0.0,0.0,0.0
110585>110577,719,719,SFDu,Stratford,NR Weaver // UP,719,SFDu,Stratford,Elizabeth Line // WB,Alight-Interchange-Board,669.47635657,37.41013788,262.4829685000001,125.5074272,163.20942872,68.86230629999999,12.00408797,0.0,0.0,0.0,0.0,7.8087806,7.8087806,10.2067768,11.58579988,19.03565868,12.97096328,24.97890128,25.65711168,33.4288386,32.47855380000001,33.63101440000001,24.37585420000001,23.0081601,14.78973136,10.30990586,7.81827526,6.89803166,5.625067360000001,6.606209100000001,5.00499836,6.035079960000001,4.470564499999999,5.4819817,4.00452964,5.091817400000001,4.14460088,5.81387774,4.835538339999998,5.703266999999999,4.60023318,5.66414376,4.05846912,5.40248912,4.34823056,5.390157800000001,4.465322220000001,5.478013460000001,4.29805322,6.47185118,5.61489994,8.93264726,9.99045286,13.8593583,11.4360793,15.2052696,14.4407328,17.7937794,13.2921882,16.0316156,16.1228318,15.929819,10.1746546,11.4981435,8.951753812000002,6.238019012000001,3.463536632,5.362825232,4.457349912000001,6.481696000000001,4.94070292,5.9905706,4.379855620000002,4.60180752,2.49604554,3.12607482,2.19302706,1.939356242,1.671245562,1.559623742,0.736148142,0.4067576020000001,0.3718548,0.0,0.0,0.0,0.0,0.0,0.0,0.0,0,0,0,0,0,0,0,0,0,0,0.0,0.0,0.0
110585>110582,719,719,SFDu,Stratford,NR Weaver // UP,719,SFDu,Stratford,NR Great Eastern // DN,Alight-Interchange-Board,97.74934512051699,0.9217739280000001,13.6958605512,35.74457235280001,23.8598455976,21.51977788394001,2.007514806977,0.0,0.0,0.0,0.0,0.22673454,0.22673454,0.2341524240000001,0.2341524240000001,0.390803424,0.1715892860000001,0.6806282859999999,0.673210402,0.8970143020000001,0.8525154620000002,1.68185476,1.22587374,2.05631834,1.85843433,2.02024411,1.1873741092,1.6526769292,0.823875942,0.915501892,0.6742863200000001,1.0683230008,0.5514511012000001,0.7975608284000001,0.7388259204000001,1.0120409324,0.6195943443999999,1.816226904,1.578585016,2.093031044,1.843682804,2.132278752,0.952257746,1.470710894,0.905179498,1.730924158,1.686443138,3.000537204,2.531666564,2.96135618,2.18755524,2.34033032,1.18272733,1.273383618,0.8359684380000001,0.8059732980000001,1.591764498,3.453994768,3.30364452,3.330818174,3.384052114,2.1970051598,0.1601833598000001,0.3167174398000001,0.2978496158000001,2.1139813558,2.1154911616,2.1214534694,2.8492331894,3.7123782594,1.7735665948,1.9070579292,1.9034879802,1.6397114602,0.7688494283399999,0.75993368632,0.6237276955254001,0.6213712959834,0.0010983863034,0.0005095181634,0.0003095247834,0.000300329578,0.00026437032,0.0,0.0,0.0,0.0,0.0,0.0,0.0,0,0,0,0,0,0,0,0,0,0,0.0,0.0,0.0
110585>110583,719,719,SFDu,Stratford,NR Weaver // UP,719,SFDu,Stratford,NR Great Eastern // UP,Alight-Interchange-Board,30.89341639599999,11.0883416,3.081711262,3.733304979000001,12.661382775,0.32867578,0.0,0.0,0.0,0.0,0.0,2.7720854,2.7720854,2.7720854,2.7720854,2.7720854,0.0,0.0,0.0,0.0,0.0,0.0,0.0,0.0,0.069569212,0.104819628,0.135237022,0.222387382,0.259240716,0.189671504,0.154421088,0.265441368,0.208269406,0.1714160720000001,0.1811001160000001,0.331974356,0.245757862,0.215779464,0.233498498,0.223814454,0.072940214,0.017719034,0.0321150592,0.1139959892,0.1316801672,0.1316801672,0.1444308822,0.130034857,0.030434893,0.012750715,0.012750715,0.0,0.018284455,0.018284455,0.018284455,0.418201035,2.222042235,2.251051476,2.251051476,2.579727256,2.179810676,0.375969476,0.32867578,0.32867578,0.0,0.0,0.0,0.0,0.0,0.0,0.0,0.0,0.0,0.0,0.0,0.0,0.0,0.0,0.0,0.0,0.0,0.0,0.0,0.0,0.0,0.0,0.0,0.0,0.0,0.0,0,0,0,0,0,0,0,0,0,0,0.0,0.0,0.0
110585>110589,719,719,SFDu,Stratford,NR Weaver // UP,719,SFDu,Stratford,LO Mildmay // WB,Alight-Interchange-Board,148.1879780141001,12.6986992,51.49612569999999,32.40902156,36.23025616,13.1165803773,2.2372950168,0.0,0.0,0.0,0.0,2.1471758,2.1471758,3.6890714,4.7152762,6.045888400000001,4.50264556,6.480593760000001,5.4399777,5.628173299999998,4.83769124,5.09196608,3.211455819999999,3.50868702,2.56254808,2.45940104,1.7270977,1.99520272,1.28885984,1.08213502,0.8037801700000001,0.8743540759999999,0.54363234,0.64876288,0.88614762,1.07145807,0.9670367,1.538201156,1.687166336,1.698388216,1.928597456,2.40488896,1.9109564,1.68212686,1.63634918,1.30722418,1.05430362,1.14306248,1.21489958,1.3370876,1.7044001,2.03419888,1.97811274,3.6660308,3.279477200000001,4.14945976,4.1252072,4.68716122,2.80997202,3.47995362,2.11829438,2.3045341,1.59785424,1.96498378,1.78857576,2.05985326,1.263876512,1.327175078,0.9654846734,0.7849926134,0.4058298814,0.6926003094000001,0.7174402994000001,0.728970252,0.4167979583000001,0.4661400103000001,0.16865325542,0.25883175942,0.3426024614199999,0.34169323512,0.27957765512,0.27905685,0.10073979,0.0,0.0,0.0,0.0,0.0,0.0,0.0,0,0,0,0,0,0,0,0,0,0,0.0,0.0,0.0
110585>110590,719,719,SFDu,Stratford,NR Weaver // UP,719,SFDu,Stratford,DLR (Stratford route) // OB,Alight-Interchange-Board,768.6143771400004,49.73850040000001,258.9578072,195.9602228,202.24053692,45.51466741799999,16.202642402,0.0,0.0,0.0,0.0,7.8665504,7.8665504,15.316246,18.6891536,25.0368648,20.4674084,28.91232720000001,26.3020786,29.48273020000001,26.0600448,26.2621372,20.1169888,17.74646940000001,12.9357486,13.8047024,11.8303068,11.3536762,10.15165706,10.19868626,8.84448686,7.96751276,6.87351862,6.787387760000001,6.34319964,5.82303804,5.885832580000002,6.53158678,6.789828780000001,6.4760673,5.591784100000001,6.998911660000001,6.704976400000001,6.350583400000001,6.01428408,6.560756,7.066654399999999,8.3037592,9.9941776,15.42589152,16.9219658,17.612784,19.1798288,20.95151,14.8241774,17.9553606,20.0862788,21.7986954,17.2519692,20.0835316,15.6861406,11.20389566,5.60636486,7.53929256,5.199481919999998,4.50417592,3.76639606,4.317273159999999,2.88110254,2.420804434,2.470304234,3.431820094000001,3.110749234,2.678497648,3.194769614,3.295829214,2.312609474,2.702984994,2.98207488,2.43434926,1.16742206,0.96377714,0.34359538,0.0,0.0,0.0,0.0,0.0,0.0,0.0,0,0,0,0,0,0,0,0,0,0,0.0,0.0,0.0
110585>110592,719,719,SFDu,Stratford,NR Weaver // UP,719,SFDu,Stratford,DLR (Stratford Int'l route) // OB,Alight-Interchange-Board,860.6857527000001,47.3308904,186.9252814,234.6940047,291.3157967,74.09419548000001,26.32558402,0.0,0.0,0.0,0.0,6.477606999999999,6.477606999999999,15.966531,18.4091454,25.4427422,21.036853,23.2985718,16.8198154,19.32247880000001,13.86207412,13.25550132,13.36213592,11.13365412,9.28076532,9.1523394,10.95835,9.943274,10.37389708,9.63834668,10.41851028,8.223814280000001,8.04639414,7.482545879999999,7.47033148,5.7817761,6.463165900000001,6.984675840000001,8.984317220000003,7.484962500000001,9.21821288,8.34116774,9.01070854,7.140186379999999,8.001460100000001,6.7135566,10.20598114,9.56995974,11.1868813,21.7340161,26.2758628,27.4200436,29.48072040000001,38.9100258,26.6563478,31.7899078,30.61848220000001,30.5452702,18.7214634,24.1178246,14.3701023,11.20198,7.483628599999999,8.657461300000001,4.31137542,4.12531362,4.65176352,5.903981,6.4117471,6.669479780000001,7.826176880000001,6.96870756,6.93929988,6.01350734,5.615382080000002,4.79382928,5.16650394,4.59950312,4.335117220000001,3.42523448,2.36674628,1.14722934,0.49142036,0.0,0.0,0.0,0.0,0.0,0.0,0.0,0,0,0,0,0,0,0,0,0,0,0.0,0.0,0.0
110585>110593,719,719,SFDu,Stratford,NR Weaver // UP,719,SFDu,Stratford,DLR (Stratford Int'l route) // IB,Alight-Interchange-Board,17.96651667334,0.9974044088,1.344737111988,6.264200940552002,2.810034722800001,2.12211045832,4.42802903088,0.0,0.0,0.0,0.0,0.2060026,0.2060026,0.290965528,0.2944336808,0.3359490528,0.13095340714,0.14122036754,0.0566744375,0.0591973987,0.0490937367,0.04997438216,0.0397823252,0.04215531744000001,0.03621156553600001,0.146678375536,0.256846745736,0.257132669676,0.254364981906,0.44947599981,0.3076144996,0.2377535636,0.6809633362199999,0.6968347105899999,0.6685000625899999,0.668568324276,0.7995047702760001,0.3577695834760001,0.3418952585660001,0.175141396376,0.175081999808,0.002478809748,0.0006808028279999999,0.0007574903379999999,0.0007458510359999999,0.001113143888,0.0006831062080000001,0.000868080168,0.027016900768,0.07962837426,0.07962722454,0.23519241228,0.23555366736,0.22473104136,0.17206133736,0.18136097832,0.15053603832,0.314810463,0.2993882290000001,0.3479114850000001,0.3456223076000001,0.2338624116,0.0690043516,0.0708499912,0.02319243594,0.02828391394,0.01566239366,0.01751637866,0.016056476,0.19919229526,0.1872471107,0.20824920298,0.45688269798,0.457812237,0.4411653250000001,0.6098814879600001,0.60220529596,0.3715086709600001,0.813800735,0.6464461270000001,0.4771811790000001,0.4633981950000001,0.4436073400000001,0.0,0.0,0.0,0.0,0.0,0.0,0.0,0,0,0,0,0,0,0,0,0,0,0.0,0.0,0.0
110588>110501,719,719,SFDu,Stratford,LO Mildmay // EB,719,SFDu,Stratford,EntEx,Alight-Exit,7381.866470000002,147.1767636,1749.7479884,2319.275229,2073.038552200001,748.1780862,344.4498506,0.0,0.0,0.0,3.076512,10.401732,23.621342,45.6095728,64.46760479999999,88.16677680000002,103.8049108,112.3975688,132.453426,164.907082,169.869498,178.345634,189.920314,179.160106,160.387818,138.329848,132.005006,113.069332,99.840356,82.72263120000001,87.7849972,81.0166832,83.5939372,80.86152320000002,82.470056,88.94637200000003,88.68813400000002,93.732924,98.583492,100.62881,97.912702,98.943855,96.53389500000002,97.4461062,100.3271362,98.0307282,96.1249492,97.6238652,106.437708,113.938924,134.016112,141.165926,164.895436,177.8470960000001,176.349276,178.0114400000001,202.002356,202.234166,183.650931,193.712097,178.631821,152.116645,122.4213622,111.0519812,90.8347332,77.4933072,67.4915338,61.79840260000001,57.07321560000001,48.402628,49.657956,46.9669514,45.15609620000001,46.50378,45.747501,45.413963,47.0335862,46.6522274,45.25943940000001,42.7249772,37.5878742,30.2653914,22.7224254,14.5945606,8.7520194,3.4433864,0.0,0.0,0.0,0.0,0,0,0,0,0,0,0,0,0,0,0.0,0.0,0.0
110588>110514,719,719,SFDu,Stratford,LO Mildmay // EB,719,SFDu,Stratford,Central // EB,Alight-Interchange-Board,2960.572008199999,18.8534295,198.3545034,604.7378853,1260.136696,560.2576988000001,318.2317952,0.0,0.0,0.0,0.4758245400000001,1.35170774,2.62260954,6.097571540000001,8.305716140000001,12.6303012,14.5703648,15.9183292,18.1788206,22.0985516,19.9828812,19.506744,20.0826172,16.6945106,13.5150264,12.3920498,12.7843068,11.6659686,11.6059591,11.2038495,12.1271801,12.7128247,13.9782467,14.4556156,14.5671812,15.9606998,16.3452762,17.021533,19.6852322,22.4244914,22.8381644,24.1977794,26.3111478,28.1757124,31.571695,33.716605,36.6420536,41.2722546,50.5291446,53.18096660000001,62.54830380000001,71.59020260000001,87.4133152,96.2185152,103.1061448,111.2713008,124.9760688,125.9468588,117.6198048,123.089945,114.563453,100.603469,83.73761800000003,76.681718,64.4907198,56.089165,47.87503500000001,44.82693700000001,41.62603300000001,38.37187120000001,39.291572,37.9937156,36.5221012,38.22984520000001,38.25898580000001,41.3584486,44.6568242,45.79241960000001,46.71410160000001,43.233458,36.07642979999999,26.3080292,19.0024452,9.6018172,4.6957992,0.7920226,0.0,0.0,0.0,0.0,0,0,0,0,0,0,0,0,0,0,0.0,0.0,0.0
110588>110515,719,719,SFDu,Stratford,LO Mildmay // EB,719,SFDu,Stratford,Central // WB,Alight-Interchange-Board,1489.16649394,27.38625,462.932597,410.9316937,350.9760628,155.47224986,81.46764058000001,0.0,0.0,0.0,0.817705,2.7501306,3.5131702,8.576122999999999,11.7291212,15.9737742,19.9588336,25.9016854,33.9029736,46.71114340000001,49.68827600000001,53.2089426,56.3373472,50.07938140000001,41.40371980000001,36.36305540000001,33.4034644,25.8009846,21.2645036,18.1171876,18.4256764,15.67766,15.8039322,16.0135825,14.7901811,15.1894637,13.7733037,13.2552825,14.365126,14.4573138,13.1488494,12.7186346,14.9623734,14.4041196,15.3064652,15.5163038,17.8168954,16.9262744,22.0258162,23.3305646,27.8411994,27.9584644,29.2587062,27.6865102,30.0033654,29.6501762,30.5374576,34.2679254,32.0107508,29.88451480000001,26.6367148,28.5546546,24.5268224,21.8589682,21.0952942,20.397975,16.9470332,14.312815,14.4263638,11.107923,8.93374162,6.64934082,6.37761274,6.24308674,7.12209554,8.712989720000001,10.39727432,10.4302778,10.882947,10.22119226,10.36539346,7.481208948000003,6.158089348000001,4.093046148,2.553216888,0.172004688,0.0,0.0,0.0,0.0,0,0,0,0,0,0,0,0,0,0,0.0,0.0,0.0
110588>110522,719,719,SFDu,Stratford,LO Mildmay // EB,719,SFDu,Stratford,Jubilee // NB,Alight-Interchange-Board,3999.5987724,71.5991214,703.7286542,955.4386067999999,1375.1052266,632.0696704,261.657493,0.0,0.0,0.0,2.437247,9.335258,12.2718508,20.8900728,26.6646928,39.0724138,39.9533988,46.041877,59.0943322,79.1935002,73.77985699999998,76.5307224,81.0534554,68.42136540000001,49.9671494,46.04379460000001,44.57678799999999,36.2505088,31.3144664,29.01145360000001,29.0525238,23.923146,24.7351196,26.723257,28.1946098,28.1435592,33.09591899999999,36.51588820000001,40.82457600000001,41.999112,44.82430640000001,44.6490616,42.76852600000001,42.470485,46.82962980000001,43.63323339999999,42.0601034,43.595167,54.996332,59.8260362,80.0015866,84.97652059999999,102.829103,114.252719,117.35539,119.35742,138.329728,139.826942,122.7052768,126.2495128,115.2334308,102.5646228,91.4245608,85.01150859999998,72.4664066,62.27346020000001,54.85307820000001,50.4873472,52.1867376,48.6969916,48.913062,45.52357139999999,40.2277984,35.0240038,36.4057048,39.1647972,37.2246674,37.7038054,39.9363498,33.4405818,27.17456940000001,22.32316888,14.18780488,6.06827208,3.61898308,0.8144930800000001,0.0,0.0,0.0,0.0,0,0,0,0,0,0,0,0,0,0,0.0,0.0,0.0
110588>110576,719,719,SFDu,Stratford,LO Mildmay // EB,719,SFDu,Stratford,Elizabeth Line // EB,Alight-Interchange-Board,2533.852439900001,41.346517,360.5704943999999,456.9574680000001,1136.3149246,385.0876134,153.5754225,0.0,0.0,0.0,1.8601466,3.9010166,6.627559,11.2023694,17.7554254,23.6034168,29.7736162,33.7597042,38.9010468,42.72662620000001,40.035791,35.48195379999999,33.0663406,26.7203914,21.1965732,18.0143156,17.2907186,14.886791,14.676653,11.7596944,12.2666916,11.5255866,12.7450002,11.14369552,11.51705612,12.15434432,13.86643632,12.86906752,13.9798858,14.632251,16.45869840000001,16.6183664,19.646698,20.2117906,24.3386512,24.4145928,26.4586492,26.9300094,34.0257414,33.9756684,45.85544880000001,50.6184568,66.99197260000001,84.19436060000002,95.2961406,99.4941446,119.654486,124.53168,112.28898,117.0589068,108.5656222,86.88149820000002,70.7386762,61.2254966,46.2942848,40.1890364,37.510824,31.3948094,29.9932022,28.2258032,25.0934252,22.4744848,21.2983388,21.7258698,19.6620382,21.9799036,22.292813,21.4616122,20.9225142,18.9849084,16.164712,12.42158146,9.82222886,5.55849066,3.34646006,0.62019806,0.0,0.0,0.0,0.0,0,0,0,0,0,0,0,0,0,0,0.0,0.0,0.0
110588>110577,719,719,SFDu,Stratford,LO Mildmay // EB,719,SFDu,Stratford,Elizabeth Line // WB,Alight-Interchange-Board,1064.24467333,25.88724984,440.33590776,208.2951435,292.1321202,71.49842718,26.09582485,0.0,0.0,0.0,0.6924802400000001,1.55822484,3.06207472,7.640448520000001,12.93402152,20.93343268000001,23.53463948000001,29.5385436,39.1251918,49.29084279999999,47.28456000000001,46.6591634,50.0996374,44.2274974,33.68622379999999,28.2756742,27.6805012,17.88510620000001,11.9324192,8.707711999999999,8.916343740000002,8.02723322,8.0091709,7.354545700000001,6.84674638,6.91780256,7.765654680000001,8.046867200000001,7.487059200000001,8.289558020000001,7.80056064,7.229862240000001,6.960847500000001,7.891309000000001,7.4649617,7.686049639999998,7.63294204,8.052538779999999,8.865681480000003,9.55435908,12.9698124,13.8926925,19.2685979,22.6611679,29.3367669,28.8525681,34.5284806,34.4402466,30.96967900000001,25.3140432,22.7839309,17.2339535,12.8499931,10.9670685,8.9132365,7.981914540000003,6.550010200000001,5.8145422,5.402053960000001,4.8419835,4.788722080000001,4.64338736,3.492152260000001,3.76815978,4.3351963,4.50460844,4.31797676,4.22290706,4.29377072,3.25941866,2.439202472,1.594212646,1.105709246,0.262882506,0.07386430599999999,0.021272034,0.0,0.0,0.0,0.0,0,0,0,0,0,0,0,0,0,0,0.0,0.0,0.0
110588>110582,719,719,SFDu,Stratford,LO Mildmay // EB,719,SFDu,Stratford,NR Great Eastern // DN,Alight-Interchange-Board,291.8174014532244,2.0885696550324,18.90665,116.064195274,54.1255522,70.53426318,30.098171144192,0.0,0.0,0.0,1.20180648e-06,0.36766134180648,0.36766134180648,0.6461563818064799,0.7070893878064799,0.9867587059999999,0.7059388200000001,0.74450495,0.72959035,0.912763764,1.006492864,0.96523966,2.08761173,2.84266409,2.617037412,2.298297702,3.009749952,2.780078052,1.834983102,2.12974822,2.11187683,2.45330745,1.630882616,1.713310986,3.028667526,4.553455286,3.662906426,3.81547186,6.15995234,6.86743214,5.493062892,5.639316572,7.988430872,8.071464572,6.305671892,7.35947546,7.36524244,7.52360944,5.62070498,5.77371746,6.18142586,6.30348596,4.501698859999999,4.75221804,4.94132304,3.92998158,5.07035776,5.09801812,4.93114042,4.621982419999998,4.50009736,3.12780054,2.3474481,2.18405804,1.90530166,1.83649506,3.37312368,3.38996218,5.950356220000002,5.739805208000001,9.003447328000002,9.488336128,9.509561267999999,8.544778668,9.60903774,6.743347540000001,5.48273326,5.758777039999999,4.119138080000001,2.9409390608384,2.3592646208384,1.3482803008384,0.8197638608384001,0.2629640208384,0.26296336,0.0,0.0,0.0,0.0,0.0,0,0,0,0,0,0,0,0,0,0,0.0,0.0,0.0
110588>110583,719,719,SFDu,Stratford,LO Mildmay // EB,719,SFDu,Stratford,NR Great Eastern // UP,Alight-Interchange-Board,48.8447163846332,1.96412962,2.98902902,24.657964281246,14.081285492,4.439860353457921,0.7124476179292799,0.0,0.0,0.0,0.2035939400000001,0.4401339200000001,0.4401339200000001,0.4401339200000001,0.4401339200000001,0.23653998,0.0,0.0,0.0,0.0,0.0,0.0,0.0,0.0,0.5050728,0.77623774,1.4711785,1.8721013,2.33982342,2.0383206,1.91541106,1.59631266,1.25024304,1.00998304,1.064995780000001,1.12325508,0.8599883200000001,1.08515432,0.9826023000000002,1.0317379,0.8575497339999999,0.7449788594492001,0.5799273114492001,0.6371268174492001,0.3794778714492,0.5403000574492001,0.562337576,0.5881895779999999,0.4886154720000001,0.501537192,0.6079949920000001,0.8454670879999999,0.8803945860000001,0.9867186659999999,1.093534452,1.159067352,1.134779692,1.38118916,1.31687289,1.69063061,1.385139782,1.29931417,0.908177044,0.8102912280000001,0.30576505,0.2639417068000001,0.1599460148,0.2949697268,0.2683122328,0.2613207508,0.4781621620000001,0.510645966,0.3728505720000001,0.3728509417289601,0.34080400172896,0.10613768656006,0.02824883958794,0.05857475758794,0.05857467194848001,0.08009833094848001,0.11561200411738,0.1156116710895,0.0570379610895,0.057037677,0.035514018,0.0,0.0,0.0,0.0,0.0,0,0,0,0,0,0,0,0,0,0,0.0,0.0,0.0
110588>110584,719,719,SFDu,Stratford,LO Mildmay // EB,719,SFDu,Stratford,NR Weaver // DN,Alight-Interchange-Board,194.176790474076,13.014418866,45.7680663275624,33.0260748722436,79.1016369722,21.46168428123,1.80490915484,0.0,0.0,0.0,0.08789843400000001,0.988485134,1.0117907752,5.4605479752,5.4656965476,6.022740053600002,5.1980239276,5.4708505264,1.5859435864,4.742291214,4.467032393999999,4.391689036920002,4.777569636920001,4.26346458292,1.38839196292,1.0187188414012,2.4413505644812,1.8099729364812,1.8072591624812,1.8224622424812,1.938498374,0.5953751979999999,0.6604538560000001,0.724408904,0.643219364,0.614346154,0.7898025100000001,0.7841748300000001,0.96063071,0.8470219500000001,1.11749153,0.8843795820000001,1.574802472,1.630852592,1.905926612,1.748901172000001,1.87858841,1.0793231688,2.0028718888,1.6217926566,3.5835185966,3.5420689666,6.4677789278,7.0059149278,7.00509178,4.859208510000001,8.00030353,8.84030673,7.03512953,8.64055403,8.84868944,5.59697664,3.25961396,3.277586772,2.511647872,2.287069913934,3.294193573934,2.295232233934,2.410010681934,1.573974980534,1.6916609866,0.6860233715999999,0.5652628316,0.4333531784800001,0.4356678846800001,0.3564786646800001,0.5480976496800001,0.23822520968,0.2373836028,0.231618998,0.19310503,0.0,0.0,0.0,0.0,0.0,0.0,0.0,0.0,0.0,0,0,0,0,0,0,0,0,0,0,0.0,0.0,0.0
110588>110590,719,719,SFDu,Stratford,LO Mildmay // EB,719,SFDu,Stratford,DLR (Stratford route) // OB,Alight-Interchange-Board,1021.1069361,15.43856878,296.48200212,240.4930608,278.3320284,120.5896812,69.7715948,0.0,0.0,0.0,0.8205684000000001,1.32110832,1.91324142,4.53404162,6.84960902,11.45994662,14.5941579,18.1006534,24.180774,34.0275146,33.6225826,35.4384364,36.83485140000001,31.1861582,22.3102298,18.3818106,16.3448866,11.83474614,10.86984634,9.09096366,9.738669859999998,8.23687926,8.98993552,9.34078812,9.6775958,10.3035472,9.87737314,9.58672214,9.26166294,9.14184714,8.14403828,7.505555999999999,7.804336800000001,7.3710516,7.6018734,7.36098746,8.6278796,9.732728199999999,14.160377,15.9101304,20.3235248,21.3760572,23.9811206,23.0679062,24.0144172,23.1229088,26.9753762,27.482786,24.9489792,24.418263,23.4446418,19.379633,16.11993919999999,14.797746,13.5289836,11.1649359,10.4640409,9.8567325,9.56116144,8.294368720000001,8.634601620000002,8.14004402,7.92233502,8.77494888,9.4497826,9.8336538,9.7198488,8.984992,8.318128400000003,6.826446000000002,6.9304724,6.220109880000001,5.07626688,3.84781728,3.07936228,0.93449708,0.0,0.0,0.0,0.0,0,0,0,0,0,0,0,0,0,0,0.0,0.0,0.0
110588>110592,719,719,SFDu,Stratford,LO Mildmay // EB,719,SFDu,Stratford,DLR (Stratford Int'l route) // OB,Alight-Interchange-Board,1400.239459,39.48993482,264.16115476,408.99274932,407.4165636,179.8963955,100.282661,0.0,0.0,0.0,2.1820008,3.1998528,3.26473274,12.32290234,18.52044614,21.16722494,24.37618714,26.2871196,21.815692,24.819845,24.5553648,26.8948706,27.7124404,25.13378040000001,17.7036634,13.78051614,9.914450339999998,11.49622374,12.66851734,14.52319454,15.9803294,17.2174932,14.7895935,14.3389497,12.6015603,14.2480663,13.7378665,16.2818712,16.12084620000001,17.87063220000001,16.2430158,16.1777056,16.913796,18.6094984,17.29663519999999,20.2994564,19.9503758,21.8040088,21.4406468,23.1227886,25.2596778,28.2262186,28.0290146,32.2484966,33.1925576,30.0134646,33.105947,37.46451020000001,35.71250600000001,37.8238154,45.2677782,38.3044596,28.0277952,24.9363888,20.6473294,11.9160632,12.0494724,12.3021272,12.5805236,12.6489868,12.6588359,14.5849553,15.6213919,14.9009905,15.0493305,15.7578534,14.9021748,14.2921402,12.66907552000001,11.79899612,10.30461172,7.40586212,5.76112652,4.549077599999999,2.4281106,0.4136324000000001,0.0,0.0,0.0,0.0,0,0,0,0,0,0,0,0,0,0,0.0,0.0,0.0
110588>110593,719,719,SFDu,Stratford,LO Mildmay // EB,719,SFDu,Stratford,DLR (Stratford Int'l route) // IB,Alight-Interchange-Board,62.04652139483,0.09761682262000002,3.990284247646001,16.791354064564,18.596705248,11.638705712,10.9318553,0.0,0.0,0.0,0.0,0.00081182988,0.00233412078,0.00951659598,0.08495427598000001,0.14232507598,0.1503794049,0.182372148,0.2145099528,0.4840870328,0.4382240412,0.5875013624000001,0.6024797524000001,0.5826900424000001,0.2621188964,0.2507912331,0.09280530526599999,0.044434821566,0.025043337786,0.048317295786,0.155604010686,0.2173172985200001,0.51168785822,0.5964524720000001,0.619449928,0.8599004879999999,0.8767508479999999,0.8298375480000001,1.024511828,1.00418736,0.7508849599999999,0.91608144,0.88620638,0.74566026,0.95236404,1.0441177,0.86299799,0.90494111,0.96921079,0.8550747900000001,1.09031951,1.44238534,1.49611386,1.88456648,1.96302676,1.68712784,1.62295546,1.69387956,1.29874342,1.236593072,1.458611372,1.512439652,1.300262432,1.196554152,1.16476405,0.8781960999999999,0.6237836400000001,0.543052384,0.5095664440000001,0.6349018740000001,0.8207772240000001,1.148907184,1.13582074,1.4414748,1.54090712,1.59068446,1.38257704,1.51962884,1.416622400000001,1.48062104,1.241740264,0.9716104840000002,0.7562527240000001,0.494181304,0.077936744,0.0,0.0,0.0,0.0,0.0,0,0,0,0,0,0,0,0,0,0,0.0,0.0,0.0
110591>110501,719,719,SFDu,Stratford,DLR (Stratford route) // IB,719,SFDu,Stratford,EntEx,Alight-Exit,4024.396770700002,55.1997198,576.817917,1413.5018524,1327.396316,341.2330941999999,310.2478713,1.32815694,2.08451284,4.022172640000001,5.199380040000001,7.712015040000002,8.768372099999999,11.8570208,14.2280894,16.7139374,25.545807,31.3685836,39.004853,51.7305566,59.4076998,58.1799692,63.7236486,61.94910000000001,53.62462000000001,59.3166334,56.25250840000001,52.22705560000001,51.0816416,51.7978736,44.1263216,47.2857758,48.525136,51.77565320000001,54.2904466,57.80373460000001,60.88673940000001,62.891474,63.50759179999999,63.54042340000001,62.30902140000001,60.5136808,59.03807880000001,58.13778740000001,57.92765560000001,58.8902892,62.2099118,69.2975878,67.30561080000001,71.75439360000001,76.37796800000002,88.219246,89.00180999999999,100.084784,116.231444,123.075014,120.387944,134.695944,134.403864,120.78467,119.326836,103.4124726,77.77228740000001,64.920321,53.649629,36.6741194,32.7556956,28.2710894,24.250506,20.120574,17.760509,16.49682889999999,15.8669543,15.5883361,14.8785315,14.2268929,13.9854878,13.886948,13.078227,12.323166,12.9062076,20.222594,22.7132826,45.8495446,43.97510820000001,40.7647898,30.8126778,25.502945,0.0,0.0,0,0,0,0,0,0,0,0,0,0,0.0,0.0,0.0
110591>110514,719,719,SFDu,Stratford,DLR (Stratford route) // IB,719,SFDu,Stratford,Central // EB,Alight-Interchange-Board,2124.317477600001,14.62256932,156.48873158,410.6254476,1007.8406624,316.6916141,218.0484526,0.0,0.0,0.57361236,0.85841732,1.42761478,2.19194054,4.19107974,5.379904580000002,6.48825322,10.06459596,13.4304818,16.266722,18.500713,19.6615088,17.8529744,16.2736822,12.6022504,9.3737146,8.613943800000001,7.359891399999999,6.190839700000001,6.22156678,6.97080578,6.67382598,7.269129980000002,7.716057279999998,8.579252700000001,9.2499907,10.1289859,11.5903539,13.7063339,15.3009434,17.2748206,18.3785522,19.3171224,19.975493,20.4485478,20.7155084,22.7081444,25.9804068,29.1640212,30.3661136,33.44764240000001,43.25098879999999,53.8869948,57.5239468,69.46726,92.99718399999999,93.556327,93.1586082,110.4813142,109.5354352,91.19970320000002,92.03440920000001,82.8227124,61.1767674,50.8835636,42.9121922,31.0340306,28.06329980000001,25.01562280000001,24.3472006,23.951047,22.4582656,19.4971526,18.4227384,15.9449202,14.1615807,13.8871911,14.41093390000001,15.1691995,15.2125059,14.9937664,15.357912,17.059923,20.5811076,25.4961336,23.1613096,19.7727396,15.1017812,7.843949200000001,0.0,0.0,0,0,0,0,0,0,0,0,0,0,0.0,0.0,0.0
110591>110515,719,719,SFDu,Stratford,DLR (Stratford route) // IB,719,SFDu,Stratford,Central // WB,Alight-Interchange-Board,1670.495604800001,53.599199,448.7879787000001,558.1656884000001,411.0942532,139.0100661,59.83841940000001,0.45881962,1.618390500000001,3.7991527,4.85035976,6.58052066,9.60657264,12.96319376,13.72218936,17.3317883,25.8855248,31.6148392,38.35888720000001,48.4920234,51.32060420000001,48.61932280000001,48.67400480000001,42.37440620000001,33.1213474,33.4802526,29.5149778,25.5619206,25.7431268,27.3660236,23.9949736,25.1807918,23.596497,23.1631974,22.0520824,21.465021,19.6946432,20.4704686,19.5687012,19.1635692,18.7586258,20.4214668,19.883567,19.6654038,18.3976368,22.4700316,25.0053324,29.0701484,29.222095,29.57236480000001,28.67799960000001,28.9437882,25.9722012,28.6436718,35.4601548,37.10119,35.398521,39.0560156,40.36975,37.4471578,36.7300638,36.2746076,29.6971314,25.3641884,19.95417068,14.41022448,11.31854758,11.07629218,9.16965546,9.24181898,8.68446492,7.96926322,7.282168760000001,7.046623020000002,7.49264842,7.409641179999999,7.420736380000001,7.02531684,6.70576022,5.80250342,6.42886352,5.87107672,5.05315712,4.1220702,3.0142772,0.9850165999999999,0.0,0.0,0.0,0.0,0,0,0,0,0,0,0,0,0,0,0.0,0.0,0.0
110591>110522,719,719,SFDu,Stratford,DLR (Stratford route) // IB,719,SFDu,Stratford,Jubilee // NB,Alight-Interchange-Board,1155.1411816,36.97436268,215.90769456,390.83102326,307.1806096,152.4512549,51.79623660000001,1.4215158,1.74348604,3.50624504,3.96047984,4.987227359999999,5.66286216,7.407447920000001,8.28509852,11.31691492,14.9393666,16.9522354,19.347194,23.6665484,24.2916574,23.1417338,22.4630052,20.3674638,14.96064512,13.44227112,11.0186588,9.128809000000002,8.806011,9.62144428,9.32422998,10.2184589,11.8303897,12.1449993,12.4253107,12.513648,13.6912412,13.8820242,15.1945844,16.2962744,17.5768132,18.3798558,20.1637672,20.3568316,19.4870188,18.5076918,22.270873,26.2504904,24.0158658,23.557358,25.18703260000001,23.0591118,18.90644,21.2052766,26.1739276,27.2510392,26.8656524,27.9940162,29.5610306,27.6818296,27.530404,26.0121416,24.93974,21.1979684,17.540409,14.6252278,13.3485952,10.2905753,11.3164627,11.8072503,11.4412777,10.9339875,10.7476602,9.6525048,9.549336,9.2917328,8.102949660000002,7.530216380000001,6.780262660000001,5.608355960000001,4.76781596,4.058382700000001,2.864489180000001,1.9308467,0.8611846000000001,0.0,0.0,0.0,0.0,0.0,0,0,0,0,0,0,0,0,0,0,0.0,0.0,0.0
110591>110576,719,719,SFDu,Stratford,DLR (Stratford route) // IB,719,SFDu,Stratford,Elizabeth Line // EB,Alight-Interchange-Board,1476.754425,39.75939700000001,186.4137343,373.4328564,585.6703640000001,158.9691816,132.5088917,0.22772918,1.823856780000001,4.399077780000002,4.785031500000001,6.0725398,7.207034920000001,7.725998720000002,7.518128320000002,8.522863599999999,12.7661097,13.418909,18.1527488,22.2626702,22.37413488,20.16332868,20.75252208,16.04856788,10.73268908,11.7727252,9.446465199999999,8.538707600000002,8.243020399999999,8.7523324,8.5537478,9.7120358,10.5965592,10.8282028,11.7458168,11.8809442,12.8531608,12.2576142,13.3956322,13.5357696,14.3279014,13.6798888,15.7273186,15.9627692,17.4328618,18.3538598,22.355713,25.6433914,25.6141912,29.6986544,33.742763,37.0288188,36.3331096,41.4682548,48.6358744,51.61076,55.0104668,62.37900160000001,63.94696460000001,56.7635526,53.0455754,44.3513564,35.096629,28.0906686,23.5429352,18.0718084,15.631578,12.8963574,11.790033,9.5147048,8.85655732,8.14851592,7.82486972,7.22001592,7.381137320000001,7.3462583,7.103612440000001,7.436881040000001,6.986678840000002,6.622488100000001,7.886710799999999,16.67883746,14.66579306,18.05328126,16.8121922,14.2192434,4.3484574,4.3484574,0.0,0.0,0,0,0,0,0,0,0,0,0,0,0.0,0.0,0.0
110591>110577,719,719,SFDu,Stratford,DLR (Stratford route) // IB,719,SFDu,Stratford,Elizabeth Line // WB,Alight-Interchange-Board,1694.330901658001,70.99797930000001,562.3325040000001,529.7899704,325.5487782,134.08554536,71.57612439800002,1.9849378,2.5926526,7.861042800000001,8.142056100000001,10.0352159,11.4261341,14.4970231,14.4589169,17.085452,19.36230620000001,27.52210700000001,34.6217084,52.23563040000001,66.440115,71.500013,73.8894662,70.52827140000001,53.03874640000001,41.44197260000001,34.6667154,25.4074768,22.397506,22.0127766,20.5009232,22.59899200000001,21.3789538,21.275214,20.965834,21.3501548,19.9304948,20.5128682,20.2022896,19.971092,19.6459474,21.4834504,21.5017122,21.99417900000001,21.8537836,22.1363076,23.4200184,27.99780800000001,23.8416884,22.5462808,24.8642188,24.9530274,19.0604168,25.22572700000001,30.3853824,27.5438018,26.9106592,33.0004154,32.351902,28.4514992,29.6121304,26.4949028,21.55891380000001,16.2754166,16.162439,14.563284,13.8419338,12.1193952,13.1437868,10.4920562,8.3158771,8.2654159,7.532590900000002,6.98262138,6.390728480000001,6.66611052,6.83472562,6.149306060000002,6.759489180000001,5.866982471600001,5.102370091600001,7.1277941916,7.823678071600001,6.176704871600001,6.172989080000002,5.455458920000001,1.44051532,0.0,0.0,0.0,0,0,0,0,0,0,0,0,0,0,0.0,0.0,0.0
110591>110582,719,719,SFDu,Stratford,DLR (Stratford route) // IB,719,SFDu,Stratford,NR Great Eastern // DN,Alight-Interchange-Board,185.861229795579,1.5836074889158,9.5183396146632,73.286664152,61.75032976000001,30.067346768,9.654942012,0.0,0.0,0.07674897400000001,0.07674897400000001,0.290123374,0.3708795260000001,0.4229265520000001,0.3461800889158,0.3612631209158,0.1596686759158001,0.0924601187158,0.07490781271579999,0.1625982118,0.2500185518,0.4677224968,0.904133842,1.543859822,1.482232962,2.12447895,1.89499505,2.00136071,1.460200536,1.960592846,1.291362546,2.012817346,1.544834426,2.05535668,1.536012576,2.513684316,1.857628846,2.954134426,2.3154826724,3.5377327164,2.5964135364,3.8613138064,2.7069415544,4.144993127999999,3.180464208,4.896597388000001,3.742373368,5.93610416,4.95454636,5.4537822,4.771933799999999,5.38521198,3.8401352,3.87246198,4.60771476,4.16484662,4.792508799999999,6.068590980000002,6.562130740000002,6.539713340000001,6.506747300000002,5.344397460000001,4.0658706,3.409484920000001,2.04687037,2.75594455,2.673631562,2.117962942,2.833036782,3.617183472,2.320644318,2.653317166,2.608520962,1.916834302,1.113915422,1.136830476,0.6772743179999999,0.6637965340000002,0.398086322,0.302566462,0.315046682,1.32622762,1.263485888,1.20793735,1.20793735,1.08968483,0.03303409,0.03303409,0.0,0.0,0,0,0,0,0,0,0,0,0,0,0.0,0.0,0.0
110591>110583,719,719,SFDu,Stratford,DLR (Stratford route) // IB,719,SFDu,Stratford,NR Great Eastern // UP,Alight-Interchange-Board,53.700133978,6.743856500000001,4.486339259999999,19.61825081678,16.37099754832,3.303639272300001,3.1770505806,0.3284704600000001,0.4747782200000001,0.5501011280000001,0.7565782280000001,1.496819568,1.168349108,1.022041348,0.94671844,0.7402413400000001,0.0,0.0,0.0,0.0,0.0,0.0,0.0,0.0,0.48106456,1.43961296,1.8254204,1.99043916,2.52547748,2.106517896,1.360101516000001,1.072223566,0.970502566,0.7043712660000001,1.06157657,0.8755382979999999,0.9912411280000002,0.9286652195,0.7257087115000002,0.3070748433600001,0.2819784552200001,0.06869730046000001,0.09623401496000003,0.13073996296,0.2214306411,0.28373678124,0.5866551360000001,0.55882323612,0.53960953612,0.44824244612,0.7826650861200001,0.87809776612,1.07942126,1.0409246,1.5320189,1.43774142,1.60726952,1.98872276,1.980658096,1.863648896,1.56047708556,0.99241252484,0.4096047198000001,0.3751981237800001,0.34952794378,0.34963870336,0.3504266710000001,0.39279726604,0.3933767379400001,0.04672935654,0.0475835379,0.13926393698,0.26637712698,0.2691070633,0.3236128047,0.3355574802,0.2632576122,0.1198015042,0.227070166,0.22772691,0.4885759040000001,0.4682416660000001,0.4418183940000001,0.3309654840000001,0.2740354600000001,0.0,0.0,0.0,0.0,0.0,0,0,0,0,0,0,0,0,0,0,0.0,0.0,0.0
110591>110584,719,719,SFDu,Stratford,DLR (Stratford route) // IB,719,SFDu,Stratford,NR Weaver // DN,Alight-Interchange-Board,880.4743130999998,51.91623744000001,198.27722402,254.28888804,276.6411856,86.07822970000001,13.2725483,0.31922136,1.27057204,1.27057204,4.77931504,7.51991844,8.41295036,12.98844968,15.35523848,13.64850588,14.47847028,16.5701286,14.6406446,21.820527,24.3785126,23.9593076,22.0005406,20.0872292,11.2045788,8.6404406,6.84833826,7.33432566,7.821583260000001,8.51207606,8.60425786,8.22192506,8.16475726,7.33912606,7.64556006,8.12267806,9.3607034,8.741812,9.7970258,9.741799,10.3143754,12.0109268,12.6387462,11.65882986,11.74352226,11.41300646,11.66096666,12.27155426,14.4785708,15.512116,21.1786438,21.7366268,24.046074,26.679137,23.9551786,25.6617618,28.5751762,28.6496928,22.3886348,27.543386,21.3437072,13.7128452,12.3489652,13.36389106,10.00893166,7.760671859999999,9.73591606,7.63325526,7.09305874,6.150131140000001,5.483458240000001,4.941121520000001,4.828397120000001,4.63392216,4.445474880000001,4.312411600000001,3.33262034,2.13444194,1.85418756,1.18577064,0.4531162200000001,0.0,0.0,0.0,0.0,0.0,0.0,0.0,0.0,0.0,0,0,0,0,0,0,0,0,0,0,0.0,0.0,0.0
110591>110589,719,719,SFDu,Stratford,DLR (Stratford route) // IB,719,SFDu,Stratford,LO Mildmay // WB,Alight-Interchange-Board,1058.001011984768,33.18122332,283.76805612,284.5089476,315.37327854,112.2714054,28.89810100476801,0.0,0.049667928,1.792165128,3.160305828,5.242232428,5.953465287999999,8.59295036,8.390436359999999,11.50284066,17.05790066,22.2237218,28.44629440000001,34.79230320000001,36.19031220000001,32.8285004,30.5039408,24.1067672,17.5837514,15.558723,12.9730004,11.7567312,11.3189394,11.3525232,9.037287199999998,9.3908712,8.900537,8.457317199999999,9.206083999999999,9.6064536,9.6444236,10.3854092,10.710421,10.2285258,10.1693408,11.1917788,10.3362364,12.059353,11.5880316,12.2700434,14.487686,16.9607138,15.8921758,19.7012798,19.8567846,21.3050958,21.01415740000001,23.42112280000001,25.7042378,28.1911986,26.5582424,29.411724,30.00121840000001,29.7021218,29.7779004,27.7383744,22.54788474,20.17910914,15.82828614,11.74769964,10.22129414,9.98523132,7.973759920000001,6.831549320000001,6.88344332,6.308144620000001,5.626586880000001,5.400664580000001,5.285636380000001,4.54216028,3.97776804,3.80991806,4.47295296,3.1978185,3.10570886,2.674889508953601,2.183944508953601,0.5174883089536009,0.4154519689536009,8.9536008e-09,0.0,0.0,0.0,0.0,0,0,0,0,0,0,0,0,0,0,0.0,0.0,0.0
110591>110592,719,719,SFDu,Stratford,DLR (Stratford route) // IB,719,SFDu,Stratford,DLR (Stratford Int'l route) // OB,Alight-Interchange-Board,114.7161647406378,3.354448518,27.851433518,41.990161174,26.96368307,10.796629876,3.7598085846377,0.063842016,0.236733764,0.467120544,0.5463695740000001,0.6240991379999999,0.6219055019999999,0.4570387,0.33733928,0.6740583900000001,1.691741026,2.139872526,2.56328154,3.25507668,3.46006894,3.03307482,3.0349341,2.88848156,2.20689996,1.649622588,1.254321388,1.190080508,1.080484694,1.185320074,1.374219486,1.271314136,1.02116459,0.9932889840000001,1.119365104,1.155388824,1.163403214,1.31499756,1.49282778,1.49425216,1.35708606,1.76760226,1.93303954,2.00494072,1.92689148,2.23577194,2.48605682,2.92680566,2.52956426,3.3701646,3.59613072,3.55309712,3.32195856,3.60312902,3.11211498,2.83870928,2.32328278,1.93646422,1.96382466,1.48468386,1.19066,0.9536933600000002,0.6820652300000002,0.52636961,0.56903853,0.63664305,0.75762956,0.8696444560000001,1.046285696,1.149656236,1.201258976,1.13911428,1.082472874,0.989165814,0.8293507939999999,0.629347588,0.5295462716,0.4194571776,0.3342879376,0.2747947516,0.3975816276,0.39525548606,0.38452780929326,0.23352820852754,0.16116391452754,0.00031590452754,1.28846754e-06,6.192342800000001e-07,0.0,0.0,0,0,0,0,0,0,0,0,0,0,0.0,0.0,0.0
110591>110593,719,719,SFDu,Stratford,DLR (Stratford route) // IB,719,SFDu,Stratford,DLR (Stratford Int'l route) // IB,Alight-Interchange-Board,205.432311674389,1.920572806,29.164780704,74.79474503,55.18016382,25.81319158,18.558857734389,0.0,0.031736496,0.078461742,0.078461742,0.175837682,0.33776183,0.5695947939999999,0.64871852,1.29289166,1.92527928,2.098630472,2.582166012,3.36011476,3.21929268,3.09398192,3.231667,2.58800114,2.28741644,2.01962082,1.46571852,1.7309808,1.97707732,1.95572938,1.93844016,2.81005114,2.49878466,2.7010669,2.4649534,2.97011386,2.87812558,3.15600976,2.9544636,3.621196960000001,3.05617333,3.15186207,2.71475777,3.58671183,2.98196301,3.51803756,3.52383762,5.105205120000001,4.21076316,4.76640084,4.5220392,5.154863519999998,3.80713384,4.7272027,4.74329744,4.964822020000002,4.618174300000002,5.101418660000001,4.377593220000001,4.675874680000002,5.138025880000002,4.125793740000002,3.74596382,3.452636340000001,2.56699748,2.1339342,2.15169156,2.1050242,2.08996296,2.15593444,1.82543816,1.95662664,1.54596258,2.01017764,1.81880538,2.22443018,2.04471152,2.32469312,1.91363346,1.79241466,1.148866652,2.009881012,1.5824501257966,1.3136747628778,1.1681832028778,1.0358742308778,2.623087780000001e-05,1.857708120000001e-05,0.0,0.0,0,0,0,0,0,0,0,0,0,0,0.0,0.0,0.0
110592>110501,719,719,SFDu,Stratford,DLR (Stratford Int'l route) // OB,719,SFDu,Stratford,EntEx,Alight-Exit,166.5095021139999,2.076455124,41.46156604,54.70020279000001,43.097600036,17.963767434,7.209910690000002,0.0190502688,0.04435764480000001,0.0661636608,0.1633917608,0.2606006548,0.390817738,0.428471856,0.70360154,1.0560725,1.205249846,2.640731134,3.78223054,4.02383944,5.40159778,5.70440594,4.84430372,4.04024546,3.99917028,2.5027298,2.2609896,1.68922231,1.68030457,1.42239903,1.46359359,1.44597033,1.5973553,1.40979024,1.6400366,1.54683378,1.87629444,1.842028720000001,2.30757128,2.23140304,2.55084742,2.29596226,2.650841,2.50598406,2.86558274,2.7437552,3.08136816,2.98699216,3.10672126,3.640870440000001,4.11847486,3.72591242,3.85152436,3.997352,3.16363216,3.11356884,4.326946,4.07591732,3.86929718,4.39725036,3.585950812,2.569700892,2.420547692,2.239349852,1.750502512,1.81505442,1.43260636,1.47589478,1.50140854,1.19888303,1.35409779,1.39846691,1.464316310000001,1.13816889,1.19501804,0.9889106600000002,1.17950946,0.9653163,0.89084725,0.6437477500000001,0.596059766,0.293599896,0.26495517,0.3597998,0.3597998,0.300961444,0.244317254,0.12208614,0.0,0.0,0,0,0,0,0,0,0,0,0,0,0.0,0.0,0.0
110592>110514,719,719,SFDu,Stratford,DLR (Stratford Int'l route) // OB,719,SFDu,Stratford,Central // EB,Alight-Interchange-Board,97.61432177000003,1.0403762408,12.7415250332,21.378797052,32.847024024,19.799103036,9.807496384,0.0,0.0,0.09541227199999999,0.09541227199999999,0.1068457772,0.1490459052,0.1926404332,0.4010195812,0.9185705212,1.026817176,1.262785448,1.73664068,1.49709884,1.12973114,1.36601092,1.22090528,0.7566437360000001,0.7478822840000001,0.6329641140000001,0.4454748940000001,0.36314914,0.432270752,0.4296404240000001,0.53612588,0.416499248,0.473655482,0.424357034,0.497660034,0.44921298,0.658505632,0.7074502240000001,0.8398939240000001,0.8415633240000001,1.204939532,1.195862072,1.50534848,1.52140796,1.67402894,1.378079634,1.418282034,1.056471334,1.167084694,0.956506794,1.2308015,1.27331624,1.71949416,2.04949732,2.16522866,2.1147878,3.71216038,3.4004059,3.33695062,3.99724368,3.759560888,2.432769328,2.885609048,2.609381188,2.214110588,2.23831908,1.95800404,1.47066376,1.3926415,1.1510023,1.46074522,1.26347022,1.32961076,1.29388208,1.4172723,1.05406296,1.21232564,1.071434952,0.8810196159999999,0.5599328328000001,0.8317081728,1.0365207528,0.9068344808,0.8885528168000001,0.8772614999999999,0.4878426599999999,0.0,0.0,0.0,0.0,0,0,0,0,0,0,0,0,0,0,0.0,0.0,0.0
110592>110515,719,719,SFDu,Stratford,DLR (Stratford Int'l route) // OB,719,SFDu,Stratford,Central // WB,Alight-Interchange-Board,1435.521290619999,46.25113396,516.1729096400001,425.80586122,255.4823219,131.38489776,60.42416614,0.07388586400000001,0.5178780040000002,1.510323664,2.963994544,4.445068504,8.711058040000001,11.1390765,16.88984884,25.43101056,28.0366278,34.72587540000001,51.83962680000001,50.6124348,53.1668796,65.15605640000001,57.3598946,45.60123520000001,45.6269306,33.76787994,24.84845794,24.21394674,21.88880154,19.42599454,24.87749680000001,20.3877658,23.1499404,19.5703538,20.9048306,16.6130226,17.66383620000001,14.3988582,16.90991360000001,14.3484388,15.896039,14.0418634,15.938463,12.8491722,14.9932592,13.9422214,16.8588544,15.091167,17.9552778,15.4411742,18.44517,16.8305646,18.5545894,20.4414916,21.7082444,19.9692928,24.5111802,23.6918124,22.0538634,25.67906080000001,23.3177269,19.2348905,19.4896049,16.4315593,13.3233767,14.361255,13.3413862,11.0527752,11.275863,9.46610448,9.58921608,7.476144120000002,9.05401212,7.89955872,8.11364684,6.94216956,8.48044112,6.58895552,7.76881092,7.75024812,7.399362400000001,5.791120940000001,5.00941934,2.961775740000001,1.31034154,0.4215209400000001,0.0,0.0,0.0,0.0,0,0,0,0,0,0,0,0,0,0,0.0,0.0,0.0
110592>110522,719,719,SFDu,Stratford,DLR (Stratford Int'l route) // OB,719,SFDu,Stratford,Jubilee // NB,Alight-Interchange-Board,636.9454273999997,15.562513,176.0589549,214.5900094,155.52913022,51.77978180000001,23.42503808,0.0,0.2457650200000001,0.7736997200000001,1.30219212,2.229265320000001,3.636884720000001,3.3911197,3.983586400000001,7.180314000000001,7.950722600000002,10.1439954,19.8128634,20.9930766,20.6544376,24.9610448,22.65140846,13.92950996,12.43211448,10.31000396,5.03946364,4.9477709,6.027790600000001,5.8033066,6.63665632,6.997929380000001,8.005226860000002,7.116933760000001,8.82518004,7.93773734,8.8739968,7.773719900000001,10.5833004,9.7346072,10.9590055,10.4600155,13.0450754,10.7827864,11.4721904,10.30181784,11.62241734,7.93077374,9.44490974,8.55551474,10.7513467,9.1552743,10.8560233,11.8433001,12.08985398,11.50310738,14.92144368,14.62904058,13.13555918,16.3639893,14.67529284,13.06328864,13.29295694,10.59903794,7.770140340000001,7.976350200000002,5.124866120000001,3.74205086,4.189851600000001,2.60472934,1.62245594,1.76464002,2.12801694,1.96559248,2.29205002,2.01493866,2.74559926,2.1270234,2.59270652,2.02138372,3.563429080000001,2.47911808,2.47911808,1.72805868,1.6736626,0.0,0.0,0.0,0.0,0.0,0,0,0,0,0,0,0,0,0,0,0.0,0.0,0.0
110592>110576,719,719,SFDu,Stratford,DLR (Stratford Int'l route) // OB,719,SFDu,Stratford,Elizabeth Line // EB,Alight-Interchange-Board,143.3507119125449,2.5411138356749,22.77507415040001,29.9600705656,62.56069262000001,17.80795672,7.705804020869998,0.0,8.573064000000002e-07,2.33224288e-06,3.995134979999999e-06,0.28620013513498,0.50102801513498,0.62954721782858,1.1243312828921,2.46454582,2.47860084,3.06440916,3.5261004,3.227784548,2.185618848,2.059623214,1.322670882,0.845703642,0.728324854,0.4459008992000001,0.4257910432000001,0.4100979952,0.4371460952,0.3580551952,0.53744389,0.439574404,0.620220164,0.6093972639999999,0.914253024,0.8043615740000001,1.01199079,0.8632581300000002,0.9340637900000002,0.7739044700000001,1.05106084,0.99613514,1.19014544,1.32149136,1.57751832,1.69619348,2.16647752,2.27808614,2.37343336,3.122270220000001,3.47349196,3.26383056,3.91262884,4.145844680000002,3.996607900000001,5.509228240000001,7.042715100000001,6.794012620000001,7.487797120000002,7.205080940000001,5.0750461,4.10713404,4.020766480000002,2.85841616,2.3003072,2.19813576,1.5698009,1.2484894,1.26692534,1.260209452,1.393889392,1.197746432,0.94603578,0.7836970520000001,0.7843038520000001,0.899794132,0.940765712,0.906394404,1.146432932,1.04903634,0.7004744720000001,0.448863690724,0.591852950724,0.304145112174,0.2481524521740001,0.234952980174,0.23489286145,4.598145e-05,0.0,0.0,0,0,0,0,0,0,0,0,0,0,0.0,0.0,0.0
110592>110577,719,719,SFDu,Stratford,DLR (Stratford Int'l route) // OB,719,SFDu,Stratford,Elizabeth Line // WB,Alight-Interchange-Board,965.0178840750797,40.9249931,453.0742628,258.9447288,125.89389708,69.13378960000001,17.04621269508,0.294853824,0.6066427440000002,1.565714284,2.930416484,4.205166364,8.311870260000001,10.78096774,12.2293614,18.4705712,19.36851200000001,22.0092366,39.79919020000001,45.71267100000001,46.923689,64.00222679999999,61.22281400000001,45.3919348,40.0096868,33.6243416,16.5393888,15.4737348,13.6671282,12.8577146,12.011315,12.1046676,11.4663496,11.2638452,10.57708886,10.82722486,10.16927026,9.22991466,7.55534452,8.67930626,8.24719132,9.249242720000002,9.38157472,10.74670786,9.68272906,11.3624932,9.814721940000002,10.41419014,10.51958934,11.57581894,12.06756514,11.06594602,11.88672302,11.76941682,9.4501363,9.799530099999998,12.74946388,10.22874472,9.59543152,12.06127804,9.5295289,8.141224099999999,9.61647366,10.02757106,8.436724159999999,8.6503755,7.476977440000002,6.50161544,4.9176838,4.58963004,4.00217432,3.99078438,3.42860502,3.77890066,3.33274778,2.9078921,2.5130421,2.155685566,1.938749266,1.717586596,1.601588116000001,1.43997249,1.424425089016,0.6877073890159999,0.5686169990159999,0.090914279016,3.2705016e-05,0.0,0.0,0.0,0,0,0,0,0,0,0,0,0,0,0.0,0.0,0.0
110592>110582,719,719,SFDu,Stratford,DLR (Stratford Int'l route) // OB,719,SFDu,Stratford,NR Great Eastern // DN,Alight-Interchange-Board,11.38071278893425,3.90822424e-06,1.040356156,4.411886114200001,1.7932277,3.864029478,0.27120943251,9.7705606e-07,9.7705606e-07,9.7705606e-07,9.7705606e-07,0.0,0.0,0.0,0.0,0.058954548,0.082826948,0.082826948,0.133136702,0.133136702,0.074182154,0.098195136,0.098195136,0.06756087200000001,0.06756087200000001,0.08681878100000001,0.056961357,0.109594877,0.08991938699999999,0.08991938699999999,0.113485388,0.09554246624,0.04290894624,0.04290894624,0.08804781224,0.18663674224,0.186551706,0.186551706,0.234186608,0.232734076,0.115967742,0.13980427,0.24772709,0.236742038,0.193055704,0.168409198,0.228863162,0.317486742,0.320849078,0.341440996,0.402552046,0.318261554,0.217196418,0.195918034,0.175326116,0.193477596,0.20453556,0.109054296,0.111607292,0.131938588,0.052676058,0.041618094,0.041618094,0.06148432800000001,0.107707268,0.160871008,0.198323322,0.262784402,0.35038451,0.283830274,0.442277234,0.6075672400000001,0.54310616,0.41435302,0.431340712,0.219730012,0.016987692,0.016987692,0.016987692,0.0,0.0,0.0,6.7752168e-05,6.7752168e-05,0.000103268902,0.000103268902,0.000103268902,3.5516734e-05,3.5516734e-05,0.0,0,0,0,0,0,0,0,0,0,0,0.0,0.0,0.0
110592>110583,719,719,SFDu,Stratford,DLR (Stratford Int'l route) // OB,719,SFDu,Stratford,NR Great Eastern // UP,Alight-Interchange-Board,103.0868278363,10.36385259,11.26291682,52.64867274072,12.10884981158,9.763402199569999,6.93913367443,0.37272642,0.48686768,0.566152294,1.317350294,2.261625574,1.888899154,1.774757894,1.69547328,0.9442752800000002,0.0,0.0,0.0,0.0,0.0,0.0,0.0,0.0,1.6396306,3.17724532,5.50176562,5.60269534,6.23996334,4.60033274,4.06014002,2.34509648,3.17879888,2.54153088,3.32381018,2.4673413,2.3153145,1.38068238,2.56846304,2.09014254,2.3575439,1.90009394,1.902943752,0.8067575379999999,0.558720686,0.150366206,0.448048786,0.44579041814,0.35511561686,0.29919366886,0.7097866088600001,0.5353544288600001,0.5949390167199999,1.080749652,1.240355232,1.006719132,1.297714572000001,1.49671094,1.108858996,1.257672876,1.12639418,0.7522840160000002,0.6110967700000001,0.9418074340000001,0.8871901940000001,0.84151205,0.80154029469,0.95423398069,0.6578269006899999,0.40402468069,0.8576988006899999,0.85758608103,0.8635955210299998,0.7304136010300001,0.96597266103,0.51229854103,1.60082566,1.32413738,1.324214775654,1.088655715654,1.08869393468,0.00011561468,0.00011561468,3.8219026e-05,3.8219026e-05,0.0,0.0,0.0,0.0,0.0,0,0,0,0,0,0,0,0,0,0,0.0,0.0,0.0
110592>110584,719,719,SFDu,Stratford,DLR (Stratford Int'l route) // OB,719,SFDu,Stratford,NR Weaver // DN,Alight-Interchange-Board,59.32341601779,6.808194363999999,32.68249511482,12.79251231589,2.86335030918,2.97416710244,1.20269681146,0.0,0.4710036200000001,0.4710036200000001,0.8306010400000001,1.14752102,1.20533868,1.33060042,1.352125964,1.883378804,1.566458824,5.094570364,4.5025549858,5.183988161799999,4.6822011818,4.68369192526,1.46281128526,1.61407124346,0.91162923934,0.52306778178,0.5740713183199999,0.3519404183199999,0.6612138183200001,1.14972102244,1.1598967754,1.10772835444,0.964956187434,0.500414922354,0.012239131954,0.2206695965540001,0.220486025174,0.220505612448,0.487333097528,0.4866236984380001,0.2677066132440001,0.4466466955840001,0.994518515316,0.7276493341360001,0.727910417186,0.8759335023800001,0.7075917417800001,0.16005884692,0.1622323919,0.16279397202,0.01574162462,0.00856408022,0.01637530308,0.13175617928,0.1307947856,0.206818633,0.261580728,0.324713552,0.206958752,0.269272798,0.467753518,0.409428358,0.429333622,0.4438688628,0.3935215602,0.1207332812,0.1223264653,0.0319282457,0.1223678849000001,0.2726802415,0.27010136686,0.2687184401200001,0.3239153597200001,0.38309009972,0.22091529442,0.22069126472,0.33986922736,0.28371721136,0.11956759136,0.11946329666,0.11938822,0.0,0.0,0.0,0.0,0.0,0.0,0.0,0.0,0.0,0,0,0,0,0,0,0,0,0,0,0.0,0.0,0.0
110592>110589,719,719,SFDu,Stratford,DLR (Stratford Int'l route) // OB,719,SFDu,Stratford,LO Mildmay // WB,Alight-Interchange-Board,102.1953826191296,7.285267199129501,22.251499532,31.71736130200001,18.267456948,14.4926119164,8.181185721600002,8.115336e-08,1.3918259e-06,0.1338184198259,1.2012864198259,1.2456803798259,1.45063871867254,1.561278868,1.69256292,1.18348882,1.65892376,1.90463294,2.86389368,2.8299303,2.7398676,2.423531080000001,2.0553035,1.34595598,1.225134688,0.777834342,1.243002842,1.414759142,1.470713062,1.388134784,1.54867249,0.9293175579999999,0.8818236180000001,0.7123039980000001,1.393250868,1.370129622,1.676386434,1.726993554,1.735555974,1.135015414,1.1836936,0.8681108900000001,1.01548599,0.8685899499999998,1.00954705,0.8753988840000001,1.434432934,1.432936174,1.906686954,1.794367726,1.945054632,1.4351186,1.36247948,1.295451,1.223282662,1.226822462,1.919167994,1.765095646,1.402582276,1.828246402,1.649798786,1.293886646,1.865524994,2.066705424,1.699492498,1.700284542,1.564084642,0.86593213,0.7405118900000001,0.7074502559999999,0.877874048,0.5887628725999999,0.9721395845999999,0.9152239445999999,1.7941500846,1.7224647646,1.9613325,1.540691806,1.3754547914,0.4647108374,0.4227349574,0.1973373914,0.1846391654000001,0.17816734,0.119981614,0.013670554,0.0,0.0,0.0,0.0,0,0,0,0,0,0,0,0,0,0,0.0,0.0,0.0
110592>110590,719,719,SFDu,Stratford,DLR (Stratford Int'l route) // OB,719,SFDu,Stratford,DLR (Stratford route) // OB,Alight-Interchange-Board,287.3303735,5.319079908,73.62188127200001,86.02201888,61.93133972,32.04329868,28.39275504000001,0.055347252,0.09787559,0.167884894,0.362688914,0.369831236,0.918014014,1.256121796,2.091316212,3.160636872,3.83154482,5.18477354,7.97392302,7.797196260000002,7.918327099999999,9.45992208,7.999470220000001,5.68991582,5.98409072,4.88000014,3.74208068,3.6734308,3.72212628,3.18071994,3.7397847,2.97421714,3.43201794,2.9499801,3.33448728,3.04570902,3.612044840000001,3.18053706,3.53314056,2.954554,3.35419676,2.84147476,3.09611352,2.69263436,3.303942160000001,3.04588928,4.025971480000001,3.9690769,5.33504232,4.831438800000001,6.19348888,5.361224280000001,5.81936302,5.68140142,5.83419268,4.89998968,5.297292479999999,4.90538968,4.68682332,5.43444438,4.58805364,4.447405120000001,4.97576002,4.0285324,3.16567082,3.14398734,2.81527898,1.90923346,2.16635608,2.04916186,2.323055800000001,2.22343428,2.7841389,2.499279,2.93516976,2.7806804,3.5609682,3.095515460000001,2.801950514,2.076725724,1.704506964,0.5449995640000002,1.300371504,2.35763323,2.33174032,2.33174032,2.33174032,1.17418252,0.0,0.0,0,0,0,0,0,0,0,0,0,0,0.0,0.0,0.0
110593>110501,719,719,SFDu,Stratford,DLR (Stratford Int'l route) // IB,719,SFDu,Stratford,EntEx,Alight-Exit,3199.191431700001,148.8027818,498.5217446,1388.229781,651.0976880000001,323.1182054,189.4212309,3.510387,6.4109792,12.2403242,15.017325,19.469582,26.5096136,28.4906284,37.15394240000001,44.14118879999999,41.4238086,42.1835176,46.24736860000001,36.62809300000001,36.27780379999999,42.2788548,36.75783300000001,39.873462,45.5752886,41.8174016,45.3171242,49.84973400000001,51.74464300000001,49.142007,55.352062,50.75885640000001,58.0066204,50.8481074,58.23336339999999,53.6957694,62.71973700000001,55.66316500000001,66.439902,59.369817,68.25246700000001,57.6017598,63.2765558,52.5667698,59.88861679999999,52.4800418,64.445323,60.868405,65.914541,56.64152900000001,64.469988,52.4785784,59.20233320000001,59.71027060000001,61.25032100000001,60.2348282,66.0918318,54.364704,54.3710218,55.4033654,44.05086420000001,39.6036742,44.3358952,40.90757960000001,42.5545802,40.7200854,38.853764,32.571099,29.045085,20.8350122,21.537049,16.5110962,15.790407,11.992367,11.8000808,10.2534868,10.0594056,8.414105699999999,8.2567954,7.02964226,8.77584826,15.40074306,25.39191316,27.52121866,26.5947562,23.26453020000001,14.8143348,3.6444508,0.0,0.0,0,0,0,0,0,0,0,0,0,0,0.0,0.0,0.0
110593>110514,719,719,SFDu,Stratford,DLR (Stratford Int'l route) // IB,719,SFDu,Stratford,Central // EB,Alight-Interchange-Board,1813.247978800001,48.45862380000001,218.8238119,468.5883962000001,584.6171590000001,312.3299663,180.4300216,0.0,0.0,1.718485,2.7545906,5.143053599999999,10.6708224,12.399946,15.7717262,21.36117,22.0933204,21.4520952,25.7562602,23.8016986,20.0094488,19.5402906,16.2347807,13.6129981,12.5416671,10.5270167,11.8930655,12.0329366,10.8418144,9.690625000000002,11.41114,8.6310438,9.6000106,9.258621000000002,12.4995862,12.265565,15.7005858,15.2234342,18.1366108,16.6267918,18.8395728,16.9135576,21.4369284,19.849962,24.10710820000001,23.7752872,30.876115,30.3181966,34.9491838,36.63083880000001,48.97288060000001,45.97042400000001,54.4743356,60.05569000000001,58.74331940000001,54.93267660000001,60.37359800000002,50.3772672,46.933354,46.4912088,38.3256386,31.908561,36.03108579999999,33.355037,34.1494502,32.1074236,35.49645200000001,29.38889480000001,27.3146838,22.81377800000001,24.8636274,18.2112034,20.3117754,17.2100834,17.1075573,14.4401548,16.566555,13.382771,13.572049,11.4573193,12.9758536,12.85258400000001,20.3317136,19.40330226,18.49843586,15.08754946,10.47918606,1.38254766,0.0,0.0,0,0,0,0,0,0,0,0,0,0,0.0,0.0,0.0
110593>110515,719,719,SFDu,Stratford,DLR (Stratford Int'l route) // IB,719,SFDu,Stratford,Central // WB,Alight-Interchange-Board,1947.868490556,91.380213956,426.4907704,714.3704480000001,428.9360872,214.370104,72.32086699999999,0.100688776,0.8164537760000001,5.792527176000001,7.915249176000001,12.514141852,17.39752660000001,21.4540364,25.3895902,31.0784522,31.8838016,36.35777479999999,38.86492800000001,33.4352058,32.4514974,35.6281946,32.4239316,35.2377326,41.7984804,38.137449,39.1933224,37.3672176,35.55219260000001,29.7434028,34.1492026,28.3041846,31.6931896,27.1847748,30.4561358,26.3327804,29.9555282,26.906818,31.71419400000001,27.190025,30.5131804,26.84892940000001,29.9099648,24.9357036,27.459188,24.4395494,31.4305918,28.07314820000001,31.3576702,30.3678268,32.48504940000001,27.7821908,27.702822,31.337476,35.615316,39.8836424,43.36613120000001,44.31732460000001,43.04845200000001,40.73945260000001,33.73762600000001,30.0306738,31.37497980000001,27.4933738,26.74852480000001,25.65545800000001,23.903371,19.0248644,16.1703788,12.264419,13.0021338,11.5532178,13.029616,12.3183,13.2064466,11.65780568,11.07978508,9.19183762,8.33828922,5.731974960000001,5.615200600000001,6.090694200000002,4.70422866,3.75197726,3.63741712,2.5216566,0.0,0.0,0.0,0.0,0,0,0,0,0,0,0,0,0,0,0.0,0.0,0.0
110593>110522,719,719,SFDu,Stratford,DLR (Stratford Int'l route) // IB,719,SFDu,Stratford,Jubilee // NB,Alight-Interchange-Board,255.3190032100001,10.15756696,47.12340998000002,85.52480669,65.75051156,39.9795021,6.783205919999999,0.0,0.12788662,0.4495704800000001,0.70718586,0.99429054,2.71677954,2.58889292,2.572961,3.01694162,3.3376358,3.069539,4.28914092,4.572629920000002,5.25102298,5.342014000000002,4.319813320000002,4.20897214,3.8408943,2.87190478,3.002901200000001,3.11579674,2.85726746,2.673360226,2.616850286,2.041710866,2.007804066,1.533121066,2.1174564,2.23572286,2.95982706,3.117250800000001,3.726082540000001,3.773865860000001,4.2213235,4.48836176,4.91972536,4.781596640000001,4.74918958,4.75859508,4.556225,4.15152074,4.05110122,4.71411036,5.35694122,4.72919068,5.80850014,6.679851180000001,6.48147064,6.594708180000001,7.47876538,6.459408420000001,5.699452020000002,5.27772876,3.897576200000001,3.23414088,3.409719080000001,3.83698688,3.39653378,4.353415340000002,4.70152482,4.1825737,3.73765116,3.882300840000001,3.10782178,2.3822825,2.49787912,1.95845518,1.942077,1.57226975,1.45162463,0.9241850900000002,0.7579234300000002,0.5676055900000001,0.501521206,0.363305526,0.363305526,0.229419266,0.052045906,0.0,0.0,0.0,0.0,0.0,0,0,0,0,0,0,0,0,0,0,0.0,0.0,0.0
110593>110576,719,719,SFDu,Stratford,DLR (Stratford Int'l route) // IB,719,SFDu,Stratford,Elizabeth Line // EB,Alight-Interchange-Board,1169.740426000001,66.978667,175.56011038,287.78835742,355.2254248,136.1780818,148.0097846,1.48702008,2.98192536,6.09812636,8.269074960000001,10.35641656,12.69103468,12.2765218,12.8185472,15.6444904,14.6743566,18.27635900000001,21.6537286,20.0596204,17.76922920000001,17.4087602,12.583728,10.3930346,10.4812138,8.16064064,8.45494894,7.823508619999999,7.802224819999998,6.104558660000001,7.073411220000001,5.435691780000001,6.877400700000001,5.3635008,6.869464160000001,6.334813760000001,8.719323700000002,7.23728762,8.857193520000003,7.677680460000001,10.52214826,8.49414226,12.61173574,11.80340694,18.732638,17.1009044,22.6055878,19.6689958,23.7041654,21.5575754,28.8109976,26.05529120000001,30.8040072,33.6322946,33.1986154,31.956998,34.79042620000001,31.4955154,30.4054664,30.675933,26.2605182,22.77413240000001,23.1762268,18.37634520000001,16.2927064,13.11090014,13.01801934,10.22205482,11.27482122,8.52495294,10.8936004,8.619782260000001,10.14047778,7.074489460000001,8.629931840000001,6.763619240000001,8.68560858,7.07071112,8.003813780000002,6.41918588,9.16673768,9.48926228,9.29277032,20.56964478,20.03182738000001,16.33449318000001,13.46836678,12.7137436,0.0,0.0,0,0,0,0,0,0,0,0,0,0,0.0,0.0,0.0
110593>110577,719,719,SFDu,Stratford,DLR (Stratford Int'l route) // IB,719,SFDu,Stratford,Elizabeth Line // WB,Alight-Interchange-Board,1177.7671166098,76.78160288,415.18196668,239.22098792,331.6271116,82.91831866000001,32.03712886980001,0.8595535200000001,3.22347052,5.680745920000001,5.83602632,10.1820194,14.2651094,17.3555444,19.3791334,27.685221,25.5709584,30.2919064,41.3970514,40.9596398,37.4698258,49.0609898,45.2084564,33.63786440000001,34.844492,30.19546184,18.86009944,14.3302194,11.8164482,6.89281464,8.562780400000001,5.593268220000001,7.44908326,5.51784274,7.3597137,5.790835359999999,7.97113094,6.898480940000002,8.94187346,7.89801186,11.0739364,9.165374,11.0835444,9.560063699999999,13.2299919,10.30110152,14.75145852,12.76097812,13.81550102,11.71080122,16.745734,14.5444584,24.1093336,28.718022,27.19342034000001,39.34714694,40.93354394000001,31.4558828,31.9693258,35.14563766,19.35960866,18.72836366,20.12236780000001,13.54926094,12.01930734,10.7230293,9.0615765,6.87782594,6.89053254,4.41604252,5.16175036,3.1895491,3.46087626,3.24930452,4.31926334,3.13707912,4.94715938,4.621125119999999,5.007956920000002,3.79426657,4.27790805,2.305679684,1.93059066596,1.07527146596,0.8820518159599999,0.05788895596,0.00015112196,0.0,0.0,0.0,0,0,0,0,0,0,0,0,0,0,0.0,0.0,0.0
110593>110582,719,719,SFDu,Stratford,DLR (Stratford Int'l route) // IB,719,SFDu,Stratford,NR Great Eastern // DN,Alight-Interchange-Board,153.52165829907,1.998696014,9.914212924,93.15046030199997,25.014423374,19.434370656,4.00949502907,0.0036571528,0.0036571528,0.0664763068,0.2508239268,0.2775677348,0.325062538,0.489033878,0.582417324,0.5148194239999999,0.57366199,0.5267824912,0.4534777252000001,0.4004209752,0.5697713552000001,0.7138070612,0.7508798220000001,1.465056248,1.389310204,1.139429784,1.416795844,2.682829426000001,1.978822326,2.14943858,2.39074078,2.80058304,1.567090194,1.750352694,1.850438994,2.635276714,1.816812086,2.040319912,2.447303932,3.295842832,2.317360492,2.5783608,3.09285582,4.7002512,3.594509104,4.703674044,6.056495564,10.749877164,8.654798804,8.743028,8.5533978,7.065718400000002,2.0398401,2.40605726,2.41476572,1.8338786,1.85459998,1.42534869,1.11831899,1.39737331,1.18476757,1.119416798,1.154337956,1.020318996,0.6217866879999999,0.6408719279999999,0.90868352,0.967064292,1.628503892,1.84885296,2.11643084,2.52802904,2.45738768,2.4113327,2.28510812,1.788614946592,0.942285544592,0.8978055745919999,0.153918720482,0.041435400482,0.041359024222,0.028399826222,0.023192847222,0.023127141332,0.023127141332,0.023114431,0.023114431,0.0,0.0,0.0,0,0,0,0,0,0,0,0,0,0,0.0,0.0,0.0
110593>110583,719,719,SFDu,Stratford,DLR (Stratford Int'l route) // IB,719,SFDu,Stratford,NR Great Eastern // UP,Alight-Interchange-Board,151.413166216925,11.25428813,9.4466794,59.46322947000001,23.54144676200001,30.088903659671,17.618618795254,0.017580972,0.505572872,0.5849305260000001,0.933100506,2.580296906,2.562715934,2.074724034,1.99536638,1.6471964,0.0,0.0,0.0,0.0,0.0,0.0,0.0,0.0,1.952581,1.952581,3.894321000000001,4.345852740000002,5.565707940000001,3.634531752000002,4.567775152000001,2.640603116,2.907479676,1.734169412,2.26750718,1.42278308,2.035365316,1.33879696,2.155483624,1.661345404,2.167408604,1.540789242,2.341205578,1.748436778,2.032228978,1.453351474,2.466452356,2.132697156,2.391277156,2.046880596,2.8651002,2.35158678,2.1408907,2.1472439,2.1472439,2.518999,2.29314616,2.2454401,1.84215436,2.22358854,1.01790884,1.39823446,1.215010022,1.0857799144,2.0296201344,2.0296201344,2.1661729544,2.2100349004,3.985587148,2.660335384955,3.586180584955,2.795057276179,3.291245328179,1.722234708179,2.527035191224,1.601212598518,2.852493207294,2.265603504806,2.244070596806,1.439247476806,2.519415669512,1.268114469512,1.268079672,1.0801908,1.0801908,0.0,0.0,0.0,0.0,0.0,0,0,0,0,0,0,0,0,0,0,0.0,0.0,0.0
110593>110584,719,719,SFDu,Stratford,DLR (Stratford Int'l route) // IB,719,SFDu,Stratford,NR Weaver // DN,Alight-Interchange-Board,1578.18388147,160.57903717,601.6703310000001,251.0972634,397.0723841999999,140.42000856,27.34485714,0.015432834,1.089329434,1.089329434,1.089329434,20.778767434,38.8727006,44.4458674,53.1982806,74.9348566,61.75037000000001,62.659662,66.42839520000001,67.57953,60.2023672,58.2586986,45.9944006,39.02405839999999,30.92312,18.0751678,15.8397046,10.7390298,8.8689826,9.0151092,8.86467354,8.81233134,8.792208040000002,8.537338120000001,8.04118886,8.733652720000002,7.61879372,8.107435420000002,8.431542740000001,9.278454,8.9952361,10.5703575,9.6200485,11.3650927,10.9496923,12.0763036,11.1503852,13.7885976,12.1595724,18.0048134,18.57642400000001,27.056854,37.30438400000001,56.3303304,48.6009916,56.1758864,48.5321232,37.585452,16.798842,24.7450846,16.703402,14.0589138,13.1801202,19.3093392,15.3615752,14.2094868,15.1441516,16.2290554,11.2460126,9.900703,9.2031524,9.83354612,7.32878464,7.4290685,5.2251331,6.307231700000001,6.23177918,5.419464660000001,4.173004600000001,3.723771000000001,1.489606,0.0,0.0,0.0,0.0,0.0,0.0,0.0,0.0,0.0,0,0,0,0,0,0,0,0,0,0,0.0,0.0,0.0
110593>110589,719,719,SFDu,Stratford,DLR (Stratford Int'l route) // IB,719,SFDu,Stratford,LO Mildmay // WB,Alight-Interchange-Board,1759.50680673,155.44356943,557.340009,443.5339360999999,373.79179242,182.19205816,47.20544162,0.163803946,0.5401040460000001,4.728316046000001,6.362178046,24.670214846,29.1966909,40.8795008,48.9027608,63.4134056,50.3961658,59.7151448,56.26876479999999,54.5274948,52.67057000000001,55.930037,42.93650848,41.66763988,34.83866288,23.22870148,21.74691348,25.320662,19.8926308,17.10201568,17.25203308,13.08240728,11.49875728,11.89756598,14.2795351,13.2048333,13.9927701,14.1115121,16.9689072,15.4006634,18.2576988,18.5644314,20.6987726,17.1898906,21.8550254,19.239328,22.974511,21.0855016,24.7888604,24.500923,30.3747,29.7518794,36.2009242,37.1604794,35.3305596,36.0358464,35.83275039999999,29.8374668,29.46310100000001,31.8133932,24.54581434,23.51207554,24.30750214,21.91603794,19.09070854,18.77229920000001,18.539208,16.6345662,17.5567754,15.6363614,16.312453,11.45104352,10.33320332,7.83271392,8.11668772,7.74476864,7.37360958,6.85711138,5.132563660000002,3.79559878,3.13461154,4.083344,3.0032336,2.74582552,1.982655,1.35211992,0.0,0.0,0.0,0.0,0,0,0,0,0,0,0,0,0,0,0.0,0.0,0.0
110593>110590,719,719,SFDu,Stratford,DLR (Stratford Int'l route) // IB,719,SFDu,Stratford,DLR (Stratford route) // OB,Alight-Interchange-Board,325.8484299849942,16.7740165,105.54297312,80.23717258,84.23381221999999,27.354123938,11.70633162699423,0.419942738,0.4535513920000001,0.7093659920000001,0.761054132,0.822097692,3.592586194000002,4.289505080000001,5.72591328,7.929856340000002,8.218630260000001,7.51326066,9.35945622,9.64055882,9.69653462,11.5133811,10.30854056,9.50623046,8.993401400000002,7.256628500000001,5.60649418,5.10827812,3.88129096,2.638980040000001,2.48301894,1.94556576,2.24802756,1.92278044,2.19949678,2.09820108,2.61438698,2.15873692,2.63503676,2.4449252,2.90188794,2.417856840000001,2.716952040000001,2.5321394,3.327359120000001,3.55973848,5.28130958,5.396291280000002,6.02829236,5.3570456,6.339574400000001,5.2448544,5.71105376,6.231247960000001,7.00752954,8.82562334,9.62045454,9.03405434,8.75556274,8.4572728,5.5866582,4.853374000000001,4.906126599999999,3.825948560000001,3.222921840000001,2.410313374,1.730148234,1.514244974,1.915066094,1.787700854,2.17513042,1.946359912,2.430272872,2.106940532,2.289076272,1.931937372,2.20781172,1.51023344,1.58397596,1.320658374,1.1713465212,0.7277798269988452,0.6764836669988452,0.2180608069988452,0.1228798129988452,0.1175820657988452,0.11758206,0.0,0.0,0.0,0,0,0,0,0,0,0,0,0,0,0.0,0.0,0.0
231001>231022,723,723,SWCu,Swiss Cottage,EntEx,723,SWCu,Swiss Cottage,Jubilee // NB,Enter-Board,1842.463765066,22.583396626,265.4535246400001,502.1345244,675.9521508,252.132439,124.2077296,0.0188453332,0.5415957332,0.8266899332,1.7983765732,3.0820579732,4.13411288,4.951336599999999,7.230381600000001,10.31212356,14.71419356,20.60409532000001,29.2189052,33.188434,33.7265006,30.23479600000001,27.3904354,20.5874636,16.11957679999999,14.4726332,14.8843674,12.4841918,11.4090412,11.8314244,11.5201028,11.4676682,12.3736192,13.81344820000001,14.242601,15.2124804,16.780538,18.6225792,19.56402660000001,20.2324924,20.2850326,20.2749754,20.1698974,20.5757396,20.8187916,22.382232,25.3565892,26.4667264,34.0469816,47.1587606,55.0445846,61.8383686,70.25977540000001,74.6505208,70.7819468,67.9066296,62.43248360000001,59.52417,49.909894,44.2623772,41.5279724,39.12052360000001,33.73748879999999,31.521672,28.4138606,25.57055960000001,24.2672026,22.3628102,20.1646724,18.862493,16.761264,16.1119128,14.8248854,16.6153082,16.6557982,17.5813878,16.7568654,17.1591062,15.746548,15.017189,12.7052022,10.2534872,8.03217376,5.175599279999999,2.84993588,1.68567108,0.91672348,0.32784032,0.0,0.0,0,0,0,0,0,0,0,0,0,0,0.0,0.0,0.0
231001>231023,723,723,SWCu,Swiss Cottage,EntEx,723,SWCu,Swiss Cottage,Jubilee // SB,Enter-Board,7703.842267849998,205.5857356,2377.2521724,2174.9554102,1999.9339928,693.8562026000001,252.25875425,3.8268584,6.296693400000001,10.8279178,16.8698272,23.1725238,32.8203278,47.27455280000001,64.4970344,88.076689,123.2015114,168.731948,216.661048,255.580328,276.000484,279.571904,257.589064,225.386294,188.986246,161.52452,135.942136,119.804298,104.539082,97.2069688,90.8079408,86.5640148,84.0407168,83.56868879999999,84.83654200000002,86.80555600000002,84.11149800000003,85.30996999999998,84.65603120000002,81.5730582,77.28961020000001,76.8695922,74.0654222,73.48004499999999,72.31716600000001,75.94079520000001,83.129042,90.9028548,104.9626068,129.8136288,142.3602816,158.0385588,175.1146460000001,200.04971,195.905478,199.109058,191.60088,185.555356,160.661396,152.147152,139.726564,129.764523,112.260671,93.6079424,79.07690240000001,72.25285840000002,63.7119814,59.4388294,56.4729328,52.6961728,45.6805508,44.6190308,38.31529619999999,44.0032006,43.9805046,44.97676620000001,43.06343980000001,42.87857839999999,33.4204184,28.6799442,22.3313368,15.4975712,10.4095484,6.08775317,3.00335137,1.37555717,0.4704791700000001,0.06400997000000001,0.0,0.0,0,0,0,0,0,0,0,0,0,0,0.0,0.0,0.0
231022>231001,723,723,SWCu,Swiss Cottage,Jubilee // NB,723,SWCu,Swiss Cottage,EntEx,Alight-Exit,7258.889591000001,136.678862,1587.50993,1709.792479,1946.756886,1226.917872,651.233562,0.0,2.6325516,3.6408566,7.3871324,15.2870684,23.8462664,33.00518080000001,50.87980579999999,74.507504,104.370624,137.980508,164.168852,190.113842,197.268828,182.309916,154.4448532,130.6013872,100.7231052,80.37503120000002,70.6454792,69.66648199999999,67.413752,63.9613,60.2185808,58.0281936,55.77595160000001,54.93381360000001,53.91496460000001,55.5690532,56.38939940000001,57.37856140000001,58.23358280000001,62.216165,66.4598076,69.2650546,71.78776260000002,76.32487520000002,78.65108520000001,79.11338119999998,83.94247639999998,91.49941240000001,97.84038740000001,103.7090862,117.4993502,128.441757,135.049691,142.9753380000001,153.709362,164.22341,169.447694,179.248446,181.684802,185.42847,174.520632,172.694348,159.332936,151.0389,134.961778,123.989224,108.797966,102.4417888,95.0366308,89.14025079999998,86.00547280000002,85.01708479999998,83.248198,82.11323200000002,85.127346,88.566326,89.67059800000001,88.05513400000002,84.28116740000002,75.41096,63.9329426,50.3867612,38.5235058,29.4934654,20.1895408,12.1412422,7.083497599999999,3.498421,0.0,0.0,0,0,0,0,0,0,0,0,0,0,0.0,0.0,0.0
231022>231180,723,723,SWCu,Swiss Cottage,Jubilee // NB,1451,SOHr,South Hampstead,LO Lioness // NB,Alight-Exit-Interchange-Enter-Board,78.75678934840934,2.2393304854093,10.47625493,13.863832003,24.96084792,17.98435436,9.232169649999998,0.0,3.0108186e-07,0.15897844108186,0.15897844108186,0.15897844108186,0.49989288108186,0.6568337399999999,0.60566824,0.8684586,0.9722257320000001,0.777209912,1.218869352,1.373728512,1.181759252,1.123824828,1.117953508,0.6081061879999999,0.394761114,0.407015502,0.43234243,0.373013244,0.2853531426000001,0.3111638566,0.2608843366,0.2439029806,0.1936573866,0.292096992,0.24091727,0.284579142,0.350080662,0.3490102879999999,0.352435824,0.424565206,0.907163886,0.8217207580000001,0.8842330480000001,0.8775282240000001,1.039554824,0.6264770239999999,0.7905213179999999,0.7641044260000001,1.11053009,1.03819379,1.042144284,0.9523541059999999,1.229213522,1.248508842,1.844425522,1.903976228,2.69517124,2.68129056,2.819498,2.23883164,2.68976346,2.1081531,2.5496617,2.1711149,2.17674068,1.66330598,1.62346654,1.09467388,1.16236288,1.03901916,1.14711582,1.4734193,1.50672614,1.3503835,1.57602558,1.51191864,1.4683448,1.29822626,1.280714366,1.096949974,1.097817274,0.536851634,0.432491114,0.3170215280000001,0.1918340600000001,0.0,0.0,0.0,0.0,0.0,0,0,0,0,0,0,0,0,0,0,0.0,0.0,0.0
231022>231181,723,723,SWCu,Swiss Cottage,Jubilee // NB,1451,SOHr,South Hampstead,LO Lioness // SB,Alight-Exit-Interchange-Enter-Board,1.492570823,0.008395453000000004,0.012634822,0.14204546,0.3541841740000001,0.725896816,0.2494140980000001,0.0,0.001679090600000001,0.001679090600000001,0.001679090600000001,0.001679090600000001,0.001679090600000001,0.0,0.0,0.0,0.0,0.0,0.0,0.0,0.0,0.0025269644,0.0025269644,0.0025269644,0.0025269644,0.0025269644,0.0,0.0,0.0,0.0,0.0,0.0,0.0,0.020157218,0.020157218,0.020157218,0.020157218,0.020157218,0.0,0.0,0.0,0.0,0.0,0.0,0.0,0.008251874000000001,0.008251874000000001,0.008251874000000001,0.008251874000000001,0.008251874000000001,0.0,0.0,0.0,0.0,0.0,0.0,0.02989460600000001,0.02989460600000001,0.02989460600000001,0.02989460600000001,0.098131654,0.06823704800000001,0.06823704800000001,0.06823704800000001,0.06823704800000001,0.0,0.0,0.0,0.0,0.0,0.0,0.14735568,0.14735568,0.14735568,0.14735568,0.1575754164000001,0.0102197364,0.0204116836,0.0204116836,0.0204116836,0.0101919472,0.0101919472,0.0,0.0,0.0,0.0,0.0,0.0,0.0,0.0,0,0,0,0,0,0,0,0,0,0,0.0,0.0,0.0
231023>231001,723,723,SWCu,Swiss Cottage,Jubilee // SB,723,SWCu,Swiss Cottage,EntEx,Alight-Exit,2195.21586094,78.22962330000001,906.5749890000001,610.1298956,405.6496797999999,151.60753578,43.02413746000001,1.0765565,2.00692044,3.28561044,6.312546240000001,8.959112540000003,13.00771534,16.8274212,26.7537406,38.7856838,61.0503788,83.9896522,109.4429244,115.827008,116.081308,100.0673292,80.49511820000002,58.355963,52.361136,46.80745399999999,43.31103340000001,41.249405,39.0473742,32.0992836,26.9611116,25.8059602,24.184714,22.266354,21.586626,20.5444026,20.3737826,19.3580514,19.4288398,20.3776992,21.6962824,21.5931068,22.2045728,22.8382394,22.83995,23.2205116,24.22504,25.0701956,28.8444796,31.547043,32.7668702,35.656245,37.08102880000001,36.20958779999999,34.1911872,35.03403300000001,34.7486262,36.5322296,34.5322468,34.3618226,32.3002872,29.2460112,25.7563744,24.6693546,21.4376222,18.2971132,15.9426564,13.0508388,10.14791846,9.50180518,8.98880478,8.11726328,7.48559416,6.939926420000001,7.028638300000001,6.92056756,6.338210340000002,6.07052486,5.731422240000001,4.724526140000001,3.79031216,2.981970068,2.345260408,1.801205568,1.166479468,0.582889588,0.4384232,0.13234586,0.0,0.0,0,0,0,0,0,0,0,0,0,0,0.0,0.0,0.0
231023>231080,723,723,SWCu,Swiss Cottage,Jubilee // SB,1451,SOHr,South Hampstead,LO Lioness // NB,Alight-Exit-Interchange-Enter-Board,0.0,0.0,0.0,0.0,0.0,0.0,0.0,0.0,0.0,0.0,0.0,0.0,0.0,0.0,0.0,0.0,0.0,0.0,0.0,0.0,0.0,0.0,0.0,0.0,0.0,0.0,0.0,0.0,0.0,0.0,0.0,0.0,0.0,0.0,0.0,0.0,0.0,0.0,0.0,0.0,0.0,0.0,0.0,0.0,0.0,0.0,0.0,0.0,0.0,0.0,0.0,0.0,0.0,0.0,0.0,0.0,0.0,0.0,0.0,0.0,0.0,0.0,0.0,0.0,0.0,0.0,0.0,0.0,0.0,0.0,0.0,0.0,0.0,0.0,0.0,0.0,0.0,0.0,0.0,0.0,0.0,0.0,0.0,0.0,0.0,0.0,0.0,0.0,0.0,0.0,0,0,0,0,0,0,0,0,0,0,0.0,0.0,0.0
231023>231081,723,723,SWCu,Swiss Cottage,Jubilee // SB,1451,SOHr,South Hampstead,LO Lioness // SB,Alight-Exit-Interchange-Enter-Board,0.0,0.0,0.0,0.0,0.0,0.0,0.0,0.0,0.0,0.0,0.0,0.0,0.0,0.0,0.0,0.0,0.0,0.0,0.0,0.0,0.0,0.0,0.0,0.0,0.0,0.0,0.0,0.0,0.0,0.0,0.0,0.0,0.0,0.0,0.0,0.0,0.0,0.0,0.0,0.0,0.0,0.0,0.0,0.0,0.0,0.0,0.0,0.0,0.0,0.0,0.0,0.0,0.0,0.0,0.0,0.0,0.0,0.0,0.0,0.0,0.0,0.0,0.0,0.0,0.0,0.0,0.0,0.0,0.0,0.0,0.0,0.0,0.0,0.0,0.0,0.0,0.0,0.0,0.0,0.0,0.0,0.0,0.0,0.0,0.0,0.0,0.0,0.0,0.0,0.0,0,0,0,0,0,0,0,0,0,0,0.0,0.0,0.0
350101>350122,747,784,SWKu,Southwark,EntEx,784,SWKu,Southwark,Jubilee // NB,Enter-Board,5594.915430660002,94.59727526,986.3137618000001,1496.3362826,2241.407276,586.3650425999998,189.8957924,0.6588911800000001,1.71641878,4.22044538,7.35453838,11.49993574,15.8337276,22.5676924,30.7456258,39.3365138,50.5384722,63.5452486,74.14618820000003,90.8092842,104.5788212,108.34524,106.8829808,106.0156358,93.70639059999999,79.2439566,69.1650298,62.0418078,53.37410139999999,46.3332026,42.9829232,43.54590760000001,43.31955960000001,45.90802100000001,49.23739700000001,52.420031,51.871058,54.523612,55.25029739999999,56.86201260000001,56.7600968,60.60703420000001,60.21772540000001,61.830872,62.46745179999999,68.202977,72.37693420000002,79.87402900000002,86.83871300000001,107.992576,121.497942,138.539886,154.587996,183.587978,196.284384,221.246986,235.257716,242.507738,226.859634,206.6906,177.025852,144.033129,114.785377,90.8033376,72.9228196,56.6148676,49.2138734,44.10224600000001,42.3885938,41.41286580000001,40.5198092,39.29831719999999,38.5677058,36.60635739999999,33.9142492,31.1589208,29.7611178,27.4533424,24.5443886,20.7602916,17.02992200000001,13.2864921,10.1021566,6.5659144,4.644547600000001,3.029986200000001,1.5587123,0.0,0.0,0.0,0,0,0,0,0,0,0,0,0,0,0.0,0.0,0.0
350101>350123,747,784,SWKu,Southwark,EntEx,784,SWKu,Southwark,Jubilee // SB,Enter-Board,6039.029862359998,75.22727616,752.8039388000001,1689.2678146,2131.063286,990.6994520000001,399.9680948,1.76893844,2.54692258,4.689657380000001,6.433333380000001,7.98611064,11.51653934,17.4853312,22.8004432,28.8957952,36.26088499999999,45.83339539999999,54.15364940000001,63.80220460000001,76.18144659999999,82.92454920000002,81.947036,79.49497200000002,77.152578,66.74377199999999,59.4136554,53.21076860000001,47.8177616,41.419786,42.0477464,43.18735700000001,47.75290639999999,55.08318440000001,62.34364,67.89599759999999,67.49155160000001,71.38853420000002,70.90603320000001,66.90498240000001,61.95970500000001,67.923975,67.00879379999999,67.9459038,73.58059460000003,83.582052,90.896076,99.067982,102.154947,114.720569,122.976967,132.862023,143.137855,170.620066,184.37136,206.64518,220.809626,225.785602,208.931034,191.442784,173.481084,146.994252,125.98242,111.782098,102.3032588,86.52128280000002,81.5016888,78.96279480000003,82.0328428,80.0244292,78.344246,75.511338,73.95378600000002,70.877876,68.8838108,61.80873300000001,57.7362096,56.88060880000001,51.70547560000001,44.92245399999999,38.5764137,32.17819830000001,21.27178596,13.89762796,8.608948960000001,5.877746260000001,3.46636306,2.5017542,0.5357754,0.0,0,0,0,0,0,0,0,0,0,0,0.0,0.0,0.0
350101>310260,747,784,SWKu,Southwark,EntEx,5158,WAEr,Waterloo East,NR South Eastern // DN,Enter-Board,162.47092538,5.119844398,36.097464972,32.87601888,61.31656402000001,18.207952062,8.853081048,0.0,0.008595928000000001,0.476722468,0.727197168,0.87503222,0.94670677,1.136416682,0.949173162,1.197800282,1.66303233,3.065196980000001,4.06400814,4.42587668,4.5549464,4.6532415,3.73611592,2.697149152,2.540630632,2.029719492,1.469747464,1.008501488,1.023644556,0.6979786360000002,0.7057380959999999,0.7634018040000001,0.71937936,0.8803932200000001,0.9367884600000002,0.977600308,0.905831808,1.219874688,1.107755768,1.126250848,1.13392536,1.35003064,1.1469171,1.19519936,1.31432226,1.75007436,1.8864944,2.14956652,2.35440602,3.25962134,3.26232248,3.58462318,3.75359204,4.56030284,4.074286900000001,5.383767240000001,5.246822300000002,7.039671780000001,6.630260880000002,6.608959520000001,5.41941078,5.41441682,3.60044974,3.1400821,2.559424332,2.059737932,1.496616732,1.198144012,0.993754252,1.20589302,1.151651592,1.184253932,1.045352726,1.216791886,0.9562495459999999,0.9443745859999999,0.9147062859999999,1.182018912,1.140073832,1.308963212,1.195919,1.08593366,0.6826970399999999,0.34535046,0.05304406,0.0,0.0,0.0,0.0,0.0,0,0,0,0,0,0,0,0,0,0,0.0,0.0,0.0
350101>310261,747,784,SWKu,Southwark,EntEx,5158,WAEr,Waterloo East,NR South Eastern // UP,Enter-Board,0.0,0.0,0.0,0.0,0.0,0.0,0.0,0.0,0.0,0.0,0.0,0.0,0.0,0.0,0.0,0.0,0.0,0.0,0.0,0.0,0.0,0.0,0.0,0.0,0.0,0.0,0.0,0.0,0.0,0.0,0.0,0.0,0.0,0.0,0.0,0.0,0.0,0.0,0.0,0.0,0.0,0.0,0.0,0.0,0.0,0.0,0.0,0.0,0.0,0.0,0.0,0.0,0.0,0.0,0.0,0.0,0.0,0.0,0.0,0.0,0.0,0.0,0.0,0.0,0.0,0.0,0.0,0.0,0.0,0.0,0.0,0.0,0.0,0.0,0.0,0.0,0.0,0.0,0.0,0.0,0.0,0.0,0.0,0.0,0.0,0.0,0.0,0.0,0.0,0.0,0,0,0,0,0,0,0,0,0,0,0.0,0.0,0.0
350122>350101,747,784,SWKu,Southwark,Jubilee // NB,784,SWKu,Southwark,EntEx,Alight-Exit,6048.848260400001,315.9001777000001,2556.393675,1609.7796004,1017.692177,368.7594842,180.3231461,0.5493403400000001,3.44560934,10.12555234,21.73763834,38.66380434000001,60.53967000000001,82.64670100000002,98.191862,112.048169,124.761747,140.935549,158.787239,200.932863,237.249626,272.013026,295.713688,301.907914,277.289572,239.58587,195.168412,151.005504,116.773738,90.961366,80.42418,71.42298199999999,64.52495520000001,61.5872056,59.5418316,58.72992560000001,60.36917879999999,61.11454960000001,62.24106420000001,64.22494420000001,63.70941620000001,61.77814300000001,60.56956580000001,57.73437980000001,54.5709026,51.13316780000001,49.65566860000001,49.76987680000001,52.07324060000001,51.9057738,53.9580406,60.39342180000001,65.80295880000001,72.92072000000002,81.774922,95.083235,99.28291900000002,103.758227,101.0232202,100.0382834,88.66533240000003,80.74426240000001,68.20467500000001,58.91571980000001,46.5634282,39.51232900000001,32.9742964,29.5943784,26.5675586,25.139434,23.854222,22.33235040000001,21.4962984,20.8542788,20.9551902,21.6333844,23.16942400000001,23.0645726,23.1397218,21.6019948,19.3295742,15.27399414,13.12584314,9.15134134,5.95173194,3.115541540000001,1.7660222,0.0,0.0,0.0,0,0,0,0,0,0,0,0,0,0,0.0,0.0,0.0
350123>350101,747,784,SWKu,Southwark,Jubilee // SB,784,SWKu,Southwark,EntEx,Alight-Exit,7625.68622358,222.09919548,3009.0405824,2027.2557758,1444.2722414,629.9366375999999,293.0817909,0.07774837600000001,1.991665576,4.563479976,12.911340776,24.955903976,40.3315644,57.0990224,80.16847,104.2180632,126.578872,156.4439832,188.271474,239.29466,285.160218,326.474494,348.35017,368.656258,336.50901,290.544746,238.538634,194.412968,145.77021,117.111608,99.28368,91.241936,81.412748,74.10361,73.04107400000002,73.34384,72.736289,73.06373500000002,74.23483300000002,74.22181300000003,72.69843500000002,70.464768,70.080292,67.82475079999999,67.58176879999999,67.6703328,68.4804678,70.35297299999999,71.5079092,75.09057720000001,81.52515720000001,91.6975762,97.496077,107.607103,114.442919,125.135007,131.145033,141.200685,141.48152,142.0533288,130.9647288,118.7222648,102.3259988,90.3374208,74.0315088,63.5643368,54.68933480000001,49.2291268,43.9244768,42.928702,43.1780352,42.2347876,41.77961360000001,41.7059562,42.33333820000001,43.929987,44.6408526,41.9085346,39.6485824,34.7474154,26.3946712,19.1862612,14.6609072,10.6469896,7.01757154,4.61466574,3.34976974,2.01011974,0.32546294,0.0,0,0,0,0,0,0,0,0,0,0,0.0,0.0,0.0
350122>310260,747,784,SWKu,Southwark,Jubilee // NB,5158,WAEr,Waterloo East,NR South Eastern // DN,Alight-Interchange-Board,0.0,0.0,0.0,0.0,0.0,0.0,0.0,0.0,0.0,0.0,0.0,0.0,0.0,0.0,0.0,0.0,0.0,0.0,0.0,0.0,0.0,0.0,0.0,0.0,0.0,0.0,0.0,0.0,0.0,0.0,0.0,0.0,0.0,0.0,0.0,0.0,0.0,0.0,0.0,0.0,0.0,0.0,0.0,0.0,0.0,0.0,0.0,0.0,0.0,0.0,0.0,0.0,0.0,0.0,0.0,0.0,0.0,0.0,0.0,0.0,0.0,0.0,0.0,0.0,0.0,0.0,0.0,0.0,0.0,0.0,0.0,0.0,0.0,0.0,0.0,0.0,0.0,0.0,0.0,0.0,0.0,0.0,0.0,0.0,0.0,0.0,0.0,0.0,0.0,0.0,0,0,0,0,0,0,0,0,0,0,0.0,0.0,0.0
350122>310261,747,784,SWKu,Southwark,Jubilee // NB,5158,WAEr,Waterloo East,NR South Eastern // UP,Alight-Interchange-Board,783.7360056325506,19.63311462,549.22656122,165.17652014,38.74169015000001,10.7254997972,0.23261970535033,0.0,0.0,0.055446524,0.448779344,2.563851744,3.413104644000001,4.582947644000001,8.56898472,11.8648949,13.6226901,16.8659356,25.203526,33.37702040000001,55.08376139999999,66.3805658,82.4954542,78.899466,75.16712,51.35946626000001,38.90666056,21.18419976,19.21837836000001,11.83744316,12.3479917,10.960509,10.4442572,7.7150118,8.6055916,7.680180200000001,7.579312799999999,6.129455200000001,5.93458988,4.89478196,4.77691044,3.820455040000001,3.797705860000001,3.14446234,2.64167856,2.32048672,2.38141678,2.18393692,2.12901772,1.87467467,1.57407247,1.62346545,1.71931337,1.97318041,2.5206234,2.7935434,3.05232844,3.612540960000001,3.92885036,4.28923678,4.48853774,4.62937122,4.11069862,3.43391898,2.48097864,1.591088656,0.978818104,0.592277488,0.426229822,0.303035996,0.30786968,0.1558381580000001,0.185053438,0.1487139646,0.1216768706,0.1007127297882,0.08301244378820001,0.0132671637882,0.0089071431882,0.0089071431882,0.008905482059959998,0.008905486721866,7.02721866e-07,7.02721866e-07,7.02721866e-07,4.661906e-09,0.0,0.0,0.0,0.0,0,0,0,0,0,0,0,0,0,0,0.0,0.0,0.0
350123>310260,747,784,SWKu,Southwark,Jubilee // SB,5158,WAEr,Waterloo East,NR South Eastern // DN,Alight-Interchange-Board,3131.126193212,53.029962312,702.4418312000001,684.8708276,989.9199398,523.0453058,177.8183265,0.0034533824,1.4545404824,1.8409490824,2.9865319424,6.832673342400001,9.14206896,12.00834186,18.76140326,23.0831514,23.2531554,33.472604,43.945968,54.80255800000001,79.514453,96.6761796,94.1299752,91.3508304,77.19624180000002,51.90797880000001,33.1087356,27.0614748,22.2932772,23.0590526,21.4143588,24.909648,25.4690036,24.1639822,23.4252672,26.2266492,25.6623236,27.6338264,26.3109218,29.531662,29.380708,30.9987782,28.8132458,30.7000814,29.89706320000001,30.1273936,29.711198,32.42487440000001,34.1243312,36.695021,44.8366854,49.3646164,55.59355359999999,58.7447048,68.9543072,69.7473202,77.664041,83.169119,100.2789538,103.3924138,109.1082188,106.111576,107.7911152,92.17973719999999,79.88707400000001,64.71052920000001,57.1594332,41.2978114,35.44156539999999,28.5583436,29.38940239999999,24.282818,24.7741326,19.6843113,25.6801475,22.6380965,22.5958487,19.6006075,28.4833636,22.6594578,21.1537614,17.8942136,15.8483728,5.060328,1.8842766,0.0,0.0,0.0,0.0,0.0,0,0,0,0,0,0,0,0,0,0,0.0,0.0,0.0
350123>310261,747,784,SWKu,Southwark,Jubilee // SB,5158,WAEr,Waterloo East,NR South Eastern // UP,Alight-Interchange-Board,0.0,0.0,0.0,0.0,0.0,0.0,0.0,0.0,0.0,0.0,0.0,0.0,0.0,0.0,0.0,0.0,0.0,0.0,0.0,0.0,0.0,0.0,0.0,0.0,0.0,0.0,0.0,0.0,0.0,0.0,0.0,0.0,0.0,0.0,0.0,0.0,0.0,0.0,0.0,0.0,0.0,0.0,0.0,0.0,0.0,0.0,0.0,0.0,0.0,0.0,0.0,0.0,0.0,0.0,0.0,0.0,0.0,0.0,0.0,0.0,0.0,0.0,0.0,0.0,0.0,0.0,0.0,0.0,0.0,0.0,0.0,0.0,0.0,0.0,0.0,0.0,0.0,0.0,0.0,0.0,0.0,0.0,0.0,0.0,0.0,0.0,0.0,0.0,0.0,0.0,0,0,0,0,0,0,0,0,0,0,0.0,0.0,0.0
310260>350122,747,5158,WAEr,Waterloo East,NR South Eastern // DN,784,SWKu,Southwark,Jubilee // NB,Alight-Interchange-Board,0.0,0.0,0.0,0.0,0.0,0.0,0.0,0.0,0.0,0.0,0.0,0.0,0.0,0.0,0.0,0.0,0.0,0.0,0.0,0.0,0.0,0.0,0.0,0.0,0.0,0.0,0.0,0.0,0.0,0.0,0.0,0.0,0.0,0.0,0.0,0.0,0.0,0.0,0.0,0.0,0.0,0.0,0.0,0.0,0.0,0.0,0.0,0.0,0.0,0.0,0.0,0.0,0.0,0.0,0.0,0.0,0.0,0.0,0.0,0.0,0.0,0.0,0.0,0.0,0.0,0.0,0.0,0.0,0.0,0.0,0.0,0.0,0.0,0.0,0.0,0.0,0.0,0.0,0.0,0.0,0.0,0.0,0.0,0.0,0.0,0.0,0.0,0.0,0.0,0.0,0,0,0,0,0,0,0,0,0,0,0.0,0.0,0.0
310260>350123,747,5158,WAEr,Waterloo East,NR South Eastern // DN,784,SWKu,Southwark,Jubilee // SB,Alight-Interchange-Board,1144.11314943478,0.580884234145,2.4307773228346,135.040483082,498.5906424000001,315.0888168,192.3815455958008,0.0,0.02067845,0.0300789764,0.030079888429,0.079089208429,0.09682771242900001,0.133173262429,0.190956736029,0.243772048,0.19476370616692,0.19196844216692,0.15320511216692,0.11076350536692,0.09145466136692,0.1615965232,0.1892700372,0.2108639392,0.307799434,0.30921963,0.266100284,0.35397749,0.5338304779999999,0.62911523,0.7910478139999999,1.01390456,0.99157258,1.18877814,1.126904806,1.340979806,1.659632226,2.685369046,2.927692166,3.77810336,4.06122386,4.605354940000002,4.46712046,6.21274962,7.01195312,9.25230006,10.29302912,14.0714694,14.534596,20.026786,21.48299280000001,27.3915354,29.1472862,39.62732020000001,41.05857180000001,50.40826640000001,51.41989740000001,58.99246500000001,49.5046742,49.6372396,40.00578720000001,36.0956714,25.30192760000001,25.7704456,21.5782938,19.379692,16.5844346,20.00084,22.935626,22.2765058,24.5751058,31.871358,35.3813614,35.45743320000001,39.2777206,50.1772328,45.0394972,36.34075048,29.35209518,21.7818371,6.673475119160168,2.146765319160168,0.6104240391601681,0.259468339160168,1.9160168e-08,0.0,0.0,0.0,0.0,0.0,0,0,0,0,0,0,0,0,0,0,0.0,0.0,0.0
310261>350122,747,5158,WAEr,Waterloo East,NR South Eastern // UP,784,SWKu,Southwark,Jubilee // NB,Alight-Interchange-Board,4031.541075700001,363.194834,1348.6260564,819.7807966,1075.5715078,307.5342390000001,116.8336419,4.4138032,6.5451956,16.558959,35.19931300000001,53.048411,63.0634988,83.4641484,100.901505,115.836319,137.588863,166.207476,197.244674,194.2585092,169.6989032,135.3275022,97.44035060000002,49.153544,29.9769864,27.2801774,28.6127514,28.0227836,25.85545,24.1953448,23.305001,21.660548,22.084526,22.6029356,26.0840266,27.150067,28.4719348,27.5429394,30.736228,29.4841452,28.797191,27.07315120000001,33.18920720000001,33.66792,35.5355804,35.0026886,45.0122666,47.4844114,57.5733486,60.8834176,78.365684,79.996836,90.6113588,96.35846679999999,108.2660868,104.79036,114.00236,108.4424212,100.5135512,87.9678312,78.538622,59.1224204,46.96119340000001,35.4888414,30.3026066,23.4988962,22.8064518,21.0160824,26.1881568,23.7227624,27.3340038,25.0777606,26.39045620000001,21.6990438,24.009177,22.3545852,24.6347064,21.5855072,17.71791794,13.48477322,8.951167680000003,3.87225174,1.85219974,1.498793,0.67650372,0.2052360600000001,0.0,0.0,0.0,0.0,0,0,0,0,0,0,0,0,0,0,0.0,0.0,0.0
310261>350123,747,5158,WAEr,Waterloo East,NR South Eastern // UP,784,SWKu,Southwark,Jubilee // SB,Alight-Interchange-Board,0.0,0.0,0.0,0.0,0.0,0.0,0.0,0.0,0.0,0.0,0.0,0.0,0.0,0.0,0.0,0.0,0.0,0.0,0.0,0.0,0.0,0.0,0.0,0.0,0.0,0.0,0.0,0.0,0.0,0.0,0.0,0.0,0.0,0.0,0.0,0.0,0.0,0.0,0.0,0.0,0.0,0.0,0.0,0.0,0.0,0.0,0.0,0.0,0.0,0.0,0.0,0.0,0.0,0.0,0.0,0.0,0.0,0.0,0.0,0.0,0.0,0.0,0.0,0.0,0.0,0.0,0.0,0.0,0.0,0.0,0.0,0.0,0.0,0.0,0.0,0.0,0.0,0.0,0.0,0.0,0.0,0.0,0.0,0.0,0.0,0.0,0.0,0.0,0.0,0.0,0,0,0,0,0,0,0,0,0,0,0.0,0.0,0.0
310260>350101,747,5158,WAEr,Waterloo East,NR South Eastern // DN,784,SWKu,Southwark,EntEx,Alight-Exit,0.0,0.0,0.0,0.0,0.0,0.0,0.0,0.0,0.0,0.0,0.0,0.0,0.0,0.0,0.0,0.0,0.0,0.0,0.0,0.0,0.0,0.0,0.0,0.0,0.0,0.0,0.0,0.0,0.0,0.0,0.0,0.0,0.0,0.0,0.0,0.0,0.0,0.0,0.0,0.0,0.0,0.0,0.0,0.0,0.0,0.0,0.0,0.0,0.0,0.0,0.0,0.0,0.0,0.0,0.0,0.0,0.0,0.0,0.0,0.0,0.0,0.0,0.0,0.0,0.0,0.0,0.0,0.0,0.0,0.0,0.0,0.0,0.0,0.0,0.0,0.0,0.0,0.0,0.0,0.0,0.0,0.0,0.0,0.0,0.0,0.0,0.0,0.0,0.0,0.0,0,0,0,0,0,0,0,0,0,0,0.0,0.0,0.0
310261>350101,747,5158,WAEr,Waterloo East,NR South Eastern // UP,784,SWKu,Southwark,EntEx,Alight-Exit,186.612247434,8.841658213999999,74.70247932000001,38.74219812,45.19161076,10.677184688,8.457116332000002,0.0091512888,0.0351394748,0.1288526748,0.4069581548,0.8349063948000001,1.392562106,2.18433706,3.84975106,5.42129458,7.04265534,8.343235139999999,9.493487199999999,9.5855388,8.540185800000001,6.961936499999998,5.785182099999999,4.381146300000001,3.25006818,2.927696420000001,2.97005296,2.77892412,2.61663382,2.22421024,2.24409316,2.10013294,1.83758922,1.573535172,1.568781092,1.281235392,1.157269732,1.195487712,1.4454716,1.49255898,1.44225812,1.34608649,1.2522808,1.10714406,0.94806062,0.99874738,1.36179375,1.43995608,1.57093644,1.64513092,2.11388028,2.26692002,2.75678442,2.97463686,3.19573146,3.55713608,4.59761024,4.86578464,4.985651840000001,5.078241219999999,4.86604708,3.39174568,2.65532122,2.120408026,1.685505226,0.933720286,0.732198894,0.634991334,0.583629154,0.4612355060000001,0.482348166,0.6900103580000001,0.629767658,0.5559922060000001,1.167377874,1.514119214,1.449006774,1.42769056,1.410685288,0.818387078,0.3736444600000001,0.30233607,0.267200008,0.283614986,0.2230185560000001,0.219084914,0.117787344,0.05054108000000001,0.0,0.0,0,0,0,0,0,0,0,0,0,0,0.0,0.0,0.0
570501>570522,752,752,WPKu,Wembley Park,EntEx,752,WPKu,Wembley Park,Jubilee // NB,Enter-Board,1434.90836205,36.1831307,307.0904693,424.9368768,438.77345,190.24637812,37.67805713000001,0.46498146,0.95072422,2.30841856,3.48536062,4.97643442,6.19487896,7.690775599999999,10.11155686,19.0142412,23.0153164,31.3863024,39.9530838,42.67258220000001,35.6572164,32.9695924,26.10204400000001,18.2812002,13.4584795,12.0773283,12.5030825,11.9687963,11.7729903,12.8776892,14.390355,13.8964864,13.5865674,13.5487378,13.7885146,13.3179522,13.6418114,14.4902646,15.613132,16.1496866,16.6648924,17.2034226,17.69609580000001,18.887515,19.0029894,20.4755156,23.3407186,24.9490338,27.0188706,30.0155132,30.639326,31.93862560000001,33.8057884,35.57666320000001,39.0526826,41.3455842,40.63595760000001,42.84732620000001,41.58486060000001,36.5380146,34.5686986,33.4347156,27.4445328,24.40115380000001,22.6267238,21.0866012,18.7414738,18.2056782,16.4589232,15.8926898,14.024771,11.380175,9.35601274,9.784562140000002,8.287613440000001,6.741959840000002,6.232556460000001,5.722694400000001,3.21369436,2.48210374,2.24593818,2.46653912,2.21622395,2.09172379,1.71641431,1.24593167,0.6047645100000001,0.544451,0.1530618000000001,0.0,0,0,0,0,0,0,0,0,0,0,0.0,0.0,0.0
570501>570523,752,752,WPKu,Wembley Park,EntEx,752,WPKu,Wembley Park,Jubilee // SB,Enter-Board,8173.7158732,675.4880884,2643.664606,2478.863742,1551.699934,543.0533512,280.9461516000001,18.2315148,25.9721088,40.4742668,63.100588,89.32328799999998,116.444734,144.731112,177.210476,191.308078,213.838806,236.895034,257.167196,272.94909,279.911888,256.875854,237.754052,220.06743,181.109894,156.18968,139.597604,119.346282,98.5985328,93.55032680000002,95.74826280000002,94.9849308,95.4551796,96.6997748,98.00367,95.149976,93.232199,94.5323302,95.7291642,93.313313,91.749993,90.694952,90.665118,88.43983600000001,88.83209000000002,96.522099,110.773483,117.246093,129.028849,150.293221,160.274066,156.709562,160.694828,168.670908,161.093006,150.5152220000001,153.8197180000001,144.621038,122.4289,104.664184,92.5224968,73.483892,62.4761792,54.59263120000001,47.28545320000001,45.93383500000001,43.4086504,40.8086626,40.2486206,40.17198579999999,36.64276599999999,35.68023340000001,37.8928014,58.80353340000001,61.5841782,61.26274420000001,58.2979622,52.61437760000001,28.404856,20.73689520000001,16.9432864,14.9514878,11.46521216,7.559983760000001,5.87138656,2.66479856,0.17316116,0.0,0.0,0.0,0,0,0,0,0,0,0,0,0,0,0.0,0.0,0.0
570501>570524,752,752,WPKu,Wembley Park,EntEx,752,WPKu,Wembley Park,Metropolitan // NB,Enter-Board,3314.882753999998,137.1229652,939.2586602,1001.1765842,789.7227508000001,324.0588937000001,123.5428999,2.2641092,4.3232752,9.001716,12.2931868,19.1307654,23.0121882,30.4416802,36.6560442,48.23027620000001,59.84450160000001,78.80213959999999,104.4598896,111.6918088,112.180706,103.682084,87.9859872,65.95559320000001,60.42379980000001,53.4866086,52.5152656,50.621453,44.75061960000001,39.39507760000001,38.21092479999999,35.63310780000001,34.9055542,34.4864216,35.969952,36.906714,37.940726,38.44697379999999,39.2880638,39.6152458,40.42304680000001,40.71313160000001,42.1983848,42.98455080000001,43.57766540000001,44.197267,44.67062620000001,44.8033642,46.2703254,50.2814758,54.8859122,61.2114262,66.01316820000001,75.043249,76.73006000000002,74.50398659999999,73.52125579999999,74.6362558,67.92388440000002,62.72418500000001,58.53034340000001,52.95396420000001,45.93097220000001,41.269895,37.7781394,34.7654764,32.4648392,29.6652692,26.2622736,24.0658768,23.58324480000001,20.0725948,16.58703370000001,19.0345079,18.50974290000001,15.6114954,14.13300514,13.4220331,8.209159580000001,5.747573500000001,6.010733200000002,7.875866860000001,10.9018628,11.70436852,10.8081878,9.1566286,6.613390399999999,2.7798016,0.5687934,0.0,0,0,0,0,0,0,0,0,0,0,0.0,0.0,0.0
570501>570525,752,752,WPKu,Wembley Park,EntEx,752,WPKu,Wembley Park,Metropolitan // SB,Enter-Board,12900.57267321999,728.7427629200001,3786.365088,4663.990118000001,2530.909838,797.4365399999999,393.1283263000001,16.48242564,33.76988364,54.66977564000001,85.34608200000002,98.690744,120.123928,146.450236,173.209688,196.87536,238.022158,288.09957,332.582716,368.165052,383.3219999999999,400.4005580000001,381.226534,343.114138,303.721604,283.762244,267.073154,253.094016,242.987354,240.962148,233.823892,213.841072,196.908498,197.30629,198.52415,191.779148,188.360452,192.546824,191.632024,181.901314,173.90598,168.3226340000001,163.597992,154.836334,152.309984,161.477788,177.988642,181.868562,186.932912,207.341242,211.740866,212.152286,218.391904,244.175606,245.663792,252.790968,249.524114,246.863674,218.465628,194.428146,170.106162,150.0545,128.293058,109.411206,93.0623554,79.7709566,68.9990646,58.4684152,53.74934920000001,50.1051258,47.273924,44.993034,47.0381704,71.12336640000002,73.4415724,73.27881500000002,73.107955,71.04904200000001,45.29815060000001,40.35413860000001,32.2039644,24.6270799,15.78453346,8.001952860000001,1.97705886,1.40664306,0.28615356,0.0,0.0,0.0,0,0,0,0,0,0,0,0,0,0,1.917613,1.917613,1.917613
570522>570501,752,752,WPKu,Wembley Park,Jubilee // NB,752,WPKu,Wembley Park,EntEx,Alight-Exit,6394.746198200001,151.708685,1075.7172954,1448.7706898,1816.441962,1160.634557,741.4730090000002,0.0,0.38148884,2.49516324,7.48331484,19.58154644,32.21875124,39.2937104,50.25471,63.3708044,75.0208068,95.91846600000001,118.677098,129.731998,131.0571908,123.4361028,99.4822308,79.0437828,62.16315220000001,52.7239854,45.09167740000001,47.1388906,46.0376454,47.0392604,46.1074844,47.1680764,44.65282979999999,44.90930640000001,47.248634,49.48601000000001,51.53438480000001,53.38915700000001,56.9393486,59.16803060000001,60.4082386,61.8082678,63.873279,64.698848,66.226158,69.877782,71.339316,77.38325400000001,85.32887000000002,92.34438000000002,94.663238,109.337442,117.637072,127.87818,138.089348,150.071974,161.5159540000001,166.023304,175.09011,171.087598,175.827662,167.37326,156.510058,139.79107,129.686166,112.882258,99.57262800000001,96.11774399999999,88.99736899999998,87.681099,85.046989,82.01258100000001,80.683363,79.242114,78.921176,79.82936600000001,80.89786799999997,79.918722,75.2814752,70.09987199999999,62.74615000000001,59.66936000000001,52.6098452,49.451601,46.7124942,37.36679220000001,23.5899682,15.392273,7.907222000000001,0.0,0,0,0,0,0,0,0,0,0,0,0.0,0.0,0.0
570522>570524,752,752,WPKu,Wembley Park,Jubilee // NB,752,WPKu,Wembley Park,Metropolitan // NB,Alight-Interchange-Board,1846.33293036,88.7790631,530.2105978000001,494.0053508000001,505.4815218000001,164.0022542,63.85414266000001,0.0,0.51439366,4.60727506,7.19302346,12.48053906,16.77815446,21.80022200000001,25.4054554,32.1129076,34.533642,44.92746339999999,54.5121882,61.0664014,61.2298902,61.6576334,52.82268120000001,42.84099180000001,32.5717792,28.1209332,23.8140862,21.6574826,20.06175,19.3694138,18.0777534,18.6961232,18.82422720000001,18.9831064,19.4981522,19.3046284,18.399958,18.51648740000001,18.7549376,18.7323352,18.8765506,19.59718,20.8750106,21.8268652,22.8900522,23.8826888,23.5198024,22.7986152,23.15067920000001,24.0254782,23.686073,33.9724404,35.812083,42.64620500000001,46.49722379999999,53.5575938,47.749493,50.3471578,46.8053224,43.5809782,39.67694820000001,35.199119,29.6369572,24.9223706,21.8798318,17.07632700000001,15.749769,14.830338,12.8357678,11.1844882,10.2705248,9.3871914,8.641373199999999,8.440684000000001,8.783588400000001,8.132178160000002,7.812194760000001,7.3937615,6.632648580000001,5.95815218,6.12676242,5.19097582,4.840520280000002,4.491133120000002,3.215980832,1.941803032,1.506438432,0.564273032,0.047320512,0.0,0,0,0,0,0,0,0,0,0,0,0.0,0.0,0.0
570522>570525,752,752,WPKu,Wembley Park,Jubilee // NB,752,WPKu,Wembley Park,Metropolitan // SB,Alight-Interchange-Board,69.44103316743002,3.66882844,19.38417690543,18.137603052,18.598696524,7.068396225999999,2.58333202,0.0,0.28342108,0.31081602,0.5912028199999999,0.5912028199999999,0.5912028199999999,0.35283134,0.94815154,0.7545823560000001,0.998657536,0.998682861886,1.116733253886,1.544276473886,2.407909857886,2.473729497886,2.516512246,2.353412254,1.581193494,1.448735174,1.1897519,1.474621966,1.677587306,1.712037106,1.153111486,1.19636532,1.010485366,0.983221418,0.7750464979999999,0.622155266,0.6439149460000001,0.6154804200000001,0.5625418480000001,0.581002008,0.591277,0.5897472720000001,0.5823822000000001,0.536065794,0.513023506,0.5168808340000001,0.416531222,0.310532634,0.31967058,0.342887228,0.411033828,0.396988108,0.396988108,0.8117152280000001,0.974488468,1.25343272,1.91999218,2.37602832,2.5350349,2.53821358,2.25026082,1.674286366,1.471267726,1.033757246,0.744856326,0.650385538,0.745905632,0.574350052,0.443582356,0.567807276,0.5644201520000001,0.42662368,0.4295201300000001,0.410225246,0.476962592,0.444965192,0.4069985756,0.4275588256,0.3836621356,0.2650449596,0.2154540316,0.20511202,0.1083733046,0.08474464799999999,0.012399558,0.012399558,0.012399558,0.0042196534,0.0,0.0,0,0,0,0,0,0,0,0,0,0,0.0,0.0,0.0
570522>570526,752,752,WPKu,Wembley Park,Jubilee // NB,752,WPKu,Wembley Park,Metropolitan (Fast) // NB,Alight-Interchange-Board,0.0,0.0,0.0,0.0,0.0,0.0,0.0,0.0,0.0,0.0,0.0,0.0,0.0,0.0,0.0,0.0,0.0,0.0,0.0,0.0,0.0,0.0,0.0,0.0,0.0,0.0,0.0,0.0,0.0,0.0,0.0,0.0,0.0,0.0,0.0,0.0,0.0,0.0,0.0,0.0,0.0,0.0,0.0,0.0,0.0,0.0,0.0,0.0,0.0,0.0,0.0,0.0,0.0,0.0,0.0,0.0,0.0,0.0,0.0,0.0,0.0,0.0,0.0,0.0,0.0,0.0,0.0,0.0,0.0,0.0,0.0,0.0,0.0,0.0,0.0,0.0,0.0,0.0,0.0,0.0,0.0,0.0,0.0,0.0,0.0,0.0,0.0,0.0,0.0,0.0,0,0,0,0,0,0,0,0,0,0,0.0,0.0,0.0
570522>570527,752,752,WPKu,Wembley Park,Jubilee // NB,752,WPKu,Wembley Park,Metropolitan (Fast) // SB,Alight-Interchange-Board,0.0,0.0,0.0,0.0,0.0,0.0,0.0,0.0,0.0,0.0,0.0,0.0,0.0,0.0,0.0,0.0,0.0,0.0,0.0,0.0,0.0,0.0,0.0,0.0,0.0,0.0,0.0,0.0,0.0,0.0,0.0,0.0,0.0,0.0,0.0,0.0,0.0,0.0,0.0,0.0,0.0,0.0,0.0,0.0,0.0,0.0,0.0,0.0,0.0,0.0,0.0,0.0,0.0,0.0,0.0,0.0,0.0,0.0,0.0,0.0,0.0,0.0,0.0,0.0,0.0,0.0,0.0,0.0,0.0,0.0,0.0,0.0,0.0,0.0,0.0,0.0,0.0,0.0,0.0,0.0,0.0,0.0,0.0,0.0,0.0,0.0,0.0,0.0,0.0,0.0,0,0,0,0,0,0,0,0,0,0,0.0,0.0,0.0
570523>570501,752,752,WPKu,Wembley Park,Jubilee // SB,752,WPKu,Wembley Park,EntEx,Alight-Exit,1351.03226656,81.08070680000002,381.2709461,441.6907558,297.7633848,120.07135914,29.15511392,1.4010395,3.424361800000001,5.4093426,7.2307012,10.3029899,13.6473068,16.7756329,22.8893321,33.2867609,38.1769692,42.7394068,44.9913114,44.6788406,37.2097358,33.1302948,28.4801694,24.064336,18.97174140000001,17.2253664,18.3160134,17.3955652,16.945548,18.21710340000001,17.6960556,16.6830718,16.7009774,17.59949360000001,17.3151224,18.4371068,18.3156962,17.66395900000001,17.08819260000001,17.1277964,17.3385248,16.50079400000001,16.6313862,17.5765054,16.9372042,16.7456462,20.1699556,21.669471,22.0050988,23.8296174,25.1008638,25.232355,26.0613586,28.0232744,28.3695294,29.9694638,27.646386,26.3720852,23.9132168,23.2057548,20.2567702,20.2377254,18.4754652,16.7572924,14.0183804,13.1894416,11.1787984,11.0092761,10.54181722,10.27141048,8.74830148,7.7548318,6.205405999999999,5.57784614,4.81855712,4.47047872,3.89604592,3.83349366,3.847614340000001,3.38956968,2.77110744,2.48774624,1.920087252,1.074911512,0.757150932,0.5301285720000001,0.176779652,0.0,0.0,0.0,0,0,0,0,0,0,0,0,0,0,0.0,0.0,0.0
570523>570524,752,752,WPKu,Wembley Park,Jubilee // SB,752,WPKu,Wembley Park,Metropolitan // NB,Alight-Interchange-Board,1109.997640569999,63.91312190000001,448.7616282,287.7938835,230.5776059,65.73980498,13.21159609,0.28428638,1.08076118,3.92388358,5.1839315,8.6577753,11.07563052,16.08373632,17.62311712,25.6696282,29.3907704,42.25457479999999,46.84349020000001,54.850405,52.74198440000001,51.512066,42.35628840000001,35.6335318,26.5288718,21.6447194,19.3352978,14.9154594,12.8434904,11.9248282,11.5576106,9.6934284,9.818810000000001,9.917574,9.6465934,10.0514516,10.1709102,10.2455132,10.7117422,10.7850358,10.0385572,10.1263811,10.4028597,10.7414739,10.3597473,11.7469711,13.1445874,15.317911,16.3218338,18.0358896,19.275224,21.2543988,21.5528776,21.7127908,21.618796,21.39644,20.3802334,19.2877086,18.4070125,19.1045497,17.4472985,15.1407485,13.2747515,11.49146912,8.539916620000001,7.61537528,6.55333478,5.6082717,5.255743700000001,4.91131286,4.08524774,3.64730976,2.992989140000001,2.72403138,2.3148029,2.12967542,1.7946708,1.75942078,1.5514878,1.227999608,0.94864846,1.0231579,0.8521753940000001,0.6793590140000001,0.603778626,0.466764714,0.174457574,0.0,0.0,0.0,0,0,0,0,0,0,0,0,0,0,0.0,0.0,0.0
570523>570525,752,752,WPKu,Wembley Park,Jubilee // SB,752,WPKu,Wembley Park,Metropolitan // SB,Alight-Interchange-Board,2779.743263710001,321.4695106,1165.7664092,812.8170536000001,373.6294638000001,93.16287376000002,12.89795275,2.6878038,7.003546600000001,22.9398366,33.7728546,37.8489254,48.9773128,81.128538,87.11069280000002,86.28747179999998,100.127557,133.8612258,117.0086918,119.410367,128.867502,121.7540414,86.49398400000003,81.03485800000001,66.33201700000001,60.602467,63.9862264,60.2357358,51.4864726,53.69196039999999,46.3695804,39.4296476,36.9426198,38.4011502,33.754392,33.4185366,31.58779060000001,31.9790092,31.2152348,29.32085720000001,27.9084106,27.609818,26.17082,24.56905260000001,23.8153376,23.95401600000001,26.5704426,28.4000218,27.775497,28.7152796,29.4953706,28.82570560000001,29.1205896,32.2967906,35.08752320000001,35.84874120000001,34.4805286,35.7860614,33.81859840000001,32.1068988,29.2783408,26.6688536,20.310832,17.9670718,12.854104,11.2849118,9.48615306,8.231682180000002,6.27346696,5.91776502,4.88274508,4.35556646,4.12926222,4.03727632,3.74286886,3.150130260000001,2.560044046,2.311820526,1.785575346,1.09164079,0.802435384,0.646585538,0.309871816,0.146831716,0.057111872,0.025138618,0.010766838,0.0,0.0,0.0,0,0,0,0,0,0,0,0,0,0,0.0,0.0,0.0
570523>570526,752,752,WPKu,Wembley Park,Jubilee // SB,752,WPKu,Wembley Park,Metropolitan (Fast) // NB,Alight-Interchange-Board,0.0,0.0,0.0,0.0,0.0,0.0,0.0,0.0,0.0,0.0,0.0,0.0,0.0,0.0,0.0,0.0,0.0,0.0,0.0,0.0,0.0,0.0,0.0,0.0,0.0,0.0,0.0,0.0,0.0,0.0,0.0,0.0,0.0,0.0,0.0,0.0,0.0,0.0,0.0,0.0,0.0,0.0,0.0,0.0,0.0,0.0,0.0,0.0,0.0,0.0,0.0,0.0,0.0,0.0,0.0,0.0,0.0,0.0,0.0,0.0,0.0,0.0,0.0,0.0,0.0,0.0,0.0,0.0,0.0,0.0,0.0,0.0,0.0,0.0,0.0,0.0,0.0,0.0,0.0,0.0,0.0,0.0,0.0,0.0,0.0,0.0,0.0,0.0,0.0,0.0,0,0,0,0,0,0,0,0,0,0,0.0,0.0,0.0
570523>570527,752,752,WPKu,Wembley Park,Jubilee // SB,752,WPKu,Wembley Park,Metropolitan (Fast) // SB,Alight-Interchange-Board,0.0,0.0,0.0,0.0,0.0,0.0,0.0,0.0,0.0,0.0,0.0,0.0,0.0,0.0,0.0,0.0,0.0,0.0,0.0,0.0,0.0,0.0,0.0,0.0,0.0,0.0,0.0,0.0,0.0,0.0,0.0,0.0,0.0,0.0,0.0,0.0,0.0,0.0,0.0,0.0,0.0,0.0,0.0,0.0,0.0,0.0,0.0,0.0,0.0,0.0,0.0,0.0,0.0,0.0,0.0,0.0,0.0,0.0,0.0,0.0,0.0,0.0,0.0,0.0,0.0,0.0,0.0,0.0,0.0,0.0,0.0,0.0,0.0,0.0,0.0,0.0,0.0,0.0,0.0,0.0,0.0,0.0,0.0,0.0,0.0,0.0,0.0,0.0,0.0,0.0,0,0,0,0,0,0,0,0,0,0,0.0,0.0,0.0
570524>570501,752,752,WPKu,Wembley Park,Metropolitan // NB,752,WPKu,Wembley Park,EntEx,Alight-Exit,14245.933361,203.9970088,1842.7162492,3038.464065,4640.97446,2959.762952,1560.018626,0.05390944000000001,0.4421122,2.1553954,7.578258,18.7262652,35.10298176000001,55.585089,84.35299780000003,109.2360552,134.376958,158.207896,181.386124,195.70928,211.077896,203.349226,184.31908,156.973784,127.9496,95.562572,84.567778,82.023688,81.37937400000001,80.34645,84.01271200000002,84.8954608,84.5347108,86.3490936,92.7177056,99.5711286,103.7829298,107.6118978,115.424475,123.032411,127.438838,133.58006,140.847674,148.43706,152.646906,157.8017740000001,164.550796,177.578664,187.490304,200.136406,222.273546,250.125198,270.509838,302.769564,340.2598720000001,379.038808,409.439382,442.741488,458.731384,469.394232,466.141228,437.32219,414.501276,380.768946,342.071002,289.774,274.368462,246.37456,229.52304,212.761402,212.782472,201.575316,193.520602,189.354992,186.888158,186.994136,185.852018,182.949564,176.083416,163.647074,147.8458532,127.7143132,105.2217784,89.4708224,73.221419,52.0573952,34.9603192,23.087064,9.017092000000002,1.8963614,0,0,0,0,0,0,0,0,0,0,0.0,0.0,0.0
570524>570522,752,752,WPKu,Wembley Park,Metropolitan // NB,752,WPKu,Wembley Park,Jubilee // NB,Alight-Interchange-Board,4110.098314039999,20.70175944,222.9082309,739.5160249999999,1899.115065,912.711506,315.1457277,0.027647548,0.027647548,0.202641088,0.419804768,0.920483368,2.72587382,5.74958962,10.62807168,12.8179606,17.1794592,20.0739186,23.0344386,23.6327022,25.7124172,23.3533214,21.595257,17.5247676,13.9229978,11.735615,12.3253757,11.8767201,12.5109869,13.1749087,14.1886229,14.6751582,15.9386796,17.4979094,19.02458020000001,20.8244244,22.0610504,23.4182238,25.6753192,28.3161698,29.9315462,32.8361888,35.7610634,38.867661,40.859042,43.3331218,45.401079,50.8392562,53.99250920000001,60.1853196,68.32648420000001,79.81464799999999,85.819326,102.066001,122.338757,150.722555,171.27712,197.513096,210.811326,218.763322,209.469388,185.656952,164.862574,141.8303528,116.1474108,93.14302800000002,89.19982800000002,77.85408600000002,68.62011380000001,63.73207979999999,59.02394760000001,56.17138240000001,50.11465240000001,51.1044672,45.77015720000001,45.946043,42.2912274,41.518506,38.0460346,35.0419094,31.32453839999999,24.13630344,19.63056304,14.04708124,10.27959354,5.10016574,4.720085500000001,2.4502193,0.6134571000000001,0.0,0,0,0,0,0,0,0,0,0,0,0.0,0.0,0.0
570524>570523,752,752,WPKu,Wembley Park,Metropolitan // NB,752,WPKu,Wembley Park,Jubilee // SB,Alight-Interchange-Board,231.888008547,2.334609921,25.201301285,13.93797308,120.871868904,50.79448402000001,18.747771337,0.0012445554,0.0343782234,0.0492886434,0.06299946740000001,0.0989306434,0.315152568,0.6898685999999999,1.08274722,1.487416036,2.36699286,2.1555559118,2.2988142118,1.8950467598,2.0607322198,1.2932452858,2.024863814,2.429085614,2.665036706,2.128824946,2.39568692,1.710076492,0.917311592,0.8027308599999999,0.7714403959999999,0.38246971,0.3513901648,0.2289569028,0.1222787488,0.1514336908,0.1595338448,0.182224382,0.18665956,0.2122070700000001,0.213675382,0.235713848,0.247804744,0.269470008,0.3104456640000001,0.34446992,0.372499838,0.420365318,0.48694817,1.90563701,2.952229764,3.912045672,5.593290472000001,5.7971339,6.2833309,7.21071396,12.04100236,13.16898196,15.78913,15.9691538,16.3488396,10.57627014,8.18197614,5.673299260000001,4.543508860000001,3.0898366,3.5747001,3.78104616,4.3955185,4.45297076,4.2646651,4.44084466,4.45887364,4.12821318,3.9910072,4.00049158,3.69002328,3.27457986,2.99816342,2.03756094,1.281249244000001,0.8376425474,0.5101755273999999,0.0546505674,0.0546505674,0.008583803400000001,0.0,0.0,0.0,0.0,0,0,0,0,0,0,0,0,0,0,0.0,0.0,0.0
570525>570501,752,752,WPKu,Wembley Park,Metropolitan // SB,752,WPKu,Wembley Park,EntEx,Alight-Exit,3045.7822154,109.6055976,613.7389264000001,1031.713375,868.9477746000001,305.0180606,116.7584812,0.2672478,2.0564714,4.2722336,7.300257000000001,14.693833,18.5879716,25.9761512,36.451432,48.87328340000001,56.8155214,60.61425540000001,67.4071442,65.215822,61.9541796,53.0980696,53.46548359999999,42.9113972,39.02056040000001,32.3646796,31.99853,30.90933020000001,33.1046816,33.08521640000001,33.7654502,34.7236968,35.464585,35.33285000000001,36.3143984,37.371871,39.086248,39.0769412,39.47375039999999,40.1368218,43.7202418,43.15392320000001,43.6989364,44.0581984,45.2778058,44.69561220000001,46.4278624,55.92943399999999,60.17733139999999,67.0795054,69.64868299999999,80.93946740000001,78.4986186,80.035966,77.93612399999999,81.24803200000002,77.01500800000002,77.29653400000002,74.11196300000002,72.5890164,65.01473100000001,56.48283040000001,47.7794838,43.76432800000001,35.6098,32.991494,28.83654940000001,26.275536,23.09761880000001,22.189191,20.0189674,18.556667,17.8388658,17.73072040000001,18.1083228,18.2752698,18.1903904,16.4192766,14.9248552,12.1784896,9.09587532,7.280674000000001,5.50487676,4.19641188,3.28395616,2.81781576,1.85717208,1.52906632,0.7966040000000001,0.40774732,0,0,0,0,0,0,0,0,0,0,0.0,0.0,0.0
570525>570522,752,752,WPKu,Wembley Park,Metropolitan // SB,752,WPKu,Wembley Park,Jubilee // NB,Alight-Interchange-Board,1038.846733948427,34.973651153427,197.26435698,299.32920254,372.15659,105.23716534,29.88576793499999,1.946854e-07,0.2153311946854,1.0650831946854,3.1965286946854,4.9466624946854,5.96108606,8.38299066,11.20596866,13.44057996,16.82307176,19.589674,23.0457046,25.3502566,24.05336680000001,20.6000996,18.3540282,13.3141195,8.936228100000001,7.135660300000001,6.62156756,6.41869436,7.038383660000001,6.572349259999998,6.76677134,7.080167280000001,7.643949879999999,7.562180959999999,8.09287456,8.60807368,9.07674248,8.61548148,8.870816000000003,9.4976438,10.8716958,11.8733122,13.3437884,14.119578,15.3027244,15.6820476,16.01636580000001,19.5472106,23.3544626,26.176591,31.1972974,35.0755144,32.8557914,31.4590708,30.2547124,28.517966,29.6544606,33.3982196,33.7136084,34.6292358,31.9448238,27.8105984,22.8425884,20.052382,15.33298732,12.92388092,9.81450112,8.18268258,6.65305878,6.52307706,5.63492806,5.58897932,5.378758980000002,4.859759620000001,4.29216958,4.72986938,4.81286164,4.34222512,4.28901004,3.88436158,2.625818580000001,1.673669234,1.005165946,0.8378543260000001,0.653083475,0.440038475,0.300772901,0.290001589,0.001035649,0.0,0,0,0,0,0,0,0,0,0,0,0.0,0.0,0.0
570525>570523,752,752,WPKu,Wembley Park,Metropolitan // SB,752,WPKu,Wembley Park,Jubilee // SB,Alight-Interchange-Board,1793.373499390001,108.645424,431.3497993999999,555.7869018,484.4073272,174.0911179,39.09292909000001,0.7164944000000001,2.6667488,6.310429000000001,12.3439598,16.1809758,19.3418606,23.2695562,27.8153994,29.465621,35.7735558,37.381651,38.898045,42.9747956,47.5910524,41.7961284,42.0045738,38.6386718,30.94116540000001,23.0104848,22.8740544,21.2694526,20.42362180000001,19.8056322,17.94474240000001,17.9485506,18.8505264,19.0741942,19.0058802,19.8614344,19.8728212,19.0670616,19.459327,19.316721,21.20497940000001,21.3188702,21.8715176,22.317205,24.1762248,24.4130886,25.5114968,31.1972386,35.3571732,37.7688126,38.75032940000001,45.77127820000001,43.8691268,43.15404960000001,46.36035039999999,48.2500044,43.39714320000001,44.09267320000001,42.6265966,37.64528660000001,33.8624122,30.64591380000001,24.73249220000001,22.0258748,18.6226317,17.7912693,15.9025147,15.2788481,14.2557721,13.9954066,12.5832562,12.0203617,11.4091507,10.6111329,9.5948991,8.3076463,7.3767662,6.450564600000001,5.18066756,3.9171198,3.21751068,2.2767251,1.141467678,0.7160633179999999,0.4239454779999999,0.07690859800000001,0.007543778,0.0,0.0,0.0,0,0,0,0,0,0,0,0,0,0,0.0,0.0,0.0
570526>570501,752,752,WPKu,Wembley Park,Metropolitan (Fast) // NB,752,WPKu,Wembley Park,EntEx,Alight-Exit,0.0,0.0,0.0,0.0,0.0,0.0,0.0,0.0,0.0,0.0,0.0,0.0,0.0,0.0,0.0,0.0,0.0,0.0,0.0,0.0,0.0,0.0,0.0,0.0,0.0,0.0,0.0,0.0,0.0,0.0,0.0,0.0,0.0,0.0,0.0,0.0,0.0,0.0,0.0,0.0,0.0,0.0,0.0,0.0,0.0,0.0,0.0,0.0,0.0,0.0,0.0,0.0,0.0,0.0,0.0,0.0,0.0,0.0,0.0,0.0,0.0,0.0,0.0,0.0,0.0,0.0,0.0,0.0,0.0,0.0,0.0,0.0,0.0,0.0,0.0,0.0,0.0,0.0,0.0,0.0,0.0,0.0,0.0,0.0,0.0,0.0,0.0,0.0,0.0,0.0,0,0,0,0,0,0,0,0,0,0,0.0,0.0,0.0
570526>570522,752,752,WPKu,Wembley Park,Metropolitan (Fast) // NB,752,WPKu,Wembley Park,Jubilee // NB,Alight-Interchange-Board,0.0,0.0,0.0,0.0,0.0,0.0,0.0,0.0,0.0,0.0,0.0,0.0,0.0,0.0,0.0,0.0,0.0,0.0,0.0,0.0,0.0,0.0,0.0,0.0,0.0,0.0,0.0,0.0,0.0,0.0,0.0,0.0,0.0,0.0,0.0,0.0,0.0,0.0,0.0,0.0,0.0,0.0,0.0,0.0,0.0,0.0,0.0,0.0,0.0,0.0,0.0,0.0,0.0,0.0,0.0,0.0,0.0,0.0,0.0,0.0,0.0,0.0,0.0,0.0,0.0,0.0,0.0,0.0,0.0,0.0,0.0,0.0,0.0,0.0,0.0,0.0,0.0,0.0,0.0,0.0,0.0,0.0,0.0,0.0,0.0,0.0,0.0,0.0,0.0,0.0,0,0,0,0,0,0,0,0,0,0,0.0,0.0,0.0
570526>570523,752,752,WPKu,Wembley Park,Metropolitan (Fast) // NB,752,WPKu,Wembley Park,Jubilee // SB,Alight-Interchange-Board,0.0,0.0,0.0,0.0,0.0,0.0,0.0,0.0,0.0,0.0,0.0,0.0,0.0,0.0,0.0,0.0,0.0,0.0,0.0,0.0,0.0,0.0,0.0,0.0,0.0,0.0,0.0,0.0,0.0,0.0,0.0,0.0,0.0,0.0,0.0,0.0,0.0,0.0,0.0,0.0,0.0,0.0,0.0,0.0,0.0,0.0,0.0,0.0,0.0,0.0,0.0,0.0,0.0,0.0,0.0,0.0,0.0,0.0,0.0,0.0,0.0,0.0,0.0,0.0,0.0,0.0,0.0,0.0,0.0,0.0,0.0,0.0,0.0,0.0,0.0,0.0,0.0,0.0,0.0,0.0,0.0,0.0,0.0,0.0,0.0,0.0,0.0,0.0,0.0,0.0,0,0,0,0,0,0,0,0,0,0,0.0,0.0,0.0
570527>570501,752,752,WPKu,Wembley Park,Metropolitan (Fast) // SB,752,WPKu,Wembley Park,EntEx,Alight-Exit,0.0,0.0,0.0,0.0,0.0,0.0,0.0,0.0,0.0,0.0,0.0,0.0,0.0,0.0,0.0,0.0,0.0,0.0,0.0,0.0,0.0,0.0,0.0,0.0,0.0,0.0,0.0,0.0,0.0,0.0,0.0,0.0,0.0,0.0,0.0,0.0,0.0,0.0,0.0,0.0,0.0,0.0,0.0,0.0,0.0,0.0,0.0,0.0,0.0,0.0,0.0,0.0,0.0,0.0,0.0,0.0,0.0,0.0,0.0,0.0,0.0,0.0,0.0,0.0,0.0,0.0,0.0,0.0,0.0,0.0,0.0,0.0,0.0,0.0,0.0,0.0,0.0,0.0,0.0,0.0,0.0,0.0,0.0,0.0,0.0,0.0,0.0,0.0,0.0,0.0,0,0,0,0,0,0,0,0,0,0,0.0,0.0,0.0
570527>570522,752,752,WPKu,Wembley Park,Metropolitan (Fast) // SB,752,WPKu,Wembley Park,Jubilee // NB,Alight-Interchange-Board,0.0,0.0,0.0,0.0,0.0,0.0,0.0,0.0,0.0,0.0,0.0,0.0,0.0,0.0,0.0,0.0,0.0,0.0,0.0,0.0,0.0,0.0,0.0,0.0,0.0,0.0,0.0,0.0,0.0,0.0,0.0,0.0,0.0,0.0,0.0,0.0,0.0,0.0,0.0,0.0,0.0,0.0,0.0,0.0,0.0,0.0,0.0,0.0,0.0,0.0,0.0,0.0,0.0,0.0,0.0,0.0,0.0,0.0,0.0,0.0,0.0,0.0,0.0,0.0,0.0,0.0,0.0,0.0,0.0,0.0,0.0,0.0,0.0,0.0,0.0,0.0,0.0,0.0,0.0,0.0,0.0,0.0,0.0,0.0,0.0,0.0,0.0,0.0,0.0,0.0,0,0,0,0,0,0,0,0,0,0,0.0,0.0,0.0
570527>570523,752,752,WPKu,Wembley Park,Metropolitan (Fast) // SB,752,WPKu,Wembley Park,Jubilee // SB,Alight-Interchange-Board,0.0,0.0,0.0,0.0,0.0,0.0,0.0,0.0,0.0,0.0,0.0,0.0,0.0,0.0,0.0,0.0,0.0,0.0,0.0,0.0,0.0,0.0,0.0,0.0,0.0,0.0,0.0,0.0,0.0,0.0,0.0,0.0,0.0,0.0,0.0,0.0,0.0,0.0,0.0,0.0,0.0,0.0,0.0,0.0,0.0,0.0,0.0,0.0,0.0,0.0,0.0,0.0,0.0,0.0,0.0,0.0,0.0,0.0,0.0,0.0,0.0,0.0,0.0,0.0,0.0,0.0,0.0,0.0,0.0,0.0,0.0,0.0,0.0,0.0,0.0,0.0,0.0,0.0,0.0,0.0,0.0,0.0,0.0,0.0,0.0,0.0,0.0,0.0,0.0,0.0,0,0,0,0,0,0,0,0,0,0,0.0,0.0,0.0
110901>110916,757,757,WHMu,West Ham,EntEx,757,WHMu,West Ham,Dis+H&C // EB,Enter-Board,392.1123754600002,12.03173628,87.24824758000001,123.44419274,113.2633866,36.128387712,19.996424548,0.0,0.38456518,0.6035225000000001,0.94166514,1.44413578,2.48817188,2.8663364,3.3033394,4.58673156,6.45389832,8.037107420000002,9.69071812,11.4668528,11.5883498,10.33820388,8.11827464,6.436596400000001,4.449441800000002,3.2155154,2.86655744,3.04819784,3.08940644,3.56856758,4.2825101,4.58708892,4.71996296,4.80094092,4.79132188,4.35715902,4.10248848,4.12977548,3.944990680000001,4.225394980000001,4.35935224,4.664640380000002,4.884050299999999,5.98166618,6.324374580000002,6.629268920000001,6.18973658,7.48537806,7.23921616,7.71596156,8.3227425,9.3399849,8.9284885,9.551859599999998,10.1069424,9.78514816,10.42203136,10.23919736,10.06409456,9.26119576,9.3696464,8.374758199999999,7.820039400000002,6.46325546,5.24894862,4.16054762,3.24542878,2.93807658,2.63427758,2.45507472,2.1622693,2.22948414,1.65854738,1.56126912,1.371208412,1.426779812,1.421929812,1.422382732,1.419565772,1.46550142,1.40163568,1.0751837,1.1479965,1.7086257,1.82474958,1.83315344,1.66692442,1.35682806,0.58509082,0.2400771,0,0,0,0,0,0,0,0,0,0,0.0,0.0,0.0
110901>110917,757,757,WHMu,West Ham,EntEx,757,WHMu,West Ham,Dis+H&C // WB,Enter-Board,2549.880463298346,507.882172,1133.22295,519.6937454000001,283.8905198,83.30190932000001,21.889166778346,6.9175532,18.0795588,28.1719562,50.81383820000001,72.0836512,98.401759,112.2163894,121.197466,112.015542,110.148748,107.254974,106.122442,109.175034,115.463454,112.05848,98.5819272,86.5330032,72.01438920000002,57.46354520000001,46.3914112,39.796382,33.2631386,29.91187640000001,27.5312956,23.76534280000001,22.5728964,21.0589476,21.3994448,20.826671,20.5336506,19.7020978,19.8230316,17.83603920000001,16.7257172,17.5972332,17.9154506,16.83119,17.3157388,17.9311802,17.4145624,17.3649236,18.8883098,21.082842,22.6057832,22.8252342,24.832,27.4770374,27.1231864,27.2484782,27.7300846,26.795448,24.0747464,22.3560624,20.2276304,18.1716284,15.0289834,13.0404994,10.9150398,8.962575000000003,7.0475478,6.874358200000001,5.550379800000001,5.464020000000001,5.349769400000001,5.558732999999998,4.911014499999999,4.99483784,4.63313458,4.26671586,4.14531706,3.73936798,3.04300372,2.60531582,1.928572868,1.035256514,0.6358989796692001,0.3285192996692,0.1234892596692,0.0376905316692,1.88856692e-05,0.0,0.0,0.0,0,0,0,0,0,0,0,0,0,0,0.0,0.0,0.0
110901>110922,757,757,WHMu,West Ham,EntEx,757,WHMu,West Ham,Jubilee // NB,Enter-Board,3674.689516359998,684.7435198000001,1668.9784606,695.8320397999998,424.2654964,150.777802,50.09219776,11.3306312,25.6976844,41.0322364,73.1825084,98.4679522,126.3050052,147.974084,160.753418,155.074688,162.526116,172.56007,174.945928,183.515934,183.033756,169.214528,139.820306,114.357968,87.10352240000002,70.1023504,56.72329380000001,47.4852174,40.73010100000001,37.1354252,34.91350600000001,30.2511606,29.64629900000001,29.38608480000001,29.0334742,27.7466658,27.3400632,27.3126048,27.3708072,27.3245892,26.2767008,26.5818514,26.1706638,25.097699,23.6369374,23.9439924,24.5311888,24.2341496,24.56312400000001,26.6951756,28.4245586,29.0873822,31.8931414,36.823152,38.176647,40.449151,41.10005,41.6679,38.9229916,36.6416694,33.4054116,30.3873398,25.7106604,21.263311,18.1733172,14.4495364,12.1537224,10.6016422,9.681778,10.0223324,10.6359918,11.0157142,10.8875888,11.1497422,10.7431254,10.1053338,9.182136740000002,8.20759644,6.66228124,5.27682656,3.91019384,2.822291772,1.992705072,1.199444872,0.5615509519999999,0.171836472,0.0,0.0,0.0,0.0,0,0,0,0,0,0,0,0,0,0,0.0,0.0,0.0
110901>110923,757,757,WHMu,West Ham,EntEx,757,WHMu,West Ham,Jubilee // SB,Enter-Board,1551.085168010672,161.4843754,554.234954,399.5875536,231.1346916,153.28892472,51.35466869067197,0.6593137800000001,2.03476192,5.41524212,14.91593872,23.42124792000001,28.26338874,39.6907956,47.08368660000001,45.319422,52.27515080000001,64.2986242,61.9962284,62.8871492,64.0716522,54.2085752,41.3916958,34.9056894,26.62357980000001,23.14025160000001,23.11693540000001,20.7513496,19.4257696,17.93915620000001,15.7136638,12.7853278,14.4597474,15.8457914,21.5866264,21.1700822,21.8152294,21.134271,20.0591964,14.9886602,14.9255598,15.2862424,15.3354684,15.3311616,15.0100058,14.346633,13.5177266,13.0861324,13.823457,14.782084,16.4682112,16.9568794,17.64717880000001,19.6037978,20.1380062,20.9262264,22.2104618,23.0252968,21.17296300000001,20.2952216,18.1886222,16.1684682,14.8015694,15.585709,14.4437632,13.5704804,13.6626144,13.7330722,11.2247276,11.572372,12.688596,12.4835658,11.3202528,10.79513866,12.20863266,11.0084384,9.535968600000002,8.1597225,7.02735614,4.25299908,3.13912448,2.36457582,2.02941094,1.5816002384,0.8769587761343921,0.6241312021343921,0.4080640621343921,0.120538842134392,0.112889843734392,0.112889766,0,0,0,0,0,0,0,0,0,0,0.0,0.0,0.0
110901>110978,757,757,WHMu,West Ham,EntEx,757,WHMu,West Ham,NR Essex Thameside // DN,Enter-Board,498.6106241300001,65.18774012,77.035643372,95.56236404799999,179.37892026,61.70891725999999,19.73703907,9.122995140000002,9.406614940000004,9.975248680000002,7.44326188,6.18261888,6.18762922,8.01903642,8.85033496,9.55406776,7.723438100000001,9.66931382,8.71596002,9.04525674,7.32897374,6.21683798,5.17795366,4.27681596,3.45530176,2.754630806,3.117093026,2.521098886,3.055972646,2.290954566,2.87326872,2.83083664,2.808355820000001,2.17462672,2.9032576,2.45111674,2.74823412,2.260266954,2.816013434,2.134046494,3.243641154000001,2.848763434,4.60288828,4.1966038,5.39955986,4.40498802,6.311827640000002,5.073991,7.419768440000001,7.77834492,10.41393816,11.07118036,12.8675266,13.9309848,14.5854426,14.6348297,15.4160517,15.3403235,18.1948517,16.5684103,17.4531846,14.1197606,15.1963738,9.000191860000003,10.13855616,6.45107488,7.61057156,4.338700200000001,5.29389354,3.57807204,4.26860642,2.84503656,3.42828124,2.19345064,2.56248216,1.87582048,2.13905006,1.69787916,2.09259104,1.76467416,2.22156718,2.01338674,1.8596624,1.546004906,1.303437866,0.637064226,0.405759666,0.180141186,0.0,0.0,0,0,0,0,0,0,0,0,0,0,0.0,0.0,0.0
110901>110979,757,757,WHMu,West Ham,EntEx,757,WHMu,West Ham,NR Essex Thameside // UP,Enter-Board,310.6364269645572,63.40804181203724,169.07517388,41.57251589000001,25.759657176,8.024252960000002,2.796785246519991,2.416983284012411,2.926801364012411,3.419086044012411,7.870084440000001,9.108416640000002,10.14742256,11.76184668,15.7574008,14.2966713,12.1382829,13.5468045,14.9114985,15.9938769,16.8491676,18.8205302,18.6862816,16.8489324,12.04790546,8.566511300000002,6.368711220000002,3.76331702,2.27487488,1.83667694,2.0686777,1.95533732,1.87287526,1.829119,1.80378566,1.306375832,0.915729292,0.818508572,1.272291772,1.096144472,1.106477594,1.316473394,1.291322114,1.112585954,1.499040354,1.73689998,2.02602346,2.00650916,2.40763272,2.21941138,2.03642606,1.64514686,1.80094866,1.33867828,1.55457858,1.83285064,2.69007628,2.91011484,3.0864969,2.93603988,2.717465940000001,1.733395088,1.513865228,1.045923366,0.679761602,0.5530758720000001,0.463943692,0.31555828,0.423344712,0.590180286,0.618019536,0.8272213079999999,0.8529402800000001,0.8361825780000001,0.8181014480000002,0.845626242,0.6312866241203161,0.507930276120316,0.386354042120316,0.228046632920316,0.075706451054558,0.07570643199058401,0.028654920383682,0.017473406383682,1.15583682e-07,6.344944e-08,4.0393098e-08,0.0,0.0,0.0,0,0,0,0,0,0,0,0,0,0,0.0,0.0,0.0
110901>110990,757,757,WHMu,West Ham,EntEx,757,WHMu,West Ham,DLR // OB,Enter-Board,178.526080436,31.1080432,50.93916190000001,48.6238514,25.43883754,17.418548858,4.997637538,0.8639012600000001,2.27983086,2.84398044,3.74058268,4.693561040000001,5.199489499999999,5.064611699999999,6.422085720000001,6.58726394,6.504796000000002,7.5233656,7.2727352,5.68545058,5.24411824,4.27108924,2.42775966,1.59599072,1.46241474,1.04032592,1.32385206,1.38434528,1.57888728,1.84742088,2.26184718,2.01276494,2.0674874,1.91632158,1.86221362,1.74608458,1.93880182,2.03124372,2.21706688,2.5084802,2.38855522,2.49712688,2.46059636,2.52487056,2.09554878,2.13722964,1.97471066,1.91132306,1.80149984,1.716253140000001,1.7431719,1.70274996,1.72747798,2.0400038,2.1236867,2.1655049,2.1529453,2.1750817,1.9566463,2.1039292,2.1798684,2.62383518,2.48710812,2.38585044,2.30498236,2.07760012,1.64490938,1.63063308,1.48868522,1.34800702,1.173413792000001,1.037988604,0.90037643,0.7628804859999999,0.6632219260000001,0.6387178540000001,0.6158160680000001,0.5254996540000001,0.46008412,0.362593076,0.280514302,0.1595372792,0.1295808572,0.2497158952,0.4080399692,0.3535096832,0.33836262,0.31303869,0.16262747,0.0,0,0,0,0,0,0,0,0,0,0,0.0,0.0,0.0
110901>110991,757,757,WHMu,West Ham,EntEx,757,WHMu,West Ham,DLR // IB,Enter-Board,432.36783038,75.79372996000001,126.8563898,129.69645244,50.08027818000001,26.320339634,23.620640366,0.6703646300000001,1.98562623,3.20518963,5.43660483,8.227882840000001,18.9200981,18.4130445,18.9349192,18.77177600000001,17.2126139,8.921693900000003,12.1313447,11.5766036,10.90532008,11.19382588,9.00947142,6.73760032,6.463612920000001,6.432574540000001,7.49995254,8.017833,7.796371499999999,8.480347900000002,8.895532600000003,7.553015740000001,7.098273080000001,6.574396080000001,6.03285316,5.34836086,4.565635680000002,4.680482680000001,4.594709880000001,4.37674226,3.971668660000001,4.3621809,3.80875884,3.89530824,4.1051329,4.336483400000001,4.22107448,4.36969074,3.891538220000001,4.18329982,4.536761820000001,5.03724486,5.30252412,5.817572719999998,4.88526708,4.59359714,4.312108160000001,3.978425660000001,3.7098643,3.696867180000001,2.87648208,2.84560306,3.02472182,2.84161602,3.41891986,3.52262746,2.96531562,2.7181343,2.55358304,1.86936768,1.676473696,1.508278836,1.176102516,1.136274496,0.93364611,1.051158934,0.9704438540000001,0.8837032220000001,0.6074152420000001,0.714785268,0.6733132479999999,3.850813308000001,3.907850706000001,3.801863246,3.610574166,3.459393386,0.08932578599999999,0.0,0.0,0.0,0,0,0,0,0,0,0,0,0,0,0.0,0.0,0.0
110916>110901,757,757,WHMu,West Ham,Dis+H&C // EB,757,WHMu,West Ham,EntEx,Alight-Exit,2693.0183984,48.89250460000001,200.30612582,525.6859946799999,1133.1893866,539.348782,245.5956047,0.0,1.9764324,2.8011476,4.34812808,6.584462480000001,8.951445080000003,10.84061928,13.39026968,16.81296660000001,18.1487506,20.783262,21.3652056,21.413854,19.91596340000001,19.6324414,16.8312082,14.3106034,12.1766005,10.5377669,8.37750322,8.03191662,8.067999020000002,8.42535452,8.64011752,10.037956,10.974068,10.849271,11.7691288,12.4756824,13.6803064,13.4216824,15.1217428,16.4613244,18.5047394,19.2292762,21.8169348,23.6727756,27.5404416,29.80022820000001,34.3952068,39.6857612,48.10034520000001,54.7308632,60.2528726,69.82221200000001,75.0545858,78.9991278,87.28756379999999,99.171497,105.106459,111.836772,115.838456,111.510921,103.245577,92.340785,82.9754302,70.63079019999998,62.8694216,55.11325920000001,48.9719872,42.991694,42.46265800000001,38.66097420000001,37.7004662,36.1842648,36.86207880000001,32.948138,33.9530498,32.71350220000001,33.70692680000001,30.72350520000001,30.3065206,25.8997618,22.868821,18.0365186,15.037198,12.1357162,9.36282764,6.502091980000001,4.348623180000001,2.62613738,0.97727858,0.35017554,0,0,0,0,0,0,0,0,0,0,0.0,0.0,0.0
110916>110922,757,757,WHMu,West Ham,Dis+H&C // EB,757,WHMu,West Ham,Jubilee // NB,Alight-Interchange-Board,989.8793060000003,25.69717780000001,197.4948883,285.9922326,305.0196164,137.32297582,38.35241508,0.0,0.8351149999999999,1.49654516,2.54188608,3.551291480000001,4.678630280000001,5.86017328,6.73353652,8.313905199999999,10.6835038,13.9217644,18.2830644,21.1635172,22.9165048,22.3069405,21.2168343,17.6763297,15.5593481,13.2845303,12.1686456,10.5318236,9.173765199999998,8.4186043,8.2754261,8.177568500000001,8.376242999999999,8.393952800000001,8.452748099999999,8.5601263,9.005583300000003,9.191047400000002,9.7585468,11.0599102,12.2100518,12.9676922,13.427896,14.0573566,13.5413902,13.821194,14.4034668,14.8851212,17.4128654,20.4075808,21.482272,23.6298854,24.9486818,23.9566152,26.1307188,28.0159688,28.3366484,29.05422920000001,29.8333244,26.1408904,23.4558462,20.635881,20.8809268,19.2600668,18.0276684,16.4572294,17.4516208,13.123202,11.06744286,9.41191146,8.69720886,5.642353400000001,6.22143546,5.75886832,6.20396806,5.741513660000002,6.533536320000001,5.62966106,5.34563996,4.32086182,3.93055346,2.4812437,1.8883647,1.30273448,0.90666168,0.27164424,0.0,0.0,0.0,0.0,0,0,0,0,0,0,0,0,0,0,0.0,0.0,0.0
110916>110923,757,757,WHMu,West Ham,Dis+H&C // EB,757,WHMu,West Ham,Jubilee // SB,Alight-Interchange-Board,5.642139316484991,0.19998046,2.125203651800001,1.707254492,1.2517245442,0.154006598299225,0.20396957018577,0.0,0.013102678,0.03071748,0.03613224,0.03613224,0.03613224,0.032689192,0.01507439,0.017589978,0.052979982,0.07821491400000001,0.08292339200000001,0.1401768720000001,0.154302001,0.296057097,0.346600191,0.332232083,0.2817943986,0.2597389216,0.08259382159999999,0.06379841559999999,0.06379841559999999,0.0606277122,0.0606277122,0.0780985662,0.02973463780000001,0.0358394782,0.032194386,0.046934746,0.037930698,0.037910615,0.0318057746,0.0391740906,0.034071818,0.03883444800000001,0.0302358394,0.0403748914,0.04978334139999999,0.059167202,0.06627755900000001,0.1635257430000001,0.2098623070000001,0.2031956584000001,0.1934504364,0.1731106434,0.0758624594,0.0321393734,0.04774869600000001,0.1002614,0.166262964,0.1745589776,0.163749141,0.1571725009999999,0.095383071,0.029381507,0.0360938104,0.0360691066,0.0169263066,0.0258064466,0.0258064466,0.0107981296,0.010150077,0.010150077,0.001269937,0.001269937,0.001269945393075,0.001104687453075,0.013385501453075,0.013385501453075,0.013401693249075,0.013401684856,0.013041457476,0.0007606670439239999,0.0007606670439239999,0.002019084447924,0.014886466447924,0.023766528767924,0.029545785,0.029545785,0.0282711758,0.0154037938,0.005779279799999999,0.0,0,0,0,0,0,0,0,0,0,0,0.0,0.0,0.0
110916>110978,757,757,WHMu,West Ham,Dis+H&C // EB,757,WHMu,West Ham,NR Essex Thameside // DN,Alight-Interchange-Board,2561.697422933,42.99721884,156.50143964,252.72070352,1475.9709352,540.9981766,92.508949133,0.0,0.0,0.8349158000000001,5.0154544,5.34158766,7.11368546,11.90530686,12.78626866,13.96408046,16.9697984,17.5711008,16.38728080000001,17.37977780000001,12.88000914,11.25628974,12.64673494,9.47751376,9.01373696,8.828041220000003,10.12707562,6.89814382,8.684386200000002,7.211223900000001,9.696980900000002,8.893897099999998,11.7083625,10.27086714,10.46817572,7.309532720000003,6.142993520000001,3.859804860000001,4.40198482,3.43324074,4.85775174,5.56545814,6.3417065,5.0121993,7.120575099999999,8.9111941,10.2090815,8.366642800000001,20.03004,31.6910842,45.6353762,59.59510120000001,81.77181620000002,83.58106599999998,101.266028,115.250218,134.485454,135.425561,170.308446,154.593612,163.42721,136.1474104,140.1190124,94.1320754,111.8710374,71.89382739999998,71.83774759999999,44.7493236,50.62575579999999,17.1472458,19.1511364,10.2489178,18.3950992,11.6951437,19.2508665,18.6776143,18.6850187466,12.0917753466,10.5534086266,4.6719876266,3.7000223266,3.959151799999999,3.37630496,5.274010179999999,3.59970838,3.14103528,2.87450136,1.9044102,0.0,0.0,0,0,0,0,0,0,0,0,0,0,0.0,0.0,0.0
110916>110979,757,757,WHMu,West Ham,Dis+H&C // EB,757,WHMu,West Ham,NR Essex Thameside // UP,Alight-Interchange-Board,38.3896451641852,2.1717037243962,10.895974976,10.047332538,8.909295966,5.228070201,1.137267758789,0.0,2.7087924e-07,2.7087924e-07,0.27549979087924,0.33206131087924,0.44127876487924,0.459099618,0.6637636980000001,0.410863724,0.4582327960000001,0.4725634020000001,0.5728869780000001,1.002000658,1.309543512,1.60601832,1.512182686,1.41574805,0.92351813,0.73303333,0.47938339,0.488443094,0.557693074,0.4465455700000001,0.3550790579999999,0.415910998,0.5597981479999999,0.5142837440000001,0.59837772,0.6356725620000001,0.467635728,0.324652336,0.3269843960000001,0.212490084,0.203511714,0.281623368,0.5304806,0.5225784960000001,0.586819136,0.5904262499999999,0.5065196240000001,0.240601444,0.236592904,0.197496662,0.247115828,0.372171922,0.371369558,0.409214934,0.438490828,0.6198181280000001,0.69525556,0.820400584,0.945488252,1.11196068,0.96560266,1.07451068,1.08501218,0.9556839640000002,0.7569329100000001,0.6299986340000001,0.328513888,0.1950464428,0.4028373388,0.4012943318,0.3934419358,0.3813763138,0.430654349,0.177280841,0.175009252,0.2038351360000001,0.174228364,0.100958674,0.08797929400000001,0.09641697800000001,0.09368708600000003,0.10448563,0.1044867701578,0.09357687815780004,0.06681212415780002,0.0107996841578,1.1401578e-06,0.0,0.0,0.0,0,0,0,0,0,0,0,0,0,0,0.0,0.0,0.0
110916>110990,757,757,WHMu,West Ham,Dis+H&C // EB,757,WHMu,West Ham,DLR // OB,Alight-Interchange-Board,516.9618563699996,16.03647562,66.63415283000002,179.06881762,118.22084362,93.23282606000002,43.76874062,0.0,0.8468096000000002,1.06210232,2.068793400000001,2.209357160000001,3.080942820000001,2.92597912,3.8424912,4.69243352,6.267973960000001,7.2694863,7.642189399999999,7.10924196,6.560043220000002,6.229044160000001,4.544584454000001,4.602783253999999,4.576253994,3.845028214,3.295090394,5.2125557,5.0677805,5.165543400000002,5.550379220000001,5.913859780000001,5.20256878,4.91940724,5.501547840000002,5.5612325,6.14749202,5.81797762,6.627772719999999,6.773628239999999,7.579985880000002,6.700092800000001,6.886489080000001,6.927309320000001,8.568088800000002,7.82231694,9.04640642,10.43268814,13.95549674,12.31855474000001,15.3696432,14.6314724,13.5239823,10.0901857,9.70811756,7.43362596,8.94117296,8.56646154,9.93615714,9.70563408,8.728059220000002,8.550201220000002,8.405773540000002,7.124532140000001,9.08815234,9.9057524,9.267543,9.54258592,9.77549052,7.81777342,7.46450556,5.92341296,6.15207974,5.14980188,6.02119618,5.33394544,6.252668099999999,5.43907172,5.24107788,3.993416040000001,3.865909840000001,2.60119788,2.82075368,2.55959812,2.14062916,1.61071676,1.41538606,0.4943699400000001,0.0,0.0,0,0,0,0,0,0,0,0,0,0,0.0,0.0,0.0
110916>110991,757,757,WHMu,West Ham,Dis+H&C // EB,757,WHMu,West Ham,DLR // IB,Alight-Interchange-Board,265.4930015699998,10.37505762,25.08037462,60.13948547000001,86.34345608000001,46.32016852,37.23445925999999,0.0,0.113552452,0.122644866,0.174644858,2.309123258000001,2.437545328000001,2.472650276,2.744896582,3.27508071,1.51217965,1.97628658,2.1625803,2.08764546,2.11683924,2.32302474,1.94676524,2.13893966,2.0971482,1.75024962,1.69363522,1.75205704,1.351033268,1.317161454000001,1.191598006,1.099790266,1.160256546,1.389308918,1.515268972,1.9934365,1.94531382,2.28205234,2.33922654,2.931162420000001,2.703578980000001,2.85042182,2.73670402,3.0624642,2.8622182,3.25174212,3.498962740000001,3.65866342,4.1198996,4.28365438,4.843509900000001,4.600903260000001,5.65542586,6.008801160000001,6.85206144,7.568018440000001,8.906924300000002,8.58980082,8.808150320000003,8.88363252,7.84304132,6.634698420000001,5.99199822,4.97185092,3.72345532,3.476575680000001,3.67241238,3.77325906,3.59296872,4.10687552,3.92056512,3.88542574,3.497747299999999,3.89181392,3.80721884,4.168117280000001,4.039503720000001,3.99011072,3.74121744,3.3085499,2.68745452,3.00608064,3.64992782,2.93414262,2.45500624,2.13414802,1.12020034,0.0,0.0,0.0,0,0,0,0,0,0,0,0,0,0,0.0,0.0,0.0
110917>110901,757,757,WHMu,West Ham,Dis+H&C // WB,757,WHMu,West Ham,EntEx,Alight-Exit,457.2368871100001,64.14645106,123.5941122,127.26019178,96.29275744,35.15130708,10.79206755,3.95298802,5.861859020000002,7.751518020000002,8.693814699999999,8.174451900000001,8.9126434,9.6887874,11.1103886,12.6256834,13.893962,14.1817441,14.6159267,13.6002859,12.4090013,10.81066498,9.21535628,6.976999080000001,5.693956160000001,5.00384816,4.56668414,4.56075764,4.38072528,4.032233799999999,4.121186799999999,4.476525540000001,4.391032740000001,4.351087140000002,4.38097558,4.560364980000001,4.16476606,4.028130280000001,4.41975504,5.1068862,4.894998080000001,5.160353000000002,5.55315658,5.873053980000001,5.64109728,5.906201800000002,6.320926800000001,7.3646595,7.39670196,7.87297486,8.301640860000001,8.47422266,8.217094860000001,8.850092800000002,9.234558000000002,9.636517,9.161437800000002,8.677901000000002,8.061891600000001,7.546796919999998,6.569249760000001,6.184751720000001,5.67824332,4.949247680000001,4.062010040000001,3.49831104,3.0865866,2.68594,2.37340534,2.41555226,2.44538022,2.64604086,2.49175124,2.46149892,2.03558288,1.83219424,1.39936497,1.22864409,1.08030355,1.11669923,1.08458105,1.0522894,0.8481603000000001,0.64686786,0.38668762,0.11627524,0.0,0.0,0.0,0.0,0,0,0,0,0,0,0,0,0,0,0.0,0.0,0.0
110917>110922,757,757,WHMu,West Ham,Dis+H&C // WB,757,WHMu,West Ham,Jubilee // NB,Alight-Interchange-Board,10749.41709924001,1824.68287814,4089.419110000001,2785.678874,1351.1463592,524.6636814000001,173.8261965,26.59968938,79.59261538000001,143.85101938,201.921452,266.69998,349.792384,372.497238,383.7285,400.866048,394.075276,367.226556,372.282024,377.801824,365.727912,364.021772,364.5193220000001,326.526248,283.9492340000001,256.182518,216.240376,172.058428,156.369594,142.970034,129.260907,123.740551,115.1905458,105.1788618,98.27284379999999,98.7921548,95.3958556,97.62798759999998,103.0409344,112.4451664,113.4691964,114.0580436,117.7500548,118.935786,104.935959,100.925077,102.2083398,111.5045378,108.7033458,115.6731008,127.1715688,131.1533,122.0442488,127.4111788,132.9794748,126.01666,116.627214,115.3112852,110.0835372,103.099548,94.9143428,87.9263988,83.5791708,76.61444279999999,64.52285400000001,56.6705934,54.177823,43.97908020000001,36.3083724,35.88590239999999,33.8116826,33.60658460000001,30.4485086,29.8991758,28.7386616,29.305288,27.0025028,27.3607384,24.16373460000001,21.2543378,16.23615996,12.84042142,7.478644620000002,4.86409302,2.36272202,0.95755386,0.0,0.0,0.0,0.0,0,0,0,0,0,0,0,0,0,0,0.0,0.0,0.0
110917>110923,757,757,WHMu,West Ham,Dis+H&C // WB,757,WHMu,West Ham,Jubilee // SB,Alight-Interchange-Board,1829.88255288,135.863116,640.30041592,332.6277354800001,436.34828666,241.04343904,43.69955978,0.25374506,1.38723296,2.50489516,10.88632976,19.82142876,24.4052649,36.629382,39.9748374,44.79724280000001,45.2225968,54.55092439999999,58.35214660000001,70.987627,64.89539300000001,70.443268,65.91668920000001,57.94099600000001,43.5759562,37.34339206,26.27418386,19.22380126,11.40587312,10.19155426,10.6460064,10.0740066,9.282669199999999,9.92533374,10.368899,11.4832236,9.9184226,9.618433,9.283177400000001,9.258645199999998,8.4986946,8.30248512,8.21150106,8.31862326,9.58133846,9.71892546,12.38971254,21.3661092,30.901589,36.59965,38.0590614,39.32145999999999,33.6977666,30.5199178,30.41737040000001,37.94129000000001,41.69303480000001,46.45942520000001,45.22009320000001,44.1193776,36.9228006,29.3814238,20.65432666,15.03304026,10.42430546,11.07689826,16.37900346,23.8608936,27.521029,29.3691134,28.2888316,25.1159484,20.3975012,18.3488054,15.228069,13.5692888,10.17307588,7.61031728,4.98703732,3.2787181,1.7803001,1.466459956,0.467142756,0.202233516,0.096153936,0.068832136,0.0,0.0,0.0,0.0,0,0,0,0,0,0,0,0,0,0,0.0,0.0,0.0
110917>110978,757,757,WHMu,West Ham,Dis+H&C // WB,757,WHMu,West Ham,NR Essex Thameside // DN,Alight-Interchange-Board,22.31264369306094,15.666760518,2.824508722,0.365048548,3.228016344,0.168978096,0.05933146506093,1.68120507,2.72661347,3.52433219,2.977503630000001,1.945770102,1.899957192,0.8545487920000001,0.056830072,0.056830072,0.5044539000000001,0.55353573,0.55353573,0.55353573,0.55353573,0.04908183,0.0,0.0,0.0,0.0,0.0,0.04970043599999999,0.04970043599999999,0.04970043599999999,0.04970043599999999,0.04970043599999999,0.0,0.0,0.0,0.0,0.0,0.0,0.0,0.0,0.0,0.0,0.0,0.0,0.0,0.0,0.0,0.0,0.0,0.05827318400000001,0.05827318400000001,0.08251534519999999,0.08251534519999999,0.09142564199999999,0.140407666,0.15383355,0.4174907888,0.4706919748,0.461781678,0.4991579980000001,0.4857321140000001,0.197832714,0.144631528,0.1495008416,0.004869313599999999,0.004869313599999999,0.004869313599999999,0.004869313599999999,0.0,0.0,0.0,0.0,0.0,0.0,0.0,0.01186623,0.01186623,0.011866293012186,0.011866293012186,0.011866293012186,6.301218600000001e-08,6.301218600000001e-08,0.0,0.0,0.0,0.0,0.0,0.0,0.0,0.0,0,0,0,0,0,0,0,0,0,0,0.0,0.0,0.0
110917>110979,757,757,WHMu,West Ham,Dis+H&C // WB,757,WHMu,West Ham,NR Essex Thameside // UP,Alight-Interchange-Board,796.6528871953338,167.0828001062117,433.8015881000001,110.86998414,66.3526075,13.54415237,5.001754979122537,11.82269920207056,13.01131220207056,13.85061240207056,14.93509534,27.46202934,22.41588834,26.18262854,37.40253474,42.915115,36.3340188,36.6415658,39.6524976,42.4980472,44.98908660000001,47.65364279999999,43.8742634,39.8349744,27.2667156,19.8429896,12.2986713,11.1078773,7.896448659999999,6.66836666,5.661998960000001,5.980743720000001,4.199214400000002,4.30115724,3.521803460000001,3.7609051,2.67139764,3.20499636,2.8555251,3.733731640000001,3.19900834,3.5360999,3.1356063,3.88448076,3.50131348,4.33105984,4.22877308,5.11742914,4.671852540000001,4.921488660000001,4.778705860000001,5.452233199999998,4.267508940000001,4.931285140000001,4.519032200000002,5.500439400000001,5.19764166,7.07749026,7.08168406,7.310773200000001,5.882420199999999,5.37047868,3.76162056,2.67311354,1.83106143,1.66019639,1.35255944,1.080211974,0.7707271019999999,0.776981952,0.410241532,0.598481982,0.6697745880000001,0.8686192800000001,0.8521831600000002,1.0154754,0.7692864670000001,0.699479987,0.559055463,0.6299843629999999,0.447839747,0.4245193088245073,0.2549509688245074,0.1552158928245073,0.04594737282450741,8.824507400000001e-09,0.0,0.0,0.0,0.0,0,0,0,0,0,0,0,0,0,0,0.0,0.0,0.0
110917>110990,757,757,WHMu,West Ham,Dis+H&C // WB,757,WHMu,West Ham,DLR // OB,Alight-Interchange-Board,1050.48239588,156.16201688,290.24848018,314.38723392,151.83750204,107.63541552,30.21174734,2.00947832,5.076984919999999,13.31317952,20.18879672,24.5798486,30.2425278,30.0875596,30.6636414,32.4136468,30.8409604,32.17874699999999,36.5753706,31.67983660000001,28.0431384,27.5858258,19.89511194,15.66004074,14.33797874,10.53523388,10.50258928,13.25814074,13.01950474,12.34090554,14.3621066,13.3074276,12.0744956,10.934027,11.7055664,10.2838604,11.1382804,10.589055,12.1559538,12.3781152,13.3290236,12.8025074,13.927349,13.3934141,13.6750133,13.0368689,13.8285205,13.2555457,16.114729,15.968097,17.5087264,15.7292422,17.4516344,14.2775614,11.99287552,12.34632752,12.91459932,11.40615892,11.32122592,12.9408686,9.79153268,10.93170768,10.73376788,9.46865204,9.95575604,10.68833536,10.06267276,9.33152768,10.01003972,8.06881692,8.876768720000003,8.11215926,8.005542340000002,7.48164534,7.573499340000001,5.90710844,4.99454464,4.121780040000001,3.383753720000001,2.55591676,2.59828894,2.29987164,1.73204724,1.25244696,1.06284272,0.30314624,0.0,0.0,0.0,0.0,0,0,0,0,0,0,0,0,0,0,0.0,0.0,0.0
110917>110991,757,757,WHMu,West Ham,Dis+H&C // WB,757,WHMu,West Ham,DLR // IB,Alight-Interchange-Board,1102.56651873098,147.470801,383.4466732,335.7518798,170.71922648,47.23332669999999,17.94461155098,4.4818302,9.6835628,14.6700722,18.0941068,21.9828142,27.7171738,24.9824592,25.85878180000001,31.41323620000001,29.0833748,27.0346814,41.7348034,40.14014140000001,42.02159500000001,41.997089,38.556096,27.3675002,26.2498232,19.315362,18.5329706,21.3893608,18.1440334,17.1613556,14.108925,14.4313032,11.7935768,11.3167498,11.205627,12.9249362,11.07845,11.780325,11.9237274,13.1796834,13.0360026,13.7579198,13.087703,14.7916884,13.557354,14.0514304,13.4019306,15.1402586,11.8604058,13.7718246,18.8573084,17.95241200000001,18.5806022,21.3948988,18.20003476,15.43166896,16.09987936,12.37526216,11.76523116,13.532283,8.72753296,7.95394576,8.705475360000001,7.18232008,5.69493248,5.538936779999998,4.76430822,3.5605217,3.10701628,2.77792896,2.75093426,2.94392918,3.32079664,3.0530065,2.53869562,2.47765666,2.052759668,1.529867308,0.838644278,0.6805407720000001,2.319473372,2.257000558196,2.015576978196,1.923060448196,1.850029154196,2.354196e-06,0.0,0.0,0.0,0.0,0,0,0,0,0,0,0,0,0,0,0.0,0.0,0.0
110922>110901,757,757,WHMu,West Ham,Jubilee // NB,757,WHMu,West Ham,EntEx,Alight-Exit,1405.89233516,47.5005816,92.96756602,325.19319174,599.8042446,257.6871114,82.73963979999999,2.25105024,2.68293124,3.89400844,5.50737224,8.3397284,7.7812356,8.37392592,8.67032952,8.83617572,6.94370932,8.33937572,9.744683600000002,10.4602146,10.02609708,9.68848216,8.11525056,6.373261760000001,5.152483160000001,4.656396280000001,4.63143606,5.54764866,5.79459436,5.81222448,6.87456128,7.13188302,7.66339462,8.433555720000001,9.4077908,9.5067628,10.628453,10.6766432,11.5846842,12.1153402,14.8355058,15.3026288,16.3090666,17.54390200000001,18.9521796,17.70577280000001,18.4776488,20.1728068,23.1245332,25.2228934,26.3687176,29.797709,32.6947644,35.460285,38.83460039999999,49.710647,54.44324279999999,59.3469928,64.2793542,68.60739459999999,61.3746112,54.99673860000001,50.2579046,39.62599540000001,29.8543258,24.1401964,22.0792232,17.8315738,18.872782,18.0050884,19.7226518,18.1353362,17.786906,15.2993608,16.3336716,13.7686306,14.3921692,12.5676624,12.0005746,8.937277400000003,7.728446000000003,5.6403682,3.9736186,2.1214706,1.0560722,0.55335,0.0,0.0,0.0,0.0,0,0,0,0,0,0,0,0,0,0,0.0,0.0,0.0
110922>110916,757,757,WHMu,West Ham,Jubilee // NB,757,WHMu,West Ham,Dis+H&C // EB,Alight-Interchange-Board,2409.4079942,24.50399952,150.6310636,453.55987568,981.0266206000001,635.9446628000001,163.741772,0.4340944000000001,0.4340944000000001,0.55177938,1.63383198,3.91974258,4.44377438,5.90050332,7.18617908,8.97944588,9.39933248,11.48535428,13.49198714,17.3382364,18.5456422,17.28235246,16.07651766,13.72850734,9.70983274,6.92066834,7.67318668,8.19103208,8.368359,8.902115400000001,9.913847599999999,10.1540996,10.2858748,12.2639404,12.7716382,13.9294612,14.4360976,16.18953,16.1073782,18.9541922,20.06038460000001,22.9488704,21.6048252,24.866413,25.3279612,29.0628382,25.5954032,28.5132722,29.2505082,31.92775880000001,33.9340744,39.1041828,47.5149388,61.53427480000001,74.71055120000003,87.6869542,99.3604248,103.5481668,103.2216828,103.219622,95.38065,86.90939879999998,78.8357736,63.61472540000001,53.33682540000001,43.6688518,37.7863978,39.13240100000001,47.2797552,49.1840004,59.263834,66.5460592,65.4149348,59.13433360000001,51.5825442,42.2466146,32.520184,23.2936867,18.3345184,13.57851884,9.04366964,8.24586644,6.91742214,4.35061764,3.5998434,1.6108302,0.0,0.0,0.0,0.0,0,0,0,0,0,0,0,0,0,0,0.0,0.0,0.0
110922>110917,757,757,WHMu,West Ham,Jubilee // NB,757,WHMu,West Ham,Dis+H&C // WB,Alight-Interchange-Board,34.393014636,1.3807667522,2.5254608938,8.039272323,9.806556910000001,9.552817936,3.088139821,0.013130866,0.09932829,0.103173694,0.1688649260000001,0.26862046,0.297388846,0.2159438624,0.2143158078,0.1516464584,0.1222300344,0.1260112324,0.212940022,0.3712601926,0.3859538028000001,0.324694196,0.309502756,0.231561902,0.09475648400000003,0.1046036072,0.090300206,0.123921714,0.175613672,0.252897222,0.243802223,0.270470707,0.299856713,0.298214439,0.251633831,0.316652944,0.39809098,0.3856200420000001,0.394011648,0.408997048,0.4747116980000001,0.4170386780000001,0.3875054560000001,0.4200065700000001,0.4394283740000001,0.3324713100000001,0.3056312492000001,0.3529610472,0.3201902992,0.3515193112,0.4180251472,0.478013852,0.474827602,0.50084503,0.53392259,0.970521518,1.198015314,1.1076033,1.30919748,1.25049638,0.8173321699999999,0.55689912,0.608882554,0.498609894,0.502190826,0.4839703,0.5141793460000001,0.637254832,0.6425033320000001,0.8849808200000001,1.043172456,1.21541366,1.15527212,1.09049848,0.88477187,0.76905625,0.588935062,0.542703782,0.425121436,0.318667662,0.197106119,0.1258909442,0.0572048442,0.0450613502,0.0166355942,0.0017567772,0.0,0.0,0.0,0.0,0,0,0,0,0,0,0,0,0,0,0.0,0.0,0.0
110922>110978,757,757,WHMu,West Ham,Jubilee // NB,757,WHMu,West Ham,NR Essex Thameside // DN,Alight-Interchange-Board,2722.70652439477,59.50482640000001,146.681435396,552.130401044,957.3428335199999,752.5891784,254.4578496347701,4.193127,4.193127,7.100229400000001,8.652840600000001,9.6579496,7.490395199999999,9.3043448,8.912812800000001,12.1609058,11.669591,14.0060772,15.1727194,17.2653224,14.2005414,14.7797094,13.4283944,10.85745788,8.68167888,6.986942217999999,7.472095417999999,6.279600818,7.949026138000001,5.841067457999999,6.99699452,4.97170252,7.34591792,5.69611898,11.90010926,10.95023566,18.21504186,16.37053336,24.15614890000001,17.81690084000001,31.73052484,25.12653868,34.61924238,26.86621058,41.96483164,27.977150474,42.679908234,32.193764954,46.920927554,45.577049354,51.98485412,52.59385312000001,65.1751692,70.35813720000002,71.4912884,89.29499679999999,89.83433079999999,94.0582688,99.3525808,94.90410759999999,84.88632760000002,71.075979,74.31779420000002,54.05778040000001,62.34783960000001,54.45617240000001,63.99498500000001,47.49254699999999,63.7181968,49.8118916,73.85091680000002,63.5268654,78.51607940000001,59.48536240000001,81.3305416,53.20099240000001,55.18609380000001,36.334337446954,45.10733604695401,19.406994846954,17.10805404695401,12.92740040695401,12.92737076,1.55314516,0.3959543600000001,0.31017036,0.0,0.0,0.0,0.0,0,0,0,0,0,0,0,0,0,0,0.0,0.0,0.0
110922>110979,757,757,WHMu,West Ham,Jubilee // NB,757,WHMu,West Ham,NR Essex Thameside // UP,Alight-Interchange-Board,135.9035226131137,19.6129518722667,62.77715869999999,35.79578068400001,10.58970549,6.201837839655199,0.9260880271918,0.2841006,0.28410089845334,0.8244549584533399,0.99162385045334,2.936227650453341,3.947897590453341,4.643228252,5.701318072,7.130955180000001,6.03241658,5.56309284,6.3512782,5.905140400000001,5.627858,5.78820826,5.737383460000001,4.73516502,4.00690394,3.294007740000001,2.60474908,2.52400556,2.44403434,2.079427116,2.272477516,2.536093516,1.918504366,1.617038338,1.721235782,1.115295882,0.587469476,0.5410930939999999,0.527376862,0.703002282,0.8961309820000001,1.228156948,2.03792146,2.1970451,1.98861116,1.84193418,1.72006106,1.012137806,0.8479941260000001,0.7592226120000001,0.6795111200000001,0.7595450000000001,0.6424652800000001,0.8170877600000002,0.94704402,1.096268032,0.9659308320000001,1.094212458,1.066208718,1.060627892,0.8767929720000001,0.692387132,0.5711353939999999,0.3887452619999999,0.244992174,0.277685874,0.422269894,0.536121608,0.600776368,0.715570756,0.7758318160000001,0.6834742920000001,0.5901786600000001,0.4801765938275999,0.4860145418276,0.2671925618276,0.1865784167558,0.1433179607558,0.1804402249282,0.037132296969,0.0371338668946,0.0371363854136,0.0371363854136,8.459413600000001e-06,6.5193728e-06,4.949447200000001e-06,0.0,0.0,0.0,0.0,0,0,0,0,0,0,0,0,0,0,0.0,0.0,0.0
110922>110991,757,757,WHMu,West Ham,Jubilee // NB,757,WHMu,West Ham,DLR // IB,Alight-Interchange-Board,0.5835789950000001,0.0,0.0100947908,0.3156448302,0.2118359516,0.0460034224,0.0,0.0,0.0,0.0,0.0,0.0,0.0,0.0,0.0,0.0,0.0,0.0,0.0,0.0,0.0,0.0,0.0,0.0,0.0,0.005047395400000001,0.005047395400000001,0.005047395400000001,0.005047395400000001,0.005047395400000001,0.0,0.0,0.0,0.0,0.0,0.0,0.0,0.0,0.0,0.0,0.0,0.0,0.0,0.0,0.0,0.0,0.0,0.0,0.100167548,0.100167548,0.100167548,0.100167548,0.100167548,0.0,0.0,0.0,0.0,0.0,0.0,0.0,0.0,0.0,0.0115008556,0.0115008556,0.0115008556,0.0115008556,0.0115008556,0.0,0.0,0.0,0.0,0.0,0.0,0.0,0.0,0.0,0.0,0.0,0.0,0.0,0.0,0.0,0.0,0.0,0.0,0.0,0.0,0.0,0.0,0.0,0,0,0,0,0,0,0,0,0,0,0.0,0.0,0.0
110923>110901,757,757,WHMu,West Ham,Jubilee // SB,757,WHMu,West Ham,EntEx,Alight-Exit,3591.355780300001,89.54004270000001,330.934577,645.298883,1554.5903544,606.5064972,364.485426,0.28371026,2.36049046,4.71522526,7.90259386,11.66994086,16.3606496,21.3976542,24.84977820000001,31.65749100000001,35.72951540000001,38.26636120000001,37.4862838,38.080367,33.27887200000001,29.0272958,24.03582280000001,20.62535380000001,16.2499274,13.7325194,12.7647674,13.3559,13.3135652,13.931508,14.1468028,14.5478754,14.825899,14.9535664,15.402872,16.3474208,17.7640174,18.6138984,20.191752,22.3308618,23.812839,24.646865,26.965092,29.7448534,32.00751760000001,33.7488056,38.7115732,44.43096120000001,50.977942,60.99143,69.53506479999999,79.3593188,91.7854648,106.256368,117.3044,141.160782,152.142396,163.532998,162.21707,162.249792,142.7404468,130.2716396,105.5696784,89.49385240000002,70.7410624,59.71200820000001,50.03545400000001,47.35368520000001,44.9453912,43.43569720000001,42.2671326,41.3149354,40.2787926,38.632269,38.296217,38.240439,39.6483716,41.01372240000001,41.16528200000001,38.99591660000001,37.647448,32.367702,25.4551926,21.171069,17.7576356,12.3404902,8.269488200000001,6.1433276,3.3383932,0.930948,0,0,0,0,0,0,0,0,0,0,0.0,0.0,0.0
110923>110916,757,757,WHMu,West Ham,Jubilee // SB,757,WHMu,West Ham,Dis+H&C // EB,Alight-Interchange-Board,8618.858948700003,142.8910701,737.1229418000001,1580.8058598,3701.90707,1491.44851,964.6834970000001,0.4652413400000001,4.485540940000001,6.884731140000001,14.35602174,18.36569194,24.5352018,30.42245620000001,43.37618500000001,50.3298334,63.62436999999999,75.6681588,84.93177779999998,86.35138880000002,83.5838602,74.00351280000002,62.25993080000001,50.3068494,38.02579620000001,34.1429402,33.8945234,33.833775,32.54814380000001,34.239705,33.6651606,32.3181794,33.4273938,35.7382294,39.04669220000001,41.60339620000001,47.35006079999999,51.1010958,54.53748380000001,56.26494360000001,59.83778760000001,61.6817416,66.89815060000001,73.7847886,85.04772,91.91738199999999,103.55528,109.670028,123.02936,134.063988,145.645374,154.019024,188.736142,231.74822,273.227636,322.9204620000001,370.346084,394.27159,392.858338,385.631476,369.58745,334.594362,283.966286,240.910956,194.460094,154.05475,126.517674,116.476858,106.168232,104.677822,95.024062,95.71905799999999,89.62173,84.54957200000003,83.26770200000001,83.15588600000002,86.01945,82.2920364,84.99750240000002,83.07482840000002,83.53430360000002,77.91736840000002,84.84822400000002,78.58651800000001,73.89340800000002,60.4131202,43.8454094,25.6999474,14.1678214,2.2376734,0,0,0,0,0,0,0,0,0,0,0.0,0.0,0.0
110923>110917,757,757,WHMu,West Ham,Jubilee // SB,757,WHMu,West Ham,Dis+H&C // WB,Alight-Interchange-Board,874.3681872000002,33.49985034000001,213.39105216,240.6111554,171.2260156,114.00715442,101.63295928,0.8655204800000003,2.01037016,2.843318280000001,4.018153580000001,5.001451580000001,5.053092380000002,5.971201900000001,7.736741980000001,9.75676708,12.49780228,15.4948428,17.2247624,20.7797426,22.1624208,20.8288632,20.6838738,21.774047,18.7058862,16.8913482,16.5906958,14.7110682,12.7791646,11.343482,10.782421,11.0259542,11.0100306,9.63289448,9.83212448,10.17357228,10.02415808,9.88408468,10.312356,10.6876416,9.9506786,9.16411974,9.02041708,9.22416208,9.08513248,8.537222199999999,8.54749374,8.683125200000001,8.5583834,8.288103999999999,9.35336468,11.0309328,12.299072,13.3392792,14.7046762,16.2522484,16.309266,16.2497508,15.7796724,15.0202088,14.0922654,13.6488654,12.4997782,11.5921884,10.7812228,9.754468199999998,8.881976400000001,9.1678012,9.098348,9.4045709,9.3722603,9.4724409,9.0944663,9.153199100000002,8.234211920000002,8.644146520000001,9.35028592,13.21997912,13.71907732,15.7250058,14.4926934,12.4993314,6.936734599999999,4.704530999999999,1.7015674,0.6396068,0.0,0.0,0.0,0.0,0,0,0,0,0,0,0,0,0,0,0.0,0.0,0.0
110923>110978,757,757,WHMu,West Ham,Jubilee // SB,757,WHMu,West Ham,NR Essex Thameside // DN,Alight-Interchange-Board,6712.888358800001,256.410162,610.564904,1126.0548648,3075.151847,1253.8212294,390.8853516,1.9065828,7.961448000000002,20.0733056,30.9744622,42.351011,44.7613078,54.95827660000001,53.423768,58.9162774,55.9044396,67.89094,63.33757199999999,71.082235,62.5124086,61.10088560000001,50.28876880000001,42.68896959999999,28.7987512,23.5380271,24.5056291,20.7497729,23.3288201,19.72455956000001,22.24804386000001,19.98935526,27.50671826,23.56645246,32.799995,30.7603018,35.8885124,30.2285418,39.7683076,34.485108,45.6988774,39.538639,53.68987960000001,47.8293984,64.03325760000001,53.304849,77.9571214,69.40976880000001,91.52096000000002,88.78584200000002,133.2417826,151.5230266,187.3449512,218.3758532,254.27348,280.032476,298.019862,316.649626,324.59042,303.400968,279.168202,242.161436,219.611546,166.7680372,168.9573712,129.6046112,133.9528052,98.2007666,112.2615094,81.33131200000003,93.334932,64.69483860000001,80.51300920000001,55.13308420000001,69.06895259999999,50.70934340000001,57.34703760000001,42.2671576,52.2868026,38.3482762,42.0713662,35.51099660000001,30.28795120000001,18.2017604,13.9904898,6.461711,2.1320758,1.2703832,0.0,0.0,0,0,0,0,0,0,0,0,0,0,0.0,0.0,0.0
110923>110979,757,757,WHMu,West Ham,Jubilee // SB,757,WHMu,West Ham,NR Essex Thameside // UP,Alight-Interchange-Board,182.0486465150001,10.91096776,134.4451433,16.635859642,12.460861766,3.974247454399999,3.6215665926,0.0,0.05149404000000001,0.183937992,0.621594792,1.218092572,1.790165892,2.520259412,4.52542306,5.499414720000001,5.911730599999999,6.359466680000001,8.086005120000001,12.62392392,16.95588126,19.380164,19.7120338,18.17838928,11.91490522,6.529859240000001,3.29336946,2.29178482,1.451206628,1.146380008,0.9602679279999999,0.94222482,0.7949871999999999,0.829897998,0.7858988779999999,0.71774235,0.66580335,0.513845796,0.5219467839999999,0.576737824,0.5358053660000001,0.4364466480000001,0.432872742,0.280180862,0.26032447,0.230316014,0.31799998,0.370388886,0.4669742120000001,0.510968658,0.5948574200000001,0.63320352,0.721579602,1.058553782,1.100040318,1.211031358,1.302840878,1.22694853,1.08703645,1.15426276,1.09576266,0.966705008,0.9028969000000002,0.6980988060000002,0.5499876,0.4353338400000001,0.434861962,0.456957894,0.395351284,0.327186196,0.287018462,0.1736743086,0.1092846666,0.0578187506,0.0486736846,0.08900486260000001,0.09845186840000003,0.2715029164,0.6331475564,0.6860613364,0.6458390304,0.634160328,0.4550129780000001,0.09336833800000001,0.015017378,0.0,0.0,0.0,0.0,0.0,0,0,0,0,0,0,0,0,0,0,0.0,0.0,0.0
110923>110990,757,757,WHMu,West Ham,Jubilee // SB,757,WHMu,West Ham,DLR // OB,Alight-Interchange-Board,6.550703097319,0.22377327,0.0,1.744315805,2.07507277,0.8529154329690002,1.65462581935,0.0,0.0,0.0,0.044754654,0.044754654,0.044754654,0.044754654,0.044754654,0.0,0.0,0.0,0.0,0.0,0.0,0.0,0.0,0.0,0.0,0.0,0.0,0.001580925,0.001580925,0.001580925,0.001580925,0.001580925,0.0,0.0,0.0,0.0,0.0,0.0,0.0,0.0,0.0,0.0,0.0,0.0,0.0,0.0,0.0,0.15692761,0.40859339,0.40859339,0.76229679,0.76229679,0.6053691800000001,0.3537034,0.3537034,0.0,0.0,0.0,0.0,0.0,0.0,0.0,0.0,1.6725938e-06,0.0161556525938,0.1705830865938001,0.1705830865938001,0.1705830865938001,0.170581414,0.1544274340000001,0.0,0.0,0.0,0.0,0.0,0.0,0.00155570414,0.26302464414,0.26302464414,0.26302464414,0.26302464414,0.2646261604,0.00315949973,0.06790051973,0.06790051973,0.06790051973,0.06474329932999999,0.06474102,0.0,0.0,0,0,0,0,0,0,0,0,0,0,0.0,0.0,0.0
110923>110991,757,757,WHMu,West Ham,Jubilee // SB,757,WHMu,West Ham,DLR // IB,Alight-Interchange-Board,94.3807787844539,3.245252332,34.143855148,4.341473446330001,46.8900792,0.643526446366,5.116592211757876,0.0,0.0,0.0,0.23542194,0.23542194,0.65647274,0.687221196,1.430714516,2.282565896,3.038313796,5.060064196,5.96822334,5.32305192,4.50534628,4.20408576,1.76128456,0.8223769599999999,0.72405506,0.45448738,0.0,0.0,0.0,0.0,1.6069266e-05,1.6069266e-05,1.6069266e-05,1.6069266e-05,1.6069266e-05,0.0,0.0,0.0,0.0,0.0,0.0,0.0,0.0,0.0,0.0,0.0,0.0,0.31108618,0.6633534000000001,1.35216894,2.014784580000001,3.169620180000001,4.858781,6.08735738,7.13058244,7.291025499999999,6.561929000000001,4.561682,2.9808384,1.8922294,1.0691707,0.6434316,0.6434316,0.6434316,0.0,0.0,0.0,0.0,0.0,0.0,1.18164244e-05,1.18164244e-05,2.066658840000001e-05,2.066658840000001e-05,2.98803404e-05,1.8063916e-05,1.8063916e-05,9.213752e-06,9.213752e-06,0.0,0.0,1.1284375e-08,1.023307531284375,1.023307531284375,1.023307531284375,1.023307531284375,1.02330752,0.0,0.0,0.0,0,0,0,0,0,0,0,0,0,0,0.0,0.0,0.0
110978>110901,757,757,WHMu,West Ham,NR Essex Thameside // DN,757,WHMu,West Ham,EntEx,Alight-Exit,204.58975976,1.9065927,9.474681379999998,45.37099744000001,94.45180184,39.94918664,13.43649976,0.14157023,0.1510638396000001,0.2001295036000001,0.1844137896,0.2242750756,0.3088730456,0.363790316,0.3324769000000001,0.8242450939999999,1.141255928,1.280679608,1.312111358,1.37659371,0.8412505920000001,0.608207264,0.463751444,0.3870314660000001,0.4330290860000001,0.4277081860000001,0.378817644,0.405610204,0.5263868119999999,0.4031342184,0.4476391644000001,0.5187492344000001,0.4871764144,0.5039410604000001,0.721193674,0.8863472259999999,0.869460986,0.928046078,1.128922072,1.324878792,1.359563212,1.508133652,1.73336786,2.08020016,2.35560056,2.81788558,3.47057736,4.26380306,4.72153326,5.502203700000001,6.406643100000001,7.048479660000001,7.474554460000001,7.560849600000001,8.3356674,8.188636200000001,8.37070694,8.93575854,9.4719814,8.664117699999998,7.85519194,6.637928560000002,5.90792944,4.654092700000001,3.63120852,3.49555836,3.6305997,2.77718212,2.88563466,3.32138594,3.598598860000001,3.412576240000001,3.16929368,2.89384168,2.47921418,2.04858618,1.6834782,1.75424112,1.71532722,1.42837376,1.078335512,1.212310932,0.8240207879999999,0.599523708,0.447023668,0.399929916,0.144975536,0.10037322,0.0,0.0,0,0,0,0,0,0,0,0,0,0,0.0,0.0,0.0
110978>110916,757,757,WHMu,West Ham,NR Essex Thameside // DN,757,WHMu,West Ham,Dis+H&C // EB,Alight-Interchange-Board,427.191937993,2.672462739,13.982945976,110.407110648,194.7008751,67.86802226,37.56052127000001,0.0041347846,0.0630657126,0.1185708926,0.3620004126,0.3984270666000001,0.524418562,0.5984833460000001,0.6033619620000001,0.9772254420000002,1.283923748,1.753638868,1.740698904,1.72930531,1.19540973,0.93144692,0.50073699,0.44415489,0.767779268,1.072792748,1.585833158,2.018933288,2.5793651,2.57977596,2.715863960000001,2.540728800000001,2.56622184,2.66182838,3.23787234,3.0483653,3.00669878,3.0219727,3.2713075,2.69832742,2.80719114,3.11397266,3.6494665,3.4865353,4.22569408,5.786136099999999,7.978277500000001,9.238441499999999,10.3823001,11.7842996,12.0075348,11.7915468,13.182338,15.9837716,18.74060200000001,20.4379804,22.9833578,21.9826498,19.6520778,16.610033,13.8421995,10.1448745,9.3494439,8.198648299999999,7.20892104,7.00739714,6.478576240000002,5.67667564,5.59499672,5.377062380000001,5.389424780000001,4.958983820000001,4.398989800000002,4.06783992,3.51050648,2.87579128,3.74083814,3.94334382,3.37900854,3.24966174,3.25457234,2.700423740000001,1.834917206,3.334305486,2.996614126,2.658502526,1.800477926,1.7920644,0.0,0.0,0,0,0,0,0,0,0,0,0,0,0.0,0.0,0.0
110978>110917,757,757,WHMu,West Ham,NR Essex Thameside // DN,757,WHMu,West Ham,Dis+H&C // WB,Alight-Interchange-Board,21.84262436622801,0.2942683713808,1.8649950308472,8.759000969000002,9.049603033,1.521177968,0.353578994,0.0,0.0,0.0,0.013186472,0.061436852,0.0614412717936,0.0614412717936,0.0967625037936,0.1262288077936,0.1516786477936,0.2407669080000001,0.283302672,0.2596054946,0.216970375452,0.156377539452,0.08366980145200001,0.05067296545199999,0.07788972285199999,0.11546974,0.102362356,0.0982910988,0.1175384708,0.1625258228,0.1558275428,0.1767236558,0.181577755,0.202698785,0.2129038010000001,0.199034571,0.1846117168,0.1674439328000001,0.2100871668000001,0.2135617728,0.2940469648,0.287573706,0.356264978,0.338590414,0.3984204280000001,0.5057682320000001,0.8431743520000001,0.92480388,0.947715594,0.841017514,0.7387988140000001,0.6685783540000001,0.901509314,1.09634698,1.29598244,1.282137194,1.0169529436,0.7074049375999999,0.5584521076,0.4323612976,0.3646840146,0.385896224,0.339297226,0.25323691,0.240624686,0.233272661,0.2132890658,0.1861843098000001,0.1502872038,0.0585247698,0.0447548638,0.04152484,0.04152484,0.019809712,0.038144106,0.07834462,0.07834462,0.07834462,0.07834462,0.040200514,0.0,0.0,0.0,0.0,0.0,0.0,0.0,0.0,0.0,0.0,0,0,0,0,0,0,0,0,0,0,0.0,0.0,0.0
110978>110922,757,757,WHMu,West Ham,NR Essex Thameside // DN,757,WHMu,West Ham,Jubilee // NB,Alight-Interchange-Board,121.48721236,1.411039266,5.760850810000002,23.241718414,70.19802688,14.697935316,6.177641674,0.0,0.0,0.0,0.09404648000000003,0.203426714,0.2919747,0.3595049,0.462086472,0.5019967320000001,0.43564041,0.459948344,0.484544864,0.5351051520000001,0.545789144,0.580324822,0.5671602880000001,0.49792618,0.4282234560000001,0.373763004,0.3504284140000001,0.295011322,0.3794682500000001,0.34283131,0.30342507,0.2854689,0.278547818,0.203139698,0.199858972,0.241501072,0.336260562,0.56615639,0.8820815300000001,0.957981792,0.9733649440000002,0.9101084999999999,0.8683931800000001,0.6304466320000001,0.8101469000000001,1.152498708,1.545660192,1.878080492,2.37229876,3.09401216,3.73497526,4.162248200000001,5.17754878,5.817841040000001,7.14416724,7.48017458,7.75242542,7.90888122,7.304084820000001,5.68253566,4.6998264,3.89541772,3.1728758,2.794482280000001,2.3251089,2.09822778,1.98187892,1.144278632,0.961272596,0.7909763560000002,0.624991364,0.422391596,0.4172999040000001,0.5177521540000001,0.6192748339999999,0.887925506,0.9564434340000001,1.028368874,0.976456554,0.9051332679999999,0.584936428,0.4793186680000001,0.2429167280000001,0.116142214,0.0,0.0,0.0,0.0,0.0,0.0,0,0,0,0,0,0,0,0,0,0,0.0,0.0,0.0
110978>110923,757,757,WHMu,West Ham,NR Essex Thameside // DN,757,WHMu,West Ham,Jubilee // SB,Alight-Interchange-Board,202.2942802258701,1.90141729,7.83954039997,35.385645996,104.0224725,38.27891435999999,14.8662896799,0.0,0.0,0.0,0.29236584,0.29236584,0.36929957,0.36929957,0.57808647,0.6347866900000001,0.78653046,0.98353855,1.23667555,1.199413962,0.850508418194,0.7106556175940001,0.460045415594,0.220989941594,0.134972105594,0.2650634494,0.3563602400000001,0.3470874860000001,0.3644090720000001,0.278901596,0.174159316,0.07097155599999999,0.056912692,0.25092152,0.4242925480000001,0.5258771179999999,0.606879652,0.883559572,0.8061891120000001,0.8123931640000001,0.7875076740000001,0.80813075,0.75001947,0.6383802780000001,0.504171926,0.4041156916000001,0.6843569016000001,3.1391916616,6.191697173600001,7.258071845599999,8.61744822,9.48901892,8.488486520000002,7.34409652,9.28726912,10.40748412,11.859188,11.74471668,11.06968548,8.861502,6.938222920000001,4.45715862,4.0756436,4.13898534,3.62588888,5.80057636,5.99625042,4.819365759999998,4.2709457,3.93731164,1.5102445,1.09049334,1.3092385,0.52483022,1.2547837,1.93646804,2.20690852,1.98816336,2.36880856,2.16706296,1.17966218608,1.04302838608,1.04302838608,0.66294200798,0.13473412798,0.1343655019,0.0005588219,0.0005588219,0.0,0.0,0,0,0,0,0,0,0,0,0,0,0.0,0.0,0.0
110978>110990,757,757,WHMu,West Ham,NR Essex Thameside // DN,757,WHMu,West Ham,DLR // OB,Alight-Interchange-Board,49.27599134999998,0.4698806700000001,0.20915525,10.244007776,24.835019302,8.724528042400001,4.793400309600001,0.0,0.0,0.05152812,0.09397613400000003,0.09397613400000003,0.09397613400000003,0.09397613400000003,0.04244801400000001,0.02050502,0.02050502,0.02050502,0.02050502,0.02050502,0.010212008,0.02132603,0.02132603,0.02132603,0.02132603,0.011114022,0.0,0.02853987,0.08456562000000001,0.08456562000000001,0.08456562000000001,0.08456562000000001,0.05602575,0.0240926072,0.0474310932,0.1405727332,0.1870976812000001,0.2291036972,0.22298293,0.225463308,0.183042258,0.36560317,0.461212764,0.5457035840000001,0.662700954,0.7293430040000001,0.693564304,0.778084934,1.366521174,1.43944012,1.51921936,1.70269498,2.34481094,2.50752384,2.56963602,3.08663966,3.14459742,2.55088082,1.95017202,1.83604148,1.16791453,0.8578413360000001,1.116266256,0.94042699,0.8609970800000001,0.9932530700000002,0.906362284,0.524646456,0.6783241820000001,0.774549692,0.8243214520000001,0.8160567879999999,0.6825284628000001,0.4517870028,0.2712745828,0.4134268028,0.4309493788,0.417233012,0.417233012,0.7439941320000001,0.465014076,0.530058124,0.530058124,0.530058124,0.203297004,0.11207852,0.0,0.0,0.0,0.0,0,0,0,0,0,0,0,0,0,0,0.0,0.0,0.0
110978>110991,757,757,WHMu,West Ham,NR Essex Thameside // DN,757,WHMu,West Ham,DLR // IB,Alight-Interchange-Board,214.329886814205,0.443527159051,10.850135787154,55.14682151800001,94.69701298000001,46.000250106,7.192139264,0.019095324865,0.019095324865,0.03911464486500001,0.03911464486500001,0.020034510865,0.020037436242,0.020037436242,0.266997836242,0.335471330242,0.335471330242,0.8492918340000001,1.263765274,1.454759854,1.386303962534,1.386303962534,0.872465342534,0.618633722534,0.6117465625340001,0.8297517600000002,0.906170852,1.177897992,1.145180312,0.8357091920000002,0.66097713,0.9136703380000002,0.940749998,1.051082558,1.047277298,1.26269752,1.30634868,1.43377168,1.45784354,1.69328668,1.574889692,1.678658632,1.405918192,1.572559912,1.440570672,2.5206002,2.521966,3.02508004,2.59610976,9.144514100000002,12.7394614,12.7598856,12.77356456,14.46213976,8.103482620000001,5.24496342,6.486237020000001,6.944401860000001,6.371353900000001,7.093368520000001,5.416048880000001,4.37169568,4.66987116,4.19032912,3.967594760000001,3.87397176,5.287877160000002,5.29414118,4.9586749,4.6421917,4.618551,3.2327837,1.848655522,2.233723102,1.851756202,2.158015142,1.497551582,1.44879306,0.8450489000000002,0.6774227480000001,0.208975548,0.146058208,0.146058208,0.064215868,0.0,0.0,0.0,0.0,0.0,0.0,0,0,0,0,0,0,0,0,0,0,0.0,0.0,0.0
110979>110901,757,757,WHMu,West Ham,NR Essex Thameside // UP,757,WHMu,West Ham,EntEx,Alight-Exit,440.6196094929999,82.6418044,159.2916675,89.06727075,72.45755834,30.56296466600001,6.598343837000001,4.4910073,6.403524299999999,7.10033584,10.69865514,11.63636974,11.75479934,13.69962434,16.8574884,16.09692,17.44150620000001,18.8033118,19.2418644,18.6735958,16.542187,13.87527912,12.22356152,8.95832072,6.674602219999999,5.460979259999998,5.29953946,4.065114380000002,3.613716380000001,3.90171362,3.674669592,3.648371272,3.367126492,4.083186292000001,3.077141172,4.11887164,3.21287452,4.4497127,3.348161488,4.161529408000002,3.085446518,3.769239898,2.699613178,3.61793319,2.81133109,3.55042962,2.99859124,4.53989924,4.01804754,4.6533051,4.60124518,5.368252699999998,4.1337014,4.988130040000001,5.82256164,6.686369040000002,6.941414560000001,7.133452060000002,7.443714920000001,6.785690120000001,6.37554752,5.47237812,5.30634622,4.330606700000001,3.915886140000001,3.39615502,3.13791865,3.18826269,2.560561618,2.464663718,1.747740174,1.991866944,1.366143104,1.495986116,0.9671737920000002,1.190690676,0.9254294160000002,0.8736077160000002,0.6848061020000001,0.6375293060000001,0.5233873660000001,0.43977173,0.4346310820000001,0.3442420726000001,0.3278788526,0.1528213726,0.06141214860000001,0.0021359966,0.0,0.0,0,0,0,0,0,0,0,0,0,0,0.0,0.0,0.0
110979>110916,757,757,WHMu,West Ham,NR Essex Thameside // UP,757,WHMu,West Ham,Dis+H&C // EB,Alight-Interchange-Board,15.302684303,0.9597281181999999,5.2628959388,0.256333816,5.294914589999999,2.10744773,1.42136411,0.0,0.0,0.0,0.0094103112,0.0592857612,0.0974402172,0.3959563172,0.3976355114,0.3882252002,0.3383497502,0.5072359942,0.6789029342,0.8468893000000001,0.8468893000000001,0.8468893000000001,0.6398486000000001,0.16966556,0.0,0.0,0.0,0.0,0.0,0.0107222192,0.0107222192,0.0107222192,0.0107222192,0.0256795592,0.01495734,0.01495734,0.01495734,0.0315199032,0.0165625632,0.0165625632,0.0165625632,0.019410388,0.0028478248,0.0028478248,0.0028478248,0.009024640799999999,0.006176816000000001,0.006176816000000001,0.006176816000000001,0.006176816000000001,0.0,0.0,0.0,0.0,1.0328812,1.0328812,1.0328812,1.058982918,1.058982918,0.026101718,0.026101718,0.026101718,0.0,0.0,0.021244826,0.021244826,0.021244826,0.421489546,0.421489546,0.40024472,0.40024472,0.40024472,0.0,0.0,0.0,0.0,0.0,0.0,0.0,0.0,0.0,0.05911865200000001,0.1333297420000001,0.284272822,0.284272822,0.284272822,0.22515417,0.15094308,0.0,0.0,0,0,0,0,0,0,0,0,0,0,0.0,0.0,0.0
110979>110917,757,757,WHMu,West Ham,NR Essex Thameside // UP,757,WHMu,West Ham,Dis+H&C // WB,Alight-Interchange-Board,2057.987864416961,362.4312530000001,801.6374513999999,546.0572929000001,289.9804095200001,41.95083044000001,15.93062715696,0.0,3.2072144,6.248811799999999,44.1674558,63.8978778,71.26222580000002,81.15182240000001,92.49584500000002,69.900968,66.034462,89.30539399999999,99.9300978,107.7119398,97.3411276,81.47721159999999,57.37225840000001,39.5325478,29.1227534,26.1881965,37.7204945,37.80681050000001,33.7529459,31.34305430000001,30.5686812,24.8817038,19.188799,24.407855,18.6947984,29.26707160000001,24.7122566,30.11952560000001,26.0979574,28.214048,19.0212486,19.1496428,15.4794934,17.625708,14.2298336,16.0683062,16.8347168,19.9535482,16.9169288,16.565657,15.15670220000001,15.9512388,18.0564344,21.7906626,31.2673364,33.094833,37.71360660000001,30.8880054,31.161588,21.11553528,19.46729948,13.96517388,15.50869568,9.938070820000002,9.050475400000002,6.169139540000002,4.072644540000002,1.91616244,1.84133,1.29464054,1.399843,1.399843,1.37023776,1.61213196,1.88631144,2.41077904,2.84802222,2.43130436,2.32072992,2.143949972,1.375886532,0.9386779433920001,0.9386779433920001,0.3099820833920001,0.212582551392,3.4591392e-05,0.0,0.0,0.0,0.0,0,0,0,0,0,0,0,0,0,0,0.0,0.0,0.0
110979>110922,757,757,WHMu,West Ham,NR Essex Thameside // UP,757,WHMu,West Ham,Jubilee // NB,Alight-Interchange-Board,7167.469387300005,1194.6608858,3101.5160828,1622.1843696,880.6432051999998,289.7344527400001,78.73039116000002,19.16596100000001,32.24254800000001,49.96915200000001,124.3366952,182.7568266,209.233151,268.690904,308.265648,294.188332,288.273632,321.08744,326.5095340000001,335.4234259999999,318.9479120000001,294.1813,266.892622,212.909364,174.435864,139.6249674,129.0416894,99.61997740000001,92.1665014,83.97467739999998,78.26299259999998,77.67718459999999,70.12658259999999,75.79629460000002,61.28577680000001,76.07857820000002,60.53978280000001,75.54925180000002,58.21908240000001,72.3014522,56.10237120000001,69.5585866,53.043953,69.5175104,54.1497348,67.18874500000001,51.68043640000001,63.48104300000001,45.9056088,55.65542840000001,54.30281720000001,66.78293380000001,58.7166568,78.16735899999999,84.18817299999998,84.7528478,88.22026280000001,88.52884279999999,83.76683480000001,73.3054128,68.46664200000001,55.6417358,50.10550380000001,38.6904008,34.6083434,29.4059952,23.5465502,27.1608218,21.7912876,23.017941,17.57307774,22.33629394,15.92866062,20.27158622,15.40349422,18.43766528,12.73935504,13.18422402,8.69304472,8.85453644,5.26405644,4.802214520000001,3.66149826,2.14832916,0.6471294400000001,0.29833784,0.0,0.0,0.0,0.0,0,0,0,0,0,0,0,0,0,0,0.0,0.0,0.0
110979>110923,757,757,WHMu,West Ham,NR Essex Thameside // UP,757,WHMu,West Ham,Jubilee // SB,Alight-Interchange-Board,2712.323566704,181.1991272,980.858551,890.1473500999999,449.64314406,178.48129604,31.994098304,1.81228,3.285556720000001,3.850059760000001,14.91096576000001,24.60562436,34.06431236,44.71128964,53.95903860000001,60.0349846,69.49231879999999,83.96861080000001,100.9270428,115.5476748,111.6001676,104.0172476,94.55015959999999,73.2629436,57.488474,52.5759748,57.39295200000001,53.756188,57.50223939999999,58.92834420000001,56.07260760000001,52.46631559999999,45.20245360000001,50.8329822,42.7853614,47.45466,37.7466626,42.25733579999999,26.6787964,36.10916400000001,27.17744320000001,34.2078806,25.34740840000001,31.3949064,22.4781859,28.1779677,18.0757697,23.2519419,22.2679473,26.00672980000001,23.9680584,32.6685658,28.50324489999999,35.0677999,39.81858490000001,41.5186037,41.96310029999999,47.98721679999999,44.9342358,40.01612680000001,38.47446780000001,30.42723868,28.26395868,19.27667324,16.54746404,17.29163944,16.19386456,15.21255576,15.04523608,16.93101368,11.52616688,16.96698328,12.51780348,13.125234,7.846661600000001,9.3505416,4.04406601,4.36606121,2.863797678,3.612036078,1.7936359708,1.8585923808,1.3818456408,1.2880321828,0.5397937828,0.53682829,0.33753107,0.02133641,0.0,0.0,0,0,0,0,0,0,0,0,0,0,0.0,0.0,0.0
110979>110990,757,757,WHMu,West Ham,NR Essex Thameside // UP,757,WHMu,West Ham,DLR // OB,Alight-Interchange-Board,603.888588808,96.644258105,166.42873152,175.785186636,97.02766812399999,54.037176632,13.965567791,2.701587393000001,6.171941393000001,8.389270393,12.892175246,13.83750332,16.84673352,17.07235752,18.73268932,18.36850092,19.6533012,18.3430338,20.2378258,19.5117034,16.7485672,16.2154778,13.569766,8.2349549,5.6606687,4.748666699999998,5.1362651,6.162610099999999,7.522620799999999,9.3583892,9.459408300000002,9.3951985,7.412297500000001,8.280411299999999,6.183129839999999,7.457792739999999,5.80447134,7.46905034,5.482995140000001,7.55146,6.34997106,8.02166326,6.210083340000002,8.34014134,6.5114997,8.30518424,7.052873240000001,9.12419556,6.510471652000001,6.503848372,5.315419772,6.666655572000001,6.247517772,9.27843088,10.4579824,10.446601,10.9516914,9.07859616,8.53021876,7.57560126,7.07970918,5.13234478,5.58231896,4.359574760000001,5.272368660000001,6.270615340000001,5.509257726,6.425770386,5.345435666000001,5.045889586,3.556050106,4.28310506,2.693678234,3.212787874,2.062643234,2.731519414000001,2.061881454,2.19629036,1.88707084,1.75624184,0.99852304,0.953885588,0.734179688,0.3323304446,0.2261831646,0.0657508646,0.0198511366,0.0018599566,0.0,0.0,0,0,0,0,0,0,0,0,0,0,0.0,0.0,0.0
110979>110991,757,757,WHMu,West Ham,NR Essex Thameside // UP,757,WHMu,West Ham,DLR // IB,Alight-Interchange-Board,1044.149084181189,133.823880748,402.4523972,189.5227211,178.03988526,106.93561872,33.3745811531894,0.5930782560000001,1.140031216,1.539791076,9.19252816,16.52660076,24.41763062,31.63701226,48.77720840000001,49.3279198,45.3572308,43.0539616,42.835591,31.06312040000001,26.4446092,28.435957,31.7836384,25.1874035,29.32404810000001,26.0882869,23.5506305,16.0965363,16.02828126,8.65098466,9.0912755,9.1023031,7.866659920000001,8.32685318,6.117448680000001,11.43817224,8.60184536,9.595064140000002,8.82198974,9.79083784,4.11721888,4.888580360000002,3.713124600000001,4.460116380000001,3.4778607,4.69695226,4.39710872,7.89997168,7.33541084,7.61962818,7.388496579999999,8.091949920000001,7.223030019999999,9.31916396,11.2339843,21.1027897,20.9271947,18.28847616,20.81565836,20.62678716000001,11.92758996,14.21852196,14.26473906,12.30419946,14.35518006,13.25890326,10.57437996,13.4750666,10.41228416,7.55161902,6.35022514,6.505746160000001,3.54580196,4.8999992,3.70221374,4.94432074,4.30643302,4.345501619999999,3.37743742,4.20361322,3.4995721,3.018657145,2.75803038663788,2.01887938663788,0.8859857866378801,0.01614938663788,9.416378800000002e-07,0.0,0.0,0.0,0,0,0,0,0,0,0,0,0,0,0.0,0.0,0.0
110990>110901,757,757,WHMu,West Ham,DLR // OB,757,WHMu,West Ham,EntEx,Alight-Exit,291.37922853,7.85106487,20.319179902,101.308075488,80.10800198000001,54.27687278000001,27.51603351,0.06320284000000001,0.30229058,0.328687356,0.8727714759999999,1.226753376,1.263323866,1.527155526,2.26687985,2.08305237,2.36477103,2.67626178,2.281863914,1.997882314,2.054086234,1.511260266,1.2802099,1.395421506,1.020301276,0.8096872159999999,0.8443820959999999,1.153784642,1.370641262,1.988300452,2.223249992,2.92884778,2.77128326,3.0472077,2.77488104,3.2473598,2.81711026,3.32089064,3.04177624,3.74352752,3.34401932,4.368198540000002,4.289505220000001,5.226702420000001,4.885116880000001,6.227003080000001,5.855707340000001,8.431806740000003,7.89262988,8.54752994,7.81099554,8.631212540000002,6.749045140000002,6.674665000000001,7.916743000000001,8.180609599999999,7.24281028,7.57814808,7.548439200000002,5.2332852,5.190830200000002,5.23899742,3.923216320000001,5.2010468,5.54525872,5.406091320000002,4.78568496,5.634362980000001,4.26385648,4.78769062,3.92808162,4.638549680000001,3.55532502,3.783018520000001,2.74790606,3.22797566,2.40984034,3.01043036,2.25087994,2.27042436,1.56240593,1.491936618,2.293512138000001,2.434212478000001,2.221431118,2.107626348000001,1.91978318,0.28153678,0.03403826,0.0,0,0,0,0,0,0,0,0,0,0,0.0,0.0,0.0
110990>110916,757,757,WHMu,West Ham,DLR // OB,757,WHMu,West Ham,Dis+H&C // EB,Alight-Interchange-Board,969.94008935,9.375171312,58.43470378600001,386.530914432,236.0824046,154.10862378,125.40827144,0.28103538,0.478394632,0.478394632,1.247984032,1.399654906,1.205296798,1.937370406,2.347040526,1.740048746,3.976228472,5.610867400000001,5.26185694,6.19175042,7.0665152,5.05224046,5.34955466,5.322443799999999,4.23674804,4.41058216,4.215867488,3.974151288,4.326100688,7.253248048,7.182171528,9.77205914,9.30976134,11.9645358,10.43188,13.762687,12.8042581,16.4026773,14.5980021,18.5154969,16.1186803,21.0500984,19.911087,26.01085,23.74464720000001,27.31272120000001,23.1965324,28.4103156,22.2961356,21.1796936,17.0031239,17.7977037,12.5979697,12.33604204,17.50670464,23.10725394,21.104618,27.4772456,27.46461966,21.77068766,21.27579566,21.49323080000001,12.1505332,16.2534968,16.03419868,13.58052268,13.03838048,15.60361108,11.55486916,14.42463928,11.08718808,13.23521668,10.74305408,11.0811026,7.472344180000002,9.21472998,7.011644260000002,8.80129926,7.638433760000002,8.57823458,6.553789660000001,8.33301378,9.56593338,15.40521448,13.822309484,13.32422380400001,10.507270804,6.593624804000001,0.05854940400000001,0.0,0,0,0,0,0,0,0,0,0,0,0.0,0.0,0.0
110990>110917,757,757,WHMu,West Ham,DLR // OB,757,WHMu,West Ham,Dis+H&C // WB,Alight-Interchange-Board,228.2574119669868,14.50526653,74.74633996,85.42765208,28.342455074,17.305559566,7.930138756986865,0.26723566,0.45889461,0.56791161,1.22984901,2.12477927,2.55620027,3.18789952,4.11249658,4.2236279,5.13401824,6.04797498,5.99792738,8.22261632,9.2180356,7.93295364,7.683404439999999,7.74870924,4.79676082,3.810911820000001,3.92939958,3.58210798,3.32213138,4.1566732,3.73464146,4.00031694,3.38735954,3.95866962,3.2015218,3.71824874,3.30662966,3.73413272,3.00731092,3.45938854,2.9645394,3.4484733,2.949299740000001,3.20709306,2.82611754,3.68818208,3.01763868,4.367929780000001,4.17234618,4.5683867,3.64851312,3.98498102,2.79882486,2.61856114,2.41641334,2.59435564,2.26180332,2.21353068,2.2621718,1.9259021,1.89257498,1.88369142,1.489644774,1.535322554,1.41112456,1.6945408,1.529805332,1.810199458,1.558911778,1.568197332,0.92773246,1.117762008,0.956125488,1.578628948,1.617208848,1.8864743,1.608863304,1.509155348,0.7498793700000002,0.73634437,0.4192550780000001,0.3703666793973728,0.2983566753973728,0.2870248933973729,0.06441873339737281,5.3973728e-09,0.0,0.0,0.0,0.0,0,0,0,0,0,0,0,0,0,0,0.0,0.0,0.0
110990>110922,757,757,WHMu,West Ham,DLR // OB,757,WHMu,West Ham,Jubilee // NB,Alight-Interchange-Board,69.26660439999996,0.7355163600000001,2.94206544,2.56854026,29.31700824000001,24.0917706,9.6117035,0.0,0.0,0.0,0.0,0.0,0.0,0.0,0.7355163600000001,0.7355163600000001,0.7355163600000001,0.7355163600000001,0.7355163600000001,0.0,0.0,0.0,0.0,0.0,0.0,0.0,0.0,0.0,0.0,0.0,0.0,0.0,0.0,0.0,0.0,0.0,0.0,0.0,0.0,0.0,0.0,0.0,0.0,0.0,0.0,0.0,0.0,0.0,0.0,1.1352228,1.43331746,2.48655012,3.075850920000001,3.87610726,3.5201244,4.405143020000001,3.35191036,3.30125878,2.50100244,1.7217625,0.53864922,0.53864922,0.0,0.0,0.4867065,0.4867065,1.13021422,2.03485928,2.50595078,2.75160092,3.19098624,3.0696011,2.72692344,3.02502154,2.68320008,2.5830788,2.06095622,1.49898882,0.7297992200000001,0.5426055200000001,0.47992328,0.47992328,0.47992328,0.47992328,0.2765818,0.0,0.0,0.0,0.0,0.0,0,0,0,0,0,0,0,0,0,0,0.0,0.0,0.0
110990>110978,757,757,WHMu,West Ham,DLR // OB,757,WHMu,West Ham,NR Essex Thameside // DN,Alight-Interchange-Board,1210.750645063973,21.46827657,74.61706235999999,216.66533536,366.0916690400001,125.3247498,406.5835519339729,0.51509886,1.00611134,1.38053688,1.427891698,3.615191998,3.312019578,4.382082778,5.829343438,7.32595682,8.03988932,11.49853208,10.3881276,10.7605084,9.41350996,6.612491392000001,3.06980906,2.75609398,1.17570082,1.80885006,1.767592868,4.1828442,4.3868113,5.42757546,5.22358036,8.77291832,6.70145384,7.986530220000001,6.89560282,8.33644822,4.99237724,6.38502612,5.1999824,6.9786424,5.424693900000001,8.507109880000002,9.43450388,12.485459,11.0685046,13.8864148,11.67215032,14.51860272,14.72143932,15.88148652,17.59517752,26.348298,27.15367980000001,24.65577048,35.46861108,38.31592788,32.60964528,30.10845908,38.8685422,26.54950166,29.83143986,29.50950646,26.67228726,17.95666672,19.90766986,12.31013106,9.17933732,9.73935032,11.24807486,10.87233466,7.638497579999999,8.01820792,7.885083820000001,6.23252832,4.33686736,4.99781744,3.919377254000001,8.791132954,7.758279138,15.677239698,14.673788498,24.109545284,17.70575544079458,72.11762935679458,63.94000335679458,63.94000335679458,54.47649015679458,54.47649000000001,0.0,0.0,0,0,0,0,0,0,0,0,0,0,0.0,0.0,0.0
110990>110979,757,757,WHMu,West Ham,DLR // OB,757,WHMu,West Ham,NR Essex Thameside // UP,Alight-Interchange-Board,152.987496052,13.44428159,95.31472754,24.04619930400001,11.017381196,7.001290602,2.16361582,0.151341986,0.8204360660000001,0.90912525,1.39882565,2.00378075,2.072729304000001,2.159005984,3.9290366,5.061829400000001,6.950312299999999,8.71131076,9.1958666,12.6675788,12.3435962,10.15503452,9.33686432,9.05958906,4.395998000000001,3.73502192,3.70172566,2.83757938,2.01166007,1.68786765,1.089376714,0.944180754,0.6908969439999999,0.975130354,0.6991606440000001,0.85432682,0.72794272,0.8879896100000001,0.5035381600000001,0.55118797,0.35697821,0.78646467,0.6287055819999999,0.891356512,0.8689987779999999,1.246504418,0.8844265860000001,1.050502594,0.830943068,1.188154662,0.8523264340000001,0.9648644059999999,0.9364136340000001,0.95192082,0.70603602,0.7040649640000001,0.6854507559999999,0.707694908,1.026823968,0.911332818,1.183616582,1.1812393,1.05792302,0.7516223519999999,0.7457525100000001,0.597351284,0.4422376244,0.8307163444000001,0.7536210724000001,0.7485130444000001,0.6221649544,0.704279416,0.231271076,0.313154186,0.260606738,0.488621214,0.4026653020000001,0.4655597480000001,0.352830938,0.328149726,0.06289444599999999,0.06289444599999999,0.0,0.0,0.0,0.0,0.0,0.0,0.0,0.0,0,0,0,0,0,0,0,0,0,0,0.0,0.0,0.0
110991>110901,757,757,WHMu,West Ham,DLR // IB,757,WHMu,West Ham,EntEx,Alight-Exit,164.242188647,13.783604413,21.82458282,63.68901842,41.03168472000001,18.68457398,5.228724293999999,0.007044314600000001,0.4853170946,1.1840547546,1.7732201946,2.2057244746,2.4747068,2.83951482,2.81402196,2.48378224,2.67825412,2.95669308,2.3632341,2.090577,2.08182948,1.5822484,1.24737294,1.22277746,0.96439104,1.02115728,1.13226568,1.22752722,1.36431118,1.58079418,1.56151626,1.85077514,1.9635515,2.07528088,2.14392772,2.25910788,2.20022432,2.42499234,2.43513638,2.46013206,2.46459654,2.473671260000001,2.40517302,2.57155678,2.63905892,3.13048024,3.70688212,4.58251684,4.460748840000001,5.086161300000001,4.6208955,4.407078500000001,3.73988148,3.45300766,3.1538954,3.62263962,3.14886438,3.30022806,3.975485,3.47374596,3.068282320000001,3.17195764,2.5166187,2.0468273,2.09547476,1.84217292,1.64847612,1.56738618,1.37019978,1.2263238,1.35023684,1.32707738,1.4573365,1.43619338,1.31686902,1.05128162,0.8524259599999999,0.7038164339999999,0.596346854,0.52118889,0.4342026012,0.4475803672,0.2609630488,0.1525002208,0.0978209648,0.0830361936,0.0149318676,0.012629272,0.0,0.0,0,0,0,0,0,0,0,0,0,0,0.0,0.0,0.0
110991>110916,757,757,WHMu,West Ham,DLR // IB,757,WHMu,West Ham,Dis+H&C // EB,Alight-Interchange-Board,951.2516788500002,34.43920529,106.69399434,411.55608352,214.0555454,134.1560426,50.3508077,0.07366634600000001,0.15740149,1.29094809,3.64314629,5.17003149,5.932714824,8.91536548,9.255931280000002,8.09749262,10.28977902,12.11290794,10.67004234,11.59065014,12.5676643,9.58183758,8.10159348,7.31524448,5.6020602,4.71543606,6.049286179999998,6.86284128,7.655115479999999,9.62069656,10.1916284,11.2916622,11.6756314,14.2309386,13.8238118,15.6572818,14.5420864,15.8415516,13.9653658,15.4949312,14.6304692,17.6216212,16.9410684,20.2339084,20.81007240000001,25.28940900000001,25.3233964,30.95449440000001,28.287405,27.88454580000001,22.72615080000001,20.8383116,15.971348,15.1446778,16.8492298,18.9177474,17.73434080000001,19.4264334,22.3570982,18.3711926,17.1974404,17.3616306,13.8860948,12.023793,12.9033842,12.6004274,12.5299422,12.7243412,11.0798678,11.4653832,10.519448,10.875429,9.91736654,9.786078460000002,7.730581600000002,7.2450175,5.887011900000001,6.181749160000002,4.99565664,5.32889544,4.411690120000001,3.9021812,2.9019553,3.432376800000001,2.22802146,1.83988648,1.251788,0.7445777000000001,0.0,0.0,0,0,0,0,0,0,0,0,0,0,0.0,0.0,0.0
110991>110917,757,757,WHMu,West Ham,DLR // IB,757,WHMu,West Ham,Dis+H&C // WB,Alight-Interchange-Board,561.7327688700003,25.8185564,117.56420702,275.2536246400001,82.15865612000002,40.13697146000001,20.80075323000001,0.7776590600000001,2.03753254,2.28745918,2.93484658,4.19625974,4.0051375,4.08531652,5.49434528,5.69809018,5.87951432,7.44892026,7.10947016,9.36860876,14.79893366,14.34220768,14.10723528,14.45557708,10.93660892,5.42464,7.994400720000002,8.95890952,9.83263312,11.38685258,13.0013577,11.9614311,11.1098215,11.1599661,11.4000475,11.4383617,10.8964975,11.2924785,11.4494688,11.5958325,11.2260007,10.8367205,10.7633071,10.294045,10.287106,10.3730172,12.0166334,14.30282,13.37533794,12.89216054,13.40281814,11.96587114,9.16650694,8.68225664,8.10882564,7.07571964,5.89068834,5.74009382,6.482534580000001,5.4658447,4.783204980000002,4.75775032,4.03935938,3.68511438,4.27743186,3.93079246,4.03113542,3.87589302,3.4896037,3.00931558,3.04133376,2.74978234,2.48243948,2.60897152,2.95515794,3.07925734,3.25164742,3.09883216,2.512048226,2.032236906,1.735654586,1.476541226,1.202008406,1.11154562,0.8735880400000002,0.4273933000000001,0.0,0.0,0.0,0.0,0,0,0,0,0,0,0,0,0,0,0.0,0.0,0.0
110991>110922,757,757,WHMu,West Ham,DLR // IB,757,WHMu,West Ham,Jubilee // NB,Alight-Interchange-Board,3.298963734423217,0.0974326904,0.273821938,1.31416396,0.453678694486,1.159866447944,3.5932173e-09,0.0034667346,0.0034667346,0.0034667346,0.0034667346,0.020891438,0.020891438,0.020891438,0.020891438,0.020891438,0.0,0.0,0.0,0.0,0.0,0.0,0.0,0.0,0.0,0.0,0.2529305,0.2529305,0.2529305,0.2529305,0.2529305,0.0,0.0,0.0,0.0,0.0,0.0,0.0,0.0,0.0,0.0,0.0,0.0,0.0,0.0,0.0,0.0,0.0,0.0,0.15122098,0.15122098,0.15122098,0.15122098,0.15122098,0.0,0.0,0.0,0.0,0.0,0.0,0.0,0.0,1.5754486e-05,0.05684419448600001,0.108451334486,0.108451334486,0.231976440486,0.231960686,0.175132246,0.123525106,0.123525106,0.0,0.0,0.0,0.0,0.0,0.0,0.0,0.0,7.186434599999999e-10,7.186434599999999e-10,7.186434599999999e-10,7.186434599999999e-10,7.186434599999999e-10,0.0,0.0,0.0,0.0,0.0,0.0,0,0,0,0,0,0,0,0,0,0,0.0,0.0,0.0
110991>110978,757,757,WHMu,West Ham,DLR // IB,757,WHMu,West Ham,NR Essex Thameside // DN,Alight-Interchange-Board,524.2755039449999,40.8067508,96.99615465000001,141.93295309,162.51945234,69.38516192200001,12.635031143,1.26781898,2.6158031,3.11423454,3.78888588,5.80796208,7.106319500000001,7.589102780000001,9.516623940000002,10.829076,10.7560296,13.3411952,12.2188348,12.8901304,11.52023186,8.756166114000001,4.978857434000001,4.762675993999999,2.276839274,1.759736074,2.9063819,2.57774658,3.44058042,2.963154232,4.080939492000002,3.566553852,5.029291052,3.849908726000001,5.310732234,4.354672834,5.475257394000002,4.100608793999999,5.52736452,4.25748142,6.1054639,4.588973999999999,7.040002599999998,5.769848440000001,8.11360484,6.455920780000001,10.09095388,8.09880214,9.048568500000002,10.2290442,11.85747826,11.86235746,14.669024,15.0213202,15.9696244,17.68292319999999,15.981395,14.482858,15.4599292,11.0663128,10.7080588,9.898029140000002,9.71762014,8.22666994,10.01206474,7.518523540000001,7.632176200000001,5.863132406000002,6.408610106000001,4.307059966000001,4.668473566,3.137256364,4.614963298,3.093236858,3.902994938,2.703346818,3.08001494,1.8307884,1.878514032,0.9818767656,0.8879027646000001,0.4921772198,0.208778997,0.123082693,0.1222716194,0.1124165404,0.1076175652,0.106242788,0.0,0.0,0,0,0,0,0,0,0,0,0,0,0.0,0.0,0.0
110991>110979,757,757,WHMu,West Ham,DLR // IB,757,WHMu,West Ham,NR Essex Thameside // UP,Alight-Interchange-Board,60.95650055000002,4.73101215,42.469545436,11.2865545418,1.990146301,0.4792421212,0.0,0.007582788999999999,0.0117469416,0.018492926,0.153111136,0.7762159959999999,0.864128217,1.2383684244,1.66136572,1.76854425,1.81992627,2.32922124,2.29984686,3.44681878,4.560665240000001,4.365269560000002,5.20237818,6.05928912,4.59461066,3.23896746,2.784007816,1.601136896,0.4421702,0.434278128,0.503609244,0.619242462,0.38749204,0.4123618520000001,0.336958002,0.603911166,0.5471058420000001,0.6050966160000001,0.7214017100000001,0.940244472,0.6512189359999999,0.645781394,0.6137664820000001,0.474792984,0.238504012,0.191245268,0.1184796766,0.08138853780000002,0.0322129058,0.04207785780000001,0.04207785780000001,0.0585094692,0.042347488,0.042347488,0.097261264,0.169815844,0.157783039,0.291771239,0.333427415,0.2644908262,0.2067493542,0.2298155372,0.0958273372,0.0541711612,0.047034414,0.032221306,0.0,0.0,0.0,0.069163048,0.069163048,0.069163048,0.069163048,0.069163048,0.0,0.0,0.0,0.0,0.0,0.0,0.0,0.0,0.0,0.0,0.0,0.0,0.0,0.0,0.0,0.0,0,0,0,0,0,0,0,0,0,0,0.0,0.0,0.0
230601>230622,758,758,WHDu,West Hampstead LU,EntEx,758,WHDu,West Hampstead LU,Jubilee // NB,Enter-Board,1219.4664266,22.4188361,200.7330539,319.682535,421.7278206000001,169.1202156,85.78396540000001,0.0,0.43337206,1.08004082,1.74437236,2.60184706,3.74499576,5.548437700000001,7.26577034,10.4838466,17.2691713,23.6826586,26.456353,26.3321584,24.4569556,18.83149460000001,13.2196858,9.867626199999998,9.5317142,10.0520462,10.5493434,10.0221296,9.593452200000002,8.953848800000003,9.030113,8.4079752,9.021641,9.7013466,10.255016,9.8912964,10.4716524,10.7947178,11.948217,13.118315,13.9317974,13.8383688,14.7565728,14.7692126,15.2351758,15.1709018,16.62122320000001,18.1293494,20.0715358,21.2570298,24.6916466,26.795435,28.6398838,30.3285466,34.561632,35.6094792,36.3419962,39.3962066,41.8014944,40.265233,39.38533620000001,37.337135,31.2654426,25.1311118,20.6767904,16.9085514,15.722133,14.9980468,14.3018314,13.003229,11.641487,10.195102,8.963758,8.623790600000001,8.9543842,9.7281738,10.2283224,10.2845782,10.357753,10.450607,9.17835406,7.254913100000001,6.24221998,4.821584680000001,2.95234056,1.9889277,1.42717266,0.73139858,0.13761968,0.0,0,0,0,0,0,0,0,0,0,0,0.0,0.0,0.0
230601>230623,758,758,WHDu,West Hampstead LU,EntEx,758,WHDu,West Hampstead LU,Jubilee // SB,Enter-Board,9643.365490379996,411.28517528,3970.711432000001,2432.2804186,1943.6196244,657.0611878000002,228.4076523,5.78800312,8.78531752,15.88301352,29.51537212,46.4034126,69.2590124,100.448438,135.202606,179.18366,232.19779,292.977258,376.034268,442.020964,467.9708600000001,465.94575,435.3814180000001,362.0182520000001,289.188282,234.347538,193.445392,161.382316,141.4273,125.704266,116.717366,108.103926,105.250992,100.804486,101.69355,99.769086,99.88423,96.04196800000001,95.76083,93.2823892,90.76872519999999,85.82460800000001,83.97842200000002,79.86734200000001,79.52267180000003,79.90814499999999,84.6325942,88.77006420000002,96.2140022,103.082592,113.8885468,120.0405428,130.9566828,143.6896428,156.561868,169.774014,183.235782,193.043754,193.197142,188.378078,173.393694,157.096796,134.251628,113.11221,92.951572,77.22152720000003,64.18858920000001,53.38285880000001,46.34222340000001,41.54446140000001,36.90106060000001,33.181266,32.9757538,32.5548652,32.7048002,31.5487442,32.3675042,33.2681176,31.0621054,26.426095,24.3852836,19.32616368,12.52560788,8.22604602,5.39726142,2.55598442,1.00812494,0.31061394,0.0,0.0,0,0,0,0,0,0,0,0,0,0,0.0,0.0,0.0
230622>230601,758,758,WHDu,West Hampstead LU,Jubilee // NB,758,WHDu,West Hampstead LU,EntEx,Alight-Exit,8706.442011000005,198.1167364,1166.0187998,1748.1826478,2971.668254,1734.312142,888.143431,0.0,2.4118614,4.9673186,9.285209599999998,19.6674522,35.2743302,53.4843118,73.02625259999999,96.1570776,115.532695,120.8875998,124.9913076,126.1237986,122.1243166,106.1649786,97.24162040000002,81.52077620000001,68.1035016,54.3961072,52.7750206,49.96423660000001,50.9345948,50.6035864,50.2776952,48.218295,49.6214054,49.75341760000001,51.17981020000001,54.19226460000001,56.66721339999999,57.5342698,60.5558348,64.4180502,66.42907459999999,69.30967259999998,74.0235292,78.25087020000002,81.7324782,87.092726,95.183533,105.078183,118.382868,130.977396,147.801643,166.272602,188.934916,200.947854,229.64357,247.437404,275.09987,281.161748,302.026112,290.111954,287.765712,258.52908,243.737432,214.853962,197.708586,172.059914,157.029804,141.885218,131.524796,123.939402,121.395786,119.479418,118.346348,117.025424,119.063484,122.219826,124.0524868,120.9243288,113.845494,104.365156,85.7566236,68.6626708,52.08471760000001,39.22396520000001,25.3240578,16.8970222,8.643610200000001,4.5885194,1.5549526,0.0,0,0,0,0,0,0,0,0,0,0,0.0,0.0,0.0
230623>230601,758,758,WHDu,West Hampstead LU,Jubilee // SB,758,WHDu,West Hampstead LU,EntEx,Alight-Exit,1275.143760578,148.86497444,382.0313437,374.5073658,270.2122786,76.63445925999999,22.893338778,2.70752446,4.53148186,9.21680106,15.55234866,24.25114820000001,27.0729112,31.2544706,34.27828839999999,35.9400622,33.9163434,36.58062,38.8095744,40.0695848,39.4840714,37.7918182,33.0547178,28.0866238,23.33543400000001,18.555617,16.4068767,15.4639415,14.9507915,13.5608407,13.9268096,14.2888879,14.8651925,14.8363055,14.3682915,13.9249526,13.48967,13.1570882,13.3305404,13.782302,13.806626,13.5504066,13.231825,13.508001,13.8960427,14.5578829,16.4604901,18.34908290000001,21.4811125,24.4799384,27.24034380000001,27.798289,29.03562700000001,26.8764658,26.160799,24.610617,24.3982516,23.7082436,22.828288,19.5260168,17.62293979999999,15.0660232,12.5807178,10.5453368,9.702572139999996,8.30290394,7.398700339999999,6.12810974,5.70432154,5.300186999999998,5.19390434,4.612169240000001,4.31854038,4.44115846,4.986555340000002,4.569375320000002,4.233469520000001,3.81178636,3.126715040000001,1.81547847,1.44547219,1.19181169,0.97562303,0.7378666076,0.5699214976,0.3151270576000001,0.09318965760000003,0.007502337600000001,0.0,0.0,0,0,0,0,0,0,0,0,0,0,0.0,0.0,0.0
230622>230272,758,758,WHDu,West Hampstead LU,Jubilee // NB,1421,WHDr,West Hampstead LO,LO Mildmay // EB,Alight-Exit-Interchange-Enter-Board,303.410584695,9.255370105,90.37315511999999,71.78339258999999,85.35832253999999,35.69771848,10.94262586,0.0,0.002671565,0.002671565,0.152315885,0.8600546850000002,1.775843285,2.39960556,4.062207560000001,5.199280760000002,6.59848176,7.245842360000001,9.40095872,10.45292352,11.2582292,9.76825274,9.61854094,7.29378944,5.542549760000001,4.11860464,3.87570128,2.66263548,2.71550432,2.21014544,2.24860804,2.30359216,2.53217458,2.47442498,2.4112708,2.3714846,2.583497100000001,2.670394920000001,2.63142498,2.993210340000001,3.05397842,2.571644734,2.995711694,3.070954894,2.929566954,2.846650274,3.65836296,3.57111606,4.100190940000001,5.000188000000001,5.176659920000001,5.877866620000002,5.90548072,6.28401164,6.669972700000002,7.511553699999999,7.658837200000002,8.5267614,8.715616,7.980301799999999,7.492025119999999,6.72138672,6.01450892,5.55458162,4.84399766,4.179065220000001,3.64478242,3.14721804,2.41730704,2.3152613,2.21633132,2.03782162,1.86434286,1.72222684,1.75478254,1.84716168,1.94139628,2.03911142,1.8988484,1.513067,1.01016816,0.5804386600000001,0.11243426,0.0,0.0,0.0,0.0,0.0,0.0,0.0,0,0,0,0,0,0,0,0,0,0,0.0,0.0,0.0
230622>230273,758,758,WHDu,West Hampstead LU,Jubilee // NB,1421,WHDr,West Hampstead LO,LO Mildmay // WB,Alight-Exit-Interchange-Enter-Board,624.5060384900002,11.69778363,129.40311174,133.13742612,218.6128648,91.79995038,39.85490181999999,0.0,0.0,0.03829094800000001,0.135283118,0.853934078,2.188496678,3.603767278,4.87801153,7.90362796,9.5163532,10.5210998,11.2591502,13.3383214,13.0218658,12.0325658,12.2890784,12.1317072,10.05745066,8.934641260000003,8.39725006,6.9333257,5.702421599999999,4.88258922,3.94485066,3.713351460000001,3.31227692,3.90386782,4.28178394,4.29132364,4.395010640000002,4.65405694,3.940110900000001,4.359727100000002,4.482245760000001,4.66780486,4.798679460000002,5.04887096,4.981626960000002,5.5733015,6.333979800000002,7.159480800000001,8.350151940000002,10.57136014,12.8552274,15.3440984,16.69089940000001,17.7287162,19.9312348,19.1768156,20.5201234,20.1853742,21.161324,18.1506374,19.1202626,15.300305,15.3030738,12.6947576,11.9340346,8.70894988,8.89886268,7.589914680000001,7.581264279999999,6.67744918,6.847123099999999,5.931727979999999,5.26809906,4.822891660000002,4.844875680000001,4.908999980000001,4.530879400000001,4.67918406,4.50846792,4.213094799999999,3.42975616,3.29124632,2.94511462,2.46373814,1.76071934,1.56693328,1.17371462,0.38305318,0.0,0.0,0,0,0,0,0,0,0,0,0,0,0.0,0.0,0.0
230623>230272,758,758,WHDu,West Hampstead LU,Jubilee // SB,1421,WHDr,West Hampstead LO,LO Mildmay // EB,Alight-Exit-Interchange-Enter-Board,735.4216465,47.97256962,353.69419298,160.31603502,114.9243695,47.17387888000001,11.3406005,0.0,0.11205212,1.15904366,3.872982860000001,5.345078740000001,9.28630074,11.55149302,16.64561848,24.01263248,24.578342,31.061832,36.6170224,42.21585220000001,38.0414828,40.5893902,35.1157508,29.9809834,21.1335699,16.5978319,13.7495029,10.4316841,8.4244281,6.47488768,6.390559400000001,6.037999000000001,5.604233600000001,5.986358000000001,6.191313720000001,6.319256280000001,6.006021780000001,5.90290598,6.0006905,6.1947793,5.69303862,5.15748112,6.492245319999999,6.67604744,6.37863056,6.471832960000001,7.808458960000001,7.343443560000001,6.51001832,6.81955906,9.00016166,9.15830406,8.52112726,10.51202346,11.6047458,11.0131594,10.9187024,11.1061062,10.8099392,9.22907828,7.55741448,7.40793488,7.08583408,5.95379678,6.010224700000001,5.89571018,5.24704798,4.612955060000001,3.821222860000001,3.5015361,3.277063060000001,2.398013120000001,2.180579760000001,2.110146160000001,2.16558312,2.09712556,2.25657634,2.21523112,2.01810754,1.35990674,0.8440776600000001,0.4254758200000001,0.12409972,0.0,0.0,0.0,0.0,0.0,0.0,0.0,0,0,0,0,0,0,0,0,0,0,0.0,0.0,0.0
230623>230273,758,758,WHDu,West Hampstead LU,Jubilee // SB,1421,WHDr,West Hampstead LO,LO Mildmay // WB,Alight-Exit-Interchange-Enter-Board,313.2253193800001,32.46435868,133.23467864,43.644134833,68.05509654,31.834999258,3.992051429,0.0,0.0,0.64333058,0.8464953000000002,4.984611299999999,7.559502199999999,8.280016839999998,10.15040246,15.51560514,11.5442449,13.423618,13.35031152000001,12.58125832,8.273138820000002,13.62345146,9.203016136,10.740249376,10.011584176,9.575273596,5.392927196000001,5.843124960000001,4.3731549,3.357157100000001,2.53321978,1.19849778,0.7144713400000001,0.0,0.0027256506,0.0027256506,0.0027256506,0.0027256506,0.0027256506,0.00385866,0.00385866,0.006257403999999999,0.0162260364,0.019174688,0.5270744079999999,1.944649668,2.315414884,3.4921056516,4.63819456,5.87160478,6.772461320000001,7.62761996,6.8500731,7.68660274,7.52422242,6.01385938,6.22673388,6.460600780000001,4.785099820000001,3.94166734,4.09267528,3.18034514,3.665596700000001,4.508789460000001,4.884815860000002,4.38145936,4.7459305,3.74998282,2.696530314,1.854120034,1.562012582,0.7718729740000001,0.7757852940000001,0.91730174,0.98639832,0.907814424,0.8905451459999999,0.823770762,0.640393642,0.298325142,0.21329629,0.1338857014,0.0644644454,0.0065186254,0.0065186254,0.0065186254,0.0,0.0,0.0,0.0,0,0,0,0,0,0,0,0,0,0,0.0,0.0,0.0
230622>230764,758,758,WHDu,West Hampstead LU,Jubilee // NB,1525,WHPr,West Hampstead NR,NR Thameslink // DN,Alight-Exit-Interchange-Enter-Board,1300.2067374,8.066709659999999,78.53973114,216.8425793,485.0976924,340.067219,171.5928059,0.0,0.2836831,0.68180234,0.68180234,0.8900126799999999,1.21537608,2.15198088,2.16205224,4.00532844,4.90412684,6.003262640000001,6.321644800000001,7.582099300000001,7.6440795,7.102233160000001,7.62407256,7.4345993,7.365156599999999,5.967339099999999,6.585788900000002,5.8257473,5.70240804,4.75151936,5.6184722,5.372079900000001,5.588996600000002,5.07189546,6.31073154,6.323044800000001,7.908473700000001,7.634699800000001,9.070149400000002,8.07073944,8.92357004,7.57010284,8.911537240000003,8.82773624,10.5407426,9.939092400000002,13.4953704,13.224529,15.688744,15.8618048,20.6103922,23.24887540000001,28.7489914,30.5316968,33.9194118,30.7338324,27.26190040000001,25.844383,35.98077360000001,42.3072552,61.6790658,72.710175,72.13133160000002,66.32769160000001,61.17194000000001,43.0945748,34.5020494,30.7901494,23.1923412,17.8257056,16.36829860000001,12.0707448,12.094014,10.482646,12.1470636,11.7792174,12.4845192,11.63314012,15.01145312,18.00353312,19.74164352,20.65643932,22.6153802,17.8061674,11.33978994,6.931593940000003,3.27845554,0.15573654,0.15573654,0.0,0,0,0,0,0,0,0,0,0,0,0.0,0.0,0.0
230622>230765,758,758,WHDu,West Hampstead LU,Jubilee // NB,1525,WHPr,West Hampstead NR,NR Thameslink // UP,Alight-Exit-Interchange-Enter-Board,26.38957013982271,0.45159442376,7.460565098740001,7.94489538,7.344495958,2.5451367982,0.6428824811227201,0.0,0.015546292,0.01563872156,0.01879071016,0.0189347639,0.08816324390000001,0.1036055679,0.19091512434,0.28855594974,0.303032528,0.424534536,0.55010698,0.8062180940000001,0.867366332,0.941531294,0.8204097659999999,0.792233266,0.622294826,0.557226974,0.4870545529999999,0.453560265,0.381664725,0.235542897,0.203818877,0.224275842,0.223135604,0.1924053520000001,0.198144984,0.269888516,0.282953278,0.33194535,0.362641962,0.39640243,0.391368638,0.406787478,0.367686702,0.445786792,0.416851416,0.3522500079999999,0.337150042,0.3607407520000001,0.357807262,0.389222526,0.3628636820000001,0.390481036,0.378629336,0.361129806,0.339489448,0.5640582000000001,0.7359206920000001,0.948889952,0.892355298,0.969148516,0.7740513459999999,0.6159049620000001,0.374437366,0.377183198,0.3246983980000001,0.28945867,0.2569750980000001,0.272796906,0.247017986,0.191252197,0.1721029009999999,0.122416081,0.0909228194,0.08676347139999999,0.1135490724,0.1122322564,0.1344512964,0.122016346,0.106207302,0.06308661,0.04842220000000001,0.014586336064544,0.020045083664544,0.005458767664544,0.005458767664544,0.005458767664544,0.0054587476,0.0,0.0,0.0,0,0,0,0,0,0,0,0,0,0,0.0,0.0,0.0
230623>230764,758,758,WHDu,West Hampstead LU,Jubilee // SB,1525,WHPr,West Hampstead NR,NR Thameslink // DN,Alight-Exit-Interchange-Enter-Board,292.562227462,9.991490431999999,57.70438547999999,60.60355249000001,113.52323334,40.45998316,10.27958256,0.312829111,0.589027251,1.004159291,1.0055313966,1.3103156256,1.2330184656,2.0187703256,2.5178389656,4.54433426,5.71471142,7.51051234,7.226423840000002,6.402681232000001,5.642223912,4.490315712,3.642216352,3.167568612,3.709445780000001,2.68525262,2.9686994,2.18281574,2.2606481,1.698408406,1.719390906,1.427683606,1.656379566,1.523319546,1.9684054,1.91620816,2.2922577,1.92296292,2.21219516,2.1269186,2.97097482,2.55805258,2.61319802,2.28566406,2.91882602,2.92085792,2.99631934,3.25240514,4.02764396,4.55608236,4.59593446,5.30832648,6.47901548,7.57281088,7.24305508,7.731933379999999,8.2497781,9.930553699999999,10.2634148,13.4068542,12.69902416,13.78001216,10.85845492,9.3475159,5.754550160000001,5.63347276,3.51471736,3.5843836,2.90446672,2.35904164,1.89609592,1.65656034,1.32673912,1.24747463,1.23496501,1.23771795,1.31838325,1.34799677,1.60755226,1.457746492,1.188804184,0.808702942,0.662556142,0.261541342,0.15705875,0.128280578,0.1032419,0.0,0.0,0.0,0,0,0,0,0,0,0,0,0,0,0.0,0.0,0.0
230623>230765,758,758,WHDu,West Hampstead LU,Jubilee // SB,1525,WHPr,West Hampstead NR,NR Thameslink // UP,Alight-Exit-Interchange-Enter-Board,88.57267557028004,10.28278324,36.38241858,19.1301089,15.7653391,5.333729089999999,1.67829666028,0.8435935800000001,0.904586834,1.008682484,1.468267284,1.607480444,1.263136144,1.454845310000001,1.73219116,1.49651374,1.52593934,1.66403412,2.3496922,2.4696867,3.78161544,4.07997446,4.49294672,4.31990862,4.33275882,3.06604136,2.803307060000001,2.015597256,1.536245756,1.108128896,0.8998443220000001,0.7255253220000001,0.8682784860000001,0.7324816660000001,0.7337599220000002,0.8143073960000001,0.7758898760000001,0.6394553880000001,0.629900062,0.6899640560000001,0.6161845220000001,0.5429235159999999,0.549493624,0.62696587,0.537219484,0.5177113879999999,0.542721294,0.537296914,0.5967539740000001,0.81718461,1.0762753,1.27181382,1.346295908,1.357780468,1.274266856,1.253149416,1.333439996,1.465481668,1.407574108,1.50743414,1.34142566,1.19321708,1.01345998,0.9159244,0.68489826,0.610309246,0.422421324,0.386650558,0.363580918,0.431323488,0.39947574,0.363955106,0.31537427,0.227353595,0.2124621850000001,0.255911521,0.309241905,0.262907025586,0.273860510586,0.157493230586,0.100421956586,0.033573471056,0.08374501647,0.05029236647,0.05029236647,0.05029236647,0.050264924,0.0,0.0,0.0,0,0,0,0,0,0,0,0,0,0,0.0,0.0,0.0
230272>230622,758,1421,WHDr,West Hampstead LO,LO Mildmay // EB,758,WHDu,West Hampstead LU,Jubilee // NB,Alight-Exit-Interchange-Enter-Board,576.9913246239998,13.695965844,88.58320122,132.14928732,249.4292312000001,74.10538121200001,19.028257828,0.0,0.0,0.0081136368,0.7894912768000001,2.1165589368,2.9241670568,3.0721004368,4.785534500000002,6.55835286,9.0216722,10.55083268,12.4236769,12.1821401,11.6721253,8.287198140000001,6.21670526,4.599558580000001,3.60691912,1.88249012,1.58152996,1.31525424,1.52899984,1.39373722,1.8935323,2.75726102,3.5693087,3.52420878,4.28658596,4.38660168,4.27869842,4.1160997,4.49951996,4.322217060000002,4.36017386,4.07021252,4.72341296,5.1154879,5.29748892,5.72243544,7.79556484,8.712187440000001,11.38198224,15.03747312,18.0608432,17.567868,17.9771122,16.820736,19.273019,15.26452922,16.65660322,24.91308002,28.39756002,25.13907842,26.191177,24.909274,16.31919409999999,11.6557557,9.1386297,8.626656839999999,7.350485440000001,5.975319880000002,4.88854334,4.792472,4.70186952,4.47181092,4.65544118,4.089068776,3.759327916000001,4.029005056,4.031773136,3.311349916,3.401066452,2.375528252000001,1.258981252,0.501754172,0.118799592,0.0,0.0,0.0,0.0,0.0,0.0,0.0,0,0,0,0,0,0,0,0,0,0,0.0,0.0,0.0
230272>230623,758,1421,WHDr,West Hampstead LO,LO Mildmay // EB,758,WHDu,West Hampstead LU,Jubilee // SB,Alight-Exit-Interchange-Enter-Board,748.0175491000001,44.3426131,293.87397164,165.63988726,184.955866,49.80108342,9.40412768,0.0,0.0,0.8880876600000001,3.19917226,4.52465166,8.40550166,11.60036226,15.7248376,17.8668112,27.33096980000001,30.9207908,33.27649940000001,33.0223294,33.7353628,26.6590828,24.0377782,21.8070962,18.43937020000001,14.51871488,12.25916596,7.782612220000002,6.60547502,6.41463502,6.63602334,6.64165678,7.27438732,6.48168192,6.77259112,6.98206792,7.039193480000002,7.337475560000001,7.038550860000001,6.73258858,5.970902780000001,5.691816580000001,5.10119054,5.47663334,5.41430528,5.32097082,6.271310339999999,7.9865431,8.261763,9.117762140000002,11.2877502,10.9999806,12.287488,13.8788202,16.2513704,15.6407984,18.6052256,20.2195418,19.1126912,16.8476736,16.6867714,14.199322,10.2261828,9.110957699999998,8.218416900000001,6.40122624,4.767640739999999,4.02772004,3.1788572,2.75330026,2.7450193,2.452989,2.06438762,2.16796236,1.91260606,1.97271148,1.89820946,1.777766492,1.60615916,1.0936356,0.6392068000000001,0.26229502,0.154143668,0.0,0.0,0.0,0.0,0.0,0.0,0.0,0,0,0,0,0,0,0,0,0,0,0.0,0.0,0.0
230273>230622,758,1421,WHDr,West Hampstead LO,LO Mildmay // WB,758,WHDu,West Hampstead LU,Jubilee // NB,Alight-Exit-Interchange-Enter-Board,650.175982231,33.9805322,102.13293806,99.22911744000001,271.9085882,98.68986512,44.23494121100001,0.0,0.0,0.0,2.6648824,6.4596578,7.549951200000001,7.9862521,9.319788699999998,8.5605205,7.6890795,9.338529699999999,11.8271436,12.7665722,12.0010334,10.7429598,8.773749039999998,6.979255979999999,5.15800638,4.70331892,3.59276904,3.3966574,2.7101617,2.74135588,2.34086146,2.22054618,2.2207685,2.09055512,2.18936684,2.49403044,2.3850287,2.31192318,2.77305068,3.172730580000001,3.09848452,3.20251806,3.675769660000001,3.866168900000001,3.810384620000001,3.5583001,5.75299326,6.56722446,8.73125066,11.26212234,12.6568642,17.3013856,15.9234846,23.159581,22.306021,29.5788074,25.5095566,32.1702522,24.3504776,26.4440534,20.7891756,20.058901,14.3168922,13.8547922,10.7370817,8.645418300000001,8.0733023,8.3887567,8.471637500000002,7.825736099999999,7.708287299999999,6.894292299999999,6.680930500000001,5.75076216,5.658868060000001,5.43577166,5.57841286,5.07219846,5.04533708,5.132600880000001,5.628494880000001,4.57220598,3.648108646200001,2.4387701662,1.5105077662,0.1709453662000001,0.0015874662,0.0,0.0,0.0,0,0,0,0,0,0,0,0,0,0,0.0,0.0,0.0
230273>230623,758,1421,WHDr,West Hampstead LO,LO Mildmay // WB,758,WHDu,West Hampstead LU,Jubilee // SB,Alight-Exit-Interchange-Enter-Board,311.16093604,9.76493498,98.63208524,86.51669040000002,81.81223658000002,27.790419918,6.644568922000001,0.0,0.0,0.0,0.8150638000000001,1.14442888,1.70511838,2.64415266,3.45617126,4.61475086,7.16175338,10.04539148,10.9423036,11.936913,10.885799,9.5873341,7.656095580000001,7.26488052,6.53967524,6.43875444,5.55843404,4.72203792,3.847596520000001,3.40712634,3.28594388,3.00037512,3.09238924,3.08128914,3.3414618,3.44326716,3.59739742,3.53288346,3.80495402,3.92643042,3.99283744,3.96575008,3.71438752,3.83307782,3.29999014,2.86246448,3.25052616,3.27466194,3.0820624,3.76847802,5.38930196,6.66446524,7.369625800000001,8.43727664,8.64285622,9.11696682,8.05996092,7.61167454,6.299831340000001,6.270377100000001,4.59325576,4.67158766,4.07435854,4.222851500000001,3.50451378,2.88431406,2.3671372,2.71505168,2.56988298,2.18553056,2.228116,1.69334214,1.307682646,1.078753226,1.033244146,0.9986212459999999,1.120479146,1.18251725,0.984683966,0.8323264100000001,0.6150101280000001,0.389215722,0.228311232,0.1385908760000001,0.08709277200000001,0.06772017400000001,0.0,0.0,0.0,0.0,0,0,0,0,0,0,0,0,0,0,0.0,0.0,0.0
230764>230622,758,1525,WHPr,West Hampstead NR,NR Thameslink // DN,758,WHDu,West Hampstead LU,Jubilee // NB,Alight-Exit-Interchange-Enter-Board,93.18464545996189,1.9483198819619,13.88379856,19.092666198,31.48024978,12.98766688,13.79194416,0.027351188,0.02735131399238,0.14045885399238,0.15767299399238,0.18165433599238,0.24780015599238,0.45468405,0.71134699,1.17521109,1.384691348,1.74278522,1.7835765,1.83001958,1.44075508,1.309429854,0.9275800259999999,0.7749227460000001,0.547481666,0.505477886,0.461867564,0.41827785,0.381615,0.2215598600000001,0.269513068,0.270102776,0.331044702,0.4404187780000001,0.622671478,0.61744783,0.681821342,0.7311074780000001,0.650139636,0.543122396,0.622889636,0.58760197,0.543393076,0.624346072,0.8208686119999999,0.893110552,1.362375346,1.5274961,1.68309134,1.8290374,2.4196139,2.31554086,2.67078866,2.90544754,3.19169254,2.6784926,2.95515872,2.86702046,2.805984140000001,2.52045086,2.603398,2.1498576,1.8164178,1.5417224,1.283352792,0.989231352,0.8859548320000001,0.8114308020000001,0.7946789820000001,0.7284046900000001,0.74963428,0.7057971399999999,1.26489561,1.50866391,1.72390009,1.59191954,1.99973688,1.54635062,1.88460474,1.625349176000001,1.794842236,1.331129136,1.163189344,0.3756819440000001,0.297212108,0.127719048,0.054209388,0.0,0.0,0.0,0,0,0,0,0,0,0,0,0,0,0.0,0.0,0.0
230764>230623,758,1525,WHPr,West Hampstead NR,NR Thameslink // DN,758,WHDu,West Hampstead LU,Jubilee // SB,Alight-Exit-Interchange-Enter-Board,36.1801136790578,2.17783818032,9.369115656000002,8.480901026,7.435268164600002,2.2782723582,6.438718293937799,0.00781786608,0.00781786608,0.16850230608,0.22941087408,0.3257732,0.348933416,0.6047798959999999,0.484802756,0.6054495879999999,0.6802015,0.9833305920000001,0.928634932,1.184368212,1.170995832,1.12990533,0.83750687,0.6839587340000001,0.490753614,0.3883750400000001,0.285635412,0.279537936,0.3101717780000001,0.24775492,0.229169566,0.2488732300000001,0.290416382,0.246500732,0.287745162,0.270993708,0.265438448,0.253312904,0.313133582,0.274191184,0.29744386,0.415295194,0.413849482,0.430996356,0.4944921820000001,0.543435694,0.4420212940000001,0.441114898,0.42002556,0.4774054600000001,0.587581514,0.6597125480000001,0.726821624,0.8206286140000001,0.7794471540000001,0.7209893140000001,0.7210322280000001,0.659357768,0.593567528,0.5403417420000001,0.470998734,0.400567932,0.3418029786,0.2988402906,0.3316310566,0.3198408846,0.2822089056000001,0.2764412722,0.2303747062,0.1441376062,0.0810555634,0.0601370196,0.08583801640000001,0.0756016724,0.09216536439999999,0.0819985472,0.277415364,0.444634584,0.491392472,0.80448688,1.17898268,1.04147812,0.8453878893475602,0.7796797593475601,0.43387887934756,0.05938307934755999,3.934756e-08,0.0,0.0,0.0,0,0,0,0,0,0,0,0,0,0,0.0,0.0,0.0
230765>230622,758,1525,WHPr,West Hampstead NR,NR Thameslink // UP,758,WHDu,West Hampstead LU,Jubilee // NB,Alight-Exit-Interchange-Enter-Board,88.26024631187661,9.78220653,28.22731100800001,13.744101826,24.696853508,7.304632464993601,4.505140974883001,0.56659184,0.56659184,0.603399562,0.7844771420000001,1.287421042,1.271090462,2.311929062,2.39070558,2.857068,2.8052049,3.05884184,2.43143124,3.46724308,3.206765740000001,3.05646576,2.427501,2.241890420000001,1.20607228,0.8779685800000001,0.590858168,0.4419841380000001,0.269636598,0.2487043260000001,0.408018446,0.40756027,0.4368674599999999,0.44031503,0.410192622,0.2068875048,0.2534582368,0.2567260428,0.4112869128000001,0.3801961968000001,0.4945174040000001,0.6490958400000001,0.7743748540000001,0.7465289140000001,0.852897502,0.859098412,0.831109352,0.8173330320000001,0.770373592,1.05763326,1.31930588,1.97863428,2.79445004,3.4637881,3.43704206,3.22110419,2.65900485,1.80581053,1.19584128,1.1045408,1.15168107,0.9005605240000001,0.984395784,0.938060562,0.753354808,0.8101383280000001,0.8270510259999999,0.7826777180000001,0.6603605700000001,0.563937868,0.278895316684,0.302793744684,0.227526232684,0.5938593126839999,0.5659769782576,0.8694824495736,0.7961996994896001,0.8117856194895999,0.4160631594896,0.6101517499160001,0.306640209916,0.30663156940172,0.19409266940172,0.19409266940172,5.894017200000001e-07,5.894017200000001e-07,0.0,0.0,0.0,0.0,0,0,0,0,0,0,0,0,0,0,0.0,0.0,0.0
230765>230623,758,1525,WHPr,West Hampstead NR,NR Thameslink // UP,758,WHDu,West Hampstead LU,Jubilee // SB,Alight-Exit-Interchange-Enter-Board,1648.43334669,157.53401943,973.8163332,265.2704074,195.7804718,33.268218244,22.763896616,0.19293891,0.19293891,9.468384510000002,11.16675495,19.59994975,25.5809748,48.92037879999999,42.4116988,77.49217979999999,78.4754104,116.963351,110.595473,138.9545274,112.0887226,115.5309432,76.15112320000001,62.9980772,35.3130406,29.5255514,19.7279334,16.242881,14.2343748,14.7587998,13.93351,13.3497086,13.5003236,14.3142558,12.6691518,11.3488336,10.31014832,10.79262152,10.13993072,9.06115942,7.98563028,7.95529924,6.71847854,6.171596820000001,5.887445660000001,8.247756200000001,8.931186120000003,10.47447482,10.82727194,13.607288,13.8082808,16.44049200000001,16.9363534,20.0766888,18.731307,19.8303028,17.8637492,15.9234556,15.3247262,16.157784,14.2327798,12.14696824,12.11586476,8.2697309,5.92622516,4.00021076,3.4279787,2.53734778,2.12422296,1.38073288,0.72854074,1.03320456,0.79527087,1.54528075,1.499472184,1.931017564,1.605596564,3.165666454,2.356178654,3.72284336,3.20218872,3.271540708,1.606583308,1.606583308,0.147848988,0.147848988,0.0,0.0,0.0,0.0,0,0,0,0,0,0,0,0,0,0,0.0,0.0,0.0
20901>20916,761,761,WMSu,Westminster,EntEx,761,WMSu,Westminster,Cir+Dis // EB,Enter-Board,7077.249066599999,32.78217398,332.28379752,2507.4081808,2953.3084964,950.8839407999999,300.5824771,1.223935,1.69957092,2.60517184,3.2365112,3.35908992,5.22641132,7.1635306,8.267953180000001,9.497958620000002,11.1417037,14.1567035,18.5185111,24.3954872,30.2788614,36.1974888,38.089386,38.8470208,37.6721392,37.2150506,36.27348660000001,37.43029200000001,39.8685794,44.958571,49.89909,57.803334,65.10513999999999,74.568881,83.5380954,92.780316,97.507368,102.600264,104.574174,104.88014,104.94911,108.480998,109.982868,113.970938,119.751382,130.017948,137.795748,149.329672,169.80734,194.478066,213.329866,229.141548,240.110498,257.551804,273.715344,284.484714,295.525438,301.3308580000001,279.9024,245.95123,213.92326,180.7579272,150.9134752000001,126.32144,109.58211,97.16482000000002,88.83177679999999,82.36903199999999,78.57547919999998,72.68386760000001,66.8483176,61.60043560000001,57.58028480000001,55.41312600000001,53.91325120000001,50.81485520000001,47.28357639999999,44.33594160000001,38.76974860000001,33.0722064,27.896126,21.85778160000001,15.32492594,10.06947986,6.15700846,3.285218860000001,1.20327206,0.51233612,0.0,0.0,0,0,0,0,0,0,0,0,0,0,0.0,0.0,0.0
20901>20917,761,761,WMSu,Westminster,EntEx,761,WMSu,Westminster,Cir+Dis // WB,Enter-Board,6185.900911840001,27.56986914,256.8904506,2108.6033966,2350.553466,1035.7642742,406.5194552999999,0.1772006280000001,0.586358328,1.228430128,2.314628068,3.601176268000001,5.07919924,6.52024214,8.062634339999999,9.43582,10.9016146,13.3544248,17.0157,20.6254694,23.4828404,24.9557342,25.4204096,25.974579,26.5674176,28.3349838,30.8214572,33.9177712,37.227452,40.03261939999999,43.8536786,50.9735376,56.7442824,62.8956914,72.037728,78.70900800000003,82.00598300000001,88.930685,90.26575,91.458158,91.318316,92.861768,94.45869480000002,102.1236448,103.7616428,108.9030028,116.2955828,121.52042,131.243472,149.620626,167.443882,183.404062,199.085074,213.350994,219.180752,223.208036,224.390192,219.976572,206.028592,189.77745,174.249352,156.374512,141.527878,125.969904,114.757533,104.496511,96.65382700000002,89.31343900000002,83.78065700000002,78.11431480000002,73.6088488,68.8181368,65.2377022,67.9097062,67.1036944,62.2414844,61.5820494,57.53298400000001,47.6219964,40.9206662,34.3200602,25.5415702,18.4145081,18.6654431,13.9310463,11.2597303,7.998979300000001,6.488937400000001,0.0,0.0,0,0,0,0,0,0,0,0,0,0,0.0,0.0,0.0
20901>20922,761,761,WMSu,Westminster,EntEx,761,WMSu,Westminster,Jubilee // NB,Enter-Board,9565.055832600001,43.0426937,250.8853267,3088.7146162,4151.193984,1570.34623,460.872982,1.39790744,2.15564288,3.863656880000001,4.87852142,6.33454342,6.86030198,8.79338494,8.758734740000001,10.0438929,12.1515607,15.4108739,16.9642195,20.8761377,23.2718456,24.1898128,23.422377,24.2899214,24.0361046,26.262488,29.9660926,34.78719520000001,39.4969888,48.0585836,53.1274256,59.87609800000001,70.03796120000001,82.30392320000001,92.6836782,102.3325222,109.3582382,114.702871,119.735433,119.845072,121.29242,128.70722,132.375684,137.406662,150.972088,174.256208,191.161522,209.721356,236.642684,268.9685720000001,290.86421,319.3196200000001,340.24854,374.873992,397.9148,413.74345,413.528056,419.138384,378.520074,333.25049,290.5998100000001,256.61981,213.436958,187.879368,164.50872,151.835982,137.412434,134.24104,132.346966,129.48216,119.9782868,114.7319528,103.6801488,99.8519968,94.39717480000002,88.272515,79.28969359999999,74.34568759999999,59.32668560000001,48.6379146,38.30636300000001,28.7568718,19.2038804,12.4232244,6.757279400000001,3.945226,1.6076406,0.0,0.0,0.0,0,0,0,0,0,0,0,0,0,0,0.0,0.0,0.0
20901>20923,761,761,WMSu,Westminster,EntEx,761,WMSu,Westminster,Jubilee // SB,Enter-Board,8086.857582799999,58.61899612000001,340.22139008,2564.812752599999,3365.812036,1299.790573,457.6018350000001,4.442972800000001,5.334974720000001,6.704195520000002,8.124025660000001,6.79092694,7.416550239999999,9.456844920000002,10.34850532,11.78677578,14.3080267,17.0078288,21.1898656,27.4154338,30.876546,35.34644880000001,37.33539640000001,37.01016060000001,35.1243436,36.927568,35.892996,37.313712,38.6985638,43.6199658,48.65956660000001,56.6887492,68.2261058,80.11867559999999,91.1062712,98.36675820000002,102.1403482,109.4985602,113.457769,110.976587,113.624544,122.733298,122.065736,123.701224,130.732578,136.063786,141.218604,148.583694,158.89297,176.151472,192.173214,211.185214,233.677212,268.999268,301.48083,331.5101020000001,357.169578,362.66889,341.6006920000001,300.840142,262.917474,216.626818,177.1358159999999,148.585814,133.144345,117.727355,109.051262,108.910546,109.447304,107.524165,103.617067,97.76671,91.793883,88.55320999999999,83.668912,79.44179,71.2762574,67.6356944,54.96169800000001,48.6112012,39.9900436,33.4222284,23.1915442,17.9173696,10.4774564,6.119788,3.5345018,1.022262,0.0,0.0,0,0,0,0,0,0,0,0,0,0,0.0,0.0,0.0
20916>20901,761,761,WMSu,Westminster,Cir+Dis // EB,761,WMSu,Westminster,EntEx,Alight-Exit,8473.07843676,222.69521886,2905.750958,3749.195911000001,1142.439169,350.8958996,102.1012803,0.5311144000000001,1.8937915,5.1660765,13.6918145,22.25216486,37.9287041,58.313005,82.91854800000002,105.530176,127.14743,153.151688,183.506542,217.112594,251.938722,287.4309140000001,316.6416680000001,333.0383960000001,327.6246160000001,310.068482,292.5597300000001,272.069716,244.47808,225.678528,214.485816,205.308472,189.251142,180.39745,177.419852,171.076248,160.967742,151.765442,145.32537,134.063446,128.757508,121.904402,120.588854,118.9005,118.69708,113.900309,114.294871,111.909151,108.355923,108.355685,111.244324,108.515408,108.183815,105.820319,102.910481,97.454713,98.221401,97.2962972,93.7784222,93.70705420000002,88.5613932,79.1516438,68.83822140000001,62.0681178,48.6431298,41.1136108,35.0820458,29.264917,25.5743524,22.4723824,20.3808668,18.1960914,16.7771884,15.4535306,15.8696664,15.5980174,15.8602468,14.9518964,13.74977326,11.18483546,8.91280754,7.007422540000001,5.29100886,3.998549720000001,2.82814772,1.93731424,0.56996164,0.2112987200000001,0.0,0.0,0,0,0,0,0,0,0,0,0,0,0.0,0.0,0.0
20916>20922,761,761,WMSu,Westminster,Cir+Dis // EB,761,WMSu,Westminster,Jubilee // NB,Alight-Interchange-Board,2645.95681643,37.04331999,277.93434494,927.1042720000002,872.309635,371.7541608000001,159.8110837,0.29737429,0.66066563,0.8866485900000001,3.50762139,4.13723941,6.30962064,8.5705115,12.67363854,14.87872934,17.538827,21.328696,25.430797,29.598012,30.2833654,30.3388054,27.810549,24.7295948,19.2285558,17.60703280000001,19.1613804,21.150155,21.5556442,24.60168100000001,27.3966,28.8551948,29.91286,34.1634624,35.9562936,37.8955326,38.932414,40.89858080000001,41.1547582,42.8104372,40.60183320000001,42.5750426,44.72705060000001,46.4649186,46.90046160000001,46.5479476,46.7651528,45.4684006,43.3950086,44.89984800000001,53.474994,57.10719399999999,64.4063574,72.71519740000001,78.255386,77.138306,81.83740399999998,83.678652,78.22886600000002,77.770634,74.0462328,66.8099542,60.3154512,56.0676312,45.6868836,41.1203046,35.5116804,27.61495300000001,25.3625262,24.3115202,23.1813916,21.9400268,23.534302,24.1896662,23.23327500000001,22.3496406,21.3427132,19.505497,18.0844546,17.203083,17.024114,15.9731084,12.27762014,8.46241714,5.219761540000001,2.18247374,0.18620034,0.0,0.0,0.0,0,0,0,0,0,0,0,0,0,0,0.0,0.0,0.0
20916>20923,761,761,WMSu,Westminster,Cir+Dis // EB,761,WMSu,Westminster,Jubilee // SB,Alight-Interchange-Board,17275.6005447,437.629654,4194.366558,4524.781886000001,5022.675546,2097.074731,999.0721697000002,6.743877,12.37163,17.5451526,31.0368346,46.57871160000001,76.55926559999999,99.84120259999999,146.95298,198.218744,229.675778,277.1269600000001,362.97353,424.776438,454.3152440000001,487.26467,476.9159099999999,421.536646,345.252142,284.241156,232.06934,195.221988,161.58917,148.7244628,147.6227268,149.8875448,147.4103048,156.9871968,167.714314,170.6654,172.221794,175.23325,179.629956,182.904282,185.787748,189.862174,195.37576,194.18646,196.649212,203.4725100000001,213.641388,223.75961,237.368646,253.571302,275.294686,291.1752400000001,319.695496,351.41446,403.1159000000001,439.108936,467.7632880000001,493.071364,503.2599280000001,484.21726,460.1687000000001,431.944134,377.74084,327.411654,268.074804,220.63056,189.005478,167.619436,148.933831,140.777879,134.475953,125.877579,120.742593,121.558538,131.966426,138.232316,139.549886,137.451706,131.428948,114.950408,102.096657,82.0153384,63.858813,45.08859994,28.38743394,10.21222494,4.746615540000001,1.05322294,0.0,0.0,0,0,0,0,0,0,0,0,0,0,0.0,0.0,0.0
20917>20901,761,761,WMSu,Westminster,Cir+Dis // WB,761,WMSu,Westminster,EntEx,Alight-Exit,7780.5369864,278.5274032,2875.530474,3068.9136476,1116.8711816,339.02325,101.67103,0.33750824,2.17957724,8.47275804,17.32940484,32.90121884,51.18712360000001,71.60567259999998,94.5141398,122.569599,143.216023,168.70232,201.154648,233.180716,270.7506100000001,304.924658,321.276916,320.1819300000001,303.55335,264.91389,221.1058140000001,196.726256,174.535696,154.309523,146.820721,144.337289,136.379927,127.102667,130.30864,126.206732,128.232142,120.447254,123.43436,118.00907,116.756242,110.625756,113.666418,111.695563,112.300779,109.712945,115.069629,115.064337,113.3220732,110.8042852,113.0453432,108.0298252,103.9855292,99.86830400000001,97.25988199999999,95.23504,95.113046,96.14328,96.359246,95.447304,86.9780552,77.05981200000002,65.39185800000001,56.59650540000001,44.984792,39.0334968,33.28149639999999,28.2741984,23.4591574,22.560716,20.232092,18.4098532,17.7853138,17.544828,16.8608006,15.7230798,15.8212931,15.1292355,13.5744179,11.232117,9.4590752,7.277601700000001,5.37605336,3.49275154,2.30852464,1.34107124,0.70193984,0.23386918,0.0,0.0,0,0,0,0,0,0,0,0,0,0,0.0,0.0,0.0
20917>20922,761,761,WMSu,Westminster,Cir+Dis // WB,761,WMSu,Westminster,Jubilee // NB,Alight-Interchange-Board,2253.855129770001,26.29545577,144.2744481,685.3944622000001,833.4280816,392.6731264,171.7895557,0.048449454,0.219565774,0.741360474,1.551627154,3.162068354000001,5.2086123,6.612583580000001,8.75118868,10.206863,11.8396382,11.320197,11.9880358,11.8805646,12.4945358,11.6703967,12.1438839,12.3980621,13.3703559,12.1199853,12.8419298,13.7259278,14.995537,16.2244216,18.7269722,20.1096198,22.3675064,24.4478252,25.6800734,28.3588364,28.8961136,29.24041680000001,29.9198438,30.0674036,29.1896614,30.4751928,31.45491620000001,31.88787960000001,33.441109,34.67499040000001,35.0734844,36.1661738,36.8693042,38.7970486,44.60420420000001,49.6423232,57.291516,65.6827566,68.92117900000001,70.306849,77.348484,75.42777720000002,78.8175392,79.34751499999999,77.10531660000002,69.4170454,64.1197804,54.75180879999999,46.60487920000001,43.1376616,37.4115092,33.773428,28.3792732,28.3564508,24.1644488,23.095214,23.6227946,24.4696464,24.9060118,24.5646016,23.416804,22.69360420000001,20.4209918,18.5586532,16.7914034,15.3189874,12.1660419,8.9103729,5.1228111,2.7730691,1.0522151,0.0,0.0,0.0,0,0,0,0,0,0,0,0,0,0,0.0,0.0,0.0
20917>20923,761,761,WMSu,Westminster,Cir+Dis // WB,761,WMSu,Westminster,Jubilee // SB,Alight-Interchange-Board,1549.23739659,9.558781778,55.934052052,442.93588856,586.8366480000002,309.1890212,144.783005,0.1564916200000001,0.50616826,0.574375792,0.7430230320000001,1.408973032,1.447470258,2.135906618,2.586373166,3.097856446,3.673985646,3.99101668,3.76430648,4.00066266,4.38635226,4.07278566,4.6035295,5.20667224,5.50148644,6.40220492,7.233193119999998,7.731850719999999,7.85187444,9.06464858,9.72336158,10.14017458,10.97358066,13.1938564,14.241623,14.4767574,15.3774074,17.230473,17.52702,17.6771408,18.131761,20.3249258,20.7984368,20.8109582,22.0078572,24.59688580000001,24.973057,26.389429,29.2856962,35.1661952,35.2409178,38.175834,38.3055918,41.67177460000001,41.9444446,49.06511800000001,54.148639,62.1332752,61.69018140000001,58.63838200000001,53.4778046,48.0390244,39.5465784,37.35242020000001,34.5023064,32.8886388,29.893285,28.471837,24.6056764,23.676124,20.407921,19.1923368,18.52923920000001,19.71281440000001,19.956422,20.6676536,18.7375444,17.2895428,16.46134279999999,14.8564044,13.0672664,13.4463564,11.90513734,8.070810680000001,5.453033080000001,3.47395668,1.00995708,0.34399934,0.0,0.0,0,0,0,0,0,0,0,0,0,0,0.0,0.0,0.0
20922>20901,761,761,WMSu,Westminster,Jubilee // NB,761,WMSu,Westminster,EntEx,Alight-Exit,8884.239074199999,461.499173,3626.318488,3190.571899,1127.1742922,359.8068092,118.8684128,1.837867,5.820417,15.8487778,35.3515858,59.55335580000001,82.6812728,117.5043968,142.9015,164.690638,194.618556,221.541212,260.615998,315.409766,369.686728,397.9552160000001,408.498282,390.695954,356.2431160000001,299.2061680000001,247.156854,215.968582,183.022494,150.575026,137.270322,133.209482,128.725958,127.823462,132.367522,135.268354,135.600152,133.584845,134.212697,133.538053,130.193513,129.049395,130.53619,129.473316,125.603436,122.704176,114.601385,111.652051,107.87577,106.657316,101.058402,104.0113562,97.1578062,92.1814492,92.1537984,94.8957284,96.8141212,99.4340772,101.7752992,96.2948472,94.0128602,83.97831740000002,74.4646314,61.85244420000001,52.0692594,39.6015352,31.9346358,27.2788528,24.5604484,21.1299156,21.6026208,20.87734540000001,19.9205724,19.310929,19.6682502,18.5823896,17.7593466,16.0525074,14.9772068,13.0950336,10.5545992,8.59565068,7.07155266,5.145533240000002,3.29219764,2.16819464,1.13264576,0.44155498,0.0,0.0,0,0,0,0,0,0,0,0,0,0,0.0,0.0,0.0
20922>20916,761,761,WMSu,Westminster,Jubilee // NB,761,WMSu,Westminster,Cir+Dis // EB,Alight-Interchange-Board,961.7624869100001,32.3319923,335.1875784,405.6371596,132.5818248,41.1520119,14.87191991,0.3234181600000001,0.7172331000000001,1.67648918,2.73703418,4.47493958,5.63484122,7.527236480000001,9.2408004,11.0224928,12.7160968,15.1187744,18.3071482,24.9533382,32.5939614,34.7474686,39.3070612,40.9805088,40.250018,33.5314214,31.6592886,27.1036946,24.0702806,18.7816122,18.8063802,19.1515126,19.4589276,19.6389526,19.8396252,19.7839772,18.9940682,17.18288380000001,15.4754386,15.018302,14.1048432,13.4547168,13.5936304,13.9214756,13.2086388,13.7858308,14.180606,14.9164804,14.3694594,14.120279,12.6755438,11.9517856,11.1343337,11.0184473,11.2080809,10.9384665,11.7098589,11.68578,11.8580934,11.4105002,11.014564,10.0870352,8.564879099999999,7.140889600000001,6.17980746,5.60940444,3.86108252,3.3177424,2.9091419,2.63674648,2.2165472,2.0561691,1.97714664,1.78719434,1.46013982,1.53433606,1.64065848,1.69154316,1.70963998,1.62035596,1.38686686,1.251553952,1.309014712,0.921357482,0.7477635820000001,0.6108273420000001,0.4156564500000001,0.03234589,0.0,0.0,0,0,0,0,0,0,0,0,0,0,0.0,0.0,0.0
20922>20917,761,761,WMSu,Westminster,Jubilee // NB,761,WMSu,Westminster,Cir+Dis // WB,Alight-Interchange-Board,11306.8572397,406.8326407,3238.826935200001,2697.7631158,2864.618710000001,1419.1650446,679.6507934,5.9363,6.94323054,15.95873814,30.80644934,52.23115334000001,72.97059534,99.9304928,122.0556812,162.318358,211.281554,236.102926,294.602504,338.7845880000001,363.8245400000001,348.8087840000001,339.0883880000001,294.3440560000001,262.617868,208.878538,178.1748312,160.0928232,139.9399252,116.0607032,110.3457632,106.9173528,103.932024,102.960246,104.792768,107.29673,106.6191912,103.30038,105.149282,105.261552,99.902119,100.379513,109.775899,109.466633,110.2364198,109.7430468,106.1518148,108.3437828,111.0598668,120.073786,139.961494,159.01411,171.5230460000001,183.496426,214.386086,235.734716,260.87103,273.124986,301.04842,285.167168,285.630724,257.812328,236.80967,201.31632,176.840116,139.810867,125.310107,113.140747,102.0773778,100.6264588,95.1542218,95.7577578,90.26817679999999,90.7617148,88.10117980000003,93.80670079999999,83.6884532,88.00425619999999,88.3082974,80.57065820000001,66.3200358,60.289535,47.77316199999999,29.9666556,19.8376768,11.8371442,8.063932600000001,1.1842856,0.0,0.0,0,0,0,0,0,0,0,0,0,0,0.0,0.0,0.0
20923>20901,761,761,WMSu,Westminster,Jubilee // SB,761,WMSu,Westminster,EntEx,Alight-Exit,8012.365394287998,266.723294488,3520.6383106,2883.6919924,983.3298258000001,282.7896318,75.19233920000002,0.454364492,2.993796492,6.679909092000001,14.284770492,25.84263272,46.6619706,71.33063259999999,98.475218,132.1733566,165.732086,202.778396,250.354634,319.044188,360.738014,391.961664,399.342528,395.519436,345.605944,298.918722,258.469342,224.157474,183.09632,160.179752,150.44237,139.675888,134.718958,131.734032,129.547988,129.317554,126.945524,120.748576,116.2703728,112.8947908,106.0177988,102.5184208,100.8806168,95.45294,92.49647000000002,90.55060720000002,87.8030992,87.59576720000003,87.99569439999998,85.6800364,86.97094200000002,86.77880079999998,85.74864480000002,83.41333440000002,86.6654204,85.2099636,88.14605080000003,85.96444480000002,89.11591999999997,83.545148,78.448355,67.8636076,62.4301356,49.7892806,41.44777919999999,33.5166282,28.3305614,21.8220642,19.1916556,16.8648834,15.72121460000001,14.7452024,14.0710132,13.5267225,13.7626265,12.8522029,12.1591671,10.73102144,9.12238724,6.72597582,5.10440322,3.73921536,3.0085898,3.2332071,2.87086372,2.22009072,1.70615878,1.3724284,0.3466276,0.0,0,0,0,0,0,0,0,0,0,0,0.0,0.0,0.0
20923>20916,761,761,WMSu,Westminster,Jubilee // SB,761,WMSu,Westminster,Cir+Dis // EB,Alight-Interchange-Board,2615.932208100001,105.9006947,994.5609316,911.7518078000002,423.2544192,124.92273484,55.54161996000001,0.4493671,1.9629687,3.3555495,7.871471499999999,13.3147141,19.772159,25.9706974,33.2037674,39.1407854,43.7435534,50.9486134,65.38539940000001,81.3945766,93.0578666,108.732098,112.713704,112.978346,107.925872,96.43682240000001,82.1032944,74.15886640000001,59.4310856,47.9831016,45.2505844,42.5594404,39.6189804,39.2095124,39.61731760000001,39.2931652,37.4201606,36.2383322,35.33868200000001,33.5890308,31.43258100000001,29.8737286,30.321272,29.930648,28.4339046,29.7051882,31.43213380000001,31.7949862,31.0498824,34.078625,33.9905984,33.4287072,33.13773740000001,34.2445852,33.9665326,35.1509574,36.567608,37.252073,41.258174,37.0823042,36.8894408,33.5759778,30.7003216,22.542715,20.3252638,14.1614752,11.00057628,8.067022780000002,7.147015500000002,6.815153440000001,6.979309960000001,7.07538902,6.817293320000001,6.937218140000001,7.054302400000001,6.839903080000001,6.706483340000001,6.514405340000001,6.365018,5.989504500000002,5.669796620000001,4.60857832,4.546480799999999,3.43449388,2.37163558,1.31649546,1.04399836,0.13482668,0.0,0.0,0,0,0,0,0,0,0,0,0,0,0.0,0.0,0.0
20923>20917,761,761,WMSu,Westminster,Jubilee // SB,761,WMSu,Westminster,Cir+Dis // WB,Alight-Interchange-Board,2882.4200163396,111.0691420896,880.0343169999999,1105.138153,472.1115748,224.527952,89.53887745000002,2.1760226974,2.9617191574,3.4855062774,6.799704677400001,13.59279938,19.35727118,24.25606792,38.4400508,49.4610344,56.40005960000001,66.0957504,78.45525440000002,85.7033384,90.2561684,92.6092572,87.71675859999998,82.0346394,73.2127234,62.4372334,55.6520994,48.844766,43.33232,37.4272584,32.2880528,33.5866934,37.9380894,40.7799942,43.7979234,52.62343700000001,50.88691840000001,50.06917440000001,51.00204500000001,51.0598054,47.92967539999999,49.7913094,49.98554200000001,50.01214100000001,50.49910940000001,51.20597780000001,50.81185300000001,49.54276440000001,47.0793206,43.7359628,40.90801939999999,39.08973820000001,40.3947506,40.102912,39.8171694,38.8402552,40.93882960000001,36.979984,39.897702,39.1218724,40.510159,37.502435,38.9157674,34.6660126,32.4290206,28.0588706,23.192149,19.310558,14.94885,12.9832576,12.6482504,12.2986134,11.3134314,11.4380306,11.2409078,11.4367812,10.9160234,10.5546352,10.8971516,10.0015186,8.995439600000003,8.590534000000002,7.23097446,4.62036585,3.52910165,2.08546705,0.62259865,0.05828619000000002,0.0,0.0,0,0,0,0,0,0,0,0,0,0,0.0,0.0,0.0
580101>580122,765,765,WLGu,Willesden Green,EntEx,765,WLGu,Willesden Green,Jubilee // NB,Enter-Board,1326.9270671,45.9056899,398.4367528,393.2577908000001,308.3586246,144.00627216,36.96193684,0.0,0.39257414,1.42779934,2.66342934,5.27258254,8.28556814,11.5420244,16.321712,23.907754,31.162922,43.7632404,52.0535448,52.34698039999999,47.7559572,42.22439960000001,29.8627028,21.8805686,18.5613608,17.8293024,17.0880198,17.5358172,16.0639695,16.7252135,16.0148168,15.1276576,13.8379008,14.2690001,13.8649875,14.0659992,14.0378126,14.6603546,15.8502538,16.3817768,16.2354134,16.5096318,16.996763,16.2666406,16.0520806,16.8421128,17.4800104,18.2201288,19.02723880000001,20.0479644,21.1442462,21.59704960000001,21.8524642,24.1549552,25.9212234,26.948681,27.33829200000001,28.7508344,28.46643640000001,26.94902380000001,26.34821220000001,26.1359804,23.895472,20.472698,18.7341644,15.6071924,13.3836248,11.7254056,10.51224252,9.49728672,9.20318232,9.21774612,8.63570904,9.03392412,7.98309612,6.88204162,5.56602312,4.926527200000001,3.4358054,3.1033549,2.8824164,2.7165523,2.10508212,1.84807984,1.46738874,1.05465614,0.5271087400000001,0.33144312,0.1154572,0.0,0,0,0,0,0,0,0,0,0,0,0.0,0.0,0.0
580101>580123,765,765,WLGu,Willesden Green,EntEx,765,WLGu,Willesden Green,Jubilee // SB,Enter-Board,8105.901167800001,614.0885196,3551.64646,2298.390916,1153.121331,399.9706308,88.68331040000001,13.139253,24.06946840000001,39.30974640000001,55.29371320000001,75.8737692,104.6133554,133.145716,168.6434980000001,209.001524,250.79412,303.0879960000001,355.076628,382.407032,388.412794,381.261628,346.964044,294.969648,249.197604,211.001912,179.47153,149.594894,132.592712,121.69329,117.111384,110.618576,107.33078,103.018391,101.6623338,96.0727058,89.83447579999999,87.82784980000002,87.9371178,83.7919838,81.5480518,82.17160460000002,83.78355780000003,81.34258080000002,79.88501099999999,81.269968,83.5325444,82.56339720000001,81.40136720000002,84.5907622,87.2155772,86.49550400000003,87.46889,95.553872,99.70424,103.6057952,106.8792872,109.8248512,106.3631932,102.6625324,94.1701862,85.5753978,74.8175818,63.79936899999999,53.29902979999999,46.5792028,41.240344,35.0802554,31.3669322,28.1259094,24.36731280000001,20.7349,19.4017946,18.683425,17.2921558,15.6634139,14.2867903,12.6065151,10.5661451,8.800424600000003,7.8232857,6.45636742,5.29399194,3.51244154,2.33345404,0.9211474400000002,0.4193333200000001,0.0,0.0,0.0,0,0,0,0,0,0,0,0,0,0,0.0,0.0,0.0
580122>580101,765,765,WLGu,Willesden Green,Jubilee // NB,765,WLGu,Willesden Green,EntEx,Alight-Exit,8067.7565873,72.0108657,480.1237078,1580.3141568,3024.030834,1851.900059,1059.376964,0.0,1.8839142,2.695023260000001,4.97725286,9.47157926,14.25921926,16.56027826,22.1635986,29.3269676,34.4707032,39.7097546,45.6373462,51.26326340000001,51.53171440000001,48.89841079999999,44.28038179999999,39.5346704,34.5443538,30.757804,30.1683376,31.9004412,32.7581068,31.8018032,32.99573940000001,34.4763214,36.68060139999999,39.30561640000001,43.70175,47.3883492,50.75892039999999,53.0411274,56.91846260000001,61.67776660000001,65.2355494,68.8084662,72.1602972,77.6098608,81.16434079999999,85.2539168,92.1448948,102.6853628,112.24212,127.086446,142.517896,161.891056,188.58111,207.197852,229.911082,253.456858,270.733222,286.177248,298.443722,302.064736,290.08709,279.16762,256.319238,231.950544,203.369352,185.907118,164.217516,147.153462,140.762378,134.4204868,131.1084208,131.0791668,128.5717218,126.0821668,127.277726,130.19559,130.23846,126.759861,120.298428,113.19935,99.761423,87.32777300000002,74.16785180000002,63.62476180000001,47.210239,33.04962800000001,19.69887000000001,11.1036392,2.7410892,0.0,0,0,0,0,0,0,0,0,0,0,0.0,0.0,0.0
580123>580101,765,765,WLGu,Willesden Green,Jubilee // SB,765,WLGu,Willesden Green,EntEx,Alight-Exit,1320.949327552001,38.625415722,265.9433479,456.1828888000001,394.2707204000001,133.51929722,32.40765751,1.02917567,1.73484855,3.268626830000001,4.139215212000002,5.38195082,5.83841396,7.539612680000001,9.693572,14.68725,19.9621454,26.6320948,29.9220368,31.1424184,28.5432962,25.77184740000001,20.8526021,18.3065961,16.6818875,17.0952229,16.3459503,15.9330854,15.7500032,14.624384,13.7362964,13.8574284,14.9044926,14.652384,15.5019572,15.7823828,15.6807698,14.9995622,15.7885924,16.151771,16.7953736,17.158341,17.364393,17.7389322,18.654227,19.5710596,21.7785154,24.324601,32.5746002,35.5342522,37.3254842,38.47413140000001,39.20111740000001,34.77785600000001,34.68266740000001,35.6624626,35.68742800000001,36.3971814,34.2627534,31.5143178,27.7394284,25.2078646,20.663512,18.3764322,15.8973966,14.3059174,12.1156036,11.4802066,10.047871,9.67066926,9.32297746,8.92772226,8.190071660000001,7.60762726,7.57680192,6.76117304,5.628149240000001,4.95894608,3.96711032,2.89829094,2.4873553,2.047914446,1.443999926,1.166199486,0.7202157459999999,0.246799466,0.08150352,0.0,0.0,0.0,0,0,0,0,0,0,0,0,0,0,0.0,0.0,0.0
360101>360122,787,787,BERu,Bermondsey,EntEx,787,BERu,Bermondsey,Jubilee // NB,Enter-Board,6732.360744799999,413.3949564,2486.728582400001,1681.570525599999,1519.2350334,468.7364052,162.6952418,7.738854200000001,14.6457162,25.5428994,40.6894494,56.7766412,69.04135240000001,88.15368640000001,110.8063572,134.2920552,158.8097612,195.619132,236.54448,263.489242,273.037478,274.65592,256.8019880000001,225.366914,186.437568,154.725436,126.948608,105.7911488,83.74183959999999,76.94691359999999,74.6177936,72.0114848,67.27131200000001,66.97904720000001,65.3915202,62.05181980000001,58.76478060000001,59.85650379999999,59.5263818,59.6706808,59.57283080000001,62.25239880000001,63.3088796,64.11706360000001,62.2893808,64.14096380000001,67.73592579999999,72.7898438,75.93950380000003,84.51676740000002,92.2857408,97.8006528,101.0873838,113.8617738,122.333697,136.356039,147.112039,157.339356,154.367128,147.746556,133.408062,114.21726,93.605086,76.1257012,61.59058520000002,48.54949920000001,41.29580780000001,35.913583,32.1175138,30.66890560000001,29.6981924,28.77036540000001,28.0490962,28.1267082,27.83044720000001,26.37720580000001,24.0596528,23.4361386,21.3284732,18.1225112,14.9447466,13.3006212,9.162866,5.870593400000002,3.4284926,2.0652118,0.5987286,0.0,0.0,0.0,0,0,0,0,0,0,0,0,0,0,0.0,0.0,0.0
360101>360123,787,787,BERu,Bermondsey,EntEx,787,BERu,Bermondsey,Jubilee // SB,Enter-Board,5144.177587,228.323225,1089.330438,1441.97727,1442.0164442,635.7666978,306.763512,6.982886,10.8969382,17.0669924,24.3568994,33.9184328,36.49857400000001,44.3200282,54.282474,62.032611,69.6481216,79.50770340000001,90.07133499999999,98.159115,106.7846502,112.2967694,112.2771564,104.1545584,96.5464264,83.6454362,74.20655500000002,64.6746214,59.00353639999999,49.8683834,51.2504978,48.0026068,49.4854064,53.5057784,56.1852866,53.3935766,50.17336160000001,49.26805,47.21266300000001,48.86224379999999,49.57335000000001,53.5721684,55.72532320000001,55.10685520000001,52.5528602,53.9574142,58.09568180000001,78.74185260000002,91.3476726,101.7360736,110.682006,120.822546,108.55099,113.059104,120.164998,127.805168,129.452946,135.646578,132.420158,124.5196968,118.8827818,112.2723238,98.41915379999999,86.319027,77.75953620000001,65.4262544,56.23344520000001,51.26083920000001,48.3282336,46.375522,43.25955380000001,40.11203300000001,40.649515,40.05640940000001,39.98632900000001,41.2855546,39.0880724,38.0576618,38.250405,36.4362782,31.655455,27.50837054,21.04951574,14.15474,8.333301800000001,4.8443084,3.43208306,2.03969046,0.628075,0.0,0,0,0,0,0,0,0,0,0,0,0.0,0.0,0.0
360122>360101,787,787,BERu,Bermondsey,Jubilee // NB,787,BERu,Bermondsey,EntEx,Alight-Exit,4255.86307612,292.83318172,1190.4529238,954.4858874000001,978.2229982000001,571.5533748,268.3147101999999,0.95566656,6.177974160000002,16.21872016,25.50222456,36.44260488000001,55.77203000000001,70.5653092,81.1986522,96.7821568,114.5110308,120.7357928,133.387362,137.859561,134.061093,117.982987,102.1159002,79.28902520000003,62.15759120000001,48.7676042,42.80281960000001,38.74591120000001,35.32504160000001,32.4548836,30.509797,30.6951608,30.628045,30.0522856,31.4269012,32.3666338,32.2142046,32.3950152,33.60885520000001,34.52106060000001,35.4105006,35.24502140000001,37.340401,40.51506380000001,45.30201380000001,48.2235566,52.1542244,55.4991044,58.62221960000001,58.53998060000001,62.69000579999999,64.9736292,70.473765,73.39963820000001,80.2216774,83.8021224,91.4575804,92.43813540000001,93.25753540000002,90.1785862,87.8010312,78.70399920000001,71.51529819999998,66.6259344,60.58186840000001,53.7035916,51.1446828,48.2470152,44.375585,42.9935236,43.42540839999999,41.79778839999999,40.3313898,38.9654966,39.3610906,37.1430766,38.0226604,37.8359118,36.707117,32.04893180000001,28.0234822,21.145447,16.242609,10.3975478,6.206948400000001,3.059706,1.4812722,0.0,0.0,0.0,0,0,0,0,0,0,0,0,0,0,0.0,0.0,0.0
360123>360101,787,787,BERu,Bermondsey,Jubilee // SB,787,BERu,Bermondsey,EntEx,Alight-Exit,7274.767660099999,183.0694327,1135.8256032,1431.5163036,2188.3728096,1438.283494,897.7000170000002,0.09961694,0.93623422,4.183797820000001,11.22611582,18.58058982,31.55539008,47.89260479999999,68.5950832,84.97298719999999,98.5593412,110.38836,117.308972,118.445536,115.35889,112.9767228,100.6801548,88.80935880000001,73.2053692,62.38034200000001,52.73956920000001,49.2310572,47.1540576,44.5765888,42.3006626,41.6423358,41.75470780000001,41.01383540000001,44.79020260000001,48.58712600000001,50.2702116,50.6707744,51.7104872,54.42380720000001,56.18493720000001,58.22692840000001,60.57300600000001,62.54732320000001,63.4057564,66.45325340000001,73.2428814,82.06357399999997,89.8477108,100.0976258,110.7474528,124.4545888,133.1424518,144.522591,163.745518,180.116716,197.313896,210.955056,221.285054,218.244404,215.472838,195.46415,183.655546,167.94687,151.9808650000001,132.532959,125.107657,114.363831,108.541495,104.327109,105.024283,104.266417,106.306205,106.915822,110.969981,114.936225,116.568335,113.175737,108.383996,98.066266,88.07216400000001,70.9585488,57.8471672,47.9311704,35.895622,20.58658,14.5813592,8.490896800000002,2.2059496,0.0,0,0,0,0,0,0,0,0,0,0,0.0,0.0,0.0
360301>360318,788,788,CWRu,Canada Water,EntEx,788,CWRu,Canada Water,LO Windrush // NB,Enter-Board,1603.2151749,54.8051386,721.5095972,341.7422640999999,325.940854,119.0418307,40.17549030000001,0.0,0.74571156,1.71448636,5.13835416,8.57895356,10.24663296,12.3279874,16.0530126,19.6716764,25.3183542,36.9375828,53.39162679999999,73.86758280000002,88.88499920000002,94.893796,93.60832000000002,85.30425400000001,66.29853220000001,47.2967288,36.036144,27.238186,18.4912976,14.7407947,14.2102815,13.2447277,12.3530673,12.9451117,13.2148098,13.2958824,12.6491226,12.8261302,12.4480874,12.2890486,11.9058402,11.9725592,11.6812904,11.7648572,11.8767068,11.7350386,12.4614132,13.7985356,14.9761396,17.5843426,22.0389932,25.8622786,27.1091582,30.4084022,30.665511,31.536823,29.8608292,30.662804,28.632545,27.00549760000001,23.4244452,21.5237304,19.2488296,16.7138344,14.753778,13.000845,11.7795796,9.739489,8.516177,8.1132352,7.270068800000002,6.718678900000001,7.038188799999999,7.720243600000001,7.677712400000001,7.308439600000002,6.932451899999998,6.08435862,4.730663100000001,3.80550724,3.14156162,2.81041592,2.0704615,1.52609642,0.98247708,0.7830573000000001,0.0,0.0,0.0,0.0,0,0,0,0,0,0,0,0,0,0,0.0,0.0,0.0
360301>360319,788,788,CWRu,Canada Water,EntEx,788,CWRu,Canada Water,LO Windrush // SB,Enter-Board,885.9862697999998,31.2935248,279.359412,225.8097967,205.6383786,110.88624786,32.99890984,0.0,0.10403952,0.91580538,1.93917212,3.98385972,5.82031692,7.991113,10.53921814,13.2361354,15.0480458,20.95955,26.5525804,31.9058174,33.2966506,33.867364,29.6925994,24.9713336,18.668809,16.411751,14.7487754,13.6457274,11.9020288,10.82928816,9.80815216,8.642296680000001,7.25586728,7.836462880000001,7.787536320000001,7.409493640000001,6.990585620000001,7.712424220000001,7.41809322,7.945626819999998,7.6231269,8.5128602,8.0936116,8.6386588,8.456795800000002,9.619809599999998,9.292075800000001,10.1951764,9.9661976,14.4953396,15.7325612,18.4947064,18.62578580000001,21.6801704,17.2874514,16.5186306,14.3755754,16.8002264,14.315607,16.1028942,16.7091098,18.37101040000001,16.3572108,16.0385874,14.8014318,13.866719,11.176407,9.39558604,8.42959744,7.75630004,6.335917040000001,6.191921840000001,5.674230420000002,6.131659620000002,5.08789022,4.622338540000001,3.799183840000001,4.446967620000001,3.1631859,2.864186340000001,2.58538632,2.44370858,2.52197366,2.05793838,1.75286334,1.48230004,1.25887728,0.0,0.0,0.0,0,0,0,0,0,0,0,0,0,0,0.0,0.0,0.0
360301>360322,788,788,CWRu,Canada Water,EntEx,788,CWRu,Canada Water,Jubilee // NB,Enter-Board,8508.309480100002,481.5179354000001,3475.042726,2299.824577,1464.922468,599.5628766000001,187.4388971,11.1956406,20.26177,30.2544268,45.8368068,59.62687820000001,78.96651220000003,101.6212528,133.754648,167.015536,207.271594,254.337908,318.00115,373.954618,397.1833340000001,399.814062,378.147192,331.706286,262.448114,210.717608,174.445324,146.8522272,119.0112732,109.2882192,109.5988172,104.7009012,99.052974,94.81329000000002,94.93683400000002,92.369616,88.26966999999999,87.500916,89.27852200000002,89.26952800000002,86.59271600000001,88.003976,87.20303200000002,84.49245079999999,81.29827600000002,82.01978600000002,85.11041000000002,88.38629800000002,91.0178242,95.584395,105.172625,110.593691,114.231945,123.317508,128.92733,131.20291,133.55953,135.990314,133.161819,128.747025,120.908195,108.046724,96.235477,82.9076656,70.03952160000001,58.8605944,52.54349540000001,46.1676484,41.86317740000001,41.3875994,42.3042286,40.3427366,38.9200446,42.429002,41.79716260000001,36.77503660000001,33.4684086,30.788739,23.2495979,17.7986453,14.43635304,11.8808525,8.600980540000002,5.445259640000002,3.09150564,1.5836859,0.31983244,0.0,0.0,0.0,0,0,0,0,0,0,0,0,0,0,0.0,0.0,0.0
360301>360323,788,788,CWRu,Canada Water,EntEx,788,CWRu,Canada Water,Jubilee // SB,Enter-Board,4376.653294600001,228.8369182,950.2199719999999,1424.0315284,1045.3735482,546.508944,181.6823838,8.978708600000003,13.2193246,18.3419886,26.6423854,34.12969700000001,36.9964904,42.2292478,48.2990758,53.29832800000001,59.48151239999999,64.0685244,71.1948642,83.51113219999998,90.7606104,96.8004984,99.7375874,96.2729832,85.23958259999999,77.5564394,72.29790940000001,61.6745304,57.52285499999999,55.90391160000001,55.22157560000001,51.85826920000001,56.09234720000001,59.06603360000001,62.30588080000001,61.77304880000001,60.80134380000001,60.6324338,59.8404638,57.2198966,57.3578638,57.15169920000001,57.30138720000002,57.99365060000001,56.39413420000001,55.474653,58.23389000000001,60.90343900000001,61.6128508,68.0232632,73.6721072,80.49046820000001,85.38869199999998,91.24232080000002,92.4539618,97.92332980000002,101.107649,96.2347702,92.2251972,89.89686920000003,81.9399412,71.1013654,65.3689834,60.70816960000001,55.9727036,53.94014320000001,52.16549500000001,48.980394,45.7421228,42.8787798,37.8929208,35.3989708,35.183497,37.937117,39.7086304,36.113255,30.8962204,26.6416738,19.2566418,11.57586,9.06871254,11.03764794,9.06949964,8.59628704,7.60498852,6.69534478,2.37802278,2.07770048,0.67052908,0.0,0,0,0,0,0,0,0,0,0,0,0.0,0.0,0.0
360318>360301,788,788,CWRu,Canada Water,LO Windrush // NB,788,CWRu,Canada Water,EntEx,Alight-Exit,890.3160795800003,16.44819052,239.34114942,223.60520004,275.5707162,102.09451738,33.25630602,0.0,0.097981376,0.256842196,0.6919715960000001,1.176748436,1.958892496,4.24473272,8.0210217,14.1907443,23.69089946,32.5107314,38.1685388,37.66025740000001,32.3566544,23.36142166,14.5925334,7.29181226,5.12002426,5.20133094,5.19620114,5.477830880000001,5.93361434,6.293366540000001,6.34455746,6.895402199999999,7.828524120000001,8.418005800000001,8.3287475,9.0920285,9.286590499999999,9.2197045,8.54924358,8.58956178,7.63400222,7.60734762,7.02896876,7.965564280000001,8.150767980000001,9.80084654,10.60989194,13.1531632,14.5348086,17.89441799999999,18.9682432,21.6902218,22.4533462,23.8054336,24.3636364,25.8870304,25.6348884,26.3423606,25.4920078,23.5123878,21.5543834,19.1306626,15.7043572,13.8120026,12.3417504,10.423799,9.1544034,8.516987400000001,7.70267166,7.047481260000001,6.75764546,6.85417166,6.58347526,6.795016340000001,6.105112940000001,5.88611766,5.61103046,5.59054306,4.62114092,4.16343844,3.12244532,2.16333464,1.10179744,0.63064124,0.2144013200000001,0.1514155200000001,0.0,0.0,0.0,0.0,0,0,0,0,0,0,0,0,0,0,0.0,0.0,0.0
360318>360322,788,788,CWRu,Canada Water,LO Windrush // NB,788,CWRu,Canada Water,Jubilee // NB,Alight-Interchange-Board,13010.1779052,809.1944980000001,5217.515102000001,3697.346368,2305.597334,787.9863280000002,192.5382752,0.0,14.852672,37.637694,64.378886,95.349968,135.272648,191.57193,270.1307,353.1535080000001,434.643192,531.205312,587.4580080000002,586.020032,539.910408,501.6474880000001,436.387932,369.8897420000001,318.8330660000001,299.1938760000001,259.172538,216.839344,181.681084,170.350478,165.361132,166.111498,165.231334,174.088526,171.72667,167.485388,160.722034,160.001964,151.630868,142.939068,128.435728,124.778782,123.557434,122.871494,120.108452,127.78732,134.501378,142.886636,149.507372,159.416572,169.325812,178.637836,182.141052,190.906362,202.9111,215.303588,212.073224,214.710016,212.905692,201.145578,181.032952,166.506766,147.323168,125.168738,107.138368,89.56940800000002,77.94863260000002,67.7545982,59.55679680000001,52.18953980000001,48.1113218,45.1738312,40.95435860000001,37.9095138,36.51122120000001,35.0845492,32.65644320000001,30.914593,27.5361776,23.4307688,16.98453056,12.11197004,6.85519124,4.500604839999998,1.54627324,0.9171734800000002,0.0,0.0,0.0,0.0,0,0,0,0,0,0,0,0,0,0,0.0,0.0,0.0
360318>360323,788,788,CWRu,Canada Water,LO Windrush // NB,788,CWRu,Canada Water,Jubilee // SB,Alight-Interchange-Board,9791.134907,571.271726,3221.0550612,2590.337290200001,2076.2566548,1007.7124658,324.501709,0.0,17.572556,34.49734400000001,46.296288,66.03686400000001,96.869238,132.966952,177.032484,245.740846,300.42309,362.52135,399.725848,404.4390320000001,357.724306,312.4750180000001,253.140392,186.103368,141.583942,133.427318,123.7505512,107.8349312,93.40373780000002,94.1495426,89.24037460000002,97.3013954,98.9953914,118.9304448,124.42317,137.080266,131.4651268,134.5465928,124.7415008,118.8715568,103.0999528,101.397002,97.639804,95.716564,87.16336280000002,84.8600248,85.25412680000002,100.5311868,109.9687868,121.7678592,131.9545892,147.3464752,150.9777392,161.8158752,180.3194,195.691458,200.595142,208.310932,202.98913,189.28764,169.434256,148.362328,121.1262792,105.9064752,94.80024920000001,93.9284772,87.7402692,88.72904199999998,83.764012,84.31098200000002,77.387258,82.954948,73.3734124,72.454185,62.3631556,61.468538,49.2400214,48.6322044,43.0426202,39.78840760000001,29.878432,23.8846234,14.998486,9.1249256,3.428853600000001,1.0145968,0.0,0.0,0.0,0.0,0,0,0,0,0,0,0,0,0,0,0.0,0.0,0.0
360319>360301,788,788,CWRu,Canada Water,LO Windrush // SB,788,CWRu,Canada Water,EntEx,Alight-Exit,1392.5599089,43.9788808,177.99372518,263.83716532,479.8746366,303.3516484,123.5238526,0.0,1.3533708,2.02901472,3.95260652,5.917627319999998,8.57298432,10.17159172,11.9816854,14.037714,16.1883578,16.9586122,18.00501240000001,20.1327964,19.79478820000001,18.1039556,15.9922144,13.2660594,10.2163806,8.16032892,7.137505259999998,7.532056460000002,7.925223860000001,7.82305446,8.03735694,8.243532,8.708665400000001,8.7413728,9.2224118,9.549404400000002,10.134296,9.8768994,10.0295268,10.2553282,10.6275768,10.9437504,11.6635082,12.1546026,12.2858648,12.380111,12.9085146,14.0601874,15.417361,16.8405602,18.4759998,21.0799388,23.0706212,26.6119932,31.6733884,37.7490984,43.9371336,49.46659700000001,53.3548966,53.88873820000001,50.85468579999999,46.17218,42.01536540000001,37.4017502,32.7563272,31.1942742,28.8001916,26.9457096,24.81290060000001,24.2746766,22.2242216,20.6001698,19.0169878,18.0897266,17.2347126,16.7658166,16.727244,16.2106316,15.01363,13.7250758,12.5582118,10.47132546,8.22564192,6.1629632,4.1719664,2.1497868,1.14625954,0.1952994800000001,0.0,0.0,0,0,0,0,0,0,0,0,0,0,0.0,0.0,0.0
360319>360322,788,788,CWRu,Canada Water,LO Windrush // SB,788,CWRu,Canada Water,Jubilee // NB,Alight-Interchange-Board,3293.068290400001,116.01508,918.7190564,906.6121742000001,773.8400074000001,389.5813006,188.3006718,0.0,3.1235188,5.666062,10.4014994,15.6409434,21.8926322,26.1336174,33.15680680000001,39.48864620000001,50.3614402,61.16213540000001,78.96811540000002,91.30365379999999,102.129416,103.034892,103.5568992,91.7476812,78.138339,63.96627100000001,54.861567,44.7180268,37.6821876,35.51778640000001,34.6170394,33.0232874,31.86809060000001,32.15253240000001,33.3215556,33.4763256,33.50830560000001,34.74273900000001,36.0572184,36.72087800000001,36.57077880000001,36.72235,36.55870239999999,36.79665379999999,36.7383828,38.614235,41.264505,43.519899,45.5944008,47.216362,49.60993180000001,50.14756540000001,52.5789814,54.08328220000001,59.6388436,63.3550988,69.53319400000001,72.470562,77.772052,75.54,71.387192,66.32617900000001,61.007057,50.1499802,43.1901434,38.25199000000001,33.214852,29.2240112,28.44287760000001,28.64521180000001,28.190609,27.420057,26.9115308,27.7460272,28.1940104,30.188093,30.1450512,29.7487242,27.7758348,23.9160392,18.03204846,13.40946888,8.653666880000001,4.387678280000001,1.70958328,0.33448362,0.0,0.0,0.0,0.0,0,0,0,0,0,0,0,0,0,0,0.0,0.0,0.0
360319>360323,788,788,CWRu,Canada Water,LO Windrush // SB,788,CWRu,Canada Water,Jubilee // SB,Alight-Interchange-Board,2047.69815118,78.05444600000001,487.5934186,425.9297504000001,536.370443,361.7211662000001,158.02892698,0.0,4.003559399999999,5.8780738,7.856090200000001,11.2916642,15.1128372,15.5640198,18.3482014,21.824575,23.8690764,27.2015514,31.8168094,41.3657234,48.276313,55.1726976,58.16398520000001,58.25219820000001,49.16121820000001,41.07487140000001,31.4143994,24.4302528,17.4623074,14.905384,13.2676084,13.6322066,13.291186,13.7032318,14.0295148,14.9215246,14.8618122,15.186767,16.1594422,17.5151308,17.8334978,18.39207,19.036396,18.8711426,17.6245434,17.2182374,18.16838000000001,19.7380374,22.2563352,24.9530242,28.4717178,30.4561666,32.5890296,36.4088886,39.1308006,43.1018104,47.3249678,52.76087620000001,53.10900160000001,55.25606920000001,51.0735664,50.311573,44.84769300000001,41.6868624,37.743644,37.7294274,33.29213,31.2814652,29.6387138,26.95665660000001,25.16686960000001,24.7064386,24.21534500000001,23.9903836,25.31323,25.01610060000001,24.7043456,23.5499508,21.434073,18.5651542,15.5077441,11.30272642,8.09338696,5.182661236,2.793261636,1.199676136,0.6389758160000001,0.040870476,0.0,0.0,0,0,0,0,0,0,0,0,0,0,0.0,0.0,0.0
360322>360301,788,788,CWRu,Canada Water,Jubilee // NB,788,CWRu,Canada Water,EntEx,Alight-Exit,3792.245759700002,270.6781397000001,713.4892240000001,983.749217,972.5003992000001,570.7814032000001,281.0473766000001,1.28559394,4.47893714,11.55837214,21.48853734,35.71499234,54.00080340000001,67.05932820000001,75.09157520000002,88.51921200000002,90.729124,88.52366800000001,85.8502912,82.66521060000002,66.15799059999999,55.50418980000001,43.52492879999999,33.9478216,27.5690656,26.0839872,24.4137346,25.4251104,28.0206952,27.163529,27.602819,29.1265438,30.586097,30.7906422,34.06393780000001,35.885229,38.7586196,38.68079760000001,39.56341679999999,40.03466599999999,42.2619282,41.43960720000001,43.9444512,46.35641,50.6899826,50.563565,54.12167960000001,54.76092660000001,56.81682859999999,57.605399,59.4863356,61.366213,64.848842,70.2152668,73.7982028,82.7760208,89.35834659999999,94.4949186,93.08519780000002,94.43112680000002,89.65803880000001,82.47529660000002,75.9929286,70.72127660000002,62.24684960000001,56.36661960000001,52.91147500000001,49.10317900000001,46.17069700000001,43.21337360000001,40.7853472,38.82137400000001,36.768418,35.959834,37.71295960000001,39.882746,39.5265172,39.3045232,36.93978060000001,31.96061700000001,25.5942894,22.173617,17.258811,12.5275736,8.69913,5.391331599999999,1.78844,0.0,0.0,0.0,0,0,0,0,0,0,0,0,0,0,0.0,0.0,0.0
360322>360318,788,788,CWRu,Canada Water,Jubilee // NB,788,CWRu,Canada Water,LO Windrush // NB,Alight-Interchange-Board,1965.936520800001,44.93012270000001,565.2367729999999,439.8981073999999,521.6572526,255.0716834,139.1425817,0.0,0.2861943200000001,1.45588226,3.78201266,5.942984060000001,8.11109566,11.53613494,13.8158188,17.2815964,21.7437276,28.6382976,36.32416000000001,47.02646620000001,50.6934442,61.8413606,66.306523,67.00479820000001,63.6050562,59.5370894,45.2342536,35.70848820000001,27.0481302,19.6345808,17.38118519999999,17.0942218,16.4288226,16.0325688,15.687181,15.9457146,16.1623776,15.9893624,16.2820074,16.7293556,15.8412548,15.1978782,15.3783848,15.2660752,15.0198774,16.2428308,17.66251459999999,18.3594468,19.3351316,22.3731084,23.0976086,27.4820506,29.4913532,37.20686360000001,38.1110826,46.44208320000001,49.5234352,54.57637500000001,49.8578666,54.8604964,50.1398032,43.5723782,40.3934648,38.38639620000001,30.527337,27.6102966,26.4821194,21.9237138,20.2742068,19.1053026,16.53009440000001,14.8338174,13.6449268,12.7576966,12.9957758,13.9448496,15.1823336,18.8837546,19.6830974,18.6273759,17.2630979,15.2318517,9.353294900000002,5.905976300000002,3.6126072,1.4543426,0.0,0.0,0.0,0.0,0,0,0,0,0,0,0,0,0,0,0.0,0.0,0.0
360322>360319,788,788,CWRu,Canada Water,Jubilee // NB,788,CWRu,Canada Water,LO Windrush // SB,Alight-Interchange-Board,8963.42591242927,283.66930142927,1712.13956,2067.929675,3035.861106,1347.1801208,516.6461492,1.3685854e-05,0.398822485854,4.781098485854,15.723485885854,40.132893885854,58.3621382,74.5319934,89.7388554,105.842448,117.300564,128.822834,155.530226,179.694424,189.745864,181.781556,179.371184,153.612338,127.014574,103.398722,90.024826,80.61201319999999,78.78333520000002,70.34353720000001,66.48167520000001,60.13186920000001,55.45259400000001,49.44201400000001,54.27561600000001,54.53690800000001,61.744598,66.038452,79.0433628,85.7448928,100.5339968,103.5102928,108.5794756,104.7271898,112.3060698,103.5571198,109.6016678,101.931269,106.8882,113.683802,139.979724,152.681508,186.38484,214.664044,255.603416,260.8419240000001,283.479012,286.179324,307.6882040000001,278.715494,283.231352,263.482414,262.909574,219.175836,195.2039032,165.0452192,146.9911192,113.3745612,97.80613520000001,86.64476280000002,80.47138879999999,68.13061280000001,61.107558,56.27159720000001,56.95742720000001,49.9437152,45.8215812,48.421668,58.4479668,57.985356,63.44741400000001,62.2416682,55.1376836,35.6739176,23.9919536,9.9042256,5.628999400000001,0.0,0.0,0.0,0,0,0,0,0,0,0,0,0,0,0.0,0.0,0.0
360323>360301,788,788,CWRu,Canada Water,Jubilee // SB,788,CWRu,Canada Water,EntEx,Alight-Exit,9286.504018699998,131.3344001,861.949288,1851.2990374,3206.4351492,2087.279512,1148.206632,0.25337568,1.79891734,4.02027494,7.531847540000001,13.97029214,24.66157446,34.63968080000001,44.45843720000001,62.1650576,76.06988299999999,84.870879,90.681787,98.87682099999999,91.93683,83.54067760000002,71.7871536,62.9706922,50.8374382,45.19329920000001,43.0187696,46.5238686,48.453412,50.794032,52.72713820000001,55.32685220000001,57.84706720000001,59.6430112,64.2843952,69.434814,72.526748,72.5874412,76.07153520000001,76.8781632,77.1120992,76.4653162,79.452011,82.64311699999998,84.50662700000001,87.27521100000001,95.23650700000002,102.5909102,108.7351522,118.6174042,135.5662042,156.4285532,173.898862,199.537154,221.97037,255.527816,278.959844,315.3691100000001,328.20157,348.3625100000001,333.0963860000001,316.87016,278.212814,252.532508,219.639364,196.17469,176.911296,168.49318,161.624366,155.459484,154.503952,153.135818,152.167054,149.217734,147.420066,150.213184,148.911542,142.957862,135.237322,126.357224,108.869514,90.351124,73.78348000000003,61.51680600000001,44.8181928,29.9727608,19.5774208,11.8441608,3.7960388,0.0,0,0,0,0,0,0,0,0,0,0,0.0,0.0,0.0
360323>360318,788,788,CWRu,Canada Water,Jubilee // SB,788,CWRu,Canada Water,LO Windrush // NB,Alight-Interchange-Board,3522.90728756,47.78771576,735.6238296000001,848.4721920000001,974.1748134000001,617.1737762,299.6749606000001,0.0,0.119209492,0.433937212,1.811323412,5.435871812,8.523682712000001,12.64653482,18.8171563,26.3932601,31.27951030000001,40.1004282,50.5521716,63.8575384,71.53517440000002,81.62277660000002,83.8562318,84.07756280000002,75.96635079999999,68.71978140000002,57.66304320000001,50.686958,44.2040966,39.45783000000001,34.8820442,34.2227096,33.1207816,30.8522792,30.0762302,32.37513,32.58736,32.7269708,33.111862,32.7154402,32.2252486,31.335607,31.3075562,31.1013412,32.20111540000001,32.448011,33.3459466,36.3271486,39.9758722,42.70021600000001,44.4844368,52.8103216,57.2831108,60.3580568,67.6968042,78.3391208,83.95362800000002,90.708124,99.10199899999999,101.169921,100.033917,95.41480779999999,87.3050024,77.85546540000001,69.89778659999999,60.2378646,52.66420179999999,49.4907558,45.9565758,44.1661302,44.3598276,43.45094420000001,42.2707806,43.12945860000001,43.69398500000001,43.89814160000001,43.67526179999999,42.47583400000001,39.47756440000001,35.1313748,30.9937632,25.11946720000001,18.398092,12.0614076,6.5996412,1.8444128,0.0,0.0,0.0,0.0,0,0,0,0,0,0,0,0,0,0,0.0,0.0,0.0
360323>360319,788,788,CWRu,Canada Water,Jubilee // SB,788,CWRu,Canada Water,LO Windrush // SB,Alight-Interchange-Board,12935.6903368,87.5032516,933.3645422000001,2523.09576,4646.138012,3228.378368,1517.210403,0.0,0.26081474,1.02196524,2.16104596,7.89479916,15.75749056,26.36098382,34.04615212,48.8625814,54.21863620000001,68.90400679999999,71.07775080000002,90.58943599999999,87.61238,100.199424,90.723823,96.74354380000004,77.48007720000003,79.89188200000002,67.061001,72.82472,68.14820320000001,71.80831900000003,67.08115020000001,68.57453520000001,64.45242320000001,63.2016612,66.638152,72.70574200000001,77.7579,82.95323000000002,92.91766,99.244964,105.84875,111.3370532,118.3552352,122.0584112,131.0052632,134.0393312,144.229092,149.448888,162.87363,172.94577,202.645676,227.925226,261.404882,315.53006,340.8520140000001,394.4300940000001,401.1855800000001,446.6053380000001,429.0901920000001,486.6706980000001,440.558126,479.6045260000001,422.281276,415.3957620000001,377.81329,362.2809820000001,306.766952,294.170842,265.27033,211.647908,205.194874,194.886586,195.692188,190.97492,208.283734,212.279266,208.411712,191.140338,185.11797,180.63177,157.947992,131.8281166,112.4233866,82.1161746,36.45855460000001,13.5981946,5.256928000000001,0.0,0.0,0.0,0,0,0,0,0,0,0,0,0,0,0.0,0.0,0.0
820301>820322,789,789,NOGu,North Greenwich,EntEx,789,NOGu,North Greenwich,Jubilee // NB,Enter-Board,21592.600197,1424.625939,5445.517386,4466.051318000001,4294.18642,1802.068901,4160.150233,41.042765,65.29602580000001,108.8058438,159.3090778,194.6103778,238.4691728,289.141204,327.951472,354.83033,394.046614,439.335214,486.698362,519.2272879999998,550.4673760000002,566.827532,543.2189920000002,498.394304,436.4322519999999,364.256224,291.782898,238.866642,192.137524,170.03298,168.42957,164.031086,158.922126,159.731278,163.603446,161.346974,161.900352,168.606404,173.686148,175.785288,176.193478,179.222934,178.105234,176.981662,177.970128,186.676084,191.259846,201.401646,212.414616,250.327578,278.418294,315.561088,344.1988120000001,388.781758,391.1843520000001,405.704604,402.369254,411.958944,384.944082,366.381836,333.413612,300.866236,248.821842,212.459604,177.815607,155.222393,139.688943,130.403939,127.311641,128.629232,123.46949,120.991122,130.581372,151.67827,203.817288,329.476084,497.640048,679.660626,709.2936420000002,672.81262,548.8927292000001,380.6204992,168.5759166,93.2195266,51.3924366,26.0633274,2.5027774,0.0,0.0,0.0,0,0,0,0,0,0,0,0,0,0,0.0,0.0,0.0
820301>820323,789,789,NOGu,North Greenwich,EntEx,789,NOGu,North Greenwich,Jubilee // SB,Enter-Board,14063.94832680001,476.08443,1387.8527958,3617.405902,3181.55603,2264.713446,3136.335723,21.0347192,29.8272858,39.5026666,64.2510106,70.84759140000001,73.4898328,81.7397182,95.3916054,93.4012524,99.6859404,110.973227,127.850041,135.899655,137.2998732,134.1815732,125.6242232,111.5582832,100.2200512,102.738036,108.42064,116.711284,118.268672,120.123054,118.578662,124.685494,124.519724,132.673378,138.300806,145.909146,141.646942,157.074418,153.254364,160.713914,155.165618,159.911742,151.374204,158.15976,154.3854380000001,165.251132,166.84309,179.68837,183.348752,192.747128,198.07081,217.277092,225.025126,260.306374,288.254434,312.8093320000001,311.19812,325.509604,298.8096920000001,272.063344,240.55678,229.13415,200.611982,190.031596,186.330426,186.559238,194.02223,195.05301,196.892008,194.486258,194.533526,178.948992,177.800714,174.319282,195.736166,263.064416,372.0677480000001,467.5018240000001,490.0527440000001,474.6425860000001,391.0649560000001,280.1329900000001,154.185798,103.4044786,66.24997859999999,45.7937226,14.7539486,8.869450599999999,4.551082,0.0,0,0,0,0,0,0,0,0,0,0,0.0,0.0,0.0
820322>820301,789,789,NOGu,North Greenwich,Jubilee // NB,789,NOGu,North Greenwich,EntEx,Alight-Exit,11365.7682342,779.2446116,2107.9287036,3388.112910400001,2954.355302,1739.2933406,396.833366,17.877776,33.09359400000001,49.44804000000001,71.57687299999999,100.3028336,130.914271,166.4276070000001,209.603617,235.507518,244.497302,231.961972,214.509256,184.465074,169.26095,151.612484,149.89994,142.1503712,134.8078212,124.7757092,124.480306,119.9286512,117.324672,111.851692,111.718564,111.5697532,111.711534,109.340842,114.206826,114.06946,112.2128448,112.3864688,119.7059348,132.4750228,145.7305108,153.126844,158.163226,163.08632,162.813384,157.027762,165.529206,179.66403,188.810652,202.167906,213.490804,210.687572,218.58568,222.378568,233.852588,240.518866,261.801336,260.351232,272.1515440000001,257.060314,264.733624,253.507114,258.726864,245.351084,231.940358,207.27971,193.500636,161.847804,139.930665,127.914555,112.287705,91.40762100000002,82.471241,75.62058400000002,69.74137759999999,65.8087636,62.4625476,56.8715282,50.6116086,42.45440900000001,34.8967654,30.9033514,22.94555972,13.81447532,9.50479332,5.62419292,0.93537092,0.0,0.0,0.0,0,0,0,0,0,0,0,0,0,0,0.0,0.0,0.0
820323>820301,789,789,NOGu,North Greenwich,Jubilee // SB,789,NOGu,North Greenwich,EntEx,Alight-Exit,26164.93631699999,523.0938712,3586.1543568,5368.952499999999,9628.699896,5158.035824,1899.999869,5.177280400000001,14.0367984,27.3934024,42.7144984,67.78444920000001,86.0669208,117.1839928,162.7365288,215.2692968,268.8953780000001,311.353832,346.822694,357.844994,365.222038,341.4666660000001,329.938944,300.92405,279.908538,243.642938,224.864988,204.517922,197.213762,180.486652,168.438114,164.875682,164.440724,160.379768,166.942782,178.854766,185.881222,188.573116,194.449294,204.121182,215.096114,222.4884,233.941738,244.856588,249.616858,253.223982,264.250062,283.8047800000001,307.439698,342.461542,392.597752,475.684452,548.699308,606.70234,675.0593719999998,777.5092119999998,824.8474800000001,903.746554,958.636264,1017.503998,987.513644,971.892376,880.9048960000001,827.3746660000003,717.5791360000002,628.025034,533.8466679999998,476.264688,398.531302,342.833744,299.987768,262.86214,234.997284,221.691842,214.041552,213.688286,215.574458,209.404344,198.174626,187.327456,167.827656,153.624638,135.323842,124.380166,102.7062654,83.37616419999998,54.1482042,35.8310902,14.1894122,4.4232608,0,0,0,0,0,0,0,0,0,0,0.0,0.0,0.0
120301>120322,884,884,CNTu,Canning Town,EntEx,884,CNTu,Canning Town,Jubilee // NB,Enter-Board,11050.416238,1456.33445,4386.536294,2638.293535,1796.747896,598.8488708000001,173.6551922,40.57530800000001,65.296672,107.071236,162.738668,202.578548,254.10331,296.723206,327.2475020000001,330.9058140000001,339.7719400000001,350.3840040000001,383.0812320000002,405.0435920000002,430.083248,450.3665800000002,441.09919,395.431562,342.9285220000001,287.987322,229.453288,182.695424,149.1098728,128.4716288,123.7180768,114.2612196,105.7460976,106.1285248,106.9824138,102.2334138,98.380781,101.049063,100.737659,99.7079472,99.5019052,103.8543182,104.5089682,102.6307982,98.479727,97.00970500000001,95.59014599999999,94.54238,96.554721,108.611353,117.787391,125.069783,132.308565,147.32221,152.066512,158.758418,163.85239,175.47218,171.371288,162.983594,153.243216,138.776332,115.523408,95.37144740000001,81.06373880000002,66.7420488,56.71576760000001,48.65953480000001,44.48415500000001,39.90361440000001,37.03066440000001,35.38330540000001,33.052556,30.637095,29.8049432,27.38442340000001,24.67812,23.4385048,21.77574580000001,19.40959680000001,16.4998708,15.3590248,10.9226802,7.424984600000001,4.3052526,2.4569884,0.0,0.0,0.0,0.0,0,0,0,0,0,0,0,0,0,0,0.0,0.0,0.0
120301>120323,884,884,CNTu,Canning Town,EntEx,884,CNTu,Canning Town,Jubilee // SB,Enter-Board,5189.753627914998,288.7403706000001,1339.4567398,1849.5683456,1039.650648,514.8343984,157.503125515,12.75711372,16.63004852000001,19.75412132000001,33.91978132000001,37.78949052,42.96631720000001,54.5251894,70.39830860000002,72.32302659999998,77.52587659999999,98.45212099999999,120.30167,139.088924,148.110878,149.810042,138.831616,118.432664,94.7055712,91.4944492,90.37990119999999,88.30811920000002,80.7393298,76.35239059999999,68.86108459999998,67.30013459999999,68.0621946,80.263806,87.058386,89.92161,84.10428399999998,85.556198,77.792074,77.38239200000002,72.77486,76.0902,74.468026,77.26105199999998,74.38736800000001,74.045552,73.176144,75.202106,71.36531740000001,74.2445434,74.85117340000001,73.3576374,71.5403854,79.5876832,83.33366120000002,92.0522182,98.8666292,105.3742362,102.558763,98.38999300000002,88.1082792,78.3419768,68.13918520000001,61.3134432,52.2624264,51.2278452,46.7757586,43.0229968,40.27445880000001,41.62135900000001,39.9926986,38.17525000000001,36.92028020000001,32.4014388,30.8464428,26.9139046,23.930987,21.1624078,20.1764954,16.341509,12.59195714,11.24956014,9.30328154,6.54688606,4.008378963,3.183192483,1.389713683,0.305925683,0.2021909630000001,0.19673506,0,0,0,0,0,0,0,0,0,0,0.0,0.0,0.0
120301>120390,884,884,CNTu,Canning Town,EntEx,884,CNTu,Canning Town,DLR (City routes) // OB,Enter-Board,598.3778619399999,43.67859842,151.28199872,146.8484973,155.41222374,71.18219182000001,29.97435194,3.06444866,3.8294842,5.197882099999999,5.9542777,5.68380884,5.646914700000001,6.77157036,7.53021186,9.658913260000002,11.04920066,13.1817982,16.5782204,17.5786588,17.5319968,16.5338274,14.22104092,10.62632952,8.79502272,7.669382720000002,7.85760732,7.5458656,6.8321913,6.588614199999999,6.003277,5.21560394,5.36609654,5.45822564,5.20504108,5.097022600000002,5.02024326,5.1034492,5.40749052,5.88148638,5.79305966,5.972563540000001,5.905025200000003,5.88413228,5.825717020000001,6.43460988,6.22823448,6.483302480000001,7.003771080000001,8.10340014,8.49007428,9.921546800000002,10.7592996,11.9411156,12.7766534,14.2777788,14.9860982,15.542402,15.0716508,14.5885112,13.0875663,11.50331522,10.95628582,9.630054300000001,8.52265062,8.03380222,7.690992100000001,6.14348588,5.549976,5.212163180000001,4.433851740000001,4.143737600000001,4.22854574,4.12408284,3.4688496,3.10857716,2.7117598,2.33774858,2.36318684,2.31994318,2.47633116,2.46523922,2.33928224,2.31475928,2.3819644,1.9262486,1.48700404,1.15177852,0.59052892,0.0,0,0,0,0,0,0,0,0,0,0,0.0,0.0,0.0
120301>120391,884,884,CNTu,Canning Town,EntEx,884,CNTu,Canning Town,DLR (City routes) // IB,Enter-Board,1316.648788901084,138.550401,536.0221042000001,293.4204335000001,224.6959215,91.63509004000001,32.32483866108404,4.552264800000001,7.3266616,11.2193404,15.5298424,19.4255618,23.0660764,26.1724432,31.25821040000001,34.6566564,35.98884820000001,42.791827,51.5495294,55.52934140000001,58.1962814,58.88254400000001,53.61408240000001,46.70556240000001,39.16349840000001,31.8367492,27.107184,22.689535,16.9959632,13.5444066,13.7110862,12.2656424,10.9266494,10.9307066,11.529155,10.9030785,10.9080809,11.3798195,11.7076609,10.7064467,10.0787298,10.5334274,10.5961156,10.3250472,10.41946,10.3054748,10.6549608,11.0902522,11.6026316,13.7327982,15.883305,16.5443546,18.2186278,20.0313452,20.9797414,21.6258208,22.262823,21.5300836,20.2040148,18.7736682,16.8101308,14.504883,13.2104283,11.4162635,10.089116,8.993301400000002,8.474965199999998,7.209336299999999,7.10745914,6.39700276,5.985402300000001,5.862182700000001,6.5737007,6.85861378,6.66774626,6.05157412,5.72838672,4.479822,3.39885896,2.71788258,2.4311367,1.77646542,1.83665866,1.46306994,1.06801712021681,0.7972616002168098,0.5451530802168097,0.03055176021680972,2.1680972e-10,0.0,0,0,0,0,0,0,0,0,0,0,0.0,0.0,0.0
120301>120392,884,884,CNTu,Canning Town,EntEx,884,CNTu,Canning Town,DLR (Stratford Int'l route) // OB,Enter-Board,558.4450283799998,32.63030406,136.0073217,151.52125828,153.55177394,65.34635373999998,19.38801666000001,2.00102658,2.62871232,3.27154692,4.04836682,3.85364636,4.07054218,5.71451544,7.041947440000001,8.99685074,10.66183214,13.1117774,15.0365356,16.0269635,15.7693211,14.6845341,12.49146484,9.62537984,8.0149866,6.32363556,5.264040280000001,5.20556582,4.914555620000002,4.824275160000001,5.086069800000002,5.628478420000001,5.660201540000001,5.652495940000001,5.384793380000001,5.35002018,5.37281544,5.500431180000001,5.983242380000001,6.404390740000001,6.381430860000001,6.663830540000001,6.756169000000003,6.58396114,6.440611260000002,6.88438682,6.562263400000001,6.452613,7.53773046,9.34260194,10.94832426,12.164062,13.0099272,13.2220494,13.0238834,12.7930394,13.3027336,14.0831214,13.9870182,13.5802418,13.125209,11.78113568,9.47935286,8.61165786,7.30066596,6.23361236,5.43056466,5.59979574,4.82384594,4.90112674,4.54546206,4.67739456,4.7826721,4.555159100000001,3.88439666,3.2727065,3.02996372,2.59983848,2.206147,1.80574598,1.8922847,1.525846508,1.128592488,0.8500855680000001,0.6849143280000001,0.282371648,0.10951974,0.0,0.0,0.0,0,0,0,0,0,0,0,0,0,0,0.0,0.0,0.0
120301>120393,884,884,CNTu,Canning Town,EntEx,884,CNTu,Canning Town,DLR (Stratford Int'l route) // IB,Enter-Board,681.6442383199999,83.81558020000001,136.832189,263.52522,103.7895512,73.08524326000001,20.59645466,2.8211986,3.7709838,6.8853344,8.625094,9.3189002,17.1356784,18.14645620000001,17.1119346,17.6198804,17.757669,11.0285152,11.1855391,11.2094601,10.12935,8.627290600000002,8.228163200000001,7.8038317,8.7995117,10.6935998,13.7493782,15.529624,16.75282,16.4574578,17.2777076,15.33786,13.020901,11.9023353,10.9503543,8.6123125,8.4695909,8.787174900000002,8.6445538,8.20717848,8.05767576,7.650027480000001,7.38901238,8.12293618,8.9601705,9.35080842,11.3554379,10.9507576,10.1747248,10.2037272,11.3600712,10.628999,10.80021486,10.58855286,10.03276966,8.637853660000001,7.559735060000001,7.825170599999999,7.462235300000001,7.699705100000001,7.335805100000001,7.5222085,7.696301500000001,8.967197599999999,8.979650000000003,8.952079800000002,8.30424928,7.5872844,6.377796399999998,5.020437060000001,4.57165054,4.22984298,3.88257366,3.20651474,3.0059668,2.949055860000001,2.62388164,2.24439538,2.00045858,2.15601412,1.529175884,1.992480964,1.670799064,1.490828384,0.918092924,0.8956442200000001,0.12562764,0.0,0.0,0.0,0,0,0,0,0,0,0,0,0,0,0.0,0.0,0.0
120322>120301,884,884,CNTu,Canning Town,Jubilee // NB,884,CNTu,Canning Town,EntEx,Alight-Exit,4744.298074179999,129.45659918,510.1102766,1078.1756854,1458.7969716,1137.3155974,430.442944,0.77195898,3.37002358,6.70637878,12.29377838,18.60572706,25.9754212,28.7421986,32.9911126,39.825363,43.5602896,47.51290880000001,51.6099028,53.86300260000001,49.3565666,46.367913,41.1601304,38.2597012,33.9077556,32.5064362,32.1803068,32.41125,30.91801,30.5196074,29.6085238,29.1400918,27.7903006,28.129661,29.409242,30.9160234,32.2383514,34.66788640000001,38.3034164,41.2141974,43.8775,45.08811,46.787519,49.5003438,55.767855,57.758962,60.37354000000001,67.73199699999999,74.82864500000002,78.32942,82.86523199999998,88.748654,97.339929,99.97967300000002,109.86625,120.528484,135.116134,134.507786,145.983774,140.9257568,136.6961048,127.043378,122.061048,106.903408,105.4145292,100.5625572,97.362572,96.41949300000002,100.011137,96.69883900000002,95.99171300000002,92.17674,88.82103100000002,81.02061699999999,75.93296099999999,73.1966122,69.65070380000002,59.74395139999999,54.19368739999999,45.96353679999999,38.2371826,29.3748872,25.2229244,17.1713364,11.415091,4.704496000000002,1.5685348,0.0,0.0,0.0,0,0,0,0,0,0,0,0,0,0,0.0,0.0,0.0
120322>120390,884,884,CNTu,Canning Town,Jubilee // NB,884,CNTu,Canning Town,DLR (City routes) // OB,Alight-Interchange-Board,4522.128364100001,414.2231394,1104.438057,989.2987654000001,1363.5201518,500.349031,150.2992195,4.638121400000001,8.075289399999999,16.6988742,34.6855722,61.95942780000001,86.49091680000002,97.8250516,103.849886,111.2980528,100.6659648,92.66649079999999,99.023512,112.0990408,104.4747168,103.8215608,99.224228,89.25946299999998,66.6013116,63.2901268,62.0135888,56.01464999999999,49.42664420000001,49.82217199999999,40.79980500000001,30.6263432,28.4021888,28.9961032,30.47082480000001,32.0177592,34.42070380000001,34.50589120000001,38.6371636,40.159571,40.9344346,39.0354218,40.8364272,39.9958304,41.731589,38.86965840000001,39.37338440000001,41.0896316,43.8005508,58.17540680000001,71.1566104,81.9111864,97.52589040000001,112.181082,118.719484,129.022024,134.469081,131.431879,132.474827,116.082175,112.625929,103.978128,93.098466,74.2488556,65.99562519999999,44.93713740000001,38.4377814,34.1840206,37.6674258,36.29657160000001,40.33263880000001,37.2299774,34.7627342,27.4099144,28.8463486,24.4113,22.1940062,17.61121140000001,16.3253234,11.6161634,10.9920652,11.2051441,12.2340935,9.3698045,7.551796899999998,4.869010299999998,1.9193006,0.0,0.0,0.0,0,0,0,0,0,0,0,0,0,0,0.0,0.0,0.0
120322>120391,884,884,CNTu,Canning Town,Jubilee // NB,884,CNTu,Canning Town,DLR (City routes) // IB,Alight-Interchange-Board,2615.314050900002,215.9878464,607.2330484,861.5084834,485.2049102,327.9042798,117.4754827,2.3734746,4.943983999999999,11.2085248,19.8881788,29.5098618,43.9719382,50.40709200000001,53.6847922,53.5882246,52.646023,43.74851099999999,45.63227180000001,48.2991236,50.6733492,50.13114580000001,54.79043739999999,53.79591240000001,50.87584620000001,49.91380160000001,53.13840180000001,52.12788079999999,47.73193620000001,42.14494620000001,36.5441544,27.4176938,21.4258206,20.3916332,21.8678346,23.344325,26.5809692,29.7572204,35.51894420000001,40.0355846,44.33628160000001,45.40582980000001,45.28697,43.5169726,41.45203340000001,35.4253636,34.7122714,36.6660754,36.13642800000001,35.694696,37.98661840000001,38.8374402,39.52212540000001,39.3816774,44.8448168,48.1356066,51.0935968,47.45821280000001,47.11267940000001,38.1320618,35.716137,28.7313432,26.2392128,21.0850254,22.23050120000001,18.722266,21.2471576,23.6087086,26.8514308,28.788844,32.4013654,31.7717894,34.3897376,34.0299152,32.7775386,28.29756,24.7427956,16.95655234,13.86698774,9.21640814,7.414927140000001,5.971812860000001,4.95462524,2.87461284,2.02395104,0.8893438400000001,0.26590592,0.0,0.0,0.0,0,0,0,0,0,0,0,0,0,0,0.0,0.0,0.0
120322>120392,884,884,CNTu,Canning Town,Jubilee // NB,884,CNTu,Canning Town,DLR (Stratford Int'l route) // OB,Alight-Interchange-Board,1152.620759419999,78.45933375999999,470.4322994,81.35215914399998,441.842306088,78.22598432800001,2.3086767,0.29163376,0.29163376,0.29163376,0.29163376,5.55142872,16.5130204,22.5904458,32.6379038,45.7360258,45.78044740000001,43.61542740000001,44.1639412,47.2008452,43.3128024,44.8937606,40.1521074,40.0917362,31.9644108,25.285539,18.235256,14.29755392,7.73198592,3.3064756,1.11285386,1.11285386,1.83093168,1.899355494,1.703421394,1.460798546,1.832661526,0.997960266,1.403563612,1.338151772,1.6070079,1.36500934,1.618005799999999,1.4338911,1.5026874,1.13886846,1.00900404,2.4973123,9.45004504,9.83530446,9.866455854,17.994083454,22.081370254,23.125751054,35.40467099400001,43.12790560000001,42.05746340000001,47.3359434,48.285218,42.47827,44.277634,43.3995342,32.274461732,28.706368332,22.431663012,12.877913012,6.698827412000001,6.589709880000001,0.92150268,0.0,0.0,0.0,0.0,0.0,0.0,0.0,0.0,0.4617353400000001,0.4617353400000001,0.4617353400000001,0.4617353400000001,0.4617353400000001,0.0,0.0,0.0,0.0,0.0,0.0,0.0,0.0,0,0,0,0,0,0,0,0,0,0,0.0,0.0,0.0
120322>120393,884,884,CNTu,Canning Town,Jubilee // NB,884,CNTu,Canning Town,DLR (Stratford Int'l route) // IB,Alight-Interchange-Board,57.73166241376029,12.0512865,12.733340462,7.0306620069603,18.6954430148,1.75300845,5.467921980000002,0.0,0.70369254,0.70369254,1.73599224,2.12512868,2.65917838,2.00777816,2.11582396,1.28455464,1.23634454,0.8390865,1.38644508,1.5632278,1.47874258,1.31624968,1.2478919,0.7111539600000001,0.6258325339999999,0.59025821,0.453553038,0.385119158,0.377950078,0.190601378,0.109630542,0.06790227400000001,0.1536281900000001,0.145468846,0.209455606,0.290836038,0.367711004,0.324360036,0.56917038,0.5388885139999999,0.551323826,0.5161479720000001,0.562405104,0.3207762280000001,0.2776414018,0.1838256578,0.14212730835206,0.05349522835206,0.00522531675206,0.2466047549520601,0.4403671649520601,0.5230341284000001,0.8350518484000001,1.114435496,1.778744596,2.301882586,2.40324916,2.25349898,2.41175748,1.684861348,1.212039608,1.098663812,1.078223972,0.6380857320000001,0.456564864,0.212486204,0.20263649,0.06080879,0.06080879,0.06080879,0.06080879,0.0,0.0,0.0,0.0,0.0,0.12519522,0.12519522,0.4386726400000001,0.4386726400000001,0.562511148,0.4775342360000001,0.9683891760000004,0.6549117560000002,0.6549117560000002,0.5310732480000001,0.4908549400000001,0.0,0.0,0.0,0,0,0,0,0,0,0,0,0,0,0.0,0.0,0.0
120323>120301,884,884,CNTu,Canning Town,Jubilee // SB,884,CNTu,Canning Town,EntEx,Alight-Exit,11487.729804,258.222879,1160.296604,1984.781208,3958.158096,2459.044806,1667.226211,1.561316,3.5229358,11.8314174,21.21156340000001,33.7153094,46.07989740000001,64.40648960000001,75.89395,97.736628,114.836972,123.828426,124.737906,127.311368,111.767628,97.006952,87.55041800000002,78.944248,69.37961,65.946414,61.250034,58.8114406,55.3315946,51.6744254,48.6291674,48.13870140000001,48.57554140000001,50.8630174,53.5408166,58.04407760000001,62.9806096,65.25846220000001,68.8320262,74.5636812,79.4487962,81.518863,87.1787458,95.2776898,102.7694068,106.3553348,117.22205,127.66003,130.56763,145.046864,166.492236,188.48931,216.815516,264.81703,293.261134,339.293068,371.428442,403.30317,403.8817760000001,414.533706,385.7776940000001,361.363148,315.1941020000001,286.775076,249.803804,223.412806,202.917976,196.6095,188.114146,184.460806,185.9107,186.823042,184.464944,184.25857,185.493436,189.03851,190.330008,192.058168,186.858852,176.567242,158.0028548000001,141.0151938,116.7335746,98.1914186,78.59629659999999,60.4784826,38.50934960000001,25.8627088,12.1655548,2.8179968,0,0,0,0,0,0,0,0,0,0,0.0,0.0,0.0
120323>120390,884,884,CNTu,Canning Town,Jubilee // SB,884,CNTu,Canning Town,DLR (City routes) // OB,Alight-Interchange-Board,7814.047237000002,285.9067938,1438.8380932,1657.34617,2299.4426362,1318.956637,813.5569067999999,6.1072822,7.272287,15.3454438,28.4577866,38.7528198,47.0250856,67.9721708,74.97391800000001,87.09911020000001,106.626721,110.647105,117.329135,147.293049,149.086916,143.9055088,148.0656388,135.0082048,104.6485418,98.7071118,90.421051,84.74408980000003,77.64154300000001,72.95011159999999,62.42587160000001,56.60250360000001,49.980718,51.5220248,52.87817020000001,54.46808620000001,57.0800122,59.669163,63.100551,66.96487900000001,67.5994578,66.1391474,65.6761684,67.18356639999999,69.72601540000001,67.04075300000001,72.5328114,80.76916639999997,89.20855540000002,89.93906640000002,111.503738,139.581136,154.533946,175.481265,198.476478,209.790282,207.616058,220.596656,210.443674,214.787564,206.179636,192.551474,169.4044672,171.2160652,148.3193652,136.7823862,127.4402162,119.093881,101.376049,92.704451,87.55802320000002,84.05593999999998,85.044676,81.98539600000002,83.38018799999998,82.02860279999999,81.36043199999997,77.0223892,74.4755432,79.349918,81.032838,72.42332860000002,69.30809420000001,68.8333282,51.07228800000001,33.04884800000001,25.7202874,15.1209206,2.7600886,0.0,0,0,0,0,0,0,0,0,0,0,0.0,0.0,0.0
120323>120391,884,884,CNTu,Canning Town,Jubilee // SB,884,CNTu,Canning Town,DLR (City routes) // IB,Alight-Interchange-Board,2444.31140845,98.3290959,625.3859224,555.8900778000001,552.5813726000001,337.7162910000001,274.40864875,1.7043902,2.6346419,6.566210900000002,10.2013541,14.2090021,15.2493229,22.415184,25.3489898,31.9811466,42.0015426,49.6113764,52.4716708,61.62851000000001,62.842553,58.17077500000001,58.7412454,58.10100020000001,52.50733460000001,49.18875560000001,48.1400122,42.33399,38.35103839999999,32.0763352,28.9580758,23.8903088,22.90663540000001,19.6347364,19.396388,17.68375600000001,18.2321848,17.6217356,18.7662262,18.9342426,19.7216518,19.1652012,19.4535392,19.20943920000001,19.4190272,17.7654546,18.2332226,19.4278042,22.9904322,28.0568624,33.66179,39.90443060000001,43.28933660000001,43.248244,46.68017140000001,50.13040100000001,50.3468526,53.36341720000001,53.8821198,48.2260804,45.80280800000001,41.92464080000001,35.78287020000001,32.925397,31.802422,26.6885594,27.5212986,27.566784,28.6031834,27.434287,29.1766216,26.727942,26.4385242,25.2047672,27.6265046,29.38489520000001,33.8329744,37.1427816,38.8944364,34.9773992,31.108352,23.0850058,16.9006886,11.51570768,8.181516390000002,4.566106990000002,3.47688759,1.32783999,0.01405691,0.0,0,0,0,0,0,0,0,0,0,0,0.0,0.0,0.0
120323>120392,884,884,CNTu,Canning Town,Jubilee // SB,884,CNTu,Canning Town,DLR (Stratford Int'l route) // OB,Alight-Interchange-Board,6202.984403199999,116.1466643,1104.9778896,1593.1832248,1847.239892,1019.2892166,522.1475159,0.25199054,0.25199054,2.52615954,4.35144394,12.81776694,19.659595,32.3490244,43.93869340000001,56.161281,68.175698,80.21857740000002,90.38016199999998,112.69841,122.559308,120.794236,120.4370272,114.4169132,88.08786220000002,73.0983322,57.9500824,50.7062572,48.6712352,48.5809734,51.8168294,58.6701352,58.85177120000001,54.2070152,56.90836700000001,57.63126100000001,60.964751,62.60308900000001,67.566563,68.92849079999999,70.80814480000002,68.4227998,69.6886298,69.47161379999999,74.827691,68.2966622,73.71117640000001,79.85617440000001,79.80389640000001,94.6278204,97.5618772,108.713846,121.363584,144.237152,141.301258,175.258948,173.517236,181.57303,174.910868,176.679002,158.298188,158.764096,132.622684,113.105568,90.69209479999999,80.68419879999998,69.33859079999999,74.188408,78.96278199999999,84.65097320000001,83.79087120000001,88.09773919999999,84.74546099999999,86.25722579999999,84.77530379999999,86.2973758,83.24270779999999,80.8385868,71.82083100000001,63.3043512,48.5386783,34.12974430000001,22.9920151,14.1840401,8.0694299,5.4434808,3.2862748,0.0,0.0,0.0,0,0,0,0,0,0,0,0,0,0,0.0,0.0,0.0
120323>120393,884,884,CNTu,Canning Town,Jubilee // SB,884,CNTu,Canning Town,DLR (Stratford Int'l route) // IB,Alight-Interchange-Board,1051.7296404,88.8799305,253.11592924,274.73935828,154.95159598,139.82100388,140.22182252,0.333089,1.4049003,3.6763879,8.5312619,12.2422933,17.4281473,22.4577074,22.8061434,24.2562788,27.3555868,25.37115660000001,26.1664976,30.4594714,26.4136858,22.3768144,21.01475240000001,15.54493906,11.23238206,11.41878286,11.50558146,10.49615766,12.1308898,11.9618578,11.03213972,9.812119720000002,9.804257520000002,9.38192372,8.950311720000002,10.1341974,10.4108322,11.9096961,11.4839321,12.5556721,12.0129151,13.4549717,13.5122318,14.9836834,15.9227996,14.80721452,13.48729212,12.89207852,9.765392199999999,6.435741940000002,7.401049820000001,6.92586222,5.98589542,7.24397674,9.4483594,9.1655526,12.5861766,16.1224214,16.409492,16.4020002,19.6934478,17.7830296,17.185382,18.8881534,19.5971934,15.97646814,15.42609474,12.61115414,10.84236954,8.26134022,8.206291380000001,6.89868938,7.71364998,6.94961032,8.44998924,8.382805059999999,13.26962466,14.07633266,18.67121352,17.29518104,18.39865992,16.03081692,13.88952558,8.02124698,6.891096660000001,4.51517726,0.78014226,0.0,0.0,0.0,0,0,0,0,0,0,0,0,0,0,0.0,0.0,0.0
120390>120301,884,884,CNTu,Canning Town,DLR (City routes) // OB,884,CNTu,Canning Town,EntEx,Alight-Exit,1155.57431332,15.0485462,102.44637516,236.02899236,443.0965268,214.2184158,144.735457,0.069094812,0.194228624,0.5451296640000001,1.590573764,2.154998364,2.748064852,3.29846628,4.44798984,4.88472462,6.48825882,9.00160732,10.43758608,11.07358548,11.5760826,10.45230448,8.54457768,8.40771788,7.45392988,6.784446000000001,7.34155432,7.57186992,6.696138060000001,6.71633658,6.607834459999999,6.18731126,6.31571756,6.33461582,6.50217182,7.15615282,7.733032819999999,7.808087319999998,8.98799392,9.855715,9.933037400000002,9.922032199999999,10.3709024,10.0137892,9.9346676,9.9914072,11.520916,13.1212718,17.019813,18.8233128,20.9048654,23.8040616,28.6732942,28.037981,31.0828532,38.474383,39.822343,40.1543506,46.9402526,45.91498060000001,41.4836532,41.9561776,36.75219620000001,29.0282722,28.0722522,24.4757202,19.7903298,18.9499052,17.2546546,14.5017416,13.5308618,12.6570652,12.0861278,11.6897699,12.1817153,12.5411095,13.2081151,12.9714767,13.73847,14.5112564,14.3040952,12.83833,13.5929568,12.3132602,9.497224699999999,6.875915500000001,5.238032100000002,2.3833615,0.7218533,0.0,0,0,0,0,0,0,0,0,0,0,0.0,0.0,0.0
120390>120322,884,884,CNTu,Canning Town,DLR (City routes) // OB,884,CNTu,Canning Town,Jubilee // NB,Alight-Interchange-Board,2312.469232599999,82.2523804,526.4616760000001,796.0522643999999,599.8826894000001,238.0645691,69.7556533,1.50946608,4.151028080000001,6.955925880000001,9.86455428,12.57657948,14.64533,14.9237134,17.6257832,24.3351494,30.2015994,39.4404968,48.36534140000001,52.8554448,55.1365728,55.667336,50.18439720000001,49.1775152,46.50039020000001,38.891766,35.7056668,33.22859680000001,26.26281700000001,23.40255580000001,22.2871972,20.93373,21.3538576,22.698788,23.7975124,27.1105912,28.3570336,29.4079212,30.8287258,31.4727996,31.1363136,33.319498,34.21569760000001,34.8930314,36.2101544,37.8539938,41.3039596,45.87277460000001,49.559047,52.9591134,57.58655479999999,56.3970726,59.31539360000001,60.81398520000001,59.45275540000001,58.057382,55.36808360000001,47.98789439999999,44.4540122,41.5228356,36.0437312,40.9294112,39.54013240000001,34.589634,32.74163160000001,31.05366160000001,21.9516354,20.6471874,19.6985806,17.6525456,15.3665626,13.9926348,11.1610274,10.1842446,9.0252235,8.76622976,8.63306376,8.12593356,7.126083560000001,6.825402340000003,7.537881080000001,7.15654228,5.85773988,4.767299080000001,3.493772799999999,1.4657052,0.0,0.0,0.0,0.0,0,0,0,0,0,0,0,0,0,0,0.0,0.0,0.0
120390>120323,884,884,CNTu,Canning Town,DLR (City routes) // OB,884,CNTu,Canning Town,Jubilee // SB,Alight-Interchange-Board,2490.254519299999,33.92821878,404.17277332,941.7444684999999,758.6182852000001,287.6970151200001,64.09375838000001,0.7093467200000001,1.47852902,1.76058316,2.58582836,4.377989960000002,4.7844069,5.433211399999998,12.79832326,18.82125926,22.85785666,32.2880006,41.3217578,43.787831,45.37845900000001,44.3719,37.10315600000001,30.62916660000001,27.9419864,26.081132,33.590268,39.6210748,38.41112950000001,35.5010309,33.7360625,30.8568353,27.0713681,32.9149236,33.381799,36.13209060000001,31.6922738,35.7960466,32.2657864,34.7090462,32.5187202,37.453861,33.13086180000001,34.4876032,34.4370756,38.912883,38.5135842,53.49169140000001,60.93040139999999,67.06136140000001,68.71695799999999,67.81900320000001,64.05857400000001,69.84680600000002,69.20010320000002,75.66488720000002,76.835621,72.4122402,63.72967420000001,59.07623700000001,48.161469,48.3055408,43.50812940000001,40.6830562,39.5082842,38.3265532,33.5831572,32.320057,26.8240974,22.981264,18.4816498,14.29721824,8.9913788,7.16477564,4.53552344,3.920975380000001,4.329875260000001,4.63049758,4.999836480000001,5.582338980000001,6.735379840000001,6.610199420000002,6.618333740000002,6.5384726,5.78811612,3.876596520000001,2.55571982,1.51574022,0.39167642,0.0,0,0,0,0,0,0,0,0,0,0,0.0,0.0,0.0
120390>120392,884,884,CNTu,Canning Town,DLR (City routes) // OB,884,CNTu,Canning Town,DLR (Stratford Int'l route) // OB,Alight-Interchange-Board,15.7668014,0.2086252,0.0521563,7.63803386,7.867986040000001,0.0,0.0,0.0,0.0,0.0,0.0,0.0521563,0.0521563,0.0521563,0.0521563,0.0521563,0.0,0.0,0.0,0.0,0.0,0.0,0.0,0.0,0.0,0.0,0.0,0.0,0.0,0.0,0.0,0.0,0.0,0.0,0.0,0.0,0.0,0.0,0.0,0.0,0.0,0.0,0.0,0.0,0.0,0.0,0.0,0.0,2.0634308,2.47339908,3.10120398,3.10120398,3.10120398,1.03777318,0.6278049000000001,0.0,0.0,0.0,0.0,0.0,0.0,0.0,0.0,0.0,0.0,0.0,0.0,0.0,0.0,0.0,0.0,0.0,0.0,0.0,0.0,0.0,0.0,0.0,0.0,0.0,0.0,0.0,0.0,0.0,0.0,0.0,0.0,0.0,0.0,0.0,0,0,0,0,0,0,0,0,0,0,0.0,0.0,0.0
120390>120393,884,884,CNTu,Canning Town,DLR (City routes) // OB,884,CNTu,Canning Town,DLR (Stratford Int'l route) // IB,Alight-Interchange-Board,300.09822322,12.54335673,45.79060076,127.2367635,51.76217749999999,48.25890266,14.50642207,0.09320864,0.31572406,0.57196644,1.03431724,2.40823064,2.41027719,2.48989841,3.219734110000001,3.55286647,3.25907373,4.12479614,4.40651342,4.719944480000001,4.92434332,4.14124942,3.84108848,3.95567706,2.89237504,2.31891248,3.65376072,3.46656628,3.391059560000001,4.08153634,5.0566975,3.98497474,4.49302882,4.39767974,4.61640484,4.05515384,4.83323908,4.5800681,4.862926000000002,4.381759080000001,4.532085680000002,3.943212720000001,4.581735,4.40829906,5.23960132,5.821921620000001,8.171263300000001,7.885752259999999,7.6670586,9.70799086,9.07674916,6.75320932,6.52243016,6.743653159999999,4.28001516,4.442194440000002,4.1450836,4.096909800000001,3.97230072,3.1114367,2.32071308,2.38910478,2.98512658,2.84519792,4.474255540000001,4.78096746,4.720203400000001,3.9435616,5.127875339999999,3.95624654,4.418874460000001,4.245230680000001,4.07058018,2.8144156,2.86149394,2.0237935,2.08819154,1.778843294,1.528391874,1.091416194,0.913740434,1.283616974,1.14567212,1.09297412,0.8134680599999999,0.7463139599999999,0.0,0.0,0.0,0.0,0,0,0,0,0,0,0,0,0,0,0.0,0.0,0.0
120391>120301,884,884,CNTu,Canning Town,DLR (City routes) // IB,884,CNTu,Canning Town,EntEx,Alight-Exit,626.4903880999998,27.54523038,140.42684372,203.8138872,148.70666742,64.38809140000001,41.60966798,0.8631886000000001,1.5982938,2.47739774,3.23302918,4.16408538,4.02295494,4.37971734,6.806563400000001,9.29604116,12.68508696,16.9121334,18.0691414,16.51272830000001,15.6479293,12.5363952,8.703601800000001,8.197977999999999,8.002003160000001,6.7744053,7.089399739999998,7.1061878,6.693744059999998,6.452252939999998,6.784713200000001,6.48650392,7.00494046,7.2753988,7.82119526,7.84362426,8.436525099999999,8.154451980000001,8.125813180000002,7.792129920000002,7.78896892,7.24938934,7.452275360000002,7.64175176,8.32717782,9.17712442,10.2847787,11.6929572,12.3581936,12.9795376,12.8842516,12.6105546,13.1765464,13.1246956,12.6408716,13.8088552,13.8488834,12.4001244,13.3678948,12.6634173,10.70091504,10.59580924,9.76809984,7.506064640000001,7.554327140000002,7.129915080000001,6.12233796,5.792306360000001,5.550687460000002,4.731573360000001,4.52892834,4.30444038,3.9306047,3.64950414,3.58740184,3.26786964,2.93105272,3.1103117,3.82702742,3.61268142,3.89176776,3.730780600000001,4.363978299999999,3.822420040000001,3.33681882,2.53973922,2.22205438,0.84341438,0.10975158,0.0,0,0,0,0,0,0,0,0,0,0,0.0,0.0,0.0
120391>120322,884,884,CNTu,Canning Town,DLR (City routes) // IB,884,CNTu,Canning Town,Jubilee // NB,Alight-Interchange-Board,7609.198198599997,679.3409115999999,2325.9347494,2360.138697,1543.785138,501.5364994,198.4622032,9.869098,23.2265748,48.52636279999999,71.1108968,104.7489928,125.8824008,137.9682788,158.0083068,171.2283988,179.0771628,203.6868268,226.171188,220.774038,235.032682,229.296746,212.540258,199.923494,177.037165,143.162233,128.004557,106.237663,84.033015,85.314604,86.84023700000002,81.20103420000002,81.8143962,88.23296220000002,89.20910940000002,90.67446120000001,96.372248,98.569114,98.018736,96.37974880000002,94.393128,92.48699599999999,91.221484,89.31267199999999,92.052806,94.216668,102.48883,114.890976,123.967696,136.445066,145.765046,140.068318,144.775768,147.033454,139.951378,144.60832,146.410006,130.5377572,129.4705272,123.3320912,105.4070652,99.3451852,92.845268,75.0695448,68.96901679999999,60.7127308,52.16934000000001,44.24297960000001,40.1425706,31.6131558,30.3647042,25.8026948,25.2475674,23.6393898,23.5628048,21.6864074,21.0762694,20.9474498,22.9706316,21.7283994,25.2496332,23.29125952,18.53063292,12.65890492,8.935586920000002,1.38702812,0.0,0.0,0.0,0.0,0,0,0,0,0,0,0,0,0,0,0.0,0.0,0.0
120391>120323,884,884,CNTu,Canning Town,DLR (City routes) // IB,884,CNTu,Canning Town,Jubilee // SB,Alight-Interchange-Board,5502.922613044729,356.0027323000001,1338.0610826,1150.6191006,1841.880204,531.9385672000001,284.4209263447297,6.870562800000001,13.76241,18.8871074,46.51598340000001,57.08059220000001,53.30949210000002,67.26265290000002,92.31393150000002,94.8725355,109.6370807,147.411916,152.051,154.043488,147.544376,138.880648,105.6023088,98.83782579999999,74.81082059999999,61.89944000000001,52.46964320000001,53.5213528,36.3714992,32.337859,24.5244778,27.9200946,23.70925100000001,31.647061,32.608103,40.38030080000001,35.54711740000001,42.98019620000001,39.08338980000001,44.5504904,39.38570300000001,44.9164718,38.9516058,44.1751148,39.2904898,46.4166748,48.1982154,69.4319898,88.68587780000001,114.9055216,111.080243,133.245875,155.287679,165.004323,169.034073,205.292014,196.0149,173.473846,162.223026,146.241378,120.32544,117.55282,98.18483,73.60980699999999,61.78283399999999,55.74502800000001,40.02021760000001,42.99997560000001,45.49861860000001,45.34021360000001,37.5952156,37.34816600000001,32.59895160000001,31.0984188,28.3011208,28.9281264,27.13409,24.4605614,29.3310216,26.2993106,31.3110056,29.9989306,29.7207956,21.94247600000001,19.83778130894592,8.767958708945919,4.619660108945919,2.06920810894592,3.0894592e-07,0.0,0,0,0,0,0,0,0,0,0,0,0.0,0.0,0.0
120391>120392,884,884,CNTu,Canning Town,DLR (City routes) // IB,884,CNTu,Canning Town,DLR (Stratford Int'l route) // OB,Alight-Interchange-Board,338.9188491400001,10.20336048,77.27475256,124.0992057,65.14537675999999,30.08847978,32.10767386,0.24486414,0.53891238,0.74688808,0.8181938679999999,1.226128908,1.513909708,1.853558548,3.260904848,4.70064186,5.845111020000001,8.13022088,9.217639199999999,8.7957234,8.56218114,8.17900186,6.23513526,5.31079014,5.02452562,4.04060658,3.2331756,3.12777876,2.810761600000001,3.10068622,3.655579420000001,4.02393668,4.01021212,4.59669588,4.43556908,4.656486780000002,5.043353900000001,5.374627600000001,5.49378272,5.613556300000001,5.486819300000001,5.178753500000001,5.0102428,4.722553680000001,4.491334200000001,4.7915912,5.642038680000002,8.32499228,8.228866300000002,8.149131900000002,8.1298548,7.395592700000001,5.420016099999999,5.8038444,5.9405502,6.0171917,6.09995966,5.33184206,5.34103826,5.144301120000002,4.41600184,4.16733112,4.0677076,3.06246336,3.05493282,2.9053549,2.65864194,2.33390272,2.80609484,2.45782856,2.47855926,2.30213522,2.30264972,1.93591192,1.79000452,1.5753866,1.51852402,1.31752696,1.56295038,1.82243194,2.23697628,3.62614282,5.038141120000001,4.49790622,3.95540102,3.3123443,1.6439422,0.0,0.0,0.0,0,0,0,0,0,0,0,0,0,0,0.0,0.0,0.0
120391>120393,884,884,CNTu,Canning Town,DLR (City routes) // IB,884,CNTu,Canning Town,DLR (Stratford Int'l route) // IB,Alight-Interchange-Board,39.8862,31.90896,7.977240000000001,0.0,0.0,0.0,0.0,0.0,0.0,0.0,0.0,7.977240000000001,7.977240000000001,7.977240000000001,7.977240000000001,7.977240000000001,0.0,0.0,0.0,0.0,0.0,0.0,0.0,0.0,0.0,0.0,0.0,0.0,0.0,0.0,0.0,0.0,0.0,0.0,0.0,0.0,0.0,0.0,0.0,0.0,0.0,0.0,0.0,0.0,0.0,0.0,0.0,0.0,0.0,0.0,0.0,0.0,0.0,0.0,0.0,0.0,0.0,0.0,0.0,0.0,0.0,0.0,0.0,0.0,0.0,0.0,0.0,0.0,0.0,0.0,0.0,0.0,0.0,0.0,0.0,0.0,0.0,0.0,0.0,0.0,0.0,0.0,0.0,0.0,0.0,0.0,0.0,0.0,0.0,0.0,0,0,0,0,0,0,0,0,0,0,0.0,0.0,0.0
120392>120301,884,884,CNTu,Canning Town,DLR (Stratford Int'l route) // OB,884,CNTu,Canning Town,EntEx,Alight-Exit,535.55604672,13.99498442,41.17819576,170.91702874,93.99107984000001,104.9608515,110.51390646,0.053637504,0.269119104,0.791663204,1.685891204,1.897109244,2.54123972,3.517103820000001,3.23922062,3.16793916,4.33784638,4.02404414,3.54321274,4.02197714,3.70110838,2.81171872,3.10049358,2.764388,3.0896393,3.34172856,3.27409966,3.880126160000001,5.157881840000001,5.195432240000001,5.3250108,6.138696220000001,6.057651720000001,5.398331240000001,5.45104114,5.85492028,5.870027240000002,5.85555258,6.27901496,6.62837246,6.99136892,6.876352440000002,8.0441783,8.339934,8.981070599999999,9.417734800000002,10.0327852,9.765855,10.372362,9.340945800000002,9.662382800000001,10.4373212,9.1715378,8.686914999999999,9.640658000000002,7.915656000000002,6.651150600000002,7.684472800000003,6.829185280000001,6.14966316,7.35688596,6.802278220000002,6.66535582,7.693330140000001,8.840529060000003,8.97253586,9.3823184,9.5214996,9.050288,8.301986800000002,7.7547444,8.633361,8.17360888,9.32754028,9.30910908,9.94807468,8.69101972,8.807668580000003,6.491775619999999,5.73311822,3.8300105,5.06949266,8.62703772,13.10202028,12.39678252,12.18521704,10.20563244,5.13724944,0.28880704,0.0,0,0,0,0,0,0,0,0,0,0,0.0,0.0,0.0
120392>120322,884,884,CNTu,Canning Town,DLR (Stratford Int'l route) // OB,884,CNTu,Canning Town,Jubilee // NB,Alight-Interchange-Board,872.4412439999996,74.14305838000001,196.10006162,276.7660512,183.2695144,71.74638528000001,70.41617312,1.271336,2.2895219,5.4900823,8.6738519,10.04650844,14.12751004,17.47676754,14.76748026,15.06477786,18.02562152,15.30675832,16.62667612000001,20.0290062,17.898509,16.5236798,17.76698,15.0963088,14.7850218,14.8126894,14.1640328,12.6045974,11.9605616,10.8997488,11.6400948,10.4545136,9.61838234,8.827355599999999,7.441130800000002,6.901555200000002,7.346025599999999,7.995871060000002,8.1000174,9.142101400000001,9.2208154,9.8292086,9.7900608,10.2319014,10.2069744,11.6811514,12.5920348,14.4329078,20.9856134,21.7626394,23.1007882,22.9435912,20.51376412,17.83978012,19.96086052,16.56524338,16.97240458000001,17.78299666000001,12.93111976,10.09095856,10.6731155,8.423267599999999,8.572412400000001,8.940275759999997,8.05721136,8.16579376,8.67914626,6.77231508,6.237304420000001,5.5245553,4.4609994,3.2822512,3.53216118,3.628589520000001,4.465782040000001,4.865688540000002,5.51095944,6.37429004,6.314582700000001,5.72224464,5.01019466,9.69500336,8.025905560000002,7.001872760000001,6.142451020000001,5.752980400000001,0.0,0.0,0.0,0.0,0,0,0,0,0,0,0,0,0,0,0.0,0.0,0.0
120392>120390,884,884,CNTu,Canning Town,DLR (Stratford Int'l route) // OB,884,CNTu,Canning Town,DLR (City routes) // OB,Alight-Interchange-Board,113.2826530651208,79.86332000000002,5.404156800000001,23.63752410000001,4.100164,0.0,0.2774881651208,0.0,0.0,0.0,15.972664,15.972664,15.972664,15.972664,15.972664,0.0,0.0,0.0,0.0,0.0,0.0,0.0,0.0,0.0,0.0,0.0,5.404156800000001,5.404156800000001,5.404156800000001,5.404156800000001,5.404156800000001,0.0,0.0,0.0,0.0,0.0,0.0,0.0,0.0,0.0,0.0,0.0,0.0,0.0,0.0,0.1991711800000001,0.1991711800000001,0.1991711800000001,0.1991711800000001,0.1991711800000001,1.025041,1.025041,1.025041,1.025041,1.025041,0.0,0.0,0.0,0.0,0.0,0.0,0.0,0.0,0.0,0.0,0.0,0.0,0.0,0.0,0.0,0.0,0.0,0.0,0.0,0.0,0.0,0.0,0.0,0.0,0.048962348,0.048962348,0.04896240762416001,0.04896240762416001,0.05549763302416,0.00653528502416,0.00653528502416,0.006535225400000001,0.006535225400000001,0.0,0.0,0,0,0,0,0,0,0,0,0,0,0.0,0.0,0.0
120392>120391,884,884,CNTu,Canning Town,DLR (Stratford Int'l route) // OB,884,CNTu,Canning Town,DLR (City routes) // IB,Alight-Interchange-Board,280.6090621109,15.44299574,43.58909108,121.25003742,49.64027717000001,34.61287094,16.0737897608999,0.18836152,0.30227628,0.76155788,1.41799594,2.19680868,3.16855336,3.77571284,3.63172924,4.00876718,4.4868929,3.631130880000001,3.751304040000001,4.506152500000002,3.674454560000001,2.70348018,2.9350304,2.5240484,2.54853594,4.23250988,4.58678422,5.56150102,5.96046022,5.861586480000001,4.434680340000001,4.70152612,4.12524204,4.44776924,4.16992132,4.79853866,4.42492246,4.269402980000002,3.7967229,3.93586096,3.79091648,4.23270616,4.48384142,5.22880544,5.17630778,5.200177760000001,5.00177968,5.73355658,6.961543640000002,6.806643520000002,8.145624220000002,8.207162700000001,6.639798734000001,4.878011534000001,5.267334314,3.379794234,3.398840814,3.93784976,3.39162572,2.81343592,3.10866784,2.46784566,2.14990994,2.944342580000001,3.00301928,2.85830454,3.17572252,3.58782706,2.92807834,2.74848286,2.65537712,3.073786060000001,2.50442798,2.53869098,2.59481162,2.75984558,2.09134382,2.11749188,1.95562206,2.0444924,1.432229794,1.14828225817998,0.91237622817998,0.7367982081799799,0.25194040817998,0.22392829417998,0.22392819,0.17551064,0.0,0.0,0,0,0,0,0,0,0,0,0,0,0.0,0.0,0.0
120393>120301,884,884,CNTu,Canning Town,DLR (Stratford Int'l route) // IB,884,CNTu,Canning Town,EntEx,Alight-Exit,585.0432838299998,12.98889672,135.10283766,192.856364,142.92568024,75.37848402000002,25.79102119,0.0,0.22486756,0.77327836,0.96263888,1.38354222,2.18544462,2.91773734,4.54138774,6.79280562,10.06453428,13.90216708,15.2827536,16.6284978,16.32090250000001,13.6648913,10.42796544,9.71211584,7.759442400000001,7.190089200000001,7.3566726,7.78759086,7.429275860000002,7.4933151,7.229724099999999,7.735112700000001,7.35142556,8.11500296,7.92523768,8.44974738,8.41625038,8.42210892,7.62397908,7.888784559999999,7.38496902,7.33040042,6.989098759999999,7.683057699999999,7.682895099999999,8.52889924,8.79254904,9.02580794,9.44910564,9.2896639,8.832362100000003,9.805936500000001,11.73693846,11.66361466,13.3400064,14.5342202,13.5465974,12.4215096,12.6928056,11.02119892,10.70312072,11.21929672,10.24043506,10.04281906,9.940082020000002,8.082968180000002,6.666699180000001,6.700600240000003,5.330471980000001,4.908420560000001,5.030571800000001,5.085675160000001,4.677588060000001,4.598684,4.31390378,4.13467432,3.51095566,3.317349060000001,2.65141578,2.021134626,1.561012766,1.196289346,0.966636666,1.119164466,1.48140782,1.26995074,1.23325386,0.85599044,0.4717856400000001,0.0,0,0,0,0,0,0,0,0,0,0,0.0,0.0,0.0
120393>120322,884,884,CNTu,Canning Town,DLR (Stratford Int'l route) // IB,884,CNTu,Canning Town,Jubilee // NB,Alight-Interchange-Board,5850.809288100004,283.644888,1924.889684,1869.886232,1213.0267756,445.9347974,113.4269111,0.0,3.1573888,9.2822194,12.141916,27.39003200000001,50.55781400000001,77.78262520000001,103.3328926,127.759916,145.030084,167.342378,174.847254,178.934616,193.102004,193.61932,179.807868,167.5438720000001,151.036424,131.365766,114.500182,98.8725568,87.2364608,80.08876880000003,70.95227879999999,71.2273828,68.02149,70.77665,73.265612,77.725502,75.90446200000002,80.505872,77.485602,78.05708879999999,74.59919959999999,76.12918559999999,72.4335136,73.89933640000001,69.59965360000001,75.7379208,77.63492600000002,76.87480000000002,79.6165952,92.25790120000002,90.9834732,93.559729,107.087803,109.253279,112.496793,119.460957,115.407082,108.502413,109.258045,96.425127,85.07866380000002,83.91732280000002,72.57956100000001,64.286455,58.1415562,49.80883,40.997907,39.600833,32.3108252,30.4822086,29.7987426,27.8745738,25.0567506,24.705089,22.8710264,22.3897042,20.5612346,18.2240418,15.0420534,11.37674094,7.93186594,6.408434020000001,4.69416282,2.96032662,2.51322908,1.32511768,0.0,0.0,0.0,0.0,0,0,0,0,0,0,0,0,0,0,0.0,0.0,0.0
120393>120323,884,884,CNTu,Canning Town,DLR (Stratford Int'l route) // IB,884,CNTu,Canning Town,Jubilee // SB,Alight-Interchange-Board,1227.18707816587,47.6103636,332.9995514,84.4098656,658.7897988000001,98.83018060000003,4.54731816587,0.0,0.0,0.0,0.0,0.0,6.294241,14.325343,26.9907796,30.818886,35.8415278,35.6397578,30.6350554,26.88283280000001,27.4649474,28.4857744,24.6925866,28.7760922,24.7534598,22.52605,16.4825812,14.183298,7.073392800000001,2.1828112,0.0,0.0,0.0,0.0,0.0,0.0,0.0,0.0,0.0,0.0,0.0,0.0,0.0,0.0,0.0,0.0,0.0,0.0,0.2410302000000001,27.1855642,33.5437692,35.61120560000001,56.2222804,62.07746220000001,53.0868802,68.1254252,71.6305622,63.54544739999999,65.53260739999999,50.7034038,36.9579324,53.91127600000001,41.385316,35.86696880000001,32.74222040000001,25.0909418,2.5650248,2.5650248,0.0,0.0,0.0,0.0,0.0,0.0,0.0,0.0,0.0,0.0,0.0,0.0,0.0,0.0,1.9773174e-05,0.2350422731740001,0.909463633174,0.909463633174,0.909463633174,0.90944386,0.6744213600000001,0.0,0,0,0,0,0,0,0,0,0,0,0.0,0.0,0.0
120393>120390,884,884,CNTu,Canning Town,DLR (Stratford Int'l route) // IB,884,CNTu,Canning Town,DLR (City routes) // OB,Alight-Interchange-Board,326.8133778325501,8.2508581,75.26432922000001,124.31152554,73.41454686000002,36.009412912,9.56270520055,0.0,0.1762236600000001,0.51623754,0.625538308,0.875110088,1.409951628,1.776145628,2.871651248,3.786156480000001,5.456933500000001,7.42150636,8.36052276,8.465426260000001,8.62086566,7.660796319999998,5.869698119999999,5.28677852,4.74236872,4.50356332,5.0897132,5.069873040000001,4.65350522,4.59949002,4.730253820000001,3.86067908,3.9401974,4.45583856,4.60686016,4.406675440000001,4.74864474,5.1393681,5.041482540000001,5.03160264,5.09682696,4.742200700000001,4.72359806,4.54501702,4.430955320000002,4.99643152,5.843619080000002,5.572134880000001,7.275062480000001,8.56089788,8.240310880000001,8.07067688,8.628934000000001,7.14818334,6.1344268,6.406078460000002,6.300291860000002,5.900544580000001,5.966704300000001,5.41537512,4.711322900000001,4.2851211,4.446887520000002,4.52934366,4.34501118,3.976068000000001,3.5566802,2.89829068,2.38875608,2.608755480000001,2.597190620000001,2.73067888,2.50444216,2.20004548,1.674150492,1.551062092,1.196801702,1.063763934,0.897707754,0.7840511859999999,0.7115326759999999,0.5979817100000001,0.7247731980000001,0.661351432,0.5754155205100001,0.4027984305100001,0.3467465265100001,0.04871190651000001,7.132510000000001e-06,0.0,0,0,0,0,0,0,0,0,0,0,0.0,0.0,0.0
120393>120391,884,884,CNTu,Canning Town,DLR (Stratford Int'l route) // IB,884,CNTu,Canning Town,DLR (City routes) // IB,Alight-Interchange-Board,11.21388175,6.721051999999999,0.0,1.7764533,1.12327875,1.5930977,0.0,0.0,1.3442104,1.3442104,1.3442104,1.3442104,1.3442104,0.0,0.0,0.0,0.0,0.0,0.0,0.0,0.0,0.0,0.0,0.0,0.0,0.0,0.0,0.0,0.0,0.0,0.0,0.0,0.0,0.0,0.0,0.0,0.0,0.0,0.0,0.0,0.0,0.0,0.0,0.0,0.0,0.0,0.0,0.03661407,0.57994641,0.57994641,0.57994641,0.57994641,0.5433323400000001,0.0,0.0,0.0,0.0,0.0,0.0,0.0,0.0,0.0,0.0,0.31861954,0.31861954,0.31861954,0.31861954,0.31861954,0.0,0.0,0.0,0.0,0.0,0.0,0.0,0.0,0.0,0.0,0.0,0.0,0.0,0.0,0.0,0.0,0.0,0.0,0.0,0.0,0.0,0.0,0,0,0,0,0,0,0,0,0,0,0.0,0.0,0.0
231180>231022,723,1451,SOHr,South Hampstead,LO Lioness // NB,723,SWCu,Swiss Cottage,Jubilee // NB,Alight-Exit-Interchange-Enter-Board,0.023407193,0.0,0.023407193,0.0,0.0,0.0,0.0,0.0,0.0,0.0,0.0,0.0,0.0,0.0,0.0,0.0,0.0,0.0,0.0,0.0046814386,0.0046814386,0.0046814386,0.0046814386,0.0046814386,0.0,0.0,0.0,0.0,0.0,0.0,0.0,0.0,0.0,0.0,0.0,0.0,0.0,0.0,0.0,0.0,0.0,0.0,0.0,0.0,0.0,0.0,0.0,0.0,0.0,0.0,0.0,0.0,0.0,0.0,0.0,0.0,0.0,0.0,0.0,0.0,0.0,0.0,0.0,0.0,0.0,0.0,0.0,0.0,0.0,0.0,0.0,0.0,0.0,0.0,0.0,0.0,0.0,0.0,0.0,0.0,0.0,0.0,0.0,0.0,0.0,0.0,0.0,0.0,0.0,0.0,0,0,0,0,0,0,0,0,0,0,0.0,0.0,0.0
231180>231023,723,1451,SOHr,South Hampstead,LO Lioness // NB,723,SWCu,Swiss Cottage,Jubilee // SB,Alight-Exit-Interchange-Enter-Board,0.026609456,0.0,0.0,0.0,0.026609456,0.0,0.0,0.0,0.0,0.0,0.0,0.0,0.0,0.0,0.0,0.0,0.0,0.0,0.0,0.0,0.0,0.0,0.0,0.0,0.0,0.0,0.0,0.0,0.0,0.0,0.0,0.0,0.0,0.0,0.0,0.0,0.0,0.0,0.0,0.0,0.0,0.0,0.0,0.0,0.0,0.0,0.0,0.0,0.0,0.0,0.0,0.0,0.0,0.0,0.0,0.0,0.005321891200000001,0.005321891200000001,0.005321891200000001,0.005321891200000001,0.005321891200000001,0.0,0.0,0.0,0.0,0.0,0.0,0.0,0.0,0.0,0.0,0.0,0.0,0.0,0.0,0.0,0.0,0.0,0.0,0.0,0.0,0.0,0.0,0.0,0.0,0.0,0.0,0.0,0.0,0.0,0,0,0,0,0,0,0,0,0,0,0.0,0.0,0.0
231181>231022,723,1451,SOHr,South Hampstead,LO Lioness // SB,723,SWCu,Swiss Cottage,Jubilee // NB,Alight-Exit-Interchange-Enter-Board,9.720463714300001,0.8886084954000001,1.0815544884,1.6640616395,4.384458535999999,1.5565497124,0.1452308426,0.0,0.0,0.0,0.13839648,0.1526805408,0.1987624648,0.1987624648,0.200006545,0.08703145500000001,0.07274739420000001,0.07285209020000001,0.07285209020000001,0.135653446,0.110232056,0.14697032,0.10759057,0.1141685848,0.0623785108,0.0640892466,0.03498872460000001,0.02818185460000001,0.0271698738,0.020337903,0.0272562106,0.03008726300000001,0.0337366326,0.03936066220000001,0.03682483500000001,0.03430667740000001,0.02817033380000001,0.0531361242,0.07394071260000001,0.0965876706,0.1042612158,0.112570329,0.08506834506000001,0.06022738066,0.04311800666,0.04961233646,0.05220629046000001,0.06674350640000001,0.1268196148,0.1864104348,0.247927426,0.252449744,0.292186986,0.62144111,0.553425142,0.5270725500000001,0.5073147139999999,0.522378786,0.125894866,0.266256386,0.210813226,0.287838366,0.21738666,0.21738666,0.122288594,0.136453302,0.075482482,0.105314178,0.105314178,0.17058321,0.1682345246,0.1550109938,0.127458692,0.141777692,0.031245206,0.0221438956,0.03557524720000001,0.033295853,0.018976853,0.018976853,0.0162621408,0.0,0.0,0.0,0.0,0.0,0.0,0.0,0.0,0.0,0,0,0,0,0,0,0,0,0,0,0.0,0.0,0.0
231181>231023,723,1451,SOHr,South Hampstead,LO Lioness // SB,723,SWCu,Swiss Cottage,Jubilee // SB,Alight-Exit-Interchange-Enter-Board,132.715158886211,17.06260991,32.775210474,25.52411196600001,38.32893956,14.299497747,4.72478922921104,0.0,0.07760207000000001,1.22074419,1.78151223,2.76700055,3.87579285,4.004384399999998,3.33557362,3.18848786,2.20299954,2.77297824,2.56678462,3.71957468,3.3058924,4.01586994,2.488681812,2.713401972,1.316091972,2.503251572,1.981195866,1.919489508,1.977038248,2.066778848,0.89034885,0.817615636,0.7408103500000001,0.5538354420000001,0.4912084820000001,0.54544703,0.68630021,1.028487662,1.42901929,1.334192742,1.276811406,1.222909806,0.8944735500000001,0.429899334,0.3779934740000001,0.6323265800000001,0.6010482,0.8056415960000002,0.8617872420000001,1.95857331,1.98207517,2.06074131,2.12391851,3.729599060000001,2.52262036,3.27667318,3.02714522,5.157401800000001,3.4643242,4.13831168,3.09883708,4.07710838,1.65225878,1.8506804,1.27485615,2.08949135,1.1179264756,1.2977330416,1.2865849016,1.7764126716,0.9676691822,0.9771130136,0.8031231916,0.6690837575999999,0.1888236116,0.474939601,0.464646786,0.4602822038000001,0.4092361998,0.3163651458,0.024357586042208,0.5234108440422081,0.5219586822422081,0.5197706402422081,0.5049108402422079,0.5049107,0.0,0.0,0.0,0.0,0,0,0,0,0,0,0,0,0,0,0.0,0.0,0.0
50371>30120,1475,1475,MYBr,Marylebone NR,NR Chiltern // UP,511,BSTu,Baker Street,H&C and Circle // EB,Alight-Exit-Interchange-Enter-Board,9.585377096373099,0.29320273836,1.85722077004,4.79291245358,2.08175988365568,0.2546990732035201,0.3055821775338999,0.0,0.0,0.0,0.057081854,0.057081854,0.05867912099999999,0.06017995467999999,0.06017995467999999,0.00365008468,0.01039191168,0.07223908068000001,0.092158545,0.225385655,0.261279047,0.25453722,0.2105845160000001,0.299891698,0.166664588,0.130219212,0.130219212,0.11072748,0.0,0.0,0.0215054348,0.0276035744,0.0276035744,0.0608194304,0.08719203040000001,0.06568659560000001,0.05958845600000001,0.05958845600000001,0.0263726,0.0,0.0,0.5031177,0.50336353214,0.50336353214,0.50336353214,0.74178269214,0.2386649921400001,0.23864679822,0.26404953422,0.43855765422,0.31131485422,0.32026980022,0.320042162,0.308124804,0.190679208,0.187717488,0.178762542,0.183655576,0.1769838404,0.1199213164,0.0270107704,0.02701147811784,0.04158089811784,0.03476725571784001,0.04023412511784001,0.02493003111784,0.03342890020000001,0.0139664462,0.0139664462,0.008499576800000002,0.008499576800000002,0.0,7.110350000000001e-06,7.110350000000001e-06,0.07639249434999999,0.07639249434999999,0.07639249434999999,0.076385384,0.07638550466613,2.25110733e-06,2.324454780000001e-06,2.324454780000001e-06,5.284166780000001e-06,5.163500650000002e-06,3.033059450000001e-06,2.959712e-06,2.959712e-06,0.0,0.0,0.0,0,0,0,0,0,0,0,0,0,0,0.0,0.0,0.0
50371>30121,1475,1475,MYBr,Marylebone NR,NR Chiltern // UP,511,BSTu,Baker Street,H&C and Circle // WB,Alight-Exit-Interchange-Enter-Board,4.516717984862734,0.596791896,1.1996348045228,1.659683153156292,0.9499572469758283,0.040032180000605,0.07061870420721002,0.0,0.0,0.0,0.049268494,0.049268494,0.120725546,0.127363105,0.250166257,0.211715521,0.2276245402,0.1621597496,0.1555221906000001,0.0327190386,0.07769927459999999,0.06180058896599998,0.070308942566,0.07031691728919999,0.08045812088919999,0.0246601268892,0.0246497933232,0.0200693067232,0.06765423400000001,0.0575130304,0.08168775340000001,0.08168775340000001,0.09700489699999999,0.04941311536414,0.13403059936414,0.10985649511362,0.10985649511362,0.08461922311362001,0.13520136274948,0.05058423286441999,0.05058361411494,0.05058398485333999,0.05433669585333999,0.00375365283474,0.0037532987198,0.003753533228080001,0.003753487829960001,9.1621378e-07,0.13666178723238,0.136661959088986,0.136661724580706,0.1366614798400801,0.26515072045626,0.1330996724562601,0.1330996931421141,0.135326794242114,0.13532671364246,0.006837333642459999,0.00222729364246,0.002227148283442,1.32542726e-07,1.32542726e-07,1.32542726e-07,1.7440744e-07,1.27223998e-07,4.186471400000001e-08,0.001313847164714,0.001313870019719,0.001313828155005,0.001313828155005,0.004483828155005001,0.003170022855005,0.00317,0.00317,0.020782612,0.017612612,0.017646185748,0.017646185748,0.017646185748,3.3588014642e-05,3.3634232256e-05,6.048425599999999e-08,7.749344199999999e-08,7.749344199999999e-08,6.32268e-08,1.7009186e-08,1.7009186e-08,0.0,0.0,0.0,0,0,0,0,0,0,0,0,0,0,0.0,0.0,0.0
50371>30122,1475,1475,MYBr,Marylebone NR,NR Chiltern // UP,511,BSTu,Baker Street,Jubilee // NB,Alight-Exit-Interchange-Enter-Board,0.08394218810000001,0.004515636900000001,0.03088410160000001,0.0042016824,0.03936936124,0.00497140596,0.0,0.0,0.0,0.0,0.0,0.0,0.0015052123,0.0015052123,0.0015052123,0.004446201500000001,0.004446201500000001,0.003526844000000001,0.005574735400000001,0.005574735400000001,0.0026337462,0.0026337462,0.0020478914,0.0,0.0,0.0,0.0,0.0,0.0,0.00069345496,0.00069345496,0.00069345496,0.00069345496,0.0008403364799999999,0.00014688152,0.00014688152,0.00014688152,0.00014688152,0.0,0.0,0.0,0.0,0.0,0.0,0.0,0.0,0.0,0.0,0.0,0.0,0.0,0.0,0.0,0.003006175,0.003006175,0.003006175,0.003006175,0.003006175,0.002557999,0.005306169600000001,0.005306169600000001,0.005306169600000001,0.00586197844,0.00330397944,0.0005558088400000001,0.0005558088400000001,0.0005558088400000001,0.0,0.0,0.0,0.0,0.0,0.0,0.0,0.0,0.0,0.0,0.0,0.0,0.0,0.0,0.0,0.0,0.0,0.0,0.0,0.0,0.0,0.0,0.0,0,0,0,0,0,0,0,0,0,0,0.0,0.0,0.0
50371>30123,1475,1475,MYBr,Marylebone NR,NR Chiltern // UP,511,BSTu,Baker Street,Jubilee // SB,Alight-Exit-Interchange-Enter-Board,34.86090586091762,5.874136756,9.087793984000001,11.7363370948,7.251602908000001,0.5271733296710001,0.3838617884466,0.0,0.0,0.0,0.7665359,0.7665359,1.43292418,1.454070388,1.454070388,0.8542236820000001,0.934390176,0.288267996,0.409095974,0.438377244,0.8952693700000001,0.8831297400000001,1.1359503,1.013724319,1.183518229,0.5599369090000001,0.4919100450000001,0.348330425,0.70440112,0.5457839520000001,0.5457839520000001,0.5505079076,0.5443335596000001,0.1802231116,0.1397650996000001,0.1416673784,0.1369434228,0.2355816508,0.4147134388,0.4156249272,0.4137226484000001,0.7647158484000001,0.5427449284,0.3552212394,0.354309751,0.6285821309999999,0.414437511,0.4159256361999999,0.8436076452000001,0.9770095752,1.1224002352,1.0063486912,1.268342166,0.92314622,1.09465827,0.7310095299999999,0.7102124940000001,0.4567298228000001,0.4065980728000001,0.1579430528,0.1635094888,0.1662955262,0.1668095734,0.1429897602,0.0867308002,0.025164240699,0.0223887163346,0.0167629643346,0.0049119135346,0.0049119135346,0.0359693170356,0.035958804,0.031079049266,0.031079049266,0.089226801266,0.058155221266,0.076634903266,0.07662743400000001,0.0883920394,0.0302473741752,0.03024766474552,0.01176798274552,0.01177148638292,6.880982920000001e-06,3.79420772e-06,3.5036374e-06,3.5036374e-06,0.0,0.0,0.0,0,0,0,0,0,0,0,0,0,0,0.0,0.0,0.0
50371>30124,1475,1475,MYBr,Marylebone NR,NR Chiltern // UP,511,BSTu,Baker Street,Metropolitan // NB,Alight-Exit-Interchange-Enter-Board,0.031474191,0.0,0.007908736,0.0,0.0208999902,0.0026654648,0.0,0.0,0.0,0.0,0.0,0.0,0.0,0.0,0.0,0.0,0.0,0.0,0.0,0.0,0.0,0.0015817472,0.0015817472,0.0015817472,0.0015817472,0.0015817472,0.0,0.0,0.0,0.0,0.0,0.0,0.0,0.0,0.0,0.0,0.0,0.0,0.0,0.0,0.0,0.0,0.0,0.0,0.0,0.0,0.0,0.0,0.0,0.0,0.0,0.0,0.0,0.0,0.0,0.0020476262,0.0020476262,0.0020476262,0.0020476262,0.004713091,0.0026654648,0.0026654648,0.0026654648,0.0026654648,0.0,0.0,0.0,0.0,0.0,0.0,0.0,0.0,0.0,0.0,0.0,0.0,0.0,0.0,0.0,0.0,0.0,0.0,0.0,0.0,0.0,0.0,0.0,0.0,0.0,0.0,0,0,0,0,0,0,0,0,0,0,0.0,0.0,0.0
50371>30125,1475,1475,MYBr,Marylebone NR,NR Chiltern // UP,511,BSTu,Baker Street,Metropolitan // SB,Alight-Exit-Interchange-Enter-Board,29.51664732657388,11.22278316,11.7925014168,4.047488802867201,0.7504134646113001,1.68343987756556,0.02002060472984,0.0,0.0,0.0,1.3717974,1.3717974,2.82639612,2.82639612,2.82639612,1.83693156,2.10524072,0.6741528240000001,1.195967084,1.195967084,0.8136342440000001,0.7956754840000002,1.01812258,0.5007484692,0.6354705892000001,0.6354705892000001,0.3851201892000001,0.3689699092,0.36452976,0.45768768,0.45768768,0.45768768,0.2278800400000001,0.2278800400000001,0.0,0.00110334148,0.00110334148,0.28937098148,0.28937098148,0.29529383548,0.294190494,0.294190494,0.005922854000000001,0.007511041800000002,0.001588187800000001,0.001588187800000001,0.001588187800000001,0.001772402894,0.000184215094,0.0001937335396,0.0001937335396,0.0028617637396,0.002677548645600001,0.0026966762016,0.079290177756,0.080274376156,0.07760634595600001,0.07760691772386001,0.09178826816786,0.08053577416786001,0.07955157576786001,0.08775598816786001,0.08776805216120001,0.0842975881612,0.0189470621612,0.0189521819666,0.0107477695666,0.03237960100540001,0.0216495870054,0.0216495870054,0.3079498472,0.3079498472,0.28630560209792,0.28630560209792,0.28630560209792,2.2209792e-07,3.68740472e-06,3.4653068e-06,0.004004032106800001,0.004004032106800001,0.004004032106800001,0.0040005668,0.0040005668,0.0,0.0,0.0,0.0,0.0,0.0,0.0,0,0,0,0,0,0,0,0,0,0,0.0,0.0,0.0
30701>30714,524,524,BDSu,Bond Street,Bond Street // EntEx,524,BDSu,Bond Street,Bond Street // Central // EB,Enter-Board,15281.7663316,62.0399824,724.3007731999999,4626.059481000001,5822.405404,2904.685619999999,1142.275071,0.6413059200000001,1.44736512,3.15199052,5.055050920000001,7.356837720000001,11.2470232,14.9964172,18.1439918,22.3172346,26.3729124,30.9048884,38.9552282,49.28113019999999,59.137083,68.67989039999999,77.236851,84.03420799999998,85.64585600000001,89.29395799999999,92.44153299999999,94.883753,99.306372,104.641374,110.395652,119.139093,132.026211,144.093782,158.663506,168.496024,174.354208,177.174394,179.70206,181.326886,190.657714,200.017458,211.03951,217.836426,231.5698940000001,244.102672,261.454336,275.6248440000001,298.014246,313.84181,337.6972560000001,357.831292,386.64914,423.659442,467.416988,515.3948680000002,563.4419519999999,595.6354719999999,598.317866,566.0061340000002,507.692228,451.217128,389.142894,333.014392,306.026744,284.630534,256.077708,244.144544,233.022348,223.621226,218.087886,209.089528,196.458972,198.240586,202.271152,192.221432,180.769596,169.581723,144.798019,113.757617,92.55990179999999,81.1531258,63.96174080000001,46.9145088,30.9869668,18.613772,6.956668000000001,0.0,0.0,0.0,0,0,0,0,0,0,0,0,0,0,0.0,0.0,0.0
30701>30715,524,524,BDSu,Bond Street,Bond Street // EntEx,524,BDSu,Bond Street,Bond Street // Central // WB,Enter-Board,3848.5513717,13.92328908,85.98924262,991.509144,1435.567623,929.1546650000001,392.4074080000001,0.0,0.34152706,0.73524884,1.3878105,1.67134238,2.57737738,3.28689898,3.923083940000001,4.096200620000001,4.88295864,5.411202900000001,6.018329640000001,6.543431980000001,7.07253564,7.477232380000001,7.604968660000001,7.655758260000002,7.925168380000001,9.93396358,11.36749194,14.2956144,17.8656724,20.8266884,23.2933938,26.0191912,27.911757,29.41776520000001,32.07170600000001,33.2063968,34.6296524,35.1392946,36.4828766,36.99828340000001,38.521166,41.2851374,44.5646764,47.7507972,51.96267780000001,56.01316260000001,60.2076332,63.56041219999999,68.0162382,71.6236748,79.84527600000001,84.48141899999999,91.3205902,100.1555222,108.1018622,116.1400882,130.0096852,138.599,142.635064,142.193296,135.269436,126.802926,119.858734,108.68784,100.707416,96.080492,86.502246,77.79516600000002,72.678748,71.417236,66.45449260000001,64.68471600000001,62.23581000000001,61.07894680000001,60.83155560000001,60.11082560000001,56.03480620000001,53.09828320000001,49.92279440000001,41.28224420000001,33.1215684,27.8136214,22.7168164,17.71549540000001,12.5667008,9.163466,5.840215000000001,3.020571,0.0,0.0,0,0,0,0,0,0,0,0,0,0,0.0,0.0,0.0
30701>30722,524,524,BDSu,Bond Street,Bond Street // EntEx,524,BDSu,Bond Street,Bond Street // Jubilee // NB,Enter-Board,6190.875515399999,14.9093409,102.9629511,1450.4082294,2294.264922,1669.649456,658.6806159999999,0.35871922,0.52103302,1.21722802,1.59489516,1.94252084,2.32755572,3.36214712,3.5852418,4.504361540000001,5.280018760000001,6.187233860000001,7.565206860000001,8.310868780000002,8.657855300000001,9.12724428,9.386343880000002,8.86510328,9.36270468,11.63302128,14.0829886,16.1321292,19.0280616,22.02141940000001,25.0323026,28.1749194,31.2064228,35.889776,41.0873876,44.1090956,46.7624776,50.63174680000001,52.85797420000001,55.49585780000001,59.71101060000001,65.03187260000001,71.70125759999999,76.737735,82.90567300000002,90.420309,94.575719,96.825776,104.831936,114.686078,124.551292,136.468568,148.656982,161.557206,171.731452,180.51055,192.49419,210.84282,219.171036,223.278254,221.94583,219.685888,207.922146,193.08745,178.34417,169.042882,155.946492,142.4071892,133.3498332,129.3832852,123.8061564,116.0947154,109.4137542,109.9668842,108.8066442,103.42589,95.257436,89.97820879999998,79.15711000000002,64.2845726,53.32380359999999,47.3309086,39.95179760000001,32.2266106,23.67426600000001,15.905848,9.919144,4.245020200000001,0.0,0.0,0,0,0,0,0,0,0,0,0,0,0.0,0.0,0.0
30701>30723,524,524,BDSu,Bond Street,Bond Street // EntEx,524,BDSu,Bond Street,Bond Street // Jubilee // SB,Enter-Board,15361.1292236,73.4629132,481.4144502,4280.915815200001,5509.681146000001,3614.176858,1401.478041,5.1936334,6.443014400000001,7.662759600000001,8.940351800000002,7.7028194,9.8016954,12.9565104,14.7621288,17.8192306,20.756879,23.8594802,28.4739816,34.68375400000001,38.83508,44.5053406,48.695913,51.45962840000001,51.86362960000001,57.13029760000001,63.33123560000001,69.139673,76.4454322,87.306329,98.896647,106.143172,115.932629,127.829359,138.163011,144.935593,150.133784,159.380278,163.184494,169.937102,176.329646,189.321968,199.12559,211.158976,218.908562,235.885854,253.784506,269.193716,285.183332,311.48812,323.108042,338.985874,353.319346,396.451626,420.904012,475.281258,506.39387,555.211986,547.227772,531.91733,486.954128,471.815392,425.2185520000001,394.884702,371.803158,363.553172,328.7710919999999,303.33864,287.172044,287.815172,266.132194,260.28683,250.21781,253.19128,247.010764,243.629966,218.45087,209.63393,178.690669,142.2244942,110.7081858,95.5210832,70.33349720000001,52.18937800000001,36.4918728,24.8025532,13.4557118,5.345829800000002,0.0,0.0,0,0,0,0,0,0,0,0,0,0,0.0,0.0,0.0
30701>30787,524,524,BDSu,Bond Street,Bond Street // EntEx,524,BDSu,Bond Street,Bond Street // Elizabeth Line // EB,Enter-Board,21814.868554,160.7433282,1045.4685678,5251.166034,9697.500438000001,3836.511468000001,1823.478718,1.000681,5.003223800000002,12.3693286,17.75795819999999,22.889553,28.692014,34.9059652,38.1246044,43.3847128,48.552116,56.189066,66.03856400000001,82.13456,96.573814,108.523316,115.219278,116.881952,108.383886,102.495082,101.092221,99.36067500000004,99.13544980000002,103.3213998,112.1136538,120.2796968,129.5063588,141.433414,157.346558,168.3643080000001,175.072294,188.58741,199.076344,199.749346,208.153826,223.789626,235.129204,244.839908,262.915598,288.0526400000001,309.338792,340.147924,367.801402,426.8331019999999,450.817104,500.107604,533.350788,650.104156,715.536016,879.4643800000001,960.61318,1106.47938,1096.694,1023.911112,873.531332,768.96202,588.74647,468.423502,427.960044,383.302848,347.625816,316.5192660000001,297.26033,289.812864,274.612794,261.749538,252.941178,259.724858,256.57843,252.87377,242.19352,244.811294,224.11154,205.285784,186.94247,163.79058,126.292724,91.539102,52.711078,24.533018,8.393838,0.0,0.0,0.0,0,0,0,0,0,0,0,0,0,0,0.0,0.0,0.0
30701>30788,524,524,BDSu,Bond Street,Bond Street // EntEx,524,BDSu,Bond Street,Bond Street // Elizabeth Line // WB,Enter-Board,5963.752480799999,35.05906732,94.54508967999999,1296.3961938,2373.33437,1591.6037664,572.8139935999999,0.7394997200000001,1.72193612,2.45712428,4.52388268,5.60800028,6.3796182,6.380059800000002,7.24894624,6.43654452,7.02772592,6.83604674,7.54567414,7.40883234,7.74425486,7.08148036,7.304867900000001,7.2737663,7.7161917,9.8423133,12.3273916,16.8129198,19.0123688,22.4658842,24.7745786,25.8149286,25.9772028,28.0148046,30.66205900000001,32.0655292,35.4153458,37.9502114,43.4257284,46.6735384,51.3491274,56.29137600000001,62.51844699999999,65.16279940000001,68.9836004,75.754052,83.80018600000002,94.298179,105.747909,117.894038,125.53138,134.933246,141.060292,163.843874,177.148742,202.284658,217.77243,243.030246,237.550308,238.154418,218.652678,211.682286,187.221192,175.454234,162.857514,158.340708,145.2951,135.196358,127.418948,122.2062168,117.9104468,111.7087788,109.1123116,111.2180376,114.8851128,105.8077008,100.6357968,91.801334,76.04001720000001,60.91227720000001,47.7608934,35.76425020000001,26.51177000000001,16.9400308,5.0760008,3.971748600000001,1.5921738,0.0,0.0,0.0,0,0,0,0,0,0,0,0,0,0,0.0,0.0,0.0
30714>30510,524,524,BDSu,Bond Street,Bond Street // Central // EB,669,OXCu,Oxford Circus,Oxford Circus // Bakerloo // NB,Alight-Exit-Interchange-Enter-Board,0.0,0.0,0.0,0.0,0.0,0.0,0.0,0.0,0.0,0.0,0.0,0.0,0.0,0.0,0.0,0.0,0.0,0.0,0.0,0.0,0.0,0.0,0.0,0.0,0.0,0.0,0.0,0.0,0.0,0.0,0.0,0.0,0.0,0.0,0.0,0.0,0.0,0.0,0.0,0.0,0.0,0.0,0.0,0.0,0.0,0.0,0.0,0.0,0.0,0.0,0.0,0.0,0.0,0.0,0.0,0.0,0.0,0.0,0.0,0.0,0.0,0.0,0.0,0.0,0.0,0.0,0.0,0.0,0.0,0.0,0.0,0.0,0.0,0.0,0.0,0.0,0.0,0.0,0.0,0.0,0.0,0.0,0.0,0.0,0.0,0.0,0.0,0.0,0.0,0.0,0,0,0,0,0,0,0,0,0,0,0.0,0.0,0.0
30714>30511,524,524,BDSu,Bond Street,Bond Street // Central // EB,669,OXCu,Oxford Circus,Oxford Circus // Bakerloo // SB,Alight-Exit-Interchange-Enter-Board,0.0,0.0,0.0,0.0,0.0,0.0,0.0,0.0,0.0,0.0,0.0,0.0,0.0,0.0,0.0,0.0,0.0,0.0,0.0,0.0,0.0,0.0,0.0,0.0,0.0,0.0,0.0,0.0,0.0,0.0,0.0,0.0,0.0,0.0,0.0,0.0,0.0,0.0,0.0,0.0,0.0,0.0,0.0,0.0,0.0,0.0,0.0,0.0,0.0,0.0,0.0,0.0,0.0,0.0,0.0,0.0,0.0,0.0,0.0,0.0,0.0,0.0,0.0,0.0,0.0,0.0,0.0,0.0,0.0,0.0,0.0,0.0,0.0,0.0,0.0,0.0,0.0,0.0,0.0,0.0,0.0,0.0,0.0,0.0,0.0,0.0,0.0,0.0,0.0,0.0,0,0,0,0,0,0,0,0,0,0,0.0,0.0,0.0
30714>30514,524,524,BDSu,Bond Street,Bond Street // Central // EB,669,OXCu,Oxford Circus,Oxford Circus // Central // EB,Alight-Exit-Interchange-Enter-Board,0.0,0.0,0.0,0.0,0.0,0.0,0.0,0.0,0.0,0.0,0.0,0.0,0.0,0.0,0.0,0.0,0.0,0.0,0.0,0.0,0.0,0.0,0.0,0.0,0.0,0.0,0.0,0.0,0.0,0.0,0.0,0.0,0.0,0.0,0.0,0.0,0.0,0.0,0.0,0.0,0.0,0.0,0.0,0.0,0.0,0.0,0.0,0.0,0.0,0.0,0.0,0.0,0.0,0.0,0.0,0.0,0.0,0.0,0.0,0.0,0.0,0.0,0.0,0.0,0.0,0.0,0.0,0.0,0.0,0.0,0.0,0.0,0.0,0.0,0.0,0.0,0.0,0.0,0.0,0.0,0.0,0.0,0.0,0.0,0.0,0.0,0.0,0.0,0.0,0.0,0,0,0,0,0,0,0,0,0,0,0.0,0.0,0.0
30714>30515,524,524,BDSu,Bond Street,Bond Street // Central // EB,669,OXCu,Oxford Circus,Oxford Circus // Central // WB,Alight-Exit-Interchange-Enter-Board,0.0,0.0,0.0,0.0,0.0,0.0,0.0,0.0,0.0,0.0,0.0,0.0,0.0,0.0,0.0,0.0,0.0,0.0,0.0,0.0,0.0,0.0,0.0,0.0,0.0,0.0,0.0,0.0,0.0,0.0,0.0,0.0,0.0,0.0,0.0,0.0,0.0,0.0,0.0,0.0,0.0,0.0,0.0,0.0,0.0,0.0,0.0,0.0,0.0,0.0,0.0,0.0,0.0,0.0,0.0,0.0,0.0,0.0,0.0,0.0,0.0,0.0,0.0,0.0,0.0,0.0,0.0,0.0,0.0,0.0,0.0,0.0,0.0,0.0,0.0,0.0,0.0,0.0,0.0,0.0,0.0,0.0,0.0,0.0,0.0,0.0,0.0,0.0,0.0,0.0,0,0,0,0,0,0,0,0,0,0,0.0,0.0,0.0
30714>30532,524,524,BDSu,Bond Street,Bond Street // Central // EB,669,OXCu,Oxford Circus,Oxford Circus // Victoria // NB,Alight-Exit-Interchange-Enter-Board,0.0,0.0,0.0,0.0,0.0,0.0,0.0,0.0,0.0,0.0,0.0,0.0,0.0,0.0,0.0,0.0,0.0,0.0,0.0,0.0,0.0,0.0,0.0,0.0,0.0,0.0,0.0,0.0,0.0,0.0,0.0,0.0,0.0,0.0,0.0,0.0,0.0,0.0,0.0,0.0,0.0,0.0,0.0,0.0,0.0,0.0,0.0,0.0,0.0,0.0,0.0,0.0,0.0,0.0,0.0,0.0,0.0,0.0,0.0,0.0,0.0,0.0,0.0,0.0,0.0,0.0,0.0,0.0,0.0,0.0,0.0,0.0,0.0,0.0,0.0,0.0,0.0,0.0,0.0,0.0,0.0,0.0,0.0,0.0,0.0,0.0,0.0,0.0,0.0,0.0,0,0,0,0,0,0,0,0,0,0,0.0,0.0,0.0
30714>30533,524,524,BDSu,Bond Street,Bond Street // Central // EB,669,OXCu,Oxford Circus,Oxford Circus // Victoria // SB,Alight-Exit-Interchange-Enter-Board,0.0,0.0,0.0,0.0,0.0,0.0,0.0,0.0,0.0,0.0,0.0,0.0,0.0,0.0,0.0,0.0,0.0,0.0,0.0,0.0,0.0,0.0,0.0,0.0,0.0,0.0,0.0,0.0,0.0,0.0,0.0,0.0,0.0,0.0,0.0,0.0,0.0,0.0,0.0,0.0,0.0,0.0,0.0,0.0,0.0,0.0,0.0,0.0,0.0,0.0,0.0,0.0,0.0,0.0,0.0,0.0,0.0,0.0,0.0,0.0,0.0,0.0,0.0,0.0,0.0,0.0,0.0,0.0,0.0,0.0,0.0,0.0,0.0,0.0,0.0,0.0,0.0,0.0,0.0,0.0,0.0,0.0,0.0,0.0,0.0,0.0,0.0,0.0,0.0,0.0,0,0,0,0,0,0,0,0,0,0,0.0,0.0,0.0
30714>30701,524,524,BDSu,Bond Street,Bond Street // Central // EB,524,BDSu,Bond Street,Bond Street // EntEx,Alight-Exit,4380.921377800001,114.2223081,1305.0143306,1732.1364752,935.3419890000001,261.2274057,32.9788692,0.0,2.1160264,3.604970740000001,8.187228740000002,14.16294554,21.26644154,27.54623514,37.33846,48.62185,60.7749022,74.09692220000002,89.94583340000001,112.6458522,131.7018602,140.7591272000001,146.3547272,143.825596,133.479632,115.811124,106.996904,100.841596,95.16851920000002,86.13797320000002,82.15274520000001,80.31062720000001,74.80988720000002,73.20747,72.023663,75.208038,73.076592,71.924236,70.671244,72.54534100000002,68.191138,65.0998554,63.4232106,64.6113866,60.83405920000001,61.3193552,61.56969180000001,64.0293206,62.58588460000001,65.45149400000001,66.94314720000001,71.12736120000002,72.5474332,74.4850272,78.26301219999999,82.14209100000002,85.507487,86.96103199999999,89.09680200000003,84.704037,79.30528960000002,70.1799196,61.02249699999999,50.47700579999999,41.6694942,33.9659966,27.43615,23.233757,19.3228011,16.5042643,13.4072663,11.6548489,9.2632153,7.606410800000001,6.686195400000001,6.334328299999999,5.62472364,5.04079764,4.654408760000001,3.81242548,2.67679456,1.81815344,1.36920208,0.86362456,0.48340164,0.2160226600000001,0.08498644000000001,0.0,0.0,0.0,0,0,0,0,0,0,0,0,0,0,0.0,0.0,0.0
30714>30715,524,524,BDSu,Bond Street,Bond Street // Central // EB,524,BDSu,Bond Street,Bond Street // Central // WB,Alight-Interchange-Board,0.0,0.0,0.0,0.0,0.0,0.0,0.0,0.0,0.0,0.0,0.0,0.0,0.0,0.0,0.0,0.0,0.0,0.0,0.0,0.0,0.0,0.0,0.0,0.0,0.0,0.0,0.0,0.0,0.0,0.0,0.0,0.0,0.0,0.0,0.0,0.0,0.0,0.0,0.0,0.0,0.0,0.0,0.0,0.0,0.0,0.0,0.0,0.0,0.0,0.0,0.0,0.0,0.0,0.0,0.0,0.0,0.0,0.0,0.0,0.0,0.0,0.0,0.0,0.0,0.0,0.0,0.0,0.0,0.0,0.0,0.0,0.0,0.0,0.0,0.0,0.0,0.0,0.0,0.0,0.0,0.0,0.0,0.0,0.0,0.0,0.0,0.0,0.0,0.0,0.0,0,0,0,0,0,0,0,0,0,0,0.0,0.0,0.0
30714>30722,524,524,BDSu,Bond Street,Bond Street // Central // EB,524,BDSu,Bond Street,Bond Street // Jubilee // NB,Alight-Interchange-Board,2272.4567748,43.191965,344.2547444,592.0204848000002,779.1746018,344.4699782,169.3450006,0.0,0.9082588,1.32701734,2.67370484,4.65980184,7.74417744,10.57545844,15.3035463,20.75454280000001,26.7308498,30.2343562,34.28642720000001,37.1872378,37.68326879999999,33.8479786,31.4893782,27.419356,23.8764144,20.2663642,20.4785704,23.1935388,24.1348984,23.1781018,22.7548634,21.7353756,17.8313084,16.2823046,16.302509,17.398463,17.9070342,18.6117504,19.14218,20.023789,19.7441764,20.2655044,21.602722,23.502692,24.2532226,26.51431280000001,30.02198640000001,33.6284722,38.66151420000001,45.8342114,49.4955538,53.40225480000001,60.73448520000001,65.5604512,71.5377232,77.25918480000001,79.7538038,75.6289122,73.16090100000002,64.8844322,57.94986420000001,51.9344292,47.36816,41.3373922,37.1927198,33.4008424,30.4381916,28.245927,26.6309792,25.7135564,25.6201828,24.887447,24.3128292,23.4987236,23.19118700000001,23.2592836,23.2021292,22.2944388,21.4921888,20.4559128,17.08383532,14.45060052,11.57089892,7.897629319999999,4.22977392,2.6329118,0.7753976,0.0,0.0,0.0,0,0,0,0,0,0,0,0,0,0,0.0,0.0,0.0
30714>30723,524,524,BDSu,Bond Street,Bond Street // Central // EB,524,BDSu,Bond Street,Bond Street // Jubilee // SB,Alight-Interchange-Board,8120.831733000002,272.542797,1877.930149,1977.323512,2568.964838,940.3432540000001,483.7271830000001,0.0,7.242856000000002,14.9372492,22.8790312,30.8436782,51.2549652,64.9918572,80.39316000000002,95.430862,113.591759,117.99223,140.202612,160.094196,185.02354,196.617888,212.072612,196.767092,177.81587,149.862336,132.459152,112.726708,100.7856588,90.1829268,86.09160080000002,82.2979728,75.9067848,74.16513280000002,75.8703088,77.09103879999999,74.3978628,73.0368,72.47036120000001,74.12680920000001,71.96504920000001,72.3827492,74.40806500000001,77.352733,75.585127,75.096977,77.642527,84.006928,87.480301,97.762715,114.490375,137.542405,159.403481,180.0011840000001,214.050556,236.430412,254.26898,258.139308,270.69944,257.961078,232.25221,197.224084,170.9917,139.132738,107.898276,94.039367,86.62533100000002,78.84686020000002,68.03200620000001,63.33602160000001,61.7862718,59.69107780000001,58.2057866,59.7779366,62.9715812,65.046548,66.45381400000001,63.43214640000001,64.8506284,59.89545200000001,49.1526034,39.72107279999999,33.7419714,20.2138094,11.2850198,7.528124400000001,2.405993,0.0,0.0,0.0,0,0,0,0,0,0,0,0,0,0,0.0,0.0,0.0
30714>30787,524,524,BDSu,Bond Street,Bond Street // Central // EB,524,BDSu,Bond Street,Bond Street // Elizabeth Line // EB,Alight-Interchange-Board,240.360027765,7.854483200000001,115.9156636,13.537202292,103.052678673,0.0,0.0,0.0,0.0,0.0,0.0,0.0,0.0,2.6937608,5.160722400000001,5.160722400000001,7.299856800000001,11.969795,10.8166792,13.4754516,14.4831799,13.20747456,10.82513756,11.73336356,6.60762956,5.599901260000001,4.736472200000001,2.448871,0.0,0.0,0.0,0.0,0.0,0.0,0.0,0.0,0.0,0.0,0.0,0.0,0.0,0.0,0.0,0.0,0.0,0.0,0.0,0.0,0.0,5.516447400000001,5.571883892000001,5.571883892000001,5.571883892000001,11.068527892,5.552080492000001,11.2111524,11.219384501,17.256318101,11.759674101,11.759674101,6.045165701,6.036933599999999,0.0,0.0,0.0,0.0,0.0,0.0,0.0,0.0,0.0,0.0,0.0,0.0,0.0,0.0,0.0,0.0,0.0,0.0,0.0,0.0,0.0,0.0,0.0,0.0,0.0,0.0,0.0,0.0,0,0,0,0,0,0,0,0,0,0,0.0,0.0,0.0
30714>30788,524,524,BDSu,Bond Street,Bond Street // Central // EB,524,BDSu,Bond Street,Bond Street // Elizabeth Line // WB,Alight-Interchange-Board,199.2301879240001,3.574987834000001,11.991361094,65.333659342,56.00111006000001,44.53146100000001,17.797608594,0.0,0.3049959600000001,0.3783120460000001,0.4489468760000001,0.514025362,0.571798052,0.4927678120000001,0.8641417259999999,1.157897596,1.22645261,1.31488413,1.38193307,1.13261981,0.96014481,0.8920657740000001,0.82387009,0.6798393500000001,0.74527909,0.720700844,0.95567392,1.222380654,1.383068854,1.373180914,1.54206366,1.81888336,1.79960698,1.761753,1.83043384,2.24213984,2.16879564,2.1505823,2.47223702,3.14366558,3.29287558,3.73978254,4.046367399999999,4.35040622,3.7948938,3.306565640000001,3.09683796,3.09521542,3.60680474,3.89811602,4.197002380000002,4.462447860000001,4.603379520000002,4.290311320000002,4.928492720000001,5.24559966,5.244673780000001,5.319632140000001,5.202669740000001,4.48663582,4.33323378,4.00011746,3.88391626,3.68511386,3.97904892,4.00315896,4.044560280000002,4.098677520000002,3.93840668,3.769460800000001,3.56003792,3.64485038,3.3775784,3.28995204,3.14061524,3.04497086,2.54933458,2.56486964,2.45789934,2.32196598,1.739603406,1.4481650388,0.9732790788,0.5478785788,0.05917527880000002,0.05109577280000002,0.03937104,0.0,0.0,0.0,0,0,0,0,0,0,0,0,0,0,0.0,0.0,0.0
30715>30510,524,524,BDSu,Bond Street,Bond Street // Central // WB,669,OXCu,Oxford Circus,Oxford Circus // Bakerloo // NB,Alight-Exit-Interchange-Enter-Board,0.0,0.0,0.0,0.0,0.0,0.0,0.0,0.0,0.0,0.0,0.0,0.0,0.0,0.0,0.0,0.0,0.0,0.0,0.0,0.0,0.0,0.0,0.0,0.0,0.0,0.0,0.0,0.0,0.0,0.0,0.0,0.0,0.0,0.0,0.0,0.0,0.0,0.0,0.0,0.0,0.0,0.0,0.0,0.0,0.0,0.0,0.0,0.0,0.0,0.0,0.0,0.0,0.0,0.0,0.0,0.0,0.0,0.0,0.0,0.0,0.0,0.0,0.0,0.0,0.0,0.0,0.0,0.0,0.0,0.0,0.0,0.0,0.0,0.0,0.0,0.0,0.0,0.0,0.0,0.0,0.0,0.0,0.0,0.0,0.0,0.0,0.0,0.0,0.0,0.0,0,0,0,0,0,0,0,0,0,0,0.0,0.0,0.0
30715>30511,524,524,BDSu,Bond Street,Bond Street // Central // WB,669,OXCu,Oxford Circus,Oxford Circus // Bakerloo // SB,Alight-Exit-Interchange-Enter-Board,0.0,0.0,0.0,0.0,0.0,0.0,0.0,0.0,0.0,0.0,0.0,0.0,0.0,0.0,0.0,0.0,0.0,0.0,0.0,0.0,0.0,0.0,0.0,0.0,0.0,0.0,0.0,0.0,0.0,0.0,0.0,0.0,0.0,0.0,0.0,0.0,0.0,0.0,0.0,0.0,0.0,0.0,0.0,0.0,0.0,0.0,0.0,0.0,0.0,0.0,0.0,0.0,0.0,0.0,0.0,0.0,0.0,0.0,0.0,0.0,0.0,0.0,0.0,0.0,0.0,0.0,0.0,0.0,0.0,0.0,0.0,0.0,0.0,0.0,0.0,0.0,0.0,0.0,0.0,0.0,0.0,0.0,0.0,0.0,0.0,0.0,0.0,0.0,0.0,0.0,0,0,0,0,0,0,0,0,0,0,0.0,0.0,0.0
30715>30514,524,524,BDSu,Bond Street,Bond Street // Central // WB,669,OXCu,Oxford Circus,Oxford Circus // Central // EB,Alight-Exit-Interchange-Enter-Board,0.0,0.0,0.0,0.0,0.0,0.0,0.0,0.0,0.0,0.0,0.0,0.0,0.0,0.0,0.0,0.0,0.0,0.0,0.0,0.0,0.0,0.0,0.0,0.0,0.0,0.0,0.0,0.0,0.0,0.0,0.0,0.0,0.0,0.0,0.0,0.0,0.0,0.0,0.0,0.0,0.0,0.0,0.0,0.0,0.0,0.0,0.0,0.0,0.0,0.0,0.0,0.0,0.0,0.0,0.0,0.0,0.0,0.0,0.0,0.0,0.0,0.0,0.0,0.0,0.0,0.0,0.0,0.0,0.0,0.0,0.0,0.0,0.0,0.0,0.0,0.0,0.0,0.0,0.0,0.0,0.0,0.0,0.0,0.0,0.0,0.0,0.0,0.0,0.0,0.0,0,0,0,0,0,0,0,0,0,0,0.0,0.0,0.0
30715>30515,524,524,BDSu,Bond Street,Bond Street // Central // WB,669,OXCu,Oxford Circus,Oxford Circus // Central // WB,Alight-Exit-Interchange-Enter-Board,0.0,0.0,0.0,0.0,0.0,0.0,0.0,0.0,0.0,0.0,0.0,0.0,0.0,0.0,0.0,0.0,0.0,0.0,0.0,0.0,0.0,0.0,0.0,0.0,0.0,0.0,0.0,0.0,0.0,0.0,0.0,0.0,0.0,0.0,0.0,0.0,0.0,0.0,0.0,0.0,0.0,0.0,0.0,0.0,0.0,0.0,0.0,0.0,0.0,0.0,0.0,0.0,0.0,0.0,0.0,0.0,0.0,0.0,0.0,0.0,0.0,0.0,0.0,0.0,0.0,0.0,0.0,0.0,0.0,0.0,0.0,0.0,0.0,0.0,0.0,0.0,0.0,0.0,0.0,0.0,0.0,0.0,0.0,0.0,0.0,0.0,0.0,0.0,0.0,0.0,0,0,0,0,0,0,0,0,0,0,0.0,0.0,0.0
30715>30532,524,524,BDSu,Bond Street,Bond Street // Central // WB,669,OXCu,Oxford Circus,Oxford Circus // Victoria // NB,Alight-Exit-Interchange-Enter-Board,0.0,0.0,0.0,0.0,0.0,0.0,0.0,0.0,0.0,0.0,0.0,0.0,0.0,0.0,0.0,0.0,0.0,0.0,0.0,0.0,0.0,0.0,0.0,0.0,0.0,0.0,0.0,0.0,0.0,0.0,0.0,0.0,0.0,0.0,0.0,0.0,0.0,0.0,0.0,0.0,0.0,0.0,0.0,0.0,0.0,0.0,0.0,0.0,0.0,0.0,0.0,0.0,0.0,0.0,0.0,0.0,0.0,0.0,0.0,0.0,0.0,0.0,0.0,0.0,0.0,0.0,0.0,0.0,0.0,0.0,0.0,0.0,0.0,0.0,0.0,0.0,0.0,0.0,0.0,0.0,0.0,0.0,0.0,0.0,0.0,0.0,0.0,0.0,0.0,0.0,0,0,0,0,0,0,0,0,0,0,0.0,0.0,0.0
30715>30533,524,524,BDSu,Bond Street,Bond Street // Central // WB,669,OXCu,Oxford Circus,Oxford Circus // Victoria // SB,Alight-Exit-Interchange-Enter-Board,0.0,0.0,0.0,0.0,0.0,0.0,0.0,0.0,0.0,0.0,0.0,0.0,0.0,0.0,0.0,0.0,0.0,0.0,0.0,0.0,0.0,0.0,0.0,0.0,0.0,0.0,0.0,0.0,0.0,0.0,0.0,0.0,0.0,0.0,0.0,0.0,0.0,0.0,0.0,0.0,0.0,0.0,0.0,0.0,0.0,0.0,0.0,0.0,0.0,0.0,0.0,0.0,0.0,0.0,0.0,0.0,0.0,0.0,0.0,0.0,0.0,0.0,0.0,0.0,0.0,0.0,0.0,0.0,0.0,0.0,0.0,0.0,0.0,0.0,0.0,0.0,0.0,0.0,0.0,0.0,0.0,0.0,0.0,0.0,0.0,0.0,0.0,0.0,0.0,0.0,0,0,0,0,0,0,0,0,0,0,0.0,0.0,0.0
30715>30701,524,524,BDSu,Bond Street,Bond Street // Central // WB,524,BDSu,Bond Street,Bond Street // EntEx,Alight-Exit,16873.704963,515.372693,4535.908132,6431.614295999999,3922.735598,1226.4686732,241.6055708,0.0,2.328588,9.3067146,24.9062218,52.4988178,93.8687698,141.3973138,191.0662672,233.822924,295.8294360000001,332.157928,354.6100680000001,399.207318,473.575702,464.478034,462.28319,452.267978,413.700008,342.29711,311.678436,286.912526,277.0108300000001,263.849186,253.666918,259.597904,266.648914,271.98099,282.773594,293.170156,293.1796280000001,286.340436,281.057664,275.26954,267.241086,260.943576,258.40716,254.150704,248.548588,244.61968,247.98594,253.331748,260.7049280000001,271.195928,273.026672,277.088226,285.38662,288.709148,302.6869480000001,324.590414,353.456026,371.945572,378.669766,378.129026,362.894366,323.3194300000001,275.860056,239.007056,190.62367,151.89521,121.4681508,104.4330628,88.81827879999999,74.6571208,65.10455479999999,57.8318772,49.33148320000001,43.4542112,39.84399760000001,37.1415328,34.5121012,31.687411,28.824457,24.88616600000001,19.4393732,15.2081662,12.1112488,11.7490118,8.9969204,7.349072,5.6652434,4.034867,0.0,0.0,0,0,0,0,0,0,0,0,0,0,0.0,0.0,0.0
30715>30714,524,524,BDSu,Bond Street,Bond Street // Central // WB,524,BDSu,Bond Street,Bond Street // Central // EB,Alight-Interchange-Board,0.0,0.0,0.0,0.0,0.0,0.0,0.0,0.0,0.0,0.0,0.0,0.0,0.0,0.0,0.0,0.0,0.0,0.0,0.0,0.0,0.0,0.0,0.0,0.0,0.0,0.0,0.0,0.0,0.0,0.0,0.0,0.0,0.0,0.0,0.0,0.0,0.0,0.0,0.0,0.0,0.0,0.0,0.0,0.0,0.0,0.0,0.0,0.0,0.0,0.0,0.0,0.0,0.0,0.0,0.0,0.0,0.0,0.0,0.0,0.0,0.0,0.0,0.0,0.0,0.0,0.0,0.0,0.0,0.0,0.0,0.0,0.0,0.0,0.0,0.0,0.0,0.0,0.0,0.0,0.0,0.0,0.0,0.0,0.0,0.0,0.0,0.0,0.0,0.0,0.0,0,0,0,0,0,0,0,0,0,0,0.0,0.0,0.0
30715>30722,524,524,BDSu,Bond Street,Bond Street // Central // WB,524,BDSu,Bond Street,Bond Street // Jubilee // NB,Alight-Interchange-Board,7594.911353,130.224373,486.4551592000001,1279.8905268,2681.305697,1985.354596,1031.681001,0.0,0.8612361999999999,3.429223,10.3695718,16.38089879999999,25.6208648,33.0246126,40.5379658,43.9418126,47.81783220000001,48.947795,52.0782898,52.417083,50.8300034,45.25205620000001,39.6132416,32.7919122,26.5408044,22.7908524,23.4334764,23.9097696,24.3997834,25.16805500000001,27.13717500000001,28.6238266,29.5905162,31.1146464,33.6279754,34.7477042,35.8974562,37.522964,41.47872460000001,44.43959,47.13066679999999,50.464085,56.2574422,58.73508820000001,61.48449160000001,68.785386,82.76170280000002,90.9688018,97.34407380000002,118.147973,130.152629,145.512451,161.560104,193.208924,216.217086,233.214,252.235722,268.9420240000001,268.424486,255.156746,248.639942,228.148002,210.04621,189.563458,179.6217940000001,173.249642,165.33225,161.60712,161.372,158.842792,155.452818,156.17811,155.3181420000001,160.548706,168.267764,173.703396,168.192536,153.428196,135.21724,113.729048,88.00057200000002,68.09027840000002,54.50002439999999,38.8190894,21.3538794,10.8360994,4.661587000000001,1.149055,0.0,0.0,0,0,0,0,0,0,0,0,0,0,0.0,0.0,0.0
30715>30723,524,524,BDSu,Bond Street,Bond Street // Central // WB,524,BDSu,Bond Street,Bond Street // Jubilee // SB,Alight-Interchange-Board,1269.39466534,16.555990712,33.352704708,365.6715934799999,420.3551121400001,242.799148,190.6601163,0.0,0.042270722,0.947711442,1.050882602,3.613658202,3.757424236,3.882880934,3.261162574,3.398722114,1.462289854,1.441573592,1.410591312,1.740037712,2.228779612,2.494727672,3.2948294,3.68924986,3.61644002,4.05173522,4.52372834,5.98060304,6.445790840000001,7.16044482,7.865244420000002,8.7065038,9.219237199999998,11.2027154,13.4172311,15.3164621,16.1893026,16.5960966,17.6708904,17.9374092,18.2474628,19.1146364,19.3035254,19.3692636,20.018287,19.8699842,19.8524192,17.37551454,17.14288214,18.85791514,22.81177154,24.60805494,27.0120512,30.6418806,35.90723920000001,30.2828584,34.200285,39.06645940000001,39.3609974,35.60378300000001,42.28117280000001,39.18398879999999,42.20634140000001,45.778392,40.32932820000001,33.2378636,29.2383006,20.1984308,11.1824174,10.8529002,11.3018864,10.3371974,9.9759312,9.321757199999999,11.044743,11.383489,11.9393878,14.8531466,24.2378336,25.4582846,23.6330722,26.0406384,22.892337,12.49911966,7.72601586,6.91754606,2.37381406,0.70543146,0.0,0.0,0,0,0,0,0,0,0,0,0,0,0.0,0.0,0.0
30715>30787,524,524,BDSu,Bond Street,Bond Street // Central // WB,524,BDSu,Bond Street,Bond Street // Elizabeth Line // EB,Alight-Interchange-Board,3.464069247610001,0.07802759061,0.155953527,0.42739892,2.630629156,0.131081594,0.04097846000000001,0.0,0.0106143274,0.010631175522,0.010631175522,0.010631175522,0.013479517722,0.005336778321999999,0.0167034406,0.0167034406,0.0167034406,0.0158206158,0.0133490278,0.0019655174,0.0019655174,0.0194616074,0.01749609,0.01749609,0.01749609,0.01749609,0.0,0.0,0.0,0.0,0.0,0.0,0.0,0.0,0.0,0.0,0.0,0.0,0.0,0.0,0.0,0.0,0.0,0.0,0.0,0.0,0.0,0.10684973,0.10684973,0.10684973,0.10684973,0.10684973,0.0,0.23345706,0.23345706,0.24611419,0.24611419,0.27488581,0.16643355,0.297515144,0.284858014,0.284858014,0.256086394,0.131081594,0.0,0.0,0.0,0.0,0.0,0.0,0.0,0.0,0.0,0.0,0.0,0.0,0.0,0.0,0.0,0.008195692000000001,0.008195692000000001,0.008195692000000001,0.008195692000000001,0.008195692000000001,0.0,0.0,0.0,0.0,0.0,0.0,0,0,0,0,0,0,0,0,0,0,0.0,0.0,0.0
30715>30788,524,524,BDSu,Bond Street,Bond Street // Central // WB,524,BDSu,Bond Street,Bond Street // Elizabeth Line // WB,Alight-Interchange-Board,968.3852051576725,30.39063116000001,86.3042969,217.92580382,362.5807185200001,207.5189246,63.66483015767238,0.0,0.9644465400000002,1.87692728,4.265014280000001,4.856154880000001,5.216692000000001,5.89643326,7.314962920000001,8.29302932,8.4686576,9.12698788,11.10168288,9.98381536,7.53644256,7.38714738,7.15381408,4.56587408,4.36648146,3.9935026,4.3268617,4.7948146,4.498481,4.22363834,5.062209800000002,5.49807134,5.04520174,5.54863474,5.81658054,6.154514539999999,5.87599194,6.642272740000001,7.05495214,7.63662042,7.34203702,7.919656680000001,8.77970268,8.676836560000002,9.76902488,13.25964828,14.39264068,12.5591022,19.83584672,20.25972172,21.27960252,24.49112792,28.3917562,29.1088322,34.89244979999999,38.8439338,33.81427568,33.91347588000001,31.56016648000001,29.69882688000001,22.98976308,27.74535980000001,27.1307508,24.1917312,21.0773408,21.7802012,19.2746186,18.3847604,16.7052586,15.2437152,14.3483406,13.6549998,13.7086674,14.54208820000001,14.6072026,14.0004242,11.76369074,8.831900580000003,6.74680638,6.715660979999999,4.424746028,4.104155091534476,3.997141851534475,2.678970051534475,0.1940718515344748,0.1036312035344748,0.1036312,0.0,0.0,0.0,0,0,0,0,0,0,0,0,0,0,0.0,0.0,0.0
30722>30510,524,524,BDSu,Bond Street,Bond Street // Jubilee // NB,669,OXCu,Oxford Circus,Oxford Circus // Bakerloo // NB,Alight-Exit-Interchange-Enter-Board,0.0,0.0,0.0,0.0,0.0,0.0,0.0,0.0,0.0,0.0,0.0,0.0,0.0,0.0,0.0,0.0,0.0,0.0,0.0,0.0,0.0,0.0,0.0,0.0,0.0,0.0,0.0,0.0,0.0,0.0,0.0,0.0,0.0,0.0,0.0,0.0,0.0,0.0,0.0,0.0,0.0,0.0,0.0,0.0,0.0,0.0,0.0,0.0,0.0,0.0,0.0,0.0,0.0,0.0,0.0,0.0,0.0,0.0,0.0,0.0,0.0,0.0,0.0,0.0,0.0,0.0,0.0,0.0,0.0,0.0,0.0,0.0,0.0,0.0,0.0,0.0,0.0,0.0,0.0,0.0,0.0,0.0,0.0,0.0,0.0,0.0,0.0,0.0,0.0,0.0,0,0,0,0,0,0,0,0,0,0,0.0,0.0,0.0
30722>30511,524,524,BDSu,Bond Street,Bond Street // Jubilee // NB,669,OXCu,Oxford Circus,Oxford Circus // Bakerloo // SB,Alight-Exit-Interchange-Enter-Board,0.0,0.0,0.0,0.0,0.0,0.0,0.0,0.0,0.0,0.0,0.0,0.0,0.0,0.0,0.0,0.0,0.0,0.0,0.0,0.0,0.0,0.0,0.0,0.0,0.0,0.0,0.0,0.0,0.0,0.0,0.0,0.0,0.0,0.0,0.0,0.0,0.0,0.0,0.0,0.0,0.0,0.0,0.0,0.0,0.0,0.0,0.0,0.0,0.0,0.0,0.0,0.0,0.0,0.0,0.0,0.0,0.0,0.0,0.0,0.0,0.0,0.0,0.0,0.0,0.0,0.0,0.0,0.0,0.0,0.0,0.0,0.0,0.0,0.0,0.0,0.0,0.0,0.0,0.0,0.0,0.0,0.0,0.0,0.0,0.0,0.0,0.0,0.0,0.0,0.0,0,0,0,0,0,0,0,0,0,0,0.0,0.0,0.0
30722>30514,524,524,BDSu,Bond Street,Bond Street // Jubilee // NB,669,OXCu,Oxford Circus,Oxford Circus // Central // EB,Alight-Exit-Interchange-Enter-Board,0.0,0.0,0.0,0.0,0.0,0.0,0.0,0.0,0.0,0.0,0.0,0.0,0.0,0.0,0.0,0.0,0.0,0.0,0.0,0.0,0.0,0.0,0.0,0.0,0.0,0.0,0.0,0.0,0.0,0.0,0.0,0.0,0.0,0.0,0.0,0.0,0.0,0.0,0.0,0.0,0.0,0.0,0.0,0.0,0.0,0.0,0.0,0.0,0.0,0.0,0.0,0.0,0.0,0.0,0.0,0.0,0.0,0.0,0.0,0.0,0.0,0.0,0.0,0.0,0.0,0.0,0.0,0.0,0.0,0.0,0.0,0.0,0.0,0.0,0.0,0.0,0.0,0.0,0.0,0.0,0.0,0.0,0.0,0.0,0.0,0.0,0.0,0.0,0.0,0.0,0,0,0,0,0,0,0,0,0,0,0.0,0.0,0.0
30722>30515,524,524,BDSu,Bond Street,Bond Street // Jubilee // NB,669,OXCu,Oxford Circus,Oxford Circus // Central // WB,Alight-Exit-Interchange-Enter-Board,0.0,0.0,0.0,0.0,0.0,0.0,0.0,0.0,0.0,0.0,0.0,0.0,0.0,0.0,0.0,0.0,0.0,0.0,0.0,0.0,0.0,0.0,0.0,0.0,0.0,0.0,0.0,0.0,0.0,0.0,0.0,0.0,0.0,0.0,0.0,0.0,0.0,0.0,0.0,0.0,0.0,0.0,0.0,0.0,0.0,0.0,0.0,0.0,0.0,0.0,0.0,0.0,0.0,0.0,0.0,0.0,0.0,0.0,0.0,0.0,0.0,0.0,0.0,0.0,0.0,0.0,0.0,0.0,0.0,0.0,0.0,0.0,0.0,0.0,0.0,0.0,0.0,0.0,0.0,0.0,0.0,0.0,0.0,0.0,0.0,0.0,0.0,0.0,0.0,0.0,0,0,0,0,0,0,0,0,0,0,0.0,0.0,0.0
30722>30532,524,524,BDSu,Bond Street,Bond Street // Jubilee // NB,669,OXCu,Oxford Circus,Oxford Circus // Victoria // NB,Alight-Exit-Interchange-Enter-Board,0.0,0.0,0.0,0.0,0.0,0.0,0.0,0.0,0.0,0.0,0.0,0.0,0.0,0.0,0.0,0.0,0.0,0.0,0.0,0.0,0.0,0.0,0.0,0.0,0.0,0.0,0.0,0.0,0.0,0.0,0.0,0.0,0.0,0.0,0.0,0.0,0.0,0.0,0.0,0.0,0.0,0.0,0.0,0.0,0.0,0.0,0.0,0.0,0.0,0.0,0.0,0.0,0.0,0.0,0.0,0.0,0.0,0.0,0.0,0.0,0.0,0.0,0.0,0.0,0.0,0.0,0.0,0.0,0.0,0.0,0.0,0.0,0.0,0.0,0.0,0.0,0.0,0.0,0.0,0.0,0.0,0.0,0.0,0.0,0.0,0.0,0.0,0.0,0.0,0.0,0,0,0,0,0,0,0,0,0,0,0.0,0.0,0.0
30722>30533,524,524,BDSu,Bond Street,Bond Street // Jubilee // NB,669,OXCu,Oxford Circus,Oxford Circus // Victoria // SB,Alight-Exit-Interchange-Enter-Board,0.0,0.0,0.0,0.0,0.0,0.0,0.0,0.0,0.0,0.0,0.0,0.0,0.0,0.0,0.0,0.0,0.0,0.0,0.0,0.0,0.0,0.0,0.0,0.0,0.0,0.0,0.0,0.0,0.0,0.0,0.0,0.0,0.0,0.0,0.0,0.0,0.0,0.0,0.0,0.0,0.0,0.0,0.0,0.0,0.0,0.0,0.0,0.0,0.0,0.0,0.0,0.0,0.0,0.0,0.0,0.0,0.0,0.0,0.0,0.0,0.0,0.0,0.0,0.0,0.0,0.0,0.0,0.0,0.0,0.0,0.0,0.0,0.0,0.0,0.0,0.0,0.0,0.0,0.0,0.0,0.0,0.0,0.0,0.0,0.0,0.0,0.0,0.0,0.0,0.0,0,0,0,0,0,0,0,0,0,0,0.0,0.0,0.0
30722>30701,524,524,BDSu,Bond Street,Bond Street // Jubilee // NB,524,BDSu,Bond Street,Bond Street // EntEx,Alight-Exit,17381.96454799999,527.2656489999999,5180.367011999999,6588.341736,3805.73648,1055.0040414,225.2496296,3.2937942,6.661459400000001,15.1803654,28.5773294,58.7082154,96.9562272,133.56249,184.325768,239.269996,298.7975380000001,347.084424,430.684076,484.574012,549.987154,560.505406,560.619682,507.09617,465.0326260000001,391.12576,345.5901680000001,309.82028,293.424082,272.154736,267.201668,267.85361,268.993316,275.349226,281.698772,287.286332,290.244162,285.794996,278.47473,280.904606,273.102882,266.227402,264.095514,265.124934,260.265852,262.678182,262.001822,268.443162,261.401816,270.437406,275.362248,281.861696,293.881624,308.165596,322.5173160000001,330.324384,351.9266720000001,353.055376,360.487516,340.2486080000001,327.6036660000001,287.755952,247.9080740000001,206.823742,170.051886,132.380896,106.533547,90.36703500000002,72.982384,61.4316272,52.5106852,47.1101122,41.46887720000001,38.0326314,35.3106182,33.6133162,31.1775422,28.7386524,26.696238,23.8214542,19.216791,15.5839934,13.0630678,11.4258188,8.437256600000001,6.1516198,4.515071400000001,2.8088078,0.0,0.0,0,0,0,0,0,0,0,0,0,0,0.0,0.0,0.0
30722>30714,524,524,BDSu,Bond Street,Bond Street // Jubilee // NB,524,BDSu,Bond Street,Bond Street // Central // EB,Alight-Interchange-Board,1503.77760191,66.04868103999999,343.3670932000001,502.5415498,338.3583236000001,191.7604586,61.70149567,1.1413328,1.340083928,4.117269728,7.263409528,11.347837928,11.601256528,13.6113614,15.6261292,15.1450354,14.5188734,16.475115,18.8853984,26.1149078,37.9206258,40.7646146,45.0680136,44.61605340000001,36.8147186,24.8377102,22.206027,19.19479,19.2147316,18.38360680000001,19.9388316,20.6308088,20.2032354,19.673071,20.444524,20.9354796,20.4553446,20.189385,19.8463622,19.43726,18.54125,17.9585826,17.162948,17.8246832,17.8879926,19.738013,22.5085372,25.7434578,26.53133960000001,30.8020948,29.2952204,30.2422514,35.3331804,40.4240022,48.2051494,45.3273694,39.6934563,29.3117194,21.7982166,7.485317599999999,12.8675112,12.6038927,15.066257,17.439057,19.65216400000001,16.793256,19.0096208,18.608913,17.5529884,17.0190716,15.6843388,14.6658616,13.5582478,11.7049142,10.0720254,9.869401199999999,9.7064444,8.934465800000002,9.6682284,8.309102099999999,6.421233139999999,4.340940084000001,3.163202854000001,0.625028854,0.384186754,0.176835114,0.10242697,0.0,0.0,0.0,0,0,0,0,0,0,0,0,0,0,0.0,0.0,0.0
30722>30715,524,524,BDSu,Bond Street,Bond Street // Jubilee // NB,524,BDSu,Bond Street,Bond Street // Central // WB,Alight-Interchange-Board,7245.310794500001,366.187123,1892.5890752,1577.3865538,2041.9839604,891.3980398,475.7660423,0.0,3.252995,9.942621,22.7017602,45.67603620000001,70.68537420000001,91.7260132,122.2023232,145.115678,161.186424,170.809356,197.496468,198.884914,200.372292,187.397536,176.418638,145.237714,122.119966,101.6396,85.91048920000001,72.4595998,62.39790780000001,56.58869379999999,49.67120380000001,49.32328980000001,49.95543780000001,50.82726640000001,53.00964040000001,55.22985780000001,55.30233060000001,55.21333680000001,55.91114560000001,56.423624,54.5949322,56.0680522,57.48812660000001,59.5071112,60.88096760000001,68.92903999999999,79.821794,91.6229808,94.3630448,110.88556,120.91161,129.328686,142.835304,151.393332,177.442572,178.733568,197.688526,199.228142,209.813978,182.625306,182.446208,153.6953112,136.7530272,120.7161852,105.8238472,89.8525362,82.09771500000002,71.7833566,64.43507020000001,61.7387682,59.9144282,59.40751160000001,58.535762,58.57265440000001,58.520205,60.523484,59.93399460000001,61.289492,62.32582120000001,56.6874834,50.226118,42.6751888,32.5490678,21.0854519,15.2856671,8.1998425,3.5492737,1.4351573,0.0,0.0,0,0,0,0,0,0,0,0,0,0,0.0,0.0,0.0
30722>30723,524,524,BDSu,Bond Street,Bond Street // Jubilee // NB,524,BDSu,Bond Street,Bond Street // Jubilee // SB,Alight-Interchange-Board,0.0,0.0,0.0,0.0,0.0,0.0,0.0,0.0,0.0,0.0,0.0,0.0,0.0,0.0,0.0,0.0,0.0,0.0,0.0,0.0,0.0,0.0,0.0,0.0,0.0,0.0,0.0,0.0,0.0,0.0,0.0,0.0,0.0,0.0,0.0,0.0,0.0,0.0,0.0,0.0,0.0,0.0,0.0,0.0,0.0,0.0,0.0,0.0,0.0,0.0,0.0,0.0,0.0,0.0,0.0,0.0,0.0,0.0,0.0,0.0,0.0,0.0,0.0,0.0,0.0,0.0,0.0,0.0,0.0,0.0,0.0,0.0,0.0,0.0,0.0,0.0,0.0,0.0,0.0,0.0,0.0,0.0,0.0,0.0,0.0,0.0,0.0,0.0,0.0,0.0,0,0,0,0,0,0,0,0,0,0,0.0,0.0,0.0
30722>30787,524,524,BDSu,Bond Street,Bond Street // Jubilee // NB,524,BDSu,Bond Street,Bond Street // Elizabeth Line // EB,Alight-Interchange-Board,1200.942014700001,24.48870178,55.05413542000001,270.241121,498.8868156000001,170.9769946,181.2942463,0.083674,1.03622126,2.3756698,2.80583324,4.0631235,5.04936118,4.766321800000001,4.308497000000001,4.736697360000001,4.222061940000001,4.275960360000001,4.76983948,4.74658574,5.00004654,5.467748599999999,5.326289040000002,4.836041320000001,4.54224894,3.746846400000001,3.3837697,3.56304484,3.91927076,4.34807234,5.232778960000001,5.371921300000001,5.21158756,5.37574186,5.60311906,5.81657864,5.88746258,6.09703844,6.474745640000001,8.01016404,8.202244980000001,9.855303800000002,11.4820032,13.6322369,13.9206006,17.5694058,20.6841705,23.22953930000001,23.5009255,28.3835034,28.869661,30.5977834,32.2192404,35.2801566,39.1627282,45.0980402,51.493149,52.47601400000001,54.72197660000001,48.4755276,44.54544480000001,34.5352424,30.2815124,25.366083,21.35245766,16.11152846,14.22887966,12.83454526,10.57064286,11.8724238,11.3676713,11.6677329,11.5285155,12.3283303,11.7481839,12.590564,15.5494936,19.6379436,23.8048384,24.204487,23.93754280000001,20.07619826000001,16.89213386,9.80503066,7.13413386,4.55751846,3.1043618,0.0,0.0,0.0,0,0,0,0,0,0,0,0,0,0,0.0,0.0,0.0
30722>30788,524,524,BDSu,Bond Street,Bond Street // Jubilee // NB,524,BDSu,Bond Street,Bond Street // Elizabeth Line // WB,Alight-Interchange-Board,4082.8194693,138.1528,294.3802244,960.059773,1569.732591,710.6989768,409.7951041,4.2349854,8.9172504,12.7181748,17.2345008,21.650307,23.6628196,24.0023132,25.7324488,25.86852480000001,27.25048080000001,26.3052716,27.2202058,27.3233138,27.9197094,26.1102746,25.1150742,21.696026,20.1034896,18.7012176,20.7666362,19.6348638,21.645062,21.6999338,23.4999944,21.9525942,24.42326180000001,24.525175,28.8534936,28.6826798,31.785342,32.1770728,37.0509156,36.3786436,42.7070544,42.9453564,49.141728,48.5309224,52.80101500000001,53.58097720000001,55.79090060000001,54.58878720000001,64.089786,67.9299254,75.644288,88.3456178,102.2686822,104.9413712,128.2741552,135.9570872,155.750586,155.520593,169.5702920000001,153.882526,144.860034,120.7040612,109.6575852,84.39707920000002,73.28560260000002,65.9022886,57.83086940000001,54.62025139999999,56.38281340000001,53.83087700000001,52.3930962,52.4482782,52.7077402,52.53782879999999,54.3622518,55.2235532,51.9765198,56.33432979999999,61.23363520000001,56.5137968,46.25198266,41.25606966,26.17084766,9.82321766,2.87424606,2.1369056,0.0,0.0,0.0,0.0,0,0,0,0,0,0,0,0,0,0,0.0,0.0,0.0
30723>30510,524,524,BDSu,Bond Street,Bond Street // Jubilee // SB,669,OXCu,Oxford Circus,Oxford Circus // Bakerloo // NB,Alight-Exit-Interchange-Enter-Board,0.0,0.0,0.0,0.0,0.0,0.0,0.0,0.0,0.0,0.0,0.0,0.0,0.0,0.0,0.0,0.0,0.0,0.0,0.0,0.0,0.0,0.0,0.0,0.0,0.0,0.0,0.0,0.0,0.0,0.0,0.0,0.0,0.0,0.0,0.0,0.0,0.0,0.0,0.0,0.0,0.0,0.0,0.0,0.0,0.0,0.0,0.0,0.0,0.0,0.0,0.0,0.0,0.0,0.0,0.0,0.0,0.0,0.0,0.0,0.0,0.0,0.0,0.0,0.0,0.0,0.0,0.0,0.0,0.0,0.0,0.0,0.0,0.0,0.0,0.0,0.0,0.0,0.0,0.0,0.0,0.0,0.0,0.0,0.0,0.0,0.0,0.0,0.0,0.0,0.0,0,0,0,0,0,0,0,0,0,0,0.0,0.0,0.0
30723>30511,524,524,BDSu,Bond Street,Bond Street // Jubilee // SB,669,OXCu,Oxford Circus,Oxford Circus // Bakerloo // SB,Alight-Exit-Interchange-Enter-Board,0.0,0.0,0.0,0.0,0.0,0.0,0.0,0.0,0.0,0.0,0.0,0.0,0.0,0.0,0.0,0.0,0.0,0.0,0.0,0.0,0.0,0.0,0.0,0.0,0.0,0.0,0.0,0.0,0.0,0.0,0.0,0.0,0.0,0.0,0.0,0.0,0.0,0.0,0.0,0.0,0.0,0.0,0.0,0.0,0.0,0.0,0.0,0.0,0.0,0.0,0.0,0.0,0.0,0.0,0.0,0.0,0.0,0.0,0.0,0.0,0.0,0.0,0.0,0.0,0.0,0.0,0.0,0.0,0.0,0.0,0.0,0.0,0.0,0.0,0.0,0.0,0.0,0.0,0.0,0.0,0.0,0.0,0.0,0.0,0.0,0.0,0.0,0.0,0.0,0.0,0,0,0,0,0,0,0,0,0,0,0.0,0.0,0.0
30723>30514,524,524,BDSu,Bond Street,Bond Street // Jubilee // SB,669,OXCu,Oxford Circus,Oxford Circus // Central // EB,Alight-Exit-Interchange-Enter-Board,0.0,0.0,0.0,0.0,0.0,0.0,0.0,0.0,0.0,0.0,0.0,0.0,0.0,0.0,0.0,0.0,0.0,0.0,0.0,0.0,0.0,0.0,0.0,0.0,0.0,0.0,0.0,0.0,0.0,0.0,0.0,0.0,0.0,0.0,0.0,0.0,0.0,0.0,0.0,0.0,0.0,0.0,0.0,0.0,0.0,0.0,0.0,0.0,0.0,0.0,0.0,0.0,0.0,0.0,0.0,0.0,0.0,0.0,0.0,0.0,0.0,0.0,0.0,0.0,0.0,0.0,0.0,0.0,0.0,0.0,0.0,0.0,0.0,0.0,0.0,0.0,0.0,0.0,0.0,0.0,0.0,0.0,0.0,0.0,0.0,0.0,0.0,0.0,0.0,0.0,0,0,0,0,0,0,0,0,0,0,0.0,0.0,0.0
30723>30515,524,524,BDSu,Bond Street,Bond Street // Jubilee // SB,669,OXCu,Oxford Circus,Oxford Circus // Central // WB,Alight-Exit-Interchange-Enter-Board,0.0,0.0,0.0,0.0,0.0,0.0,0.0,0.0,0.0,0.0,0.0,0.0,0.0,0.0,0.0,0.0,0.0,0.0,0.0,0.0,0.0,0.0,0.0,0.0,0.0,0.0,0.0,0.0,0.0,0.0,0.0,0.0,0.0,0.0,0.0,0.0,0.0,0.0,0.0,0.0,0.0,0.0,0.0,0.0,0.0,0.0,0.0,0.0,0.0,0.0,0.0,0.0,0.0,0.0,0.0,0.0,0.0,0.0,0.0,0.0,0.0,0.0,0.0,0.0,0.0,0.0,0.0,0.0,0.0,0.0,0.0,0.0,0.0,0.0,0.0,0.0,0.0,0.0,0.0,0.0,0.0,0.0,0.0,0.0,0.0,0.0,0.0,0.0,0.0,0.0,0,0,0,0,0,0,0,0,0,0,0.0,0.0,0.0
30723>30532,524,524,BDSu,Bond Street,Bond Street // Jubilee // SB,669,OXCu,Oxford Circus,Oxford Circus // Victoria // NB,Alight-Exit-Interchange-Enter-Board,0.0,0.0,0.0,0.0,0.0,0.0,0.0,0.0,0.0,0.0,0.0,0.0,0.0,0.0,0.0,0.0,0.0,0.0,0.0,0.0,0.0,0.0,0.0,0.0,0.0,0.0,0.0,0.0,0.0,0.0,0.0,0.0,0.0,0.0,0.0,0.0,0.0,0.0,0.0,0.0,0.0,0.0,0.0,0.0,0.0,0.0,0.0,0.0,0.0,0.0,0.0,0.0,0.0,0.0,0.0,0.0,0.0,0.0,0.0,0.0,0.0,0.0,0.0,0.0,0.0,0.0,0.0,0.0,0.0,0.0,0.0,0.0,0.0,0.0,0.0,0.0,0.0,0.0,0.0,0.0,0.0,0.0,0.0,0.0,0.0,0.0,0.0,0.0,0.0,0.0,0,0,0,0,0,0,0,0,0,0,0.0,0.0,0.0
30723>30533,524,524,BDSu,Bond Street,Bond Street // Jubilee // SB,669,OXCu,Oxford Circus,Oxford Circus // Victoria // SB,Alight-Exit-Interchange-Enter-Board,0.51255884,0.51255884,0.0,0.0,0.0,0.0,0.0,0.12813971,0.12813971,0.12813971,0.12813971,0.0,0.0,0.0,0.0,0.0,0.0,0.0,0.0,0.0,0.0,0.0,0.0,0.0,0.0,0.0,0.0,0.0,0.0,0.0,0.0,0.0,0.0,0.0,0.0,0.0,0.0,0.0,0.0,0.0,0.0,0.0,0.0,0.0,0.0,0.0,0.0,0.0,0.0,0.0,0.0,0.0,0.0,0.0,0.0,0.0,0.0,0.0,0.0,0.0,0.0,0.0,0.0,0.0,0.0,0.0,0.0,0.0,0.0,0.0,0.0,0.0,0.0,0.0,0.0,0.0,0.0,0.0,0.0,0.0,0.0,0.0,0.0,0.0,0.0,0.0,0.0,0.0,0.0,0.0,0,0,0,0,0,0,0,0,0,0,0.0,0.0,0.0
30723>30701,524,524,BDSu,Bond Street,Bond Street // Jubilee // SB,524,BDSu,Bond Street,Bond Street // EntEx,Alight-Exit,6663.869524380003,254.80814928,2301.2163608,2561.597218400001,1172.3570544,321.69235358,52.19838792,1.07102112,3.79091392,7.203817120000001,14.01751952,31.7411148,48.6082152,64.7599344,83.61561320000001,108.7411848,123.488934,146.348732,170.270702,206.625796,225.466612,242.660412,243.631698,243.805044,218.643388,195.510784,176.023074,161.007854,141.9036740000001,132.383392,126.346984,120.270676,116.05062,113.727858,112.104693,114.783003,110.726231,107.415269,104.310984,102.119785,97.566119,95.201329,92.538433,91.648266,88.470651,85.552025,84.47272219999998,87.4296482,89.8322832,92.3084474,93.4262714,98.78843420000001,100.7540242,97.5500312,101.015534,103.2796008,105.8744488,102.921748,107.192056,100.5073332,96.6635224,82.92533440000003,74.88498720000003,62.96505920000001,53.25937140000001,42.75058600000001,35.506754,29.27132640000001,23.3217904,18.8447298,14.7102394,12.7669618,10.762107,8.93283864,8.600589540000001,8.562521940000002,7.74189634,6.75979802,5.722536799999999,4.43728566,4.09299386,3.41665346,2.75614062,3.10498822,2.69853366,1.36899286,0.90870846,0.62733802,0.0,0.0,0,0,0,0,0,0,0,0,0,0,0.0,0.0,0.0
30723>30714,524,524,BDSu,Bond Street,Bond Street // Jubilee // SB,524,BDSu,Bond Street,Bond Street // Central // EB,Alight-Interchange-Board,7896.937378399999,358.3041687,3178.308234000001,2583.8876994,1309.1781862,363.2561132,104.0029769,0.8738359400000001,2.41639934,8.67223854,20.33428254,39.47378654,70.74867459999999,97.5821892,118.202762,150.887496,174.755184,203.646884,240.319574,295.5122780000001,320.099856,341.822464,343.027608,330.156392,296.902432,258.252624,222.925442,187.323724,157.974554,128.39098,123.936486,120.580544,116.579686,116.159076,118.927227,114.418859,107.659236,104.418262,101.523218,98.2521638,92.95780479999999,89.12932980000002,87.09728980000001,87.14093580000002,86.35858300000002,87.73934799999998,92.27171,93.10972,91.5734708,89.71144480000002,90.6540468,90.77064760000002,95.5176556,95.6064088,106.3726848,111.3521068,122.873328,122.660258,132.84242,126.7744932,119.3764392,97.54245259999999,87.48929160000002,69.29913359999999,53.80905600000001,43.50524300000001,38.10270999999999,29.50164220000001,23.176921,21.31217800000001,18.575208,17.52254760000001,16.6754212,15.7779322,15.9981204,16.4241536,15.9105338,15.3391998,14.02465306,11.61734614,9.00216044,7.158577640000003,5.37832294,3.814197880000001,2.573488,1.8713615,0.8889821000000002,0.0,0.0,0.0,0,0,0,0,0,0,0,0,0,0,0.0,0.0,0.0
30723>30715,524,524,BDSu,Bond Street,Bond Street // Jubilee // SB,524,BDSu,Bond Street,Bond Street // Central // WB,Alight-Interchange-Board,2068.662473200001,101.0800633,688.0147108,652.431041,438.7657322000001,135.7638573,52.60706859999999,0.0,0.4243334200000001,1.92439942,4.64587642,12.27482042,19.34152802,27.68867980000001,34.7804258,48.87583480000001,55.11395479999999,66.71809839999999,71.7757392,77.280262,71.6837328,68.87966879999999,58.4107836,51.8633576,43.7164288,38.840771,34.856079,32.8978916,31.4451428,30.55839700000001,29.036612,27.093544,26.4155662,25.7113906,25.7280326,26.4827858,26.06135,25.3492448,25.3779006,25.3305984,24.023732,23.8222626,23.8859234,24.4769408,24.3614668,25.6667222,27.0307606,27.7051954,28.696269,31.0354956,34.2378162,36.8996556,39.837336,41.5487456,43.814041,41.7039748,40.717945,39.48317340000001,37.7500294,33.4039292,31.7284402,27.7078546,24.1706074,20.7300322,17.6170892,14.8844132,13.7334462,12.0612606,10.34786912,9.54815052,8.623643260000001,7.69968116,6.90512336,6.60728524,7.00586324,7.26850638,6.91983228,7.152525680000001,6.517510080000001,5.718763080000001,4.942867,4.49494052,3.2285745,2.77126918,1.90915198,1.08676658,0.42669906,0.16966228,0.0,0.0,0,0,0,0,0,0,0,0,0,0,0.0,0.0,0.0
30723>30722,524,524,BDSu,Bond Street,Bond Street // Jubilee // SB,524,BDSu,Bond Street,Bond Street // Jubilee // NB,Alight-Interchange-Board,0.0,0.0,0.0,0.0,0.0,0.0,0.0,0.0,0.0,0.0,0.0,0.0,0.0,0.0,0.0,0.0,0.0,0.0,0.0,0.0,0.0,0.0,0.0,0.0,0.0,0.0,0.0,0.0,0.0,0.0,0.0,0.0,0.0,0.0,0.0,0.0,0.0,0.0,0.0,0.0,0.0,0.0,0.0,0.0,0.0,0.0,0.0,0.0,0.0,0.0,0.0,0.0,0.0,0.0,0.0,0.0,0.0,0.0,0.0,0.0,0.0,0.0,0.0,0.0,0.0,0.0,0.0,0.0,0.0,0.0,0.0,0.0,0.0,0.0,0.0,0.0,0.0,0.0,0.0,0.0,0.0,0.0,0.0,0.0,0.0,0.0,0.0,0.0,0.0,0.0,0,0,0,0,0,0,0,0,0,0,0.0,0.0,0.0
30723>30787,524,524,BDSu,Bond Street,Bond Street // Jubilee // SB,524,BDSu,Bond Street,Bond Street // Elizabeth Line // EB,Alight-Interchange-Board,2993.95127683,174.3352065,874.0693086,552.8440652000002,993.5907266,289.5435511,109.56841883,1.38417654,3.990562140000001,8.085435140000001,11.48102354,19.12131214,33.7611916,44.97521920000001,51.53628620000001,60.74416300000001,64.82389640000001,68.86402240000001,77.91866320000003,93.07861319999999,97.92638200000002,102.351993,89.16212359999999,77.2616386,58.30184460000001,46.57154180000001,37.06442680000001,35.437875,28.939981,26.926213,24.003795,20.7031172,18.272039,16.4888884,14.9956978,15.7327026,15.6389144,16.2653008,17.70406280000001,18.96945940000001,19.3057584,19.4154376,19.9322376,20.703452,20.2015488,21.01135480000001,22.6104456,24.42998720000001,27.67162500000001,40.58999620000001,46.89417560000001,57.23548760000001,67.833201,76.49835039999998,81.4951724,91.637676,101.586472,102.861154,104.4093072,93.5499492,86.5665812,69.33023080000001,60.58714480000001,47.093178,39.3633912,29.437455,27.12480780000001,23.3219068,20.8341761,21.0705965,20.2204221,17.5170663,14.7378091,14.6137048,14.2090374,14.8645898,14.7981944,15.0705064,15.8319754,15.1912982,12.0258462,9.38671644,6.869579526000002,3.855471126,1.225716126,0.3667883260000001,0.08173688600000001,0.0,0.0,0.0,0,0,0,0,0,0,0,0,0,0,0.0,0.0,0.0
30723>30788,524,524,BDSu,Bond Street,Bond Street // Jubilee // SB,524,BDSu,Bond Street,Bond Street // Elizabeth Line // WB,Alight-Interchange-Board,573.8364239403711,50.2651372,117.746207,138.8158816,191.4800377,62.30510954000001,13.22405090037133,0.8260519000000001,2.4686713,3.2296386,5.275788200000001,7.7449046,9.7577399,10.0331443,10.9291984,10.4259194,11.3698538,10.2040056,11.3143128,10.7514316,11.3552076,9.22266914,9.54499354,8.524646140000002,9.02989024,7.91264524,8.0906319,7.6497809,6.52907042,5.480941059999998,5.317639,4.49829186,3.94762326,4.020682140000001,4.8849324,4.78725466,5.2694444,5.184693600000001,5.69620628,5.38536474,5.64619854,5.586328399999998,6.0705624,5.44447444,5.54071658,5.43852292,5.447073660000001,5.71663166,7.02193394,8.274194540000002,9.9773198,11.3182966,12.1694128,12.2129672,16.0745416,18.190832,22.4878462,22.4479898,23.4217806,18.8676086,15.43427854,10.04556208,8.808921680000003,7.014747200000001,6.450698060000001,6.294415440000001,5.754818780000001,5.227054180000001,4.494302060000001,4.1454292,5.158731880000001,4.78980852,4.452876760000001,4.37758406,4.144643400000001,2.56540692,2.41706502,2.46393278,2.030560988,1.578055768,0.987124648,0.7246898280742652,0.2950140280742651,0.1622009200742651,7.4265156e-11,7.4265156e-11,0.0,0.0,0.0,0.0,0,0,0,0,0,0,0,0,0,0,0.0,0.0,0.0
30787>30510,524,524,BDSu,Bond Street,Bond Street // Elizabeth Line // EB,669,OXCu,Oxford Circus,Oxford Circus // Bakerloo // NB,Alight-Exit-Interchange-Enter-Board,10.39233535802481,8.240125600000002e-07,4.657216254722241,2.713681474,2.374462835390001,0.30597589388,0.3409980760200001,0.0,0.0,0.0,0.0,0.0,0.0,4.120062800000001e-07,4.120062800000001e-07,0.03104554800628,0.03104592958696,0.22009708158696,0.7016083095806801,0.7016083095806801,0.71260252558068,0.8818757640000001,0.6928246120000001,0.22413691,0.2357890206,0.1937496686000001,0.0308325756,0.0308325756,0.0180086376,0.06952859900000001,0.06952859900000001,0.07481494400000001,0.07481494400000001,0.07937785600000001,0.248461884,0.248461884,0.236819012,0.28737622,0.3437938679999999,0.152717046,0.152717046,0.15392108832,0.10336388032,0.04301736836000001,0.00183809036,0.003795439360000001,0.03946591704,0.03946591704,0.038831869,0.038831869,0.16389692,0.1270224,0.1270224,0.127039127678,0.272640901678,0.1553444820780001,0.1566673158780001,0.231520891878,0.3276749242,0.2390518942,0.2293259138,0.22800308,0.153149504,0.0584420594,0.0014633154,0.0014633154,0.0014633154,0.0014633154,0.0,0.0,0.0219179288,0.02267434252,0.02267434252,0.07652946252000001,0.09788449652,0.09449266772000002,0.093736254,0.09386138726,0.04000626726000001,0.01865123326,0.00012513326,0.00012513326,0.0,0.0,0.0,0.0,0.0,0.0,0.0,0.0,0,0,0,0,0,0,0,0,0,0,0.0,0.0,0.0
30787>30511,524,524,BDSu,Bond Street,Bond Street // Elizabeth Line // EB,669,OXCu,Oxford Circus,Oxford Circus // Bakerloo // SB,Alight-Exit-Interchange-Enter-Board,46.38968921622,0.9040396519999999,27.63138518,12.41302373712,3.7895787728,1.11974104612,0.53192082818,0.0,0.0,0.0,0.00943954,0.00943954,0.00943954,0.040440086,0.8352809459999999,1.700994466,1.994042506,3.158399786,3.57833404,3.86278278,3.125696394,3.636543154,2.498451116,2.073468902,0.999163136,0.861096462,0.142412438,0.307727496,0.330415584,0.71273215,0.71273215,0.702370348,0.5139048164,0.5188020884000001,0.1740254144,0.3115926244,0.2625703844,1.031138936,0.97760099,1.072520804,0.946393808,1.083120054,0.3834776680000001,0.3984683640000001,0.282062126,0.352221532,0.189676078704,0.226037284704,0.221933637904,0.358660395904,0.342839001904,0.6133579151999999,0.5049557752,0.566287138,0.49676143,0.430983204,0.160456764,0.194707376,0.122488964,0.096720112,0.184822592,0.1953955292,0.2226419732,0.2292038158,0.1667343158,0.07874059829200003,0.068167661092,0.006758436319999999,0.00019659372,0.02363782052,0.109230894028,0.109291172688,0.10954832062,0.10954832062,0.10868309662,0.04100486262,0.11109429796,0.1107493188,0.1107493188,0.088173316,0.070149714,0.0,0.0,0.0,0.0,0.0,0.0,0.0,0.0,0.0,0,0,0,0,0,0,0,0,0,0,0.0,0.0,0.0
30787>30514,524,524,BDSu,Bond Street,Bond Street // Elizabeth Line // EB,669,OXCu,Oxford Circus,Oxford Circus // Central // EB,Alight-Exit-Interchange-Enter-Board,0.0,0.0,0.0,0.0,0.0,0.0,0.0,0.0,0.0,0.0,0.0,0.0,0.0,0.0,0.0,0.0,0.0,0.0,0.0,0.0,0.0,0.0,0.0,0.0,0.0,0.0,0.0,0.0,0.0,0.0,0.0,0.0,0.0,0.0,0.0,0.0,0.0,0.0,0.0,0.0,0.0,0.0,0.0,0.0,0.0,0.0,0.0,0.0,0.0,0.0,0.0,0.0,0.0,0.0,0.0,0.0,0.0,0.0,0.0,0.0,0.0,0.0,0.0,0.0,0.0,0.0,0.0,0.0,0.0,0.0,0.0,0.0,0.0,0.0,0.0,0.0,0.0,0.0,0.0,0.0,0.0,0.0,0.0,0.0,0.0,0.0,0.0,0.0,0.0,0.0,0,0,0,0,0,0,0,0,0,0,0.0,0.0,0.0
30787>30515,524,524,BDSu,Bond Street,Bond Street // Elizabeth Line // EB,669,OXCu,Oxford Circus,Oxford Circus // Central // WB,Alight-Exit-Interchange-Enter-Board,0.0,0.0,0.0,0.0,0.0,0.0,0.0,0.0,0.0,0.0,0.0,0.0,0.0,0.0,0.0,0.0,0.0,0.0,0.0,0.0,0.0,0.0,0.0,0.0,0.0,0.0,0.0,0.0,0.0,0.0,0.0,0.0,0.0,0.0,0.0,0.0,0.0,0.0,0.0,0.0,0.0,0.0,0.0,0.0,0.0,0.0,0.0,0.0,0.0,0.0,0.0,0.0,0.0,0.0,0.0,0.0,0.0,0.0,0.0,0.0,0.0,0.0,0.0,0.0,0.0,0.0,0.0,0.0,0.0,0.0,0.0,0.0,0.0,0.0,0.0,0.0,0.0,0.0,0.0,0.0,0.0,0.0,0.0,0.0,0.0,0.0,0.0,0.0,0.0,0.0,0,0,0,0,0,0,0,0,0,0,0.0,0.0,0.0
30787>30532,524,524,BDSu,Bond Street,Bond Street // Elizabeth Line // EB,669,OXCu,Oxford Circus,Oxford Circus // Victoria // NB,Alight-Exit-Interchange-Enter-Board,619.9095105700003,71.7198252,133.22651864,161.08791486,158.65464678,73.03401240000002,22.18659269,0.0,3.263952600000001,4.424051400000002,8.484030200000001,11.2174767,14.4579597,14.4302699,15.4420847,13.4919003,12.26136574,11.69431314,10.91112114,12.54401094,12.22837334,12.5846002,11.4360142,11.3024858,8.615730880000001,8.452080080000002,7.704522880000002,7.49566064,6.644256560000001,6.34862508,5.65674622,6.14016594,5.91830848,4.99394286,5.740374940000001,5.797051719999999,5.1639668,5.30631718,6.48035688,5.650045,6.62202548,6.729772800000001,6.768336620000001,6.50172748,7.36756068,6.191992680000001,6.934724760000001,7.49851166,8.6898578,9.476466199999999,10.9711204,11.5386244,12.411382,13.511239,14.332394,15.056442,15.5624078,15.8000494,14.8184294,13.5331217,11.91313804,10.61551192,9.56190712,8.29060884,7.600192600000002,6.972112060000001,6.41030968,5.972357220000001,6.054231700000001,5.656848040000002,6.024265440000002,5.869325940000001,5.2276434,4.42590708,4.530210400000001,3.85009094,4.28477014,3.72327714,3.4279883,2.6162473,2.211506586,0.964356414,0.7098642140000001,0.235526774,0.103938254,0.05902662800000001,0.0,0.0,0.0,0.0,0,0,0,0,0,0,0,0,0,0,0.0,0.0,0.0
30787>30533,524,524,BDSu,Bond Street,Bond Street // Elizabeth Line // EB,669,OXCu,Oxford Circus,Oxford Circus // Victoria // SB,Alight-Exit-Interchange-Enter-Board,539.5070421900002,48.057332,200.28894174,136.57321494,73.75255422000002,59.1445562,21.69044309,0.0,0.7226974400000001,3.03707604,5.83498344,7.65341344,9.33840444,10.5747044,10.8960528,11.3796018,13.1615834,18.34247,20.1098108,23.55466060000001,23.4997988,24.1640932,19.5573579,17.3471013,12.22978678,9.92252784,7.020149320000002,6.30135662,5.71626666,5.85290578,6.708594720000002,6.121951500000002,5.58508862,5.27620206,5.39650092,4.835261200000001,6.10414814,5.785199260000002,6.301677260000001,5.933835340000001,5.72779954,4.62669054,5.7153563,5.235871319999998,5.538450440000001,5.731389360000001,6.244106680000002,5.2263703,5.77343046,5.543662460000001,5.29109946,4.660712820000001,5.287650600000001,5.469863620000001,6.54531096,6.861002360000001,7.468422620000001,7.402101340000002,7.194455660000001,6.433771580000003,5.991947860000002,5.335152160000002,5.102162640000001,4.592282320000002,4.231554599999999,4.78047162,5.72729258,5.141264260000002,6.61401438,6.55354164,5.61391434,4.45475784,4.793590760000002,3.07618526,3.5656866,3.46537064,3.96164546,3.213914512,3.042630192,1.792668918,1.485688918,1.197288738,1.109120886,0.8542153060000002,0.7959429800000002,0.7719565400000001,0.0,0.0,0.0,0.0,0,0,0,0,0,0,0,0,0,0,0.0,0.0,0.0
30787>30701,524,524,BDSu,Bond Street,Bond Street // Elizabeth Line // EB,524,BDSu,Bond Street,Bond Street // EntEx,Alight-Exit,4129.52981917,190.040838,1321.5956304,1620.7128806,718.8935190000001,243.4296678,34.85728337,0.0,3.081239,7.771636200000001,14.7652732,25.3160422,37.4350002,45.35791320000001,56.313734,66.013193,74.246884,92.18910799999999,105.1531628,124.9060968,134.9271808,145.4372548,138.3972718,131.800495,112.4382738,102.9477538,93.13895580000002,89.53927080000003,89.97674680000002,89.64472400000002,90.45545400000002,86.89094000000001,84.151587,83.822475,83.60667980000002,79.4871488,75.95333280000001,69.76770880000001,63.66606720000002,59.85465600000001,57.059577,54.85651899999999,56.913287,54.5252278,51.7888614,49.5868388,50.36357320000001,47.59572360000001,48.254766,50.80496760000001,52.1467482,52.08816900000001,53.486186,57.4777564,60.40656960000001,65.3161386,67.57627540000001,69.1648222,68.9060762,64.74617620000001,59.0457224,53.1552558,47.5243712,40.1264806,35.2364006,29.518682,25.9425246,21.5402424,18.9954934,15.840004,14.203646,12.2549048,11.4384378,9.3893162,8.943535400000002,7.667700300000001,6.779796100000001,5.28108858,4.42095584,2.88092768,2.196395914,1.811537554,1.481858454,0.9517923940000002,0.722720754,0.5685110200000001,0.09399878,0.0,0.0,0.0,0,0,0,0,0,0,0,0,0,0,0.0,0.0,0.0
30787>30714,524,524,BDSu,Bond Street,Bond Street // Elizabeth Line // EB,524,BDSu,Bond Street,Bond Street // Central // EB,Alight-Interchange-Board,1041.135268620304,48.95985736,378.3293260199999,390.20427082,107.6200845,92.90987214000002,23.111857780304,0.0,0.45496,2.130961,3.9620818,4.07700614,11.04474214,11.84027014,15.44983614,18.77214894,22.478601,30.665229,33.9183916,38.5116466,39.5814036,42.69896120000001,37.9451442,36.88068079999999,29.4015472,24.10523514,23.37033674,17.99284354000001,19.16642954,20.35795474,24.6729802,21.816663,20.55044920000001,18.6242052,19.0391992,17.261244,16.5730686,15.0775906,15.7772152,14.464418,13.8287388,13.9098522,15.2383182,14.0614246,13.976381,12.808525,13.191161,12.6294066,12.7741744,13.4063132,13.0057148,11.6825604,10.7567774,9.96931806,8.380261860000001,8.47113894,9.00504654,9.00923494,9.317619680000002,8.29218488,8.151231,7.492025400000001,7.092685400000001,6.962885000000001,8.466961999999999,8.39739074,8.46745234,8.443144140000001,8.37458574,7.26933726,7.994231119999998,7.211197419999999,7.05349432,7.051246320000002,7.217945740000001,6.007696080000001,5.916092980000001,4.54746666,2.992278292,1.8074887928,1.2072914848,0.3370287640608,0.1805273840608,0.06136915206080001,0.05461611126080002,2.0792608e-06,0.0,0.0,0.0,0.0,0,0,0,0,0,0,0,0,0,0,0.0,0.0,0.0
30787>30715,524,524,BDSu,Bond Street,Bond Street // Elizabeth Line // EB,524,BDSu,Bond Street,Bond Street // Central // WB,Alight-Interchange-Board,101.961731959,4.488041819999999,31.27350012,42.54943164,13.325584776,7.950829434000002,2.374344169,0.0,0.02215172,0.13702224,0.39982704,0.72892142,0.8455988400000001,1.01279864,1.34172192,1.56385872,1.67601294,2.17425848,2.7603416,2.898745320000001,3.11035712,3.14671758,3.36911822,3.12458106,2.899713820000001,2.38728462,2.16251064,1.60605454,1.49175652,1.48943904,1.68650996,1.75105828,2.19368188,1.924294640000001,2.02895892,1.92867868,1.97317434,1.54111098,1.73969536,1.52079442,1.7354389,1.79775384,1.84418446,1.73586926,1.7954487,1.78898908,1.7411816,1.63929114,1.85466524,2.05954186,1.68186,1.59662034,1.52087695,1.30012161,1.04137559,1.06969389,1.13617509,1.096788852,1.022272932,0.8980510120000001,0.9459397120000002,0.8273777520000001,0.8702910460000002,0.8034098580000002,0.8086799040000001,0.7432303440000001,0.6132504040000001,0.6151940180000001,0.6842011260000002,0.6341792340000001,0.6250241140000001,0.575262546,0.53943138,0.6216293800000001,0.6873371260000001,0.5870673500000001,0.6239650700000001,0.4997768136000001,0.2601785,0.1238230472,0.1133223542,0.0393743142,0.0366887922,0.0343789458,0.0275142386,0.0252645076,0.0029902356,0.0,0.0,0.0,0,0,0,0,0,0,0,0,0,0,0.0,0.0,0.0
30787>30722,524,524,BDSu,Bond Street,Bond Street // Elizabeth Line // EB,524,BDSu,Bond Street,Bond Street // Jubilee // NB,Alight-Interchange-Board,681.2586236200002,56.793435,169.90472336,183.88874744,159.2240152,88.72837084000001,22.71933178,0.0,1.21374846,2.64897052,5.56506992,8.316141120000001,11.72561312,12.50530026,14.8185916,15.6972492,15.8903254,16.73213620000001,17.751657,18.2369388,16.680773,15.7841864,13.9196616,12.42864534,9.53653914,9.03910314,8.207508140000002,7.35896094,7.410688900000001,7.187415100000001,7.2773089,7.1289281,6.9789653,6.4235368,6.716427400000001,5.719157600000001,5.86956606,5.63477546,6.258736860000001,6.41117986,7.593290660000001,7.716147080000002,8.65495508,8.32430568,8.389025580000002,7.90054378,8.7530923,8.375978100000001,9.6423955,10.4993674,11.663999,11.8757646,13.3266976,14.0028466,15.0606468,15.3797722,16.1154986,16.1024352,14.9862806,12.7984036,11.5810306,9.5387014,8.455937400000002,7.723555000000001,8.3510764,7.429762399999999,7.89943592,7.37618906,7.77634556,7.273333820000001,7.9035343,7.16996718,7.11393404,6.43045974,6.280777420000001,5.39921366,5.31817794,3.990961874,3.037642994,1.913456834,1.402574854,0.6682844840000001,0.50452375,0.33557943,0.12957445,0.01934151,0.0,0.0,0.0,0.0,0,0,0,0,0,0,0,0,0,0,0.0,0.0,0.0
30787>30723,524,524,BDSu,Bond Street,Bond Street // Elizabeth Line // EB,524,BDSu,Bond Street,Bond Street // Jubilee // SB,Alight-Interchange-Board,3511.871610300001,250.244641,1302.6208056,882.7752948,646.6378407999999,341.0963672,88.49666090000004,0.0,5.195320600000001,12.3907842,22.9459442,34.74155820000001,48.44134620000001,57.39002360000001,69.139664,77.25231099999998,80.002051,99.187209,110.2149258,128.8505958,131.1014168,145.8689868,136.77742,129.1751912,102.9530636,89.85900079999998,71.3786338,57.2544426,52.02839,47.40621220000001,50.354726,47.0010554,45.16494,39.6360586,41.813107,37.8613812,37.1276638,34.9918332,35.4555466,32.210814,32.0525688,30.6646758,31.1009038,28.3454846,28.3604088,26.9624524,27.7957114,27.0875012,28.9634076,29.7171342,33.4188756,36.6675016,39.5297518,45.72476820000001,53.81425300000001,57.83982600000001,61.01356180000001,65.16488079999999,65.3738498,62.2365938,57.74015060000001,53.1710678,48.36163560000001,42.8724764,37.00376240000001,33.3206332,31.1425644,28.8157112,27.5589946,26.589231,26.071286,23.9528544,23.5056648,20.4592406,19.8039482,18.64227420000001,17.1362502,13.9869436,12.42885174,9.06880344,6.335048260000002,4.71018566,3.00413826,1.55179212,1.01594642,0.6164270000000001,0.0,0.0,0.0,0.0,0,0,0,0,0,0,0,0,0,0,0.0,0.0,0.0
30787>30788,524,524,BDSu,Bond Street,Bond Street // Elizabeth Line // EB,524,BDSu,Bond Street,Bond Street // Elizabeth Line // WB,Alight-Interchange-Board,0.0,0.0,0.0,0.0,0.0,0.0,0.0,0.0,0.0,0.0,0.0,0.0,0.0,0.0,0.0,0.0,0.0,0.0,0.0,0.0,0.0,0.0,0.0,0.0,0.0,0.0,0.0,0.0,0.0,0.0,0.0,0.0,0.0,0.0,0.0,0.0,0.0,0.0,0.0,0.0,0.0,0.0,0.0,0.0,0.0,0.0,0.0,0.0,0.0,0.0,0.0,0.0,0.0,0.0,0.0,0.0,0.0,0.0,0.0,0.0,0.0,0.0,0.0,0.0,0.0,0.0,0.0,0.0,0.0,0.0,0.0,0.0,0.0,0.0,0.0,0.0,0.0,0.0,0.0,0.0,0.0,0.0,0.0,0.0,0.0,0.0,0.0,0.0,0.0,0.0,0,0,0,0,0,0,0,0,0,0,0.0,0.0,0.0
30788>30510,524,524,BDSu,Bond Street,Bond Street // Elizabeth Line // WB,669,OXCu,Oxford Circus,Oxford Circus // Bakerloo // NB,Alight-Exit-Interchange-Enter-Board,5.374548161254753,0.9284167736,2.774277304400001,0.5556658340000001,0.3393176674,0.7768378415999998,3.274025475000001e-05,0.0,0.0,0.012642358,0.059932492,0.059932492,0.231791032,0.2520504808,0.3120679188,0.2713667888,0.2902895648,0.2258050728,0.257363324,0.232858884,0.239298722,0.2278695656,0.1853591516,0.2007910596,0.2025369796,0.2241159056000001,0.216622286,0.151758652,0.084509044,0.034607768,0.0070882506,0.0122453726,0.0122453726,0.0122453726,0.0319039886,0.024815738,0.023494753,0.0269215124,0.0269215124,0.0072628964,0.0107551288,0.0069189918,0.010372547,0.010372547,0.017791189,0.0142989566,0.0142989566,0.007418642,0.007418642,0.0,0.0,0.0,0.0238999828,0.027863488,0.034939096,0.047378764,0.0517603222,0.03516890540000001,0.0312054002,0.0241297922,0.0116901242,0.0113168312,0.0399649612,0.1580310612,0.1580310612,0.1580310612,0.154022796,0.1180661,0.006131152400000001,0.006131152400000001,0.006131152400000001,0.006131152400000001,0.006131152400000001,0.0,0.0,0.0,0.0,0.0,0.0,0.0,6.474621400000001e-06,6.474621400000001e-06,6.548050950000002e-06,6.548050950000002e-06,6.548050950000002e-06,7.342955000000001e-08,7.342955000000001e-08,0.0,0.0,0.0,0,0,0,0,0,0,0,0,0,0,0.0,0.0,0.0
30788>30511,524,524,BDSu,Bond Street,Bond Street // Elizabeth Line // WB,669,OXCu,Oxford Circus,Oxford Circus // Bakerloo // SB,Alight-Exit-Interchange-Enter-Board,101.55276254427,14.077572698,49.64579224,19.729161054,12.625530236,4.2476020416,1.22710427467,0.0,0.0073570096,0.1764192196,0.6656946196,1.8938694196,2.9499598196,3.73398131,4.6502913,5.36668922,5.49885568,5.839177280000001,5.850832140000001,5.38511934,4.715041339999999,3.862166200000001,3.02417954,2.68579162,2.58135058,2.50786736,2.32872194,1.937147334,1.603830514,1.251667574,0.94816068,0.7623139879999999,0.7573925140000001,0.7760185540000001,0.727879554,0.6478854000000001,0.5551199680000001,0.5339630679999999,0.55121386,0.5202883300000001,0.6158155860000001,0.6816295900000001,0.7051876400000001,0.656465968,0.7570770980000001,0.6650617240000001,0.7304627840000001,0.6980201340000002,0.820674734,0.8215597459999999,1.004324712,1.092014092,1.169836472,1.105128112,1.21301002,1.18289318,1.1627191,1.19536522,1.18623394,1.03703022,0.92944454,0.76105667,0.59079867,0.53914529,0.5286869620000001,0.5011325100000001,0.4756916740000001,0.429846194,0.420239974,0.301275932,0.26158409,0.241022256,0.2334917032,0.1428903592,0.1725950972,0.1457487712,0.1690111192,0.171931506,0.156504874054,0.118183784054,0.132265784054,0.09589802805400001,0.07425541405399999,0.07424425000000001,0.068117752,0.020942992,0.0,0.0,0.0,0.0,0,0,0,0,0,0,0,0,0,0,0.0,0.0,0.0
30788>30514,524,524,BDSu,Bond Street,Bond Street // Elizabeth Line // WB,669,OXCu,Oxford Circus,Oxford Circus // Central // EB,Alight-Exit-Interchange-Enter-Board,0.0,0.0,0.0,0.0,0.0,0.0,0.0,0.0,0.0,0.0,0.0,0.0,0.0,0.0,0.0,0.0,0.0,0.0,0.0,0.0,0.0,0.0,0.0,0.0,0.0,0.0,0.0,0.0,0.0,0.0,0.0,0.0,0.0,0.0,0.0,0.0,0.0,0.0,0.0,0.0,0.0,0.0,0.0,0.0,0.0,0.0,0.0,0.0,0.0,0.0,0.0,0.0,0.0,0.0,0.0,0.0,0.0,0.0,0.0,0.0,0.0,0.0,0.0,0.0,0.0,0.0,0.0,0.0,0.0,0.0,0.0,0.0,0.0,0.0,0.0,0.0,0.0,0.0,0.0,0.0,0.0,0.0,0.0,0.0,0.0,0.0,0.0,0.0,0.0,0.0,0,0,0,0,0,0,0,0,0,0,0.0,0.0,0.0
30788>30515,524,524,BDSu,Bond Street,Bond Street // Elizabeth Line // WB,669,OXCu,Oxford Circus,Oxford Circus // Central // WB,Alight-Exit-Interchange-Enter-Board,0.0,0.0,0.0,0.0,0.0,0.0,0.0,0.0,0.0,0.0,0.0,0.0,0.0,0.0,0.0,0.0,0.0,0.0,0.0,0.0,0.0,0.0,0.0,0.0,0.0,0.0,0.0,0.0,0.0,0.0,0.0,0.0,0.0,0.0,0.0,0.0,0.0,0.0,0.0,0.0,0.0,0.0,0.0,0.0,0.0,0.0,0.0,0.0,0.0,0.0,0.0,0.0,0.0,0.0,0.0,0.0,0.0,0.0,0.0,0.0,0.0,0.0,0.0,0.0,0.0,0.0,0.0,0.0,0.0,0.0,0.0,0.0,0.0,0.0,0.0,0.0,0.0,0.0,0.0,0.0,0.0,0.0,0.0,0.0,0.0,0.0,0.0,0.0,0.0,0.0,0,0,0,0,0,0,0,0,0,0,0.0,0.0,0.0
30788>30532,524,524,BDSu,Bond Street,Bond Street // Elizabeth Line // WB,669,OXCu,Oxford Circus,Oxford Circus // Victoria // NB,Alight-Exit-Interchange-Enter-Board,77.451874700146,9.29525151,21.613163314,19.06389862200001,15.962322414,7.036562898000001,4.480675942146,0.0,0.028341796,0.975988396,1.258905316,1.382074956,2.001523476,2.21283646,1.43558111,1.49854429,1.68257547,1.63534855,2.01369747,2.36692898,2.4852272,2.52520072,2.104487154,1.62067542,1.1386956,1.34046462,1.20131784,1.161715486,1.14821836,1.3384398,0.74298802,0.5888191039999999,0.7411415440000001,0.6602878879999999,0.5017801120000001,0.5672375620000001,0.640384218,0.4850003980000001,0.595183962,0.5946722680000001,0.5731292060000001,0.593056426,0.612573726,0.646091338,0.893056308,1.10583302,1.11667326,1.11557854,1.06506422,0.8735113879999999,0.7034624680000001,0.711622698,0.800228178,1.066357738,1.24289925,1.46590603,1.54300478,1.74085842,1.68239344,1.64972766,1.49018532,1.45015296,1.11898594,0.950439866,0.8031714460000001,0.6356223820000001,0.5384166420000001,0.5848805100000001,0.562683574,0.533555808,0.5428759120000001,0.4550912790000001,0.4636825510000001,0.3434171810000001,0.622725747,0.6706768150000001,0.8245682600000002,0.7457241000000001,0.79138503,0.448131872,0.3378095570292001,0.2152846870292,0.1786463670292,0.1033011970292,0.0715091950292,0.071507222,0.02213164,0.0,0.0,0.0,0,0,0,0,0,0,0,0,0,0,0.0,0.0,0.0
30788>30533,524,524,BDSu,Bond Street,Bond Street // Elizabeth Line // WB,669,OXCu,Oxford Circus,Oxford Circus // Victoria // SB,Alight-Exit-Interchange-Enter-Board,463.2673363150003,62.22962990000001,202.70397842,83.5995182,73.57821256000001,29.47558556,11.680411675,0.0,0.65949826,4.19565786,7.31956406,9.37873026,11.83000386,14.5740006,14.272175,13.1026724,14.867343,18.4958004,21.3789264,23.2758302,25.6675676,24.3443502,20.0198672,15.3811524,11.24263654,8.22205314,6.70577894,5.57832058,4.513509180000002,4.2384839,3.9046255,3.460217660000001,3.278729380000001,3.250271720000001,3.211995,2.66760258,2.857984860000001,3.037055820000001,3.43128438,3.20520304,3.1850056,2.86935196,3.0494193,2.82987164,2.85333438,2.95698518,3.73571126,3.643652600000001,3.81435116,3.904677480000001,4.121874040000002,4.03183136,4.36574164,5.156545540000002,5.815213480000001,6.503847640000001,7.262146240000001,8.14311296,7.971829340000001,7.693349059999999,6.90617154,5.601695599999998,4.12672816,3.26238394,2.70715184,2.51373888,2.49608136,2.541225059999999,2.4245627,2.37976606,2.51585252,2.25457764,2.08157062,2.13424972,2.16442522,1.94854428,2.21364426,2.03041736,1.55200754,1.328832072,0.977190857,0.4598744830000001,0.4318223230000001,0.3190227430000001,0.1647361310000001,0.1401714460000001,0.11414818,0.0,0.0,0.0,0,0,0,0,0,0,0,0,0,0,0.0,0.0,0.0
30788>30701,524,524,BDSu,Bond Street,Bond Street // Elizabeth Line // WB,524,BDSu,Bond Street,Bond Street // EntEx,Alight-Exit,22460.1855128,1426.87693,9512.245952,7116.270240000001,3355.198496,872.7157810000001,176.8781138,0.0,10.4204208,33.5651596,78.17009959999999,147.0805496,264.3784016,379.7224088,513.53989,635.91499,726.5196000000002,782.0724799999999,872.8214320000002,955.054552,984.997752,974.630372,921.42808,833.03822,703.9814,599.5864320000002,522.200642,469.848626,416.749312,368.202132,345.0575800000001,340.68425,343.772266,335.0541320000001,343.4919060000001,340.892574,340.5994,316.764856,300.20695,276.72031,262.165522,238.979096,237.920694,236.548212,234.48859,221.474502,222.8631460000001,229.174686,232.463358,226.9982,235.14994,241.37086,235.821818,238.6006420000001,258.479476,284.5496500000001,304.940732,330.273392,340.014008,337.860064,304.022736,264.266918,214.9982,173.150156,131.740055,104.952125,85.0569322,73.8296162,61.27713620000001,53.20823280000001,47.02063980000001,41.1068516,37.0569922,33.2178602,31.0991838,29.68684600000001,27.1456626,22.73677180000001,19.6537162,16.8184332,13.3749994,11.485886,10.06402416,9.09913836,6.78951816,5.02071476,3.10620456,1.8961986,0.0,0.0,0,0,0,0,0,0,0,0,0,0,0.0,0.0,0.0
30788>30714,524,524,BDSu,Bond Street,Bond Street // Elizabeth Line // WB,524,BDSu,Bond Street,Bond Street // Central // EB,Alight-Interchange-Board,4.009854118480888,1.118779256,1.000318504,0.7025963150000002,1.1253370078,0.0628230202,1.5480886e-08,0.0,0.0,0.0,0.128067,0.222144528,0.222144528,0.2732116,0.2732116,0.1451446,0.05106707200000001,0.05106707200000001,0.0,0.03116361200000001,0.03116361200000001,0.03116361200000001,0.03116361200000001,0.171696152,0.14053254,0.15807831,0.15807831,0.1588827246,0.0183501846,0.0183501846,0.0008044146,0.0008044146,0.0,0.0,0.00121491328,0.00121491328,0.00911822848,0.00911822848,0.02310143248,0.0356292332,0.0356292332,0.02893289912,0.02893289912,0.01494969512,0.00120698112,0.00120698112,0.009392526800000002,0.07643905680000003,0.07643905680000003,0.07643905680000003,0.07643905680000003,0.06704653000000001,0.008719853400000002,0.0282871594,0.04520230140000001,0.1814348914,0.2048777854,0.196157932,0.176590626,0.1645276962,0.02829510620000001,0.004852212200000001,0.0193449142,0.0193449142,0.014492702,0.014492702,0.014492702,0.0,0.0,0.0,0.0,0.0,0.0,0.0,0.0,0.0,0.0,0.0,0.0,0.0,3.0961772e-09,3.0961772e-09,3.0961772e-09,3.0961772e-09,3.0961772e-09,0.0,0.0,0.0,0.0,0.0,0,0,0,0,0,0,0,0,0,0,0.0,0.0,0.0
30788>30715,524,524,BDSu,Bond Street,Bond Street // Elizabeth Line // WB,524,BDSu,Bond Street,Bond Street // Central // WB,Alight-Interchange-Board,170.03741968,26.801298,17.867532,0.6742733999999999,121.781119708,2.913196572,0.0,0.0,0.0,0.0,0.0,0.0,8.933766,8.933766,8.933766,8.933766,8.933766,0.0,0.0,0.0,0.0,0.0,0.0,0.0,0.0,0.0,0.0,0.0,0.0,0.0,0.0,0.0,0.0,0.0,0.0,0.0,0.0,0.0,0.0,0.0,0.0,0.0,0.0,0.0,0.0,0.0,0.0,0.0,0.0,0.24805254,0.42622086,1.73460286,1.73460286,5.69202666,8.31038792,14.5927024,15.9946276,16.9785864,17.118612,16.1753076,9.744647256,7.344487475999999,6.360528676,2.263079276,0.3399698760000001,0.3101474200000001,0.0,0.0,0.0,0.0,0.0,0.0,0.0,0.0,0.0,0.0,0.0,0.0,0.0,0.0,0.0,0.0,0.0,0.0,0.0,0.0,0.0,0.0,0.0,0.0,0,0,0,0,0,0,0,0,0,0,0.0,0.0,0.0
30788>30722,524,524,BDSu,Bond Street,Bond Street // Elizabeth Line // WB,524,BDSu,Bond Street,Bond Street // Jubilee // NB,Alight-Interchange-Board,2396.080472200001,277.054266,942.9130936,515.8968215000001,379.4910689999999,190.1968534,90.5283687,0.0,5.0781212,13.6332618,21.3544558,34.45251380000001,51.92300480000001,66.3772356,84.23567299999999,100.358905,109.512719,116.825708,123.25405,116.053282,101.830378,87.33258199999999,66.00256540000001,44.42601380000001,29.2003148,25.667507,22.4490686,22.4164518,21.8748062,22.0751628,21.4400634,20.676538,22.0196928,21.1543014,21.6348368,19.935929,20.0365448,18.7542684,19.6708004,19.2774994,20.3116618,20.97418080000001,22.7542298,23.7463278,25.4248614,23.57982650000001,22.7636457,21.7791209,22.0608743,20.0175939,21.5176034,22.4815218,23.2584046,25.689937,30.2430304,33.72474099999999,38.5195144,40.41363000000001,40.9894958,37.61346,33.9445502,28.2357856,24.3769982,19.185852,17.5247982,16.0375784,15.489929,15.9524304,16.05794400000001,15.5907556,15.8993722,15.454063,14.7053804,14.4308256,13.8679246,12.6966654,11.629867,11.0548568,10.7260506,9.5577492,10.2775086,8.957188720000003,6.979352140000001,4.493458740000001,3.26589054,0.6393487400000001,0.25043222,0.0,0.0,0.0,0,0,0,0,0,0,0,0,0,0,0.0,0.0,0.0
30788>30723,524,524,BDSu,Bond Street,Bond Street // Elizabeth Line // WB,524,BDSu,Bond Street,Bond Street // Jubilee // SB,Alight-Interchange-Board,651.890045913,78.85277210000001,299.8657530400001,153.50329806,81.30515990000002,28.98813077600001,9.374932036999999,0.0,0.6195298,1.1139498,3.9994633,8.3563363,15.5095083,21.4691793,27.7848053,35.4206792,35.6368744,33.72954179999999,33.24232600000001,33.29086600000001,25.4306318,24.3483916,21.7049778,18.6767354,13.38848308,13.32857448,11.66767148,10.78902508,9.570655080000002,11.1607146,10.5492978,9.8895384,9.2089512,8.41356754,6.300293280000001,4.84856816,4.384201620000002,4.310908420000001,4.19623288,3.661238340000001,3.76992506,3.9801768,3.7807918,3.4948956,3.58333144,4.31165044,5.071560440000002,6.002040640000001,6.994913840000001,7.543638800000001,7.687180800000001,7.677014200000001,7.348086500000001,7.264354500000001,7.910555100000002,7.6617952,7.36053452,7.04014602,6.95779162,6.32381322,5.85425732,5.08768832,4.819123380000002,4.037214380000001,3.24535264,2.91504554,2.80636996,2.37119078,2.05022816,2.0986691,2.0476248,2.06407632,1.9353516,1.741065648,1.675941848,1.502012088,1.131425136,1.032291676,0.903533312,0.8622258919999999,0.6870224620000001,0.565299176,0.4519923466,0.7457861226000001,0.4341307426000001,0.3642807326000001,0.3508505106000001,0.34408184,0.0,0.0,0,0,0,0,0,0,0,0,0,0,0.0,0.0,0.0
30788>30787,524,524,BDSu,Bond Street,Bond Street // Elizabeth Line // WB,524,BDSu,Bond Street,Bond Street // Elizabeth Line // EB,Alight-Interchange-Board,0.0,0.0,0.0,0.0,0.0,0.0,0.0,0.0,0.0,0.0,0.0,0.0,0.0,0.0,0.0,0.0,0.0,0.0,0.0,0.0,0.0,0.0,0.0,0.0,0.0,0.0,0.0,0.0,0.0,0.0,0.0,0.0,0.0,0.0,0.0,0.0,0.0,0.0,0.0,0.0,0.0,0.0,0.0,0.0,0.0,0.0,0.0,0.0,0.0,0.0,0.0,0.0,0.0,0.0,0.0,0.0,0.0,0.0,0.0,0.0,0.0,0.0,0.0,0.0,0.0,0.0,0.0,0.0,0.0,0.0,0.0,0.0,0.0,0.0,0.0,0.0,0.0,0.0,0.0,0.0,0.0,0.0,0.0,0.0,0.0,0.0,0.0,0.0,0.0,0.0,0,0,0,0,0,0,0,0,0,0,0.0,0.0,0.0
