ID,Complex NLC,From NLC,From ASC,From Station,From Node,To NLC,To ASC,To Station,To Node,Movement,Total,Early,AM Peak,Midday,PM Peak,Evening,Late,0500-0515,0515-0530,0530-0545,0545-0600,0600-0615,0615-0630,0630-0645,0645-0700,0700-0715,0715-0730,0730-0745,0745-0800,0800-0815,0815-0830,0830-0845,0845-0900,0900-0915,0915-0930,0930-0945,0945-1000,1000-1015,1015-1030,1030-1045,1045-1100,1100-1115,1115-1130,1130-1145,1145-1200,1200-1215,1215-1230,1230-1245,1245-1300,1300-1315,1315-1330,1330-1345,1345-1400,1400-1415,1415-1430,1430-1445,1445-1500,1500-1515,1515-1530,1530-1545,1545-1600,1600-1615,1615-1630,1630-1645,1645-1700,1700-1715,1715-1730,1730-1745,1745-1800,1800-1815,1815-1830,1830-1845,1845-1900,1900-1915,1915-1930,1930-1945,1945-2000,2000-2015,2015-2030,2030-2045,2045-2100,2100-2115,2115-2130,2130-2145,2145-2200,2200-2215,2215-2230,2230-2245,2245-2300,2300-2315,2315-2330,2330-2345,2345-0000,0000-0015,0015-0030,0030-0045,0045-0100,0100-0115,0115-0130,0130-0145,0145-0200,0200-0215,0215-0230,0230-0245,0245-0300,0300-0315,0315-0330,0330-0345,0345-0400,0400-0415,0415-0430,0430-0445,0445-0500
30101>30110,1475,511,BSTu,Baker Street,EntEx,511,BSTu,Baker Street,Bakerloo // NB,Enter-Board,1388.46752634,9.970607919999999,50.43724052,504.0529975,419.5955988000001,247.9925182,156.4185634,0.0,0.193510008,0.320695068,1.168107268,1.615502928,1.935007428,2.25213282,2.4856524,1.97966592,2.01520886,2.16873888,2.14109064,2.47610934,2.95948162,3.906267020000001,4.6485617,5.609210140000001,6.538212400000001,7.394842200000001,8.599851800000001,9.3113978,9.787078,10.3584546,11.5320601,12.0312509,13.1494361,14.9618377,16.8758815,17.7808798,19.5547206,20.5370962,21.9857766,21.6676626,23.142312,23.8189084,24.9693094,24.8999636,27.0028164,27.15798,27.0708226,28.6155328,29.63856280000001,32.5453328,35.65792420000001,36.84823680000001,37.2201676,38.752594,37.4977586,35.6488786,36.9070438,36.02781779999999,35.0636094,33.8627812,32.8358488,29.4928344,29.4380278,27.6780652,25.53592,23.928001,22.7501168,21.082832,19.1535628,18.071981,17.75750440000001,18.356185,17.1845718,17.99487060000001,18.4989076,18.3530972,19.0453906,20.1381826,19.1670438,18.1341048,17.3524808,14.616938,10.96188586,8.41459716,5.821234959999999,3.04444136,1.06422676,0.3049395,0.0,0.0,0.0,0.0,0.0,0.0,0.0,0.0,0.0,0.0,0.0,0.0,0.0,0.0,0.0
30101>30111,1475,511,BSTu,Baker Street,EntEx,511,BSTu,Baker Street,Bakerloo // SB,Enter-Board,5314.087436400001,10.16480496,159.85788324,2630.690296199999,1485.689725,715.4022796000002,312.2824474,0.0,0.14631978,0.2494366,0.8724417000000001,1.36591786,1.8162342,2.49300202,3.2214528,3.9963097,4.52362602,5.67627648,7.07748908,8.02526428,9.11878668,11.119482,13.4291136,16.6265484,22.09239160000001,26.4183526,31.7542428,38.18745360000001,42.9524006,48.8507386,57.9029252,66.14994320000001,74.303584,88.25534999999998,98.75335,107.153596,120.481432,129.79153,132.445212,134.082292,137.047598,135.722226,134.418674,131.954083,130.921975,129.586787,127.850233,129.991133,140.782688,145.094572,148.01052,150.97035,151.512348,142.021458,141.039478,136.200994,126.951751,119.864439,113.8140518,104.8022728,102.3293188,101.5435698,94.6396938,89.20079700000002,84.016271,75.1381422,66.66635340000002,61.5483486,58.39384100000001,53.851598,49.0965508,46.9725104,45.41598279999999,42.51702720000001,42.5848572,43.1193828,42.6177204,39.790858,38.582246,34.797608,30.87219,26.4336616,22.4318182,15.5549734,10.4339294,5.9535918,1.6944678,0.0,0.0,0.0,0.0,0.0,0.0,0.0,0.0,0.0,0.0,0.0,0.0,0.0,0.0,0.0,0.0
30101>30120,1475,511,BSTu,Baker Street,EntEx,511,BSTu,Baker Street,H&C and Circle // EB,Enter-Board,4165.277275139999,47.17592958,245.7813514,1744.9486838,1075.1997032,609.8626432,442.3089639600001,3.59932234,4.51110994,6.41837064,6.07990752,5.751546400000001,6.36215988,7.09022128,7.36329158,8.590655400000001,9.6356884,10.9016502,13.2159214,14.5434532,18.5578656,20.812308,24.5416802,26.78414320000001,29.9737684,31.5133242,36.7108932,38.0549302,42.3361486,46.2746866,51.1239114,54.13099180000001,59.46343680000001,64.68367520000001,70.5282584,71.468164,77.30973,79.86681000000002,78.924494,76.8813128,80.3752932,78.88136120000001,78.5591452,78.2085612,81.27393620000002,82.653035,85.43002220000001,86.39256620000002,93.2554182,94.15497920000004,94.71781620000002,93.373497,96.283901,94.5475878,96.6816298,93.7708728,94.538306,91.20742,88.7339812,83.77132519999999,85.2034792,80.305328,76.7823752,69.71686360000001,66.562612,58.7087304,56.2639496,52.33919280000001,50.9512388,46.3457884,44.7469412,40.8386868,41.7814404,40.1702566,41.4369426,42.4412914,47.13867920000001,44.7757306,45.2100414,44.189099,45.45529400000001,43.2225218,40.675281,35.3217596,27.261968,17.132253,6.756958600000001,2.07438,0.0,0.0,0.0,0.0,0.0,0.0,0.0,0.0,0.0,0.0,0.0,0.0,0.2179021200000001,0.2179021200000001,0.2179021200000001
30101>30121,1475,511,BSTu,Baker Street,EntEx,511,BSTu,Baker Street,H&C and Circle // WB,Enter-Board,2732.47288998,39.84144490000001,136.10870238,1239.0505022,736.5551780000001,350.7702858000001,230.1467767000001,3.29506232,3.53107068,6.74897068,7.26995338,6.041265280000001,4.70889714,5.25563024,2.99059518,3.539121420000001,4.3178926,5.02066206,6.103409800000001,7.10978046,8.86774052,10.82175752,13.5153884,15.3023792,17.7891328,20.0178294,23.7036082,26.1964904,29.4439898,32.2298618,35.9040094,36.6418384,40.04073440000001,43.8666918,46.5687792,47.4195368,53.1332468,56.5293442,56.356852,56.17248840000001,59.31122040000001,58.85126040000001,58.51184440000001,59.29873780000001,62.10671480000001,61.97586320000001,60.69560460000001,61.2011686,63.4584686,65.63855760000001,67.4971984,67.5769698,68.90846579999999,69.42274379999999,68.5535956,65.15522560000001,66.620354,63.614924,60.12732660000001,56.65996780000001,55.27321380000001,49.51830660000001,45.1240846,41.13465400000001,37.6099566,33.15825220000001,32.0787028,30.5505406,29.5881376,26.9182366,25.7832028,24.4433722,24.1837508,22.8452346,22.476245,22.94483360000001,22.8787468,21.4358898,21.572536,21.2832614,19.202856,17.1671338,15.9917776,12.4130887,15.9573713,13.4934583,10.7287693,7.984490099999999,7.092564,0.0,0.0,0.0,0.0,0.0,0.0,0.0,0.0,0.0,0.0,0.0,0.0,0.0,0.0
30101>30122,1475,511,BSTu,Baker Street,EntEx,511,BSTu,Baker Street,Jubilee // NB,Enter-Board,1705.155150006,9.575437684,54.905253606,588.4899207199999,482.4770948,295.6020666,274.105376596,0.74777786,1.07422656,1.254758848,1.111318368,1.116120774,1.191914734,1.279136774,1.800183766,1.975794226,2.38799734,2.76823846,2.81817132,2.83326236,4.053767820000001,4.370913760000001,5.138159920000001,5.943398640000002,6.918127920000001,7.139156320000001,8.55826552,9.79020672,11.7456644,13.4360886,15.5274612,16.4444502,17.73564900000001,19.7967764,21.1692166,23.0587498,25.4453292,26.7655202,26.6595198,27.5508304,27.20750300000001,27.604875,28.1993292,28.57398420000001,28.9476104,29.777071,30.6289514,30.3526928,32.3221928,33.5262686,36.2239798,37.3903776,39.860093,40.9038518,42.42086119999999,41.8955838,42.98126480000001,42.6316988,41.50405,39.97049920000001,39.9456854,37.20566779999999,35.7674614,33.498109,32.08144100000001,28.967361,27.7307316,25.63022620000001,24.4002518,22.167883,20.4296036,19.1026612,19.3093448,20.6946484,21.589805,21.357446,21.0481716,20.21889040000001,17.72847,16.3949514,16.6093394,16.4175502,14.26793866,12.58226426,9.737274139999998,8.58567774,7.53967974,8.105019680000002,8.21285628,9.649533400000001,8.65640694,7.71067934,6.945015740000001,6.46435762,6.159362420000001,5.39879094,4.910552900000001,4.62951954,4.46133266,3.151195334,3.220911474,2.428440114,1.513748674
30101>30123,1475,511,BSTu,Baker Street,EntEx,511,BSTu,Baker Street,Jubilee // SB,Enter-Board,7281.886231419999,53.80825096,402.84844932,3396.219769600001,1785.61552,922.8870466000002,720.5071949400001,3.5834928,4.710894799999999,6.137572,6.41053088,6.50175832,7.21403632,9.13469652,10.11526932,11.40129132,14.8149102,18.3499216,22.0046404,25.8102952,30.96120160000001,34.5389638,39.69802139999999,43.232169,47.6529122,53.605555,60.7785676,64.1509066,71.776816,80.77300500000003,90.495001,99.3237858,113.9347498,130.0606138,142.7200048,147.5912828,158.210992,163.686006,162.00368,159.472128,167.719794,164.820834,166.256102,162.374112,162.115184,158.923018,159.341546,156.340658,167.626264,172.7876079999999,173.715678,175.885258,175.64276,165.726366,163.378574,157.18168,149.181042,144.711214,142.601772,134.05995,133.106892,127.021124,117.118888,104.474592,98.75686999999999,86.84271999999999,82.335706,77.05547440000002,76.5744624,70.17268,66.084452,63.87480000000001,66.4339796,64.33677639999999,65.9445338,67.2376198,67.58782579999999,64.5633058,62.703573,58.29844839999999,55.03626379999999,49.6725818,42.0906002,33.4323902,25.6672474,21.1276062,16.9300206,16.2635964,17.165758,18.4341706,16.2071646,13.5625558,11.8465709,10.38454758,9.55935878,8.46438518,6.95608928,6.373147280000001,5.607499200000001,4.20526621,4.491447610000002,3.996097910000001,2.64205661
30101>30124,1475,511,BSTu,Baker Street,EntEx,511,BSTu,Baker Street,Metropolitan // NB,Enter-Board,3288.591206120001,22.2782013,115.59896192,991.5593182,1019.1144898,698.46986,441.5703749,0.77755506,1.41898434,2.23913634,2.72996442,2.99395324,3.30937084,4.0321637,4.777073359999998,5.417687819999998,6.256917119999999,7.16946734,7.347075539999999,8.301695279999999,9.45178274,10.13822054,11.22929344,12.0909785,11.6196817,12.8716191,13.7045428,14.5142272,16.6381746,19.1004364,19.8188074,21.6795088,24.9549542,27.4016454,29.4361002,32.90372380000001,37.85809880000001,39.0634768,43.3096322,47.0418938,50.9037538,50.84054279999999,53.0403994,51.5826366,51.676157,51.53723840000001,52.48262440000001,56.53509320000001,62.37773760000001,65.56973640000001,71.29271899999999,76.29462000000002,78.05274800000002,78.182599,81.47303500000002,81.817599,82.23593600000002,87.62495,91.8327272,93.62387640000001,92.27125040000001,91.4555744,84.24957440000001,76.4736176,69.92985680000001,64.34138960000001,60.132229,56.55604140000001,55.1702184,53.146498,53.36450120000001,53.20784079999999,52.391694,51.7760996,51.97987360000001,50.2887648,47.3425062,46.11867860000001,43.95270040000001,41.1110404,37.13155920000001,37.1604342,37.40547539999999,34.0043666,26.77238514,21.65611514,13.61375374,4.80547654,0.20711854,0.0,0.0,0.0,0.0,0.0,0.0,0.0,0.0,0.0,0.0,0.0,0.0,0.0,0.0
30101>30125,1475,511,BSTu,Baker Street,EntEx,511,BSTu,Baker Street,Metropolitan // SB,Enter-Board,3577.637902200001,33.28091106,230.60998674,1542.7350156,1010.4439944,537.2810432,223.2869512,0.0,1.5235886,2.6668735,3.6017189,4.45715064,6.04563744,7.11301544,7.872926540000001,9.02723514,10.4090164,11.1914582,12.2025782,13.0502178,16.6254204,18.7009852,22.546779,24.906191,28.7494418,29.3279842,33.8726794,33.8902984,36.470885,39.5887378,44.9389296,45.7327486,51.7699992,57.126984,61.72255080000001,60.39659800000001,68.984578,70.41562200000001,71.16082200000002,68.8408946,74.35842260000003,69.59383259999998,70.45563059999999,67.94324920000001,72.26530960000002,71.26720759999999,75.1396776,75.44656359999999,83.780383,83.90404400000001,87.54104720000002,87.5955844,91.2710424,86.41088640000001,90.01691140000001,86.2044982,89.545912,86.23633000000001,87.01003800000002,79.84265500000002,82.56589300000002,73.1552188,70.5890248,62.6878638,60.84688260000001,51.70940060000001,49.57405500000001,43.99374100000001,43.65487600000001,39.0531552,37.8423986,35.98477379999999,38.1980226,36.9266818,36.80919220000001,35.3782078,34.99452479999999,32.959964,31.421658,30.2977876,24.7426186,17.7868432,10.5174672,5.187880000000001,0.0,0.0,0.0,0.0,0.0,0.0,0.0,0.0,0.0,0.0,0.0,0.0,0.0,0.0,0.0,0.0,0.0,0.0,0.0
30110>30101,1475,511,BSTu,Baker Street,Bakerloo // NB,511,BSTu,Baker Street,EntEx,Alight-Exit,3305.534095629999,26.31154393,348.0643972,1649.9844478,634.4624420000002,413.4148172000001,233.2964475,0.0,0.08619566599999999,0.403126726,1.239826586,2.582663586,4.891038786,7.37716832,9.73152426,12.2953756,14.3909468,15.0431594,15.9232504,18.40939220000001,22.7761482,25.79440200000001,31.1245702,38.0690068,46.93189400000001,49.92161280000001,57.38463880000001,62.3469388,66.725328,65.83905899999999,69.848545,69.955217,73.049687,73.40743,75.044595,76.240787,78.97501199999999,79.87356199999999,81.566732,83.20528600000002,83.34080200000002,80.24204300000002,76.78306900000003,71.7287714,65.8270914,59.9302574,55.5685374,51.29744180000001,49.46620720000001,49.5271222,50.19492620000001,51.64419540000001,53.00065760000001,53.10021200000001,54.39538420000001,55.42995020000001,55.63962660000001,54.656924,54.55421680000001,52.79015760000002,51.17727920000001,49.51293280000001,48.56090560000001,46.8287808,44.81283120000001,42.1063316,39.20295400000001,36.65183440000001,34.06982120000001,31.45503320000001,28.9223768,27.9315158,26.9350658,26.97268000000001,27.5255924,29.6870228,30.2261336,30.93832380000001,29.4334628,26.6095938,22.5669144,19.213369,14.9974638,11.79755574,8.59913594,5.428663340000001,2.842631340000001,0.9561771400000002,0.0,0.0,0.0,0.0,0.0,0.0,0.0,0.0,0.0,0.0,0.0,0.0,0.0,0.0,0.0
30110>30120,1475,511,BSTu,Baker Street,Bakerloo // NB,511,BSTu,Baker Street,H&C and Circle // EB,Alight-Interchange-Board,25.90314289499999,0.06851742400000001,1.1869792806,6.214921918399999,7.062160252,5.897168718000001,5.473395302000001,0.0,0.0,0.0137034848,0.0137034848,0.0137034848,0.0137034848,0.0137034848,0.0,0.0017848262,0.0284026682,0.0372487552,0.0945102452,0.1244179912,0.164699719,0.163180365,0.1602427486,0.114179219,0.101334021,0.100233709,0.096745013,0.1310060084,0.1334979620000001,0.157193636,0.140970076,0.179168818,0.19310238,0.247923254,0.261240476,0.307080488,0.29029151,0.314408158,0.28912481,0.269879624,0.2344643260000001,0.2409099260000001,0.21278973,0.21240991,0.244934068,0.293243228,0.328210212,0.357264764,0.388503444,0.397778288,0.3895268220000001,0.378269062,0.380724458,0.385931022,0.493321114,0.545633334,0.661178994,0.7019544259999999,0.8760746020000001,0.7376958160000001,0.704918596,0.5462788540000001,0.6501799739999999,0.497334584,0.532161358,0.487397224,0.645229546,0.481562766,0.426567748,0.407799072,0.5062064860000001,0.412474046,0.388357656,0.426552408,0.6855258240000001,0.7356811659999999,0.7599948460000001,0.7569980880000001,0.699634632,0.4131104560000001,0.324204394,0.390311162,0.401085182,0.374681254,0.34053335,0.2308807,0.04628007200000001,0.0,0.0,0.0,0.0,0.0,0.0,0.0,0.0,0.0,0.0,0.0,0.0,0.0,0.0,0.0,0.0
30110>30121,1475,511,BSTu,Baker Street,Bakerloo // NB,511,BSTu,Baker Street,H&C and Circle // WB,Alight-Interchange-Board,1521.605310168,0.632824118,52.30542653000001,567.60597042,393.202273,297.8414656,210.0173505,0.0,0.0059696738,0.0124655862,0.0212481056,0.04397782160000002,0.0917919436,0.1798289398000001,0.2775420474,0.465657988,1.124626632,1.64697075,2.22813208,2.87950462,3.621935300000001,4.09745234,5.290244100000002,6.6067885,7.54963974,7.95398354,8.84049094,9.50332034,10.21956674,11.87905674,14.9899114,17.668976,20.19877180000001,22.6310398,23.6773662,24.15852700000001,24.44780440000001,24.9882874,25.7977416,26.2870444,26.1608862,26.00325640000001,26.2474642,25.8857944,27.3112534,27.9317818,29.4707148,29.4114208,30.0610064,30.83034140000001,31.8446368,32.85745619999999,34.1646922,34.3595234,33.9901022,34.55227739999999,34.5981972,32.952131,33.0942162,32.1371134,31.042557,29.8353012,29.61870560000001,27.8753004,27.48147840000001,26.6220844,25.764873,24.406314,24.0804016,23.0131592,22.7683342,22.3171466,23.5130414,24.15300460000001,25.8463278,27.6633726,28.8512252,29.1815046,28.2190818,24.1841948,21.0471846,16.3281867,12.6956793,8.9236659,6.964472099999999,3.4766837,2.0713766,0.4107226,0.0,0.0,0.0,0.0,0.0,0.0,0.0,0.0,0.0,0.0,0.0,0.0,0.0,0.0,0.0
30110>30122,1475,511,BSTu,Baker Street,Bakerloo // NB,511,BSTu,Baker Street,Jubilee // NB,Alight-Interchange-Board,3381.5484016,18.42323336,86.97877996000003,682.6842042799999,806.4518029999999,1000.800181,786.2102000000001,0.0,0.21178576,0.8756500800000001,1.51381254,2.61838414,3.8583284,4.402352179999999,4.94292026,5.758971,5.460681,5.463781340000001,6.251760400000001,6.7972076,7.141665600000001,7.618681400000002,8.262515800000001,8.119944280000002,7.827348180000001,8.356627580000001,9.919595780000002,10.57799318,12.2746861,13.9394602,14.20679,14.655959,15.7649334,16.64590560000001,17.8948406,20.5451922,22.9137436,24.9457756,27.28439940000001,28.65237200000001,30.51599060000001,30.6206524,32.621495,34.3598164,37.3368698,38.1952412,41.2241974,44.1542068,47.4790134,50.3130162,55.5616542,60.2756242,62.4332842,64.77754420000001,67.73598080000001,70.32734880000001,71.59165680000002,72.954494,70.87966560000002,69.0668316,66.2440356,64.98636560000001,65.1789716,70.74010200000002,74.56311600000002,77.9676288,80.27932679999999,82.2166668,80.3766368,80.50077879999999,81.96110999999999,85.201468,87.95344100000001,93.937621,105.102285,114.037519,111.917799,108.3879528,103.8944868,84.10366680000001,66.12461280000001,57.0068238,47.53577139999999,34.6739604,26.6573364,17.8514804,10.0187214,4.000069000000001,0.0,0.0,0.0,0.0,0.0,0.0,0.0,0.0,0.0,0.0,0.0,0.0,0.0,0.0,0.0
30110>30123,1475,511,BSTu,Baker Street,Bakerloo // NB,511,BSTu,Baker Street,Jubilee // SB,Alight-Interchange-Board,44.6913227770235,0.0968701916,1.0547998977888,16.1237822588182,15.155633532,6.384507933,5.8757289638165,0.0,0.0,0.0,0.008047213400000001,0.008047213400000001,0.0125956904,0.0194655272,0.0487145472,0.0481789718,0.0573395018,0.05534404220000001,0.07707358140000001,0.0771426734,0.1036507734,0.1325832474,0.148169538,0.13731948,0.108042952306,0.07402407004139999,0.03593106604140001,0.0290944720414,0.0185950994414,0.0592118291354,0.1111502934,0.1611944194,0.1962078374,0.21504942,0.2334013140000001,0.3734279740000001,0.4924988540000001,0.5878005820000001,0.797187054,0.8659730059999999,0.7843366660000001,0.8066109,0.9320862,0.9869656000000002,1.12778718,1.27937254,1.30373574,1.33465308,1.193923866,1.126655886,1.106862446,1.322904606,1.475084506,1.60440112,1.5821514,1.55410554,1.36953288,1.19567234,1.06826246,1.04841638,1.01371326,1.0012061,0.92018294,0.91011286,0.910376534,0.8332401740000001,0.677908958,0.565950652,0.4902173620000001,0.392834088,0.3449222140000001,0.3573881560000001,0.295584521,0.303314587,0.302657827,0.362581673,0.406377287,0.528349728,0.5424411960000001,0.508097486,0.860079934,0.7244348323633001,0.6614884263633001,0.5739353423633,0.5468014523632999,0.0805708123633,0.080570794,0.0,0.0,0.0,0.0,0.0,0.0,0.0,0.0,0.0,0.0,0.0,0.0,0.0,0.0,0.0,0.0
30110>30124,1475,511,BSTu,Baker Street,Bakerloo // NB,511,BSTu,Baker Street,Metropolitan // NB,Alight-Interchange-Board,5641.3014763,39.1624436,134.57002544,1099.49377426,1653.033142,1468.8778754,1246.1642156,0.0,0.95662928,2.61384448,4.58751768,5.970032880000002,7.720333480000002,8.3596056,8.954480199999999,10.1953574,11.5786054,12.4630134,12.959721,12.2608388,10.9864414,10.3941942,10.1772028,10.9184622,10.76130028,10.72410988,11.15077868,11.02882708,10.54160098,12.4853605,15.0450849,16.75099010000001,19.5094691,23.5671708,25.8690008,28.6189672,32.1744552,36.78439520000001,40.61294000000001,45.7784832,49.4183798,55.5491958,58.3023432,62.04069920000001,65.5244208,70.6537608,72.5426568,77.6817968,83.23594,90.49345,95.284386,102.766948,109.061824,118.297502,124.380036,136.76154,144.073176,149.02187,151.051026,157.69591,153.382842,151.363654,155.176814,150.794298,139.875489,132.666293,127.265285,115.851378,110.167776,108.293745,110.878385,113.499793,117.351674,119.6907292,122.5430302,127.0152942,132.2598182,132.2078022,143.455789,133.407684,120.321485,105.916678,105.862278,81.61040600000001,67.32322200000002,51.720451,35.004034,10.059274,0.0,0.0,0.0,0.0,0.0,0.0,0.0,0.0,0.0,0.0,0.0,0.0,0.0,0.0,0.0
30110>30125,1475,511,BSTu,Baker Street,Bakerloo // NB,511,BSTu,Baker Street,Metropolitan // SB,Alight-Interchange-Board,122.593834439856,0.201457115856,2.167955096,33.48285552800001,38.83944258,30.94110152,16.9610226,0.0,0.0047935724,0.005063975620000001,0.005088335571200001,0.0267408283712,0.0431169243712,0.0421568063712,0.07449667315120001,0.1387135072,0.1897767504000001,0.1819044856000001,0.2124997652,0.2201005432000001,0.1817874092,0.1424932192,0.171700466,0.150216692,0.162494078,0.185090758,0.231177422,0.3018214380000001,0.3900864040000001,0.457644598,0.6414068180000001,0.8295892480000002,0.914978114,1.079515588,1.35109944,1.40393516,1.37554056,1.47121346,1.55505458,1.37602156,1.36969684,1.343856,1.48606846,1.38032622,1.67677884,1.8371869,2.07173934,2.0761643,2.28762074,2.28675352,2.5187574,2.61008844,2.78436512,2.9226386,2.91234814,3.05406244,3.2814917,3.39233502,3.67313436,3.90242582,3.69026538,3.34814376,3.2681438,3.11765486,2.82196128,2.710031180000001,2.74566962,2.5840391,2.04456644,2.3088111,2.43781634,2.45663998,2.5167573,2.79904492,2.3981094,2.65629674,2.76822342,2.76865734,2.755728840000001,2.56465792,1.68863168,1.0975966,0.55750156,0.1037285,0.0,0.0,0.0,0.0,0.0,0.0,0.0,0.0,0.0,0.0,0.0,0.0,0.0,0.0,0.0,0.0,0.0,0.0,0.0
30111>30101,1475,511,BSTu,Baker Street,Bakerloo // SB,511,BSTu,Baker Street,EntEx,Alight-Exit,222.1908861770001,3.469270227,33.0698831,123.0072339,37.69313144,19.27808432,5.673283190000001,0.0,0.006491999400000001,0.0424819934,0.3290598334,0.5483057134,0.6825046934000001,0.8465141740000001,1.01391182,0.93384858,1.02170166,1.2131565,1.45136962,1.66509648,2.06944958,2.49175912,3.0225677,3.8493398,4.77728756,5.1500056,5.4243009,5.78103916,5.780358720000002,5.67516506,5.987580840000001,6.298348580000001,6.188658020000001,6.129769760000001,6.261216360000001,6.19589004,6.116834620000001,6.22268672,6.186936240000001,5.749143840000001,5.440884560000002,5.127716040000001,4.71109584,4.27181132,4.040255800000002,3.8117202,3.56640246,3.45557086,3.39569456,3.37794754,3.23450676,3.129713880000001,3.26359968,3.30941836,3.19435918,3.2554561,3.37949508,3.16571952,3.14661298,3.15934134,3.07185444,2.85352476,2.76403612,2.52424654,2.36406178,2.25094996,2.11417924,1.86768422,1.66835492,1.427947208,1.187938208,1.032207288,0.961253208,0.964396688,0.91486506,0.890461012,0.864258592,0.7595925119999999,0.622911036,0.560023524,0.5066353320000001,0.4295731720000001,0.379012482,0.283950518,0.21507269,0.12193619,0.03985613,0.0,0.0,0.0,0.0,0.0,0.0,0.0,0.0,0.0,0.0,0.0,0.0,0.0,0.0,0.0,0.0
30111>30120,1475,511,BSTu,Baker Street,Bakerloo // SB,511,BSTu,Baker Street,H&C and Circle // EB,Alight-Interchange-Board,325.5242571000001,12.6801939,28.73169610000001,149.3747762600001,58.63001566000001,43.36319576,32.74437942,0.0,0.99007186,0.99007186,2.53603878,2.53603878,2.53603878,1.54596692,1.54596692,0.0,0.21099318,0.43188,0.81219942,1.23279654,1.5314898,2.08621256,2.59999456,2.9465741,4.738486780000001,5.848911520000001,6.292157640000001,7.390423620000001,7.561552660000001,7.07884366,7.172417260000001,7.182213200000001,6.8894864,7.52276772,6.411720600000002,6.426478660000001,7.25290986,7.410665260000001,6.97659428,7.796342140000001,7.75759322,6.78228832,5.420819,5.25660954,4.901197799999999,4.262467060000001,3.88491808,4.5218718,4.50028452,4.58839642,4.425915180000001,4.82965358,4.77587478,4.94546858,4.76844848,5.03160352,4.954578100000001,5.2062183,4.998884700000001,5.03638616,5.03355288,4.783839780000001,4.2655068,4.54914668,4.563382420000001,4.3698379,4.380189580000001,4.52622522,3.985447860000001,3.42478066,3.2585061,2.93849324,2.61282614,2.30050582,2.45385414,2.0791994,1.89714858,2.02846276,2.963139640000001,2.36469618,2.87288574,4.29147474,4.488558,3.24963712,3.20948066,2.4979544,0.8017422000000001,0.0,0.0,0.0,0.0,0.0,0.0,0.0,0.0,0.0,0.0,0.0,0.0,0.0,0.0,0.0,0.0
30111>30121,1475,511,BSTu,Baker Street,Bakerloo // SB,511,BSTu,Baker Street,H&C and Circle // WB,Alight-Interchange-Board,125.762640354,0.5798404359999999,13.563300308,65.915852,29.61525984,11.6062327,4.48215507,0.0,0.0,0.0020513428,0.1126806828,0.1126806828,0.1126806828,0.1126806828,0.127066362,0.196847402,0.317767782,0.491239122,0.7271820019999999,0.93894064,0.99476274,1.15512464,1.33815206,1.61623282,1.72822026,1.89631098,2.16251986,2.36123974,2.22565422,2.46557242,2.988052339999999,3.32161872,3.44785888,3.93234976,3.93222066,3.52440038,3.36151934,3.31123174,2.99694346,2.76169486,2.6493637,2.32857256,2.16310696,2.01546264,2.13411004,2.22980978,2.40840918,2.35090238,2.41888282,2.4316435,2.15523192,2.18140122,2.53918986,2.55142296,2.515827740000001,2.92792654,2.75685354,2.40968876,2.56272312,2.49801552,2.29881664,2.30651914,2.0668748,1.68810452,1.57418,1.42441768,1.20869564,1.190961268,1.032848216,0.8042780559999999,0.603491642,0.502574882,0.493415774,0.532854798,0.5504102240000001,0.522436494,0.4818936400000001,0.4349920000000001,0.368553062,0.434736496,0.422490936,0.5074226500000001,0.440994044,0.3706329900000001,0.25355995,0.2054882140000001,0.038954594,0.0,0.0,0.0,0.0,0.0,0.0,0.0,0.0,0.0,0.0,0.0,0.0,0.0,0.0,0.0,0.0
30111>30122,1475,511,BSTu,Baker Street,Bakerloo // SB,511,BSTu,Baker Street,Jubilee // NB,Alight-Interchange-Board,1182.96569141,13.63119733,78.38933118000001,470.9528861999999,335.3261774,195.4325283,89.23357099999998,0.0,0.04766290200000001,0.233407122,0.362189682,1.546224282000001,2.696725282,3.80778544,4.93720262,6.563312860000001,7.00484346,6.375399359999999,6.03130338,5.76943978,5.213013480000001,5.056344960000001,5.58266246,5.729521980000001,6.70079458,8.46489148,9.8978034,11.9633292,13.8825374,14.7955342,15.4307182,16.378836,16.4348238,17.3031444,17.117538,17.57309140000001,18.560567,20.0959614,19.9784412,21.86953,22.6786598,22.5871502,21.0926338,21.8084854,21.2447864,21.3363518,20.8995238,22.8635562,23.9151932,25.5460842,25.5964092,26.592492,26.4137506,26.6018274,26.827339,28.695422,28.9206356,30.1905654,29.778496,29.1037474,28.0118648,28.1563784,26.0336588,24.6803634,23.399036,21.0286414,17.98153719999999,16.6802102,15.5963502,14.1665774,13.112034,12.9204058,12.4014661,11.8498285,11.6160781,11.6758673,11.5269405,11.075054,11.5856572,10.05286692,9.25355132,7.743604759999998,6.693341680000001,3.99654028,3.21317656,1.59711956,0.81985092,0.0,0.0,0.0,0.0,0.0,0.0,0.0,0.0,0.0,0.0,0.0,0.0,0.0,0.0,0.0,0.0
30111>30123,1475,511,BSTu,Baker Street,Bakerloo // SB,511,BSTu,Baker Street,Jubilee // SB,Alight-Interchange-Board,5322.572163700002,59.11633089999999,515.6796434,2632.2104244,1057.223772,761.8302608000001,296.5117322,0.0,1.551746,2.75434714,4.81291294,8.90516894,11.36934594,13.05858654,16.66422339999999,18.49547,19.662341,22.5331524,26.5679608,29.4245474,34.996711,39.6910966,47.21618820000001,54.06161120000001,64.4000086,73.41240540000003,85.21815079999999,96.68243079999999,108.7574248,115.0461708,122.082592,124.617446,124.849228,120.859958,119.26646,117.532262,123.964756,123.342706,124.881136,123.357748,122.427616,112.3263732,106.6155352,100.8599572,97.4327772,92.2895332,89.68737,89.678798,91.101524,93.540102,91.01052,90.10194200000001,87.7239848,84.4523428,79.92658680000002,80.7513496,82.6099988,85.163472,88.542178,90.26311600000002,96.22339720000002,97.42169400000004,94.04371,90.136706,89.264452,82.1091392,75.28050920000001,71.12382120000002,65.2869584,56.89624240000001,51.75293180000001,47.59695379999999,45.2136988,44.025255,43.143593,40.71764159999999,37.663058,34.4227526,32.100508,30.33920800000001,29.24240360000001,27.0698778,24.5356088,18.27058,12.79485,6.657547200000001,2.6976966,0.0,0.0,0.0,0.0,0.0,0.0,0.0,0.0,0.0,0.0,0.0,0.0,0.0,0.0,0.0,0.0
30111>30124,1475,511,BSTu,Baker Street,Bakerloo // SB,511,BSTu,Baker Street,Metropolitan // NB,Alight-Interchange-Board,476.9239844636999,3.5968008297,32.044346914,220.9501236400001,116.46628698,58.35841684,45.50800926000001,0.0,0.00150515074,0.2070353707400001,0.42562847074,0.5402763607400001,0.6088176727400001,0.875986302,0.937551502,1.108104782,1.428234872,2.19429656,2.39879068,2.51300372,2.65680416,3.0000501,2.9341035,3.21949436,3.352225600000001,3.68951404,3.54972454,3.841889940000001,3.9106877,4.70806616,4.8616495,5.51212262,5.896415620000001,8.541832900000001,8.11406294,8.134852540000002,8.240612740000001,18.34448934,16.32892721999999,16.75822822,17.12435172,18.63017838,8.147563380000001,8.121828100000002,7.887505620000002,8.79241342,7.31091222,7.671758539999999,7.84909114,8.594629820000002,7.62605386,7.708066260000002,8.29014134,8.801275740000003,8.857194340000003,9.6033992,10.2254176,10.7241722,10.9076006,10.9793294,10.6596972,10.4432834,9.2667097,7.888723,6.667816499999999,5.91858844,4.95852124,4.33130484,4.153418299999999,4.05469608,3.68168274,3.736272940000001,3.99945172,4.34253276,4.62540828,5.290385960000001,5.204324640000001,5.604830360000001,5.431459240000001,5.085680740000001,4.767851520000002,4.12676158,3.52885218,2.6116437,2.0423626,1.04381934,0.7700374000000001,0.0,0.0,0.0,0.0,0.0,0.0,0.0,0.0,0.0,0.0,0.0,0.0,0.0,0.0,0.0,0.0
30111>30125,1475,511,BSTu,Baker Street,Bakerloo // SB,511,BSTu,Baker Street,Metropolitan // SB,Alight-Interchange-Board,1291.122177810001,18.21902597,187.37834338,650.0983066,257.410663,153.13587834,24.87996051999999,0.0,0.04643612,0.44736932,0.59753551,2.53358011,3.53941125,5.097922130000001,5.95677153,7.917995640000001,7.52491204,9.4688759,9.8649493,12.4613873,14.3813416,16.6952776,17.78203539999999,21.3916924,22.0238724,22.9855648,24.88043900000001,26.2822696,26.6559042,29.3679276,32.2393338,32.2214336,33.3442952,34.1164904,33.4792996,31.65373120000001,32.9118234,32.921454,31.5230126,30.0025124,29.776981,27.2568706,24.883008,22.639024,21.582879,19.5291028,19.0036882,18.3822642,20.0694908,20.1604044,20.095106,19.6269714,20.5295428,19.6093094,19.7039438,19.8258822,21.396156,21.38207,22.9479718,23.0272786,24.0902306,23.1548566,22.1164498,19.6653572,19.5054854,17.695514,16.2670548,14.8378072,13.6168234,11.2658094,9.9184226,8.6204654,7.7635897,7.565593400000001,6.41395584,5.872598979999998,4.83902938,4.295273880000001,2.833355032,2.825538972,1.645094832,1.291877432,0.6960886319999999,0.58110338,0.0,0.0,0.0,0.0,0.0,0.0,0.0,0.0,0.0,0.0,0.0,0.0,0.0,0.0,0.0,0.0,0.0,0.0,0.0
30120>30101,1475,511,BSTu,Baker Street,H&C and Circle // EB,511,BSTu,Baker Street,EntEx,Alight-Exit,2503.534437854201,73.5740685012,291.1045936,1351.1861656,473.1372192000001,209.5023424,105.030048553,6.244357340400001,7.149253400400001,9.361406400400002,10.45925088,11.9120852,9.0510332,9.89291854,9.50376354,10.8088658,11.4784008,11.203358,13.0744988,15.7537904,19.890208,24.5869782,29.2727126,34.6359458,38.28786820000001,39.769279,42.342688,46.6143288,49.13653499999999,53.1506138,56.30283720000001,59.44451080000001,60.39929059999999,61.42150660000001,61.3901118,63.5076344,65.4423168,66.6350736,66.51116300000001,66.55890600000001,65.416016,61.613133,57.8421756,56.3569018,53.3825762,50.2892902,47.8779152,45.95869920000001,44.5409816,45.46842620000001,45.9252222,46.52392780000001,47.1419758,45.8936582,43.7099422,42.2524148,40.2794922,38.2563676,36.2254824,35.5331704,33.7206042,32.5972732,31.0029104,29.64298740000001,26.5074708,24.2666024,21.6928984,19.1039986,16.6670422,14.9652818,13.05301,11.8678698,11.2191778,10.5310878,9.9849154,9.7750446,10.2440866,10.2895256,10.2777456,9.65197832,8.710277920000001,6.635743500000001,6.593898099999999,8.7977761,7.54526278,6.607473779999999,5.9692404,3.9266014,0.0,0.0,0.0,0.0,0.0,0.0,0.0,0.0,0.0,0.0,0.0,0.0,0.001797951,0.001797951,0.001797951
30120>30110,1475,511,BSTu,Baker Street,H&C and Circle // EB,511,BSTu,Baker Street,Bakerloo // NB,Alight-Interchange-Board,206.618041502,1.12352232,14.296291502,79.83615365000001,59.36146198,35.05970142,16.94091063,0.0,0.0012985712,0.0102134904,0.0264183404,0.0808670804,0.1692091504,0.3789037192,0.456611968,0.6352360779999999,0.7800325880000001,0.8860458859999999,0.7658761820000001,0.810485914,0.994788734,1.232716284,1.324111096,1.39332023,1.79228289,1.86686887,1.81452675,2.12448623,2.56500618,2.4268697,2.33360286,2.5050288,2.42640514,2.2295958,2.63270212,2.86110094,2.94870184,2.9687051,3.3308374,3.500346,3.824284560000001,3.99387174,4.082700620000002,4.036605740000001,3.8519288,3.6877031,3.70689514,3.90871252,4.38157518,4.59819872,4.91028942,4.94043328,4.98017136,4.950052299999999,5.29669322,5.040058920000001,5.04450532,5.274676520000001,5.299817400000001,4.927360580000001,4.728842080000002,4.65968318,4.219167820000001,3.857528220000001,3.73063784,3.61001114,3.40192898,3.2595712,3.08106812,2.70285848,2.57267836,2.35958536,2.28939822,2.11029022,2.08414528,2.10165636,2.13346054,2.2761635,2.2529629,2.13582864,1.86366142,1.478612638,1.057721558,0.688870138,0.366444658,0.266407118,0.24275878,0.07636238000000001,0.0,0.0,0.0,0.0,0.0,0.0,0.0,0.0,0.0,0.0,0.0,0.0,0.0,0.0,0.0
30120>30111,1475,511,BSTu,Baker Street,H&C and Circle // EB,511,BSTu,Baker Street,Bakerloo // SB,Alight-Interchange-Board,2470.944475176,2.364511268,61.30203350799999,1281.3326716,743.8702022000001,304.1453766,77.92968000000002,0.0,0.040495164,0.0465900512,0.1092137912,0.1926649552,0.3865554672,0.6286537232,0.960338116,1.066326224,1.4132359,1.819299848,2.253295408,2.822616428,3.78575192,4.77036462,5.92583616,7.04242458,8.252533880000001,9.89835434,12.2519942,14.7355154,18.8920078,23.9012096,28.7770398,33.8128552,40.39873,45.2848254,50.40718,54.98689200000001,57.48788,59.04988060000001,60.72121340000001,61.96898820000001,61.7861948,64.319862,65.02607339999999,65.71484939999999,64.5383846,65.960387,65.278111,67.41413299999999,69.327207,71.07709399999999,70.46615800000002,71.82287400000001,68.70361640000002,67.37130959999999,66.3145366,66.57683560000001,63.77617400000001,62.82024680000001,60.13380560000001,58.29994560000001,55.31745240000001,52.66913320000001,50.06427240000001,46.40175500000001,40.79261100000001,35.4044426,32.3338798,28.0507354,23.7957348,21.1198488,19.5008792,16.3378576,14.3403368,13.521242,12.5460536,12.3844588,10.64689772,10.33265372,8.839374280000003,8.24552894,6.53384526,6.35827924,5.12100964,4.22070188,2.89543562,1.6346633,0.7168316,0.0,0.0,0.0,0.0,0.0,0.0,0.0,0.0,0.0,0.0,0.0,0.0,0.0,0.0,0.0,0.0
30120>30122,1475,511,BSTu,Baker Street,H&C and Circle // EB,511,BSTu,Baker Street,Jubilee // NB,Alight-Interchange-Board,618.881181281814,4.93364648107,44.237964502,233.25062028,158.5600667,111.58614246,66.31274085874402,0.29239506249,0.38308407849,0.56216874849,0.7035507108000001,0.5756586847999999,0.6689578060000001,0.7685712500000002,0.97926014,1.551270188,1.912730454,2.43972664,2.67882234,3.17965298,3.51169542,3.96504414,4.27694638,5.23202462,5.218806900000001,4.99826758,5.272976860000001,5.670940960000001,5.343949760000001,5.925710280000001,6.525761880000001,7.0319326,7.372205000000001,8.250903000000001,8.375030800000001,9.3992016,10.0605776,10.8415728,10.8902066,11.5379244,11.2374438,11.023531,10.6708088,11.1255192,11.1673066,10.9004254,10.851309,11.8366814,12.1694716,12.125607,12.9165992,13.5105622,13.1017282,12.77939,13.2772429,13.5380133,13.6221975,13.4086185,13.2021665,12.9820304,12.9409186,13.0855258,13.1116728,13.5685896,13.1166282,11.884693,10.8100516,10.2233276,8.912379800000002,8.176451600000002,7.843319000000001,7.269250080000003,6.654649620000002,6.596463880000001,6.530338480000001,6.416924880000002,6.38158752,6.12294388,5.93784312,6.492755720000001,6.56391152,5.804032400000001,5.6537835,5.994341760000001,4.18681196,2.90167856,2.36907016,1.48676816,0.0,0.0,0.0,0.0,0.0,0.0,0.0,0.0,0.0,0.0,0.0,0.0,9.5906248e-05,9.5906248e-05,9.5906248e-05
30120>30123,1475,511,BSTu,Baker Street,H&C and Circle // EB,511,BSTu,Baker Street,Jubilee // SB,Alight-Interchange-Board,2310.75172454,22.74021012,235.45630276,1134.1753048,536.4972316,244.3868362,137.49583906,0.69871814,1.1723653,1.7569481,2.57451926,2.92228028,3.69795932,4.37748676,5.53993296,6.060915059999999,7.150800500000001,8.659209599999999,10.2346914,12.2482154,14.8940854,18.9205636,23.437906,28.797215,31.7366864,35.09403320000001,38.2219812,42.23365020000001,43.8440688,43.99921560000001,43.3032108,41.5985476,39.20623800000001,37.50827,39.33705180000001,42.8566678,45.7595684,46.89536560000001,49.50746720000001,51.55755360000001,51.226622,51.6033944,52.1381424,51.9675348,50.2623234,50.1577534,50.3804974,50.6839956,51.6810516,53.12072420000001,53.3463902,51.77649279999999,51.1724156,49.0280892,48.9601586,48.0092982,46.95933780000001,44.51171660000001,43.67114340000001,41.39016179999999,38.6655718,36.8158504,35.5369954,32.63890960000001,29.2921446,27.8757214,25.8255932,22.685131,19.9975712,18.0354098,15.952998,14.1079572,13.1148374,12.5887172,12.2718456,11.6198782,11.7366616,12.0822506,13.4339326,14.1659806,14.7671276,13.2757152,12.5495886,11.7990252,8.5731868,5.7337762,4.724381,2.9434192,0.0,0.0,0.0,0.0,0.0,0.0,0.0,0.0,0.0,0.0,0.0,0.0,0.03030522,0.03030522,0.03030522
30120>30124,1475,511,BSTu,Baker Street,H&C and Circle // EB,511,BSTu,Baker Street,Metropolitan // NB,Alight-Interchange-Board,2682.77044214,27.54660432,158.31947682,929.0307582,780.5417022,507.1383664000001,280.1935342000001,0.91668856,1.65061052,3.05974832,3.49683398,3.54924396,4.21512318,4.7297069,5.928648900000002,7.911557100000001,9.28955564,11.22988468,12.7207766,12.6406498,12.251387,13.2676396,13.7132768,14.9102482,15.7358482,17.0496792,17.59897400000001,18.643421,19.1083994,21.4165202,23.6803388,26.545664,28.1521286,30.7855384,31.14835200000001,33.3874794,35.67161940000001,39.0007078,39.844029,43.1291882,44.29089620000001,46.2903622,46.3426642,48.2197858,48.420036,48.745434,47.82093680000001,49.14527160000001,50.31238560000001,53.16945680000001,55.7601428,58.53110479999999,59.35874920000001,62.30461520000001,64.41053520000001,66.8313452,67.9657992,70.37135,68.73998399999999,68.586866,66.0397044,64.988628,62.41302099999999,60.52410740000001,54.56602539999999,49.536745,44.64541939999999,41.3553818,38.1662234,36.3927128,37.0598792,37.9695132,36.521065,35.3362098,35.06508400000001,33.11265760000001,30.8588236,29.8954738,29.4738106,27.43762220000001,27.267458,22.4849818,21.8466672,19.8997136,15.6188504,10.1593106,8.532894800000001,3.60527,0.0,0.0,0.0,0.0,0.0,0.0,0.0,0.0,0.0,0.0,0.0,0.0,0.0,0.0,0.0
30120>30125,1475,511,BSTu,Baker Street,H&C and Circle // EB,511,BSTu,Baker Street,Metropolitan // SB,Alight-Interchange-Board,83.772561111,0.7367576274,5.1178684736,37.19510584,22.56782786,12.147755844,6.007245466000001,0.0,0.0044342284,0.0228836154,0.05943613740000001,0.1158492694,0.1355104962,0.1810274038,0.2176164768,0.2153617308,0.1987848028,0.249427546,0.236834796,0.243233456,0.261331036,0.33410702,0.408559498,0.596103892,0.665518032,0.8373443559999999,0.8712623079999999,1.03842064,0.97016078,1.13620162,1.2237217,1.32476284,1.33442482,1.5902364,1.5402237,1.59455138,1.65936492,1.7882857,1.59389568,1.82382988,1.70406552,1.72420574,1.49372206,1.6262483,1.43279824,1.72538624,1.6489618,1.868571060000001,1.81592734,1.93008722,1.60705226,1.81757706,1.68792636,1.93137306,1.86721734,2.16888352,2.01341964,2.1590181,1.85908658,1.91182368,1.68436278,1.88697312,1.58016662,1.59078952,1.329390952,1.330151652,1.023523352,1.095614312,0.8979490659999999,0.9335142340000001,0.783710714,0.816322434,0.692401204,0.86194765,0.792440754,0.8759354540000001,0.8123820420000001,1.007249172,0.9238622520000002,0.9077330220000002,0.6832177420000001,0.507015874,0.215214634,0.074635274,0.0,0.0,0.0,0.0,0.0,0.0,0.0,0.0,0.0,0.0,0.0,0.0,0.0,0.0,0.0,0.0,0.0,0.0,0.0
30120>50370,1475,511,BSTu,Baker Street,H&C and Circle // EB,1475,MYBr,Marylebone NR,NR Chiltern // DN,Alight-Exit-Interchange-Enter-Board,5.88975770977544,0.01459087113112,0.23007698953972,2.0636127782506,1.88302986668,0.9279600993934002,0.7704871047806,8.508566599999998e-07,8.508566599999998e-07,8.508566599999998e-07,8.508566599999998e-07,1.1822014e-06,2.469434360000001e-06,0.00729190803436,0.00729190803436,0.00729364867396,0.007294378846359999,0.0283369896134,0.0210475510134,0.0210502228374,0.0210514501952,0.03448486782140001,0.0134409698214,0.013445287446,0.01384285242200001,0.03111205042460001,0.0176767204246,0.0176826119174,0.0176858307792,0.0535150699792,0.03624290397920001,0.04218411237920001,0.0421927237104,0.06535495802400001,0.029125482024,0.02914886040600001,0.02324255377,0.061075480946,0.037905710146,0.111916030146,0.11198969032,0.1983860005560001,0.160538570556,0.1607957302960001,0.087149425616,0.16487086706,0.07843965506000003,0.11364269706,0.12489503472,0.1867256294,0.1089071494,0.1627222754,0.130753625,0.1911414616,0.1289468516,0.2352895256,0.18209714166,0.22411145606,0.15221412206,0.21021615206,0.10401048192,0.10338773986,0.05813903386000002,0.1435502478600001,0.08559507391599999,0.08545807005600001,0.08545807005600001,0.138134306056,0.052743317907,0.05269646185100001,0.05269646185100001,0.097410617851,0.04475052341600001,0.04473029756500001,0.04473665100840001,0.08622683100839998,0.04152134798980001,0.0415052064248,0.0415096846188,0.1384844031754,0.1036528703754,0.103644197394,0.103644197394,0.1036397192,0.006658647200000001,0.0,0.0,0.0,0.0,0.0,0.0,0.0,0.0,0.0,0.0,0.0,0.0,0.0,0.0,0.0,0.0,0.0,0.0
30121>30101,1475,511,BSTu,Baker Street,H&C and Circle // WB,511,BSTu,Baker Street,EntEx,Alight-Exit,3914.050184539999,75.66602614,551.5417954,1999.470111,687.794025,368.454035,231.124192,1.31058276,2.882878620000001,5.295538820000001,8.088170820000002,11.72883786,13.69928606,15.3403664,17.3203648,19.0396098,20.267683,21.95292460000001,25.8345138,30.1455412,37.38663620000001,43.8193874,54.7319454,62.98666399999999,74.9847892,77.5646724,82.82742840000002,85.01362440000003,89.91195520000002,86.56354000000002,91.71029,94.176998,97.42665,95.9131532,97.9799672,95.485181,94.99890500000001,92.116081,91.561513,88.208837,88.56565920000001,84.7954912,81.92518319999998,78.3422232,76.87042720000002,71.87360400000001,68.796176,64.544634,62.44761800000001,59.823252,60.419148,60.219748,62.21190600000001,61.72895800000001,61.47220400000001,59.95258800000001,60.049976,58.444828,57.12565600000001,55.020208,53.195244,50.219303,48.153406,45.51398560000001,43.50288920000001,39.6210936,36.8086612,33.32063839999999,30.5616326,26.844428,25.2309456,23.1435414,22.1379472,20.752112,21.0161602,21.463683,23.0372498,22.5503102,22.8161176,22.577643,21.8883126,19.4877356,17.9335016,16.22559900000001,15.2388472,11.3797988,8.214514600000001,5.3911882,2.9196908,0.0,0.0,0.0,0.0,0.0,0.0,0.0,0.0,0.0,0.0,0.0,0.0,0.0,0.0
30121>30110,1475,511,BSTu,Baker Street,H&C and Circle // WB,511,BSTu,Baker Street,Bakerloo // NB,Alight-Interchange-Board,295.10477277,2.12672098,22.04954776,104.75887872,80.74877374,48.47772852000001,36.94312305,0.0,0.051805388,0.193408656,0.4253441960000001,0.4253441960000001,0.4253441960000001,0.3735388080000001,0.23193554,0.3498125600000001,0.4906551880000001,0.7627131480000001,1.005102468,1.532517688,1.461001448,1.8764104,2.13450804,2.80165172,3.1165784,3.27856796,3.240028740000001,3.460365799999999,3.11627226,2.93914948,3.3303069,3.34650482,3.32772216,3.6633202,3.788887200000001,3.7518916,4.042677680000001,4.41062108,4.18087332,4.662694200000002,4.57456902,4.91975314,4.73434414,5.31980594,5.0394262,5.478953580000002,5.1246265,5.388508620000001,5.10384488,5.64930642,5.40445358,5.93995118,5.94933506,6.639933060000001,6.37591236,7.542844500000001,7.14949184,7.389163040000001,6.836169440000001,7.046675400000002,6.1739041,7.11839006,6.587003699999999,6.4121953,5.920969039999999,5.24101974,4.37535364,3.926385900000001,3.7811497,3.47466774,3.5538532,2.86096388,3.03068058,2.71398262,3.18650718,3.1637724,3.51852842,3.89736672,4.487155680000001,3.6167319,4.27852262,3.732817510000001,3.333593650000001,2.53415377,2.24558715,1.01213715,0.85945736,0.26329872,0.0,0.0,0.0,0.0,0.0,0.0,0.0,0.0,0.0,0.0,0.0,0.0,0.0,0.0,0.0
30121>30111,1475,511,BSTu,Baker Street,H&C and Circle // WB,511,BSTu,Baker Street,Bakerloo // SB,Alight-Interchange-Board,23.24433013556999,0.0,0.93294899457,10.73969998,5.701817868000001,3.244236567,2.625626726000001,0.0,0.0,0.0,0.0,0.0,0.0,0.0,0.0,4.987551400000001e-05,0.013064497514,0.013064497514,0.013064497514,0.038034131514,0.048829742,0.0444640624,0.05465167780000001,0.1135959918,0.1676689238,0.1921976298,0.2342634674,0.285645692,0.3058150980000001,0.352459792,0.4474812280000001,0.4882593220000001,0.521864206,0.638671966,0.5997508539999999,0.622512054,0.5836313000000001,0.538725386,0.445328606,0.420788032,0.307790096,0.32845514,0.34653274,0.3545083000000001,0.369345636,0.4152247920000001,0.439753576,0.481549636,0.45093508,0.5145701380000001,0.4801013100000001,0.471138678,0.4870347960000001,0.4968588520000001,0.5178537240000001,0.5964976040000001,0.591272982,0.527313322,0.502923322,0.41519639,0.3824786440000001,0.36668661,0.346562944,0.322178736,0.2568462554,0.1867962454000001,0.1722320094,0.1751795674,0.2224642654,0.317158758,0.321774834,0.28378489,0.2754421500000001,0.347041468,0.363337388,0.460244636,0.53819146,0.516041696,0.362980998,0.271179268,0.1529746206000001,0.0906446766,0.0792577164,0.07249884640000001,0.0446767364,0.0339127158,0.0030233558,0.0,0.0,0.0,0.0,0.0,0.0,0.0,0.0,0.0,0.0,0.0,0.0,0.0,0.0,0.0,0.0
30121>30122,1475,511,BSTu,Baker Street,H&C and Circle // WB,511,BSTu,Baker Street,Jubilee // NB,Alight-Interchange-Board,362.238229925,17.458261049,23.036901726,36.27157499200001,14.428032402,104.597581356,166.4458784,1.36560432,2.15557186,2.77028014,3.43757674,3.305208696000001,2.170459099,1.416770999,0.8367891950000002,0.2268927030000001,0.270979887,0.3867976320000001,0.588994452,0.9596712559999999,1.425990888,1.820370048,2.40793426,3.2348406,3.609515060000001,3.82555496,4.27935998,4.42694734,4.53224402,4.69394102,4.573767760000001,3.650386276,2.921407956,1.80712801,0.92910691,0.36308333,0.5418047939999999,0.468551188,0.7012935339999999,0.706442928,0.794231708,0.623577536,0.6776345420000001,0.439447628,0.501330474,0.4086652679999999,0.4759058339999999,0.394350552,0.511742626,0.4885865660000001,0.639997192,0.7231877980000001,0.93168132,0.918820026,1.318682206,1.309078486,1.375015226,1.229765516,1.23255495,0.903720636,1.017912416,0.8152184459999999,2.652395376,4.669944596000001,6.295933110000001,7.980722050000002,9.8324162,9.875186,9.570356599999998,9.765066000000001,9.532375199999999,9.500106599999999,9.2583602,9.1473644,9.1697504,11.0612548,12.0531266,11.7452566,10.24690008,10.77915208,11.98248868,10.24498716,10.30514896,15.75189688,18.76137488,13.90975068,12.7692074,11.271862,5.563471600000002,0.0,0.0,0.0,0.0,0.0,0.0,0.0,0.0,0.0,0.0,0.0,0.0,0.0,0.0
30121>30123,1475,511,BSTu,Baker Street,H&C and Circle // WB,511,BSTu,Baker Street,Jubilee // SB,Alight-Interchange-Board,43.15570828500001,1.809730447,18.358435408,14.61600206,0.0,0.0,8.37154037,0.25985916,0.3168614120000001,0.3194335210000001,0.337602833,0.206974681,0.1256803410000001,0.113214099,0.1301044,0.134351784,0.16583799,0.27612743,0.5239988200000001,0.83659185,1.125855354,1.47929202,1.89692598,2.18020408,2.8244157,3.32402462,3.59080978,3.8463836,3.8514721,2.87520504,2.06391592,1.3982514,0.580774,0.0,0.0,0.0,0.0,0.0,0.0,0.0,0.0,0.0,0.0,0.0,0.0,0.0,0.0,0.0,0.0,0.0,0.0,0.0,0.0,0.0,0.0,0.0,0.0,0.0,0.0,0.0,0.0,0.0,0.0,0.0,0.0,0.0,0.0,0.0,0.0,0.0,0.0,0.0,0.0,0.0,0.0,0.0,0.073177094,0.206929614,0.356978574,0.583123374,0.8370802940000001,0.8244413200000001,0.7661895400000001,1.14656174,1.0911847,0.83722778,0.7766896600000001,0.70118892,0.17076776,0.0,0.0,0.0,0.0,0.0,0.0,0.0,0.0,0.0,0.0,0.0,0.0,0.0,0.0
30121>30124,1475,511,BSTu,Baker Street,H&C and Circle // WB,511,BSTu,Baker Street,Metropolitan // NB,Alight-Interchange-Board,751.2311168776,71.12250793759999,27.41266142,112.0930627,103.93009282,72.19867968,364.47411232,1.6814867694,4.2140933694,9.353373769400001,13.0195747694,13.58486512,12.6553139,10.67063572,5.94316452,2.71490864,2.67355626,2.37138268,2.199887299999999,2.08993448,2.06669176,1.81397926,1.8091942,1.99338156,2.53493258,2.53009358,2.61471912,2.52363168,2.68942772,2.30592352,2.69338816,3.04179066,3.656498620000001,3.486153900000001,4.11632056,4.07516892,4.359787040000001,4.32708358,4.88275398,4.88453152,5.45993232,5.43410504,5.68143924,5.679774720000001,5.99052818,5.84544978,5.92040986,6.013863600000001,6.27217552,6.32530346,6.42762112,7.40126472,7.71693694,8.10310682,8.84026522,9.63127216,9.49263656,9.48640886,8.942778180000003,8.54501998,8.56387538,8.66105718,8.54547082,8.7656343,8.191266500000001,7.9480957,6.994016540000001,6.77773884,5.97643298,5.68022184,4.47938036,4.44328342,4.24266942,4.366169960000001,4.333769820000001,10.1238873,16.2715908,21.6544024,22.04794922,29.5077539,26.7312023,25.8836845,33.5457599,46.5696602,41.60421179999999,37.9359794,31.6542842,17.5572402,3.3865062,0.0,0.0,0.0,0.0,0.0,0.0,0.0,0.0,0.0,0.0,0.0,0.0,0.0,0.0
30121>50370,1475,511,BSTu,Baker Street,H&C and Circle // WB,1475,MYBr,Marylebone NR,NR Chiltern // DN,Alight-Exit-Interchange-Enter-Board,19.01171153972,0.06558599848,2.98708191002,5.1226252452,4.977365257420002,2.061643817,3.7974093116,0.0008249236000000001,0.0008249236000000001,0.0008249236000000001,0.0008249236000000001,0.0152887328,0.0155172164,0.01574017744,0.01574017744,0.02177413364,0.01029907404,0.0103765535,0.01015359246,0.02892957846,0.03544716546,0.03442572286,0.0332948362,0.6521697162,0.7047718062,0.7237035190000001,0.721736212,0.8024488040000001,0.21966518,0.1488515068,0.1173682508,0.1419736748,0.1464622148,0.1242852068,0.123720804,0.134430546,0.13090394,0.04577090724000001,0.03185665923999999,0.07463129923999999,0.07173630423999999,0.07516169923999999,0.07509360000000001,0.2274851,0.25070269,0.253985372,0.229481159,0.518695959,0.4194495110000001,0.3847811430000001,0.3736837140000001,0.4277426540000001,0.182792996,0.129736383404,0.098412521404,0.7309584614040001,0.7226478974040002,0.7418839874040002,0.7417955480000001,0.7984156800000002,0.1859923708000001,0.1402439948,0.0767427628,0.1241670228,0.0713791468,0.051256516,0.051256516,0.228729644,0.1840719202,0.1802396642,0.1802396642,0.2147622962,0.04408279900000001,0.3477891028,0.3836695248000001,0.4068142528000001,0.4191839988000001,0.8278999680000001,0.554765824,0.537271842,0.514127114,0.467234736,0.051725136,0.01838644,0.0,0.0,0.0,0.0,0.0,0.0,0.0,0.0,0.0,0.0,0.0,0.0,0.0,0.0,0.0,0.0,0.0,0.0,0.0
30122>30101,1475,511,BSTu,Baker Street,Jubilee // NB,511,BSTu,Baker Street,EntEx,Alight-Exit,7010.352220640005,138.3928952,935.2745112,3392.560566,1261.3172342,694.2623766000002,588.5446374399999,4.0589578,6.6575916,9.6867744,13.3977566,18.33269,23.2133544,28.6685846,34.37718580000001,40.492347,45.449895,49.14216260000001,52.5804806,60.68538059999999,68.86078660000001,76.749045,88.97841600000002,105.320274,113.0597312,115.0018412,118.9541514,125.3332824,125.0790984,131.3975372,141.8745292,152.484932,158.17588,164.4093,167.056926,169.666478,168.735396,168.070988,166.814672,164.456242,161.976552,155.193346,148.314544,138.7141788,130.2512228,120.7821208,113.1765068,105.551446,104.2061932,105.3508592,105.4883352,109.7834272,113.162472,111.823306,108.749172,107.02357,106.607162,104.399074,104.210512,102.947038,100.95495,97.467368,94.189183,88.86851300000002,83.359037,76.56383559999999,68.5815136,61.8519306,56.2491546,50.2650678,46.3355072,44.28900280000001,41.5726256,38.84743160000001,37.4787572,38.54239920000001,38.1905802,37.7204004,39.96820000000001,39.19278180000001,37.0251598,33.7698486,29.82938380000001,26.0991806,25.1898576,22.0149306,23.04518,22.3303906,22.3400012,19.0625924,19.26176580000001,15.135726,15.1315572,11.9212614,12.6724124,10.678236,10.9872032,9.00250354,8.558759279999999,6.78103574,6.526342940000001,4.272048740000002,3.2948984
30122>30110,1475,511,BSTu,Baker Street,Jubilee // NB,511,BSTu,Baker Street,Bakerloo // NB,Alight-Interchange-Board,5511.836401889002,62.830760889,602.3373218,1867.0629872,1346.2885944,951.0929166,682.2238209999999,0.0014365178,0.2043461578,0.9909747778,3.1798463778,7.364478177800001,12.09715726,16.40972362,22.582798,27.2566364,28.8990008,31.5106364,36.2388112,41.3634688,45.991972,52.64147660000001,60.2254674,66.88449460000001,69.64038000000001,70.0775832,71.6073944,70.95316240000002,68.79595440000001,65.52786180000001,69.1208574,71.2975454,72.3691294,73.52929540000002,78.30422,79.23933400000001,79.06995400000001,81.01369600000002,83.061862,83.06592599999998,81.594894,80.06023200000001,78.583744,76.851528,75.018804,74.58342300000002,75.76320500000001,77.37125900000002,84.660127,90.031971,97.195002,101.11626,106.7593548,105.9416448,110.4445568,111.3800048,117.2716008,116.316042,117.5297448,114.6462068,118.8144248,114.745498,111.323256,108.3675722,104.1065874,91.2997322,83.76686699999998,80.224025,75.873604,70.007802,68.69519600000001,67.864307,68.1342022,63.7403048,69.01271679999999,75.46181999999999,81.08744300000001,79.37204679999999,85.21654420000002,84.697163,77.901052,62.66736239999999,53.79619340000001,39.0617232,22.9258432,10.5755022,7.144655800000002,2.3164718,0.0,0.0,0.0,0.0,0.0,0.0,0.0,0.0,0.0,0.0,0.0,0.0,0.0,0.0,0.0
30122>30111,1475,511,BSTu,Baker Street,Jubilee // NB,511,BSTu,Baker Street,Bakerloo // SB,Alight-Interchange-Board,88.2088223311,0.7262009451,14.171602678,47.354132488,16.030718678,5.605678334,4.320489208000001,0.0,0.0005450625,0.00152573222,0.05736449222,0.09005855422,0.13308723422,0.17318695772,0.270432912,0.420401032,0.4954740040000001,0.6422914340000001,0.876275768,1.010019404,1.341728824,1.57359041,1.70682596,1.78720812,1.666828294,1.286690474,1.364268954,1.338124614,1.438766434,1.7120144,1.88141438,2.00684958,2.37612358,2.23446922,2.24130904,2.33085248,2.17577596,2.04013534,1.895174848,1.743079008,1.684999568,1.605714088,1.423166788,1.87624968,2.1227685,2.15229404,2.23032718,2.514062280000001,2.26022158,2.06436886,2.00587104,1.91857798,1.72628388,1.77084194,1.605976528,1.569071688,1.552201408,1.176473852,0.987487612,1.065865864,0.90201535,0.84567521,0.9102473659999999,0.8045686059999999,0.665473914,0.5738898539999999,0.416442822,0.351718114,0.250937812,0.426511544,0.416392196,0.461933968,0.422218548,0.49076096,0.324829996,0.37295051,0.3798798980000001,0.449787686,0.387703306,0.42782981,0.454550458,0.36325389,0.43121779,0.40736656,0.29293066,0.19127808,0.1617405600000001,0.0,0.0,0.0,0.0,0.0,0.0,0.0,0.0,0.0,0.0,0.0,0.0,0.0,0.0,0.0,0.0
30122>30120,1475,511,BSTu,Baker Street,Jubilee // NB,511,BSTu,Baker Street,H&C and Circle // EB,Alight-Interchange-Board,131.834803894,6.367327803999999,4.774918059999999,51.40113955999999,47.4086237,7.437809788000002,14.444984982,0.837584828,1.028606548,1.028606548,0.9414074360000002,0.6452570400000001,0.54988998,0.522964592,0.813010832,0.995404436,1.127556172,0.96633808,0.8022417479999999,0.512195508,0.295950408,0.07523170800000001,0.0,0.0,0.0,0.0,0.0,0.0,0.0,0.27926092,0.55929044,0.99072888,1.51230534,1.93969494,2.01713548,2.28590824,2.25537636,2.19044262,2.21638892,2.37922206,2.28531932,2.34652572,2.3686378,2.5775661,2.68490958,3.12954674,3.31940312,3.51004268,3.61382352,3.60796452,3.33164626,3.48023758,3.65047902,3.70871424,3.88365416,4.16970932,4.17840126,4.26704076,4.07880262,4.09290574,4.04610124,4.11899976,3.733578000000001,3.097535880000001,2.28747376,1.42500466,0.5428535400000001,0.0,0.0,0.0,0.0,0.0,0.0,0.0,0.084941948,0.150750428,0.4572607080000001,0.7978225280000001,1.090120848,1.49928706,1.98775728,1.694567918,1.844412098,1.815864538,1.321756378,0.7674776779999999,0.75415676,0.26375076,0.0,0.0,0.0,0.0,0.0,0.0,0.0,0.0,0.0,0.0,0.0,0.0,0.0,0.0,0.0
30122>30121,1475,511,BSTu,Baker Street,Jubilee // NB,511,BSTu,Baker Street,H&C and Circle // WB,Alight-Interchange-Board,1520.845779904,17.389581414,168.33265434,653.5732840000001,306.8010374,185.0447658,189.70445695,0.121604602,0.266539412,0.7757695520000001,1.293597632,2.366846826,3.22962947,4.14974806,5.185845860000001,5.82128412,6.238724520000001,7.241199480000001,8.31262528,8.828931540000003,10.4501338,13.0944198,15.6305698,19.8446082,22.3592084,24.466359,26.0445904,28.0982212,28.7383536,29.0709464,29.44016520000001,29.7881146,29.2279386,27.553387,27.9264118,28.6225686,27.4504044,27.0400762,27.2296492,27.2003206,26.3035742,25.85645,25.3938328,24.8769694,24.8381664,24.2490486,25.4219934,26.250308,27.10059720000001,27.4539778,28.4418088,28.294286,27.91481940000001,27.1821458,26.7055992,26.6331924,26.0293444,25.340433,25.37267180000001,24.5642734,23.7383794,23.1849642,21.8409284,20.208044,19.0840764,17.2161042,16.181353,15.8156536,15.3584204,15.192122,15.128514,14.0969516,13.0963486,12.2240474,11.4431306,11.8420614,12.6144005,12.8626847,14.6493745,22.4904273,22.5089997,20.9393044,21.1386248,21.0881074,11.06431773,8.02773393,6.509531930000001,3.94065233,0.02823633,0.0,0.0,0.0,0.0,0.0,0.0,0.0,0.0,0.0,0.0,0.0,0.0,0.0,0.0
30122>30124,1475,511,BSTu,Baker Street,Jubilee // NB,511,BSTu,Baker Street,Metropolitan // NB,Alight-Interchange-Board,2676.920183680001,5.599155040000001,8.141699208,737.233851132,1236.9935868,278.74445216,410.20743934,0.7798165400000001,0.7798165400000001,0.7798165400000001,0.7798165400000001,0.2520882,0.42395484,0.7663158800000001,1.03752996,1.17227978,1.085492926,0.984626606,0.7809239579999999,0.579976142,0.4873500060000001,0.4684644200000001,0.5439909500000001,0.479344026,0.495549754,0.58051301,0.48318763,0.40766858,0.3985594180000001,0.653867046,0.6740381380000001,1.076861358,1.190935528,1.501313202,6.410125182000001,6.620542470000001,11.58797007,15.8901901,23.00985612,30.67353652000001,43.9608762,50.13219580000001,51.64881920000001,56.13704720000001,48.9356734,48.0740204,50.92387960000001,59.6015342,66.2271422,78.55121199999999,82.94598720000002,86.2537592,90.2802052,90.84765000000002,94.23056,100.085716,105.803618,107.23674,111.3931512,112.8328672,112.961374,112.448634,112.619312,90.71399009999999,69.32035350000001,46.29775348,24.68531348,5.663488579999999,5.131282680000001,4.913767920000002,6.19819774,6.637413540000002,6.358432440000001,6.674001100000001,6.150457599999999,5.79618128,14.16930848,21.76005848,34.11638562,39.12897448,43.0066562,41.9363852,44.4538732,42.88702980000001,40.8457328,35.89869760000001,26.8156116,15.6963536,3.696191,0.0,0.0,0.0,0.0,0.0,0.0,0.0,0.0,0.0,0.0,0.0,0.0,0.0,0.0
30122>30125,1475,511,BSTu,Baker Street,Jubilee // NB,511,BSTu,Baker Street,Metropolitan // SB,Alight-Interchange-Board,387.93494637,11.48613763,52.89224642000001,90.82969508000001,58.32669045999999,142.37667382,32.02350296,0.009041054,0.009041054,0.377310614,1.250183914,2.045458834,2.4046376,2.6119296,2.77853496,2.36046942,1.91426914,2.41002512,3.62579512,4.3621119,5.078087340000002,5.52433894,5.869938140000001,5.703387940000002,5.23801024,5.173144440000002,5.63266868,5.96920488,5.95418428,5.8315415,5.031327220000001,4.39930032,3.37180866,2.66571174,2.484609760000001,2.88208834,2.79543172,2.86100458,2.84245186,2.9542397,2.82470468,3.04246272,3.04859106,3.29985086,3.53912958,3.73325438,3.82413548,4.30040594,4.43275298,4.338591060000001,4.40291178,4.31899878,4.26123938,4.51403586,4.82376324,4.99579578,5.36639408,5.24879602,4.91599888,4.86236548,4.58558494,4.313241080000001,6.120476940000001,9.2311942,11.71795434,13.75784134,15.720732,15.8573988,13.7301002,12.2618484,11.7120218,10.4997456,9.907927400000002,9.732035699999999,8.247874040000001,7.062265040000002,6.175661920000001,4.324412560000002,4.13504612,3.76910446,2.73730886,2.01414998,1.62208114,0.18347288,0.0,0.0,0.0,0.0,0.0,0.0,0.0,0.0,0.0,0.0,0.0,0.0,0.0,0.0,0.0,0.0,0.0,0.0,0.0
30122>50370,1475,511,BSTu,Baker Street,Jubilee // NB,1475,MYBr,Marylebone NR,NR Chiltern // DN,Alight-Exit-Interchange-Enter-Board,48.51871098397,0.25824322172,2.36103857812,14.17568400564,15.05533657276,5.1108955075,11.55751309823,0.0004410942600000001,0.0004410942600000001,0.0004410942600000001,0.0004410942600000001,0.019294768,0.02070694556,0.10823856556,0.10823856556,0.11162697776,0.09701855896,0.2315967214,0.1440651014,0.1487557322,0.152544788,0.3294017888,0.1934114488,0.2085500508,0.227501272,0.349054744,0.167511394,0.3158879339999999,0.334705084,0.493864824,0.365133884,0.413612828,0.2709191890000001,0.564168777,0.381367185,0.534078135,0.4880204084000001,0.7210870274000001,0.3938816874000001,1.0721345274,0.9320558982,1.1660037008,0.9272541808,1.0105772808,0.3406076428000001,0.609968982,0.373599962,0.582430682,0.5103650700000001,0.8278115880000001,0.5461475276400001,1.19791616764,0.99956906164,1.25297397364,0.92724425364,1.578860534,0.934963952,1.357905198,1.093242798,2.027790318,1.3780130974,1.3701410394,0.9367161794,1.2176090594,0.28384200314,0.28167334374,0.28167334374,0.48971144374,0.21037817694,0.2095977132,0.2095977132,0.6030718332,0.4367748092,0.435215196,0.451750872,0.8542746320000001,1.136598552,1.094885928446,1.108727820446,1.831282144446,1.800359064446,1.124561024446,1.124532572,1.11069068,0.37160068,0.0,0.0,0.0,0.0,0.0,0.0,0.0,0.0,0.0,0.0,0.0,0.0,0.0,0.0,0.0,0.0,0.0,0.0
30123>30101,1475,511,BSTu,Baker Street,Jubilee // SB,511,BSTu,Baker Street,EntEx,Alight-Exit,1786.86771646,34.34861438,254.7144888,937.8373943999998,314.2257698,150.7348937,95.00655537999995,1.2157146,1.63714976,2.17746076,2.7807989,3.9069521,6.01615286,7.4454821,9.1689033,10.6966116,11.8416546,11.90437940000001,13.7004816,16.7143244,19.9128452,22.15056,25.23243140000001,28.4948254,30.3045304,30.6895834,33.0722614,36.34253080000001,38.15237879999999,40.07043779999999,43.4603718,45.23918640000001,45.8074288,45.2611162,44.8501886,44.5745512,44.4639684,44.1541664,43.8086424,43.94683500000001,42.4554844,40.73775,38.20373660000001,37.2142698,35.4292366,33.9424568,32.4563468,31.18905860000001,29.57043400000001,28.4704392,28.036379,27.7275918,27.336508,27.182835,26.310789,26.521557,26.57813740000001,26.4810022,26.26601040000001,26.025811,24.9794278,24.615167,24.2009332,22.99138940000001,21.554275,19.0278116,15.701324,13.1690818,11.4729466,9.801850600000002,8.58819674,8.074923420000001,7.476779820000001,6.697091760000001,6.179222960000001,6.230346780000001,6.579710400000001,6.9064492,6.84166458,6.66542918,6.43522542,6.08781892,5.35154092,4.7332152,4.21376894,3.87288262,3.20002792,3.1254644,2.871664840000001,3.1417995,2.62272142,2.44674092,1.84976058,1.92813376,1.47163914,1.48692056,1.019785788,1.251876508,1.134085628,1.086354388,1.024463528,0.9517789,0.4752854400000001
30123>30110,1475,511,BSTu,Baker Street,Jubilee // SB,511,BSTu,Baker Street,Bakerloo // NB,Alight-Interchange-Board,1284.084807063,24.2151867,189.3066029,596.2972366000001,278.8305574,133.94121244,61.494011023,0.0,0.1515948,0.83847258,2.01562846,3.21100706,4.607703460000002,6.00441386,7.386366480000001,8.927727800000001,9.6402317,10.8897981,12.1983653,14.2111657,14.9222707,16.6723052,18.707657,20.4090788,20.691042,20.620915,21.4160456,21.288691,21.1787548,21.0083718,22.4172958,22.5621842,23.18208000000001,23.2376538,24.2500068,25.323647,26.22835000000001,26.8855918,28.70571480000001,29.0698392,28.6460968,28.3909248,27.7733806,25.8722918,24.983515,23.4875426,23.141574,23.0304634,24.5853272,25.0526616,25.9952778,25.3779934,24.5034168,22.868796,22.7349448,23.3111908,24.2847628,24.229711,24.0972796,23.74613440000001,22.6257896,20.9569628,20.09357540000001,18.734,16.3112226,13.9802186,12.5704818,11.2657398,10.0412218,9.3982224,9.0357636,8.41618886,7.753128660000002,7.977609260000001,8.45741506,9.09167026,9.190318800000002,8.60340604,8.0932645,7.31096518,5.657999940000002,4.33127332,3.99325524,2.6615950926,1.3666158126,0.7579266526000001,0.4263570726000001,0.009363112600000001,0.0,0.0,0.0,0.0,0.0,0.0,0.0,0.0,0.0,0.0,0.0,0.0,0.0,0.0,0.0
30123>30111,1475,511,BSTu,Baker Street,Jubilee // SB,511,BSTu,Baker Street,Bakerloo // SB,Alight-Interchange-Board,4118.26095579,52.24045039000001,434.1089564000001,1965.4543904,958.6106494000002,545.3207521999999,162.525757,0.028353938,0.388084638,0.462448718,2.964337918,6.314517518000001,9.57639118,13.72793168,18.7783848,22.956647,23.1837628,24.9656924,24.768814,27.580656,26.6686336,32.4012228,40.14631960000001,51.4863648,51.20925560000001,53.67434120000002,55.06724660000001,55.09631379999999,52.5531306,57.66112460000001,62.22376999999999,66.1692328,67.66279159999999,68.7554308,72.42671680000002,77.4620228,79.92992,85.7642252,93.7898212,100.7184252,103.9517792,106.0762084,105.0297622,101.6216062,95.9272522,90.2540942,87.63882699999998,85.26377600000002,83.8496548,83.10696479999999,82.52154,82.15111700000001,80.635953,79.29130740000001,79.9484134,83.7154782,81.18975520000002,79.07486000000002,77.66698480000002,76.65139680000001,75.95525479999999,79.4535448,82.87658400000002,80.94587200000002,74.06561740000002,65.15038140000001,56.11813540000001,46.9078274,40.47736140000001,37.27742320000001,33.68829400000001,31.01935080000001,28.47624160000001,26.6326472,24.5616004,24.0680356,21.7734108,19.4930928,18.6357708,17.815348,16.2642032,13.8635087,12.65400644,9.06140884,5.461163240000001,2.13337804,1.30243054,0.0,0.0,0.0,0.0,0.0,0.0,0.0,0.0,0.0,0.0,0.0,0.0,0.0,0.0,0.0,0.0
30123>30120,1475,511,BSTu,Baker Street,Jubilee // SB,511,BSTu,Baker Street,H&C and Circle // EB,Alight-Interchange-Board,493.3194612519999,16.932983122,51.54697472600001,245.175593554,123.94983804,5.903769866,49.81030194400001,1.633823794,1.722112334,2.308185454,2.32385524,2.08290584,1.8637743,2.3983162,2.60000996,2.60716502,3.42891836,3.9130622,5.19072576,6.099225880000001,7.70437478,7.263561340000001,6.142059720000002,4.301385872000002,2.838091392,1.195740118,0.8626642840000001,0.5988956639999999,0.658575272,0.4781647920000001,0.570275932,0.497179746,0.6397034060000001,0.653207726,0.8026713059999999,0.7958581860000001,3.299229366,7.478647246000001,11.702415166,15.845116546,19.8874776,20.9889376,20.3773736,19.5351864,18.5945714,17.48055759999999,17.198426,16.9302552,16.7651304,16.7306024,16.667135,16.77965480000001,16.4178868,15.882452,15.9515098,16.511662,14.6279454,11.4843186,8.6702934,5.231651599999999,1.76439242,0.22808838,0.39998284,0.46778398,0.60390144,0.538349486,0.5011656320000001,0.3853750280000001,0.46890834,0.3789354,0.3979699640000001,0.3612247320000001,0.458030696,0.365475404,0.976649764,1.470833934,1.9766351,2.00633796,3.08900434,2.85767814,4.554652340000001,4.8122608,7.347108120000001,6.85371718,6.4277245,4.1650133,3.3655146,0.6480545999999999,0.0,0.0,0.0,0.0,0.0,0.0,0.0,0.0,0.0,0.0,0.0,0.0,0.07858901000000001,0.07858901000000001,0.07858901000000001
30123>30121,1475,511,BSTu,Baker Street,Jubilee // SB,511,BSTu,Baker Street,H&C and Circle // WB,Alight-Interchange-Board,638.0587011745001,17.25705222,83.28798554000001,330.3895058,123.3793941,58.10418104000001,25.6405824745,0.21366236,0.4604739200000001,0.6965952800000001,1.26298952,1.90706158,3.42235626,4.1523749,5.141538400000001,5.322289820000001,5.27132208,4.35267188,4.41983928,4.328764619999999,4.49035986,4.8077585,6.564697099999999,8.4473909,9.4746029,11.7794774,14.0288112,14.8970908,16.3068458,16.9181966,16.4933374,16.3749355,16.0655311,14.5455017,15.5214381,15.7479419,15.1787883,14.9201053,14.6105841,14.5006167,14.1545265,14.0200212,13.5290442,13.008594,10.9791118,10.4930222,10.063719,9.912022,10.268941,11.0859184,10.7936722,10.7895032,10.18523288,9.60220228,9.28749608,10.06324438,10.29030638,10.8595405,10.7792097,11.0361425,10.480128,10.2011462,9.805242000000002,9.278149600000004,8.1585008,6.923748600000001,5.60494366,4.574599600000001,4.03642468,3.66452608,3.35105016,3.3636595,3.253334160000001,3.1207702,2.774474,2.821171580000001,2.83700224,2.75551284,2.59130672,2.35408246,2.18403308,1.68696426,1.37261878,2.00129478,1.7106090429,1.2716211629,1.1023033229,0.9493520029000001,0.0027102029,0.0,0.0,0.0,0.0,0.0,0.0,0.0,0.0,0.0,0.0,0.0,0.0,0.0,0.0
30123>30124,1475,511,BSTu,Baker Street,Jubilee // SB,511,BSTu,Baker Street,Metropolitan // NB,Alight-Interchange-Board,3.9896926e-07,0.0,0.0,0.0,0.0,0.0,3.9896926e-07,0.0,0.0,0.0,0.0,0.0,0.0,0.0,0.0,0.0,0.0,0.0,0.0,0.0,0.0,0.0,0.0,0.0,0.0,0.0,0.0,0.0,0.0,0.0,0.0,0.0,0.0,0.0,0.0,0.0,0.0,0.0,0.0,0.0,0.0,0.0,0.0,0.0,0.0,0.0,0.0,0.0,0.0,0.0,0.0,0.0,0.0,0.0,0.0,0.0,0.0,0.0,0.0,0.0,0.0,0.0,0.0,0.0,0.0,0.0,0.0,0.0,0.0,0.0,0.0,0.0,0.0,0.0,0.0,0.0,0.0,0.0,0.0,0.0,0.0,7.9793852e-08,7.9793852e-08,7.9793852e-08,7.9793852e-08,7.9793852e-08,0.0,0.0,0.0,0.0,0.0,0.0,0.0,0.0,0.0,0.0,0.0,0.0,0.0,0.0,0.0,0.0,0.0
30123>30125,1475,511,BSTu,Baker Street,Jubilee // SB,511,BSTu,Baker Street,Metropolitan // SB,Alight-Interchange-Board,875.8467874,11.78604488,123.16172702,408.0347975400001,156.32545176,146.68416878,29.85459742,0.0,0.11383324,0.35784268,1.82024088,2.09570398,2.34290474,2.43135472,2.62416464,3.23903344,3.21940136,3.38342334,3.56160446,3.56537796,1.97068066,5.60100224,11.2200987,15.64070236,19.7699943,24.811551,27.1788572,26.350638,26.607444,28.7524072,29.7801562,29.5247206,29.9372472,31.2310592,31.3068538,30.5701084,26.4724594,22.0421498,17.05853688,11.37448722,7.017100420000001,6.289528760000001,6.184227160000002,5.906581760000001,5.90287522,5.50371322,5.712862200000001,5.82042908,6.058679140000002,6.183813540000001,6.44671914,6.33800656,6.21674896,6.01601074,6.270054000000001,6.0458078,8.50790126,11.93719258,15.90868726,19.639026,23.6711494,24.147431,21.6274362,20.20769260000001,18.1339738,15.776847,13.8851294,13.86549,12.0251484,10.7766934,9.695250999999999,8.625157600000001,8.11952006,8.165629260000001,7.40763626,7.53829446,6.7103473,5.57507408,3.89899648,3.10415746,1.28270446,0.8608486200000001,0.5467775800000001,0.33739698,0.0,0.0,0.0,0.0,0.0,0.0,0.0,0.0,0.0,0.0,0.0,0.0,0.0,0.0,0.0,0.0,0.0,0.0,0.0
30123>50370,1475,511,BSTu,Baker Street,Jubilee // SB,1475,MYBr,Marylebone NR,NR Chiltern // DN,Alight-Exit-Interchange-Enter-Board,0.4823642855979408,5.328142400000001e-06,0.14311881,0.2555989458,0.07634058819999998,0.00459728174,0.002703331715541,1.06562848e-06,1.06562848e-06,1.06562848e-06,1.06562848e-06,1.06562848e-06,0.0,0.0,0.0,0.021021038,0.021021038,0.02862376200000001,0.02862376200000001,0.02862376200000001,0.007602724,0.007602724,0.0,0.0,0.0,0.0,0.0,0.0,0.0,0.0,0.0,0.0,0.0,0.014159708,0.014159708,0.014159708,0.014159708,0.0151497376,0.0009900296000000001,0.004351751599999999,0.004351751599999999,0.0284523596,0.02746233,0.02746233,0.024100608,0.02938325100000001,0.005282643,0.005282643,0.005282643,0.0133453394,0.008062696400000001,0.0120058052,0.0120058052,0.0120058052,0.0039431088,0.0039431088,0.0,0.006053554599999999,0.006053554599999999,0.0065958501,0.0065958501,0.0065958501,0.0005422955,0.0005422955,0.0,0.0,0.0,0.0,0.0,0.0,0.0,0.0,0.00135166208,0.00135166208,0.00135166208,0.00135166208,0.00135166208,0.0,0.0,0.0,1.5111082e-09,1.5111082e-09,1.5111082e-09,1.5111082e-09,1.5111082e-09,0.0,0.0,0.0,0.0,0.0,0.0,0.0,0.0,0.0,0.0,0.0,0.0,0.0,0.0,0.0,0.0,0.0,0.0
30124>30101,1475,511,BSTu,Baker Street,Metropolitan // NB,511,BSTu,Baker Street,EntEx,Alight-Exit,3796.030258,31.289405,561.625076,1987.9541762,689.6486336,360.5280802000001,164.984887,0.0,0.0,0.0,0.0,2.3084804,5.748107800000001,9.520969999999998,13.7118468,18.8631358,21.8849544,23.0605504,26.2210322,32.2507602,38.1483592,45.19906380000001,55.35567840000001,67.25114140000001,73.84029260000001,77.56952960000002,81.98057800000002,85.16363199999999,84.0048338,85.11547180000002,88.32659079999999,90.9132608,92.32242679999999,91.61998,91.16624399999999,92.822259,94.161493,94.688057,96.206117,96.625577,94.03138919999999,89.23183320000003,83.6425272,79.68662619999999,76.43898320000001,71.8196472,67.1386652,63.93642680000001,61.40268979999999,58.86360520000001,58.62584,59.725829,61.42638600000001,61.832195,61.9175176,62.01018860000001,61.89940200000001,60.2023154,57.99509560000001,55.4881262,51.9354184,48.6884856,46.5276742,43.840416,40.7678292,38.31496860000001,35.072945,31.97114180000001,29.5763228,27.0292134,24.325626,23.523793,22.4768796,21.51287840000001,22.1160664,23.3078372,21.9208576,20.0979428,20.329557,18.1323902,15.715926,14.0874602,12.5863054,8.206196400000001,5.7421278,3.389336,1.4689504,0.0,0.0,0.0,0.0,0.0,0.0,0.0,0.0,0.0,0.0,0.0,0.0,0.0,0.0,0.0,0.0
30124>30110,1475,511,BSTu,Baker Street,Metropolitan // NB,511,BSTu,Baker Street,Bakerloo // NB,Alight-Interchange-Board,1500.908817555,5.89256842,99.78009938000001,600.7465964,411.0093366000001,264.8188728,118.661343955,0.0,0.0,0.0,0.0,0.5535665,1.0448512,1.89222974,2.40192098,3.1164277,3.68656286,4.14498076,4.71799302,5.65145868,6.42862906,7.367338,9.408551,11.4803322,13.1162775,14.7024416,15.959107,16.8760174,17.7975352,18.781597,20.6032302,21.8328592,22.71374740000001,22.9687278,24.0375534,24.0007622,25.8518992,25.845737,27.304218,27.6754384,28.96310200000001,27.981939,28.6105522,27.32396880000001,26.6522374,25.5221414,25.0924982,26.4975462,28.1444624,28.8462656,30.8225608,32.3915382,32.7393242,33.2727172,35.4286174,34.6755274,35.2674322,35.3873174,34.6099448,34.6922602,35.87062120000001,34.185194,32.4888424,30.612876,27.4898168,24.475329,22.7563178,21.4608782,21.4868342,20.2703994,19.318616,19.16397,19.2532516,19.2428966,19.2876872,21.6465084,19.9385418,17.229562,16.32206200000001,15.3047398,9.494490011,8.152999551,6.480604551,3.004965551,0.545493751,0.54137654,0.0,0.0,0.0,0.0,0.0,0.0,0.0,0.0,0.0,0.0,0.0,0.0,0.0,0.0,0.0,0.0,0.0
30124>30111,1475,511,BSTu,Baker Street,Metropolitan // NB,511,BSTu,Baker Street,Bakerloo // SB,Alight-Interchange-Board,104.3097729255,0.1223559896,5.1924847069,52.56494112000001,25.2204009,13.964329008,7.245261201000001,0.0,0.0,0.0,0.0,0.0002502818,0.0230264898,0.03523571299999999,0.063843505,0.088685763,0.0908566459,0.08936766990000003,0.0879313783,0.09757020630000003,0.1459409483,0.2295887036,0.3184721716,0.5411228800000001,0.8609428400000001,1.22423144,1.41777406,1.76998956,2.15049218,2.44198348,2.49397366,2.77877548,2.81585164,2.76913816,2.7480652,2.7393395,2.44373122,2.36004986,2.20059288,1.90119958,1.73017678,1.76204068,1.63989872,1.67749642,1.74545616,1.87592234,1.929786,2.04629836,2.1302661,2.24415668,2.17026048,2.326447480000001,2.24856324,2.06499526,2.03169266,2.15730844,2.1323744,2.06534092,1.9793996,2.0863556,2.0910779,2.0425871,1.9942583,2.04399744,1.545795636,1.279498016,1.016077776,0.919277676,0.8919060759999999,1.10299628,1.034010728,1.021080788,0.979926884,1.106959364,1.022802344,1.191826036,1.078564428,1.0222319948,0.7283792448000002,0.6445469768000001,0.3381992798,0.4580367878000001,0.569401099,0.4540418890000001,0.324547437,0.301503274,0.133982754,0.0,0.0,0.0,0.0,0.0,0.0,0.0,0.0,0.0,0.0,0.0,0.0,0.0,0.0,0.0,0.0
30124>30120,1475,511,BSTu,Baker Street,Metropolitan // NB,511,BSTu,Baker Street,H&C and Circle // EB,Alight-Interchange-Board,0.0,0.0,0.0,0.0,0.0,0.0,0.0,0.0,0.0,0.0,0.0,0.0,0.0,0.0,0.0,0.0,0.0,0.0,0.0,0.0,0.0,0.0,0.0,0.0,0.0,0.0,0.0,0.0,0.0,0.0,0.0,0.0,0.0,0.0,0.0,0.0,0.0,0.0,0.0,0.0,0.0,0.0,0.0,0.0,0.0,0.0,0.0,0.0,0.0,0.0,0.0,0.0,0.0,0.0,0.0,0.0,0.0,0.0,0.0,0.0,0.0,0.0,0.0,0.0,0.0,0.0,0.0,0.0,0.0,0.0,0.0,0.0,0.0,0.0,0.0,0.0,0.0,0.0,0.0,0.0,0.0,0.0,0.0,0.0,0.0,0.0,0.0,0.0,0.0,0.0,0.0,0.0,0.0,0.0,0.0,0.0,0.0,0.0,0.0,0.0,0.0,0.0,0.0
30124>30121,1475,511,BSTu,Baker Street,Metropolitan // NB,511,BSTu,Baker Street,H&C and Circle // WB,Alight-Interchange-Board,83.43244214111456,0.139976106,7.734946394,44.4879123,16.693243964,9.519208658,4.857154719114575,0.0,0.0,0.0,0.0,0.012719624,0.01985657,0.046223102,0.06117681,0.20840858,0.223167404,0.278797598,0.30516243,0.482505842,0.384736604,0.6336620159999999,0.678133196,1.034593832,0.960324252,1.31540588,1.23004876,2.14100578,1.9874791,2.55911202,2.37794896,3.08530816,2.24357256,2.50352504,1.9449969,2.44126584,1.7056998,2.07019898,1.73651954,2.07797514,1.496964848,1.730083568,1.3280803,1.56752398,1.181785534,1.375258026,1.122680512,1.54749038,1.26152502,1.605881346,1.396030966,1.65277146,1.21980388,1.61497706,1.328104288,1.583184728,1.290373078,1.687169338,1.272208418,1.52738721,1.1982879,1.37971187,0.9392647340000002,1.053075554,0.7654865740000001,0.9210702240000002,0.72086797,0.8791121059999999,0.6924529559999999,0.75875797,0.6410103100000001,0.849928204,0.6494131120000001,0.8504613620000001,0.7375723160000001,0.7945470360000001,0.4970974760000001,0.6006866080000002,0.428157318,0.6260526099999999,0.552368518,0.5523685262229151,0.4039032862229151,0.332603716222915,0.06936961622291501,8.222915000000001e-09,0.0,0.0,0.0,0.0,0.0,0.0,0.0,0.0,0.0,0.0,0.0,0.0,0.0,0.0,0.0,0.0,0.0
30124>30122,1475,511,BSTu,Baker Street,Metropolitan // NB,511,BSTu,Baker Street,Jubilee // NB,Alight-Interchange-Board,945.2077175000003,1.51497902,26.87177354,434.6063304400001,340.8470686,78.36240778,63.00515812000001,0.0,0.0,0.0,0.0,0.12661072,0.23057576,0.44321944,0.7145731000000001,1.06756154,1.49419862,1.58635808,1.63841096,1.72747844,1.78802688,1.763401,2.28268558,2.92904134,3.20867796,3.55695028,3.82898286,4.05160898,4.02703986,4.10450058,5.06472578,7.051116680000002,8.97394748,10.81084488,13.7075618,16.2760436,17.95203020000001,19.55300320000001,21.8673798,23.54176560000001,24.248055,24.7853682,25.6162458,25.3561066,24.8258888,24.4930462,24.891727,24.8059856,25.5531502,25.892236,27.1569526,27.3963266,27.230586,26.895525,28.61314500000001,28.5829102,28.59892540000001,29.4228832,30.44126820000001,29.6273458,29.7354962,29.4214264,24.8812306,19.55707596,14.28684162,9.15308386,4.480910000000002,4.0201343,3.8861543,3.93420846,3.89817602,3.88956372,3.6828348,3.82827624,3.7451485,3.7044569,3.32077876,3.77243638,3.82824998,6.791808700000002,6.492912240000001,7.880640340000001,8.931027740000003,7.979800740000003,4.32036314,3.823146200000001,2.159537,0.0,0.0,0.0,0.0,0.0,0.0,0.0,0.0,0.0,0.0,0.0,0.0,0.0,0.0,0.0,0.0
30124>30123,1475,511,BSTu,Baker Street,Metropolitan // NB,511,BSTu,Baker Street,Jubilee // SB,Alight-Interchange-Board,437.4948347500002,0.929714514,19.743056656,220.88653038,113.19661342,53.92708474,28.81183504,0.0,0.0,0.0,0.0,0.069119514,0.11545224,0.30266708,0.44247568,0.538799266,0.534803596,0.68822011,0.6875259300000001,0.8582247300000001,1.066732344,1.4388511,1.83865654,2.35683812,2.82532776,3.317979680000001,3.59109748,3.86964616,4.37715532,5.50797248,6.84273336,7.895324760000001,8.463511200000001,8.952464000000003,8.7474924,8.6225576,9.4829716,10.448877,11.4963138,11.4969482,12.1161767,11.3161211,11.1037347,9.94698722,10.56330282,9.80537492,10.10741212,9.74781352,10.2912678,9.7436336,9.940738,9.4728552,10.2774346,10.6753694,11.6877518,11.609658,11.4234152,10.02804414,9.407574340000002,7.80084702,7.30939462,6.831354220000001,6.67291488,5.69081672,5.25959858,4.59753226,4.49645526,4.29842506,4.287935900000001,4.437222640000001,4.460914099999999,4.19672318,4.01130558,4.0393141,4.15084136,4.346207420000002,4.2558885,4.07472134,3.753313,2.951427680000001,2.1755033,1.92072816,1.86020988,1.23342422,1.0259002,0.74866538,0.46584596,0.0,0.0,0.0,0.0,0.0,0.0,0.0,0.0,0.0,0.0,0.0,0.0,0.0,0.0,0.0,0.0
30124>30124,1475,511,BSTu,Baker Street,Metropolitan // NB,511,BSTu,Baker Street,Metropolitan // NB,Alight-Interchange-Board,0.0,0.0,0.0,0.0,0.0,0.0,0.0,0.0,0.0,0.0,0.0,0.0,0.0,0.0,0.0,0.0,0.0,0.0,0.0,0.0,0.0,0.0,0.0,0.0,0.0,0.0,0.0,0.0,0.0,0.0,0.0,0.0,0.0,0.0,0.0,0.0,0.0,0.0,0.0,0.0,0.0,0.0,0.0,0.0,0.0,0.0,0.0,0.0,0.0,0.0,0.0,0.0,0.0,0.0,0.0,0.0,0.0,0.0,0.0,0.0,0.0,0.0,0.0,0.0,0.0,0.0,0.0,0.0,0.0,0.0,0.0,0.0,0.0,0.0,0.0,0.0,0.0,0.0,0.0,0.0,0.0,0.0,0.0,0.0,0.0,0.0,0.0,0.0,0.0,0.0,0.0,0.0,0.0,0.0,0.0,0.0,0.0,0.0,0.0,0.0,0.0,0.0,0.0
30124>50370,1475,511,BSTu,Baker Street,Metropolitan // NB,1475,MYBr,Marylebone NR,NR Chiltern // DN,Alight-Exit-Interchange-Enter-Board,0.5655423098874,1.129027436e-05,0.00010553862204,0.4339107668990001,0.11799091676,0.01330468495518,0.00021911237682,0.0,0.0,0.0,0.0,5.136331400000001e-07,3.592213739999999e-06,3.592213739999999e-06,3.592213739999999e-06,4.381211939999999e-06,7.4573336e-06,4.378753000000002e-06,4.378753000000002e-06,5.324437140000002e-06,1.138656494e-05,7.796810140000001e-06,7.796810140000001e-06,9.413030540000002e-06,1.89757232e-05,1.21245972e-05,1.21245972e-05,1.4250121e-05,2.57889686e-05,1.52805918e-05,1.52805918e-05,1.884943300000001e-05,3.982591520000001e-05,2.667084720000001e-05,2.667084720000001e-05,3.317910320000001e-05,7.9855282e-05,5.6753276e-05,5.6753276e-05,0.013919105276,0.014037596214,0.013987351194,0.013987351194,0.01402161087,0.00048863773,0.000363638536,0.000363638536,0.089713904536,0.09109251076000002,0.09076313190000003,0.09076313190000003,0.0911901468,0.0029366916,0.0015238257,0.0015238257,0.0030025525,0.003570820400000001,0.0024740096,0.0024740096,0.00288879726,0.0027989344,0.0018036516,0.0018036516,0.003088827,0.00308781254,0.0016989486,0.0016989486,0.001857367828,0.000700165908,0.000286392708,0.000286392708,0.000286392708,0.000189686564,6.1713084e-05,6.203670718e-05,6.203670718e-05,7.985906918000001e-05,1.814598518e-05,1.8372644e-05,1.804902082000001e-05,1.887834322e-05,1.05598122e-06,1.05598122e-06,8.293224000000001e-07,8.293224000000001e-07,0.0,0.0,0.0,0.0,0.0,0.0,0.0,0.0,0.0,0.0,0.0,0.0,0.0,0.0,0.0,0.0,0.0,0.0
30125>30101,1475,511,BSTu,Baker Street,Metropolitan // SB,511,BSTu,Baker Street,EntEx,Alight-Exit,3302.32359684,82.11955584,475.4819118,1783.925409200001,578.794347,237.440897,144.561476,1.4620284,2.86951866,5.28247586,7.487518580000001,11.05374948,14.74990746,18.2584722,20.9558852,23.2179282,24.9247966,26.2131924,27.6708954,31.25509120000001,35.9650964,39.38191000000001,45.3253816,50.75990680000001,54.4561924,55.75952339999999,60.55199740000001,63.7836544,67.6164152,71.8452136,78.56083100000002,82.13239499999999,85.76553800000002,86.136252,86.99089000000002,87.89589600000002,88.70146400000002,87.18064600000002,88.719402,86.4763808,82.77390279999999,77.719606,75.507434,70.606964,67.56387520000001,64.1949512,62.80607,58.2658108,54.7212108,54.06269279999999,53.8979136,52.55399920000001,51.7805852,52.76020820000001,52.5853602,51.7863908,50.64571839999999,50.1638864,49.2510094,46.25916140000001,42.4645508,40.12145320000001,38.42202380000001,35.03574380000001,31.8705666,28.9845378,25.7222666,21.4982876,18.591927,16.1316026,14.1267972,12.27082,11.3771022,10.88545,10.9457956,11.0402724,13.73636,16.3592722,16.6218988,16.8904742,16.6940434,13.8982426,11.8843624,10.349244,7.282860599999998,5.190382,3.498658,1.1154054,0.0,0.0,0.0,0.0,0.0,0.0,0.0,0.0,0.0,0.0,0.0,0.0,0.0,0.0,0.0
30125>30110,1475,511,BSTu,Baker Street,Metropolitan // SB,511,BSTu,Baker Street,Bakerloo // NB,Alight-Interchange-Board,893.2366766100001,24.63622598,147.21645292,346.9433176,152.2784848,142.12010648,80.04208882999998,0.0,0.4631885,0.8775893000000001,1.9987274,4.142176600000001,5.259408260000002,5.659108960000001,6.23602696,7.202965460000001,6.97565986,8.086425400000001,9.737122200000002,12.1845142,13.56797,14.0577242,14.5794932,15.200807,14.3551176,15.6596522,15.6090016,14.9943172,14.8389912,14.6250308,12.3119456,12.8979262,13.4871958,14.4475444,16.1168038,16.5597016,16.4829288,16.7998228,15.9357134,14.5662158,14.2962728,15.5042108,15.4157974,14.950687,14.3037734,15.4311948,13.4324376,12.5135016,12.7572386,13.0325414,11.2415248,11.0941448,11.1670562,10.304344,10.9435822,12.0875934,12.6441543,13.5264535,13.8958897,13.9747243,13.0468784,13.7305893,15.8630747,14.90717796,13.30132684,12.07857394,10.00148954,13.06523234,12.63364082,11.91584818,11.87845538,15.83280878,8.269834540000002,8.267876800000002,9.96784136,11.06368496,7.808680359999999,9.4681552,9.661661099999998,11.5159999,9.89329676,8.194822552,6.119578632000001,4.986343682,0.730399282,0.3288978220000001,0.2385800300000001,0.03198855,0.0,0.0,0.0,0.0,0.0,0.0,0.0,0.0,0.0,0.0,0.0,0.0,0.0,0.0,0.0
30125>30111,1475,511,BSTu,Baker Street,Metropolitan // SB,511,BSTu,Baker Street,Bakerloo // SB,Alight-Interchange-Board,5113.039499100003,68.1925469,307.1214432,2770.6989234,1272.4176716,507.4320014,187.1769126,0.0,0.71951552,2.06448422,5.61733922,9.34473222,13.03784022,17.0067451,20.40189040000001,19.8260842,18.5888898,18.1138726,17.2465154,17.0500838,18.11062380000001,19.6636904,22.5489904,24.5283182,32.2102318,42.51733900000001,56.71680380000001,69.537051,85.33090279999999,97.3344358,110.0103078,122.3001038,131.8460278,139.139089,149.1545860000001,151.241608,145.198206,143.292526,141.851688,134.214522,126.797052,121.815876,114.478576,108.163818,100.209811,96.988383,97.0127302,95.4027442,94.812653,96.404818,98.16140800000002,98.7383148,100.2460336,99.5868288,103.8969348,109.4334628,113.7216188,115.200134,118.232812,114.40128,107.582422,100.511508,90.866322,79.82192140000002,69.67294220000001,58.87911219999999,49.0172322,43.8981526,37.4633896,32.0105572,30.1774702,27.7228102,25.4362718,24.76948640000001,28.5626554,29.3282464,27.995806,28.5031058,26.2500514,21.34352040000001,17.3477306,13.8493285,10.2002518,7.684165200000002,3.6751468,0.5893106000000001,0.4102491000000001,0.0,0.0,0.0,0.0,0.0,0.0,0.0,0.0,0.0,0.0,0.0,0.0,0.0,0.0,0.0,0.0
30125>30120,1475,511,BSTu,Baker Street,Metropolitan // SB,511,BSTu,Baker Street,H&C and Circle // EB,Alight-Interchange-Board,467.736191578398,30.941518238398,51.65705068,144.8581838200001,63.96439142,44.20162406,132.11342336,0.126859199466,0.396371599466,2.604308399466,2.951226,6.0449812,6.612665960000001,6.918450440000001,5.286655440000001,5.649680940000001,3.04070094,2.89673986,3.3207899,3.57089302,3.65537212,3.97769272,4.69319646,4.66860006,5.03192948,5.33436072,5.817094460000002,5.82966046,6.284484540000001,6.123215600000001,6.162785320000001,6.373599120000002,6.70726926,6.8555944,7.525084,7.729225420000001,7.370228560000001,7.202055360000001,7.015663720000001,6.346843720000002,6.203831099999999,6.122710420000002,5.62635296,5.16797294,5.098796460000001,4.84376034,4.926802480000001,4.857140280000001,4.77153532,4.740872880000001,4.97269916,4.655934620000001,4.87407008,5.13668366,5.237433380000001,5.15640424,5.4225199,5.633120000000001,5.707528240000001,5.646825840000001,5.838961560000001,5.654783699999999,5.0001262,4.38517598,4.07600368,3.24715928,2.93245456,2.70737376,2.8423213,2.84578866,3.3880292,3.23677998,3.26603944,2.99139534,8.283102880000001,9.35723588,9.88960406,10.14809842,13.01263186,15.29416086,16.33433866,16.03208852,16.4787975,14.07205044,5.835335440000001,2.72215124,2.04924594,0.8876845400000001,0.0,0.0,0.0,0.0,0.0,0.0,0.0,0.0,0.0,0.0,0.0,0.0,0.0,0.0,0.0
30125>30121,1475,511,BSTu,Baker Street,Metropolitan // SB,511,BSTu,Baker Street,H&C and Circle // WB,Alight-Interchange-Board,2511.768113740001,66.14342524,353.3987153,1261.4222818,482.6453324,188.4755242,159.6828348,0.35090948,0.71478408,2.897240480000001,5.513515880000001,7.944235020000002,12.5915083,16.4450617,19.6861703,21.86261570000001,23.35805,23.34545240000001,25.1250108,25.9628666,26.9218578,29.01239300000001,33.4392118,34.9716604,35.255858,35.6839628,38.45977600000001,37.2770328,38.6485498,40.9336234,46.4597552,49.0887552,52.0858394,53.8724302,58.3584634,58.9292604,60.1887012,62.21103760000001,66.33324680000001,66.08341560000001,65.77161439999999,61.764763,59.0507082,53.7059082,49.7992222,46.37089779999999,47.836902,46.7521708,47.1525402,45.980071,46.76737300000001,44.0735682,42.9137536,40.27677539999999,42.3343866,43.2306298,43.41009520000001,42.9352242,44.00892899999999,40.04603700000001,36.3061742,33.5725496,29.5372096,25.191637,22.6984914,19.4287642,17.8769174,17.01590280000001,15.5656954,13.7397338,12.587766,10.8679604,10.2397086,9.875376800000002,13.3875704,13.6101354,16.3610506,23.416704,24.3194585,22.6499109,21.4758463,17.44698326,8.85310092,6.199519139999999,2.59352234,1.48641454,0.87907998,0.39110892,0.0,0.0,0.0,0.0,0.0,0.0,0.0,0.0,0.0,0.0,0.0,0.0,0.0,0.0,0.0
30125>30122,1475,511,BSTu,Baker Street,Metropolitan // SB,511,BSTu,Baker Street,Jubilee // NB,Alight-Interchange-Board,0.3187293560000001,0.0,0.08057026600000002,0.06396311,0.0,0.0,0.17419598,0.0,0.0,0.0,0.0,0.0,0.0,0.0,0.0,0.0,0.0161140532,0.0161140532,0.0161140532,0.0161140532,0.0161140532,0.0,0.0,0.0,0.0,0.0,0.0,0.0,0.0,0.0,0.0,0.0,0.0,0.0,0.0,0.0,0.0,0.0,0.0,0.0,0.0,0.0,0.0,0.0,0.0,0.0,0.012792622,0.012792622,0.012792622,0.012792622,0.012792622,0.0,0.0,0.0,0.0,0.0,0.0,0.0,0.0,0.0,0.0,0.0,0.0,0.0,0.0,0.0,0.0,0.0,0.0,0.0,0.0,0.0,0.0,0.0,0.0,0.0,0.0,0.0,0.0,0.0,0.0,0.0,0.0,0.034839196,0.034839196,0.034839196,0.034839196,0.034839196,0.0,0.0,0.0,0.0,0.0,0.0,0.0,0.0,0.0,0.0,0.0,0.0,0.0,0.0,0.0
30125>30123,1475,511,BSTu,Baker Street,Metropolitan // SB,511,BSTu,Baker Street,Jubilee // SB,Alight-Interchange-Board,417.125557384,55.4597718,33.6547392,135.16300206,57.54137332,39.49191206,95.81475894400002,0.49050618,0.49050618,4.51217738,8.49810938,8.63981446,11.58529688,12.3054998,8.93786154,5.419918940000001,5.510596880000001,2.46263796,1.75493716,1.29283734,1.07608614,1.1241272,1.74709004,2.27873108,3.2439095,3.55427666,4.1895903,3.56210566,3.9076178,3.33488092,3.98768716,3.66307498,4.9693251,4.42281124,6.02621018,5.783486079999999,7.068933539999999,6.739081539999999,8.118986399999999,7.07748356,7.203267960000002,6.376054760000001,5.912302760000001,5.124696060000002,4.904035700000001,4.9449633,5.37254242,5.31414716,6.90632796,6.94986696,7.49311286,6.85790014,6.35409462,4.09881014,3.35517406,3.33967546,3.66551246,3.99502224,4.82176772,5.450593599999999,5.143708200000002,4.730544640000002,5.728570040000001,5.45319044,5.3459177,4.49644896,4.43699662,3.40138866,2.9645536,2.62508634,2.52041888,2.1003882,1.83971126,1.90265836,2.40515304,2.49480666,3.42876294,3.0769981968,3.0959359368,10.9962680568,11.7839504368,12.8402379368,15.55437518,15.7780816,6.967655600000001,5.6851944,3.420034,0.6924580000000001,0.0,0.0,0.0,0.0,0.0,0.0,0.0,0.0,0.0,0.0,0.0,0.0,0.0,0.0,0.0
590201>590222,537,537,CPKu,Canons Park,EntEx,537,CPKu,Canons Park,Jubilee // NB,Enter-Board,34.69773787,1.0674006698,5.467400695199999,10.682070634,8.993702579,4.414247282,4.07291601,0.037245256,0.105517268,0.172934988,0.161867174,0.17857376,0.1868800926,0.1351652906,0.0892168406,0.1108068646,0.09410027859999999,0.135861102,0.209428022,0.288116592,0.330654546,0.563387946,0.74758709,0.7159828,0.72165028,0.79439444,0.755430734,0.653745914,0.6298960720000001,0.6003419160000001,0.465368448,0.391227654,0.307480618,0.4048171940000001,0.4079590140000001,0.5126154820000001,0.468353322,0.472645624,0.373527782,0.294114798,0.31887035,0.365013018,0.486388012,0.47742822,0.58147845,0.560787558,0.49017449,0.4023443059999999,0.419158884,0.335954477,0.262379031,0.280727827,0.265757451,0.4515433129999999,0.8884496300000002,0.8973862560000001,1.10058612,1.27720474,1.12389227,0.79191245,0.85435877,0.638647796,0.423235956,0.6490420459999999,0.543450702,0.45357863,0.51443633,0.497437092,0.260617032,0.340763376,0.296030708,0.21733605,0.216089332,0.2204606620000001,0.205005322,0.205005322,0.238821928,0.3694426240000001,0.327726496,0.277985986,0.4694323660000001,0.4478922,0.332500362,0.338802386,0.303670916,0.150340014,0.162227026,0.132336164,0.1073837088,0.1114399388,0.07332446079999999,0.0102639408,0.0102639408,0.00405623,0.0,0.0,0.0,0.0,0.0,0.0,0.0,0.0,0.0
590201>590223,537,537,CPKu,Canons Park,EntEx,537,CPKu,Canons Park,Jubilee // SB,Enter-Board,2728.73345827379,180.8342786,423.9926564,1182.0766458,633.2735260000001,214.5832216,93.97312987378999,4.827629,9.672611999999999,16.604772,23.6524368,27.75403780000001,32.77903300000001,33.4325936,32.1111644,31.1005124,30.7972886,30.38830400000001,33.1316524,32.7980834,32.3671476,34.78792120000001,37.8674178,36.0162916,38.7824158,41.77307520000001,44.18254640000001,43.07419779999999,47.09098,47.075256,46.00884659999999,44.36989920000001,42.64886720000001,43.91594460000001,48.4602346,51.3146434,54.38969280000001,59.40541620000001,58.71638200000001,57.178938,54.67964600000001,53.97275920000001,52.63496780000001,49.7313316,47.5741864,47.330983,45.11848460000001,45.82027920000001,47.31996560000001,47.22858080000001,47.01616320000001,48.37453720000001,47.29515120000001,54.3718808,62.2487118,63.7608662,62.82337140000001,63.9860466,57.82665100000001,48.60760040000001,45.27576440000001,42.7956044,35.90734060000001,31.0987232,26.5825214,24.5250664,20.1322344,17.6936864,14.3900324,14.4263938,12.17732,11.9761708,13.4455874,13.9349356,14.2005498,13.663731,12.3286552,9.7406547,8.3595577,5.8625987,5.030320240000001,4.95190318,4.23791282,3.2005195,3.3320169,2.63476858,2.09130272,2.50877018,2.12764326,1.34034482,1.88504606,1.810019368,1.13286754738,1.21844138738,1.22347474738,0.56848046738,0.404910918758,0.480611599378,0.404122203378,0.5570162033780001,0.984405003378,0.9843891640000001,0.9086457040000001
590222>590201,537,537,CPKu,Canons Park,Jubilee // NB,537,CPKu,Canons Park,EntEx,Alight-Exit,2752.877032060001,38.78404438,168.4634922,786.7313326000001,636.6132326,549.471444,572.8134862800003,1.59158216,2.54190816,3.66988776,4.66417648,5.120328380000001,6.268026280000001,7.000574680000001,7.92756048,8.711612800000001,9.9401786,9.903312,10.3381344,11.2692488,12.7323062,14.207969,15.864738,18.3434416,19.2885398,18.971178,18.892833,18.589366,16.7771044,16.70860960000001,17.1536666,17.6327098,19.5572926,21.9529508,22.5415524,24.3617996,26.12903540000001,27.23110040000001,28.43243600000001,31.6789226,34.38281660000001,39.14677320000001,42.63512340000001,46.74660400000001,48.8098286,50.2929876,50.068022,49.2637428,45.94345160000001,45.3085376,45.386899,44.76753540000001,45.1597094,47.37632240000001,48.6718552,47.444143,51.1620686,52.0752566,58.1642296,58.476468,63.2669232,58.7303476,61.3183736,54.71827019999999,54.19845100000001,49.08763140000001,50.1409236,46.90743360000001,46.215832,44.385752,43.3275206,41.501389,40.0680076,39.662886,39.257347,39.19354700000001,42.28063400000001,42.26424340000001,41.7230554,42.0158084,43.9346534,37.73957400000001,37.12466360000001,37.0408036,32.1072604,28.0767108,24.49830028,20.87829908000001,14.76613194,13.59826934,9.61314484,10.82094276,7.733969300000001,8.528008640000001,7.14966344,7.009242940000001,4.897698940000001,4.766088180000001,3.42906944,3.84169334,3.089594,2.614424,2.07799182
590223>590201,537,537,CPKu,Canons Park,Jubilee // SB,537,CPKu,Canons Park,EntEx,Alight-Exit,33.90114859559998,0.360125102,2.4864509916,15.442636414,6.87780354,5.251309052,3.482823496000001,0.0279010922,0.0397342012,0.0397342012,0.023666218,0.05134865800000001,0.055218765,0.05786381800000001,0.06465814840000003,0.08381610440000002,0.07105215640000001,0.08304643240000001,0.1355376824,0.179174084,0.210352536,0.287760888,0.30985883,0.292381372,0.30341958,0.289403634,0.240647692,0.208226232,0.237868278,0.288851198,0.3448332160000001,0.340012634,0.3945235479999999,0.3922478080000001,0.3732382220000001,0.4447690740000001,0.5153696260000001,0.5716604980000001,0.6963274979999999,0.7384509440000001,0.7328724520000001,0.8412934599999999,1.04952296,1.22620708,1.249994772,1.214844252,1.099389002,0.8694636619999998,0.58881147,0.5360694779999999,0.4877890500000001,0.427494658,0.423060584,0.495648496,0.501579156,0.598869314,0.7435798960000001,0.74982663,0.70366275,0.642705266,0.598941696,0.49582297,0.4966121240000001,0.4720100500000001,0.48654745,0.418773994,0.3581381300000001,0.32344785,0.248072438,0.359240582,0.403633584,0.532848914,0.5512037,0.60605424,0.4913381200000001,0.4464588860000001,0.321447882,0.250363418,0.271235704,0.24560487,0.1855140780000001,0.158331522,0.184560866,0.084834306,0.093555734,0.093555734,0.11375851,0.0898560572,0.1138447244,0.0681801104,0.1089649824,0.0887622064,0.06477353920000001,0.07724415400000001,0.113703436,0.072918564,0.072918564,0.072918564,0.036459282,0.0,0.017685934,0.017685934,0.017685934
580301>580322,558,558,DHLu,Dollis Hill,EntEx,558,DHLu,Dollis Hill,Jubilee // NB,Enter-Board,745.9120492680003,18.004917338,111.28032156,316.6967629,157.5118513,91.30368408,51.11451209000001,0.229105878,0.687681478,0.973814558,1.705607094,2.48563405,3.26377282,3.91769942,4.74160204,5.78751916,6.432247240000001,7.38870524,8.139341640000001,8.60126214,8.85629354,9.5180866,9.8983184,10.783636,11.7129874,12.0055178,12.1564064,12.2503096,11.9153065,11.9217853,12.4265835,12.8559787,13.3706003,13.4213818,13.1516086,12.5653976,12.0123306,11.967428,12.7290354,14.4143442,15.6906278,16.574703,16.4695988,15.455898,14.098305,12.10261328,11.51247728,11.34001018,11.96765758,12.63151958,13.8512623,13.7449419,13.888525,13.8029336,13.3435028,13.6729232,13.5508962,13.0789838,13.0416318,12.7756014,12.5706176,12.3696462,11.6716478,11.2681622,10.25562,8.60915806,8.04575646,8.25062806,7.61523306,7.59752918,7.14619128,6.89242894,6.09162646,5.157171920000001,4.37417846,4.223685440000001,3.65576058,3.59677826,3.427811480000001,3.30524698,3.0732373,3.08821026,3.0618661,3.32158882,2.95669246,2.94449324,2.75454748,2.22038534,1.65581298,1.478309398,1.094438594,0.667060678,0.377802778,0.204668168,0.29491623,0.261411994,0.3699145300000001,0.66713445,0.5989148400000001,0.49933139,0.6420251600000001,0.4848435400000001,0.18762362
580301>580323,558,558,DHLu,Dollis Hill,EntEx,558,DHLu,Dollis Hill,Jubilee // SB,Enter-Board,3545.908762759999,172.4770046,686.3961128,1597.92729,617.7833690000001,323.4708172000001,147.85416916,5.2422641,8.4234075,13.2145135,18.0890223,22.9967024,28.25325680000001,35.53214000000001,40.72569800000001,43.4810786,45.44366540000001,49.3212898,51.23784240000001,54.6521454,57.35422940000001,62.32492060000001,63.92935540000001,65.57877220000002,63.1890452,64.3193012,65.56446720000001,65.46829720000001,65.14113520000001,67.68053420000001,68.5232802,68.36291700000001,68.31739499999999,70.17962299999999,72.2223948,69.92127020000001,71.5769322,73.3088762,71.35653020000002,68.1374948,68.30139620000001,66.6973632,64.3691284,62.6147764,61.777147,62.3145806,62.02255960000001,62.61421379999999,62.53225980000001,62.80246460000001,61.68472020000001,59.0257554,55.7908586,55.7141434,54.22661360000001,52.7766464,50.03333060000001,49.97244200000001,48.47857980000001,48.7646896,47.7242156,48.361653,46.914441,43.5143824,38.2366796,34.43271960000001,29.71148860000001,27.4139118,26.2709438,24.7526532,23.4524462,22.1422876,19.842245,17.1279606,16.5730988,16.4263042,14.8240463,14.2663345,14.1730981,12.47664884,10.44338334,10.53634884,8.669506620000002,6.254388820000001,5.329351120000001,4.28508414,2.9512793,2.70276442,2.67370804,2.37875692,2.10170492,1.6834447,1.8184719,1.81372432,1.92766176,1.84706276,1.86062182,1.55278484,1.29782352,0.87457899,1.15603055,0.8698537500000001,0.6594018300000001
580322>580301,558,558,DHLu,Dollis Hill,Jubilee // NB,558,DHLu,Dollis Hill,EntEx,Alight-Exit,3144.38471618,37.7403912,130.97365496,807.2570864000002,762.9699580000001,680.2116868,725.2319388200002,1.86119748,2.9323618,3.8935022,4.901637259999998,5.349422000000001,6.21869732,6.327600599999998,6.25597254,6.34946894,6.86659454,7.356203339999999,7.861347740000001,9.3015574,10.4184476,11.451446,12.5533792,13.8163654,15.0501532,14.8412796,15.107412,16.1184274,17.1426336,17.83322380000001,20.1035844,21.7780998,22.4666276,23.8290666,24.8181002,25.9707836,28.7883576,31.76039560000001,33.67814620000001,37.16161320000001,39.1069552,39.78415860000001,40.32963260000001,41.5235192,41.616778,42.9120454,44.1783228,45.748254,47.450442,50.4477126,52.7102064,55.77524540000001,57.74390760000001,60.55295500000001,62.14750500000001,64.00894040000001,65.6911494,67.317138,66.53830160000001,66.37486080000001,65.7178248,65.553792,65.548338,66.10585640000001,66.7824372,63.54178220000001,61.606723,58.06254420000001,56.96673620000001,51.8720562,53.6421422,49.93466420000001,51.77267380000001,48.21675260000001,51.70731860000001,48.62577720000001,53.29785520000001,52.30086500000001,53.95557300000001,52.18525300000001,52.40840660000001,49.4423226,44.75292560000001,42.33694440000001,36.52961260000001,33.3731268,28.1549164,24.3266612,21.2168642,17.65155600000001,14.8054842,11.2919616,11.9049024,8.89061534,10.09640314,8.92145544,10.08681814,8.24964894,8.7999974,7.215938180000001,6.785471880000001,4.201848180000002,3.42273418
580323>580301,558,558,DHLu,Dollis Hill,Jubilee // SB,558,DHLu,Dollis Hill,EntEx,Alight-Exit,734.4028894723998,33.54058860000001,100.92361462,283.3167016,168.9800583,92.27376074,55.36816561240001,1.33643512,1.71814102,2.549565540000001,3.81592752,4.6720465,5.371110900000001,6.897970600000002,7.179391400000001,7.508136060000001,7.879100720000001,7.446555120000001,6.977166920000001,8.050949200000002,8.246562800000001,8.520352,9.0594504,9.696567199999999,9.3033472,9.0517484,9.183678599999999,9.467488400000002,9.7389804,9.736237,10.351173,10.3603102,10.6107996,10.0328694,10.8580108,11.5320711,11.6393621,11.9144099,12.8046945,12.5200227,12.3734728,12.4859274,12.5397994,12.2581048,12.8942384,12.6969196,12.6789082,12.76265,13.611686,13.4769224,13.9716435,15.3795253,15.5848213,15.5142097,15.3970223,15.3566128,14.6440589,13.8052027,13.0185763,12.8820443,12.5757911,12.3149688,12.5072248,11.9155662,10.7059149,9.20167236,7.9062811,7.075318299999998,7.0723497,7.091839800000002,7.16852286,6.82779104,6.33678096,5.618229960000002,5.35349356,5.3591663,6.25223298,6.014958140000001,5.80761994,5.58137966,5.036301,3.7152374,3.33282694,2.61000738,1.89044238,1.246089986,0.8765137259999999,0.7493500259999999,0.843770406,0.7965365259999999,0.798757574,0.626512284,0.53925464,0.331430234,0.312140814,0.267503992,0.3779070880000001,0.460953332,0.51104469,0.4034926132,0.3631053244,0.1920225784000001,0.07160765840000001
30125>30125,1475,511,BSTu,Baker Street,Metropolitan // SB,511,BSTu,Baker Street,Metropolitan // SB,Alight-Interchange-Board,0.0,0.0,0.0,0.0,0.0,0.0,0.0,0.0,0.0,0.0,0.0,0.0,0.0,0.0,0.0,0.0,0.0,0.0,0.0,0.0,0.0,0.0,0.0,0.0,0.0,0.0,0.0,0.0,0.0,0.0,0.0,0.0,0.0,0.0,0.0,0.0,0.0,0.0,0.0,0.0,0.0,0.0,0.0,0.0,0.0,0.0,0.0,0.0,0.0,0.0,0.0,0.0,0.0,0.0,0.0,0.0,0.0,0.0,0.0,0.0,0.0,0.0,0.0,0.0,0.0,0.0,0.0,0.0,0.0,0.0,0.0,0.0,0.0,0.0,0.0,0.0,0.0,0.0,0.0,0.0,0.0,0.0,0.0,0.0,0.0,0.0,0.0,0.0,0.0,0.0,0.0,0.0,0.0,0.0,0.0,0.0,0.0,0.0,0.0,0.0,0.0,0.0,0.0
30125>50370,1475,511,BSTu,Baker Street,Metropolitan // SB,1475,MYBr,Marylebone NR,NR Chiltern // DN,Alight-Exit-Interchange-Enter-Board,0.3597095402704201,2.598159802000001e-05,0.07205462853108002,0.1377275608629999,0.12228975114,0.0256199229,0.00199169523832,1.0642545e-06,1.0642545e-06,1.0642545e-06,1.84629862e-06,4.099158420000002e-06,5.366148720000002e-06,5.366148720000002e-06,6.111080040000001e-06,8.503167320000001e-06,9.718331919999999e-06,7.387087120000002e-06,8.743794000000001e-06,0.01438424486268,0.01438908902568,0.01438562100128,0.01438708326708,0.0143940255552,3.208300920000001e-05,2.40647148e-05,2.40647148e-05,0.011206870449,0.011224121384,0.01120981793,0.01120981793,0.011240258322,9.235046800000002e-05,6.680053800000003e-05,6.680053800000003e-05,0.005314951938000002,0.005377331136000002,0.005340970990000003,0.005340970990000003,0.005579362010000003,0.0006636618499999999,0.0005708422599999999,0.0005882259380000001,0.001960959138,0.004099899918,0.003767448678,0.003804945706,0.009816000028,0.011281099028,0.008903767227999999,0.009000286468000001,0.01441476104,0.01032853504,0.007490702840000001,0.007839724479999999,0.01193732304,0.00967174984,0.007729537840000001,0.00799829838,0.01426135474,0.01223353124,0.009047132840000001,0.00933709982,0.00991075454,0.00374656814,0.00158027384,0.001713713412,0.001997284072,0.001560118972,0.001112227372,0.001112227372,0.0009787878,0.0008681229599999999,0.0004628728,0.00057697162,0.00057697162,0.0006672095200000001,0.00020433672,0.000235996902,0.000121898082,0.000121910871664,3.1672971664e-05,3.1672971664e-05,1.2789664e-08,1.2789664e-08,0.0,0.0,0.0,0.0,0.0,0.0,0.0,0.0,0.0,0.0,0.0,0.0,0.0,0.0,0.0,0.0,0.0,0.0
230501>230522,579,579,FRDu,Finchley Road,EntEx,579,FRDu,Finchley Road,Jubilee // NB,Enter-Board,1478.884949366,9.565785560000002,74.03900119000001,609.943446,395.6209016000001,235.2673423,154.448472716,0.59712816,0.8204106800000001,1.06610434,1.14943398,0.98874685,1.02205911,1.86967919,2.05222325,2.32659801,3.03517986,3.2754096,3.3610781,4.00196278,4.71507402,5.92137692,7.383792500000001,8.128890799999999,9.190194199999999,10.7759324,11.923512,12.4947592,14.02076,16.4522516,18.365522,19.2981786,21.1232388,22.7859866,22.462542,22.9348698,24.263757,24.7370752,26.1779472,28.4377244,29.09589900000001,29.1372984,30.1383024,30.1029956,30.417788,30.8911088,31.4167386,31.5110208,31.7746216,30.901317,31.0017434,31.3998462,32.6957908,33.4820008,34.8554794,35.85177260000001,36.1886166,34.6456822,32.67332500000001,32.50647539999999,31.4908934,30.0930452,29.737974,28.208507,24.6876594,22.0570234,21.4786616,19.387648,18.0513214,17.9595986,17.4808626,16.4116284,16.429542,16.8098494,16.3050405,15.5465705,13.8371221,13.9803763,13.0804089,11.4627572,10.7323196,11.1806426,8.24072626,6.91506872,5.5039383424,4.6082606824,3.6328898024,3.8511176024,3.8511962024,4.53477054,4.30959374,3.215912260000001,3.18746788,2.45794928,2.1152694,1.62054784,1.37299548,0.90533124,1.06510568,0.7442985059999999,0.951262086,0.835511206,0.709062766
230501>230523,579,579,FRDu,Finchley Road,EntEx,579,FRDu,Finchley Road,Jubilee // SB,Enter-Board,4267.462386269999,56.3374373,446.0191526,1962.9744338,950.3437480000001,516.3901192,335.39749537,2.48900646,3.56183514,4.749114260000002,6.012786460000001,7.03707946,8.2968674,10.62727432,13.5634738,15.4489588,18.1682608,21.5115088,25.49259720000001,29.0183446,33.4264744,38.5378656,44.8075486,49.7886506,52.66705900000001,56.6862498,60.46563440000001,63.5763594,67.36789940000001,72.223903,78.284187,81.225135,81.88215600000001,82.117886,84.15295400000002,83.132324,84.67683000000001,85.275068,88.44176680000002,89.39075280000002,88.67387280000004,86.41284280000002,88.0155688,84.303899,80.150648,78.97332,80.667322,82.389756,83.79186100000003,84.49099600000002,83.35712600000002,82.60692399999999,77.367168,76.401544,76.587002,77.39940600000001,77.973768,80.03286,79.75761200000002,80.836308,84.60626000000002,80.985162,75.78973400000002,69.87542800000001,63.43458,53.62197140000001,48.2894294,44.1667584,40.13893160000001,36.9896296,34.305313,31.9186836,31.59812,31.7696436,30.2816306,30.8086158,30.7011006,30.43938720000001,30.24819500000001,30.2375654,29.2013006,27.89263,22.45173724,17.30746083999999,12.24997859,8.762743190000002,5.52987139,6.13643401,6.45805781,7.44054246,6.235466660000001,5.41218376,4.828153299999999,3.93894236,3.563961960000001,2.79915164,2.6976562,2.04201384,2.16060486,1.83216232,1.7391989,1.24942824,1.0329512
230501>230524,579,579,FRDu,Finchley Road,EntEx,579,FRDu,Finchley Road,Metropolitan // NB,Enter-Board,1832.24897042,18.41019584,135.01713488,644.0543865,471.0353572000001,307.342006,256.38989,0.6580380200000001,0.8377771600000001,1.30641964,1.87526282,2.14314932,2.84345928,4.02868974,4.71739986,5.674794160000001,7.005837379999999,7.35108468,7.533819579999999,8.83197318,10.6568577,12.3589535,14.5402099,15.6885804,15.6350244,15.1808638,14.5591362,13.8330586,14.1048299,16.6588985,18.1583077,19.6818205,21.56076950000001,22.4736326,21.6891504,23.2601488,25.1185336,26.3425018,29.5282498,33.0959192,32.9405184,32.09329080000001,32.505448,32.223139,30.379549,31.2549448,31.3780646,32.83617020000001,33.7194908,34.150778,35.06717200000001,37.20263300000001,37.3188954,37.08365240000001,38.8097696,39.47041960000001,40.134759,39.76186060000001,40.40400520000001,40.8006476,40.9527216,39.8224704,39.27352279999999,36.7085682,33.0845416,29.7761476,27.2754236,25.0108386,23.6261056,22.9572024,22.4838854,22.2314454,21.500626,21.3753388,21.3118828,21.1241264,19.7801842,21.7817258,21.97761460000001,21.674561,20.4122178,21.5388878,20.1296452,21.03670360000001,21.4307122,18.24604080000001,13.7866636,9.286575,4.184232000000002,0.0,0.0,0.0,0.0,0.0,0.0,0.0,0.0,0.0,0.0,0.0,0.0,0.0,0.0
230501>230525,579,579,FRDu,Finchley Road,EntEx,579,FRDu,Finchley Road,Metropolitan // SB,Enter-Board,2080.356035894,34.205056754,238.1351939,1016.0572718,466.8737046000001,228.622965,96.46184383999999,0.546551802,1.367382142,2.408608342,3.171572168,5.13836426,5.62718944,7.357933500000001,8.587455100000001,9.958374,10.3466739,12.4366052,13.7510704,15.371469,17.4004388,19.925155,22.3290842,25.808174,27.35961420000001,30.1130126,33.3355226,36.300918,37.28794720000001,40.0187906,41.3572436,42.688503,42.41416020000001,43.151072,42.781702,45.0293438,45.7534984,47.65003239999999,48.6491604,50.39653940000001,48.0369714,45.6080394,44.2199902,42.0587998,39.4395576,38.60162279999999,38.6727874,38.5193434,39.5522314,38.9968554,38.872162,38.7708834,37.7831154,36.81042600000001,39.28014320000001,40.47109260000001,41.14383460000001,41.09754580000001,40.8963876,39.6731156,38.7622676,37.16769000000001,35.0172028,31.56752180000001,28.30973460000001,25.33232220000001,22.0672584,19.1765306,18.1510576,16.4397176,14.4359796,13.460396,14.2898128,12.8654242,12.5272096,12.2612664,12.4828864,12.2715428,13.1958914,13.6903504,11.82451756,9.299477240000002,6.340413908,3.616749328,0.806366128,0.423722568,0.181469888,0.06718982,0.0,0.0,0.0,0.0,0.0,0.0,0.0,0.0,0.0,0.0,0.0,0.0,0.0,0.0,0.0
230522>230501,579,579,FRDu,Finchley Road,Jubilee // NB,579,FRDu,Finchley Road,EntEx,Alight-Exit,4242.422919900003,70.2058091,316.489731,1350.1841316,1120.1207604,677.9939452,707.4285426000004,2.47924338,3.48523226,5.46719746,6.736912180000001,9.90414054,11.97938828,14.2463436,15.9073514,17.84875379999999,18.1272664,19.2229216,19.8741494,21.4933952,23.247126,25.9341046,28.856527,33.20987580000001,35.68973,36.319099,36.66678220000001,36.3580114,35.0195142,35.24367200000001,36.7871122,39.240039,43.45836700000001,46.8528014,48.49319220000001,51.0163544,53.3993584,54.7567774,57.02709540000001,60.798109,63.19247420000001,64.8942382,65.117504,66.636888,67.1762548,66.74304760000001,67.0100176,68.752888,70.24908400000001,73.60127800000002,78.36005320000002,83.59934220000002,87.30585699999999,90.59510999999999,93.525774,97.037212,98.1805622,100.1027862,100.2612572,96.7115332,93.9291852,91.245606,87.6265352,82.4265012,77.80720120000002,70.37946459999999,63.55927060000001,56.4860262,51.5815622,48.2438702,46.21841880000001,45.7540388,45.208178,45.1226072,45.2068062,48.3182456,50.6253286,53.3637652,54.71217900000001,56.00730460000001,54.1874792,49.206893,42.9290236,38.4030646,33.6192954,28.8062332,23.7571552,22.629729,19.1212,16.5745146,12.9937038,13.4455648,10.51649774,11.13550654,9.31192964,9.854142240000002,8.25723644,8.996723300000001,7.1856311,7.975773200000001,6.625720599999999,5.388904599999999,3.4797978
230522>230524,579,579,FRDu,Finchley Road,Jubilee // NB,579,FRDu,Finchley Road,Metropolitan // NB,Alight-Interchange-Board,8451.229727699998,108.2373542,673.3686348,2335.1484158,1609.1965022,2215.788688,1509.4901327,0.0,0.0,3.1867394,7.811884000000001,14.5128994,20.5001716,28.1085952,34.11706460000001,40.3887568,41.62261140000001,44.52042220000001,46.85469060000001,48.9625374,49.8648278,55.50234980000001,60.8002468,65.9967968,70.1198052,73.09249,75.6431,80.61949800000002,83.8115868,86.26003080000002,88.29540480000001,92.3764188,92.1714588,95.199062,97.70323,103.500918,107.4903208,104.2326088,112.0586208,110.6885988,104.8216088,96.434068,103.587893,90.62509500000002,85.805125,94.2140198,97.49016379999999,93.36974,99.036106,109.183658,106.1731812,110.9990922,116.076723,120.752839,124.013447,130.178409,134.298724,140.280278,144.534394,147.621418,149.357342,147.908882,143.174954,145.53358,160.441606,173.282974,190.889566,204.634746,208.371308,196.178008,190.99319,187.93751,187.91961,183.757642,185.848948,196.060602,200.244002,185.359444,179.291238,166.335892,163.83558,124.7021044,110.9775474,84.60924114,63.77983734,18.37475734,12.19413294,2.02060394,1.7051502,0.0,0.0,0.0,0.0,0.0,0.0,0.0,0.0,0.0,0.0,0.0,0.0,0.0,0.0
230522>230525,579,579,FRDu,Finchley Road,Jubilee // NB,579,FRDu,Finchley Road,Metropolitan // SB,Alight-Interchange-Board,60.15424238600001,2.544064462,21.649203358,21.97434469200001,6.112717932,4.957952558,2.915959384,0.0,0.14258002,0.31879002,0.345438324,0.396179794,0.4943862840000001,0.4491837200000001,0.3975063,0.501755156,0.559038438,0.923870108,1.115390212,1.612741692,2.212795932,2.5466102,2.586608780000001,2.68817756,2.52207744,2.17781778,2.20232006,2.25133344,2.4809825,2.224499588,1.837807848,1.371466548,0.8194164279999999,0.199301028,0.0,0.0,0.25086084,0.42678624,0.6020053000000001,0.73425048,0.92715754,0.8649645340000001,0.8915835940000001,0.8326065860000001,0.8697547660000001,0.7658725120000001,0.7178714979999999,0.6686017879999999,0.7370714359999999,0.7035904820000001,0.796559716,0.824129276,0.808197086,0.744522094,0.7514653880000001,0.683371128,0.552376212,0.454345804,0.37643634,0.273939734,0.193911092,0.156669628,0.29335415,0.250226906,0.339311506,0.430813148,0.5554019480000001,0.4450426,0.479847022,0.420578374,0.348766454,0.410312314,0.388766744,0.479530294,0.4093552479999999,0.458286968,0.444848588,0.433838986,0.447089564,0.4529874592,0.3504948792000001,0.1777985992,0.1447164452,0.0058978952,0.0,0.0,0.0,0.0,0.0,0.0,0.0,0.0,0.0,0.0,0.0,0.0,0.0,0.0,0.0,0.0,0.0,0.0,0.0
230523>230501,579,579,FRDu,Finchley Road,Jubilee // SB,579,FRDu,Finchley Road,EntEx,Alight-Exit,1239.65391768,29.59934666,189.49484032,605.6611063999999,233.2783996,112.99788004,68.62234466,0.99985598,1.65967634,2.32456814,3.16426904,4.12564606,5.024892299999999,5.80940394,6.491034860000001,7.200084160000001,8.153513320000002,9.349431720000002,10.07708112,12.1909394,14.756554,17.0907622,19.1891056,21.7361066,22.8193616,23.2487126,23.683188,23.9064376,24.2975546,24.1261332,23.7241094,24.1183688,25.2086744,25.4851262,26.60320320000001,26.9450928,26.8947928,26.3337352,26.3631066,26.2635304,26.630872,26.10622,26.4645146,26.6668236,26.6068126,25.918029,25.5740324,24.7384642,23.62777160000001,21.76057,21.29713120000001,20.69281640000001,20.9227266,20.4550824,21.0506036,20.3169122,20.1888632,19.0085596,18.9177398,18.4371594,18.8609166,17.9476632,16.4793566,14.5743892,13.4509978,11.90917,11.0895626,10.6009592,10.025464,8.964739999999999,8.0186891,7.114708500000001,6.3142985,5.7468202,5.18808094,4.77699664,4.49554704,4.127600360000002,3.81774666,3.34790836,3.13786436,2.76437046,2.39519366,1.95031666,1.95780694,1.500998952,1.468873952,1.294307512,1.537429712,1.492636492,2.05735408,1.92694462,2.503839480000001,2.27712626,2.91459424,2.6181091,3.03124726,2.49397114,2.77856482,2.07255742,1.8822417,1.1119853,0.8882114799999999
230523>230524,579,579,FRDu,Finchley Road,Jubilee // SB,579,FRDu,Finchley Road,Metropolitan // NB,Alight-Interchange-Board,513.8274107800002,3.37892833,49.27071324,216.80239668,114.3901926,73.89915974,56.08602019000001,0.02220609,0.038356424,0.102044696,0.14387039,0.25366085,0.5957519800000001,0.950296966,1.272740934,1.74560704,2.44828978,2.84637306,3.32718834,4.0474273,4.95298726,4.8523646,4.971460100000002,5.0817795,4.89606564,4.78294228,5.31822834,5.83823664,5.722701320000001,5.855596980000001,5.79638878,5.55612188,5.87598698,6.699986900000002,7.152998900000001,6.897526840000001,8.31792954,8.96540334,9.58259234,10.47081634,12.0840668,11.7233022,11.7487804,11.5098088,11.5275364,10.27256088,10.48293468,10.36023728,10.95436068,11.02180528,12.3847165,12.5558735,12.5613947,12.2571851,11.5416525,11.1318964,9.487400599999999,8.131608199999999,7.274099,6.813927700000002,6.5488965,7.554366700000001,8.531891700000001,8.637132800000002,8.4865847,7.5992569,7.04747218,5.99623354,5.473965160000001,5.190367619999999,5.291398060000001,5.10236168,5.06965084,4.76711726,5.237619,5.96551676,5.549760360000001,6.815713840000001,6.84617938,5.99994756,5.121800360000001,5.122164420000002,3.74886022,3.096747006,3.148350606,2.046050406,1.393250846,0.6856932459999999,0.5459851800000001,0.0,0.0,0.0,0.0,0.0,0.0,0.0,0.0,0.0,0.0,0.0,0.0,0.0,0.0
230523>230525,579,579,FRDu,Finchley Road,Jubilee // SB,579,FRDu,Finchley Road,Metropolitan // SB,Alight-Interchange-Board,2018.744639628,96.156253328,388.2759194,943.7291438,355.3392416,183.2994918,51.9445897,0.7297955279999999,2.005943328,4.335811528000002,6.920343984000001,15.01134216,19.1166366,22.51403740000001,25.5223428,26.6575472,22.5250712,23.7494548,27.06318820000001,29.7248102,32.579235,35.99374539999999,38.0614304,38.1889274,36.4944358,37.8216698,39.416404,40.62324320000001,39.9585992,42.1634224,42.03599140000001,41.1390484,39.3507152,39.2666442,38.077953,33.9151128,35.7002128,37.47057479999999,40.7474636,42.65049880000001,48.160665,45.983663,45.503739,42.01593020000001,40.21836020000001,37.3336832,36.7585212,34.54219000000001,34.3841354,32.8486946,32.8800822,31.8746442,34.8187146,34.6070646,35.84108420000001,34.95309260000001,32.3990266,27.273409,25.227314,23.45679920000001,23.3177438,23.90845220000001,27.6618966,26.8290474,25.0898888,23.5066918,22.0023576,16.2380288,14.6425362,12.8148126,10.6342072,9.3339532,8.4055858,7.091314800000001,6.711067600000002,6.178619600000001,6.2367454,6.749705199999999,7.752575800000002,7.675443,6.799448910000002,5.31857291,3.48877858,1.48917638,0.15847338,0.04852527,0.04852527,0.0,0.0,0.0,0.0,0.0,0.0,0.0,0.0,0.0,0.0,0.0,0.0,0.0,0.0,0.0,0.0
230524>230501,579,579,FRDu,Finchley Road,Metropolitan // NB,579,FRDu,Finchley Road,EntEx,Alight-Exit,2040.234368358,13.218806478,160.14133308,728.4611916,539.7416228,361.2476618,237.4237526,0.073999932,0.449173232,0.5187305120000001,0.9749255120000002,1.37417281,2.36585952,3.00062442,4.461320540000001,5.52076666,8.82175246,9.05027492,9.90916932,11.07990132,12.7069936,12.30851,14.782129,17.1722792,19.2424822,19.6917792,19.8552952,20.1743842,19.724367,18.909146,20.3529032,21.608437,22.6560932,24.2034302,25.6043846,26.855215,29.0387692,31.0383214,32.4767072,34.3229194,35.1364794,35.0108062,34.92755200000001,35.6787396,35.8291564,35.90218160000001,36.12107879999999,36.730712,37.4784792,38.5525444,40.1283844,42.3775896,44.599394,46.69661880000001,48.59368679999999,49.1843264,49.3225212,47.9023438,45.67307180000001,43.7905944,42.305863,40.501347,38.794266,37.5332872,36.2212594,35.0826556,33.0882354,32.4377046,31.02676720000001,27.9658588,25.8412588,25.2268742,24.6334702,25.2327034,26.957587,28.48594140000001,27.42049500000001,25.3711728,23.9987274,21.5743194,20.3525474,18.5792036,18.7935046,16.6960686,14.4304114,9.5320814,7.362070399999999,3.7231204,1.1040888,0.0,0.0,0.0,0.0,0.0,0.0,0.0,0.0,0.0,0.0,0.0,0.0,0.0,0.0
230524>230522,579,579,FRDu,Finchley Road,Metropolitan // NB,579,FRDu,Finchley Road,Jubilee // NB,Alight-Interchange-Board,1802.328526090001,5.532473370000002,92.72443352000002,521.7991825999999,446.7002982,464.2867596,271.2853787999999,0.0,0.0,0.00680479,0.094168898,0.6775542780000001,0.9965926180000002,1.403908538,2.353444248,3.66626614,4.00753028,4.39152386,5.40270264,5.94451602,6.220289220000002,7.497983900000001,9.08187178,10.39925548,11.3590344,12.1701134,12.5833464,13.3733618,13.67487,14.937398,16.3411078,17.1375222,17.2505906,17.3643382,17.4201484,17.0583376,17.898774,19.0653232,20.9754316,22.4444706,23.6986744,24.8796292,25.8344236,25.5929736,25.1673642,25.9892308,26.07405480000001,27.4177246,29.4575946,30.67554620000001,32.0702926,34.74609179999999,35.1293782,35.21242260000001,37.0625644,38.45719039999999,38.4669584,38.572971,38.295947,38.270523,38.254871,37.47460400000001,36.75677640000001,39.5620914,39.33911939999999,38.2065302,39.1574612,41.1393108,39.42986079999999,39.40778839999999,38.8819276,37.90324680000001,36.93882480000001,37.20340520000001,37.117193,37.2226986,35.8539552,32.3846134,32.070412,28.1093742,24.3746656,18.81051096,19.76013476,14.42049156,10.85041596,7.75934096,7.2964818,2.3722838,0.0,0.0,0.0,0.0,0.0,0.0,0.0,0.0,0.0,0.0,0.0,0.0,0.0,0.0,0.0
230524>230523,579,579,FRDu,Finchley Road,Metropolitan // NB,579,FRDu,Finchley Road,Jubilee // SB,Alight-Interchange-Board,81.86708501600002,0.4916608619999999,12.893237914,22.393498864,19.05323396,12.40322356,14.632229856,0.0,0.0,0.0,0.0,0.040995026,0.084008468,0.145771134,0.220886234,0.471752714,0.664767288,0.7718492379999999,0.994079692,1.309347652,1.477312132,1.438026246,1.407709582,1.350978362,1.157610254,0.925465254,0.9243395,0.9973425420000002,1.119516362,1.04724533,0.982220162,0.7886222020000001,0.595840432,0.2464047120000001,0.121660792,0.164600134,0.418195754,0.6541934739999999,0.8875705340000001,1.117682254,1.15987006,1.1314077,1.15153028,1.13517042,1.1015882,1.13079724,1.12740756,1.14741888,1.24543482,1.44342646,1.47835256,1.50734054,1.67973558,1.84043452,2.03045962,2.12651642,2.19467092,2.05279896,1.81498478,1.42937644,1.06239656,0.7435105,0.57100912,0.62871054,0.65515714,0.9373267,1.13894248,1.27352838,1.2051471,1.1801971,1.1231822,1.10622134,1.0532677,1.04950192,1.05204096,1.60752662,1.531443372,1.573360772,1.829018112,1.931621772,1.226875068,1.1355001392,1.0436887992,0.8116053992000001,0.5751167952,0.4992231792,0.482026436,0.316134796,0.069088596,0.0,0.0,0.0,0.0,0.0,0.0,0.0,0.0,0.0,0.0,0.0,0.0,0.0,0.0
230525>230501,579,579,FRDu,Finchley Road,Metropolitan // SB,579,FRDu,Finchley Road,EntEx,Alight-Exit,1603.226610588,64.740611188,317.4666405,690.1027418000002,299.0936928,145.8269375,85.99598679999998,0.30121802,1.66906976,3.21158656,5.936225493999999,8.344739514,12.13425224,14.6826237,18.4608959,21.5083267,23.8287196,23.7602602,24.0102888,23.9369512,24.1513898,26.1220516,28.9042852,30.6254954,31.30323660000001,30.043553,29.2720824,28.88883239999999,29.2528558,28.5049624,29.2756866,29.3495448,28.934462,28.6806436,29.668081,30.87655160000001,31.059683,31.7037668,31.7516274,32.1776592,31.32735580000001,30.106731,28.84084600000001,28.5854502,27.5335268,26.6958868,26.7696316,26.227531,24.9755672,24.2641962,24.6516626,25.26970740000001,26.27727640000001,26.4626416,27.21212,27.316635,26.786892,25.920265,25.3044118,23.5416264,22.5926668,21.7503746,20.6590758,19.5494522,18.0490637,15.9293645,13.7676965,12.5581347,11.5989497,10.84689386,10.01300586,9.11967066,8.19516116,7.931206560000001,8.268338100000001,8.281899099999999,8.809660899999999,9.0941032,9.449489999999999,9.780756199999999,9.54883768,9.00190042,7.71681948,6.16409068,3.93397028,2.5146846,1.12219946,0.5775748,0.0,0.0,0.0,0.0,0.0,0.0,0.0,0.0,0.0,0.0,0.0,0.0,0.0,0.0,0.0
230525>230522,579,579,FRDu,Finchley Road,Metropolitan // SB,579,FRDu,Finchley Road,Jubilee // NB,Alight-Interchange-Board,495.0578293000002,16.71113702,96.31590724,200.06174694,84.78786392,67.60990306000001,29.57127112,0.0,0.182843972,0.7479797319999999,1.819243612,2.693724812,3.305375652,3.95576108,4.00620816,4.25452016,4.570522060000001,5.043183560000001,6.432765960000001,7.961336720000001,8.715219840000001,9.43465394,10.0135322,10.0239282,10.2830638,9.8809362,9.7022446,9.901839,9.6153254,9.0251298,8.552626199999999,8.33387332,8.21194052,8.06454072,8.33987652,9.97046372,10.2906754,10.7165167,10.9576895,10.6958909,9.618277699999998,9.353580160000002,8.191012740000001,7.618735640000001,6.791863940000002,6.211759080000001,5.63007002,6.10508022,5.640982620000001,5.903779600000001,6.320217520000001,7.022036320000002,6.96475054,7.21624514,7.428831720000002,7.48310966,7.34073538,7.409153020000002,7.355558120000001,6.933462160000001,6.373507480000002,6.74379036,6.51668402,6.694380359999998,7.12442006,7.39937362,7.12613282,6.928606520000002,6.496726580000002,5.69322908,5.129619,3.91022886,3.5781185,3.744875100000001,3.78419256,3.513518700000001,4.04428256,3.95102566,3.611673420000001,3.30788532,3.28012772,2.54131464,2.10561186,1.399534048,0.984415788,0.4890456480000001,0.2737006080000001,0.06913514800000001,0.0,0.0,0.0,0.0,0.0,0.0,0.0,0.0,0.0,0.0,0.0,0.0,0.0,0.0,0.0
230525>230523,579,579,FRDu,Finchley Road,Metropolitan // SB,579,FRDu,Finchley Road,Jubilee // SB,Alight-Interchange-Board,11900.8055273,412.5798956,1926.8007104,5434.033856000002,2524.687605,976.8850826000001,625.8183777,0.99752352,7.29121172,19.40457972,38.82324892,61.49131032,77.4553314,95.035894,112.080796,122.6411268,128.5283528,140.1109828,153.658576,160.537976,170.278136,176.073076,183.873934,182.154736,175.638392,166.87136,166.434062,164.58337,163.920742,171.517082,184.0981880000001,198.328858,209.345156,221.983552,235.726954,247.517414,260.712642,277.2778060000001,288.2101520000001,291.976812,283.8407180000001,268.273478,249.178694,236.161594,222.434074,215.051738,208.83875,208.693938,205.230494,208.722708,212.408942,214.909936,216.554276,222.333118,230.239976,236.55691,234.746188,230.239074,220.900698,205.512074,186.367322,171.358248,154.969785,138.372403,118.624137,102.495835,93.031586,83.054305,72.918037,67.715328,64.24166500000001,57.8544534,54.05265540000001,57.26717740000001,67.25750040000001,73.02547340000001,84.6087,99.34907400000002,101.090406,85.3261026,72.59213460000002,51.80777234000002,29.49062874,13.64015206,7.45445146,3.35873146,3.13234172,0.94240932,0.0,0.0,0.0,0.0,0.0,0.0,0.0,0.0,0.0,0.0,0.0,0.0,0.0,0.0,0.0
230522>230472,579,579,FRDu,Finchley Road,Jubilee // NB,1445,FNYr,Finchley Road & Frognal,LO Mildmay // EB,Alight-Exit-Interchange-Enter-Board,0.0,0.0,0.0,0.0,0.0,0.0,0.0,0.0,0.0,0.0,0.0,0.0,0.0,0.0,0.0,0.0,0.0,0.0,0.0,0.0,0.0,0.0,0.0,0.0,0.0,0.0,0.0,0.0,0.0,0.0,0.0,0.0,0.0,0.0,0.0,0.0,0.0,0.0,0.0,0.0,0.0,0.0,0.0,0.0,0.0,0.0,0.0,0.0,0.0,0.0,0.0,0.0,0.0,0.0,0.0,0.0,0.0,0.0,0.0,0.0,0.0,0.0,0.0,0.0,0.0,0.0,0.0,0.0,0.0,0.0,0.0,0.0,0.0,0.0,0.0,0.0,0.0,0.0,0.0,0.0,0.0,0.0,0.0,0.0,0.0,0.0,0.0,0.0,0.0,0.0,0.0,0.0,0.0,0.0,0.0,0.0,0.0,0.0,0.0,0.0,0.0,0.0,0.0
230522>230473,579,579,FRDu,Finchley Road,Jubilee // NB,1445,FNYr,Finchley Road & Frognal,LO Mildmay // WB,Alight-Exit-Interchange-Enter-Board,9.030396106911214,0.3635309743994,1.1713345423292,3.0710099457938,2.7935728106,1.28181171293,0.3491361208588151,0.0,0.0,6.721598799999999e-07,6.721598799999999e-07,0.02185460415988,0.10671369615988,0.11748100095988,0.1174803288,0.1475384928000001,0.1832434808,0.1367345288,0.125967224,0.1588018280000001,0.1421990760000001,0.09379181,0.06352024960000001,0.06352024960000001,0.0306856456,0.0172418055646,0.0080901515646,0.0314468799646,0.04190696596459999,0.0419418115566,0.04738311499200001,0.05890638639200001,0.117417694392,0.1070342205,0.151885060908,0.1708890175080001,0.184282548108,0.117520146108,0.1263658234,0.0995782682,0.08405035359999999,0.1380452716,0.1148610576,0.1059387682,0.1509640654,0.195453718,0.137414084,0.1788553900000001,0.265502924,0.224733896,0.1786324794,0.166550718,0.154003372,0.09089679199999999,0.118834688,0.2150809626,0.268999758,0.2604161600000001,0.313725096,0.300128612,0.249351958,0.333308184,0.32227651,0.263575084,0.2327668,0.179994573146,0.046206589146,0.08708830914599999,0.068939845146,0.075851428146,0.090176924,0.077299562,0.0503434092,0.06118414999999999,0.048385039,0.034047568151,0.034047568151,0.0108454610386,0.0348305782386,0.05404105423860001,0.054038484451785,0.054038505460763,0.05403635737316301,0.01921049937316301,2.3373163e-08,2.1008978e-08,0.0,0.0,0.0,0.0,0.0,0.0,0.0,0.0,0.0,0.0,0.0,0.0,0.0,0.0,0.0,0.0,0.0
230523>230472,579,579,FRDu,Finchley Road,Jubilee // SB,1445,FNYr,Finchley Road & Frognal,LO Mildmay // EB,Alight-Exit-Interchange-Enter-Board,0.16967234070311,2.18874556e-06,0.05323602007933,0.02430455474322,0.092129577135,0.0,0.0,0.0,1.49024492e-07,3.03117312e-07,3.03117312e-07,4.714070620000001e-07,4.714070620000001e-07,3.223825700000001e-07,1.682897500000001e-07,1.682897500000001e-07,0.0036329708,0.00363324553048,0.00693531673048,0.01064384953048,0.01064446302948,0.007011992723600001,0.00701242247172,0.003711111249220001,3.19227648e-06,3.435701480000001e-06,3.85174616e-06,3.89870436e-06,0.00264384732686,0.0048610394996,0.0048601825756,0.0048592660368,0.004858514600000001,0.002217806,0.0,0.0,0.0,0.0,0.0,0.0,0.0,0.0,0.0,0.0,0.0,0.0,0.0,0.0,0.0,0.0,0.0,0.0,0.0118518844,0.011856722627,0.014930783427,0.018425915427,0.018425915427,0.006574031027,0.0065691928,0.003495132,0.0,0.0,0.0,0.0,0.0,0.0,0.0,0.0,0.0,0.0,0.0,0.0,0.0,0.0,0.0,0.0,0.0,0.0,0.0,0.0,0.0,0.0,0.0,0.0,0.0,0.0,0.0,0.0,0.0,0.0,0.0,0.0,0.0,0.0,0.0,0.0,0.0,0.0,0.0,0.0,0.0,0.0,0.0
230523>230473,579,579,FRDu,Finchley Road,Jubilee // SB,1445,FNYr,Finchley Road & Frognal,LO Mildmay // WB,Alight-Exit-Interchange-Enter-Board,4.420805965,0.16709025,0.8590800398,2.8734978856,0.2657483402,0.172149826,0.0832396234,0.0,0.0,0.0,0.0,0.006846046000000001,0.016967984,0.07163811,0.07163811,0.097321466,0.09501199960000001,0.0848900616,0.04441450460000002,0.05716289460000001,0.0662343786,0.075292145,0.08359557100000001,0.069401002,0.06818919799999999,0.0401549024,0.0774119164,0.2008858504,0.3345553224,0.3230187364,0.329767862,0.316584318,0.260580518,0.1317786284,0.1988038544,0.2031291964,0.1654613804,0.08968782039999999,0.084820238,0.017795012,0.0,0.0,0.0,0.0,0.009261944,0.017706372,0.028955806,0.028955806,0.038468442,0.046421618,0.0468591604,0.0444986524,0.0563378464,0.0468252104,0.0296100904,0.02072812,0.011839194,0.008365474599999999,0.008365474599999999,0.008365474599999999,0.008365474599999999,0.0154064014,0.007040926800000001,0.007040926800000001,0.007040926800000001,0.007040926800000001,0.006905156400000001,0.0141992744,0.0292315956,0.0292315956,0.0292315956,0.0223264392,0.0150323212,0.0,0.0048690676,0.0108721752,0.0176217382,0.0176217382,0.0176217382,0.0127526706,0.006749563,0.0,0.0,0.0,0.0,0.0,0.0,0.0,0.0,0.0,0.0,0.0,0.0,0.0,0.0,0.0,0.0,0.0,0.0,0.0,0.0,0.0,0.0
230524>230472,579,579,FRDu,Finchley Road,Metropolitan // NB,1445,FNYr,Finchley Road & Frognal,LO Mildmay // EB,Alight-Exit-Interchange-Enter-Board,7.751338194999999,0.009545592,0.2041851928,5.3635692132,1.6162515458,0.3685203289,0.1892663223,0.0,0.0,0.0,0.0,0.002386398,0.002386398,0.002386398,0.002386398,0.013095348,0.0123549666,0.0279414886,0.0354978546,0.0354978546,0.0247889046,0.023142888,0.007556366000000002,0.0,0.0037191242,0.0102951988,0.0102951988,0.0140211724,0.0140211724,0.0103020482,0.006685249599999999,0.0375854396,0.0442585752,0.0947249352,0.2173816272,0.2807810312,0.3149215552,0.320762464,0.272655737,0.233410249,0.233505369,0.294899481,0.318918357,0.413514178,0.37007305,0.374978664,0.324155238,0.359295984,0.293104502,0.295486274,0.22412686,0.157908704,0.09568921119999999,0.0747208706,0.0641096186,0.1434895186,0.1716930066,0.1773980214,0.210990238,0.205316708,0.1277713088,0.09987940199999999,0.087284938,0.07857430600000001,0.0539628788,0.0554004584,0.04569563320000002,0.0516496332,0.0169724172,0.0155167784,0.012244698,0.012244698,0.0025868671,0.0086698009,0.0150021597,0.0174795042,0.0195398872,0.0176283589,0.0344352291,0.0281028703,0.0256255258,0.0235651428,0.022889804,0.0,0.0,0.0,0.0,0.0,0.0,0.0,0.0,0.0,0.0,0.0,0.0,0.0,0.0,0.0,0.0,0.0,0.0,0.0,0.0
230524>230473,579,579,FRDu,Finchley Road,Metropolitan // NB,1445,FNYr,Finchley Road & Frognal,LO Mildmay // WB,Alight-Exit-Interchange-Enter-Board,11.25857800804748,0.000269026108,0.521619855042,4.9780589504,3.2283176176,1.7789088424,0.7514037164974828,0.0,0.0,0.0,0.0,3.7761084e-05,3.7761084e-05,9.675197e-05,9.675197e-05,0.00017123063,0.007233601546000001,0.013964099946,0.02891958506,0.04835432026000001,0.0482798416,0.0570134928,0.0569167552,0.06970525320000001,0.050270518,0.0628964,0.07789475679999999,0.126209096,0.149591302,0.173519732,0.16089385,0.246244442,0.273328902,0.26859794,0.250005829,0.279440217,0.1925392250000001,0.144741973,0.1108235178,0.1901119588000001,0.1956336448000001,0.2747132248,0.2733864968,0.292401902,0.235512376,0.236413788,0.1353786716,0.1749728656000001,0.1745198736,0.2235371536,0.195540969,0.2371907734,0.1811143474,0.2112933054,0.1942894474,0.263803212,0.244004854,0.310852226,0.320275862,0.334060246,0.319627434,0.334700364,0.277105546,0.2179094090000001,0.169530367,0.127031688,0.122781972,0.145906236,0.153279861,0.144608109,0.137667528,0.1062765826,0.0953984766,0.1736755866,0.1848430266,0.2083911886000001,0.2031199024,0.1651948424,0.07433851440000001,0.05001040299999999,0.0129592552199868,0.00962062477949652,0.01258597757949652,0.006286937579496521,0.00296536297949652,0.00296535475950972,0.0029653528,0.0,0.0,0.0,0.0,0.0,0.0,0.0,0.0,0.0,0.0,0.0,0.0,0.0,0.0,0.0,0.0
230525>230472,579,579,FRDu,Finchley Road,Metropolitan // SB,1445,FNYr,Finchley Road & Frognal,LO Mildmay // EB,Alight-Exit-Interchange-Enter-Board,160.5950482710001,3.060626861000001,46.88674642,66.25582754000001,27.744036152,12.914367938,3.733443360000001,0.0,0.0,0.006171620200000001,0.1185607002,0.2737771202000001,0.5205169402000001,0.8396822802000001,1.3019182,2.09113502,2.73771532,3.4449898,4.31353186,4.68044132,4.350116000000001,4.342107619999998,4.33661618,4.13237098,4.039864420000002,4.23894254,4.17891536,4.1491835,3.74505914,3.48996314,3.2101602,2.94564004,2.4704229,2.52681546,2.57818798,2.58758242,2.55311086,2.64237486,2.468350099999999,2.27402442,2.32473342,2.5554876,2.65299446,2.63287942,2.9079362,2.95206044,2.70613788,2.469464680000001,2.5732869,2.38863824,2.45133328,2.37496458,2.56835714,2.53625546,2.58591234,2.36135084,2.55130292,2.44276968,2.43094574,2.17932096,2.12381816,1.9579373,1.631101032,1.347968012,1.385578312,1.219400352,1.127312272,1.169007628,1.155473968,1.100554608,1.041395408,0.9851192080000002,0.945809552,0.7902777340000001,0.6464708840000001,0.505848382,0.5236939020000001,0.4598712620000001,0.6261126000000001,0.5540270100000001,0.5425724920000001,0.305787672,0.2155300400000001,0.0,0.0,0.0,0.0,0.0,0.0,0.0,0.0,0.0,0.0,0.0,0.0,0.0,0.0,0.0,0.0,0.0,0.0,0.0,0.0
230525>230473,579,579,FRDu,Finchley Road,Metropolitan // SB,1445,FNYr,Finchley Road & Frognal,LO Mildmay // WB,Alight-Exit-Interchange-Enter-Board,97.75578621500001,1.892011954,18.566353956,51.70218174999999,15.17072852,9.447760573799998,0.9767494612,0.0,0.023384874,0.105521254,0.170463874,0.239356054,0.2935393820000001,0.4953314080000001,0.5644151079999999,0.6584650879999999,1.042690048,1.258621,1.52676838,1.7614725,1.99488984,1.8147376,1.90220446,1.71837106,1.64440472,1.62429384,1.61943542,1.56962296,1.6790948,1.76316064,1.76730844,1.79867534,2.55705294,2.69092788,2.98937544,3.07775864,3.20738796,3.06904088,3.07162686,2.81415354,2.61600668,2.60998418,1.89842866,1.59032994,1.54208694,1.52428872,1.4196366,1.49317718,1.69129926,1.67183334,1.58992393,1.52290259,1.49938913,1.225653062,1.057823482,1.081553232,1.131827892,1.163294052,1.182883512,1.375664472,1.388416292,1.310919112,1.230401692,1.229350314,1.024554854,1.039081754,0.879599494,0.8278375340000002,0.7984490399999999,0.8089495259999999,0.725365556,0.766679028,0.6027341766,0.4652866246,0.2798726726,0.1517777778,0.1147734018,0.1193952824,0.1366220964,0.1478687544,0.1415635792,0.07255252320000001,0.06641791400000001,0.025778132,0.0,0.0,0.0,0.0,0.0,0.0,0.0,0.0,0.0,0.0,0.0,0.0,0.0,0.0,0.0,0.0,0.0,0.0,0.0
230472>230522,579,1445,FNYr,Finchley Road & Frognal,LO Mildmay // EB,579,FRDu,Finchley Road,Jubilee // NB,Alight-Exit-Interchange-Enter-Board,18.98464602109999,0.5201705658,1.5571188854,10.994638348,3.207852802800001,2.293106451000001,0.4117589681000001,0.0,0.0,0.0,0.0,0.11809362,0.1182653006,0.1330439406,0.1507677046,0.1507677046,0.042784638,0.04261295740000001,0.0636738454,0.0663524314,0.0832179414,0.089943736,0.1093828552,0.1993560672,0.2184292112,0.2427682052,0.2478292924,0.4193818932,0.3008750808,0.7295317068000001,0.7135874128,0.9395947576,0.8987336915999999,0.95309002,0.5576948300000001,0.57939154,0.3768869360000001,0.352381802,0.376478316,0.303741386,0.3848582779999999,0.490202322,0.481953714,0.396194944,0.458171504,0.3524272879999999,0.266530348,0.1561850808,0.1859986948,0.1444646928,0.1762821088,0.2422356608000001,0.285817186,0.33224212,0.311799562,0.278078132,0.210078584,0.167310912,0.134848372,0.174712986,0.284241064,0.3695666080000001,0.4169216160000001,0.5332234280000001,0.5132460920000002,0.3832924320000001,0.253463632,0.223023974,0.071694386,0.051807108,0.07026706,0.06571909000000001,0.048288571,0.039540339,0.039540339,0.097107113,0.083357055,0.076026726,0.076026726,0.07666965042,0.0006429244200000001,0.0006429244200000001,0.0006429244200000001,0.0006429244200000001,0.0,0.0,0.0,0.0,0.0,0.0,0.0,0.0,0.0,0.0,0.0,0.0,0.0,0.0,0.0,0.0,0.0,0.0,0.0
230472>230523,579,1445,FNYr,Finchley Road & Frognal,LO Mildmay // EB,579,FRDu,Finchley Road,Jubilee // SB,Alight-Exit-Interchange-Enter-Board,5.499674604112601,0.154128954622,0.7687663592880002,2.2710853087,1.2355516842,0.8240227094,0.2461195879026001,0.0,0.0,0.0,0.0,0.01453599,0.045806322,0.04689251412000001,0.046894128502,0.047354136702,0.03281814670200001,0.004884871302,0.017595641982,0.0175940276,0.024120794,0.06293378,0.0963238334,0.1110359706,0.1211063986,0.130702006,0.1022967524,0.07938500640000001,0.0573880588,0.1311724108000001,0.1366109788000001,0.1352938152000001,0.1245398468,0.1258732780000001,0.07927693599999999,0.06189082980000001,0.07180497400000001,0.1027006744,0.1217306828,0.1112432948,0.1081101448,0.09212647,0.06893980520000001,0.06174495020000001,0.0619221922,0.07600700839999999,0.08674585619999998,0.098277659,0.08116374070000001,0.0799297647,0.1172069307,0.1472937267,0.1603190347000001,0.190112102,0.170597293,0.1259865737999999,0.1049628978,0.0724705996,0.0580308128,0.0518313058,0.049103605,0.0336492224,0.07119451060000001,0.06069869000000001,0.06069869000000001,0.070489831,0.1057655796,0.08667080060000001,0.09836381600000002,0.1024171316,0.08710073460000001,0.04445636260000001,0.03635572760000001,0.02905057220000001,0.04195477360000002,0.04195508402052001,0.04195508402052001,0.02876996602052001,0.02061896862052,0.02329657362052,0.0232962632,0.0232962632,0.0232962632,0.019635122,0.0,0.0,0.0,0.0,0.0,0.0,0.0,0.0,0.0,0.0,0.0,0.0,0.0,0.0,0.0,0.0,0.0,0.0,0.0
230472>230524,579,1445,FNYr,Finchley Road & Frognal,LO Mildmay // EB,579,FRDu,Finchley Road,Metropolitan // NB,Alight-Exit-Interchange-Enter-Board,89.05462191499998,0.905030291,7.349313398000001,26.37257359600001,29.910407,16.79056406,7.726733569999999,0.0,0.0,0.0,0.024748987,0.05776400900000001,0.212331229,0.241142649,0.369043417,0.5180207379999999,0.580109196,0.4903359860000001,0.6603279560000002,0.64764448,0.629075252,0.5828293660000001,0.669850126,0.573641056,0.7121482240000001,0.59801117,0.687319848,0.6209625940000001,0.613306778,0.4834234780000001,0.6603250520000001,0.69431832,0.824661724,0.8775214000000001,0.92760464,0.901029734,0.8922481740000001,0.905946354,0.994040354,1.111179194,1.22358044,1.34664474,1.41711878,1.48396354,1.30482892,1.23782958,1.4881853,1.47823186,1.47697532,1.65019858,1.75844874,1.6035033,1.8053228,2.75041252,2.78361164,2.99171222,3.21067992,3.23792222,2.46066902,2.39231408,2.49140274,2.20426308,1.97859346,1.79593516,1.88441688,1.64852784,1.63852592,1.65706434,1.555423628,1.314218476,1.066221968,1.020465088,0.977418308,1.05692072,1.175425732,1.206029154,1.02033215,1.17992243,0.999937942,1.054866642,0.8559607680000001,0.7837359719999999,0.355242172,0.27070634,0.0,0.0,0.0,0.0,0.0,0.0,0.0,0.0,0.0,0.0,0.0,0.0,0.0,0.0,0.0,0.0,0.0,0.0,0.0
230472>230525,579,1445,FNYr,Finchley Road & Frognal,LO Mildmay // EB,579,FRDu,Finchley Road,Metropolitan // SB,Alight-Exit-Interchange-Enter-Board,33.72290234266102,0.57227458940102,2.928132964,20.464642224,6.297341931,2.79381360786,0.6666970264,0.0,0.0,7.228020400000001e-08,0.06255741228020399,0.08526476228020402,0.106790690280204,0.151500622280204,0.16616103,0.14847938,0.164099354,0.15881944,0.138212102,0.162646148,0.224122898,0.214878474,0.282293312,0.2698611420000001,0.409322376,0.3460020420000001,0.4093962960000001,0.4156546960000001,0.579665932,0.530684864,0.6622288500000001,0.7389892160000001,0.912945004,0.894321204,1.038901752,1.07140872,1.18104904,1.034258468,1.095939548,1.028767588,1.101765188,0.8950893340000001,1.083415346,0.940931072,0.941990792,0.711763934,0.912548008,0.7008464,0.7647634339999999,0.584296774,0.6424170599999999,0.463675516,0.5165700639999999,0.5317010240000001,0.5124452614,0.4426288894000001,0.4628051334000001,0.4072960334,0.4941766734,0.6124938280000001,0.6604244960000001,0.610828526,0.5822964860000001,0.4028364860000001,0.3688474340000001,0.289291106,0.279340696,0.29723323,0.234695953932,0.196778779932,0.241198711932,0.186734381612,0.109811461412,0.10992795752,0.07711740952,0.03063922692000001,0.05866208924000001,0.06980297744,0.1360473174,0.1141263594,0.109652554,0.08121964200000001,0.06654686,0.0,0.0,0.0,0.0,0.0,0.0,0.0,0.0,0.0,0.0,0.0,0.0,0.0,0.0,0.0,0.0,0.0,0.0,0.0,0.0
230473>230522,579,1445,FNYr,Finchley Road & Frognal,LO Mildmay // WB,579,FRDu,Finchley Road,Jubilee // NB,Alight-Exit-Interchange-Enter-Board,0.178472151,0.0,0.0,0.0400576958,0.1384144552,0.0,0.0,0.0,0.0,0.0,0.0,0.0,0.0,0.0,0.0,0.0,0.0,0.0,0.0,0.0,0.0,0.0,0.0,0.0,0.0,0.0,0.0,0.0,0.0,0.0,0.0,0.003367535,0.003367535,0.003367535,0.003367535,0.003367535,0.0,0.0,0.0,0.0,0.0,0.0,0.0,0.0,0.0,0.0,0.0,0.005805005200000001,0.005805005200000001,0.005805005200000001,0.005805005200000001,0.005805005200000001,0.012435802,0.012435802,0.012435802,0.012435802,0.02652189,0.014086088,0.014086088,0.014086088,0.014086088,0.0,0.0,0.0,0.0,0.0,0.0,0.0,0.0,0.0,0.0,0.0,0.0,0.0,0.0,0.0,0.0,0.0,0.0,0.0,0.0,0.0,0.0,0.0,0.0,0.0,0.0,0.0,0.0,0.0,0.0,0.0,0.0,0.0,0.0,0.0,0.0,0.0,0.0,0.0,0.0,0.0,0.0
230473>230524,579,1445,FNYr,Finchley Road & Frognal,LO Mildmay // WB,579,FRDu,Finchley Road,Metropolitan // NB,Alight-Exit-Interchange-Enter-Board,185.41620063,7.304125222,15.629767888,59.11823992000001,42.15352778,29.21579312,31.9947467,0.0,0.0,0.0,1.1106514,1.21404128,1.334457874,1.736589274,1.908385394,0.902236954,0.930128534,0.8994904600000001,0.84919434,1.00967842,1.21675728,1.29820514,1.69352116,1.61742276,1.63444644,1.70014876,1.87853764,1.82049122,1.77804256,1.89800908,2.13719398,2.24433174,2.39490518,2.70596336,3.1842154,2.7876437,2.60704726,2.52588794,2.50290924,2.13499924,2.5603103,2.61247106,2.73294526,2.380970932,2.511792892,2.159268452,2.502574692,2.416979452,2.82648708,2.66015998,3.032639920000001,2.6589862,2.8387732,2.70060826,2.96335044,2.87133666,3.41019782,3.30145442,4.22532484,4.22690856,4.80561592,4.1595169,3.991454560000001,3.009747200000001,2.7320098,2.12331592,2.2839229,2.42934296,2.39078666,2.27702216,2.00219886,2.42738168,2.348621440000001,2.55006404,2.6413795,2.98220072,2.89651622,3.425974660000001,3.5989597,3.902334900000001,4.11196344,3.55668754,2.92894034,2.21016988,1.39854792,0.57975786,0.40269352,0.0,0.0,0.0,0.0,0.0,0.0,0.0,0.0,0.0,0.0,0.0,0.0,0.0,0.0,0.0,0.0
230473>230525,579,1445,FNYr,Finchley Road & Frognal,LO Mildmay // WB,579,FRDu,Finchley Road,Metropolitan // SB,Alight-Exit-Interchange-Enter-Board,15.430440743,0.3759008892,2.2020179418,7.753128608000003,3.439131818,1.2859124358,0.3743490502000001,0.0,0.0,0.0,0.03231845999999999,0.07652861400000001,0.08144605719999999,0.08294490599999997,0.102662852,0.08910068600000001,0.058445994,0.0648329114,0.1324804686,0.1480385386,0.2010413046000001,0.2102134246,0.269547864,0.244272024,0.258240826,0.233545388,0.292258512,0.263625862,0.289238956,0.29150275,0.4045893679999999,0.398349488,0.420034942,0.408396892,0.48061857,0.348024072,0.312102436,0.27670963,0.2658327300000001,0.1656342972000001,0.1380785552,0.1278967372000001,0.1858229832,0.2744493452,0.34024018,0.366621012,0.41978221,0.4135525600000001,0.3450057520000001,0.38341444,0.4336048400000001,0.4009102979999999,0.320914904,0.275678226,0.177935522,0.210170722,0.2302585,0.267386526,0.276496116,0.359878228,0.330304542,0.28436644,0.304831794,0.3159990520000001,0.2054734716,0.1316550666,0.1268216446,0.0917504518,0.0586543128,0.07433192799999999,0.0777161416,0.0668866696,0.051544376,0.042552081,0.0425272402,0.05353044160000001,0.0504548954,0.053876471,0.0649508694,0.05558930500000001,0.035787549,0.03081228520000001,0.020210816,0.0091364176,0.0,0.0,0.0,0.0,0.0,0.0,0.0,0.0,0.0,0.0,0.0,0.0,0.0,0.0,0.0,0.0,0.0,0.0,0.0
20501>20522,590,590,GPKu,Green Park,EntEx,590,GPKu,Green Park,Jubilee // NB,Enter-Board,4559.059021880002,39.7175246,104.35794618,1256.4188334,1290.7947596,773.244863,1094.5250951,1.35529128,2.69549142,4.29930602,5.16736956,5.98570842,6.420793060000001,6.88929912,6.90426572,6.982999120000001,6.5718231,7.321534240000001,6.82773312,6.96364612,6.966499280000002,8.37752424,8.85142364,9.62962416,10.37103996,11.8099648,13.6841344,16.0375592,18.7893228,20.7607444,24.8318282,27.6638758,30.8052944,36.8959644,43.4412876,47.731202,52.5141412,60.63107320000001,60.4079828,60.29403860000001,59.5971132,60.04023520000001,55.7423792,56.74358100000001,58.54748720000001,60.63979380000001,63.73629700000001,74.05266780000002,81.32762120000002,88.9268284,96.2605148,103.5997608,103.53823,106.132826,109.073964,114.39748,113.3737,115.27379,113.480008,109.997632,104.520536,101.064914,96.34191880000002,89.6292708,82.5415438,74.3166246,68.4821566,60.477199,58.2375696,58.2735132,58.1375672,55.818234,54.9872908,55.17086100000001,57.1730324,59.70487360000001,59.99765079999999,67.30032080000001,68.88668559999999,66.7433682,65.4643446,70.42703259999999,61.9195118,60.43949300000001,55.58945799999999,51.7607188,45.01259879999999,42.5491516,38.8958928,36.8488484,33.0296888,28.45725920000001,26.7590998,22.4985052,21.776158,19.3713438,21.4527176,19.2233084,17.663037,13.1639328,11.3417483,5.3628101,2.8855367
20501>20523,590,590,GPKu,Green Park,EntEx,590,GPKu,Green Park,Jubilee // SB,Enter-Board,9736.121643779998,79.77545238,211.7128992,2857.3383688,2830.722499999999,1606.2030756,2150.3693478,4.564010400000001,6.834335300000001,9.5552953,10.35683678,10.6863237,11.4322701,13.0508056,13.2955752,13.4970044,13.937733,13.639087,12.6308566,12.6255012,14.4035458,16.211743,17.8313122,20.3140462,22.1680218,25.1626328,29.29141520000001,35.68937460000001,42.83382160000001,50.17562580000001,58.03800340000001,63.46977640000001,70.47078200000001,78.72349700000002,91.030232,101.038206,114.226698,128.763997,134.281499,135.146516,137.028934,136.519578,131.792926,134.104022,138.860558,142.969368,153.154492,169.092872,189.679572,203.660932,216.5870860000001,227.748802,234.49693,230.774726,237.265378,245.659654,247.37189,249.203744,248.965478,242.031192,234.158196,224.45342,208.59309,192.79347,178.114922,157.067702,140.667354,128.510608,121.257068,116.6729512,113.1856832,111.3813412,110.2523824,115.8430664,120.4565272,131.5759272,132.4902992,139.54395,138.621112,139.971388,134.992594,139.849512,131.9050088,121.9951508,109.2354148,99.1969348,85.84892680000002,78.46723600000001,75.98976480000002,67.05255480000001,58.80172880000001,53.66295280000001,48.1457132,40.5452136,37.9819158,36.0632394,36.2900974,31.4141076,27.2493074,22.1273486,17.6350226,8.7834246,4.933502
20501>20530,590,590,GPKu,Green Park,EntEx,590,GPKu,Green Park,Piccadilly // EB,Enter-Board,2829.736096160002,17.06664734,61.81312194,1018.7703918,802.0730308,410.0097444,520.0031598799999,1.49386368,1.94333044,2.32857912,2.2261136,2.22871508,2.1436958,2.33741928,2.36493034,2.05949902,2.48569816,2.9977469,3.19181386,3.6553144,3.97467478,4.338355620000002,4.79056996,6.41691396,7.35472208,9.23046702,11.31734618,14.4695659,15.7503277,18.7015455,21.6056573,24.6772756,27.3629788,32.2247858,38.5113916,44.451954,47.77226940000001,52.1522868,53.1105974,50.3061014,48.08459880000001,49.59504180000001,47.653713,49.1806584,50.9715964,51.78170300000001,50.5705646,52.93245900000001,55.71559499999999,59.568439,61.61928560000001,64.1257068,64.11270400000001,64.653338,65.67456200000001,69.568686,71.40145960000002,75.1593668,72.7575088,69.33314,65.80657679999999,62.27986,57.200122,52.16106300000001,47.37909439999999,42.120867,37.54724280000001,32.0307888,31.23335160000001,31.36594820000001,28.77670440000001,27.6220062,27.4398002,26.853826,25.4790518,25.467877,25.053351,25.7647586,25.8705646,27.1035046,28.4115492,29.1795392,31.8011972,30.6123326,28.07853160000001,26.95869900000001,25.7114144,22.1087814,21.6081634,20.9735562,18.0809748,16.843388,14.0497334,11.8655346,10.2519858,9.6794068,9.607427099999999,9.130656020000002,8.273201080000002,6.887650320000001,5.77114796,3.09683346,1.76140054
20501>20531,590,590,GPKu,Green Park,EntEx,590,GPKu,Green Park,Piccadilly // WB,Enter-Board,3994.723882804,21.77652602,76.87282802000001,1334.0433992,1230.9752168,679.5084103999998,651.5475023640001,1.2706148,1.4894713,2.3496842,2.64431914,2.83227018,3.02101444,4.16254842,4.00660354,3.98416368,3.895759380000001,4.017512880000001,3.38981588,3.9427953,4.44336828,5.47613688,6.624161780000001,8.411638100000001,8.93149966,11.0912582,12.664718,16.274501,19.4173366,23.3668862,26.6602916,31.188426,34.1246574,38.7476192,43.6629366,47.6183352,50.98644800000001,55.60399080000001,57.0500976,58.3950656,60.2088996,62.4777358,63.72864300000001,66.124753,68.71685500000001,72.90666019999998,75.81261719999998,81.8161072,88.2363692,93.90237020000001,97.015797,99.844514,101.4907912,102.5404212,104.8786932,106.7124412,108.4742302,107.008587,106.068702,102.212031,99.98675300000001,97.375153,94.3828998,85.9344012,79.26700459999999,69.83042579999999,62.78867500000001,54.9272162,52.7665858,50.6747704,50.0460686,46.1886974,44.206478,42.6175592,40.2605282,39.9266956,42.52772299999999,46.0054904,47.19478640000001,48.91100800000001,47.82843280000001,47.82498880000001,44.11048080000001,45.23549000000001,39.2787574,34.69785060000001,29.13638820000001,24.4042984,16.2899788,15.5064872,13.8615768,10.5904092,9.811917,8.1032764,7.155965999999998,6.355262820000001,7.059946020000001,5.69021894,5.25510814,3.705004086000001,3.069240226,1.265423626,0.745296706
20501>20532,590,590,GPKu,Green Park,EntEx,590,GPKu,Green Park,Victoria // NB,Enter-Board,8401.726092400002,68.09411238000001,226.51158,2522.2723364,2660.20248,1469.024158,1455.62142562,2.93865262,4.634071820000001,7.449012620000001,8.21335986,9.31148206,10.1649414,12.4962418,12.8863502,13.802635,13.9771212,15.0370676,14.2596248,14.3229942,15.2610136,18.1483516,19.8014694,21.0589176,23.9935916,27.2471084,29.601685,34.628019,39.52390000000001,43.2645814,48.895548,53.44504400000001,59.52994600000001,68.97953199999999,78.691106,84.614506,95.9754308,108.6220308,113.6815508,114.8949408,117.1631088,116.923368,112.7631308,113.6972588,121.9184368,129.7041728,140.4286228,158.397084,177.605034,188.000218,200.925766,210.478934,211.694606,214.612008,226.191636,231.913096,235.656254,240.85499,235.550434,225.252134,221.762862,210.75389,195.481636,179.963694,163.9267872,142.5515952,128.7893952,116.0033012,110.3637972,107.2445452,104.6979704,103.7324304,102.4791784,103.3221284,105.9493352,108.27091,107.142622,112.911138,116.4213408,114.2475408,110.2725328,105.9533108,95.2010516,78.7559092,66.2826828,55.6358704,46.0904984,39.308683,39.3735756,35.932512,31.6384094,29.9694042,26.345248,21.4852592,18.7238952,18.4836334,18.2082166,16.2510956,14.3314114,11.64217928,9.11138378,4.73465178,2.89645958
20501>20533,590,590,GPKu,Green Park,EntEx,590,GPKu,Green Park,Victoria // SB,Enter-Board,6650.902176679999,25.83719796,125.69633734,1854.643116,2079.406262,1245.2650994,1320.05416398,2.24653318,2.87698196,3.21413654,2.8562321,2.744242620000001,2.78303492,4.04856994,5.067466700000002,5.569673420000001,6.132219440000001,7.225686240000001,7.51748034,8.0467698,8.8177298,10.3418026,11.1425947,12.2080328,13.950678,16.2149134,18.5287568,22.5078218,25.9492744,29.5787728,33.5865854,38.2883736,44.0672246,52.02156,58.1914676,65.8902208,71.85651120000001,77.9601632,79.30866520000002,83.51006120000002,84.61276820000002,86.94317099999999,85.98498300000001,90.57773500000002,93.18268900000002,97.308836,104.608636,118.857534,128.237928,137.342016,144.270118,152.79634,154.14199,162.4388640000001,169.671524,184.051254,189.527546,193.641714,187.379008,184.96506,174.910908,167.059672,158.822382,149.4523,133.78149,121.20154,107.527468,96.093976,90.493946,90.674933,89.279535,88.40767,89.62663,91.91593320000001,96.8096782,101.4255482,104.1122772,108.6629812,110.692942,108.248103,101.790831,98.650043,87.57342500000001,74.1655902,59.8945568,49.36922860000001,39.1386086,30.9748702,30.174271,27.0957598,24.4553858,21.0024808,19.9759646,15.333698,14.0945752,13.2721524,14.1982414,16.71923300000001,15.18933626,13.1001775,11.15425674,7.59685674,1.99276974
20522>20501,590,590,GPKu,Green Park,Jubilee // NB,590,GPKu,Green Park,EntEx,Alight-Exit,11461.09281082,367.0200400400001,1528.0448456,5754.177824,2280.354692,978.2283258000001,553.26708338,5.326567840000001,15.56710884,23.14580284,37.84661192,55.4518652,69.2195738,73.74514280000002,86.71736680000002,91.95230580000002,96.1510668,97.7252168,103.4555896,108.1899026,112.2018666,115.9168146,128.7417458,152.404159,165.231258,172.134914,183.940006,194.285792,194.727562,193.194052,208.100056,223.238322,234.65572,240.138752,256.219692,259.793796,257.163994,257.38336,258.006192,260.543386,263.781908,261.316486,252.786902,251.290946,247.833964,240.540086,240.332442,241.814,241.595714,239.300774,236.133926,229.837552,222.459712,210.798616,198.036274,191.949854,187.902662,184.040278,181.7368,178.67119,173.35137,164.330038,157.240346,142.928924,127.236454,111.866314,98.2096912,83.51290920000002,74.17560320000003,66.7147528,60.85411380000001,56.71540660000001,52.66977660000001,51.2062936,52.13808680000001,51.7191406,51.53447360000001,52.28880840000001,49.67023140000001,45.27779140000001,39.83229620000001,36.60407120000001,30.990859,29.19755120000001,24.8202152,23.9236252,18.31506534,16.20413834,11.24901824,11.28485144,7.751498939999999,8.160838600000002,6.0896307,6.7608062,4.67276436,5.14088426,3.49807326,3.958292260000001,3.09176214,3.42720286,3.10867378,2.79751898,1.89700028
20522>20530,590,590,GPKu,Green Park,Jubilee // NB,590,GPKu,Green Park,Piccadilly // EB,Alight-Interchange-Board,3501.86572351,42.36847212,191.7700159,1620.2326602,829.0280949999999,491.9120172,326.5544630899999,1.18707754,2.04098084,2.39064312,3.71001144,5.77140252,7.628720179999998,8.79370248,10.845934,10.934033,10.2949205,9.7251405,9.9057869,10.8328631,11.9509201,14.0827534,16.7065856,21.4757646,22.7756852,25.6069764,27.4785866,30.632766,30.8566416,29.7053454,38.04056900000001,50.86262240000001,62.95228100000001,71.5133284,84.96075200000001,89.370226,88.7102,84.63006999999999,85.5595948,83.72446780000001,81.47243060000002,78.30980459999999,77.36682459999999,73.6943658,71.5191968,69.00489200000001,67.408661,65.005149,66.372063,68.7640442,69.7963642,71.85722319999998,75.31671,77.49295500000001,74.31036379999998,70.5451538,66.87707979999999,63.68241100000001,59.89677800000001,64.44579200000001,70.21069320000001,67.4162112,66.976724,67.18453720000001,61.41231920000001,52.060848,49.8173226,48.3468578,41.6251186,33.7076504,32.4123964,32.273691,25.618429,22.1129371,25.3399099,25.4669031,23.8901909,23.67175790000001,31.196507,33.43651180000001,32.13994659999999,28.22824374,27.45562974,19.92318994,12.43182034,9.70140014,9.5523022,7.965691680000001,5.664698680000001,5.803740960000002,3.931004900000001,4.272112580000001,3.04468654,2.90715442,1.95023566,2.2874955,1.46986014,1.97761646,1.864478128,2.217722008,1.749693278,1.505266758,0.848601998
20522>20531,590,590,GPKu,Green Park,Jubilee // NB,590,GPKu,Green Park,Piccadilly // WB,Alight-Interchange-Board,8009.4119409,302.1216232,693.3902458000001,3799.754555600001,1873.559326,687.3673908,653.2187995,8.900672400000003,21.0351488,26.6357294,38.3373256,49.1483348,53.5605326,50.6329174,53.87096220000001,52.48897760000001,47.331647,45.2895814,46.91016620000001,47.70627980000001,49.73012840000001,53.94037460000001,63.92550960000001,70.21669560000001,72.70443660000002,72.22040660000002,70.92604240000001,69.60686740000001,68.0647842,71.21735220000002,82.87002820000002,110.6720108,132.8090488,154.742186,178.45393,192.402856,193.378324,194.889622,195.687224,192.156332,188.56042,184.39476,181.700116,177.596426,178.099224,175.473984,175.12553,175.31109,176.676748,175.83918,174.026512,168.695636,164.009744,159.57143,155.56559,153.687742,153.917824,149.556718,151.068616,150.873264,157.699794,156.586608,152.3263600000001,131.117922,109.9835546,82.917012,61.44746600000001,47.41597660000001,42.13722379999999,39.9066192,38.37431940000001,36.0716198,32.8943592,32.7060478,32.39527039999999,31.1154822,40.4338966,50.90801060000001,55.16439680000001,60.85470520000001,62.60838860000001,54.70447979999999,41.24825939999999,36.3581082,25.28411060000001,21.436415,17.06045,18.196294,14.5978105,16.8577723,14.4849185,15.5271219,11.60982842,11.2690514,7.926271080000001,8.003302080000001,5.87080988,6.51993602,5.8523537,6.69288942,5.32733732,4.39185112,2.91454886
20522>20532,590,590,GPKu,Green Park,Jubilee // NB,590,GPKu,Green Park,Victoria // NB,Alight-Interchange-Board,6008.818431399999,119.66161144,503.5168246,2212.1870816,1448.9828592,861.0264388,863.4436157600004,5.230982640000001,8.24699304,10.38671824,14.26975832,17.9458856,19.5055812,20.8287362,23.2469562,23.1216952,23.0823716,24.13738080000001,28.755661,32.85051120000001,40.03976460000001,47.520791,51.7262506,56.9320618,60.7853196,56.078003,58.4870142,65.09549679999999,62.04053700000001,59.73250479999999,68.112346,69.085025,69.42323900000001,77.761368,85.29602700000002,85.702189,90.723742,96.089448,94.697328,98.141572,98.985822,100.624126,96.46507,102.291246,101.890618,107.857784,105.938517,115.117921,116.055973,123.188619,121.870563,129.982904,125.503134,129.128322,124.975516,127.734606,120.74115,124.036986,116.066196,116.50445,112.955632,113.552772,107.8011912,102.9452682,93.4794322,87.8056432,79.4344712,70.96743319999999,69.18218420000001,64.52448820000001,60.40006520000001,60.4054502,58.60277300000001,55.40918740000001,57.87004260000001,56.4937934,55.03839780000001,65.9724578,71.8834594,74.37129220000001,78.25138340000002,72.12132059999999,59.3600932,48.717741,38.158643,30.3690148,27.4229592,24.7834378,20.7093647,20.7084967,16.1341079,16.7610325,12.3307906,12.7147919,9.17261484,9.71152324,6.97910976,7.60086226,6.16147832,7.04591558,5.893355300000001,5.067565180000001,3.50861338
20522>20533,590,590,GPKu,Green Park,Jubilee // NB,590,GPKu,Green Park,Victoria // SB,Alight-Interchange-Board,2899.232407300001,93.26804496,192.8538609,1030.8198542,819.407774,349.02962,413.85325324,4.20492074,5.212768820000001,7.809315220000001,10.77392742,13.75929828,14.86813688,17.3663302,19.2733474,20.015319,20.8575404,18.7582384,17.4539412,15.3939574,13.2802039,11.0825977,13.4708917,15.6275863,15.6198365,15.4576264,15.836122,14.8512546,13.115723,12.8469316,15.7011996,21.6944462,30.1015578,35.88752120000001,42.29199260000001,47.49113000000001,49.99290600000001,50.136222,54.12548339999999,57.153843,59.665397,58.516967,57.6349336,54.6873784,52.6353924,48.0656304,46.8307376,47.91232,51.14844980000001,52.6627762,55.6696608,58.7994996,60.4951152,59.97155559999999,62.78774960000001,65.952977,69.722665,71.47330699999999,74.75341800000002,75.340684,76.795435,74.190513,69.12485500000001,59.0811636,50.1840254,38.1363624,29.6321088,25.1826474,23.1232636,22.2365906,22.75068060000001,20.6554512,19.4626766,19.7217526,18.8628972,18.8632934,25.5560144,35.2220084,36.3900066,41.68024120000001,43.57447220000001,36.4774104,26.960583,26.1642436,18.9083374,14.8928556,13.18638628,10.60573788,7.32196442,7.14005382,5.43542686,6.26692378,5.13572486,5.29766662,4.05305916,4.230294580000002,3.01156288,3.400913660000001,2.94875642,3.56818616,3.08214264,2.64752454,1.83146248
20523>20501,590,590,GPKu,Green Park,Jubilee // SB,590,GPKu,Green Park,EntEx,Alight-Exit,5405.835242585998,172.648507596,827.1228948000002,2850.712639,975.1353088000002,392.1170694,188.09882299,2.488000652,4.391686652000002,7.532738452,16.91803704,24.2513248,30.8911554,39.4845482,46.6910164,50.852708,54.28905400000001,56.2390368,56.436126,59.179092,57.5175752,60.0903952,67.9421992,79.82235820000001,87.8551482,95.543931,101.355271,106.9541442,108.6776092,111.7720692,117.5427332,125.8802292,129.184982,132.44999,135.014724,133.414172,134.366254,134.065994,130.448938,130.148848,130.143481,122.953783,116.9915478,116.4378138,110.1571538,107.1586308,104.5815848,104.4663,102.70521,104.278606,100.917841,98.923705,95.12385100000002,90.49910300000002,85.58002100000002,85.26551400000002,80.10587600000002,78.348736,76.320266,75.200602,72.47884599999999,71.37534600000002,65.9134428,59.9887064,52.17809440000001,44.650935,39.9218404,36.14791700000001,31.440431,27.1537886,24.0877818,21.12953540000001,18.9399168,17.91376780000001,18.5643548,18.8791004,19.4718118,19.7017068,18.9936776,16.7772866,14.2531174,11.66042772,9.40572392,8.60731672,7.16063728,6.23689132,5.57496476,4.459415460000002,3.31275718,2.861405854,2.763922274,2.146119746,2.209296986,1.751762846,1.936644612,1.447629852,1.54541142,1.15815918,1.30178878,1.18597208,1.3430855,1.0631923,0.8895966000000001
20523>20530,590,590,GPKu,Green Park,Jubilee // SB,590,GPKu,Green Park,Piccadilly // EB,Alight-Interchange-Board,1501.184211136799,38.0932075508,177.9881908,728.504054,297.9483003999999,166.12102188,92.52943650600001,0.6728776836000001,1.343400943600001,2.5717492036,3.97645028,5.48011346,7.08900532,8.29518906,8.664421599999999,9.965146,10.300224,10.8466732,12.4865392,14.3769452,15.2154924,16.494587,17.5795554,17.6717692,18.1019216,17.4286048,17.5207328,17.875142,18.6293488,18.8384244,23.42209200000001,29.1154812,34.10636760000001,39.396762,44.9286112,45.8737372,44.90627880000001,43.2287152,40.99358960000001,37.6407088,34.53968339999999,31.5680856,29.190504,27.184095,25.5693748,24.292773,23.2468418,23.602637,22.918616,23.4572422,23.9789424,24.2340496,23.466277,23.36762580000001,23.0462914,23.69240000000001,24.7221656,25.1095576,24.8697784,26.6879646,27.4497506,25.9105276,25.3919122,25.3640824,22.6381122,19.1315452,17.4345534,15.4886054,13.8226472,11.0700913,10.3745221,9.57260106,8.1644708,6.37445306,6.68533776,6.07193976,5.33967246,6.44509792,6.963606460000001,6.594523460000001,6.901910460000003,7.204059280000001,6.801144080000001,6.725707880000001,5.971130860000001,4.99106158,4.19920256,2.6716228,2.10723684,1.94834914,1.7790724,1.694213894,1.713663534,0.9988545600000002,0.95880216,0.7604856799999999,0.719508686,0.561867752,0.666241246,0.5173482300000001,0.49666923,0.38457507,0.341868524
20523>20531,590,590,GPKu,Green Park,Jubilee // SB,590,GPKu,Green Park,Piccadilly // WB,Alight-Interchange-Board,4534.086801518002,127.56192567,549.9045228,2155.6125462,935.8490884,504.6921418000001,260.466576648,3.901548490000001,4.949202490000001,6.949363490000001,13.59766080000001,18.308556,20.3584226,26.47953,33.0176418,32.6849278,34.8111636,38.080207,39.12207160000001,39.6957968,43.3621922,43.136424,50.6816606,54.4833346,57.3143214,56.0329936,60.4994296,56.6252052,57.3796752,62.54585640000001,73.02870279999999,79.6412796,87.41125200000002,92.4441112,95.42511999999999,97.04654,100.754424,101.6214,102.4311458,103.006005,100.481507,95.383562,94.027006,96.458985,93.904403,93.5590378,92.9741468,95.0702228,93.9831778,95.2708688,95.138912,94.219478,89.79727600000002,84.97262300000001,78.0617626,74.89819059999999,70.15446659999999,68.43904659999998,69.00085859999999,72.9919192,74.9952224,78.62088640000002,79.69735840000001,72.17214320000001,65.21361879999999,55.91750960000001,48.01510960000001,39.9318336,37.5788658,34.5118622,33.50246060000001,30.56006320000001,29.7181904,29.003153,28.5673318,26.343889,27.3781778,27.83102580000001,26.8546662,23.3608786,22.05313180000001,18.1150706,12.60957952,10.83306692,9.047089580000002,7.29685028,6.103339419999998,5.6576389,4.34493076,4.14421602,3.84827506,3.51477526,3.67986618,2.831460706,2.794138386,2.057364526,1.860831386,1.469330046,1.77276782,1.41350756,1.342660166,1.134059766,0.773988586
20523>20532,590,590,GPKu,Green Park,Jubilee // SB,590,GPKu,Green Park,Victoria // NB,Alight-Interchange-Board,1643.25763742,44.47379896000001,193.7392276,549.2703114000001,334.6853818000001,256.47299,264.6159276600001,2.94070062,3.34796938,4.148256720000001,4.826777600000002,5.317477200000001,5.9404455,8.00123174,9.950940200000002,11.291222,11.2371497,12.3594486,13.8629184,13.9314154,15.7053088,18.2688183,19.2652246,19.5440828,20.3886966,18.7671704,19.117772,19.9221196,19.3108966,20.3131904,22.4132208,20.94712000000001,22.1069176,22.9068804,21.9312016,23.8402978,25.1693632,23.9636298,24.747328,25.8528872,23.342164,22.794803,22.1312934,21.2338386,20.7036098,20.5790344,21.5127618,22.7767508,24.8946822,26.33683820000001,29.5394822,28.3126138,29.7083858,27.8091942,28.8798362,27.0626978,29.5062748,27.36035840000001,28.7422092,26.63151120000001,26.64714240000001,25.5185068,28.5066512,25.9450568,26.32362400000001,25.7460406,22.9643758,20.8736158,21.4370474,18.86352460000001,18.5562558,20.2403618,17.7346358,17.351761,20.4366906,18.4239578,18.3265564,18.7714682,19.1329996,16.0466564,15.4235706,13.4977358,13.5629718,11.9477056,10.3512414,11.5477368,10.7396366,8.80974992,9.07313432,9.26030062,8.19858442,7.53954494,7.41341474,5.484299600000001,5.4646529,3.71948826,3.86348754,2.930319908,2.739376448000001,3.156103248,3.652554628,2.861137228,2.67754194
20523>20533,590,590,GPKu,Green Park,Jubilee // SB,590,GPKu,Green Park,Victoria // SB,Alight-Interchange-Board,5939.020667024,182.44902978,826.3352344,2037.683436,1296.8050818,900.6854834,695.0624016440004,5.44669486,7.42277906,10.76832466,17.9569726,25.3204262,30.4193592,38.717142,46.3973312,52.3304012,55.0881718,56.9038282,62.2254452,66.2519724,65.2808484,70.24931000000001,75.510591,81.948233,82.16386899999999,80.069755,78.3128092,78.89028720000002,71.46478520000001,70.75956920000002,74.97604820000002,74.38113100000002,76.71664100000002,77.04526700000002,77.272193,81.25202200000003,88.561192,89.06680200000002,94.359914,98.59033000000001,98.739342,94.114025,93.655577,90.061927,87.839617,84.246741,83.172034,84.66561920000001,87.07918240000001,88.2964864,92.4767032,93.86915,95.61181479999999,97.5829076,106.7476296,110.6314096,114.1838098,114.084811,118.162567,112.955203,113.0183082,110.3469692,109.610502,99.70573280000002,95.2605468,88.58991600000002,81.6792154,76.5871954,74.44374760000002,69.066959,64.71167779999999,66.2179454,61.2860834,59.8870416,63.24942220000001,66.4107202,67.734298,77.95108400000002,83.99793480000002,78.1353708,69.073976,57.74166020000001,43.44187879999999,28.98786200000001,21.96308680000001,16.88071606,14.5828916,9.305974,8.245517400000002,6.2273487,6.48963344,5.927120700000001,5.866378180000001,3.888218380000001,4.11036122,2.576598808,2.774390688,2.295859608,2.591214008,1.907151934,2.578310026,1.891222346,1.485622946
20530>20501,590,590,GPKu,Green Park,Piccadilly // EB,590,GPKu,Green Park,EntEx,Alight-Exit,4443.15049188,41.3429784,439.57900806,2362.596861,1024.1292064,432.8682201000001,142.63421792,1.0242662,1.601185,2.61394592,3.77472834,5.13350152,6.71063278,8.40498498,12.07973366,15.57627606,17.75466160000001,20.4624142,23.8059212,26.1733508,29.3283804,35.36088220000001,39.4373482,49.3242362,54.680214,60.4128876,67.26243559999999,73.07977100000002,76.3672042,78.07253920000002,83.9113652,89.22428120000002,97.1565512,99.906462,106.712398,107.005096,105.154264,104.838736,104.944799,106.897231,107.424638,106.77541,104.16556,101.640765,99.669517,100.363942,100.227487,99.797625,102.419721,103.967535,102.873963,104.19933,103.006122,98.519624,91.31554799999999,87.77199399999999,82.64370799999999,80.54963280000003,78.62443280000002,78.4827728,76.4636056,72.59405759999999,69.95837879999999,64.5517488,57.66593080000001,50.76541400000001,46.447867,38.9667174,34.64323940000001,31.0699498,28.6186912,24.6085658,21.3619469,17.9757125,16.1924365,14.1437435,14.0100409,15.44813340000001,15.84983660000001,15.1141294,13.313627,11.3494568,8.6468998,6.802590000000001,4.93307316,4.083494960000001,3.30791272,2.49475996,1.86829314,1.792025792,1.267574018,1.082128318,0.6899468500000001,0.7626631700000001,0.617386518,0.872926932,0.641025284,0.8027177520000001,0.677462606,0.7711231740000001,0.52976461,0.487457398,0.274024158
20530>20522,590,590,GPKu,Green Park,Piccadilly // EB,590,GPKu,Green Park,Jubilee // NB,Alight-Interchange-Board,4176.775844518,42.91370618000001,220.3899574,1531.495759799999,1255.7938616,692.8977669999999,433.2847925379999,1.72886048,2.160704,2.74442072,3.07705968,5.13859454,6.845703240000002,9.615755920000002,11.6026076,13.3001616,12.956105,13.1379158,14.1331914,15.456552,16.2089778,18.428008,20.2884754,21.5108868,22.776569,25.10495340000001,27.0881612,28.5495522,30.7636582,32.602531,34.84533500000001,39.6497424,44.30649760000001,49.4364078,54.01899460000001,59.5447678,63.2872378,67.1315142,69.4693328,73.688001,76.22399999999999,76.96704799999999,76.89633400000002,75.8618608,75.6863118,76.63925479999999,78.0758228,80.72316479999999,85.18663679999997,89.17170580000001,92.7700478,96.01506580000002,100.1405958,102.403482,104.116667,106.650539,109.076129,109.710475,111.82982,111.5268828,107.3697808,100.8404468,96.1139776,85.3961012,74.05671140000001,65.29351379999999,64.05446979999999,55.4309882,51.29567400000001,51.2898696,56.0044192,49.68613720000001,48.11803200000001,46.4308106,45.84104,37.741912,38.29996679999999,43.2494568,42.7304724,44.22839500000001,42.51656420000001,36.54276610000001,29.4655209,26.596671,17.04739866,13.98560366,11.76938662,8.454940619999999,5.947269840000001,5.93505598,4.3782603,4.15868004,2.94904804,3.082557379999999,2.27809138,2.21656798,1.684099586,1.659388866,1.451133066,1.638797706,1.287453902,1.137720896,0.8516128159999999
20530>20523,590,590,GPKu,Green Park,Piccadilly // EB,590,GPKu,Green Park,Jubilee // SB,Alight-Interchange-Board,5329.24530198,62.4693159,313.3249284,1898.8255912,1443.4245952,975.1017398,636.0991314800002,4.833774200000001,5.578045100000002,6.71177818,6.36845158,7.481120779999999,7.67433138,9.76930468,14.05251,14.295602,15.8345834,17.9376436,19.6025078,20.3207604,22.8341182,26.8438006,29.880937,33.4570272,33.915207,37.49978160000001,40.9029596,42.032886,45.80760340000001,48.78758060000001,51.75596960000001,55.55402460000001,61.47260540000001,64.85341020000001,71.64344720000001,76.04607680000002,80.6105718,85.140839,90.365305,92.26437880000002,94.65427679999999,93.3607388,93.1344436,89.01148079999999,88.559882,87.170986,88.75187199999999,91.459784,97.59373920000002,101.2360892,107.5576004,110.6028144,114.2638684,115.1775032,110.0470822,103.104687,111.477757,114.588435,122.238985,134.051188,144.20752,134.006844,129.657911,113.951419,102.100367,91.602213,88.56900300000001,77.74083139999998,73.91389260000003,71.78969659999998,77.4604494,72.5426214,71.06061700000002,68.9597382,65.41089120000001,52.38608720000001,49.05559840000001,49.18571620000001,46.02214420000001,42.5499602,44.53867480000001,40.34462120000001,38.83074780000001,37.75915100000001,34.06228100000001,28.1162746,24.90333680000001,19.7267168,16.2289554,15.3717102,11.787457,12.668029,9.167052000000002,9.7392996,7.80738316,8.51472216,6.99150806,7.143525920000001,5.45265348,6.17389524,5.050949240000001,3.87391954,2.64676128
20530>20532,590,590,GPKu,Green Park,Piccadilly // EB,590,GPKu,Green Park,Victoria // NB,Alight-Interchange-Board,1531.641466780098,21.26533115569838,81.82245900000001,437.72342048,496.6097976000001,338.2292902000001,155.9911683444001,0.004713310099675999,0.05656779009967601,0.957731470099676,1.597710492699676,2.569058592699676,4.504319140000002,5.76010926,5.815121100000002,5.839972700000001,5.265839160000001,4.84149716,4.71112364,6.76229172,7.41305396,8.51493808,7.72465788,8.01196428,6.318190980000002,7.989483660000001,8.429445780000002,9.63587718,9.67324902,11.37041292,11.56810572,13.79321032,14.12622612,14.9542224,15.2813232,15.9766672,15.8362514,18.0561642,18.6247518,19.36479760000001,20.2151466,20.0961234,19.3621002,20.187643,20.649022,20.6026364,21.9674114,23.726647,25.9679244,27.4307032,29.2568038,30.9268898,32.393041,33.623528,36.2871648,39.8276776,43.4776554,48.50286240000001,51.40259400000001,50.83242660000001,47.45824900000001,42.46011379999999,39.4175952,34.89865020000001,31.6128022,29.78228,30.97732400000001,28.935138,25.9194656,25.082099,28.6844924,27.8629144,24.1861868,24.4374742,25.8504634,19.8306154,15.9869662,17.5690828,16.162721,14.7827042,12.3496462,12.5905944,9.107677,10.1318452,7.788742200000002,7.815479884000001,5.458564870000001,4.129503179599999,1.7597061996,0.1129602936,0.08622260960000001,0.0809426236,0.075668314,0.015416894,0.0,0.012956572,0.020672168,0.020672168,0.020672168,0.020672168,0.0252982748,0.0175826788,0.0175826788
20530>20533,590,590,GPKu,Green Park,Piccadilly // EB,590,GPKu,Green Park,Victoria // SB,Alight-Interchange-Board,1270.291581560001,17.99082014,92.71900435999999,347.1364943,348.575434,281.3568438,182.51298496,1.64449684,1.81285332,2.133393620000001,2.13298196,1.68887772,1.99147318,2.6661985,3.920545,4.34321816,5.382350600000001,7.027800000000001,7.639880720000002,8.360481320000002,8.58123452,8.82400232,8.29764272,8.830411000000002,8.015656400000001,8.517117800000001,8.8992088,9.081951199999999,8.657833799999999,8.777621799999999,8.9631474,9.5813556,9.975605,11.036942,11.9694314,12.7445486,12.9133573,14.1065231,14.5376575,15.03926070000001,14.9164459,15.6908364,15.4019674,16.1805882,16.9107598,17.9687036,18.00518660000001,19.5439716,20.576096,21.8315576,22.7251458,24.6038668,25.0074904,25.7485484,26.2489794,27.3034666,28.3014296,29.7389814,31.173409,32.5234926,32.8175542,32.4725438,32.6356718,31.600501,28.6209474,26.5171854,26.2441312,23.9231922,20.698475,19.8133832,22.7975018,21.4996098,20.08719420000001,19.7612664,19.7934562,15.800304,13.5645922,13.3925758,13.4833748,13.143421,11.77059074,10.19203806,8.98114894,8.36085414,6.525292340000001,6.238025320000001,6.5432914,6.68896112,5.41472752,5.31881322,4.450472100000002,4.1529871,2.79426414,2.93485658,2.58497888,2.93918128,2.773926400000001,2.95432084,2.561897800000001,2.724794000000001,2.58809992,2.0722108,1.56298452
20531>20501,590,590,GPKu,Green Park,Piccadilly // WB,590,GPKu,Green Park,EntEx,Alight-Exit,3120.129902059999,45.66924192,362.7078332,1601.634887,598.5170096000002,290.6391327,220.96179764,1.1476209,1.88402828,3.058441380000001,4.118381680000001,5.901395000000001,7.868257979999999,9.563346600000001,12.1277701,14.862905,17.79811340000001,18.7890286,21.416391,22.1918336,26.468869,27.278862,32.9614292,36.5477658,44.93863260000001,45.95358000000001,53.50042300000001,56.57626680000001,60.46941640000001,61.19596740000001,65.7961626,66.26257460000001,68.6413936,70.0767002,69.112866,68.122979,66.52718100000001,65.572553,65.3535478,67.172033,66.716902,67.4308,68.5793852,69.4963712,69.5983372,70.80307920000001,70.65777320000001,68.5281536,68.02853759999999,66.5820736,64.33383280000001,61.7878728,59.5486188,55.6263038,52.5918958,50.96298460000001,49.51604260000001,47.31554660000001,46.4709924,45.0477652,43.65781260000001,43.2758194,42.715355,39.1090768,35.8691842,33.3176388,29.2495212,25.1908384,22.4140176,19.8969373,16.7552217,15.7459985,16.3320287,17.5570789,19.20159060000001,21.6889438,22.968856,21.33837620000001,20.2616972,18.17582,15.4386996,12.5959316,12.3081102,10.2923532,9.30668928,7.48456028,7.045481280000002,5.40577342,5.356243220000001,4.283416259999999,4.55509658,3.2785475,3.2823896,2.409838160000001,2.54436924,1.99437608,2.11134932,1.71453486,1.62261034,1.20372827,1.12776735,0.67266199,0.49357681
20531>20522,590,590,GPKu,Green Park,Piccadilly // WB,590,GPKu,Green Park,Jubilee // NB,Alight-Interchange-Board,1882.025717120001,21.36852058,50.88403108,325.2604381,408.811736,446.1209646000001,629.5800267599999,1.08078342,2.12879196,3.0623631,3.2649674,3.111365820000001,3.23361076,2.71193378,2.77470434,3.23984978,3.72932114,3.61092726,3.9514075,3.8154142,4.164623539999999,4.06206142,4.75211452,4.72535752,5.07114412,4.67655998,5.0852501,4.792407659999999,5.06358186,5.036517999999999,5.578941800000001,6.0173874,7.141532340000001,7.75837434,8.374779,8.8102862,9.5512264,10.0577781,11.5210663,12.9877613,14.2126149,15.3295229,17.3075344,18.4989766,19.4699578,20.7543852,22.1787238,22.4761564,23.0433528,23.8966106,25.400962,27.2214792,29.3462126,30.6551454,33.87658760000001,35.658945,36.27146560000001,37.03913160000001,37.612505,34.87764,34.70432400000001,35.2393742,36.3089258,34.2095702,36.64466200000001,39.0605386,38.8446902,36.14150120000001,38.6692588,39.122256,34.3736234,33.155862,36.29221939999999,40.0080964,39.59868640000001,43.6772896,46.5084032,41.38830480000001,38.9480286,38.20738780000001,40.0924402,39.9320244,42.40368280000001,40.859269,40.29474180000001,30.6890076,26.48405540000001,21.18063860000001,18.81376920000001,13.1376846,15.0650812,11.34583752,13.64552872,10.12974022,11.97035622,9.09648468,9.42932976,6.54214896,6.701004660000002,4.01337652,4.1852397,2.683517300000001,2.1556537
20531>20523,590,590,GPKu,Green Park,Piccadilly // WB,590,GPKu,Green Park,Jubilee // SB,Alight-Interchange-Board,3066.3738804,34.56401364000001,111.54862162,825.0608926,839.7984288,540.2458608,715.15606294,1.72510472,2.3177732,3.35266766,4.517180020000001,4.730291620000001,5.550045920000001,6.23630438,6.134646120000001,5.878597360000001,6.19841816,5.97798226,6.615176920000001,7.09143452,8.606400599999999,9.1819716,10.9221082,11.271113,12.7064152,12.8072932,14.2917106,14.7890698,17.0418912,18.5000616,19.016149,19.88612040000001,21.3047256,20.75125540000001,21.5299258,24.6765126,27.723912,29.991938,33.925341,36.7314774,39.8205486,40.8959406,43.07135100000001,43.1906412,44.163988,44.9398414,47.5063514,49.2034094,52.6916566,55.7301686,57.978616,59.0120628,62.28212560000001,65.61548959999999,71.4964176,79.74913480000002,83.283086,82.91899400000001,81.416822,75.2561488,65.4307814,58.89434840000001,54.44301779999999,52.173937,50.68969780000001,49.19994260000001,49.00007,46.4237158,45.9768726,46.6656246,39.92725280000001,36.237068,38.4485148,43.7806588,41.722506,50.57389240000001,52.6340128,47.8476172,44.468768,40.0768092,34.6808456,36.0790328,33.4898594,24.2289656,26.6430456,24.6062104,23.8640802,26.2072362,30.5881388,26.294031,26.9392154,21.8640397,23.1295347,18.0594571,21.0268721,17.57704282000001,17.27591952,13.0258156,12.359788,7.264980060000001,6.837436940000001,4.25719294,3.25622286
20531>20532,590,590,GPKu,Green Park,Piccadilly // WB,590,GPKu,Green Park,Victoria // NB,Alight-Interchange-Board,61.77199875000001,0.917198608,0.0,0.0,0.0,0.0,60.854800142,0.247296276,0.247296276,0.247296276,0.17530978,0.0,0.0,0.0,0.0,0.0,0.0,0.0,0.0,0.0,0.0,0.0,0.0,0.0,0.0,0.0,0.0,0.0,0.0,0.0,0.0,0.0,0.0,0.0,0.0,0.0,0.0,0.0,0.0,0.0,0.0,0.0,0.0,0.0,0.0,0.0,0.0,0.0,0.0,0.0,0.0,0.0,0.0,0.0,0.0,0.0,0.0,0.0,0.0,0.0,0.0,0.0,0.0,0.0,0.0,0.0,0.0,0.0,0.0,0.0,0.0,0.0,0.0,0.0,0.0,0.0,0.0,0.0,0.0,0.0,0.0,0.0,0.0,0.0,1.654967,2.4272693,4.308306099999999,4.83283398,6.043426380000001,4.631881780000001,4.383751600000001,3.342388700000001,4.59879482,3.85349034,4.53390666,4.20659406,3.8986788,2.23922054,2.1757314,1.29774608,1.203601874,0.671843234,0.550367494
20531>20533,590,590,GPKu,Green Park,Piccadilly // WB,590,GPKu,Green Park,Victoria // SB,Alight-Interchange-Board,1773.139562732,7.989692812000001,22.25552829,400.06364734,521.5651666,435.8679006000001,385.3976270900001,0.258106588,0.4102766480000001,0.5304265080000001,0.642773214,0.906137474,1.39555142,1.85388208,1.99253888,2.11029208,1.9738569,1.597771614,1.477378374,1.437902234,1.456025634,1.493686334,1.86265998,1.86511766,1.97909806,2.273649460000001,2.72808996,3.02154932,3.91174268,4.811048080000001,5.82037022,6.256035020000001,7.10874194,8.02482282,8.26382602,8.76341968,10.42688812,12.19387812,14.36364272,17.1313472,19.8448226,21.4247662,22.8629582,22.4253532,24.1842138,25.39866000000001,27.1822572,27.6962164,30.9571562,32.5825746,35.407357,37.42202899999999,41.18142479999999,41.33638080000001,42.14561320000001,43.29352400000001,45.15372079999999,44.15044320000001,46.127111,45.73323660000001,45.9955146,43.7214468,45.3047218,42.9245956,44.01164540000001,41.0092094,38.93976180000001,33.1291626,32.70197020000001,31.6588934,28.7910592,30.3883554,33.66985140000001,39.5484594,39.0949368,45.1209168,51.93001280000001,52.18920800000001,42.33104440000001,38.316773,32.8664844,21.9581894,17.9146982,17.4144085,14.97600762,10.49291734,8.474804340000002,5.43344274,4.182341340000002,3.129893306,3.158613386,1.9529521,1.8722855,1.401468,1.905617574,1.468824888,1.503491966,1.212506526,0.880845726,0.8607973060000002,0.8833688920000001,0.8040011000000001,0.7617119400000001
20532>20501,590,590,GPKu,Green Park,Victoria // NB,590,GPKu,Green Park,EntEx,Alight-Exit,8116.710496320004,137.9507087,1014.7565964,4216.960934,1732.72183,745.1065132,269.2139140200001,1.60853438,5.03228438,7.894740580000001,11.51386448,18.44333628,26.2025986,30.31048160000001,36.9448684,46.5994688,51.53949120000001,53.6714996,60.37391360000001,66.1722026,72.70822340000002,79.1041958,90.5618178,108.1524128,122.6951868,125.908184,137.27,148.151256,146.783568,152.094584,163.730098,167.93922,178.067538,186.48173,185.385564,192.774184,199.130598,193.441422,195.69158,197.753662,198.41729,188.51588,186.66891,176.591978,178.549662,165.259522,168.358616,162.033924,167.603776,158.164106,159.372266,150.2140452,152.8943892,140.8128272,144.2543712,144.4721852,150.846218,143.622512,150.167114,144.437356,143.17702,133.806402,134.01739,119.367008,108.509898,92.25868800000002,80.98102460000001,67.19927259999999,58.56437260000001,49.937232,42.7907862,38.0695064,31.6520024,28.2237864,27.55293600000001,28.0329588,27.559018,26.7690548,26.0161488,23.5104902,19.7327784,15.970208,13.68402524,11.22977296,8.56965836,6.01076628,5.647280780000001,4.69169898,4.91678778,4.377036540000002,5.2619011,4.22592226,4.69720182,3.667368,5.017999639999998,3.9445933,3.98885084,3.18397048,3.25396198,1.55333154,1.65397006,1.09533326,0.95182582
20532>20522,590,590,GPKu,Green Park,Victoria // NB,590,GPKu,Green Park,Jubilee // NB,Alight-Interchange-Board,5626.547269240001,109.40853304,583.4726268000001,2045.737177800001,1203.8435928,862.2073260000001,821.8780128000001,3.0544881,4.898940000000001,8.394396400000002,11.70761506,13.91309918,17.76146750000001,22.7863744,26.8921524,32.162119,35.839821,37.30925939999999,38.525356,40.9498216,44.7714082,49.0105432,53.8331038,60.8107064,62.0974944,62.26587920000001,65.89711460000001,68.6179588,68.65534880000001,74.23598359999998,76.9335256,72.53927200000003,79.29489040000001,82.4707104,75.2855776,82.4191266,90.7350622,86.43430700000002,92.192745,99.182289,101.279994,97.297151,102.101409,91.141491,91.86369499999999,79.42542460000001,84.20697059999999,77.12766359999999,89.3887996,87.02338359999999,95.8843988,92.04471579999999,100.5122818,89.5896338,101.7825718,98.14448500000002,106.236931,98.729722,109.853796,99.779648,105.8152812,96.5423252,104.8122012,93.12444520000001,96.5560112,87.726112,82.61929,76.72385799999999,75.0969248,61.04424040000001,59.57778040000001,61.65755180000001,51.9770338,52.969599,63.1344794,60.38809880000001,62.0362624,67.34906840000001,65.532579,63.8739722,59.425072,52.49412299999999,47.317736,43.79076079999999,32.8879952,28.09044426,27.14114966,20.64834978,17.58240738000001,14.70448852,17.94879306,13.43941926,16.14887694,12.73224394,16.1992176,12.51876108,14.56074868,11.64792708,13.44859308,9.321457880000002,9.4871448,6.222799600000001,4.9395224
20532>20523,590,590,GPKu,Green Park,Victoria // NB,590,GPKu,Green Park,Jubilee // SB,Alight-Interchange-Board,1873.548176700001,56.69142330000001,163.0876647600001,614.9236598,327.2698324,215.6836792,495.89191724,5.474041860000002,6.59048626,7.339664260000001,8.257344340000001,6.77907494,6.791465280000001,7.27622708,8.18311928,8.49878488,10.16295428,12.2271006,13.7987082,14.3439676,14.8014094,14.9572314,13.3661064,13.0500084,15.1772388,15.7484372,16.9557176,20.39659,20.8789344,21.4756922,25.2620438,24.8412578,25.02981220000001,27.9927124,27.7695938,28.061666,29.0198792,27.3965676,28.7837888,28.9956608,27.7829614,26.20040700000001,28.1255334,24.0789474,25.0629122,22.56575440000001,24.63208980000001,22.1901448,25.7084672,24.5849638,28.0872794,26.26314180000001,28.9529386,26.4734034,27.538528,25.15176300000001,27.6113076,25.4888914,27.9236234,26.2004442,27.7403096,27.7573706,30.1681108,27.5464384,27.1726094,25.793355,23.23229,19.6304722,17.4301582,15.2954668,12.8216566,11.280611,10.5423358,11.3434306,13.5948552,13.8857892,16.219798,19.030816,20.6993054,19.7850236,22.4430662,20.5706314,20.2482038,23.4407962,25.8568446,22.6098364,25.8733178,23.4316752,21.9634182,18.4640994,20.1845356,15.719317,18.7946182,13.88781906,18.25822246,15.8367338,17.3777068,13.3637662,15.55529294,9.937787599999998,9.99940366,6.796749460000001,5.657343060000001
20532>20530,590,590,GPKu,Green Park,Victoria // NB,590,GPKu,Green Park,Piccadilly // EB,Alight-Interchange-Board,2163.6664819364,13.8137301784,141.19253318,1166.4616164,558.8017798,219.60879042,63.788031958,0.2907317288,0.4685955088,0.9667383088,1.346831186,1.827575326,2.4325765,3.14894624,3.33173538,4.225789400000001,5.069523740000001,6.015345140000001,6.750237220000002,8.84891128,10.8020802,11.499053,12.7228784,16.15994400000001,17.202081,18.7916542,23.1050356,27.7383804,30.5450102,34.7817098,39.2358728,44.89347220000001,53.13690620000001,58.4162012,67.0174386,75.59227740000001,77.822694,71.715778,69.796974,61.6153274,56.1707224,50.1998776,50.49844020000001,45.92207180000001,45.69617240000001,38.96068340000001,37.18834620000001,32.5470036,33.54653660000001,30.82055500000001,32.603165,31.485381,36.11930020000001,34.64954420000001,44.7034158,47.80263780000001,57.98039180000001,54.69078980000001,60.71571520000001,52.7064324,52.44535040000001,42.6302756,42.8725456,33.8114926,32.78827639999999,26.4006048,23.5468226,20.0990886,19.8320362,15.1949444,12.7141842,11.257632,9.11261154,7.27537834,7.575718739999999,7.12205662,7.07609508,6.703559660000002,6.93525606,5.16001936,4.344653780000002,3.02514722,2.48271848,1.87294484,1.9874027,1.87196294,2.1949907,1.892055336,1.664010096,1.218036096,1.514976076,0.9978123,1.059907016,0.6368359579999999,0.7790724380000001,0.482820704,0.5211486000000001,0.460240058,0.5837413260000001,0.35190458,0.3634628280000001,0.262990248,0.222210858
20532>20531,590,590,GPKu,Green Park,Victoria // NB,590,GPKu,Green Park,Piccadilly // WB,Alight-Interchange-Board,1432.16027776,103.5762976,269.3915692,620.828181,203.0030453,92.82197646000002,142.5392082,6.233312000000002,9.689913400000002,13.4986986,14.01333232000001,15.34078492,16.29511792000001,14.90823072,13.59690772,16.7003616,14.1210752,15.9695052,18.567047,20.7080608,21.6495704,24.2686512,25.4576378,27.741939,28.8705056,27.8985344,27.438681,27.4396378,24.783501,24.97039860000001,25.7640628,26.792999,27.3766704,28.204245,30.6695798,32.8946778,32.945,31.64922260000001,32.8283024,29.1716648,26.5086972,24.4477236,24.517661,22.6325192,23.1924984,21.73670580000001,22.0612518,21.17341,21.0142452,18.6152728,19.438234,18.0207626,18.227409,16.7426171,17.82687050000001,16.5762389,17.79283970000001,17.1245169,18.2076998,16.7207124,16.8833646,14.6384518,14.241562,12.376809,11.27187026,9.922618260000002,9.472083060000003,8.261004260000002,7.406146200000002,6.965854740000001,6.36540774,5.930438940000001,5.11952546,4.84902852,4.88119002,4.57880522,4.57311814,5.47802522,6.11534592,6.920194220000001,6.81540906,6.472937,5.11890168,5.564183180000001,6.13217178,5.7549931,6.51881594,6.698375200000001,6.586069000000001,4.93265648,6.703731920000001,5.473887127999999,6.047411588000001,4.617712448000001,5.082312308000001,3.079814328,3.84791282,3.12169218,4.19393132,3.36677556,3.68959814,2.72904314,2.32538418
20533>20501,590,590,GPKu,Green Park,Victoria // SB,590,GPKu,Green Park,EntEx,Alight-Exit,10123.2020876,343.17517236,1616.8391772,5420.593534000001,1647.025802,725.2596390000001,370.30876304,4.965210820000001,10.43998162,20.71439882,31.3794955,48.44653080000001,63.1225792,75.69341440000002,88.4135612,98.74663520000001,99.944261,102.000214,106.97393,111.851796,114.8404092,126.9463662,141.9666472,157.6026772,171.5243072,187.044052,197.397882,210.505678,219.263888,223.025228,231.442334,244.244162,246.341818,249.007796,252.950092,255.363794,257.371386,255.538654,258.106068,248.624492,244.872834,226.190122,224.610314,211.130028,216.200488,200.879224,202.144376,188.626624,192.258008,180.037846,181.85828,167.939684,164.987928,149.13286,145.616322,137.092174,140.8507,129.7586692,130.7812492,124.5604692,125.1189892,116.4382952,114.748462,103.75818,97.02195100000002,83.26629700000002,74.5663376,68.12415999999999,58.58051700000001,49.32400999999999,44.6824308,39.6050862,35.65607780000001,35.65269420000001,35.0218974,35.9509814,36.79848820000001,34.615493,32.4310806,29.850407,24.4980758,20.7006944,17.9541352,15.6805778,12.6856424,11.4516772,9.94564606,10.33769286,8.24380678,9.66468818,8.28851512,8.90637766,6.497105260000001,7.241970340000001,5.16295646,5.59216772,3.682976,3.95903526,2.52159064,2.81480876,2.03150412,1.76126104,1.03940778
20533>20522,590,590,GPKu,Green Park,Victoria // SB,590,GPKu,Green Park,Jubilee // NB,Alight-Interchange-Board,1144.7351806,64.82532394,175.645078,327.2646523,187.2085436,144.06163772,245.72994504,3.235525760000001,4.734693860000001,6.021356660000001,7.880182380000001,9.36602438,9.9164801,10.9187178,12.752343,12.6876692,11.9757758,11.8236016,12.9380184,13.1669144,12.8507552,15.3665438,18.1469178,17.21530660000001,16.968503,17.2525566,15.2525156,13.3679276,13.1337468,12.3586664,11.839893,12.4707416,12.241455,11.7637826,11.8229232,12.1308952,12.1216822,12.7108886,13.9234414,14.4632463,15.7405571,16.0394037,15.7773457,15.1043581,15.245421,14.1890056,14.0178228,13.87931740000001,14.5824746,13.942074,14.3975824,14.1948044,14.7756062,14.4442502,15.5529202,15.3992902,16.310034,16.1361026,17.0348148,16.3118478,16.6755038,15.786126,14.5872434,14.5915944,14.508082,12.7226274,12.9934004,13.4033342,11.2535726,11.145606,11.465079,9.91838108,10.29316068,11.39123688,10.37556308,12.44810568,13.950544,14.5446684,13.7002882,14.7020568,13.210327,11.01016806,10.48231646,11.22326606,10.34965906,10.52650346,11.7276868,11.2004428,9.76349994,9.694041540000002,8.41275134,7.95265324,6.452443799999998,6.434421179999998,5.352730299999998,4.99479822,3.90941218,3.80804452,3.23950174,3.10863336,5.008344640000002,4.52301478,3.99962148
20533>20523,590,590,GPKu,Green Park,Victoria // SB,590,GPKu,Green Park,Jubilee // SB,Alight-Interchange-Board,4743.6004972,132.62052204,377.5791422,1699.8118722,1069.98066,778.9166098,684.6916909600001,5.12298936,8.32312256,13.05980396,14.96597856,19.593711,21.8735406,24.1409882,25.5403878,26.9362294,24.615464,25.8580348,26.6620746,25.57549920000001,28.4869056,32.363765,33.8072316,34.603205,37.4848746,37.8737022,43.3121562,45.1111362,49.1864232,54.0664448,57.3647152,60.591568,66.7280616,66.80130460000001,69.49265580000001,76.73421180000003,79.098701,79.27281900000001,81.807919,81.25953700000002,77.0746978,74.01658979999999,74.30844280000002,75.37733879999998,74.6465848,73.668738,73.819154,73.29371,75.720156,78.56269200000001,81.80827100000002,84.80442099999998,87.62175380000002,90.01733180000002,92.1135078,93.78230480000002,92.59304780000002,88.26339500000003,90.04446300000002,86.599063,88.67167500000002,87.62432199999999,87.845375,82.4701518,83.5012358,73.17265880000002,71.517836,71.38502199999999,63.83175120000001,59.5513132,59.88600940000001,54.1070672,52.055053,55.861959,51.5765524,52.3711232,52.0141408,47.2319486,42.70514,40.590221,34.6998512,29.5082756,30.0963058,27.0357364,23.2612464,26.0726536,27.3014252,26.3201984,25.5757174,28.25636200000001,22.34698760000001,22.899111,18.1258812,17.6739892,14.2724148,15.1860074,12.1751646,12.1396828,10.0094988,10.3843444,7.19743412,5.57619092,3.664638520000001
20533>20530,590,590,GPKu,Green Park,Victoria // SB,590,GPKu,Green Park,Piccadilly // EB,Alight-Interchange-Board,0.34801367,0.34801367,0.0,0.0,0.0,0.0,0.0,0.0,0.0,0.069602734,0.069602734,0.069602734,0.069602734,0.069602734,0.0,0.0,0.0,0.0,0.0,0.0,0.0,0.0,0.0,0.0,0.0,0.0,0.0,0.0,0.0,0.0,0.0,0.0,0.0,0.0,0.0,0.0,0.0,0.0,0.0,0.0,0.0,0.0,0.0,0.0,0.0,0.0,0.0,0.0,0.0,0.0,0.0,0.0,0.0,0.0,0.0,0.0,0.0,0.0,0.0,0.0,0.0,0.0,0.0,0.0,0.0,0.0,0.0,0.0,0.0,0.0,0.0,0.0,0.0,0.0,0.0,0.0,0.0,0.0,0.0,0.0,0.0,0.0,0.0,0.0,0.0,0.0,0.0,0.0,0.0,0.0,0.0,0.0,0.0,0.0,0.0,0.0,0.0,0.0,0.0,0.0,0.0,0.0,0.0
20533>20531,590,590,GPKu,Green Park,Victoria // SB,590,GPKu,Green Park,Piccadilly // WB,Alight-Interchange-Board,871.8778975699995,21.992303578,127.45192323,346.15148056,160.07771164,114.13076638,102.073712182,0.4405974420000001,0.4815401020000001,2.220260302,3.116041202,3.129882436,3.118605118,5.140473658,4.344903318,5.614161858000001,6.362973952000001,8.164927460000001,7.527510600000001,9.84301134,9.87070194,10.88492154,13.01722214,14.5177238,13.3871054,13.975056,14.2866072,13.047113,11.6333487,11.9219497,13.7685241,13.3597999,12.9875249,17.394197,19.53813580000001,19.0263512,19.4118578,21.1135872,17.0208806,16.1995118,13.533731,14.683573,12.1105352,13.7332176,11.5259614,12.84182680000001,11.338208,13.2907876,11.7381498,13.3150722,11.61763626,12.85521726,11.06374866,12.25340706,12.66903946,14.6693858,14.779046,16.4956854,14.8235006,14.3131628,12.418984,12.6007298,11.1358048,12.2964,10.909913,12.0969402,10.29542368,9.866012820000002,9.18614802,9.35489382,8.53649442,8.329432660000002,8.19253652,8.046897320000001,7.019673920000002,7.66837132,7.25447446,7.80729226,6.05858566,6.789439660000001,4.36667886,4.00554328,3.25689514,4.75135094,3.83431374,5.49374474,5.286107180000001,5.120399400000001,3.8917496,4.13101448,2.66483536,2.87104876,2.40705198,2.75959228,2.14108344,2.34361454,1.931339248,1.603613768,1.053097136,1.043904436,0.6874115300000001,0.549459702,0.301699282
580201>580222,622,622,KILu,Kilburn,EntEx,622,KILu,Kilburn,Jubilee // NB,Enter-Board,993.7607556280002,15.86982028,79.39098410000001,409.7150157999999,223.0255826,154.5578357,111.201517148,1.19161384,1.41606002,1.96385046,1.97260408,1.74234144,2.1637251,2.52596224,2.8936631,3.681498120000001,4.48185346,4.806924520000001,4.94938316,5.84634346,5.85285092,6.18327456,7.376868760000002,8.247853800000001,8.5887492,9.53136934,9.8440148,9.8227316,11.6516704,12.1395812,14.35374,16.1226802,17.2071292,16.6781534,17.2168002,17.2277582,18.06243000000001,18.443598,19.613169,21.1628424,20.7830468,20.2065366,19.617125,19.2976544,17.8199972,17.3164308,16.961226,17.1167118,16.9710186,16.6070714,17.3159134,18.1493024,18.5293542,18.3789814,19.2146764,19.1614768,17.96693220000001,18.4662098,18.760687,19.236566,18.824587,18.7536427,17.5831667,17.3169579,15.3002886,14.0534082,13.6905033,13.1119278,11.7861984,12.5493477,12.3803231,11.6806821,11.0822664,10.8885534,10.7173788,10.1319584,9.41157592,9.95031852,8.97598752,7.74855432,7.36385412,7.1346008,6.022138,6.093929859999998,5.18391226,4.86739786,4.268714259999999,3.70431046,3.10756892,2.82165564,2.49818058,2.19127864,1.99899898,1.65913316,1.5205518,0.944880298,0.924889828,0.690827208,0.601116536,0.448455182,0.4554705920000001,0.336963802,0.144293682
580201>580223,622,622,KILu,Kilburn,EntEx,622,KILu,Kilburn,Jubilee // SB,Enter-Board,6388.547892359999,192.350852,1009.6480278,2921.420826800001,1131.2753004,688.1989080000001,445.6539773600001,5.1917738,8.4740416,14.5573248,20.720055,26.733337,31.887693,39.251702,45.5349248,48.9755086,52.49539179999999,58.7988874,65.17409459999999,69.09710859999998,75.52048500000002,86.15460800000002,100.13358,105.682645,110.494209,116.73775,120.3837598,118.0250598,119.3863368,122.6007908,127.9369188,130.828698,130.610794,134.058934,138.015054,136.317498,137.66775,135.911024,137.209894,133.638626,128.2120092,120.7969132,118.9748072,109.5855992,104.0905772,104.09643,105.437602,105.81335,109.686998,108.2411988,104.2779638,99.5685738,94.8752066,90.1798786,90.9030566,91.9950686,90.28972980000002,91.504059,92.185052,96.0400332,97.7130262,99.04719300000001,96.974423,92.39526500000001,82.193071,72.475481,65.69854000000001,58.6032974,53.19476039999999,48.6128344,45.7427312,42.4765446,41.5774684,42.4787636,42.750151,41.2423362,40.0991974,39.5842354,36.13797539999999,34.5827066,32.2207304,31.0748528,27.2745968,23.1024364,19.0217422,17.0465678,13.1877938,11.3454248,10.458258,9.8177504,8.544085200000001,8.031972880000001,6.51471434,5.71904708,4.68234402,4.50698556,3.70434488,3.34275358,3.03550952,3.34240258,3.36695656,2.58977756,2.0764792
580222>580201,622,622,KILu,Kilburn,Jubilee // NB,622,KILu,Kilburn,EntEx,Alight-Exit,6076.380783500004,82.8273287,324.9081936,1601.9900734,1391.0162852,1233.0957794,1442.5431232,3.8588714,5.7614673,7.7454189,8.3283199,10.9269375,13.7078287,15.2607782,17.2377068,20.2344702,21.655618,21.09285340000001,22.0508326,22.84738500000001,23.3941272,25.4865702,28.8968248,31.8216708,35.38102620000001,36.0465926,36.0002226,36.52126060000001,37.1531208,37.9632828,41.1855276,45.70141219999999,49.184265,52.68351020000001,55.49953880000001,58.03661840000001,60.74115380000001,65.01636579999999,68.40559379999999,73.70730920000001,77.6574038,79.50959379999999,79.48108500000002,80.157803,79.02068500000001,79.197742,81.224737,85.32975300000003,88.51008300000002,93.103095,96.9991338,101.2046768,105.2905548,110.3662988,112.250684,117.2360272,119.7802632,120.0230292,119.1189072,120.173819,121.195115,122.233301,122.143609,123.079263,120.336832,114.724336,109.358982,105.750792,100.229552,97.333936,94.350174,92.888562,91.555452,90.8047352,92.6831632,96.0597092,99.21549720000002,103.7314392,104.807654,105.471166,102.798489,98.10971100000002,86.34121999999999,86.03936600000002,75.38723460000001,66.1334726,53.38949760000001,50.59408060000001,36.7448236,32.918166,27.8180484,29.3493366,23.7182576,24.46548660000001,20.7362122,22.145195,18.0803312,18.8952206,15.26274172,15.38291312,12.24798892,10.21565952,6.48420512
580223>580201,622,622,KILu,Kilburn,Jubilee // SB,622,KILu,Kilburn,EntEx,Alight-Exit,1011.765171986,43.893703716,153.9159014,425.9296843,201.873246,119.93417152,66.21846505,0.638951874,1.212721474,2.578013174,4.117775893999999,5.9176842,8.0462907,9.9701445,11.4121219,11.6781383,11.6088201,10.9192657,10.1323511,9.8872656,11.6323322,12.9376546,13.4304838,15.1623898,15.7460088,15.097943,15.6832484,17.1705046,17.88569780000001,18.0207004,19.5931964,19.2678824,18.9422208,17.9379682,18.236762,17.050132,17.8042136,18.250846,19.110436,19.0146166,18.8409046,17.7656426,17.1535718,16.4484844,16.6284998,17.1134354,17.1734715,17.2901303,17.0404451,16.6003523,15.5895697,15.9159048,16.4030394,17.3523108,17.9107756,18.9310274,18.851763,17.9533588,16.7965977,16.2802053,15.4365813,15.2800315,14.7616504,14.4406437,13.3809467,12.7409525,11.3692573,10.7715712,9.983272900000001,9.2745234,8.286464599999999,7.728674000000002,7.089186440000002,7.30316694,7.565511840000001,7.957918439999998,8.02273868,8.42260604,7.378247840000001,6.194785520000001,5.149714660000001,4.33639302,3.02974192,2.32692752,1.90603394,1.57570436,1.146501612,1.018902952,0.8367718660000001,0.7661800740000001,0.541175696,0.6276338640000001,0.4122633940000001,0.6339011999999999,0.5765545700000001,0.6681785680000001,0.532656264,0.5854197500000001,0.3511301979999999,0.46728772,0.33780089,0.248685974,0.166608518
580222>580672,622,622,KILu,Kilburn,Jubilee // NB,1437,BSYr,Brondesbury,LO Mildmay // EB,Alight-Exit-Interchange-Enter-Board,16.78167117206869,0.1024507212187,1.3331345699,10.2537036076,3.27613761179,1.06859408256,0.747650579,1.5802654e-07,3.2264394e-07,2.50810114e-06,5.153243740000001e-06,0.004627961243739999,0.0134243612172,0.0317245365998,0.05266572014259999,0.09083522699999999,0.09284064620000003,0.08426944330000001,0.0987370153,0.1105691623,0.09266667550000003,0.1151761963,0.1299209632,0.1127871192,0.098990038,0.1230891828,0.1832529008,0.2618976588,0.3006394708,0.393593636,0.399082544,0.3993965660000001,0.3949181620000001,0.398462842,0.385099206,0.446956728,0.47401326,0.502427104,0.518793332,0.550452148,0.475747538,0.448976658,0.521743538,0.538428714,0.433955606,0.452030224,0.45899937,0.327419264,0.3845524,0.409352396,0.3767652420000001,0.3131249920000001,0.294421158,0.1543137132000001,0.1200371532,0.2012819932,0.2250903652000001,0.2280398032000001,0.311530664,0.422766796,0.357285742,0.3455801020000001,0.30266512979,0.23024096859,0.10936207059,0.09091413359000003,0.05099437559000002,0.1049867998,0.08618471424,0.07989043059999999,0.0651883612,0.07936203920000001,0.0408878064,0.06464641116,0.0659359716,0.06198043788,0.08930137388,0.09012480468,0.12529201068,0.1236613918800001,0.122505052,0.07559742800000001,0.05918808000000001,0.0,0.0,0.0,0.0,0.0,0.0,0.0,0.0,0.0,0.0,0.0,0.0,0.0,0.0,0.0,0.0,0.0,0.0,0.0,0.0
580222>580673,622,622,KILu,Kilburn,Jubilee // NB,1437,BSYr,Brondesbury,LO Mildmay // WB,Alight-Exit-Interchange-Enter-Board,12.9728593180866,0.2279241535316,2.3934263004,5.132485255,3.784557159859,0.6960512815960002,0.7384151677,0.0,0.0,1.0638632e-07,1.0638632e-07,0.005010908386320001,0.01188148358632,0.10551582758632,0.1055157212,0.1775108012,0.186680728,0.3318382328,0.2511312028000001,0.2732417440000001,0.2095256352,0.2288381364000001,0.07681005639999999,0.0827713864,0.1618940852,0.215800228,0.197384064,0.2193473012,0.2180668852,0.1455002052,0.1295572212,0.1214098806,0.1750176434,0.1810364054,0.2751369254,0.2675645714,0.307100958,0.352145418,0.335120921,0.297880561,0.276338583,0.251815803,0.210570979,0.208030645,0.1250625194,0.1466431874,0.1305318498,0.0647700628,0.2012445638,0.2275848374,0.2650073274,0.259183749907,0.245574900907,0.1384963409070001,0.114753995507,0.049783881107,0.0706288674,0.1613256794000001,0.1580296554,0.6881563328000001,0.6769954912,0.656162538662,0.565465726662,0.535331956748,0.017476036748,0.017521996214,0.017501545552,0.017580902362,0.017552596276,0.006149634475999999,0.00610367501,0.00643052791,0.0134543871,0.0234861707,0.0174618525,0.0202934657,0.0284196488,0.0251369348,0.03386672640000001,0.1387573064,0.1359256932,0.1274726572,0.1236521552,0.10489058,0.0,0.0,0.0,0.0,0.0,0.0,0.0,0.0,0.0,0.0,0.0,0.0,0.0,0.0,0.0,0.0,0.0,0.0,0.0
580223>580672,622,622,KILu,Kilburn,Jubilee // SB,1437,BSYr,Brondesbury,LO Mildmay // EB,Alight-Exit-Interchange-Enter-Board,80.47814762970008,3.5745403927,58.047488883,18.1918112924,0.2190084688,0.2926206834,0.1526779094,1.25886e-05,1.25886e-05,0.2154164486000001,0.2168419701400001,0.45894369014,0.6476311935400001,0.65204908654,1.38363282654,2.031536905,2.943647985,3.977465773,4.95547156,5.457750160000002,5.66163062,5.572717820000001,5.48626454,5.82329186,5.2708873,5.534533520000001,5.332290840000002,5.72310484,4.40365384,3.5067922,2.415640709999999,1.587847424,0.06096882400000001,0.06096882400000001,0.06096882400000001,0.035264034,0.0,0.024370942,0.024370942,0.024370942,0.044219194,0.044219194,0.019848252,0.032850462,0.040578883,0.020730631,0.020730631,0.020730631,0.007728421000000002,0.0,0.0118526474,0.0118526474,0.0118526474,0.0118526474,0.0118526474,0.0,0.0,0.016318655,0.016318655,0.016318655,0.0262243964,0.0563680864,0.0400494314,0.0400494314,0.0400494314,0.03014369,0.0,0.0,0.029872156,0.029872156,0.029872156,0.029872156,0.029872156,0.0061294548,0.0268878958,0.0347569166,0.037139052,0.037139052,0.03100959720000001,0.0102511562,0.0023821354,0.0,0.0,0.0,0.0,0.0,0.0,0.0,0.0,0.0,0.0,0.0,0.0,0.0,0.0,0.0,0.0,0.0,0.0,0.0,0.0,0.0,0.0
580223>580673,622,622,KILu,Kilburn,Jubilee // SB,1437,BSYr,Brondesbury,LO Mildmay // WB,Alight-Exit-Interchange-Enter-Board,269.2607256242001,7.251613310000001,15.55624416,136.9381627,74.04843864000001,25.449547816,10.0167189982,0.0,0.0,0.0,0.08740383400000001,0.223393654,0.622542434,1.756701894,4.561571494000001,4.474167660000001,4.33817784,3.93902906,2.8048696,0.0,0.0,0.0,0.0,0.0,0.0,0.0,0.0,0.0,0.0,0.0,0.0,0.0,0.0,0.0,0.7761943400000001,3.16532684,4.78234524,7.10190304,9.39421104,10.09675224,9.88497854,10.51067554,9.836545139999998,10.02741614,9.50318748,9.10572948,8.54782088,8.77752388,8.06662648,8.928187800000002,8.4327386,8.229897800000002,8.13103,7.810719000000002,7.55220828,7.83962014,6.77533058,6.11444578,5.237014660000002,4.88956364,4.128646079999998,3.71096964,3.62899304,3.73201132,2.87615096,2.6345862,2.74292962,2.4078007,1.90534586,1.8982283,1.400415954,1.627050274,1.179471234,1.659553514,1.38600388,1.626493466,1.794363206,2.112139206,1.456954006,1.3833751,1.07131672,0.5684692400000001,0.0,0.00072161084,0.00072161084,0.00072161084,0.00072161084,0.00072161084,0.0,0.0,0.0,0.0,0.0,0.0,0.0,0.0,0.0,0.0,0.0,0.0,0.0,0.0,0.0
580672>580222,622,1437,BSYr,Brondesbury,LO Mildmay // EB,622,KILu,Kilburn,Jubilee // NB,Alight-Exit-Interchange-Enter-Board,0.5168282999999998,0.0,0.0,0.0,0.0,0.0,0.5168282999999998,0.0,0.0,0.0,0.0,0.0,0.0,0.0,0.0,0.0,0.0,0.0,0.0,0.0,0.0,0.0,0.0,0.0,0.0,0.0,0.0,0.0,0.0,0.0,0.0,0.0,0.0,0.0,0.0,0.0,0.0,0.0,0.0,0.0,0.0,0.0,0.0,0.0,0.0,0.0,0.0,0.0,0.0,0.0,0.0,0.0,0.0,0.0,0.0,0.0,0.0,0.0,0.0,0.0,0.0,0.0,0.0,0.0,0.0,0.0,0.0,0.0,0.0,0.0,0.0,0.0,0.0,0.0,0.0,0.0,0.0,0.0,0.0,0.10336566,0.10336566,0.10336566,0.10336566,0.10336566,0.0,0.0,0.0,0.0,0.0,0.0,0.0,0.0,0.0,0.0,0.0,0.0,0.0,0.0,0.0,0.0,0.0,0.0,0.0
580672>580223,622,1437,BSYr,Brondesbury,LO Mildmay // EB,622,KILu,Kilburn,Jubilee // SB,Alight-Exit-Interchange-Enter-Board,155.35715560989,1.45698733089,9.499455308000002,67.45265285,55.38403629340001,16.5759281736,4.988095654000001,0.0,0.000161600008,0.136746072008,0.136921775778,0.196318947778,0.234145771778,0.30525119777,0.44744196577,0.599346522,0.672607618,0.760382274,0.8556551880000001,0.784648268,0.712033448,0.768037352,0.659787246,0.8668924660000001,0.7507756100000001,1.04556771,1.023721606,1.274250452,1.016097898,1.414990174,1.308084114,2.200668706,2.113698386,2.33706636,2.37528472,3.15845004,2.9761653,3.7757601,3.9696918,4.5411503,3.921526340000001,3.61296796,3.26988672,3.51807698,3.42378632,3.19888994,3.22387932,3.07962102,2.67571604,2.29592322,2.77102064,2.72627828,3.58799712,4.4831333,5.067667780000002,5.545436300000001,5.938661540000001,5.268969180000001,5.810699240000001,5.04036534,4.423316140000002,4.083035420000001,3.4084766534,1.9506550534,1.7894091534,1.3827696794,1.2617355394,1.453028806000001,1.355041646,1.305783666,1.334713234,1.154231114,1.157722734,1.187929074,1.242908474,1.100272212,0.898694552,0.80352512,0.5202136188000002,0.4545500588000001,0.4330830268000001,0.3344278668,0.2241795388,0.21914966,0.0,0.0,0.0,0.0,0.0,0.0,0.0,0.0,0.0,0.0,0.0,0.0,0.0,0.0,0.0,0.0,0.0,0.0,0.0
580673>580222,622,1437,BSYr,Brondesbury,LO Mildmay // WB,622,KILu,Kilburn,Jubilee // NB,Alight-Exit-Interchange-Enter-Board,92.67700379414003,1.210537344,16.142936686,32.47133565,16.288876506,11.940014122,14.62330348614,0.0,0.0,0.0,0.0039615568,0.0039615568,0.2115695168,0.4020114168,0.5890332968,0.75196362,0.90666196,0.96891388,1.2223079,1.36586752,1.60429652,1.7122655,1.72027278,1.64556306,1.58922196,1.371692046,1.28390994,1.22066442,1.0632717,1.01800406,1.332445974,1.70080478,2.03250578,2.11191038,2.31761502,1.96867197,1.506578846,1.147192358,0.998751418,0.887150498,1.106033288,1.374360512,1.342878388,1.490616748,1.397327508,1.2102772,1.025852794,1.0694632,0.98957884,1.03326116,1.126118808,1.311325414,1.3574405,1.35706554,1.274293,1.3139804,1.16923108,1.12561842,1.23119838,1.65840026,1.56090514,1.5604798,1.368938572,1.363006452,1.065099012,1.144830112,1.116071322,1.214377942,1.009367272,0.967080232,0.7696599120000001,0.7746450300000001,0.8434045320000001,0.8654650020000001,0.807007302,0.7193347520000001,0.5380227639999999,0.4061016000000001,0.2792762300280001,0.998260710028,0.9834502400280001,1.035790080028,1.418483330028,2.50601042,1.56777922,1.56777922,1.51543938,1.08757554,0.0,0.0,0.0,0.0,0.0,0.0,0.0,0.0,0.0,0.0,0.0,0.0,0.0,0.0,0.0
580673>580223,622,1437,BSYr,Brondesbury,LO Mildmay // WB,622,KILu,Kilburn,Jubilee // SB,Alight-Exit-Interchange-Enter-Board,8.511888694165004,0.24110540554,1.46890901885,3.52177694121,1.3406281245258,0.66004442128062,1.27942478275858,0.0,0.0,0.0,0.0096603892,0.05403767719999999,0.0577522416,0.059451384,0.06020371354,0.05492014074,0.01409621614,0.04458547974,0.07134698934,0.1561729598,0.1752053834,0.197836194,0.21593568,0.1906576304,0.1187488004,0.1277666864,0.10163685849,0.10080873649,0.12122591609,0.14772170409,0.11914279969,0.1351536496,0.087088706,0.098754596,0.08825767,0.1173787804,0.1481913644000001,0.23636388,0.2587411080000001,0.2291450366900001,0.21207086469,0.16674728289,0.10578305489,0.11053640089,0.1363536062,0.1583767942,0.1672308292,0.1651806712,0.1248760772,0.1544634792,0.1321839332,0.2136929880000001,0.205554374,0.2147096920000001,0.1810613532,0.1654250956442,0.0898044296442,0.0786356940442,0.0531070766442,0.031280458589,0.0476393281448,0.0313621150076,0.0283555196076,0.0257112296076,0.03101739886280001,0.04111835486280001,0.048147751,0.067961194,0.07442638019999999,0.069119312789,0.04265771294180001,0.06427093994180001,0.03820375409076,0.07870516129076,0.07870523169329999,0.07870529001360001,0.06183737741359999,0.06300836630463999,0.04815373230464001,0.0648435189131,0.15985121044,0.148059947021,0.164290683981,0.171957543981,0.1552834948658,0.0602749748658,0.0602721188848,0.04286970288480001,1.68208848e-05,0.0,0.0,0.0,0.0,0.0,0.0,0.0,0.0,0.0,0.0,0.0,0.0,0.0,0.0
560201>560222,624,624,KBYu,Kingsbury,EntEx,624,KBYu,Kingsbury,Jubilee // NB,Enter-Board,362.6633260404,8.040354734400001,33.457610706,174.24397818,76.36515166000001,44.33819052,26.21804023999999,0.2581271226,0.4084738026000001,0.8652760826000001,1.0782147626,1.22132433,1.259201318,1.405452118,1.544285198,1.326060738,1.566357288,1.9221587,2.49139794,2.34293608,2.8492443,3.1145674,3.34595644,3.16856066,3.2976371,3.864511660000001,4.168222400000001,4.18411442,5.0915518,6.051148260000001,6.513598060000001,7.97369226,8.17989952,7.4076766,7.362353999999999,7.03280486,5.85280226,5.79539252,6.40122922,6.08092074,7.17439508,8.53817068,9.17546342,9.37279232,9.9013812,8.55405754,7.49571804,7.41074784,7.582384639999999,7.313788939999998,7.79789396,7.46055746,7.248338740000001,6.27673068,6.172182980000001,5.62387862,6.02992442,6.15020364,6.3521957,6.481779260000001,6.695005180000001,6.15303538,5.721319599999999,5.485566759999998,4.654247900000001,4.03790006,3.62774648,3.54231096,3.52666198,3.71855602,3.79794406,3.62632676,3.239714160000001,2.76557348,2.3156419,1.95648514,1.82459946,1.72389828,1.87868996,1.92992108,1.94840276,1.91251652,1.80111624,1.46769302,1.23197658,0.997294674,0.908682114,1.185807934,1.104785678,0.969446958,1.041877804,0.86383641,0.41205872,0.368413216,0.322349296,0.139409664,0.08550821800000001,0.019180348,0.019180348,0.019180348,0.02857649,0.02857649,0.02857649
560201>560223,624,624,KBYu,Kingsbury,EntEx,624,KBYu,Kingsbury,Jubilee // SB,Enter-Board,4460.032921215998,472.3842567,859.1494198,1855.1306472,739.090011,349.86326,184.415326516,13.3508129,25.0758023,41.79060629999999,60.0192546,73.4593162,83.93097540000002,88.39681700000001,86.36067200000002,78.32523400000002,74.50160799999998,72.65354599999999,70.56446899999999,67.73519399999999,70.57316800000002,71.474514,70.636064,70.71518999999998,70.4704004,70.58588119999997,70.91415119999999,68.84954240000002,70.2263824,74.21513000000002,75.13338720000002,76.9659362,79.99567300000002,80.642673,81.29219599999998,80.39811000000002,79.168315,79.685275,84.2018822,83.39594120000002,84.3323872,85.9248912,84.17786640000001,77.5416172,75.3148132,73.54308,69.7968948,70.41989559999999,73.00157359999999,72.83906360000002,74.0681208,73.4699152,71.90377720000002,67.5949332,68.3502422,64.84455700000001,61.60192380000001,58.6570512,58.44886379999999,56.73982879999999,54.61283600000001,52.29047000000001,50.5756126,45.9135474,40.7416788,37.21150479999999,34.147251,29.6467592,27.3490042,24.5675242,24.11977,23.0711586,21.8335756,20.4540912,20.807395,19.7502936,18.484627,17.3553898,16.4296544,14.7071842,13.6062834,11.9402946,11.11411992,8.95277602,6.83208556,4.145747200000002,3.87056824,3.15971112,2.62800602,2.88523058,2.9641145,2.66612766,2.15568748,2.86313548,2.4229762,2.46996898,2.3686209,2.47910072,1.8018092,1.440808454,1.918352054,1.668558534,1.334094694
560222>560201,624,624,KBYu,Kingsbury,Jubilee // NB,624,KBYu,Kingsbury,EntEx,Alight-Exit,4415.434316840001,55.05774907999999,282.3108834,1428.6534474,1082.0023276,825.7346146000001,741.6752947599998,2.77410606,3.56964366,5.29981826,6.0426665,7.2314924,8.312998400000001,10.6268116,11.2002122,13.8362832,14.6656506,16.1065804,17.1347482,19.4644966,20.3527596,23.3699086,26.3970446,29.799074,33.2005916,34.6053,33.378446,32.720856,31.5856346,30.0356534,32.2431504,36.59432620000001,41.22567539999999,44.28123040000001,46.3423054,47.6374354,49.18521820000001,48.67142960000001,52.33204800000001,57.15725400000001,66.44124599999999,70.94291679999999,81.6337758,84.05154780000002,89.21483680000001,83.6863348,84.80828400000001,78.14668800000003,80.12462400000003,77.34633720000002,82.2446392,81.5918812,89.24335020000002,88.808769,93.6924198,91.4444878,94.30453979999999,91.0896318,93.140037,88.305203,90.927323,89.44085700000002,90.01382800000002,85.39044200000002,84.63970200000001,78.46179040000001,75.46105240000001,69.0178948,69.85567359999999,65.7418176,65.64541559999999,60.80349620000001,59.87630900000001,54.7636352,56.0773858,52.69900459999999,54.5755686,52.0793298,51.95300140000001,48.1924872,50.2261946,45.3919494,45.7478614,41.76525040000001,40.113166,34.1866066,32.3060222,25.3771184,22.5723622,18.118072,15.85714,13.9523246,15.00077,12.78820266,12.82916366,10.70233306,9.705013460000002,7.31642052,7.96236786,6.1515684,6.253089600000001,4.398683599999999,3.45422254
560223>560201,624,624,KBYu,Kingsbury,Jubilee // SB,624,KBYu,Kingsbury,EntEx,Alight-Exit,331.3743221720001,10.02940066,39.008609584,161.93281758,69.61594276,36.95624772,13.831303868,0.658023996,0.926949256,1.529141516,1.716502918,1.255983972,1.346145414,1.429788454,1.166865134,1.077433888,1.105994434,1.327498094,1.354302214,1.507612274,2.00648656,2.90130598,3.85149214,4.90516072,5.89444664,6.408677200000001,6.66819944,7.14060184,7.18473784,6.94556152,7.227989320000002,7.5232326,7.3993004,7.30968616,7.10455668,6.599994479999999,6.73573968,6.254670139999999,6.09479698,6.46844866,7.622595260000002,7.06159886,7.151944599999999,7.17058288,7.41875048,6.223324680000001,6.07310436,6.072258100000001,6.25134122,5.306175620000001,5.59182522,5.8680322,6.08414386,5.72780486,6.60342066,6.66977266,6.655072000000001,6.13025672,6.18108418,5.43994298,5.1261337,4.61798318,4.51229576,4.420663299999998,4.55008058,4.21691786,4.01139022,3.59222004,3.22355806,2.68229688,2.46875098,2.17855036,2.1319694,1.77820238,1.70164766,1.55355638,1.52171794,1.282084612,1.260876012,1.048261532,0.924675076,0.7199880999999999,0.6829156200000001,0.456643756,0.353350082,0.3463111380000001,0.402966068,0.305714116,0.252520612,0.2081399860000001,0.214197778,0.110692746,0.2978809060000001,0.3316439280000001,0.3844667800000001,0.297389168,0.278938066,0.09174990599999999,0.052822852,0.043467114,0.136111198,0.136111198,0.136111198
560301>560322,649,649,NEAu,Neasden,EntEx,649,NEAu,Neasden,Jubilee // NB,Enter-Board,578.1864837720001,24.67700048,91.44505190000001,231.025796,124.22886062,79.93892974,26.87084503199999,0.57435513,1.33220621,1.98123037,2.72038683,2.987048580000001,4.32242436,5.01512868,5.74422032,6.844632320000001,7.700439340000001,7.615649940000001,7.72206314,7.83616074,7.35959366,7.71329272,7.801790520000001,7.8234518,7.633764000000001,7.64558356,7.74863016,7.495953500000001,8.37084462,9.25558062,10.24174814,11.10721554,11.5842026,11.4368144,11.2538684,10.7775314,9.6359666,9.6357296,9.509273,9.261701400000002,9.692054800000001,9.9661384,9.759206599999999,9.8110082,9.825826200000002,9.1394204,8.9859384,8.61412132,8.62134372,8.52326112,8.521047020000001,8.38543742,8.8715947,8.7835453,8.9538781,9.361125,10.7534002,10.5692118,11.2731472,12.0321244,12.3505096,11.3816518,11.5132351,10.4767827,9.3447041,7.8934879,7.6539849,6.843053500000001,6.8474735,6.5325439,6.2193725,5.4806809,5.238220400000001,4.04018996,3.36843548,3.30448574,2.99823828,2.69523112,2.5460537,2.4026561,2.03512206,1.527917240000001,1.32212602,0.9618747400000002,0.68304765,0.460428454,0.4146668532,0.3082747932,0.2604428892,0.3054515192,0.3415983952,0.471403396,0.449107026,0.417896778,0.335102946,0.393385706,0.348802926,0.381441446,0.415621812,0.391604984,0.340781616,0.231321676,0.126759166
560301>560323,649,649,NEAu,Neasden,EntEx,649,NEAu,Neasden,Jubilee // SB,Enter-Board,2609.445990200001,213.2759355,554.4832412000001,1025.332127,455.3574476,240.6713192,120.3259197,5.2642167,8.411726100000001,15.9379667,23.7677364,31.3453182,37.884546,43.502081,47.16234439999999,46.1693044,44.73356279999999,46.3133864,48.03681480000001,45.623514,45.30586599999999,46.56492400000001,48.8419584,46.2645466,44.8566708,45.7661268,46.0065662,42.14964260000001,41.3454756,43.34765820000001,43.63802560000001,42.36287300000001,41.5049582,42.3476022,42.4004622,42.59709539999999,43.66771000000001,44.47816600000001,45.739474,44.38218300000001,43.1686144,43.720221,44.630343,44.6716524,43.89207400000001,43.85888500000001,41.12981700000001,41.3767034,39.332027,39.7355184,39.8549454,40.53574620000001,38.6177358,39.6640974,40.85455540000001,39.67446940000001,39.19779020000001,38.1183856,37.3739506,36.668696,35.953736,35.22631900000001,33.47196599999999,31.1380116,27.172527,25.1030018,22.1548882,20.9080868,18.8270524,17.7165678,16.3115482,15.6667258,15.0873536,15.6000326,14.9855234,14.437386,13.0407522,11.437092,9.7312392,8.7398673,8.159559999999999,7.2820424,6.6473198,4.99068866,4.66016202,3.26474288,3.040087720000001,2.8833078,2.88381756,2.1762705,1.99777464,1.6838434,1.31688582,1.35519976,1.03725724,1.04546773,1.06082855,0.861985584,0.8511626440000001,1.274610264,1.668206934,1.435565314,1.36279578
560322>560301,649,649,NEAu,Neasden,Jubilee // NB,649,NEAu,Neasden,EntEx,Alight-Exit,2463.15666708,44.2788133,159.18590998,723.7843910000001,571.1098092,475.942461,488.8552826,1.45090802,2.42589934,3.9474394,4.609931039999998,6.85210204,7.70054852,8.4243114,8.867673540000002,10.16632834,9.97963894,10.5636686,11.002063,12.0050317,13.1585257,13.5062263,14.5150751,16.0608977,16.3286484,15.847268,16.0525382,15.6826204,15.1614486,15.8818402,17.111789,19.5985692,21.1979492,22.6661338,23.3648112,25.0940654,25.5847028,26.9366914,29.148032,32.6310084,34.3490046,37.0357232,38.9835756,39.7796458,39.3267536,39.7247612,38.8939436,39.7638964,40.3331002,41.7366304,43.7976948,45.7692224,46.753193,47.7675464,49.487762,49.6509864,49.2191724,48.600267,48.15003420000001,46.4902144,45.49140460000001,46.94054220000001,46.7894642,46.7042744,45.60202820000001,44.35437280000001,42.2176526,41.4784926,41.1437072,40.5329552,38.5411652,36.2676708,34.36304920000001,32.81121040000001,31.9258824,32.8091824,33.50219540000001,34.428251,33.60515479999999,31.69467360000001,29.4963528,28.7837578,26.68323100000001,26.1437852,24.9469674,23.521158,19.6671748,17.7558334,13.87164992,13.24441472,10.80458672,10.86219892,9.67661912,10.7102174,8.575430800000001,9.8320678,8.231222599999999,7.413161499999998,5.411895200000001,6.200627400000001,4.5439498,3.730449,2.7090741
560323>560301,649,649,NEAu,Neasden,Jubilee // SB,649,NEAu,Neasden,EntEx,Alight-Exit,594.8236083964001,21.948037732,73.4604714,216.65621394,148.54223352,82.63788279999999,51.57876900440001,0.316524418,0.7851270779999999,1.713304538,2.477821838,3.8175763,4.176721140000001,4.302002880000001,4.358959540000002,4.53406112,4.632094920000001,5.302218180000001,5.861832720000002,6.417092520000002,6.933188040000001,6.949557360000001,6.76959814,6.94263366,6.723702280000001,6.35387578,6.040616679999999,6.070651200000001,6.05712774,6.180091600000001,6.615644400000001,7.703746300000001,8.197300100000001,8.6042715,8.59067864,8.331449339999999,7.74267034,7.71323944,7.66520944,8.140699900000001,9.4514257,9.838925099999999,10.4046044,11.15989,11.4447084,11.0856878,11.2766128,10.9335,11.124765,11.133395,11.1899198,11.8727457,13.1284147,13.3909921,14.4463397,15.0638367,13.9590979,12.9718251,12.2333909,10.9867313,10.4125213,10.3788932,9.69744492,8.89666892,8.35851112,7.16289792,6.89178778,6.612280999999999,6.803126320000001,6.408380380000001,6.768491580000001,6.209540400000002,6.059156560000001,6.016152040000001,6.450888780000001,6.429630180000001,6.77962016,6.42625206,5.680974740000001,4.796403360000001,3.55827954,2.53384196,2.06012171,1.515109602,1.00102713,0.97111824,0.97626816,0.8042383899999999,0.69731053,0.6403850820000001,0.686360332,0.5352980520000001,0.8116804320000001,0.77396085,0.91194933,0.6943772060000001,0.712592894,0.4421580060000001,0.4301856920000001,0.2406334846,0.2665248566,0.1132852486000001,0.08918177660000001
560101>560122,679,679,QBYu,Queensbury,EntEx,679,QBYu,Queensbury,Jubilee // NB,Enter-Board,118.38410013,8.354275721999999,20.210141068,43.32874140000001,25.4480868,18.183670824,2.859184316,0.53713922,1.05522814,1.16997868,1.42132214,1.23610798,1.111077474,0.799782054,1.023640034,0.908733204,1.287268384,1.64307045,1.541953696,1.500381116,1.834829526,1.678477726,1.785701246,2.03379752,2.006173,1.811718200000001,2.178037,2.0870639,1.99194154,2.22218736,2.59965164,2.116114412,1.831208912,1.722116752,1.529430172,1.073850312,1.31759318,1.34666746,1.85675962,1.92345572,2.10746656,2.00269258,2.09848368,1.78083334,1.85341618,1.8055574,1.77100808,1.6377193,1.6340543,1.42693506,1.59253394,1.83189796,1.85800412,1.89602724,2.35663538,2.23303768,2.10222942,2.08332372,2.12266168,1.96127862,2.32606128,2.26947498,2.40745472,2.35391356,2.006227072,1.719577272,1.621382432,1.643886592,1.539076012,1.61532856,1.4855735,1.320837808000001,1.025363312,1.042954832,0.8095498720000002,0.5049240939999999,0.425226073,0.348045829,0.095635193,0.134335701,0.159312837,0.227310122,0.25009627,0.244337742,0.172120694,0.147605509,0.071421617,0.03744888900000001,0.020681873,0.020681873,0.0,0.0,0.0,0.0,0.0,0.0,0.0,0.0,0.0,0.0,0.0,0.0,0.0
560101>560123,679,679,QBYu,Queensbury,EntEx,679,QBYu,Queensbury,Jubilee // SB,Enter-Board,3590.762945008,499.3767037,729.450168,1356.381839,620.375388,290.036389,95.14245730799887,13.4423769,27.86422690000001,43.90556490000001,62.94133520000001,76.93911100000003,88.19349799999999,94.077584,92.0130068,81.63843880000002,73.76041740000002,66.99854440000001,55.89323560000001,52.50117400000001,52.918712,54.37175079999999,57.0194338,58.6002596,59.07865100000001,58.24470760000001,58.42484300000001,55.02577600000001,54.93939980000001,56.5728264,57.7181758,57.92032040000001,60.5419734,60.92073760000001,61.65067040000001,62.74897040000001,64.079051,65.771609,66.1485646,62.6708426,58.48260459999999,55.25487260000001,52.38008720000001,51.6165346,50.39647100000001,51.929641,50.3648198,49.2095412,49.3449572,49.8684008,50.8249916,51.1816278,49.3197558,53.31314380000001,65.88883380000001,62.5349824,59.78697440000001,59.4547232,52.57091120000001,41.1729612,40.50094439999999,43.21124099999999,41.439289,41.9443874,37.1419278,35.6352872,30.1796658,28.19809080000001,23.7199812,21.3711234,17.99255699999999,16.4702236,13.6465972,12.1212598,11.6152878,11.6468847,10.3782841,9.9096271,8.949606300000003,8.1368667,6.47926,6.433687600000002,5.20153067,4.386852670000001,2.57593351,2.09244487,1.29899561,1.44072498,1.0783738,0.92947429319978,0.7089594927997801,0.9075968927997801,0.82004171879978,0.75277209879978,0.8829742456,0.995522186,1.119196046,1.37381082,1.37704352,1.264642036,1.802209796,1.297589996,0.9015515559999999
560122>560101,679,679,QBYu,Queensbury,Jubilee // NB,679,QBYu,Queensbury,EntEx,Alight-Exit,3554.29121614,39.9040582,160.98114884,1159.0911644,898.4570276000001,677.9340460000001,617.9237711,1.37547648,2.41515188,3.01193718,3.38433458,4.95468652,7.032265800000001,8.527114000000001,9.20309176,10.87568156,11.92012376,11.84326606,11.33148586,12.5978518,12.9082402,12.9709188,13.8035978,14.8949396,15.6908722,16.047617,16.0965542,15.935379,16.5603204,18.0697504,19.6680986,22.8288896,26.8152734,29.3438596,31.315174,32.8833464,35.8135848,36.9594488,42.473833,46.84781100000001,56.49225379999999,60.457781,71.132115,73.293502,80.4556452,75.88636720000002,78.97188120000001,72.1923632,73.9382552,67.85200340000002,72.9042282,68.76087280000002,73.55071480000002,70.3651536,75.07206420000001,71.39125340000002,76.64450079999999,74.1904348,79.44941800000002,76.1529108,80.8868928,75.7569408,76.2358708,68.3222688,68.57468800000001,61.21339760000001,62.38561080000001,56.74348840000001,59.12302100000001,53.4515322,53.1031446,48.7650974,51.8239962,46.3248644,48.10293660000001,44.83137560000001,46.64794600000001,43.58659760000001,43.18925940000001,40.114,39.5864644,35.1840872,32.7291728,30.18595040000001,26.95022740000001,26.961303,27.0977798,24.318383,24.4401548,22.9448748,20.3232226,14.52643252,12.98181132,10.44172882,9.92286342,7.046270459999999,6.690772099999998,5.52400786,5.34265504,4.55487064,4.7697842,4.06993264,2.96184328
560123>560101,679,679,QBYu,Queensbury,Jubilee // SB,679,QBYu,Queensbury,EntEx,Alight-Exit,113.642988256,5.045107517999999,11.52255502,48.90698245000001,27.69200055,13.642523982,6.833818736,0.154531366,0.24715448,0.45948262,0.7800637,0.859161928,0.8961271259999999,0.9126908640000001,0.735895434,0.380181862,0.329390374,0.32847285,0.2873927980000001,0.400896436,0.700138048,1.014822556,1.341434488,1.577542948000001,1.65704964,1.74678392,1.7584491,1.81769222,2.01946528,2.23883404,2.23973954,2.13265412,2.03603728,1.68321293,1.70597345,1.65173379,1.68525163,1.59632299,1.68226646,1.5701139,1.86287466,1.91438364,2.04652766,2.31167832,2.69295016,2.3868,2.51098426,2.46188184,2.37611214,1.92636592,2.35712622,2.42051958,2.49361682,2.48334586,2.54247398,2.25485884,2.12053634,2.29293796,2.34667232,2.42904488,2.21922488,2.25378236,1.83498673,1.71609811,1.45284135,1.303484884,1.055305204,1.119957094,0.950841294,1.103533894,1.18594866,1.14620088,0.970983244,0.906552044,0.7307773240000001,0.6538095040000002,0.5342776840000001,0.5244704080000001,0.474148798,0.3715731980000001,0.282917828,0.2789498220000001,0.2240131792000001,0.2206591372,0.2338680852,0.2378296012,0.2578258332,0.2931257760000001,0.287776396,0.29511964,0.3792488740000001,0.3253795872,0.2955433384,0.2613685064,0.2203667264,0.0677449064,0.0531216072,0.03849830799999999,0.022181992,0.0,0.0,0.0,0.0
60101>60122,696,696,SJWu,St. John's Wood,EntEx,696,SJWu,St. John's Wood,Jubilee // NB,Enter-Board,1263.3310104507,7.27515972,103.92388488,575.719361,318.2987024,169.383504,88.73039845069998,0.5700086560000001,0.6870242959999999,0.921473936,0.942424416,0.661443496,0.90468376,1.153022,1.43507916,2.03981352,2.44919472,4.01359748,5.484283599999999,7.544514200000001,9.74131276,11.1428156,11.6761852,12.2193881,11.9930557,12.163461,13.456263,13.9719788,14.3893271,15.3345791,16.6701784,17.15489800000001,17.78649440000001,18.48602600000001,19.4034084,22.804382,24.21929100000001,27.3187648,31.01647800000001,33.015514,30.9518696,31.212048,29.1222868,27.5255558,25.9221218,25.3775524,25.8120776,26.095256,26.217037,27.8747416,28.0374944,27.66909380000001,28.0277706,29.1511378,28.6481288,28.446661,26.4821468,27.7339394,25.6833756,24.99541940000001,24.6564988,24.8581572,21.9463732,20.252713,17.9950266,15.6336632,15.9113338,16.4697682,16.147475,15.086957,14.04265372,11.97761532,9.131218320000002,8.310492320000002,8.424587520000001,8.398222,7.737940920000002,8.70233812,8.434422320000001,7.230321680000001,6.934026080000002,6.479616360000001,5.499912760000001,4.95124802,4.87612206,4.009632700000001,3.473405360000001,2.55176736,1.6279745,1.096928488,1.058255168,0.898990342,0.755466312,0.6671630800000001,0.6384252260000001,0.4701846628,0.33327835414,0.24918723214,0.32658320414,0.30952883014,0.36458960334,0.364522078,0.29034563
60101>60123,696,696,SJWu,St. John's Wood,EntEx,696,SJWu,St. John's Wood,Jubilee // SB,Enter-Board,5913.989934968002,47.28303852000001,517.6847645,2925.650532800001,1399.670373,708.7068876,314.994338548,1.46542158,2.26410484,3.50361104,4.1913778,6.88235362,7.787672520000001,9.70294876,11.48554836,14.0590513,14.6613977,20.1519235,26.1358072,32.7572446,39.24955120000001,48.2543516,54.4613716,59.73566840000001,62.21551460000001,69.7334014,76.2694814,79.5519474,84.3073574,91.159788,96.750008,101.05483,108.10724,113.97566,124.22468,142.012414,146.920714,154.339754,160.083902,157.28192,141.25321,136.5653228,130.3117468,121.4895548,117.3364468,115.8017508,118.167324,116.02789,121.526572,124.133918,123.266582,120.129196,119.045144,116.553802,115.935206,115.123773,114.332004,117.697522,116.986424,117.277106,119.414531,117.417453,109.758212,100.970304,88.904573,77.276948,71.18946700000002,64.63626500000001,59.281767,54.1517752,48.3981612,41.4399632,36.9324042,33.5538948,31.971365,31.8958964,30.8387656,31.3925596,31.7607602,29.747208,27.9091946,25.3547408,19.968349,15.6696102,13.3713418,10.1716904,7.940935400000001,7.291588000000001,5.6021699,4.84689406,3.84444786,3.27390188,2.616655,2.22509224,1.62957141,1.37884461,1.19838533,1.05803823,0.830199896,0.8065043379999999,1.060692298,0.769171158,0.541130338
60122>60101,696,696,SJWu,St. John's Wood,Jubilee // NB,696,SJWu,St. John's Wood,EntEx,Alight-Exit,6051.069324200003,127.15869408,831.365856,2279.488372,1222.62007,816.5905562,773.8457759199998,1.55933996,2.87772236,7.45638716,11.0166404,15.4832744,22.2654292,29.5263032,36.9735974,48.38744000000001,58.2196426,63.27046040000001,66.14550320000001,68.86399300000001,68.11178100000001,67.568313,71.55550799999999,77.36330079999999,79.614322,80.19981999999997,82.06577200000002,82.677042,82.853927,82.77432300000002,87.749655,88.56997899999998,92.208119,95.03216600000002,96.2736532,95.4764412,98.7934062,100.0351262,99.2975662,101.075563,101.690473,100.2785148,97.85771679999999,96.43094359999999,96.5946376,96.0033816,95.0705268,95.09556479999999,98.28609,98.60580999999999,100.757746,102.488058,103.905634,102.279364,104.276658,104.024638,105.133574,104.833968,105.596188,101.881664,98.41768,95.614192,94.168452,89.559844,85.003332,82.909678,79.036252,72.986124,67.68473700000001,64.39927100000001,59.40364400000002,55.69099140000001,52.98428940000001,52.75024939999999,54.18214400000001,59.176427,62.6642736,62.36003160000001,64.2852426,64.142576,58.7273152,50.8366922,50.90623679999999,45.24561920000001,38.2681586,29.9603232,28.2806472,20.811429,17.97508119999999,14.5813125,16.3946587,13.5044845,13.1826569,10.2159727,10.3201478,7.599648060000002,7.672115060000001,6.031250060000001,6.1349152,4.79182294,4.6372845,2.957186700000001,2.1822669
60123>60101,696,696,SJWu,St. John's Wood,Jubilee // SB,696,SJWu,St. John's Wood,EntEx,Alight-Exit,1449.422509174,71.86931626,376.4244286,640.5562124000003,199.5213262,106.44026588,54.61095983400001,1.24155504,1.80099914,2.4582517,5.13139084,8.748455120000001,12.36501346000001,16.60019216,23.5234588,28.57344040000001,33.32438400000001,35.18816620000001,35.70513340000001,34.5647802,33.539745,30.6042562,29.4902724,29.82274240000001,29.188942,27.8552464,28.56732,29.29117920000001,29.3581308,29.1582216,29.7209184,29.570688,30.4134874,30.2240372,29.6139148,28.13568540000001,28.08923940000001,27.6762626,27.95677480000001,28.3185008,28.5734982,26.8749596,24.6026406,23.2490366,23.030025,22.4248998,22.3680972,23.3060024,23.5991642,22.7956906,22.2051578,21.304124,20.0008936,18.8621232,17.590928,16.6712546,16.3724506,16.0814418,15.5245864,14.7669862,14.4935714,14.1897506,13.6632158,13.3752126,13.77924,12.9635854,12.0071944,10.6874562,9.3222324,7.884844,6.7896398,5.64227174,5.02754394,4.641965399999999,4.31908,5.09155208,5.18956494,5.51097406,5.58582174,5.577187540000001,4.460493140000001,4.06608354,3.20478888,2.69641158,1.925424748,1.677973848,1.372152002,1.14885633,0.669540096,0.600710128,0.6100566279999999,0.51979164,0.565736462,0.5705427240000001,0.476224114,0.3140000306,0.2563758612,0.5196353511999999,0.4727788232,0.4803048012000001,0.4868967466,0.4763705500000001,0.08471145000000001
590101>590123,714,714,STAu,Stanmore,EntEx,714,STAu,Stanmore,Jubilee // SB,Enter-Board,4251.533518460002,160.53222912,653.7838352000001,2068.236564599999,827.7428172000001,339.155174,202.08289834,5.06483748,9.30509968,14.45878888,20.26906368,23.8878966,26.5227822,28.5032776,32.520483,30.914878,33.1110486,37.3325138,41.2987686,43.8332566,51.9596144,61.8252136,64.8209202,66.79438060000001,69.03004800000001,73.572388,79.29080480000002,85.3417288,94.373027,99.18167180000002,105.0129778,103.5729198,106.4790058,103.2879488,102.969032,95.577626,94.825704,95.107234,96.2438888,94.6474628,91.3750068,83.9641072,78.0172292,72.4202092,65.8566008,66.4415616,65.3649748,64.0609828,66.3710628,67.75138199999999,69.99322000000001,73.57581640000002,72.25406240000002,68.970403,69.67840079999999,68.499278,69.909587,70.05985500000001,74.17506159999999,73.6539626,69.26488460000002,59.8585696,57.84293620000001,48.70325820000001,43.4048512,37.201517,34.49005620000001,27.12044900000001,24.98678220000001,23.4245352,22.2229962,21.94990300000001,20.00691740000001,18.6447942,16.9991142,15.2550734,14.1903964,14.7102946,15.244033,12.60714026,13.62125446,11.1832543,9.7392726,5.97736374,6.732312279999999,5.184429280000002,5.70724474,6.081586840000001,6.860587500000001,6.503937420000002,6.009754020000001,6.016851260000001,5.464877680000002,4.78752108,4.06409852,4.357686520000001,3.75615288,3.3795326,2.99599038,3.51463388,3.21865968,2.63618578,2.28277324
590122>590101,714,714,STAu,Stanmore,Jubilee // NB,714,STAu,Stanmore,EntEx,Alight-Exit,4363.81438422,74.16419226000001,297.7707324,941.9377554000002,1063.7853524,926.1324942,1060.023857559999,4.247764320000001,4.76097466,6.55773326,7.848799140000001,9.69852814,11.40915114,13.4916098,16.1496318,17.6697828,19.8559098,20.8159738,23.14251680000001,23.6882932,25.2612208,25.7391524,28.14316700000001,28.621803,28.9720592,28.4948774,27.3659762,25.714936,25.9093216,25.916124,25.9249578,27.098634,27.1190912,26.8106766,27.7853692,27.96384620000001,30.0740178,33.47825039999999,37.1098908,40.44067620000001,45.6139544,48.09511060000001,50.3939646,51.4950006,52.20363620000001,50.7316826,49.5735472,48.0206126,50.8100864,54.97970520000001,58.6746632,62.9494672,69.63861320000001,70.45270000000002,74.687986,78.19068879999999,84.085806,89.649574,100.750772,102.220612,110.8427192,110.71526,109.601154,103.365686,103.884948,95.95947199999999,89.89256400000001,85.54407400000002,79.062252,72.970974,65.1055714,63.26688540000001,55.6811994,56.59049140000001,54.80837660000002,54.87949920000001,57.7311492,65.52103520000001,66.43775120000001,67.98276919999999,71.6740932,70.13940720000001,68.77594800000001,63.87933,60.54531200000001,54.36822680000001,48.8691472,43.51226700000001,38.1977754,33.4250832,28.7992168,26.1126438,18.677074,20.4812224,15.4962166,17.15920400000001,14.3253572,14.7360094,10.2177278,10.721102,7.73739992,6.087539319999999,3.53435032
110501>110514,719,719,SFDu,Stratford,EntEx,719,SFDu,Stratford,Central // EB,Enter-Board,6114.523456919999,30.2952744,154.5652909,2389.318267200001,2037.509224,1083.8320398,419.0033606200001,1.4017184,1.98746516,2.5382867,3.3344477,3.67180722,4.63411142,5.62316392,7.104273879999999,7.803638879999999,8.41668576,9.00626066,9.5227386,9.9319777,10.105816,11.486434,13.4477079,14.5640773,15.1434247,20.66169720000001,24.4748322,29.0327902,35.3536928,43.01707279999999,48.05739320000001,54.2267164,60.8562464,66.6437172,73.26328120000002,78.18631400000002,83.83359300000002,86.78238300000002,93.309525,98.168315,107.668859,118.108024,129.198356,138.35101,143.986606,142.499524,145.04765,146.209822,148.9299600000001,154.09605,164.491366,167.011868,171.917456,176.184494,180.41615,177.21874,178.520222,180.224186,178.763206,171.948808,165.735762,152.436396,137.131936,122.297096,108.634376,100.401644,97.72927,92.417604,89.875394,94.062768,90.314166,82.94967259999999,76.61887859999999,69.60674959999999,58.924421,50.6008848,45.2423314,42.0363854,36.3304044,31.9557348,30.36043400000001,26.7930692,23.84523320000001,20.2465154,16.3024222,11.776135832,11.133109632,8.415414632000001,7.901421132,6.958856412,8.3644589,6.439692380000001,6.319675780000002,4.57247506,4.698937180000001,3.49168112,3.31187976,2.98338308,2.780886,1.82354584,1.95272848,1.43718816,0.92847644
110501>110515,719,719,SFDu,Stratford,EntEx,719,SFDu,Stratford,Central // WB,Enter-Board,18618.8829162,366.229349,1149.3994762,8039.568308800001,5121.488649999999,2602.89157,1339.3055622,15.0026112,19.9280278,30.657707,38.4655154,49.41314060000001,59.99392579999999,72.0896852,80.678736,82.90538199999999,81.43066400000002,79.99058000000002,81.94268600000002,79.30129600000002,80.24803320000002,85.75371820000002,97.5281002,101.102775,103.052739,125.2770278,150.8664748,174.4611248000001,199.565282,234.98329,258.158226,273.125492,286.041316,308.1790160000001,323.974328,340.248678,356.003738,369.722292,374.9010700000001,380.805014,368.1826600000001,368.2695380000001,365.72306,357.939168,353.370344,367.846894,370.071772,377.690206,398.675416,414.08998,417.540404,423.8308980000001,421.9992140000001,436.18694,441.601752,453.403132,454.3054119999999,468.6647,449.069088,437.094548,409.543148,383.3822160000001,342.407602,309.139112,270.872766,250.220486,234.413698,219.888628,209.678468,214.802994,200.927164,185.142176,176.31611,175.875262,155.614706,145.79297,139.50677,132.846868,114.630628,107.690075,94.83198620000002,81.7988692,68.54459560000001,53.7770596,37.4282114,26.87504418,26.13426718,22.19705598,22.28773118,25.25114898,30.364036,26.493525,25.3828718,22.507182,19.0129862,16.6310298,15.5267361,14.3743813,14.4148249,13.2917823,16.5828707,14.0651974,11.0648582
110501>110522,719,719,SFDu,Stratford,EntEx,719,SFDu,Stratford,Jubilee // NB,Enter-Board,28592.43057849999,851.5140015999999,3008.8526204,10300.117354,6114.219082,5864.778904000002,2452.948616500001,54.036198,68.26156879999999,92.72089799999999,97.095514,110.522872,118.9279832,145.1290444,164.8199232,178.7951012,184.9911132,198.619136,210.656712,217.215794,225.932902,248.683798,289.44303,305.3235280000001,311.5393840000001,319.206096,318.4460260000001,294.124882,284.481884,294.326282,319.1145100000001,332.7847500000001,350.678126,371.456446,386.2271300000001,391.5061700000001,404.3202680000001,417.4599620000001,431.3276860000001,448.0305740000001,457.9471540000001,473.6600500000001,483.403806,492.257534,488.998258,496.350262,507.7580139999999,529.6748240000002,543.617204,553.9207180000002,546.6908599999999,534.167546,517.473252,501.331648,496.515974,505.90586,492.7813420000001,490.34892,489.971104,488.799492,494.11482,543.828338,558.9807860000001,578.194526,581.664868,576.194888,534.750022,503.73783,475.82366,505.06123,477.8239820000001,456.5123300000001,431.9136900000001,414.3923880000002,328.70949,294.555118,252.36066,233.628496,193.094274,184.634552,163.489444,145.0649680000001,123.86115,101.111552,71.6480376,51.08598978000001,51.24843378000001,46.23041258,45.69911258000001,51.50911098,61.1580348,57.336676,52.4361076,49.0468722,39.870474,34.60322120000001,28.836846,24.10377300000001,22.4110254,20.160404,21.8284648,17.9665608,13.9688454
110501>110576,719,719,SFDu,Stratford,EntEx,719,SFDu,Stratford,Elizabeth Line // EB,Enter-Board,3629.09797806,30.23750829999999,125.31086096,1450.7157882,1190.3152058,608.6754362,223.8431786,0.35300538,0.9077439,1.9028467,3.508213899999999,4.578099959999999,5.86222024,6.31281266,6.81256556,6.577812560000001,7.865432560000001,8.257111240000002,8.595440360000001,8.49348486,9.28176566,9.84954266,10.18655706,10.6685846,12.1992734,16.3294234,17.0064326,19.4136322,24.2465918,29.5483438,29.8064448,33.4083682,39.6299226,44.6228982,45.8469212,48.4105456,54.3034892,55.49650680000001,52.92454100000001,55.984551,66.8721998,71.9025948,73.8978082,79.23618400000002,89.876665,88.6919978,84.82321180000002,86.45034980000001,92.8940022,92.6914692,89.73654920000001,92.8790872,106.3574792,112.0866,107.5628268,107.7582528,113.8688468,106.9382336,95.56112159999999,94.0645718,95.9335778,85.17163579999998,72.1329724,67.0416012,62.6654566,54.2514346,49.234129,47.580061,49.56279620000001,51.19254580000001,49.52597580000001,50.02388240000001,48.940499,44.298489,34.3585656,31.01687440000001,26.3009174,23.7061868,19.9528624,19.7671786,17.5724096,15.09729206,12.20202618,9.35995804,5.30496124,10.56509944,9.43070698,8.43400546,7.56635,7.56635,0.0,0.0,0.0,0.0,0.0,0.0,0.0,0.0,0.0,0.0,0.0,0.0,0.0
110501>110577,719,719,SFDu,Stratford,EntEx,719,SFDu,Stratford,Elizabeth Line // WB,Enter-Board,10412.104142,339.5771126,879.4919524000001,4064.232019999999,2766.553064,1859.8166612,502.4333318000001,11.734279,21.4173906,31.7002962,44.236873,55.723778,56.0862826,58.6667826,60.0114306,56.50351380000001,53.04363979999999,54.57660800000001,58.8212044,62.00299079999999,66.96995279999999,74.23194360000002,82.6444948,84.47189279999999,84.65128680000002,97.02461680000002,104.549808,112.332606,118.7545592,135.4939412,141.0583672,151.9763272,155.1475432,162.816946,166.314132,171.225496,171.269484,177.677718,175.384764,174.9816980000001,170.240234,170.408392,164.39175,171.347962,178.563892,183.241006,184.407226,199.977634,201.820352,210.282206,215.117784,221.670342,216.590004,234.425346,232.170058,246.624268,247.057798,246.610258,238.836758,235.57472,221.505046,215.266436,210.22203,198.761502,186.802234,180.488658,173.854416,162.683568,154.383752,158.100648,148.15552,139.667588,137.0916,118.2923446,101.5348306,83.05445360000002,75.15312160000002,62.6359088,65.58081820000001,51.53117700000001,51.90634480000001,40.17653000000001,32.3601134,18.9800234,13.0468566,5.410263800000001,2.5977206,0.0,0.0,0.0,0.0,0.0,0.0,0.0,0.0,0.0,0.0,0.0,0.0,0.0,0.0,0.0,0.0
110501>110582,719,719,SFDu,Stratford,EntEx,719,SFDu,Stratford,NR Great Eastern // DN,Enter-Board,2299.068850579999,6.564862794000001,43.47651496600001,809.6300119199999,782.39843788,519.77589922,137.2231238,0.025419244,0.025419244,0.6039551439999999,0.7088476239999999,1.167409564,1.191138406,1.699775646,1.142897922,1.547318542,1.146551006,1.169113006,1.163273366,1.85900005,2.77780855,2.810724706,5.211827620000001,5.59280736,6.047822600000001,4.988792060000002,9.161476100000002,9.250586300000002,11.00504696,10.29220592,16.37189946,15.09614526,16.10092886,14.31425192,22.50803606,19.99727746,24.01684306,21.49054974,32.62759468,29.32249408000001,36.05306008000001,31.19285568,51.4952502,48.3447232,56.0363126,47.263108,67.15026639999999,53.0690784,59.28989839999999,48.2301808,69.1114184,55.57718740000001,65.42904940000001,53.73223839999999,78.03155799999999,62.80427099999999,71.65333199999999,56.7547764,79.09979840000001,60.1518838,70.8460166,54.25217344,74.06615304,54.32120104000001,61.07868164,43.89259018,57.10112334,38.23897554,45.59004354,32.70400734,47.582398,34.12977332,41.00388652,28.27517628,35.85804247999999,20.16696586,24.89754754,15.68025106,19.4211267,10.6352967,13.57346792,8.33183092,7.98794618,3.66255478,5.31139498,2.12853038,2.12853038,1.6488402,1.6488402,0.0,0.0,0.0,0.0,0.0,0.0,0.0,0.0,0.0,0.0,0.0,0.0,0.0,0.0
110501>110583,719,719,SFDu,Stratford,EntEx,719,SFDu,Stratford,NR Great Eastern // UP,Enter-Board,1392.96621356,37.26450858,88.7203184,717.6086706000002,325.0264251999999,135.8381211,88.50816968000002,3.20385852,3.90697938,4.15651846,5.163133999999999,5.859074740000001,5.10085314,4.39773228,5.476358060000001,5.513755120000001,4.766155599999999,3.656404640000001,5.371605840000001,5.164521180000001,6.057599980000001,7.494575840000001,9.107301199999998,9.045108599999999,9.491943,9.891981,13.1593664,14.675197,19.7387152,24.8113626,28.0159058,29.57319500000001,30.3676552,29.5561082,29.9900374,31.3691694,31.080309,33.3224106,35.74367279999999,34.438384,35.3997166,35.8551562,35.7176922,32.327892,33.1077936,32.6326418,30.90952,29.4299908,28.9320588,26.2745946,24.3394918,24.543134,25.0254314,27.3206696,30.077417,30.9547254,31.526839,32.6598182,29.4225942,26.6739964,25.156008,23.0699544,18.59583760000001,18.7075456,18.6459542,16.901771,15.477655,14.1643863,12.3796782,10.0597915,7.677600460000002,5.68375886,6.003787160000001,5.13043396,5.00575886,5.35513936,5.47542996,6.09524496,7.58012546,7.76969534,14.26297848,13.52112908,11.56574928,9.13069808,7.547492,0.0,0.0,0.0,0.0,0.0,0.0,0.0,0.0,0.0,0.0,0.0,0.0,0.0,0.0,0.0,0.06816256,0.06816256,0.06816256
110501>110584,719,719,SFDu,Stratford,EntEx,719,SFDu,Stratford,NR Weaver // DN,Enter-Board,4615.129499200002,55.16967360000001,197.0545639,2073.4541561,1340.7192504,659.7533028,288.9785524,0.9399780000000001,2.11110808,3.785491280000001,5.09874134,6.539404940000002,8.885330840000002,13.70399456,14.10562456,14.260468,14.11490100000001,17.1975131,13.7288119,15.0690593,15.6692194,17.453536,14.635579,14.69884,13.2087096,15.9122914,31.1056352,31.2150827,45.65607510000001,57.55527490000001,65.4020735,60.13866050000001,68.99692259999999,61.15496140000001,69.6646214,71.0462026,72.38574260000001,82.12989800000003,94.22904520000002,88.67743220000001,97.355621,96.54429499999999,112.124129,113.466945,108.1523172,107.6588932,114.4878422,105.9137622,103.497191,121.2973258,124.7038418,132.3686668,129.7735508,137.363658,129.172132,121.042846,117.43403,114.281332,102.630336,96.5507152,99.0344632,84.06570020000002,77.00182020000003,67.0045922,61.32471500000001,53.90738300000001,52.02978360000001,48.498742,48.53715440000001,51.82234440000001,49.88790940000001,49.22136380000001,54.30210140000001,59.0190958,64.19811779999999,67.5433616,74.38435559999999,57.3181536,46.4120868,28.6300148,14.69058,0.0,0.0,0.0,0.0,0.0,0.0,0.0,0.0,0.0,0.0,0.0,0.0,0.0,0.0,0.0,0.0,0.0,0.0,0.0,0.0,0.0,0.0
110501>110589,719,719,SFDu,Stratford,EntEx,719,SFDu,Stratford,LO Mildmay // WB,Enter-Board,7281.693508,173.5794438,510.2701378,3193.4999974,1953.801235,1099.6348118,350.9078822,2.2717662,4.245871599999999,8.662548600000001,19.9083296,28.0791068,33.1106066,36.919512,40.38170240000001,34.4619842,32.2250216,30.894286,34.5604902,33.61454439999999,35.9380826,37.988698,45.4317456,45.47510860000001,48.0505602,59.69488620000001,71.93473019999998,77.3556512,88.9191552,99.64479,109.313005,114.0307918,118.6956538,125.2845918,133.5634898,133.7361018,137.157969,142.133014,139.43414,139.246434,140.148622,142.53561,140.856628,142.82828,142.247766,140.581418,142.441156,146.438874,161.292996,165.435606,170.178254,169.37825,172.8478720000001,163.874606,165.969454,167.532882,167.29589,164.816664,162.53546,164.693608,161.584604,152.751783,140.520162,131.781972,113.854344,100.409428,98.175513,94.58243,89.161606,91.986796,89.01455720000001,80.89143880000002,76.07362920000001,72.58997920000002,61.11311840000001,54.1459692,48.6337496,45.715362,39.199837,34.9323108,31.7454878,32.8189938,24.594357,18.235096,12.941629,7.94509,0.0,0.0,0.0,0.0,0.0,0.0,0.0,0.0,0.0,0.0,0.0,0.0,0.0,0.0,0.0,0.0,0.0
110501>110590,719,719,SFDu,Stratford,EntEx,719,SFDu,Stratford,DLR (Stratford route) // OB,Enter-Board,4389.385529200003,38.86003160000001,166.9492254,2024.4136342,1368.649885,500.8424306000001,289.6703224,1.1229105,2.5200173,3.774052,4.92694888,5.81038394,5.76204696,7.25362456,7.690047460000002,7.992242920000002,8.347326200000001,9.232496180000002,8.454585380000001,8.66665438,9.95750264,11.8210183,14.8779192,17.18094840000001,18.8407394,23.5029798,28.0748126,31.3702426,36.6146414,44.3865978,51.2538108,55.52847600000001,61.02237160000001,64.986496,68.193692,69.5657,73.84126800000001,80.3508752,89.31034240000001,95.3973204,104.8169684,118.0558284,121.182696,119.5569988,115.8153648,107.7629908,100.60906,98.2107072,97.44240119999999,104.7662852,114.3724992,115.189294,116.9622272,121.9002332,121.2995022,115.6561702,112.9634962,110.837093,112.119445,114.235906,115.757162,110.429643,101.299713,82.94060440000001,63.82902240000001,48.64585320000001,40.0087102,34.06514979999999,32.448881,34.37658500000001,33.76766480000001,33.4858534,33.654315,33.43931660000001,30.1804748,26.8027098,22.8882512,19.9004454,16.072134,12.5896558,10.4052386,15.1336422,20.3714134,26.8086826,33.88388620000001,32.7393438,25.4953222,17.7031636,8.8764336,0.0,0.0,0.0,0.0,0.0,0.0,0.0,0.0,0.0,0.0,0.0,0.0,0.0,0.0
110501>110592,719,719,SFDu,Stratford,EntEx,719,SFDu,Stratford,DLR (Stratford Int'l route) // OB,Enter-Board,1767.5130318,33.83582878,100.26358752,794.1066778,464.1480806000001,209.7092705,165.4495866,1.4125586,2.3334676,3.38685534,4.31861326,5.471112720000002,5.18243564,5.697895840000001,6.032889780000001,6.311741580000001,5.883985520000001,6.281827000000002,5.81991192,6.21262644,6.74877252,7.57558232,8.84906392,10.046739,9.782511099999999,12.5882897,14.1625365,16.1622247,16.6266703,20.45347000000001,20.99201840000001,24.8365714,24.9177428,31.558099,32.389941,37.74605020000001,36.6202754,39.2303506,36.900322,39.7448124,34.4213658,36.5091158,34.58334980000001,36.72292539999999,33.074599,38.1064216,35.88785000000001,42.046589,40.1238584,44.3118928,40.140162,44.6438752,39.5379306,41.20081920000001,38.8621968,42.5559816,37.493944,40.4642096,37.2681964,39.2322254,36.29651940000001,36.1309432,30.4612392,29.25687240000001,22.7072684,18.93842080000001,16.0797216,16.1615018,14.6118488,17.0011688,16.5441024,17.023897,15.2524184,14.8555784,11.2764717,10.5860625,8.618497099999999,9.442400099999999,8.467428700000001,9.4147506,8.940586880000003,22.23787148000001,20.54078068,22.09716128,19.70411508,18.352686,3.986074,3.0611722,0.0,0.0,0.0,0.0,0.0,0.0,0.0,0.0,0.0,0.0,0.0,0.0,0.0,0.0,0.0
110501>110593,719,719,SFDu,Stratford,EntEx,719,SFDu,Stratford,DLR (Stratford Int'l route) // IB,Enter-Board,80.52053193487735,1.377250307877396,7.028475928000001,44.685614018,17.919333294,6.95715294,2.552705447,1.617448e-08,0.02714000217448,0.11269602617448,0.1126960367754792,0.1614965887754792,0.3068403406009992,0.3342218546009992,0.3221594426009992,0.460080172,0.46269439,0.448351802,0.42059376,0.5520067280000001,0.5168120180000001,0.565037534,0.5220831539999999,0.6432820960000001,0.51577936,0.90484787,1.016907044,1.537234644,1.657252124,2.0333588,1.7212913,1.89081046,1.5843054,2.02720336,1.90571278,2.43266446,2.4345957,2.40989818,1.90474584,2.18745644,1.87068408,1.97212182,1.95528762,2.03810032,1.59921185,1.61943479,1.25240247,1.47793221,1.74693101,1.87825956,1.5487188,1.6976686,1.56502164,1.38781546,1.338048,1.58012244,1.47530658,1.39484684,1.14682399,1.32441877,1.66106559,1.79163161,1.556563774,1.568724684,1.19382166,0.62146444,0.402541354,0.4246855740000001,0.345448174,0.404581704,0.384838504,0.389991922,0.367285312,0.46540234,0.388367272,0.339287719,0.311226955,0.326043447,0.216698685,0.213893225,0.1979484772,0.1743534372,0.1639676012,0.1737226872,0.1343347692,0.13214969,0.105319922,0.063758832,0.0,0.0,0.0,0.0,0.0,0.0,0.0,0.0,0.0,0.0,0.0,0.0,0.0,0.0,0.0
110514>110501,719,719,SFDu,Stratford,Central // EB,719,SFDu,Stratford,EntEx,Alight-Exit,19991.2077206,175.5459224,1170.8509916,8223.629042,5238.931362,2462.020442,2720.229960600001,12.0552542,17.0576022,19.1727802,19.071195,21.391372,22.9226626,26.9790546,36.89600160000001,46.90545039999999,51.8294928,56.9602718,63.3235918,71.28890679999999,80.18064720000002,89.86767520000002,107.6826832,128.4606272,147.5749372000001,157.5407200000001,169.235988,186.21502,197.627924,206.130448,224.798196,255.860158,276.1938740000001,291.1101260000001,308.174972,329.401994,336.78937,351.17109,376.65901,389.88393,407.510574,421.1405120000001,415.4426420000001,408.7756420000001,411.237082,394.1330580000001,392.500276,404.39748,399.6821600000001,409.2665880000001,429.526916,428.387396,439.8718680000001,460.185328,457.734224,462.405764,479.8648460000001,468.0041900000001,456.0999300000001,447.3453340000002,412.7923860000001,377.09236,349.1477360000001,312.22133,278.148476,254.773036,225.235582,205.274478,191.576074,180.840108,172.530926,166.373612,159.74148,158.001666,157.303674,159.749516,165.369126,168.427204,170.05688,168.267576,163.382542,154.110288,146.32259,127.5358452,116.0152572,95.2257072,89.713762,74.37270040000001,83.7896052,72.33260920000001,85.4549092,71.8611798,77.96255740000002,60.12786140000001,66.30055540000001,50.8803102,55.7762292,48.5457112,60.31119320000001,53.60367460000001,55.82555780000001,43.89575739999999,35.0132554
110514>110522,719,719,SFDu,Stratford,Central // EB,719,SFDu,Stratford,Jubilee // NB,Alight-Interchange-Board,2937.293437036001,49.545914056,273.7196,871.7512538000001,593.2708116000001,675.0178260000001,473.98803158,2.450350312,3.327533372,4.519426852,5.158984500000001,6.7323673,6.736146840000001,9.63305558,10.9880493,12.2493148,11.9013752,12.0394348,13.1974246,15.6698176,19.6466378,22.73602420000001,29.889163,34.0223326,36.39242539999999,33.54807700000001,32.427573,29.107963,25.090157,22.7096712,26.004751,28.38697800000001,29.4546872,30.395516,33.9856328,35.696272,36.8875676,37.814615,39.4664822,37.0174186,37.3217574,40.05711580000001,40.25875120000001,41.205038,44.1477544,41.57180140000001,39.3283434,43.532054,43.111908,42.7980026,46.401016,44.9583626,43.7935,49.590568,49.1798306,51.8635092,54.9506066,49.92713980000001,46.13579439999999,50.91151360000001,45.76552360000001,49.5188216,56.67564160000001,60.86903000000001,61.30465780000001,65.0470658,63.01368340000001,61.22474360000001,57.1254716,52.38608780000001,52.0263672,48.9922276,49.6347676,49.71135140000001,53.6823722,53.78583020000001,51.28910200000001,47.01717660000001,42.07754379999999,34.83170339999999,26.4931306,26.0502914,21.81342220000001,18.1302446,13.4307636,11.97468256000001,8.787638160000002,7.55180216,9.35582556,9.17262544,10.85911058,9.03460498,11.32130978,8.80678778,10.3920333,8.54215532,9.83011212,6.171909680000002,6.02491188,3.95053268,3.88096572,1.82589232,1.58592316
110514>110576,719,719,SFDu,Stratford,Central // EB,719,SFDu,Stratford,Elizabeth Line // EB,Alight-Interchange-Board,6170.700923050001,60.73699025000001,351.3378020000001,1950.2810298,1648.5781756,1370.7816794,788.9852460000001,0.2502478460000001,1.743971906,3.076955786,5.174446186000001,8.613457106,11.59687874,12.46842928,17.8126034,20.7918636,20.9937548,23.15402640000001,27.2388106,27.1084978,29.2296972,32.5842658,36.0310234,34.8972026,34.20699380000001,32.59710680000001,32.5045592,29.606436,31.957276,33.67926360000001,37.00519600000001,38.1322254,40.8159278,43.0272058,45.28227860000001,46.162584,51.6888756,58.55782960000001,69.82764559999998,85.1224598,97.973145,113.015753,123.979387,121.235613,122.703682,129.861036,123.38456,122.174894,129.609756,126.45209,129.02591,131.581192,130.087538,138.437558,145.95955,136.6071388,150.3838268,149.6556228,142.3307348,137.7841608,134.001676,118.6100248,133.1391528,132.0059128,127.4097528,133.2637148,130.116154,114.722378,109.129643,109.1525278,99.83266379999999,104.7214018,103.6976198,107.4544128,99.275498,107.258594,97.22154000000002,84.18740460000002,75.3282286,78.89249960000002,73.58513760000002,65.76084560000001,63.847761,54.3949946,40.2537348,21.8026388,14.6982928,8.668420800000002,3.085153200000001,0.0,0.0,0.0,0.0,0.0,0.0,0.0,0.0,0.0,0.0,0.0,0.0,0.0,0.0
110514>110577,719,719,SFDu,Stratford,Central // EB,719,SFDu,Stratford,Elizabeth Line // WB,Alight-Interchange-Board,40.63836217712002,0.12308516592,3.959166827200001,19.128634938,11.933145455,2.167706524400001,3.3266232666,0.00049348004,0.00049348004,0.01915469304,0.018661213,0.0257358782,0.0257358782,0.0257358782,0.007074665200000002,0.022021786,0.0149471208,0.0671522968,0.1270998288,0.2259839688,0.30871356,0.51443264,0.576016244,0.612194666,0.575666566,0.5256909080000001,0.3892472420000001,0.523359142,0.501573704,0.4910922780000001,0.486438764,0.7044359499999999,0.490642294,0.474543538,0.508828774,0.880073834,0.6473107300000001,0.9892780859999999,1.050805052,1.246181442,0.8660445619999999,1.230779346,0.907042916,0.9377543700000002,0.7796950760000001,0.951293276,0.5396591507999999,0.9446488008,0.8527701548000001,1.1088900288,1.0154936688,1.242474054,0.7958264840000001,1.36945891,1.08750127,1.19749579,1.029960142,1.283311852,0.7066288359999999,0.9252651959999999,0.724326241,0.8931231690000001,0.6777735109999999,0.6772909470000001,0.3793550022000001,0.3869045272000001,0.1702430722,0.1433335382,0.1009926902,0.090881856,0.065088058,0.05691645059999999,0.0434614026,0.0307338706,0.0225051096,0.0193362576,0.099161214,0.09767175759999999,0.1113227844,0.1209490218,0.1209490218,0.0301053078,0.5621221442000001,0.5484711174,0.53884488,0.53884488,0.53884488,0.0,0.0,0.0,0.0,0.0,0.0,0.0,0.0,0.0,0.0,0.0,0.0,0.0,0.0,0.0,0.0
110514>110582,719,719,SFDu,Stratford,Central // EB,719,SFDu,Stratford,NR Great Eastern // DN,Alight-Interchange-Board,2599.1561258785,5.2246661091,72.44454648940001,684.59252988,837.6187998,550.0631912000001,449.2123924000001,0.04667608000000002,0.04997057100000001,0.371289671,0.5401136510000001,0.7758567110000001,0.7307097157000001,1.3835285247,1.3265211847,2.6023364047,2.724522624700001,3.0108792,3.66220924,5.791832080000002,5.09637072,5.51059554,8.13981918,9.66441244,7.85724332,7.83794052,10.54638522,10.86031912,9.31721618,9.98880698,14.07641354,14.69359874,13.29353434,13.76457568,17.79779700000001,18.9267494,17.40341200000001,17.993568,27.983565,33.0572042,30.2244922,29.662255,43.9426522,45.7458942,38.4684576,36.35048374,47.95057834000001,45.69834754000001,41.38342354,42.09678774,63.91239760000001,67.85966359999999,60.43571240000001,55.923872,79.17312960000002,77.74557960000001,66.88578220000001,63.78226980000001,88.39312420000002,76.2386802,63.554841,60.82932940000001,76.79681579999999,60.6677718,51.87251420000001,46.03931360000001,56.25436380000001,48.0819626,40.5987174,37.391769,47.5023688,38.80560100000001,36.4191102,36.15311180000001,50.27658700000001,41.9192966,44.35201420000001,40.1403428,70.3384764,53.3212492,57.65618480000001,49.73092379999999,50.2794736,14.6223236,14.8013562,5.846343000000001,5.846343000000001,0.1790326,0.1790326,0.0,0.0,0.0,0.0,0.0,0.0,0.0,0.0,0.0,0.0,0.0,0.0,0.0,0.0
110514>110583,719,719,SFDu,Stratford,Central // EB,719,SFDu,Stratford,NR Great Eastern // UP,Alight-Interchange-Board,89.37709959682891,0.01423092620768,6.78021518914566,41.24521848967559,17.684268774,10.689061535,12.9641046828,2.1876655e-06,3.4467625e-06,3.576674768e-06,5.554272768e-06,5.019466827999999e-06,6.968490528000001e-06,5.709393527999999e-06,0.01419846348126,0.04525944588326001,0.206868852959,0.2068667517284,0.3965909917284,0.382400615158,0.583733715158,0.7561075631580001,0.8347870474296001,0.7784996174296002,0.7785001028378001,0.8555956428378002,0.9550048428378002,1.1733273828378,1.2232394928378,1.244429532000001,1.032348692,0.711991032,0.8240363120000002,1.123302992,1.5981535,2.47046354,2.5998544,2.60376262,2.45362088,2.53576128,1.99579748,1.96660918,2.1497538,2.18275208,1.79986214,1.72144842,1.884508,1.482532,1.3882603,1.6230177,1.456385734,1.226027144,1.148699204,1.084745004,0.9009067040000002,1.31843719,1.6208796,1.83078874,1.89004056,1.769407092,1.456329392,1.614248192,1.823759952,1.687864812,1.58765685,1.62956261,1.30213141,0.90108154,0.892939652,0.901428484,0.5715991062,0.3705452602000001,0.2673468402,0.1822152962,0.3946896742,0.503915542,1.404022988,1.456862934,2.166865486,2.088990966,2.233970636,1.256048236,1.17123842,0.42390638,0.2554460200000001,0.0,0.0,0.0,0.0,0.0,0.0,0.0,0.0,0.0,0.0,0.0,0.0,0.0,0.0,0.0,0.0009456916,0.0009456916,0.0009456916
110514>110584,719,719,SFDu,Stratford,Central // EB,719,SFDu,Stratford,NR Weaver // DN,Alight-Interchange-Board,1286.678241222,25.853360702,150.27254392,601.7445901,323.693742,136.0878951,49.0261094,0.006618978000000001,0.01947572,1.03613732,1.1890376,4.671480022000001,5.377668422,5.670646920000001,7.88229572,10.15272244,8.54591084,10.25166864,11.6200952,12.903842,12.7947728,14.8914006,15.549292,16.0707051,12.7247619,13.4441679,11.3232045,11.3399139,10.88427220000001,15.8139194,14.8513892,17.124697,16.1027522,18.8889416,14.3122654,16.4920458,13.6103534,18.1360872,16.2703792,24.73369080000001,23.6681384,31.0178672,27.5265016,38.650961,32.301077,43.1858142,36.6133894,43.92631780000001,32.3459494,47.68866680000001,36.25920000000001,46.49535640000001,38.35946180000001,44.79601760000001,28.4846168,31.1496604,22.2739048,24.4103006,18.5731082,20.632842,17.1188568,16.6575292,14.7420874,15.8840318,13.2632996,14.1966456,12.4125413,13.1687991,10.2789721,10.2954417,8.8381411,9.547603599999999,8.2680722,10.3307404,9.603606599999999,12.3499028,12.1451148,10.1714302,7.052675600000001,5.660508999999999,1.646477,0.0,0.0,0.0,0.0,0.0,0.0,0.0,0.0,0.0,0.0,0.0,0.0,0.0,0.0,0.0,0.0,0.0,0.0,0.0,0.0,0.0,0.0
110514>110589,719,719,SFDu,Stratford,Central // EB,719,SFDu,Stratford,LO Mildmay // WB,Alight-Interchange-Board,1337.7942771371,10.6209189571,151.39440498,461.0091303,364.3617668,247.8587786,102.5492775,0.00016349582,0.00391214742,0.07652904742000001,0.31269800742,1.07238280742,1.5087876716,1.75459014,5.891855640000001,8.86260268,10.47690428,11.23359992,12.6539218,11.1496491,9.8787743,11.5324859,12.4916679,14.9470405,15.2116914,17.4189432,15.537124,16.892474,15.3187526,16.129797,14.6242912,16.321229,15.845725,15.7639356,14.7767943,16.1332551,15.7605789,16.8470373,18.3123703,21.0233266,20.8516636,22.491689,22.4234174,22.0823812,20.8031988,21.9208092,20.8090184,22.2652416,23.8071696,24.7307166,25.074258,27.2464194,27.1791286,28.1705014,28.9684188,30.3558284,30.4524688,32.70971660000001,32.69459620000001,31.9766078,32.3660426,32.0407878,30.2012504,30.2171676,29.012492,26.9171792,24.9295132,23.5433312,20.6361966,19.4530746,17.1489828,15.9816154,14.0475038,13.5769642,12.394758,13.6515952,12.40238408,13.93154648,13.11064728,13.20212548,10.83017234,10.50425446,6.43826406,4.508708260000001,2.75782026,1.2117596,0.0,0.0,0.0,0.0,0.0,0.0,0.0,0.0,0.0,0.0,0.0,0.0,0.0,0.0,0.0,0.0,0.0
110514>110590,719,719,SFDu,Stratford,Central // EB,719,SFDu,Stratford,DLR (Stratford route) // OB,Alight-Interchange-Board,1652.6456752,17.55886312,45.54186716,640.3231223200002,516.1335278,237.643279,195.4450158,0.133851108,0.340446868,0.904622328,1.394522328,2.755093088,2.93206434,4.61632258,4.48194048,4.5187148,4.3926824,4.308112680000002,2.97784332,2.99142402,3.20126236,2.63791896,3.50177276,3.87168292,4.35452246,4.35739364,4.42853684,4.64874484,5.42151784,5.93133072,6.79500108,8.60795968,10.40262108,11.38259888,13.312186,15.816176,17.2506774,22.4020154,27.6186258,33.8236422,42.870076,50.562772,54.946783,57.57419700000001,54.44054440000001,46.957419,40.68760620000001,32.055734,26.1009666,25.7966052,24.917322,23.801142,25.768792,26.9456054,29.4119602,34.7003502,40.401247,44.6737602,51.6478238,59.092252,61.81551780000001,60.76077660000001,57.11430060000001,48.8202824,36.3281602,26.3742072,20.0146674,16.1169812,13.6953802,11.7902786,10.8526306,10.8429574,11.7115728,14.3793434,16.7168176,18.660931,18.0024124,17.5411478,16.2444544,15.001928,12.0721048,13.714579,15.4321314,18.9154292,16.1743062,15.2488918,11.5745644,6.862135400000001,0.0,0.0,0.0,0.0,0.0,0.0,0.0,0.0,0.0,0.0,0.0,0.0,0.0,0.0,0.0
110514>110592,719,719,SFDu,Stratford,Central // EB,719,SFDu,Stratford,DLR (Stratford Int'l route) // OB,Alight-Interchange-Board,891.6357083199998,19.0640362,79.58454246000001,253.30064746,206.528551,125.82330178,207.3346294200001,0.142604658,0.4559622780000001,1.421049398,1.579953724,2.754601244,3.132758646,4.549677826000001,5.027428426,6.29322818,6.073645340000001,6.921775,5.76139694,6.30213862,5.8422944,6.69164532,6.537770200000002,7.995020460000001,6.865609660000001,7.632426800000001,6.667591540000001,7.538296540000001,6.4644238,7.648258800000001,7.04446314,8.111191999999999,7.415099099999999,8.70317224,8.164945840000001,10.1515099,9.42870584,10.27528534,9.56519334,11.73673994,10.78133554,11.858962,11.8399136,13.7043048,11.6397646,13.8049396,13.7809065,13.9101939,12.8496479,14.8049973,12.0783959,14.5280094,15.2012344,16.5278956,16.09156,19.73351640000001,17.1306376,19.8266512,17.8951296,18.816131,16.9152608,18.8793824,14.9831426,16.0766724,13.349171,12.334223,9.38864914,9.97499194,8.34144268,9.26884528,8.14714468,9.84380234,9.0354022,10.56755646,9.49540066,11.93814446,11.07420866,12.8897908,11.5448223,14.7059261,12.4545878,13.5660819,22.34539830000001,27.3483812,23.0127332,21.6192755,18.4548878,6.380391400000001,0.0,0.0,0.0,0.0,0.0,0.0,0.0,0.0,0.0,0.0,0.0,0.0,0.0,0.0,0.0
110514>110593,719,719,SFDu,Stratford,Central // EB,719,SFDu,Stratford,DLR (Stratford Int'l route) // IB,Alight-Interchange-Board,432.2106670238216,4.307349039821601,31.488627764,124.69315024,111.36788338,87.23445233999999,73.11920426,0.0010432286904,0.0239667646904,0.1103749206904,0.1345415466904001,0.61337955706,0.6910183300000001,1.201042134,1.531982558,2.170609232,2.070930472000001,2.29651094,2.22515036,2.22128106,2.13752052,2.28013688,2.75543868,3.27534758,3.15475882,3.39870306,3.502240159999999,3.24097228,2.73268648,3.22812266,3.0535557,3.15944578,2.98992554,3.21246628,3.062572980000001,3.37968094,3.30309254,4.706288259999999,4.7946236,5.688434999999999,5.84166014,6.89484928,6.266272620000001,7.554005480000002,6.99619182,7.73490928,6.9927592,7.94288326,6.9628394,7.86697826,7.08793346,7.567560940000001,6.57175874,8.1929148,7.351597000000001,9.1386394,9.036493199999999,9.982971000000001,8.557805199999999,10.4885364,10.7050002,12.2896512,11.4849553,12.2670617,9.9375416,8.7022698,6.516520600000002,6.818905900000002,5.36423196,6.45180326,5.43219006,6.499850060000001,5.924304599999999,7.04660894,6.27316386,7.57187966,6.610460160000001,8.11518742,7.277407900000001,8.39077578,6.445127220000002,6.214464880000001,6.65369808,5.7539756,3.6880182,3.50791396,2.8902954,0.0,0.0,0.0,0.0,0.0,0.0,0.0,0.0,0.0,0.0,0.0,0.0,0.0,0.0,0.0,0.0
110515>110501,719,719,SFDu,Stratford,Central // WB,719,SFDu,Stratford,EntEx,Alight-Exit,5693.559892579999,85.25204281999999,624.9266253999999,3497.8963082,1113.9710164,268.7176737,102.79622606,2.6198031,4.848002900000001,6.6390729,9.018531900000001,12.17401882,14.3886736,16.6081656,18.955774,23.780708,24.1669626,29.27508,31.7201494,37.7485654,40.9660778,48.6352054,57.2840654,70.27190420000001,79.70433059999999,85.65084860000002,95.72272800000002,103.217512,109.963474,118.2143772,133.487034,145.176708,155.99226,162.2175480000001,163.894602,170.951194,171.4539600000001,167.434804,167.555214,172.086458,162.749646,161.631424,162.233218,156.7297620000001,149.8666,145.078489,132.272665,125.524075,124.565135,117.865171,117.734978,121.85985,118.162804,112.2703,112.38831,104.578562,96.62620400000002,92.38771280000003,85.22306280000002,77.92981479999999,73.5475228,64.450902,54.5459712,46.420531,38.6589102,30.5315168,26.408023,23.3121706,21.4714788,18.44174970000001,15.7671459,13.6787759,12.6504023,11.1096226,10.2673469,9.9902419,9.806500300000002,8.6439258,8.11566806,7.66198906,7.11245126,6.477819859999999,5.41182648,4.5365972,3.580188179999999,3.06495498,2.27324496,2.71052912,2.246371390000001,2.45788671,1.854137676,1.873766376000001,1.443039116,1.689225386,1.397055206,1.61725644,1.421170180000001,1.48061144,1.38639884,1.47844626,1.2670186,1.08244578,0.7154595
110515>110522,719,719,SFDu,Stratford,Central // WB,719,SFDu,Stratford,Jubilee // NB,Alight-Interchange-Board,10211.9427613,858.2902465999999,2836.2278364,3809.5123396,1428.471227,845.6810720000001,433.7600396999999,18.603786,38.55264,61.022834,89.66643499999999,112.7522456,136.638852,184.252608,216.800846,242.160688,254.728954,267.98012,248.52861,243.11164,231.255632,229.74454,239.005904,246.663676,235.873082,208.4524732,188.7225172,162.8358672,133.7902652,121.8111112,136.78272,146.947422,152.874948,159.29504,163.154138,174.485702,182.352578,177.024984,182.623038,193.933398,177.552462,168.754688,176.79961,167.056298,156.169842,160.816778,150.395022,145.683416,148.84238,137.719267,131.811365,135.216673,124.033709,115.913877,120.551124,114.034686,114.527794,121.558904,118.824954,116.32265,119.172938,116.24081,112.073108,108.43732,105.081486,99.090992,89.77013000000002,79.287194,71.211425,61.48789620000001,52.98463360000001,47.02505360000001,43.5164376,44.8151086,42.97339539999999,41.683969,41.73582260000001,41.2361026,36.373989,34.46941020000001,35.4316232,29.7434704,23.2504496,19.8797836,16.3146054,12.0735116,9.763504600000001,11.0901153,9.31215684,8.926039040000003,5.855403119999999,6.7487684,5.20700824,5.6632441,4.59832614,4.718649660000001,4.31809678,4.56195454,3.511553340000001,4.7344168,5.2738685,4.188792299999999,3.0954048
110515>110576,719,719,SFDu,Stratford,Central // WB,719,SFDu,Stratford,Elizabeth Line // EB,Alight-Interchange-Board,689.2273095417003,18.409758012,121.94779524,303.1006930200001,142.86064508,71.48472386,31.4236943297,0.063992008,0.263703068,0.3798021760000001,1.585924776,2.980718708,3.576104048,3.935389468,5.62412376,5.730199600000002,5.690048580000001,6.943213040000002,8.960907160000003,9.19170716,10.90867742,11.6990855,13.0278321,12.7968946,13.2474646,11.40048364,12.35128184,11.63636004,12.25639094,11.76263694,13.6754104,12.4225468,12.9011454,11.8239346,12.8504202,12.6844806,13.0554426,12.2577698,13.2640048,12.0083912,11.786941,13.2650092,13.2868662,12.5023416,14.4094842,13.8507703,12.8515211,12.6579119,12.4818921,11.2038647,12.2051564,11.4306766,11.7077898,13.0083718,13.1676342,12.2096628,13.3768908,13.2766356,12.7166256,11.8115422,11.5062308,9.70958504,8.938999840000003,7.360577440000001,7.115585080000002,6.360237880000001,6.69889424,6.345503580000001,6.29159518,5.73644754,5.67172554,5.04150444,4.94456784,4.653152420000001,5.26493268,4.806162280000001,4.67745878,4.095305860000002,3.98021338,3.10451024,2.95861274,2.33709148,2.020807266,1.441852776,0.8607366539399999,0.5079755739399999,0.2449468339400001,0.16784742794,0.11080481794,0.10936822,0.0,0.0,0.0,0.0,0.0,0.0,0.0,0.0,0.0,0.0,0.0,0.0,0.0
110515>110577,719,719,SFDu,Stratford,Central // WB,719,SFDu,Stratford,Elizabeth Line // WB,Alight-Interchange-Board,3915.30677709747,255.5046690769,843.5101804000002,1689.3923442,671.943352,374.0664126400001,80.88981878057156,3.9470682923,10.2088304923,15.2017804923,28.113852,37.1288792,43.96715620000001,56.75443120000001,60.18267120000001,57.99674440000001,59.97680960000001,63.80737400000001,60.7256628,69.47802080000001,74.6757944,77.10258420000002,78.7340998,79.85088780000002,76.5016358,72.69502340000003,71.9655434,74.10646740000001,73.05447620000002,73.48128620000001,77.6741558,81.71805479999999,80.82947280000002,78.753416,74.33431800000002,85.47715400000001,78.15994599999999,73.14315700000002,82.07431500000001,83.81975000000001,65.44965200000001,72.16320920000003,70.7201634,56.726848,64.27554780000001,64.0447608,52.3570846,59.9461074,60.4104942,48.51049580000001,58.1620118,61.19145480000001,52.50178879999999,59.3404324,59.745612,48.38369179999999,57.28392480000001,58.4413382,52.62770380000001,57.51184780000001,61.24163900000001,51.781814,51.8921046,49.307226,44.42548600000001,39.4616196,36.78392580000001,33.1106484,30.2313144,27.6594276,25.9474548,24.9691826,23.86031280000001,19.91269612,18.39711852,15.65252164,14.77361424,11.77665724,12.43074232,9.14673896,8.150067700000001,3.88855871,2.44590696411431,1.04903504411431,0.78677480411431,0.33182414411431,0.22868853411431,0.22868848,0.0,0.0,0.0,0.0,0.0,0.0,0.0,0.0,0.0,0.0,0.0,0.0,0.0,0.0,0.0
110515>110582,719,719,SFDu,Stratford,Central // WB,719,SFDu,Stratford,NR Great Eastern // DN,Alight-Interchange-Board,241.7419016708074,4.9448569212116,27.60565560348,116.418469702,59.53586862800001,25.53950214,7.69754867611577,0.03108562292200001,0.03108594238272001,0.28684256238272,0.4517906023827201,0.88588867146072,0.8559422802007199,1.31375798074,1.08846325874,1.30926775874,0.99494592874,1.240674148,1.119232748,1.96555165,2.16079991,2.43134126,3.1828371,3.48801012,3.16502222,2.93243736,3.6155354,3.69635706,3.6849841,3.66546668,4.66384248,4.8672265,4.47096238,4.26108446,5.673533780000001,6.035721840000001,5.562264900000002,5.113571300000001,6.38259534,5.52762154,4.72102106,3.997093126,5.537718486,4.914297146,4.477254826,3.994374846000001,5.840878780000001,4.87424822,4.86939784,4.282147116000002,5.304805896,4.182305596000002,4.232274656,3.525208336,5.857804980000001,5.140490600000001,5.571494660000001,5.236181960000001,6.430320660000001,4.957333660000002,5.38362552,4.325426999999999,4.693401000000001,3.55472134,3.44325994,2.40315054,2.66924386,2.20042716,2.22017156,1.47208516,1.732139499999999,1.4139813,1.47750696,1.40685388,1.54596094,1.51870808,1.424198974,1.023137348,0.7728066080000001,0.5661798604011541,0.358007308401154,0.334659494401154,0.366573140401154,0.258379337223154,0.373859338822,0.238204210822,0.231866170822,0.115488690822,0.115480114,0.0,0.0,0.0,0.0,0.0,0.0,0.0,0.0,0.0,0.0,0.0,0.0,0.0,0.0
110515>110583,719,719,SFDu,Stratford,Central // WB,719,SFDu,Stratford,NR Great Eastern // UP,Alight-Interchange-Board,166.9976804930238,5.4542842849,21.474107046,100.19776884,29.694139794,7.643396498660001,2.53398402946377,0.27680619126,0.27837328306,0.27977082618,0.29989630818,0.56268850818,1.10103199692,1.20608999712,1.449627174,1.584479672,1.280001212,0.76745253,0.9591079779999999,0.8420143260000001,1.687650806,1.612628254,2.234862396,2.457712616,2.780173008,2.064598788,3.20342546,3.57880826,4.1862751,4.33244324,5.751133,5.77597674,5.9018502,5.27583968,5.54135442,4.70056692,4.15663672,3.96521712,4.45983904,4.1159577,4.102495360000002,3.888714020000001,3.484612020000001,3.23242394,3.648021940000001,3.68729518,3.774624220000001,3.7650527,3.60600838,2.9238176,2.34280534,2.28083836,2.45445524,2.19280938,2.86388646,3.25583866,3.09159004,2.7135002,3.04295584,2.2547656,2.10393046,1.79862804,1.640941514,1.133771128,1.209603488,0.774483328,0.7682635000000001,0.630000054,0.613349472,0.5247611320000001,0.5025940600000001,0.462665028,0.4578616320000001,0.34372234,0.22232133666,0.25257043666,0.30790836466,0.47578773266,0.46139292712,0.4660311906600001,0.344211187784754,0.213432839784754,0.006309719784754002,0.004878405324754001,6.512475400000003e-08,0.0,0.0,0.0,0.0,0.0,0.0,0.0,0.0,0.0,0.0,0.0,0.0,0.0,0.0,0.0,0.0004870533,0.0004870533,0.0004870533
110515>110584,719,719,SFDu,Stratford,Central // WB,719,SFDu,Stratford,NR Weaver // DN,Alight-Interchange-Board,472.15640641456,38.31847521456,94.10730024000001,202.14073216,82.49891312000003,40.25717788,14.8338078,0.0009185455,0.0135164335,0.1684691615,2.79220291406,5.353964216,8.154871216,9.292363128000002,12.5421696,10.7376458,8.623791260000003,7.526281860000003,8.15759206,6.176057780000002,6.86746146,7.738906600000001,7.934235600000001,7.556386200000001,6.994347680000002,7.924899600000002,7.869694340000001,7.710389140000001,6.814292260000001,7.592105060000002,8.06621746,8.675456520000001,9.25765192,10.4584742,11.436176,11.0355374,10.5383922,10.1639276,9.146307640000002,9.39626164,7.672809099999998,8.195584700000001,7.7060431,9.01808026,7.003811540000001,7.96720448,6.99032068,7.268056080000001,6.20293354,7.142059260000001,6.68264038,7.117757280000001,7.020780680000001,7.709790020000002,7.06120562,7.4913911,7.6285414,7.125229060000001,7.439649060000002,6.856695180000001,6.004565260000001,5.781012260000002,5.262296200000002,4.34448212,4.24996618,3.9448038,2.86514296,2.697215,2.82194798,2.892482100000001,3.01891046,3.06628774,3.3041325,3.330425200000001,3.721381840000001,3.52317696,3.98573362,3.29947582,2.12526422,1.19831568,0.7018415,0.0,0.0,0.0,0.0,0.0,0.0,0.0,0.0,0.0,0.0,0.0,0.0,0.0,0.0,0.0,0.0,0.0,0.0,0.0,0.0,0.0,0.0
110515>110589,719,719,SFDu,Stratford,Central // WB,719,SFDu,Stratford,LO Mildmay // WB,Alight-Interchange-Board,2240.146517096,114.810704696,371.4021142,1041.2843228,444.2176304,215.83658156,52.59516344,0.214990444,1.033222844,2.742838444,7.912722244000001,16.81288992,24.04913040000001,29.9631734,32.081737,32.6504594,28.1450828,26.4060324,26.3038916,29.1585058,29.7178564,31.7494736,34.0352372,33.7098756,32.183925,32.237702,35.10407240000001,35.16107760000001,38.207861,41.1873082,44.67702180000001,43.7440922,44.36386220000001,44.5685538,45.5305326,47.61396,49.367572,49.66393660000001,50.205193,51.0509878,47.9323622,46.6941054,47.2889068,43.51854280000001,40.3315242,39.0260906,36.3411732,36.1060116,39.792434,40.192353,38.7188602,38.632288,35.78864779999999,33.302851,33.713369,35.9386486,37.471071,40.2559264,41.1514598,40.08199879999999,38.41246760000001,36.37578060000001,33.0931218,29.1242216,27.3187516,24.97487,22.92391060000001,20.0414646,18.4696004,16.4261278,14.3750964,12.63035,11.17120872,9.85194872,8.529031119999999,7.70928372,7.23302026,6.935657140000001,6.221399480000001,5.9329358,5.2773463,4.765599900000001,3.4637971,2.61477976,1.57708264,0.8642613400000001,0.0,0.0,0.0,0.0,0.0,0.0,0.0,0.0,0.0,0.0,0.0,0.0,0.0,0.0,0.0,0.0,0.0
110515>110590,719,719,SFDu,Stratford,Central // WB,719,SFDu,Stratford,DLR (Stratford route) // OB,Alight-Interchange-Board,1300.188460852,56.032193452,204.315749,639.0558047999999,238.9591436,71.55071530000001,90.27485469999999,0.440468844,0.668087444,2.653116844,5.594314580000002,7.990123740000001,10.1070912,13.1937586,15.3852322,15.3046674,15.3996118,16.07533560000001,16.8791496,15.7930612,15.3341026,16.7641422,18.0905516,18.2464016,18.4527018,18.855166,19.1208576,19.8994236,20.45965300000001,21.6849982,25.1775032,26.6866652,26.8083704,27.46047840000001,28.50175,27.35396220000001,27.4774452,28.3539384,28.8233932,30.6594742,30.9387344,30.3651096,31.6213498,31.84455920000001,29.09120100000001,28.0521028,26.569621,23.631272,23.1313128,22.3925178,22.0709692,22.92084980000001,22.96565660000001,20.3436632,21.3846834,21.59827940000001,20.308917,20.0250166,21.1994182,19.4798256,17.8335616,16.5281986,14.3710736,11.3099647,9.47634158,8.06918104,6.889366040000001,5.706715440000001,5.579288440000001,4.977824880000001,4.47433542,3.9977249,3.86258456,3.69968846,3.507699839999999,3.63106692,3.45375856,3.5633047,3.5976203,3.9997699,5.347461620000002,11.2868435,11.7033099,13.6722633,12.668502,10.4529988,4.0147176,2.8832376,0.0,0.0,0.0,0.0,0.0,0.0,0.0,0.0,0.0,0.0,0.0,0.0,0.0,0.0,0.0
110515>110592,719,719,SFDu,Stratford,Central // WB,719,SFDu,Stratford,DLR (Stratford Int'l route) // OB,Alight-Interchange-Board,689.4609682200002,48.64357702,170.9708652,244.67859558,96.18322473999999,55.36111028,73.62359540000001,0.4353252400000001,0.90099472,3.10150732,4.620616180000002,7.7636593,9.42073514,11.27038946,11.13034966,13.4917512,11.807566,12.783039,12.3301344,13.811978,12.0256792,15.2761612,15.0471702,18.3584734,16.3463104,16.6030356,13.0895666,13.2044654,10.041308,11.6684518,11.1352472,14.7227348,13.7518266,13.9593042,12.10250892,14.21873472,10.65808422,12.30506842,10.95084848,12.42703196,9.64788016,10.47685666,7.4297132,8.99193094,6.572656100000001,7.042607100000001,5.901830500000001,7.189257360000001,5.726058760000001,7.677702200000001,6.87648788,7.907454679999999,7.17263228,8.64999148,7.01467634,8.751633860000002,7.686913260000002,9.00737166,7.816214260000002,9.385400599999999,7.740319599999999,8.36884212,6.6817746,6.784391340000001,5.144664240000001,5.359085040000001,4.641004240000001,5.14574382,4.22855422,4.78125992,4.16767272,4.341530000000001,3.425935800000001,4.008054520000001,3.33321442,3.98484348,3.25667784,3.72198478,3.11030136,3.46647006,6.173822600000001,10.84117184,10.56842844,10.7818368,9.944604400000001,6.0693698,1.0857696,0.6183144,0.0,0.0,0.0,0.0,0.0,0.0,0.0,0.0,0.0,0.0,0.0,0.0,0.0,0.0,0.0
110515>110593,719,719,SFDu,Stratford,Central // WB,719,SFDu,Stratford,DLR (Stratford Int'l route) // IB,Alight-Interchange-Board,58.90103666074444,4.498514308,16.261330462,25.442399782,8.835324714,3.137153056000001,0.7263143387444301,0.0,0.047389666,0.128221826,0.4440040860000001,0.6821186859999999,0.7387432300000001,1.173413324,1.28462349,1.49121229,1.30212517,1.370864706,1.143628866,1.45798928,1.11693593,1.28484525,1.34574591,1.51849453,1.28561269,1.38251238,1.56136346,1.58843754,1.30880122,1.2505953,1.07303654,0.96133796,0.85639704,1.1110449,1.09814562,1.3073403,1.22276398,1.36078602,1.17842874,1.14276792,0.94307888,0.97415564,0.84625072,0.7895070800000001,0.7433648340000001,0.907651994,0.7806462340000001,1.105452814,1.048262254,1.01235933,0.8317869220000003,0.9486331020000004,0.6265691879999999,0.625326788,0.629243718,0.838911066,0.7223146859999999,0.7379808400000001,0.7311163,0.758880008,0.7385571679999999,0.7980789079999999,0.679712942,0.652894882,0.572042074,0.2990903514,0.1378159262,0.1311666952,0.0920482052,0.1290324772,0.1413708678,0.197229653,0.21477681,0.3079109600000001,0.261774154,0.253245454,0.195305574,0.1773228248000001,0.0519395648,0.025554610948886,0.011473102948886,0.011473102948886,5.2148886e-08,5.2148886e-08,0.0,0.0,0.0,0.0,0.0,0.0,0.0,0.0,0.0,0.0,0.0,0.0,0.0,0.0,0.0,0.0,0.0,0.0,0.0
110523>110501,719,719,SFDu,Stratford,Jubilee // SB,719,SFDu,Stratford,EntEx,Alight-Exit,32099.0490152,584.0245762000001,2489.288159,13216.837214,6757.694575999999,4348.039406000001,4703.165083999999,23.91385600000001,42.138145,61.03992700000001,70.5771554,70.26265740000001,97.0829178,107.7400748,111.2698428,125.846456,139.798674,130.525147,132.625115,148.920429,167.011443,183.370161,221.472972,266.408746,307.9472820000001,321.9297420000001,343.431992,354.4263620000001,355.961988,355.6359740000001,392.676812,429.711352,472.654962,508.850696,549.448956,577.7233840000001,604.2737880000002,622.6555480000001,633.207268,639.7226820000002,647.942502,644.482796,635.6311360000001,625.5366540000001,611.6794540000002,598.377424,591.321156,581.446376,585.1717179999999,596.888498,601.4097280000002,602.6931480000002,613.2252560000002,613.0583,605.82276,600.097892,589.775792,572.945264,552.036182,523.907162,495.9585300000001,496.6151,491.5591900000001,486.0971480000001,478.885824,463.4294440000001,430.4461680000001,391.825458,362.39525,338.660802,318.11043,286.097048,273.007034,262.056934,257.027866,267.244492,319.3839800000001,340.0130860000001,364.7227340000001,390.941724,386.913782,330.0369340000001,315.6225060000001,270.613318,218.562266,194.895382,174.86839,131.7080508,129.5917628,113.4312988,99.633822,86.76596660000001,86.72367980000001,65.2814838,68.69660259999999,54.0527434,56.47655779999999,45.6859358,49.5332278,38.87958860000001,43.2410678,31.8521488,27.79255280000001
110523>110514,719,719,SFDu,Stratford,Jubilee // SB,719,SFDu,Stratford,Central // EB,Alight-Interchange-Board,10330.82203502,195.98996762,714.9758118,2426.6535426,1875.131586,2311.907392000001,2806.163735000001,8.29821574,10.69690514,18.79219514,21.0981516,24.3140986,31.84571500000001,40.14360620000001,40.8010802,46.12291320000001,49.58706460000001,47.52143460000001,48.257436,51.784387,56.04319700000001,56.4375538,65.4651078,72.0007078,73.32658359999998,73.04454759999999,75.3848788,72.08870879999999,66.75225280000001,67.30874700000001,70.561257,71.28778299999998,75.7563878,82.47754259999998,88.71032459999999,94.1807946,100.5127938,105.7183862,113.4502494,111.6925024,116.2257544,120.0906952,116.987646,113.966558,119.705926,113.200049,111.575709,120.408381,117.788551,121.916723,134.28982,138.379476,140.249588,152.034314,145.348942,146.004692,150.589708,153.831306,155.89511,166.634642,164.466652,176.222736,185.47442,187.398818,193.87328,198.850852,196.27835,192.692838,198.955054,199.302352,200.944872,195.402906,188.688386,182.217274,177.30241,185.946856,199.939388,212.525216,234.763622,268.521722,275.22434,241.179123,234.189773,195.791509,149.564057,112.693557,106.349062,73.29790320000001,61.90362920000001,43.37491240000001,33.2659724,27.1331218,26.11310340000001,18.3729912,18.6748744,15.474486,14.734809,11.07140592,11.99007172,9.405697919999998,10.54699532,7.446622920000001,6.6689132
110523>110515,719,719,SFDu,Stratford,Jubilee // SB,719,SFDu,Stratford,Central // WB,Alight-Interchange-Board,2921.33107984,43.66232544,273.4784834,912.4295284,524.9000182000001,558.4100492,608.4506752,1.86021322,2.69031862,3.76378882,3.53338912,4.93745218,6.894862959999998,8.642557360000001,11.33974316,12.9508374,13.75909,13.687065,15.1048958,16.5811446,19.7701352,22.45737920000001,26.9586128,31.2106882,32.6023484,33.4786374,34.9176494,37.0541256,36.6611216,38.0093206,41.3916594,44.1095352,44.7962026,43.3253706,41.471654,40.64403280000001,38.06290720000001,35.092645,38.22762900000001,39.0724076,36.8850656,37.7003706,37.4897142,34.42181160000001,36.02717420000001,35.88840379999999,33.6897174,35.965716,36.3975154,32.9169994,37.128429,39.6883734,38.53924540000001,38.1752736,41.315799,36.5745684,39.29596980000001,39.31235980000001,44.16195620000001,45.9496182,50.8858364,52.816371,58.18464700000001,58.008141,56.7995718,54.90001579999999,52.5623622,49.108725,46.343245,46.79062879999999,44.68436920000001,40.5821108,38.4742808,35.6167774,34.53982139999999,34.4912914,38.220876,40.42727119999999,48.1086152,50.69328660000001,51.87267720000001,42.61818380000001,38.03265380000001,29.63971339999999,25.80751080000001,20.6673776,21.54652440000001,19.7410786,18.0417308,12.8678358,12.0595264,11.5963094,10.7655646,8.14674634,8.26656774,7.511282040000001,8.61401824,7.772569960000001,9.87992842,9.02763832,9.56096622,6.830485019999998,5.6424459
110523>110576,719,719,SFDu,Stratford,Jubilee // SB,719,SFDu,Stratford,Elizabeth Line // EB,Alight-Interchange-Board,5882.204929199998,141.5756154,405.0290146,1507.0892664,1241.2672866,1119.9989268,1467.2448194,1.4702311,3.6059525,9.2386513,11.7394069,16.894988,28.3711942,35.63101580000001,34.62417560000001,39.56521679999999,39.0648892,30.48347740000001,27.9442668,29.1866942,28.915882,30.2336232,35.86346640000001,34.835626,37.1981146,36.3703852,35.36737280000001,32.1374834,33.6041764,33.65137979999999,34.4227616,35.030482,38.8808014,41.86792639999999,43.58740040000001,45.59465820000001,52.73895820000001,57.5833428,61.9491248,64.21312979999999,72.627354,76.297721,75.765345,76.46902299999999,83.464606,88.3372502,88.71001319999999,88.5342452,92.58231040000001,96.22569920000001,92.814074,91.885554,102.790024,107.7174808,106.87964,105.261818,116.935868,115.7943052,108.7829662,102.7903902,101.906791,92.3286362,88.193813,86.150802,89.434524,95.0983672,94.77609079999999,92.93785179999999,93.77319179999999,93.7525908,87.39433400000001,89.90965720000001,94.4284194,97.3727174,104.9703804,108.4880252,131.5434072,122.163442,180.417948,196.510566,185.11146,145.6570612,144.0330612,73.553724,39.26333680000001,42.91447340000001,38.58157620000001,27.1317542,20.3040054,11.5709786,0.0,0.0,0.0,0.0,0.0,0.0,0.0,0.0,0.0,0.0,0.0,0.0,0.0
110523>110577,719,719,SFDu,Stratford,Jubilee // SB,719,SFDu,Stratford,Elizabeth Line // WB,Alight-Interchange-Board,902.8420103051202,32.49834923512,140.15978302,346.39729838,179.0862975,102.033198748,102.667083422,2.71817910404,3.892039104040001,4.21257808404,5.245454091500001,2.6174638115,4.2585677,4.49153306,5.06253428,7.253490880000001,8.41169436,9.24325656,8.84004954,13.00236074,10.66840834,14.08573894,13.02932406,16.57065552,12.52469176,15.13242796,11.39768436,12.40861004,9.13834164,11.8335672,9.83920074,12.58352194,11.60247048,13.82529468,11.82053488,14.42429694,12.68944954,19.9220974,18.811418,21.4300114,19.5030662,20.517404,13.5004638,15.220005,12.5627992,12.5938366,11.2734858,14.0670652,11.6569243,17.7082293,17.4652041,19.9147675,16.8618547,17.8170506,11.70458134,14.94788654,13.00083594,15.42157894,14.14273526,16.08178212,12.47780352,14.71601392,11.99940712,13.2840154,10.745795,11.1766052,7.422072600000001,10.741595,8.832356800000001,9.550807800000001,8.11399844,8.46610144,5.207537520000002,4.544903274,3.947410274000001,3.466601274,4.209932473999999,3.210540714,7.425640360000001,9.67722616,13.09264592,12.78685492000001,16.9195362,12.619122,9.247175,5.709862999999999,4.3019454,0.0,0.0,0.0,0.0,0.0,0.0,0.0,0.0,0.0,0.0,0.0,0.0,0.0,0.0,0.0,0.0
110523>110582,719,719,SFDu,Stratford,Jubilee // SB,719,SFDu,Stratford,NR Great Eastern // DN,Alight-Interchange-Board,2082.299331207101,30.3523132871,138.20825972,581.8855107,494.7335502000001,464.9645952000001,372.1551021000001,0.110650962,0.11065479462,1.35143647462,2.34384587462,5.264268708620001,5.759521912619999,8.18137728,7.230557280000001,8.357546280000001,6.086986280000001,6.72033002,7.338757020000001,11.22045934,10.07333706,10.55668974,14.7186596,17.3379434,14.1178153,14.14078938,17.53894630000001,17.1869097,13.10284238,13.80703928,19.62577368,22.39200848,19.64908668,19.00202294,24.37321894,23.74212634,19.45602214,18.89494534,27.5362818,28.473314,25.124393,23.8302484,31.2926772,29.1769298,23.6301844,22.8179208,31.4901604,31.7891784,28.0333392,27.86163040000001,39.597257,38.54061640000001,33.534211,33.7970174,45.7711446,43.32793179999999,37.98029260000001,37.5317496,48.17100920000001,45.14108320000001,39.640772,38.26138200000001,53.0363404,50.4370436,42.9786466,39.1844526,48.20192900000001,39.05177060000001,32.27599,31.1440272,40.22041180000001,33.46444520000001,30.6276052,29.85462780000001,47.52364560000001,42.443228,44.08347860000001,46.98648300000001,53.5841922,36.37748740000001,32.7776879,26.2185839,26.6757113,15.6258021,15.4684593,13.0526758,13.0526758,2.904318400000001,2.904318400000001,0.0,0.0,0.0,0.0,0.0,0.0,0.0,0.0,0.0,0.0,0.0,0.0,0.0,0.0
110523>110583,719,719,SFDu,Stratford,Jubilee // SB,719,SFDu,Stratford,NR Great Eastern // UP,Alight-Interchange-Board,700.7317892540398,43.08797276544,58.33131866,270.70608162,137.2678053324,77.76627914960001,113.5723317266,2.49207628636,4.60319888636,5.240198206360001,5.240198206360001,6.99319762,7.48980092,5.685381,5.34392164,5.75956896,5.0000285,2.11612152,1.98941638,2.03060012,2.0044616,1.91531626,4.13302304,7.350455900000001,8.43613448,8.69630068,8.89989122,7.264781079999999,4.96020862,4.37749664,5.37053344,5.5202317,6.53413744,6.7027561,9.5451018,9.644298599999999,13.0719126,12.7243267,16.1907885,15.2385521,16.5164201,12.06540834,15.47947184,12.56478584,15.87551024,13.65833804,16.4118701,13.6038865,15.1613871,10.176759,12.0471192,11.8667015,14.1210577,12.1673239,14.8949154,14.2780958,15.6347964,12.7159222,12.440067,9.027052220000002,9.35469822,6.030030560000001,4.7371444324,4.2381528324,5.780823612400002,4.090647772400001,6.1083502324,8.079429760000002,9.55556536,8.26136164,9.0230348,7.754314999999999,5.992698260000001,4.43458862,4.44731126,4.72220514,6.622842739999999,14.05851788,18.23870832,21.4688452,19.73866300000001,16.2496208,8.602188000000002,3.8617992,0.0,0.0,0.0,0.0,0.0,0.0,0.0,0.0,0.0,0.0,0.0,0.0,0.0,0.0,0.0,0.0,0.002980482200000001,0.002980482200000001,0.002980482200000001
110523>110584,719,719,SFDu,Stratford,Jubilee // SB,719,SFDu,Stratford,NR Weaver // DN,Alight-Interchange-Board,5930.380872999998,352.3876700000001,709.6556882000001,2144.0395802,1030.5591826,968.4351660000001,725.3035860000001,0.942358,3.6464104,8.1112812,40.71480320000001,46.28867220000001,64.87412020000001,88.23457580000002,99.57544900000002,75.34339000000001,76.91206820000001,70.3297574,51.7274602,42.34775020000001,41.1727922,43.61643700000001,59.5956358,59.73587180000001,62.49567920000001,63.74860740000001,62.63023880000001,46.9864716,49.1531708,62.3692062,72.456687,81.46987560000002,83.61396359999999,99.89638360000002,91.97562080000002,90.75165280000002,85.89502159999999,93.5898088,82.46077400000001,95.51015600000001,89.02212140000002,104.1800126,96.4785066,111.5705374,96.36163940000002,108.6390672,94.06513320000002,110.3335152,91.24653800000002,107.562804,98.4509128,105.9786378,89.33309100000002,101.3099642,85.53356419999999,92.673501,84.398116,87.06279880000002,76.898122,79.28488200000002,68.0827172,80.49096320000002,79.51282520000002,85.86724720000002,82.97461240000001,87.6984554,75.13708540000002,73.95898340000002,71.06082420000001,70.66286360000002,69.37661460000001,69.39872259999999,70.11747260000001,88.26913660000002,123.913148,160.134972,174.861304,159.535338,125.18763,77.58599,27.998352,0.0,0.0,0.0,0.0,0.0,0.0,0.0,0.0,0.0,0.0,0.0,0.0,0.0,0.0,0.0,0.0,0.0,0.0,0.0,0.0,0.0,0.0
110523>110589,719,719,SFDu,Stratford,Jubilee // SB,719,SFDu,Stratford,LO Mildmay // WB,Alight-Interchange-Board,5474.738222599996,215.8706726,726.4133326,1829.8691934,1058.2506212,1013.2322656,631.1021372000001,0.15162692,2.46521492,6.372693320000002,12.55438512,25.20602232,49.7990894,57.55970420000001,61.7619364,63.1583376,59.28831240000001,47.183437,48.6699082,50.9302676,55.11264739999999,59.7495734,63.85227280000001,67.2482868,69.5864658,69.5609058,72.0729178,68.45082060000001,64.972974,66.761049,70.4516942,70.21165620000001,71.30739940000002,72.60403559999999,75.53815159999999,77.1685516,78.5976696,82.0517156,86.04424399999999,84.12107400000002,82.41771800000002,78.46207999999999,77.549442,77.21333200000002,75.29531399999998,74.75004679999999,77.71448480000002,76.91550280000001,76.75941879999999,81.04022280000002,83.470596,84.37366999999999,83.83874,83.941158,83.08652,84.58488679999998,85.4109588,87.7757508,89.2814328,91.31659760000002,92.01067880000002,93.6879388,98.9422888,101.6563348,99.79742400000002,101.2099972,100.0920632,98.0848892,91.2689304,86.33248680000001,78.6798216,75.1926256,64.61415699999999,60.69568380000001,55.60785200000001,58.78180200000001,52.9564616,67.6205522,70.7243622,76.67198760000002,78.60464960000002,81.93121000000002,56.80996,43.842624,30.727602,12.430926,0.0,0.0,0.0,0.0,0.0,0.0,0.0,0.0,0.0,0.0,0.0,0.0,0.0,0.0,0.0,0.0,0.0
110523>110590,719,719,SFDu,Stratford,Jubilee // SB,719,SFDu,Stratford,DLR (Stratford route) // OB,Alight-Interchange-Board,2578.790575680001,26.44900104000001,172.79826554,953.7159928,520.7080920000001,383.7793928,521.3398315,0.84831822,0.99304382,1.59513408,1.97421822,2.5868813,4.202700600000001,6.838804000000001,7.409900800000001,7.776152900000001,8.992469300000002,8.62377584,9.344167640000002,11.87267458,14.21760374,15.13420694,17.014282,18.4919064,19.9941038,20.464119,20.8728034,22.586373,22.7593864,23.6938366,27.586185,33.576442,35.8687132,38.20444760000001,38.0083836,38.03610579999999,36.9659278,39.6838212,43.4789056,50.31010520000001,55.684214,60.23007100000001,63.01245360000001,61.7705522,56.006399,48.91527480000001,40.73745460000001,32.8895428,28.40928480000001,27.72052080000001,27.58159220000001,27.9749848,28.52074600000001,30.9315652,32.91066319999999,38.82757520000001,42.2489848,44.7720554,48.05090420000001,54.5182062,54.58833300000001,57.107733,60.25634100000001,58.16984600000001,50.26449,43.631104,37.1305188,30.0119,24.2685948,20.6132768,19.7064734,19.227695,22.9202304,26.7069598,31.1283038,33.87323000000001,32.5330512,29.5073672,23.51616606,20.92714846,24.46672126,25.24754526000001,41.78295466,56.5624146,68.89634020000001,58.5405846,54.745858,33.367912,17.372538,0.0,0.0,0.0,0.0,0.0,0.0,0.0,0.0,0.0,0.0,0.0,0.0,0.0,0.0
110523>110592,719,719,SFDu,Stratford,Jubilee // SB,719,SFDu,Stratford,DLR (Stratford Int'l route) // OB,Alight-Interchange-Board,44.99673973178901,3.832524491846,0.4599646000000001,0.0,0.0,0.0,40.70425063994301,0.001613471,0.0016173525692,0.7668275925692001,0.7668275925692001,0.7652141215692,0.7652141215692,0.76521024,0.0,0.09199292,0.09199292,0.09199292,0.09199292,0.09199292,0.0,0.0,0.0,0.0,0.0,0.0,0.0,0.0,0.0,0.0,0.0,0.0,0.0,0.0,0.0,0.0,0.0,0.0,0.0,0.0,0.0,0.0,0.0,0.0,0.0,0.0,0.0,0.0,0.0,0.0,0.0,0.0,0.0,0.0,0.0,0.0,0.0,0.0,0.0,0.0,0.0,0.0,0.0,0.0,0.0,0.0,0.0,0.0,0.0,0.0,0.0,0.0,0.0,0.0,0.0,0.0,0.0,0.0,0.0,6.999886000000001e-07,0.3999963399886,0.3999963399886,0.4707429279886,8.1408501279886,8.140849428000001,7.740853788000001,7.740853788000001,7.6701072,0.0,0.0,0.0,0.0,0.0,0.0,0.0,0.0,0.0,0.0,0.0,0.0,0.0,0.0,0.0
110523>110593,719,719,SFDu,Stratford,Jubilee // SB,719,SFDu,Stratford,DLR (Stratford Int'l route) // IB,Alight-Interchange-Board,1357.3237586,28.076792,137.68664,460.8605094,245.7604788,237.1452442,247.7940942,0.0,0.0,1.4387632,2.49119832,2.49119832,6.20804412,7.99577192,7.45181612,7.058153140000001,8.304260240000001,4.95007732,5.44444852,6.569580520000001,9.61398598,9.94139108,14.7591802,15.280352,18.9123634,17.4176696,19.435178,16.3538326,18.2308784,15.2757134,17.1050932,16.3971748,16.8663392,14.3834108,18.2921136,17.374673,20.5844202,20.5255412,22.1961782,18.7387176,19.9375412,17.4394438,20.3262992,20.4517734,22.8309458,22.1867626,22.3501234,20.8902636,21.8873606,20.1925038,20.0434058,19.3182896,19.00739440000001,16.52014,17.64786920000001,18.3639048,19.6969136,18.7691344,20.2311884,19.455702,23.92254040000001,25.06023100000001,27.767171,26.8859636,28.5838602,21.77666300000001,20.3460916,17.5305252,19.1013064,15.3763072,17.205886,15.3579514,17.3955018,17.2367394,20.3484484,19.37518720000001,21.88736440000001,17.2607272,12.7645198,9.4829834,7.068709080000001,10.22135728,22.15917728,32.85472028,30.86706388,30.5233784,22.63336300000001,10.695543,0.0,0.0,0.0,0.0,0.0,0.0,0.0,0.0,0.0,0.0,0.0,0.0,0.0,0.0,0.0
110576>110501,719,719,SFDu,Stratford,Elizabeth Line // EB,719,SFDu,Stratford,EntEx,Alight-Exit,10110.83759754,104.7714928,730.0160576000001,4608.317524,2550.887046,1409.3688722,707.47660494,0.8146312,1.17698308,3.89182648,8.18316248,13.41318608,19.36311948,26.59366,31.334924,37.911668,43.2883484,44.27591580000001,46.5472004,50.47373500000001,52.558362,56.64832800000001,64.15995600000001,73.224551,81.308149,85.97680200000002,93.643042,104.409632,118.98237,131.778402,149.207842,163.313448,176.141304,178.594472,189.20316,194.416096,200.794318,207.924156,219.793162,223.339978,228.433518,227.820614,223.88749,215.699634,208.032416,203.008618,203.442854,202.98379,206.466482,213.160446,217.483322,218.649514,223.4273,226.041308,227.847592,228.102454,230.278278,224.854548,216.0997,207.861134,196.375622,180.219952,171.129644,163.490984,151.563024,141.3365708,132.7749228,124.5986828,117.2326108,109.9752396,104.6937208,100.2886176,93.5177316,89.9609256,79.93584180000002,79.99317579999999,70.74275159999999,70.19397959999999,59.44685000000001,67.19519580000001,58.61667380000001,71.68078820000002,62.7332894,62.723156,45.17298520000001,35.869911828,15.168556828,7.752349628000001,0.09347062800000001,0.09347062800000001,0.0,0.0,0.0,0.0,0.0,0.0,0.0,0.0,0.0,0.0,0.0,0.0,0.0
110576>110514,719,719,SFDu,Stratford,Elizabeth Line // EB,719,SFDu,Stratford,Central // EB,Alight-Interchange-Board,4068.039191488148,38.573372018148,207.4050304,1193.0050868,963.0387753999998,1115.9466924,550.0702344700001,4.5976296e-06,0.08301770362960001,0.9821686436296,3.2755814436296,4.8733512436296,8.541572646,10.33454394,10.4831318,10.2719394,11.1868914,12.0975126,13.9492084,16.842322,18.5899222,20.5949498,20.0136206,21.0807304,20.5695632,20.90497460000001,21.3033958,23.6751998,24.139123,27.3925518,29.3613786,33.701117,33.54911,35.97895580000001,38.7785528,44.21017800000001,45.7665034,50.12371760000001,56.2449334,58.94954079999999,56.80083880000001,61.70504720000001,64.111434,60.39081920000001,61.23095480000001,64.2230244,58.75775279999999,62.56275079999999,65.47977080000001,65.74220679999999,70.12962519999999,75.31322879999999,70.814634,77.338986,79.554165,78.10876,80.670262,84.76438479999999,77.42775619999998,85.8123532,84.47678499999999,84.45707420000002,84.3003862,91.33851280000002,85.49438280000003,90.3205028,89.33428559999999,94.14035759999999,91.0141616,93.6622948,92.223106,99.3900272,98.1180864,101.9008884,89.01008639999998,88.53874040000002,68.95186340000001,61.37470820000001,46.46588360000001,51.8747344,42.953016,44.09569860000001,33.1776344,40.402107,27.190389,19.219465454,13.506389854,12.242724054,0.038440054,0.038440054,0.0,0.0,0.0,0.0,0.0,0.0,0.0,0.0,0.0,0.0,0.0,0.0,0.0
110576>110515,719,719,SFDu,Stratford,Elizabeth Line // EB,719,SFDu,Stratford,Central // WB,Alight-Interchange-Board,42.16389950400002,1.3303603424,2.6025009636,13.858130462,7.324403600000001,8.253443233999999,8.795060902,0.14102644,0.1575305319999999,0.243888066,0.2498210966,0.2527735542,0.1160352232,0.1225698372,0.0467155932,0.0573183558,0.0776800222,0.0862622132,0.08746865720000001,0.1494005872,0.179016966,0.27663411,0.3035309920000001,0.3466270379999999,0.3149387340000001,0.392946482,0.330676806,0.439069664,0.511992648,0.6248992520000001,0.629945202,0.7190977700000001,0.70590098,0.69277318,0.58387758,0.5386384540000001,0.5259799479999999,0.6102739380000001,0.621826298,0.685304428,0.6916048120000001,0.7101144979999999,0.525955822,0.5116159140000001,0.49054445,0.475272642,0.400061272,0.524437908,0.449688238,0.581594872,0.6076606920000001,0.5868786220000001,0.53521337,0.800904328,0.6827637879999999,0.647703688,0.63833009,0.664109792,0.4736046920000001,0.517117972,0.511898372,0.67154325,0.5943356360000001,0.666115056,0.632978456,0.753121468,0.616666588,0.6877747120000001,0.5850978579999999,0.6615771979999999,0.551767734,0.674114914,0.595270944,0.985747858,0.843210448,0.942554648,0.7803966880000001,1.393316658,0.9191713684,1.2508057184,1.1250610444,1.1053875444,0.4438213844,0.433602174,0.056718534,0.078448244,0.06644422400000001,0.06644422400000001,0.06644422400000001,0.06644422400000001,0.0,0.0,0.0,0.0,0.0,0.0,0.0,0.0,0.0,0.0,0.0,0.0,0.0
110576>110522,719,719,SFDu,Stratford,Elizabeth Line // EB,719,SFDu,Stratford,Jubilee // NB,Alight-Interchange-Board,1572.65568128,16.83495407,97.16882148,485.7831575000001,397.3864402,399.997933,175.4843750300001,0.09508019,0.25148295,1.02629179,2.03633789,2.54154643,3.48100136,3.623423820000001,3.77978964,3.00767768,4.05118634,3.7913747,4.166662880000001,5.28859122,7.813049279999999,9.22220638,10.3630493,13.1451347,12.5863209,12.4845698,11.2489983,11.9571581,10.1828061,11.7507833,11.636417,13.6048704,13.3844664,16.1067276,15.4003904,15.7673792,16.5627414,20.477098,19.4997814,21.53153080000001,23.958816,25.0420522,23.3443804,25.3753904,25.5887478,26.0200522,25.790518,26.1444364,27.8530694,29.8046724,28.9988722,29.5172302,31.2229768,30.981373,30.5431024,34.2157774,34.2518922,35.1435542,34.5952964,34.859984,32.3555666,35.57041140000001,34.12927560000001,36.00481879999999,33.7100042,34.6194776,31.53784120000001,32.6416754,28.63372540000001,33.4244588,32.5774448,35.51038480000001,33.6098464,36.6186512,31.1096044,31.8829984,24.8781256,25.34336140000001,20.2413154,18.3919101,13.2995673,15.1678289,9.3690991,7.2181743,5.7016516,3.857132906,0.033302506,0.033302506,0.033302506,0.033302506,0.0,0.0,0.0,0.0,0.0,0.0,0.0,0.0,0.0,0.0,0.0,0.0,0.0
110576>110582,719,719,SFDu,Stratford,Elizabeth Line // EB,719,SFDu,Stratford,NR Great Eastern // DN,Alight-Interchange-Board,2119.687149885,13.393441265,107.11472512,681.3813094000002,713.455312,474.6443595,129.6980026,0.0,0.0,1.0705252,1.108935762,2.256847962,2.324067322,3.848577222,2.784487797,4.473129235,3.444284355,3.607323275000001,4.964929575000001,6.596795200000003,5.919944140000001,8.45471522,11.69192174,14.31256354,13.38327984,14.5171257,15.7487133,17.8768945,13.4946725,13.17194272,17.39497152,19.82482672,17.70982232,17.2978064,24.50871248,24.57116728,22.00978048,19.50702168,32.56911960000001,33.93887279999999,30.7237984,27.61787506000001,41.50768226,37.88203226,32.43273266,30.29320996,45.4357479,40.7834463,35.0731935,33.6450867,52.11089340000001,53.80067160000002,48.56697520000001,44.77549792000001,63.99621312000001,60.92750012000001,48.32765832,52.06081392,75.8656,70.37067400000002,60.65176380000001,61.31386980000001,72.7980742,59.92712160000001,48.00249280000001,41.58295470000001,52.06744330000001,41.3980505,34.8395227,31.50607786,44.97731416000001,33.28572156,31.08959236,27.02756456,28.9405034,22.0987624,21.9049906,16.0390304,19.8691372,17.398942,12.5859594,8.444283800000001,6.976714,2.1900914,2.1900914,0.0,0.0,0.0,0.0,0.0,0.0,0.0,0.0,0.0,0.0,0.0,0.0,0.0,0.0,0.0,0.0,0.0,0.0
110576>110583,719,719,SFDu,Stratford,Elizabeth Line // EB,719,SFDu,Stratford,NR Great Eastern // UP,Alight-Interchange-Board,69.21392324599304,6.889216060000002e-05,4.4821524200374,31.165794724795,16.84768769,13.458545789,3.25967373,0.0,0.0,3.731322e-06,6.289947400000001e-06,1.04912314e-05,1.607600660000001e-05,1.607600660000001e-05,1.62276466e-05,0.03715244302120001,0.2042741937372,0.2042725633642,0.3640911173642,0.4277515744022,0.3906205300122,0.223499651071,0.2672137786688,0.3748732646688001,0.4865892386688,0.6105137990588001,0.8913002659999999,1.034133144,0.7939646520000001,0.7919565479999999,0.7010470580000001,0.7596895780000001,0.6845025380000003,0.6572048933590002,0.6535860553589999,1.148555415359,0.854933895359,0.937187755359,0.9545462720000001,1.05462652,0.7900178000000001,1.5794132,1.64720502,2.44129748,2.27482286,2.39352086,2.00607674,2.35040454,1.59204864,1.61570063,1.44935263,1.533430330000001,1.23668003,1.238013858,1.585935468,1.529993808,1.370248208,1.117284194,1.414509106,1.349384046,1.552604526,1.396017286,1.52358683,1.2349576,0.8805472800000002,0.5736401400000001,1.77424126,2.03038901,1.990546236,1.9369160752,1.8836411618,0.5405794577999999,0.1777666678,0.1772943698,0.2580265306,0.303585892,0.250423768,0.227321462,0.360692144,0.526921864,0.478532296,0.4586463240000001,0.40482104,0.24872894,0.0,0.0,0.0,0.0,0.0,0.0,0.0,0.0,0.0,0.0,0.0,0.0,0.0,0.0,0.0,0.0,0.0,0.0,0.0
110576>110584,719,719,SFDu,Stratford,Elizabeth Line // EB,719,SFDu,Stratford,NR Weaver // DN,Alight-Interchange-Board,877.3874937200001,16.71726136,82.26790972,437.67403102,179.02048572,117.498903748,44.20890215200001,0.0,0.0,0.045239816,1.111397416,2.045697816,2.925585216,3.603753456,6.98558764,6.384940440000001,6.29909194,6.479914140000001,6.841426500000002,4.46605576,5.334121840000001,6.13521454,6.89261654,7.66113794,7.97769208,9.3235778,8.472120199999999,11.3410016,11.0820414,13.0374374,11.58671714,13.60882434,10.82016554,11.97669214,10.21066204,13.1618629,11.7275369,15.3290517,17.64403410000001,26.0375736,22.88993632,28.69329152000001,24.32194812,25.45072852,17.08842112,25.768215,19.5865602,26.8627406,22.21074034,27.63998574,19.59786274,23.17104374,16.77427514,20.322905,15.0762676,18.0760148,14.827935,14.836466,11.9640018,12.6553886,9.24417568,10.40640768,11.66560468,11.75838168,11.90591488,12.433661,11.6695784,11.2590474,10.6243298,9.363316200000002,9.137472099999998,8.51519096,7.48967756,7.31975122,6.022582548,10.665591648,10.319005508,8.479404508000004,7.017574848000001,6.965373720000001,0.76195192,0.0,0.0,0.0,0.0,0.0,0.0,0.0,0.0,0.0,0.0,0.0,0.0,0.0,0.0,0.0,0.0,0.0,0.0,0.0,0.0,0.0,0.0
110576>110585,719,719,SFDu,Stratford,Elizabeth Line // EB,719,SFDu,Stratford,NR Weaver // UP,Alight-Interchange-Board,0.0,0.0,0.0,0.0,0.0,0.0,0.0,0.0,0.0,0.0,0.0,0.0,0.0,0.0,0.0,0.0,0.0,0.0,0.0,0.0,0.0,0.0,0.0,0.0,0.0,0.0,0.0,0.0,0.0,0.0,0.0,0.0,0.0,0.0,0.0,0.0,0.0,0.0,0.0,0.0,0.0,0.0,0.0,0.0,0.0,0.0,0.0,0.0,0.0,0.0,0.0,0.0,0.0,0.0,0.0,0.0,0.0,0.0,0.0,0.0,0.0,0.0,0.0,0.0,0.0,0.0,0.0,0.0,0.0,0.0,0.0,0.0,0.0,0.0,0.0,0.0,0.0,0.0,0.0,0.0,0.0,0.0,0.0,0.0,0.0,0.0,0.0,0.0,0.0,0.0,0.0,0.0,0.0,0.0,0.0,0.0,0.0,0.0,0.0,0.0,0.0,0.0,0.0
110576>110589,719,719,SFDu,Stratford,Elizabeth Line // EB,719,SFDu,Stratford,LO Mildmay // WB,Alight-Interchange-Board,1092.003956227336,20.28745684733602,83.28331478000001,364.3469564000001,261.7206932,255.5065349,106.8590001,0.0,2.5467204e-08,0.288058905467204,1.197775025467204,2.916260825467204,4.067758225467204,5.6718472,6.14575664,6.66096772,5.857805180000001,5.597941980000001,4.89998278,4.83949276,4.43816516,5.011623440000001,6.644711240000001,8.099358040000002,9.26501194,10.66001134,11.30824320000001,11.3978074,11.150225,11.4333824,11.4703508,12.6991784,12.884625,12.8956498,14.6409572,16.0497742,16.3591254,17.1919258,17.8979676,17.4958846,17.347504,16.9670792,16.7150162,16.2647908,15.4713238,15.369455,15.425861,15.3699898,16.7149128,17.69595720000001,17.438213,17.6680406,18.1776556,17.814498,19.1117436,21.1606446,22.8766242,23.4803142,25.240541,24.7497014,23.4735524,22.6795388,25.28783880000001,24.4478176,24.0991828,25.5178484,25.9318384,23.066942,22.8878702,22.813867,20.46286120000001,18.8473256,17.4201096,16.6941266,13.3167455,12.0777033,9.070914579999998,9.00454318,6.145209340000001,8.27862284,7.613491099999999,14.78133242,12.09361222,11.57599446,8.75510266,7.462474,0.0,0.0,0.0,0.0,0.0,0.0,0.0,0.0,0.0,0.0,0.0,0.0,0.0,0.0,0.0,0.0,0.0
110576>110590,719,719,SFDu,Stratford,Elizabeth Line // EB,719,SFDu,Stratford,DLR (Stratford route) // OB,Alight-Interchange-Board,902.9467030190002,10.248625521,34.532716538,290.60370646,202.8224206,131.89106608,232.84816782,0.000232318,0.0004866818,0.1691506618,0.6901400418000001,1.5304799818,1.9752433038,2.97900234,2.903890192,2.513760342000001,2.036780702,1.853666682,1.276440042,1.57184115,1.91082482,2.29795958,2.85696296,3.99866566,4.44356852,4.92491952,4.84732656,5.76368716,5.4811051,6.226903900000001,6.5581973,7.873491199999999,8.084479,8.608907400000001,9.7713626,10.9299326,11.70431,12.8861716,14.7620666,16.74870060000001,19.2609434,20.349402,19.774485,19.66112600000001,17.3737112,15.141966,12.6428492,12.0198658,10.2380544,9.911086,8.830902400000001,9.795688,9.6747182,10.8404062,12.1417794,13.9431756,16.301474,19.7379532,21.4163794,23.045645,23.3271756,22.2805772,20.3174488,18.282169,15.1162188,13.2352988,11.3384746,9.6416844,8.52345274,8.28500374,7.96850008,8.07093788,8.800487480000003,11.57075754,11.05808102,13.62296468,13.22216728,12.32476140000001,8.2827095,8.537638220000002,6.18874702,12.52387262,16.6669013,34.66761200000001,33.2847596,31.5418924,23.7735498,18.210592,0.0,0.0,0.0,0.0,0.0,0.0,0.0,0.0,0.0,0.0,0.0,0.0,0.0,0.0,0.0
110576>110592,719,719,SFDu,Stratford,Elizabeth Line // EB,719,SFDu,Stratford,DLR (Stratford Int'l route) // OB,Alight-Interchange-Board,569.3363731397999,9.5082671798,64.753453908,175.552328852,111.15519142,81.52218162000001,126.84495016,0.147611928,0.14876204396,0.38700184396,0.56226282396,1.33766188396,1.41349499596,2.72122068,2.790250980000001,5.518675,5.217310299999999,5.813337200000001,4.67607852,5.846354219999998,4.48733608,6.567089919999999,5.888436359999999,6.69946464,5.34685998,5.54447552,3.148036168,4.570783528,4.033117548,5.173457408,3.558219628,5.37824848,3.902644068,7.802536248000001,6.811327688,8.930649268,7.12914542,10.479564092,6.587813632,8.893593592000002,7.195763192,9.72205874,6.628135680000002,9.35724794,7.133210020000001,9.61613302,7.57323792,10.31466878,7.63097002,9.85191254,7.277890400000001,9.140987900000002,6.419148280000001,9.26671564,7.112841540000002,9.24064448,8.182417000000001,12.07792002,9.711665059999998,12.36458876,9.91826186,10.77577354,6.94422734,8.111827700000001,5.126278106000001,7.156665806000001,5.020107746000001,6.771036846000001,4.957275226,7.91576302,6.02415168,8.52791054,6.543577569999999,8.69946539,6.66812199,8.51648673,6.23807673,7.486502199999999,5.3303503,6.1189245,4.31490494,7.55266494,7.30095814,18.13276404,16.32678844,16.0047542,12.3565474,11.1652276,0.0,0.0,0.0,0.0,0.0,0.0,0.0,0.0,0.0,0.0,0.0,0.0,0.0,0.0,0.0
110576>110593,719,719,SFDu,Stratford,Elizabeth Line // EB,719,SFDu,Stratford,DLR (Stratford Int'l route) // IB,Alight-Interchange-Board,278.21364996143,4.686565823830001,22.6166756976,81.57634480000002,61.93405118,70.68242058,36.71759188,1.3265686e-05,0.000330636886,0.08215807688600002,0.1807417568860001,0.5632443368860001,0.8500237312000001,1.54383556,1.4662184594,2.0318689794,1.6774848814,1.8152715014,1.2027257054,1.745951366,1.099641848,1.753308846,1.515910252,2.353438448,2.005809078,2.942344436,2.472920356,2.91734597,2.10480986,2.49242751,1.93284895,2.51536259,2.21959175,2.64149856,2.238652412,2.710064832,2.123573012,3.132959952,3.004600652,4.65631492,3.95227217,4.77378187,4.10649249,5.13267297,3.46315451,4.79530016,4.19518772,4.6952467,3.8728363,4.54477592,3.35457302,4.42066304,3.5968184,4.3415218,3.82746508,5.72828778,4.61585014,5.87743498,4.83474174,6.0050133,5.5977157,7.31563784,5.77290138,7.024297079999998,6.24727014,6.376996340000002,4.48015348,6.116919940000002,4.8738886,5.85162734,4.554286340000001,6.572775200000001,5.35162766,7.26819566,5.9643828,6.677359800000001,4.808091920000002,5.31082114,3.50908374,4.205243,2.90208478,3.11499938,2.36335088,1.93425268,0.8462660799999999,0.8063431000000001,0.23969538,0.0,0.0,0.0,0.0,0.0,0.0,0.0,0.0,0.0,0.0,0.0,0.0,0.0,0.0,0.0,0.0
110577>110501,719,719,SFDu,Stratford,Elizabeth Line // WB,719,SFDu,Stratford,EntEx,Alight-Exit,3388.943098199999,62.0109702,301.0526362,1996.5058622,742.551383,229.7470898000001,57.0751568,2.64118352,4.056667320000002,4.791002360000001,6.422229960000001,8.01966876,10.69450824,11.81063484,13.5750752,16.33738940000001,16.25041460000001,16.3211306,17.1592022,20.488768,21.2368934,23.8722408,25.8976204,31.57588380000001,33.1342956,37.7333374,41.04546000000001,49.8306194,56.69186,60.380751,63.69566199999999,75.137406,76.3624212,80.20729320000002,84.1561672,92.6126132,87.77289520000002,92.934828,88.779186,96.900014,93.07754,99.935014,97.360395,103.296049,95.32038980000002,95.1658198,86.82427380000001,87.14279800000001,78.87853400000002,78.98697320000002,75.0563592,78.5813512,72.8382114,74.08903339999998,70.51087380000001,71.00502080000003,63.39415160000001,62.1954196,57.34335359999999,56.086414,49.1964374,46.3737896,40.93732660000001,37.85383,31.0877888,28.1732392,23.879079,21.03721800000001,16.6098918,15.5215024,13.1088422,12.1655832,10.4602756,10.6361395,9.2137001,8.9585871,7.405796800000001,7.214445660000001,5.58213956,5.280642840000001,5.14222274,4.428721240000002,3.83232058,3.58619102,2.72153094,1.23369544,1.23369544,0.4551674400000001,0.0,0.0,0.0,0.0,0.0,0.0,0.0,0.0,0.0,0.0,0.0,0.0,0.0,0.0,0.0
110577>110514,719,719,SFDu,Stratford,Elizabeth Line // WB,719,SFDu,Stratford,Central // EB,Alight-Interchange-Board,654.5577565560001,19.380011076,91.76436708000001,273.8513243,142.8781925,91.2863312,35.3975304,0.362325534,0.734605634,0.8545626940000001,1.868259374,2.87620324,3.47415522,3.99161172,5.21828766,5.93801978,6.44745438,7.25999548,8.05568708,8.097350980000002,7.700350580000001,7.8329231,7.7487789,8.083998900000001,8.1171221,8.2187391,8.263946700000002,8.706572900000001,8.3890227,8.8953668,9.516964000000002,10.164101,10.3893926,10.5961298,10.4695034,11.0357386,10.407642,10.4536576,10.3284366,12.4335942,12.0738798,13.3661729,13.9963031,15.0967413,12.9256305,13.5680189,12.5830347,12.3594349,11.9260808,12.5280324,11.6418728,12.7928837,11.7674513,12.3491396,12.3026212,13.180595,11.7879922,12.7145148,11.6861121,12.0657773,11.0846583,10.9615377,10.1849093,10.0992127,8.9501664,8.8220416,8.563921520000001,8.591600920000001,7.739671220000001,7.59801992,6.89387462,6.80708176,5.85094956,6.148283020000001,5.22150796,5.217162740000001,4.33955344,4.532944240000001,3.531807980000001,3.325632000000001,3.30444852,2.81327616,2.24338432,2.16639,1.91975564,0.8583074399999999,0.8583074399999999,0.28656048,0.0,0.0,0.0,0.0,0.0,0.0,0.0,0.0,0.0,0.0,0.0,0.0,0.0,0.0,0.0
110577>110515,719,719,SFDu,Stratford,Elizabeth Line // WB,719,SFDu,Stratford,Central // WB,Alight-Interchange-Board,4946.879072100002,312.1348916,714.7001108000001,2302.6586262,1142.7094042,338.6553738000001,136.0206655,12.264185,15.509396,20.4750496,28.3203644,33.157556,54.5219794,69.4891344,78.3972268,83.45692,77.9201352,63.1709876,56.8274576,54.32771560000001,49.9952624,52.6908672,57.94620079999999,57.37474939999999,53.71161340000001,52.48382180000002,54.79437980000001,55.3630618,56.5557804,61.87066640000001,69.9106932,70.98601120000002,69.25836120000001,77.616516,79.99867200000001,98.141666,109.243162,112.90606,130.702562,138.130678,117.291968,118.715884,125.2685428,102.7298888,104.9800628,109.3525656,95.3575896,99.0216348,101.8891028,90.1037348,107.263762,110.2270488,94.5757296,102.7487536,110.4656856,92.64462359999999,105.6588148,113.59607,101.1023132,95.47177,89.16684939999998,68.8576314,58.19411420000001,51.57825580000001,41.3534908,36.2648644,32.0874174,28.9889036,24.5282654,23.1986942,21.95759,19.96518540000001,18.3155016,20.7936636,19.62354160000001,19.6436574,17.6033854,17.0882958,12.850625,12.0343071,10.9529893,9.2569709,7.6756039,9.144462100000002,7.2980174,4.5933286,4.5933286,3.285694,0.0,0.0,0.0,0.0,0.0,0.0,0.0,0.0,0.0,0.0,0.0,0.0,0.0,0.0,0.0
110577>110522,719,719,SFDu,Stratford,Elizabeth Line // WB,719,SFDu,Stratford,Jubilee // NB,Alight-Interchange-Board,6576.378607299997,637.5887299999999,1689.990449,2340.318022,930.9758398000001,723.7975425999999,253.7080239,24.3451,38.662222,51.70701,72.93312399999998,88.69091800000002,106.63107,116.746579,137.872707,149.181007,149.812879,148.480617,154.464996,150.459358,143.650514,139.143554,138.842118,140.080468,135.840288,123.9154,116.11925,112.277428,95.7287468,83.97041680000002,87.97295279999999,93.4213168,84.68370480000002,89.52780400000002,94.634824,100.774234,96.35938,102.0724088,101.9991288,109.6974508,104.6980208,105.5787568,104.483502,109.774476,99.125586,99.161682,97.423952,98.83893,89.63207799999998,91.536252,86.94499,87.68688900000001,79.992469,80.135963,74.60195499999998,77.373757,71.20754840000001,76.34727520000001,74.6306292,79.1680032,73.5710332,79.0477148,77.2126028,83.0958968,77.87943359999998,79.40814959999999,73.39036759999998,68.3881718,56.6676046,56.5120858,51.8886234,47.8734794,42.34464000000001,45.22622180000001,41.12286820000001,40.7810682,35.11899,33.8724396,28.1261994,24.8049214,22.2113072,20.2201854,18.1321616,13.45084446,9.01669806,3.48399466,3.48399466,1.00521926,0.0,0.0,0.0,0.0,0.0,0.0,0.0,0.0,0.0,0.0,0.0,0.0,0.0,0.0,0.0
110577>110582,719,719,SFDu,Stratford,Elizabeth Line // WB,719,SFDu,Stratford,NR Great Eastern // DN,Alight-Interchange-Board,52.69361768599999,1.45977718,6.83973185,22.96247579200001,11.300334782,6.673691122,3.45760696,0.005606511200000001,0.005606511200000001,0.0253826712,0.1512133512,0.1792031592,0.205215076,0.356877896,0.530672004,0.585988112,0.5960552339999999,0.647497202,0.5215991879999999,0.4152136719999999,0.280640758,0.502420408,0.610860258,0.684238892,0.6928802540000001,0.718198516,0.584139356,0.4869842740000001,0.621665554,0.65640324,0.8185475640000001,0.871245334,0.885298584,0.782770704,1.022389204,1.005308864,1.164057014,1.19569895,1.21540551,0.938915936,0.8641321759999999,0.7911402760000001,0.9357140860000002,1.006462286,1.1265035,1.08408278,1.07389616,1.04535162,1.206039260000001,1.024739428,1.139723488,0.979173464,1.012612584,0.6572944839999999,0.8677311759999999,0.9339321559999999,0.8970311539999999,0.8330105140000001,1.084331574,1.082366774,0.975247254,1.022026034,0.955577614,0.7695818940000001,0.6212919579999999,0.541837538,0.6183138979999999,0.581926198,0.571165864,0.497884784,0.588618344,0.52386763,0.4162834540000001,0.365008482,0.577911078,0.427502386,0.4349155859999999,0.452988328,0.6800957539999999,0.447858174,0.42375025,0.30123883,0.268098284,0.010579684,0.010579684,0.0,0.0,0.0,0.0,0.0,0.0,0.0,0.0,0.0,0.0,0.0,0.0,0.0,0.0,0.0,0.0,0.0,0.0
110577>110583,719,719,SFDu,Stratford,Elizabeth Line // WB,719,SFDu,Stratford,NR Great Eastern // UP,Alight-Interchange-Board,1303.814851300001,46.4059466,216.1184341,667.8369554,226.1713476,119.0531934,28.2289742,0.0,2.282877,4.0065952,4.0065952,4.0065952,4.0065952,11.6519332,16.4447556,16.4447556,19.7887288,21.12086266,15.26888486000001,8.752344260000001,15.73762326,15.19146126,21.2424394,17.1662022,24.0448094,19.0823988,22.2779236,14.8948116,28.6189016,25.8055348,36.6294164,30.6360804,40.7802638,30.8489274,38.225441,25.378691,35.16908179999999,28.2254526,35.24862460000001,23.8068706,32.312997,25.5010354,31.492278,20.6763524,28.4473384,22.942231,27.9378538,18.746057,24.1197574,18.8538972,22.5390602,14.5650082,20.0697606,16.7746458,22.468098,15.781916,21.79741,18.2763056,23.7835408,15.5849628,20.734774,16.5856226,19.7493032,12.1634824,15.544898,12.616387,13.2006748,8.0533462,10.7020736,8.338502,8.3178956,5.8672652,9.393939200000002,6.745211800000001,8.109517600000002,5.9088238,5.9088238,2.3821498,4.7115552,2.3294054,2.3294054,2.3294054,2.3294054,0.0,0.0,0.0,0.0,0.0,0.0,0.0,0.0,0.0,0.0,0.0,0.0,0.0,0.0,0.0,0.0,0.0,0.0,0.0,0.0
110577>110584,719,719,SFDu,Stratford,Elizabeth Line // WB,719,SFDu,Stratford,NR Weaver // DN,Alight-Interchange-Board,597.98885444065,66.20325464065,136.2617992,234.0229353,89.46309792000001,54.30297908,17.7347883,0.05778409613000001,0.27433117613,1.30134077613,4.69561797613,9.78979833613,14.36992388,16.7698808,18.9445776,16.8977536,13.1674172,11.1389948,11.6664272,10.3096762,10.626636,10.203084,11.5399316,9.756763900000001,9.2514979,9.649541500000002,12.0540753,9.7488103,9.397926920000002,11.34839552,13.34983312,11.97605252,11.68532372,11.93355474,10.05936094,8.292701540000001,7.89487594,8.05943654,8.7424508,9.015623800000002,8.9590948,10.1066874,10.3363236,10.3704944,10.26731626,10.09597306,8.89145126,9.07093436,8.70427716,8.301634300000002,7.414402300000001,7.5484993,7.234743700000001,7.6913485,7.964629700000001,8.727741600000002,8.4237259,8.395494600000001,7.79041368,7.528033960000001,6.432365460000002,5.781764460000002,5.944337060000001,5.07148974,4.77796156,4.35643526,4.17959528,3.731383360000001,4.3648848,4.26091276,4.478698940000001,4.711321720000001,4.14700664,5.05976824,5.163520780000002,5.115892140000001,4.82321104,4.14889544,2.01531164,1.11484164,0.5166364,0.0,0.0,0.0,0.0,0.0,0.0,0.0,0.0,0.0,0.0,0.0,0.0,0.0,0.0,0.0,0.0,0.0,0.0,0.0,0.0,0.0,0.0
110577>110585,719,719,SFDu,Stratford,Elizabeth Line // WB,719,SFDu,Stratford,NR Weaver // UP,Alight-Interchange-Board,0.0,0.0,0.0,0.0,0.0,0.0,0.0,0.0,0.0,0.0,0.0,0.0,0.0,0.0,0.0,0.0,0.0,0.0,0.0,0.0,0.0,0.0,0.0,0.0,0.0,0.0,0.0,0.0,0.0,0.0,0.0,0.0,0.0,0.0,0.0,0.0,0.0,0.0,0.0,0.0,0.0,0.0,0.0,0.0,0.0,0.0,0.0,0.0,0.0,0.0,0.0,0.0,0.0,0.0,0.0,0.0,0.0,0.0,0.0,0.0,0.0,0.0,0.0,0.0,0.0,0.0,0.0,0.0,0.0,0.0,0.0,0.0,0.0,0.0,0.0,0.0,0.0,0.0,0.0,0.0,0.0,0.0,0.0,0.0,0.0,0.0,0.0,0.0,0.0,0.0,0.0,0.0,0.0,0.0,0.0,0.0,0.0,0.0,0.0,0.0,0.0,0.0,0.0
110577>110589,719,719,SFDu,Stratford,Elizabeth Line // WB,719,SFDu,Stratford,LO Mildmay // WB,Alight-Interchange-Board,1646.7466279,104.1792934,327.8465678000001,694.8810078,287.31162,185.9059953,46.62214359999999,0.79376444,1.66117404,2.55968164,5.801250040000001,14.33558404,21.9008776,26.3757338,30.7512278,33.7940336,29.7327176,25.7231832,25.80950240000001,27.19702580000001,25.2787376,25.5630804,26.7406136,27.85853060000001,25.3879044,26.228232,28.5330066,32.1152104,30.3801914,31.6845918,32.97945300000001,33.41975360000001,29.9297378,30.049432,30.9425308,32.1579614,29.94739280000001,28.18144780000001,28.8819146,30.996312,28.3769168,27.70356820000001,29.5424796,29.7776356,25.9495202,25.046893,25.15858080000001,25.8797396,25.1916646,24.5705182,26.01756180000001,27.1290564,25.3344696,24.1326402,24.8686142,25.9621716,24.6173684,23.7941388,23.8902558,24.68415460000001,21.608832,20.3859418,20.9039766,22.475498,20.3437838,19.3344486,18.758513,18.7633118,15.1446896,13.4518968,13.1903996,13.1749932,9.936732,11.080986,10.2507429,9.932034699999999,7.845529300000001,8.524410900000001,5.792717700000001,5.21123864,3.64039984,3.044239440000001,1.28523184,0.8467592400000001,0.499582,0.0,0.0,0.0,0.0,0.0,0.0,0.0,0.0,0.0,0.0,0.0,0.0,0.0,0.0,0.0,0.0,0.0,0.0
110577>110590,719,719,SFDu,Stratford,Elizabeth Line // WB,719,SFDu,Stratford,DLR (Stratford route) // OB,Alight-Interchange-Board,1103.47415644,49.58640984,171.3093093,458.6790073,223.8092501,92.71409406000002,107.37608584,1.26694192,2.56225692,3.42437632,4.882458799999999,7.653648440000001,9.44635528,9.26757098,11.08280118,11.5209185,9.8506287,10.0050225,12.7266902,14.3531316,15.37959,16.4953546,17.82555780000001,17.8680098,15.4640276,14.882505,14.937873,15.4386546,14.3188276,15.0976602,16.3901122,17.8936368,17.2268602,18.5129108,19.3348802,20.4263976,19.0580699,20.5406409,20.3311743,23.0574101,22.4005249,22.9862316,22.6336792,23.9603274,20.6146506,19.2956568,19.056631,18.4258518,16.2409756,17.2421788,18.1950642,20.257904,19.2773388,19.6958268,19.0896806,20.2351904,18.0320372,18.4599564,18.7362716,19.5689316,17.7654978,17.0922442,15.5983707,14.4383951,11.85311976,10.27458826,8.86537926,7.994305760000001,6.153952600000001,5.934212400000002,5.415464900000001,5.755674700000001,5.15310818,5.74863774,5.1272554,6.606144400000002,5.6004135,6.300489820000001,5.57547346,5.27935026,12.66368486,12.08341156,13.31592626,14.70046242,14.3140967,4.5039647,4.5039647,1.9287032,0.0,0.0,0.0,0.0,0.0,0.0,0.0,0.0,0.0,0.0,0.0,0.0,0.0,0.0,0.0
110577>110592,719,719,SFDu,Stratford,Elizabeth Line // WB,719,SFDu,Stratford,DLR (Stratford Int'l route) // OB,Alight-Interchange-Board,312.1470842601299,23.006575962,56.40446098,111.61045084,66.90458348000001,26.02406552,28.19694747813,0.1550059020000001,0.440332382,0.759547202,1.682515802,3.953162794,4.67361542,5.43694214,5.90545432,6.23585506,5.180850260000001,5.202607480000001,5.239733760000001,5.57932448,5.1031928,4.31374232,4.29865844,4.110539500000002,3.64420844,3.35515962,4.140588820000001,4.568869560000001,4.271819140000002,4.28322032,5.59375888,5.83651256,5.90176876,6.756895640000002,7.1665054,7.000324600000001,6.23597172,5.5649308,4.892329,4.77876992,3.689716400000001,3.460909940000001,3.50257574,3.54650334,3.23321002,3.3846352,3.36527114,3.77222106,3.71333506,3.51872058,3.57167606,4.41210706,4.70223266,5.28828178,6.49949766,7.35094232,7.193426520000001,6.550712520000001,6.177633599999999,5.712869899999999,4.80497134,4.23998754,3.97192058,3.61700812,2.641801720000001,2.3321684,1.97042734,2.02308266,1.87607748,2.006585,1.94125704,2.2417808,1.96387396,1.75334772,1.65665528,1.92182332,1.5130769,1.61874664,1.54122358,1.50740414,3.82774414,3.66962626,3.324975671626,3.781074411626,3.549302271626,0.647335671626,0.647335671626,0.6472788,0.0,0.0,0.0,0.0,0.0,0.0,0.0,0.0,0.0,0.0,0.0,0.0,0.0,0.0,0.0
110577>110593,719,719,SFDu,Stratford,Elizabeth Line // WB,719,SFDu,Stratford,DLR (Stratford Int'l route) // IB,Alight-Interchange-Board,46.02689585141402,3.2059861888,9.887396504000002,22.054649668,5.101010226000001,4.056908498,1.720944766614,0.004594947,0.041473611,0.041473611,0.184392103,0.4617391968,0.6793245560000001,0.7778704320000001,1.015117732,1.04737094,1.08920666,0.8888037699999999,0.94189579,0.7587303240000001,0.870270564,0.626370324,0.804859902,0.747732912,0.81307225,0.5736455340000001,0.7254375340000001,0.663242886,0.6953342560000001,0.667616392,0.6616221180000001,0.607363958,0.7311137379999999,0.7064049040000001,0.805479136,0.8893695859999999,0.918307026,0.8283161059999999,0.8245915600000001,0.7955804800000001,0.8587840600000002,0.6981684060000001,0.698550254,0.8844120740000001,1.320890614,1.29480138,1.535141574,1.654155246,1.518418786,0.946474928,0.8505101999999999,0.63692481,0.4241953040000001,0.266529698,0.31349738,0.331078854,0.390529124,0.40275145,0.4140309860000001,0.416439974,0.5438205819999999,0.492617322,0.4685947420000001,0.5518345379999999,0.548542132,0.36118283,0.372244016,0.3591442520000001,0.326204406,0.268101344,0.29582102,0.214734561,0.263657005,0.235235449,0.260206945,0.233130611,0.250264768,0.190443394,0.158218984,0.183770156,0.196392922,0.170874278,0.144079148,0.1156447335228,0.0508397215228,0.0136398155228,0.0136398155228,6.419522800000002e-06,0.0,0.0,0.0,0.0,0.0,0.0,0.0,0.0,0.0,0.0,0.0,0.0,0.0,0.0,0.0
110582>110501,719,719,SFDu,Stratford,NR Great Eastern // DN,719,SFDu,Stratford,EntEx,Alight-Exit,953.94004678,11.14183874,44.54434084000001,356.4452587,304.0023372000001,156.5823402,81.22393110000002,0.6699561200000002,0.6699561200000002,0.7867781200000001,1.03625444,1.44063108,1.4011746,2.43670012,2.70038814,3.3987199,3.31497946,2.780940436,2.052675176,2.355354396,2.141017716,2.369372156,3.13786028,4.755212820000001,5.446566580000002,5.554708380000001,7.236933540000001,7.803183400000001,7.492315,7.38504686,8.62142896,9.52836076,10.55344176,10.56746556,11.9511845,13.6222966,13.6690161,13.3337071,15.2889769,16.8063383,16.5122649,15.8673224,17.816437,18.01729060000001,17.22025420000001,16.7580768,18.7359584,20.6342892,21.5145868,21.7722208,24.9737958,28.0346762,27.3631706,25.63874980000001,27.74779360000001,27.7377232,24.5053348,21.8439404,22.3116076,24.781473,26.4652558,23.8887608,23.68385140000001,23.6198916,18.00249190000001,12.4731353,13.2831871,13.6621905,12.0705778,11.0334993,11.4851355,11.2061753,9.9885523,9.119583,10.6379206,9.321543000000002,9.5152618,9.4511632,11.257806,8.186084600000001,8.9557716,6.461158000000001,5.988901,3.2993644,3.97461446,1.73088146,1.73088146,0.67525006,0.67525006,0.0,0.0,0.0,0.0,0.0,0.0,0.0,0.0,0.0,0.0,0.0,0.0,0.0,0.0
110582>110514,719,719,SFDu,Stratford,NR Great Eastern // DN,719,SFDu,Stratford,Central // EB,Alight-Interchange-Board,145.642673156,0.06706499790000002,9.72666531784,35.05167220026,46.62092230400001,31.808413276,22.36793506,0.0,0.0,0.0003505365200000001,0.00101974008,0.00340659608,0.00466060778,0.01093311898,0.04669439846000002,0.1740601149000001,0.2290125329,0.3401880092,1.080440458,1.359088602,1.265715276,1.252138242,1.494207194,0.896823534,0.58239557576,0.5479648648600001,0.50463091422,0.17338176422,0.10433451622,0.1713108944600001,0.21255325936,0.2960485780000001,0.3614442820000001,0.3942281,0.6067663600000001,0.913288932,1.088775364,1.18473287,1.594388560000001,1.88543148,1.97253182,1.99500394,1.9537013,1.77289552,1.65652114,1.48648278,1.83897086,2.6875624,3.46776302,3.35332496,3.8802295,4.26280196,4.35130576,3.82111468,4.181985320000001,4.31296218,4.20776922,3.89530402,3.913246640000001,3.966545300000001,3.915785420000001,3.175647072,2.616454732,2.831428712,2.762089252,2.233133152,2.92762376,3.495427,3.14853948,2.77537302,2.98740336,2.42620208,1.95704162,1.65196032,2.61219152,2.32709956,2.76602284,2.90431124,3.28268944,2.01071774,2.46714858,1.72332458,1.56729746,1.01623416,1.157748532,0.4311560920000001,0.4311560920000001,0.1415143720000001,0.1415143720000001,0.0,0.0,0.0,0.0,0.0,0.0,0.0,0.0,0.0,0.0,0.0,0.0,0.0,0.0
110582>110515,719,719,SFDu,Stratford,NR Great Eastern // DN,719,SFDu,Stratford,Central // WB,Alight-Interchange-Board,252.1992030374923,2.1098255044,13.3747414186,90.70891734,74.98373216000002,44.08212488,26.9398617344923,0.06798406,0.06798406,0.2062713400000001,0.267263086,0.2714417326,0.3667018006,0.4623271466,0.3998522786,0.5624215726,0.622155758,0.496140014,0.759481168,0.7275768060000001,0.7519652059999999,0.9432827540000001,1.34457451,1.59382481,1.68834982,1.60781012,2.27715888,2.22810944,1.97791846,2.08948714,2.5936598,2.28486266,2.25837342,2.0303054,3.28896366,3.811204060000001,4.11316718,4.20678324,5.816522040000002,5.293547440000001,4.846193900000001,4.61811798,4.778031700000001,4.496545100000001,4.312902380000001,4.14688174,3.9169465,4.59793634,4.07536114,3.95111812,4.9759785,5.53500374,5.27760534,4.92434464,5.22203364,4.894279640000001,5.108160140000002,4.83435742,6.436864920000001,7.358796460000002,8.70639966,8.16563556,8.520251,6.834906060000002,5.492193299999999,3.34196906,3.30253586,3.73669954,3.68254908,3.34012948,3.489320660000001,3.582300060000001,2.39324654,1.94786034,2.9384149,2.60083556,2.26180128,1.89577612289846,2.47691032289846,1.27406792289846,2.86162242289846,2.45523490289846,3.2261925,2.6450583,2.85613592,0.98203562,0.98203562,0.21107762,0.21107762,0.0,0.0,0.0,0.0,0.0,0.0,0.0,0.0,0.0,0.0,0.0,0.0,0.0,0.0
110582>110522,719,719,SFDu,Stratford,NR Great Eastern // DN,719,SFDu,Stratford,Jubilee // NB,Alight-Interchange-Board,628.7016825583999,8.62760064,41.991503634,157.3242961644,139.15334106,177.0823127,104.52262836,0.0,0.0,0.2152706000000001,0.55331376,1.44720076,1.91615088,2.2073721,2.28829254,3.41273888,2.573145300000001,2.193342486,2.055348596,2.183804696000001,0.8060534800000001,0.7526251828,3.310339876800001,3.558096506800001,6.751004566800001,6.739621942799999,7.65538212,5.318771480000001,5.470618460000002,1.85320102888,2.33867486888,1.69353696888,2.19364740888,4.38378066888,5.605625180000001,5.930965080000001,6.816474680000002,8.61656858,8.334354180000002,8.134941180000002,9.02438458,8.510474440000001,7.91540594,6.409256340000002,7.82194516,6.290259160000002,8.5528615,7.79533458,9.91097558,8.08417256,10.31806656,9.60744656,10.28777268,7.669198560000001,9.89699748,10.02404838,10.53729738,9.1918191,11.51592742,10.72423652,16.64304282,14.50914774,18.54640642,19.36143102,21.74634372,13.73475412,18.253345,14.85568354,15.57833254,12.22964364,15.14547684,11.90745264,13.1433219,8.992902120000002,12.13362562,9.05016504,11.57059184,9.471835940000002,11.95164032,7.730129919999999,15.1447185,10.7693019,10.76755168,8.12471808,8.341102099999999,0.5840525000000001,0.5840525000000001,0.21638402,0.21638402,0.0,0.0,0.0,0.0,0.0,0.0,0.0,0.0,0.0,0.0,0.0,0.0,0.0,0.0
110582>110576,719,719,SFDu,Stratford,NR Great Eastern // DN,719,SFDu,Stratford,Elizabeth Line // EB,Alight-Interchange-Board,647.498993,16.93239594000001,40.49438254000001,186.62097512,199.9354154,142.6762962,60.8395278,0.0,0.0,0.7744878000000001,1.31432054,2.860589940000001,3.533522280000001,4.032423840000001,4.417051540000001,5.13292148,4.20027178,3.604252180000001,3.69488,2.925233840000001,2.05504506,2.11516336,2.90359842,3.02958684,3.5767335,3.52266344,3.73403264,4.29027824,3.98518796,3.38533224,4.091485,4.116896199999998,3.75817226,4.22489834,5.90616266,5.435362419999999,5.87828742,6.006503960000001,6.92125416,6.0581303,7.30126134,7.89393394,9.11831794,9.84612014,11.012979,11.2990038,12.3251634,12.2870712,12.6397576,13.8319842,15.0074314,14.6547098,14.9897178,15.4433588,15.3842134,15.7592766,16.685193,18.47906140000001,19.320309,20.9256436,18.6339802,15.0885098,14.571442,13.3369598,10.46014,11.600808,14.8784088,13.612375,12.9327606,12.7831984,12.4506284,12.0922676,9.369114999999999,9.0610442,10.0985904,7.935693200000001,5.896724260000001,11.09824866,10.00959992,6.93826032,6.93826032,6.05798926,1.87812226,1.0216574,1.0216574,1.0216574,1.0216574,0.0,0.0,0.0,0.0,0.0,0.0,0.0,0.0,0.0,0.0,0.0,0.0,0.0,0.0,0.0,0.0
110582>110577,719,719,SFDu,Stratford,NR Great Eastern // DN,719,SFDu,Stratford,Elizabeth Line // WB,Alight-Interchange-Board,46.8240009539,0.2547916438,7.132682616199999,16.2881017636,10.686781194,6.566939765000002,5.894703971300002,0.00054186712,0.00054186712,0.04032988912,0.04152802552,0.04540430852000001,0.04776375620000001,0.05613264820000001,0.022549282,0.06433861360000001,0.1515987706,0.1892361998,0.4709163078,0.6119633520000001,0.8027011239999999,0.7600668319999999,0.8976692179999999,0.826454318,0.922791758,0.7087530352,0.7261930872,0.6726523672,0.7504276072,0.5469872132,0.7030586759999999,0.8310277359999999,0.8418449060000001,0.55137244,0.59939148,0.4964533000000001,0.71176898,0.66012841,0.7626638160000001,0.72694515,0.87910585,0.542432784,0.562818974,0.5858394840000001,0.7761545040000001,0.571546902,0.4995889296,0.5457824696,0.9389184796,0.7577926996,0.7733986056000001,0.7891352140000001,0.984657914,0.620605914,0.594048908,0.8340691040000001,1.152401494,0.8227000808,0.7431465848000001,0.7706345808,1.3079182608,0.9977950128,1.069668126,1.140997082,1.234744882,0.436779458,0.482965206,0.417705922,0.469598502,0.33822581,0.3287933426,0.2855900426,0.3742029986,0.4219954786000001,0.6353410406000001,0.629456252,0.6024611834600001,0.86994399146,0.80795640146,0.56966638146,0.78689964146,0.7863706100000001,0.40748299,0.21723326,0.21723326,0.0,0.0,0.0,0.0,0.0,0.0,0.0,0.0,0.0,0.0,0.0,0.0,0.0,0.0,0.0,0.0,0.0,0.0
110582>110584,719,719,SFDu,Stratford,NR Great Eastern // DN,719,SFDu,Stratford,NR Weaver // DN,Alight-Interchange-Board,23.0632246959,0.00174446664,0.8838672992600001,9.735305065000002,7.524124100000002,3.429124089,1.489059676000001,0.0,0.0,0.0,0.0,0.00043611666,0.00043611666,0.00043611666,0.00043611666,0.00069410282,0.0005991106400000001,0.0005991106400000001,0.0005991106400000001,0.00161744612,0.00307818236,0.00273705788,0.00273705788,0.01768853288,0.2856516774,0.283932955,0.283932955,0.318020207,0.32706772,0.05808624,0.05808624,0.2286315,0.341232128,0.31723314,0.31723314,0.42631474,0.3639956479999999,0.217307768,0.217307768,0.3883212780000001,0.453323558,0.34509739,0.34509739,0.511470678,0.7401778880000001,0.5660940080000001,0.5660940080000001,0.7654427880000001,0.88770376,0.48798304,0.48798304,0.6370752,0.5204915999999999,0.23185734,0.23185734,0.58542038,0.7718938400000002,0.6891286600000002,0.6891286600000002,1.0320636,0.93544624,0.59988062,0.59988062,0.87039002,0.5899689859999999,0.333023306,0.333023306,0.365282752,0.116991177,0.05447727100000001,0.05447727100000001,0.140127887,0.205265921,0.183048096,0.183048096,0.4247709160000001,0.3391203,0.2417228200000001,0.2417228200000001,0.2417228200000001,0.0,0.0,0.0,0.0,0.0,0.0,0.0,0.0,0.0,0.0,0.0,0.0,0.0,0.0,0.0,0.0,0.0,0.0,0.0,0.0,0.0,0.0,0.0
110582>110589,719,719,SFDu,Stratford,NR Great Eastern // DN,719,SFDu,Stratford,LO Mildmay // WB,Alight-Interchange-Board,40.59152181638203,0.391109192145566,1.159504321159862,15.5446970190766,12.711329364,7.421923834,3.362958086,2.7888536e-08,2.7888536e-08,0.02840824788853601,0.028408271746332,0.090675191746332,0.090675185638554,0.090675216241106,0.062267023107634,0.06226704377140001,1.84397492e-07,2.01978908e-07,2.0581509e-07,0.035904926948562,0.07748336042699999,0.07748335084680802,0.1367845634846341,0.2308909590459,0.1949863080798601,0.153407897705054,0.1902953186591541,0.137700358659154,0.080415928659154,0.08041592245181402,0.11840557882662,0.23737875682662,0.31452820482662,0.45458606482662,0.6779509539999999,0.8072604999999999,0.7565378779999999,0.7187971340000001,0.655007742,0.5922514940000001,0.5717510140000001,0.6678016660000001,0.7281827500000001,0.7085881760000001,0.727118484,0.8278931140000001,0.8186026840000001,0.9213618440000001,1.18085541,1.38930737,1.37199799,1.264858928,1.293717908,1.152740388,0.89154726,1.03323826,1.181397912,0.999329452,0.95865626,0.986932728,0.997133868,0.980205888,0.971570512,1.020779604,1.065354004,0.820129144,0.6962151999999999,0.746419068,0.568284322,0.417805252,0.458267202,0.4457340560000001,0.367378548,0.350981626,0.4645758080000001,0.287182538,0.2248281828000001,0.2713432648,0.5279083728,0.3655445208,0.5034785808,0.486289166,0.42051534,0.13793406,0.13793406,0.0,0.0,0.0,0.0,0.0,0.0,0.0,0.0,0.0,0.0,0.0,0.0,0.0,0.0,0.0,0.0,0.0,0.0
110582>110590,719,719,SFDu,Stratford,NR Great Eastern // DN,719,SFDu,Stratford,DLR (Stratford route) // OB,Alight-Interchange-Board,58.50907910296198,0.1398644491,2.271346802926,23.994551088386,19.37707542,7.561518318550001,5.164723024000001,0.00028366324,0.00028366324,0.0009859804000000002,0.00237496494,0.00646434654,0.0094625213,0.0340635933,0.08594571614,0.2162285316,0.221066626,0.2244161608,0.2037035348,0.2412733908,0.11097892906,0.10249816998,0.22506927718,0.2214306812,0.1691854612,0.167908460608,0.167587579698,0.5309385196980001,0.6620755296780001,0.637711427678,0.7152256060100001,0.7151282510700001,0.3213229070700001,0.21103495907,0.30676825907,0.3702613490700001,0.381394126,0.2826540755944,0.3539748535944001,0.4222331995944001,0.5442030935944,0.6082221095944,1.751416764,2.165009514,2.194216974,2.382802114,2.43659826,1.743052180000001,1.55031234,1.513986928,1.194007748,1.379086288,1.394760708,1.194229608,1.41428774,1.67121862,1.8311189,1.429991416,1.593938556,2.103417696,1.905604488,1.620034948,1.839386452,1.56276687171,0.6784333637100001,0.52210622371,0.34856616371,0.32970738371,0.3745420620000001,0.4578334100000001,0.6874575780000001,0.6924003220000001,0.5443183920000001,0.573690354,0.789696194,0.5255980339999999,0.8165300500000001,0.6999157200000001,0.750407252,0.4354876320000001,0.5129778600000001,0.20225746,0.37511968,0.250352448,0.250352448,0.17286222,0.17286222,0.0,0.0,0.0,0.0,0.0,0.0,0.0,0.0,0.0,0.0,0.0,0.0,0.0,0.0,0.0,0.0
110582>110592,719,719,SFDu,Stratford,NR Great Eastern // DN,719,SFDu,Stratford,DLR (Stratford Int'l route) // OB,Alight-Interchange-Board,120.1854007541,2.397922882,4.845840784620001,27.08758462148,16.1163373248,12.1420384912,57.59567665,0.0025388276,0.0025388276,0.1257167136,0.1257167136,0.2113638136,0.375524634,0.8246378540000001,0.729885498,1.134462138,1.064935522,0.9000108254000001,0.462528776,0.4351416647199999,0.06602293472000001,0.05025469214000002,0.06347632074000001,0.14347652614,0.14774799322,0.11242752648,0.26535586506,0.25057747518,0.27643300518,0.27125652208,0.35206331282,0.4121567928200001,0.8442577627000001,0.9377203167,1.064626194,1.17653932,1.43321254,1.133795906,1.546765606,1.455922514,1.590591614,1.243887574,1.260000968,1.109413648,1.66286098,1.434889344,1.485749034,1.506241814,1.497468714,1.105659694,2.03549397,2.030686248,2.175691068,1.762363348,1.674250116,0.6617563680000002,0.95447202,0.70837468,1.18923136,1.0830663432,1.4167551312,1.0286091312,1.4310815112,0.9022486392,1.134605928,0.914620828,1.256273168,0.8724514440000001,1.132339216,0.9991507279999999,1.133998588,0.7609823659999999,1.09063029,0.8637224440000001,1.081014852,0.8239154620000001,1.415577484,1.080371964,1.20165611,0.8816386500000002,1.1713821,0.5371191000000001,10.34205466,10.18453576,10.18453576,9.8864448,9.8864448,0.0,0.0,0.0,0.0,0.0,0.0,0.0,0.0,0.0,0.0,0.0,0.0,0.0,0.0,0.0,0.0
110582>110593,719,719,SFDu,Stratford,NR Great Eastern // DN,719,SFDu,Stratford,DLR (Stratford Int'l route) // IB,Alight-Interchange-Board,27.49223120222499,0.0007977141430000001,1.356244783982,11.0439726766,8.368893782199999,3.647690569,3.0746316763,1.875821600000001e-05,1.875821600000001e-05,4.2537083e-05,4.2537083e-05,9.067051100000003e-05,0.000117758235,0.000203369305,0.000263325494,0.000459312174,0.0005955402539999999,0.000804562374,0.001509102504,0.003003370048,0.006533652768,0.01108212726,0.2117695592,0.242544306,0.2538939694,0.252350062,0.37169922,0.17151023446,0.18449914046,0.23911151446,0.23816172232,0.1491871323200001,0.23951289786,0.29684171386,0.4605697938600001,0.485967008,0.4623341248,0.373652343,0.2759873108,0.048256732,0.0291025014,0.0261638566,0.1582939084,0.2797996466,0.5325443454000001,0.8103673120000001,1.088172916,1.07416102,1.147966914,1.130643574,1.141165014,1.004129104,0.973419014,0.778417441,0.7231677809999999,0.546018129,0.481999945,0.39272988044,0.68549461344,0.63562087344,0.71244278544,0.6756779394399999,0.759776276,0.464228873,0.380374607,0.2605122670000001,0.302646573,0.251092237,0.300073846,0.309384872,0.2375480028,0.2289357168,0.3023785248,0.3209369448,0.2895781048,0.503793694,0.572335334,0.540857006,0.5186058,0.49067238,0.27361617086,0.12302997086,0.04835226046,0.00131846046,0.00131846046,0.0003660696,0.0003660696,0.0,0.0,0.0,0.0,0.0,0.0,0.0,0.0,0.0,0.0,0.0,0.0,0.0,0.0,0.0,0.0
110583>110501,719,719,SFDu,Stratford,NR Great Eastern // UP,719,SFDu,Stratford,EntEx,Alight-Exit,2011.1487836578,9.9270227272,282.16858794,1243.2953152,373.5914912000001,87.7706861,14.3956804906,0.2347048568,0.5879422568,0.9129097768,0.9907319248,1.049247148,1.526853928,2.337191228,2.287441608,3.773290760000001,3.795165524,5.020777064000001,17.068932364,19.264630264,26.747518164,29.9837422,39.0548398,29.6308048,36.837957,31.5980838,39.39284620000001,32.6777422,41.18599440000001,38.20767240000001,49.24355840000001,46.50508500000001,58.55002640000001,53.38351120000001,63.15629120000001,55.56857720000001,64.368656,55.40395520000001,64.74279720000001,56.22458520000001,64.65609800000001,54.88757800000001,63.61312679999999,52.87588539999999,56.6214914,46.0073554,50.4191574,40.5772604,46.16113260000001,40.50824780000001,47.74953000000001,42.07339640000001,45.93007540000001,38.6798968,41.7699976,33.5719416,34.1607212,27.1631376,28.1570534,21.6846564,23.169131,18.458075,18.7734088,15.1501075,14.8855695,10.1893249,9.8425649,7.2199019,6.825881400000001,5.034304000000001,5.027320599999999,3.897351360000001,3.86565088,2.86164631,2.97106285,2.46125789,2.30184285,1.565539274,2.167135424,1.829662784,1.478017274,1.081141554,1.05473641,0.41582463,0.03525713,0.0,0.0,0.0,0.0,0.0,0.0,0.0,0.0,0.0,0.0,0.0,0.0,0.0,0.0,0.0,0.0017550902,0.0017550902,0.0017550902
110583>110514,719,719,SFDu,Stratford,NR Great Eastern // UP,719,SFDu,Stratford,Central // EB,Alight-Interchange-Board,215.0758684679001,3.41895850244,29.385146814,105.37872058,46.02460942,22.69339272000001,8.175040431460003,0.18629194136,0.2290679273600001,0.38933159736,0.39104490956,0.4314438762,0.5845840362000001,0.6467842102,0.5604100042,1.127877472,1.112020494,1.202770174,1.570553614,2.20219547,2.26504951,2.8464084,3.35439132,3.54156552,3.28773994,3.38649392,3.48808098,3.30530262,3.1929773,3.47414782,3.24637722,3.36019008,3.4163572,3.621028,3.86197894,4.525429460000002,4.96889614,5.342281080000001,5.75039514,6.12786654,6.22518834,6.06842946,5.75951196,5.40822974,4.52321088,3.77548992,3.44784894,3.77325684,3.5267358,4.11898926,4.5586019,4.56843144,4.11002804,4.30225796,3.94465258,4.08420744,4.041663359999998,4.034675,3.8680415,3.93200368,3.23522606,3.19046738,2.71295498,2.83960184,2.36298914,2.54329314,2.05095318,2.24776456,1.712566152,1.910895052,1.46498568,1.51404878,1.39468812,1.454561848,1.197045228,1.3871565,1.286870454,1.02601002,0.99311936,1.11105792,0.7986169280000001,0.6389502340000001,0.564170508,0.3575524879999999,0.010524348,0.0,0.0,0.0,0.0,0.0,0.0,0.0,0.0,0.0,0.0,0.0,0.0,0.0,0.0,0.0,0.0003372238200000001,0.0003372238200000001,0.0003372238200000001
110583>110515,719,719,SFDu,Stratford,NR Great Eastern // UP,719,SFDu,Stratford,Central // WB,Alight-Interchange-Board,2146.672995285001,48.13529245599999,347.0187416,1087.6409208,445.7761668000001,171.6806928400001,46.421180789,2.006908264,3.631832664000001,4.683608784,5.328599664,5.416728200000001,6.585618200000001,10.1236116,10.35838508,16.4773542,17.40605968,22.31853848,23.36363008,29.38928248,28.24740948,35.57115920000001,33.626895,33.99000460000001,32.2109718,37.59933779999999,36.81809879999999,37.6684502,39.5546676,47.88442640000001,43.3401562,49.4893752,52.66555279999999,59.9562744,51.908361,59.6554472,53.32645320000001,59.35320760000001,51.12645240000001,56.53773320000001,45.98391120000001,48.79407640000001,39.26746439999999,38.9536422,32.8250278,37.979638,31.58880480000001,36.4617248,33.8137262,40.1179824,39.3883652,45.8787492,38.5595198,42.9679494,37.99183160000001,38.35200560000001,33.4474488,37.813617,33.6494782,38.14157879999999,33.78353320000001,35.3080988,29.8823564,31.179916,22.148544,21.6975168,16.29242248,16.25906988,11.29783308,11.60572288,8.875084320000003,9.88415104,8.13126804,7.608885560000001,6.700278760000002,7.97517912,5.60543888,5.03381642,5.444720200000001,6.685715800000001,4.662078580000001,4.453083620000001,3.71160928,2.68299238,0.1561657800000001,0.0,0.0,0.0,0.0,0.0,0.0,0.0,0.0,0.0,0.0,0.0,0.0,0.0,0.0,0.0,0.003460243,0.003460243,0.003460243
110583>110522,719,719,SFDu,Stratford,NR Great Eastern // UP,719,SFDu,Stratford,Jubilee // NB,Alight-Interchange-Board,1504.142225508,93.91803384,404.72033054,615.9653556800001,237.20869326,122.71348866,29.616323528,1.4232836,3.4955924,6.492831000000002,7.913380000000001,8.545493420000001,16.60206154,25.15254634,24.29284554000001,33.32076614,34.3060362,33.3624304,28.2144182,36.10316900000001,28.11166780000001,39.17223660000001,34.01019220000001,39.6167592,32.7317516,38.1012952,27.669608,31.7064602,22.7927674,27.4775858,21.6728928,26.6293862,21.3556704,29.7718,26.106489,33.21379520000001,27.5062596,36.51442520000001,28.91600200000001,32.6618946,24.703341,30.8120462,21.9035026,26.0432954,19.16774528,25.53240768,19.84135818,24.19718298,17.90975144,22.55003276,16.97926376,20.21029546,14.95774334,20.69364528,17.10437408,22.23170448,17.7011292,23.83386932000001,19.30599632,23.53763092,17.1242617,23.45811198,17.04993118,19.39340398,13.6207037,17.53179291999999,10.99359824,12.87265134,8.968897020000002,10.6821145,6.712900720000001,7.3297214,5.175015720000001,5.590002320000001,3.842686800000001,4.378640040000001,3.275774706,2.832667326,2.683607506,4.456302426000001,3.329938252,3.203955586,3.060960346,2.309562886,0.029890686,0.0,0.0,0.0,0.0,0.0,0.0,0.0,0.0,0.0,0.0,0.0,0.0,0.0,0.0,0.0,0.018341256,0.018341256,0.018341256
110583>110576,719,719,SFDu,Stratford,NR Great Eastern // UP,719,SFDu,Stratford,Elizabeth Line // EB,Alight-Interchange-Board,65.23793270999997,0.5312795560000001,8.749339524000002,26.32371995,14.845944934,9.290927686000002,5.49672106,0.0,0.0,0.0,0.022439648,0.06270526400000001,0.09433643,0.13467041,0.2171278040000001,0.269904436,0.315474646,0.4673803080000001,0.6614593480000001,0.7304610880000001,0.7814378180000001,1.019457312,0.9236949940000002,0.8449493540000002,0.8165394600000002,0.99593785,0.92264291,0.8348684000000001,0.88918704,1.11036168,0.9384185079999999,0.922815588,1.048028282,1.364624062,1.252896882,1.309076554,1.143530926,1.515318112,1.080146216,0.978529856,0.956648246,1.250978594,0.86611596,0.983018776,0.9971690959999999,1.195994566,1.014071574,1.074286508,1.067692988,1.285056368,1.244885168,1.27723396,1.31584062,1.48502334,1.33924566,1.22861698,1.16903901,1.42326753,1.239685962,1.17732591,1.12829975,1.21801512,0.8443510919999999,0.827991334,0.8382428060000001,0.8748249459999999,0.818942974,0.8477612820000001,0.8089986760000001,0.8993359760000001,0.8203503759999999,0.6459172040000001,0.665418944,0.5679441239999999,0.6751990440000001,0.6398316380000001,0.7776631940000001,0.7506170540000001,0.8500788060000001,0.5260361720000001,0.640920058,0.489098266,0.376301026,0.2421161060000001,0.20405874,0.0,0.0,0.0,0.0,0.0,0.0,0.0,0.0,0.0,0.0,0.0,0.0,0.0,0.0,0.0,0.0,0.0,0.0
110583>110577,719,719,SFDu,Stratford,NR Great Eastern // UP,719,SFDu,Stratford,Elizabeth Line // WB,Alight-Interchange-Board,1472.7764162,78.46069556,241.64023844,736.6184781,302.61079994,99.27312548,14.17307868,2.082269,2.3488568,5.283110200000001,5.735125460000001,6.1254846,18.5864662,20.0956175,18.20376580000001,26.01995574,25.19690868,16.49729128,16.65458138,23.93879768,16.80053488,20.7833526,16.6947338,23.54278140000001,16.8149446,19.862182,18.8341744,23.4046838,16.6836172,21.2576482,18.3233476,30.0297076,25.50359726,32.87870706,31.70294466,47.54511546000001,34.77885526000001,43.7981396,36.999881,49.16259520000001,33.19521488,35.99838788,28.57950428,38.66426848,22.0566792,27.12587092,25.15774192000001,34.67103552,22.82361452,30.1207654,26.1565552,34.9007154,23.559217,27.9036712,21.9193088,32.4496972,21.08210456,27.49458356,23.97596556,31.71456536,19.51690536,22.2572268,15.83683914,19.47795554,10.35596516,11.0513321,8.685746100000001,10.74651556,5.57214032,6.402547299999998,5.376906839999998,7.034233239999999,5.08611644,5.09834484,4.38532204,4.738055040000001,2.6382038,1.8651948,1.9657604,1.3668036,0.7889645200000002,0.53052056,0.27957596,0.0,0.0,0.0,0.0,0.0,0.0,0.0,0.0,0.0,0.0,0.0,0.0,0.0,0.0,0.0,0.0,0.0,0.0,0.0,0.0
110583>110584,719,719,SFDu,Stratford,NR Great Eastern // UP,719,SFDu,Stratford,NR Weaver // DN,Alight-Interchange-Board,321.190740246197,7.102098555857,63.05016179324001,158.75100176,57.82931246,27.14069252284,7.317473154260001,0.0,0.06806042,0.87504762,0.8750578331794,0.8754987114193999,1.4167998114194,1.8992739314194,1.0923602284194,3.17187221524,3.1735637384,3.5587178384,4.2580787784,5.7293710214,4.6556441014,5.8415377,5.746849580000001,6.7125113,6.471277359999998,6.795632980000001,6.93510518,9.0877491,8.0787771,8.28942202,7.656092919999999,7.50355162,5.45627362,5.00516082,4.23075774,6.365003340000001,5.767607099999999,6.2383277,6.0384855,8.579214460000001,6.375725860000001,6.731743120000001,6.05028036,8.01290756,6.02984536,6.845596079999999,6.65989486,7.99926862,5.75199296,5.521271559999999,4.47605238,5.18753208,3.41343178,4.4717905,4.12536558,5.593604040000002,4.37761436,5.34956566,4.983333400000001,6.04878152,4.68003938,5.25021506,4.348039100000001,4.532760700000001,3.0717111,2.9016313,2.4354498,2.60014532,1.71965678,1.87795986,1.73146792,2.01874346,1.70306582,1.43604473342,1.11205572942,1.93048494942,1.48009125942,1.26963373942,1.269313566,1.18370689,0.18424275,0.0,0.0,0.0,0.0,0.0,0.0,0.0,0.0,0.0,0.0,0.0,0.0,0.0,0.0,0.0,0.0,0.0,0.0,0.0,0.0,0.0,0.0
110583>110589,719,719,SFDu,Stratford,NR Great Eastern // UP,719,SFDu,Stratford,LO Mildmay // WB,Alight-Interchange-Board,788.6881858391204,19.27266093712,168.268000012,384.3832376,133.385079,69.624690796,13.754517494,0.0003691947800000001,0.3628771347800001,2.67312453478,2.67967570078,2.809100286,3.762933386,4.571368906,2.413211794,3.483761228,3.591854828,6.084379528,11.063749668,12.17503122,15.69534722,19.95224664,21.95650344,17.41175844,19.7234716,18.7130678,18.4168284,16.9684092,18.9694846,18.3387844,17.67144859999999,16.1203504,15.1093114,15.5753386,17.197344,17.6292596,18.3046138,19.7145794,19.0672942,17.86506499999999,17.1196032,17.0425648,16.0088228,14.0043772,13.4040064,13.38162760000001,12.8501694,12.13129,13.4719484,13.4127666,13.024778,12.5685108,11.46848308,11.49665788,11.33726368,11.20124228,11.01442168,12.26969,11.4855098,10.4230096,9.8965574,10.6799866,9.5437462,8.7703132,8.31588194,8.59464514,6.691863939999998,5.973222740000002,5.51508286,5.94872638,5.01848498,4.60404688,4.22230296,3.471864388,2.498255388,1.928231588,1.837803628,1.329584488,1.82411586,1.9879211,1.69998067,1.25297973,1.19408319,0.6759698700000001,0.02384737,0.0,0.0,0.0,0.0,0.0,0.0,0.0,0.0,0.0,0.0,0.0,0.0,0.0,0.0,0.0,0.0,0.0,0.0
110583>110590,719,719,SFDu,Stratford,NR Great Eastern // UP,719,SFDu,Stratford,DLR (Stratford route) // OB,Alight-Interchange-Board,214.2063249870001,13.69722896,28.87513152,108.86993504,46.02394632,10.7259765014,6.0141066456,1.56038466,1.76944054,2.19142546,2.19142546,2.19142546,1.20679192,1.47173192,1.11460354,1.76127388,1.76127388,1.26265826,1.09153322,1.92537338,2.26128656,2.75192176,3.41894638,3.88205274,3.25982198,2.70773546,2.79125402,3.22646296,2.92247192,3.33860952,3.61215538,4.24967562,4.12828016,4.42263092,4.531227100000002,4.61312116,4.34237868,4.315621599999999,4.9016962,6.01774708,5.89071176,5.73041206,5.92314294,6.03721154,4.85104224,4.817660399999999,4.713988520000001,4.70086852,3.8051712,3.902119700000001,3.87552786,4.476683120000001,3.68524516,3.74282998,3.258051640000001,4.23419476,3.87815006,4.370387340000002,4.248990800000001,4.92085854,3.62578736,3.00966488,2.57310268,2.45194628,1.64945852,1.49312124,1.23752633,0.9406657620000001,0.617373878,0.504069058,0.4145865240000001,0.4484067340000001,0.3748481300000001,0.342273564,0.2517004814000001,0.3349124354,0.2645317754000001,0.5556581274000001,0.6478040774000001,1.07879414,1.007764758,0.993972098,0.598200398,0.486106218,0.046362618,0.0,0.0,0.0,0.0,0.0,0.0,0.0,0.0,0.0,0.0,0.0,0.0,0.0,0.0,0.0,0.0,0.0,0.0
110583>110592,719,719,SFDu,Stratford,NR Great Eastern // UP,719,SFDu,Stratford,DLR (Stratford Int'l route) // OB,Alight-Interchange-Board,83.46447267163104,7.6217782158,22.2308872964,32.258820554,15.2894245008,4.755424380604939,1.30813772402611,0.1816041478000001,0.4109569078000001,1.0415230678,1.0430590708,1.0441069194,1.3323415594,1.5725842394,0.9956023034,1.6393916204,1.71448217,2.42434349,2.122093038,2.336819894,1.761797258,2.740447152,1.603396232,1.701339624,1.463563564,1.85347964,0.869733614,1.334909314,1.0759384296,1.7035541296,1.2978832396,1.6348570056,1.1598678016,2.245002306,1.616920088,1.958687858,1.57112669,2.139006814,1.086940484,1.198692742,0.8392949880000001,1.397978376,0.857749102,0.9277169120000001,0.846507256,1.34528993,0.840832004,1.122022058,1.064172658,1.644578474,1.349291894,1.52713898,1.332994,1.75968526,1.25498766,1.32620042,1.169525988,1.509906968,1.071649328,1.335002988,1.038895826,1.215107118,0.7483299647999999,0.7471965327999999,0.3612592256,0.5152161476,0.2674102596,0.3368065728,0.3142983068,0.554917294,0.4035514080000001,0.434219828,0.3653144888,0.34901864130247,0.10621567530247,0.16500039330247,0.12306739330247,0.10177719348621,0.10488074018374,0.2199309061837401,0.1559220621837401,0.1425921501837401,0.1425920492,0.139488348,0.012886488,0.0,0.0,0.0,0.0,0.0,0.0,0.0,0.0,0.0,0.0,0.0,0.0,0.0,0.0,0.0,0.0,0.0,0.0
110583>110593,719,719,SFDu,Stratford,NR Great Eastern // UP,719,SFDu,Stratford,DLR (Stratford Int'l route) // IB,Alight-Interchange-Board,12.596919320153,1.900192639603,1.39221863964,4.018117528960001,4.5120690511,0.6035158672000001,0.1708055936499999,1.13647206e-05,0.2018947647206001,0.2733559647206,0.2733559647206,0.2733559647206,0.3890487320000001,0.280315542,0.2088543420000001,0.254574862,0.254574862,0.171169786,0.07801957600000001,0.092787776,0.04706725599999999,0.0638567192,0.0660364432,0.06642162616000001,0.06291304676000001,0.12579307476,0.10900361156,0.12069657756,0.1203113946,0.127697153,0.064817125,0.095129809,0.048958063,0.116927629,0.09828225000000003,0.124558368,0.094245684,0.306208484,0.238238918,0.263478972,0.237202854,0.2913447220000001,0.090282181,0.143389425,0.1247454006,0.1976090566,0.1753965086,0.1665080563,0.1134008123,0.1426941707,0.5159939146999999,0.4947359973,0.6746081706,0.7144575886,0.9151927206,0.4843003066,0.483933291,0.30351970628,0.2636702882800001,0.04746432728,0.03219334128,0.04973185428,0.04826145900000001,0.081757365,0.061338806,0.09086653,0.06302363,0.06902115360000001,0.0355252476,0.05671631860000001,0.0271885946,0.0357748006,0.029777277,0.029777277,0.0227488672,0.02276426277,0.01417805677,0.01417805677,0.01417805677,0.02111374857,0.021098353,0.021098353,0.021098353,0.021098353,0.0,0.0,0.0,0.0,0.0,0.0,0.0,0.0,0.0,0.0,0.0,0.0,0.0,0.0,0.0,0.0,0.0,0.0,0.0
110584>110501,719,719,SFDu,Stratford,NR Weaver // DN,719,SFDu,Stratford,EntEx,Alight-Exit,2.731749288,2.731749288,0.0,0.0,0.0,0.0,0.0,0.61343436,0.6242954916,0.6242954916,0.6690367295999999,0.05560236960000001,0.05560236960000001,0.044741238,0.044741238,0.0,0.0,0.0,0.0,0.0,0.0,0.0,0.0,0.0,0.0,0.0,0.0,0.0,0.0,0.0,0.0,0.0,0.0,0.0,0.0,0.0,0.0,0.0,0.0,0.0,0.0,0.0,0.0,0.0,0.0,0.0,0.0,0.0,0.0,0.0,0.0,0.0,0.0,0.0,0.0,0.0,0.0,0.0,0.0,0.0,0.0,0.0,0.0,0.0,0.0,0.0,0.0,0.0,0.0,0.0,0.0,0.0,0.0,0.0,0.0,0.0,0.0,0.0,0.0,0.0,0.0,0.0,0.0,0.0,0.0,0.0,0.0,0.0,0.0,0.0,0.0,0.0,0.0,0.0,0.0,0.0,0.0,0.0,0.0,0.0,0.0,0.0,0.0
110585>110501,719,719,SFDu,Stratford,NR Weaver // UP,719,SFDu,Stratford,EntEx,Alight-Exit,3606.797177,95.9703692,336.9907222000001,1850.9929786,843.1303648,326.7627154,152.9500268,0.0,0.0,13.9941452,13.9941452,16.4232626,18.9932292,21.8629016,10.7026854,15.459349,15.7264168,18.180725,18.7273258,22.6330808,24.172126,30.1886748,31.9406908,37.76046420000001,39.65486420000001,41.6765974,40.87040740000001,42.2803112,41.3874946,44.718014,44.27964840000001,47.6780552,49.8632274,57.9149134,56.7428408,64.3549036,64.98997960000001,74.2729188,77.4003828,84.399078,88.01918680000001,97.5843252,93.4812872,99.5239152,97.04086120000001,102.4675512,98.66340600000001,100.633682,99.391002,109.674886,114.231108,114.960088,110.518464,98.659083,83.81307340000002,65.81834420000001,58.3713466,58.001225,53.945564,54.27511360000001,53.45264080000001,49.74634440000001,41.5690778,37.6232748,32.830016,26.70823040000001,24.3246438,25.28433840000001,25.2569118,22.5773322,25.6491984,25.7400896,25.3973044,26.1389072,29.2324684,24.7418408,27.039065,23.827201,25.767295,19.0709762,16.3345652,9.0533304,7.1157532,0.0,0.0,0.0,0.0,0.0,0.0,0.0,0.0,0.0,0.0,0.0,0.0,0.0,0.0,0.0,0.0,0.0,0.0,0.0,0.0
110585>110514,719,719,SFDu,Stratford,NR Weaver // UP,719,SFDu,Stratford,Central // EB,Alight-Interchange-Board,436.5134812,4.4628185,40.44689774,171.03226386,92.510014,79.65221688,48.40927022,0.0,0.0,0.11162144,0.11162144,0.56552554,0.71200512,1.19957722,1.76246774,2.1207964,2.12398754,3.10823982,3.1299548,3.04728936,3.6822595,4.24494666,4.0443232,4.22619008,3.93405752,3.48561288,3.29923998,3.57456904,3.44532348,3.69283876,3.82180954,3.65188952,3.167601260000001,3.795963960000001,4.277039020000001,5.180694080000001,5.951628800000001,6.663654600000001,7.791098300000002,8.754692600000002,9.6626848,10.351179,10.9643898,10.5411066,10.196614,9.390018099999999,9.0832671,9.0706305,8.850984100000002,9.9878139,9.164773,8.181359440000001,7.706423440000001,7.231494840000001,5.87807454,6.61113854,8.0788803,8.154987299999998,8.290650900000001,8.8197714,8.579616399999999,7.963702199999999,7.013914700000001,6.45401888,5.379505480000002,5.92531108,5.670205080000001,7.015978780000001,7.710999260000001,8.049378660000002,7.680743060000001,6.84076818,6.50511878,5.824294020000001,6.59589562,6.61836242,8.794316900000002,7.6184381,8.8110398,6.815636200000001,5.267255,2.5018,1.9824218,0.0,0.0,0.0,0.0,0.0,0.0,0.0,0.0,0.0,0.0,0.0,0.0,0.0,0.0,0.0,0.0,0.0,0.0,0.0,0.0
110585>110515,719,719,SFDu,Stratford,NR Weaver // UP,719,SFDu,Stratford,Central // WB,Alight-Interchange-Board,1196.8294495,21.39747672,74.72942386,296.1643977200001,197.5946386,235.359144,371.5843686,0.0,0.0,0.971817,0.971817,2.15727728,4.46355568,6.064744279999998,6.76826548,7.51711692,7.185052580000002,6.034067980000001,5.50951208,4.730299,5.135998760000001,5.68577502,6.45871402,6.25057332,6.802814,6.84892274,6.57057744,5.687326500000001,6.677510300000002,6.73915998,7.16971084,7.36263494,8.08479248,9.33869048,9.9801522,9.8473374,9.9338335,12.5705701,11.9812627,14.7116481,15.3518619,16.3596884,14.6548334,16.4740474,12.93167712,15.27376992,16.47504632,15.72773372,14.40185622,18.4328209,19.9964329,21.1493729,21.21298070000001,19.8071338,16.8466746,15.010668,13.8684156,15.3607604,15.7225358,15.4685226,15.2383896,13.9723714,13.9368132,14.9459966,16.04887200000001,13.62232626,14.74562786,12.45401926,15.43928206,13.5591452,19.43719794,17.67599874,30.19155054,27.44126034,39.79786720000001,33.35214192000001,60.26813412,48.74287592,69.31148452,55.57615452,54.5921978,25.9560838,23.785296,0.0,0.0,0.0,0.0,0.0,0.0,0.0,0.0,0.0,0.0,0.0,0.0,0.0,0.0,0.0,0.0,0.0,0.0,0.0,0.0
110585>110522,719,719,SFDu,Stratford,NR Weaver // UP,719,SFDu,Stratford,Jubilee // NB,Alight-Interchange-Board,3883.823369000001,301.3763168,762.7505143999999,1046.0384378,538.7141662,737.019573,497.9243607999999,0.0,0.0,28.898356,28.898356,46.90699600000001,54.81067340000001,80.51851740000002,61.34341800000001,76.1213432,63.95596920000001,70.9670818,53.58310980000001,56.394412,47.2588688,56.8336676,58.71384760000001,68.0506796,73.9622168,74.2321582,62.6771598,51.383954,38.45089400000001,26.942839,26.7172488,31.9011428,31.1455662,32.5587886,30.442404,32.6250434,31.4936622,38.4178596,42.111636,46.63835160000001,46.293105,50.4540852,47.4104436,49.64635440000001,48.5158524,51.7133718,47.01048180000001,53.5411824,57.2950348,64.5329008,68.7962354,72.774992,62.99691600000001,54.366874,45.4753714,39.3530928,33.8017036,35.3988776,33.98272100000001,36.751651,34.3218628,44.64079520000001,44.8493088,49.0080102,52.94958880000001,53.21290760000001,44.67083680000001,49.8976006,55.3342298,49.2215048,60.56672879999999,69.0701552,77.86301180000002,81.08560780000002,94.13939079999999,83.0618982,98.25187740000001,82.0537264,80.77221639999998,60.55641639999999,53.59245299999999,22.321149,17.314624,0.0,0.0,0.0,0.0,0.0,0.0,0.0,0.0,0.0,0.0,0.0,0.0,0.0,0.0,0.0,0.0,0.0,0.0,0.0,0.0
110585>110576,719,719,SFDu,Stratford,NR Weaver // UP,719,SFDu,Stratford,Elizabeth Line // EB,Alight-Interchange-Board,570.11735902,12.69354376,63.66492002,242.79912662,120.9439027,81.34995554800001,48.66591037200001,0.0,0.0,0.6541106000000001,0.6541106000000001,1.22239912,2.72626418,3.23264718,4.20401208,4.8136934,5.469583,4.47326414,4.71308824,3.42503236,4.08477176,4.599221040000002,6.29557084,5.94924458,7.52095396,6.64573088,5.67476582,3.85413744,4.8064392,3.29627844,3.9889058,3.78310598,5.15291936,5.19081936,6.521892520000002,6.672970640000001,8.01913712,8.703166920000001,13.99910732,13.93705912,16.7015456,16.5450566,18.3604162,14.397543,15.421874,12.8828868,14.3426524,11.2711122,10.6165306,9.7869336,14.5466364,14.108375,15.2687264,14.00683792,13.43330064,8.62090454,7.629857940000001,6.60199062,7.437430900000002,7.5890263,9.1690228,8.5176686,8.560761040000001,8.469017560000001,8.70062704,6.982963440000002,7.14278272,6.774937860000001,6.648193860000001,5.41140778,5.50316998,5.361716700000001,7.18235424,5.810611444,7.362172924000001,7.001633124000001,8.435696924000004,5.933233363999999,8.74596064,6.75879044,5.75452604,3.171452840000001,2.864617,0.0,0.0,0.0,0.0,0.0,0.0,0.0,0.0,0.0,0.0,0.0,0.0,0.0,0.0,0.0,0.0,0.0,0.0,0.0,0.0
110585>110577,719,719,SFDu,Stratford,NR Weaver // UP,719,SFDu,Stratford,Elizabeth Line // WB,Alight-Interchange-Board,704.51367029,19.57395688,71.82673208,200.91903704,120.011277,149.60799836,142.57466893,0.0,0.0,2.4983886,2.4983886,3.22262514,3.496318140000001,4.944721400000001,2.913515,4.7970158,4.48257716,5.86898016,5.0581513,6.256873500000001,5.424457400000001,6.9030303,6.152481900000002,7.458190699999999,6.528806260000001,7.17648846,5.71967914,6.837806140000001,5.92240114,7.72432458,6.75252416,8.35324948,6.918422079999999,7.53111168,6.006683580000002,8.084562100000001,7.650311099999999,9.396683300000001,8.532106420000002,9.72940772,7.85849522,8.77490762,8.47035082,9.3621993,8.2357159,10.099134,8.77989606,9.14860646,8.930281860000003,10.89922546,10.92063086,11.7193688,10.2038703,10.09626816,8.521782420000001,8.667014220000002,7.71708878,10.81554048,10.37220256,11.6755745,10.4495413,11.19050174,8.582523740000001,9.7946534,8.2784142,8.517862599999999,9.2084894,9.4420856,10.7800602,10.77837792,12.58976992,11.6140202,19.8489974,16.59545412000001,22.1598134,18.398444118,26.423853238,16.68867113799999,25.524931818,18.695831018,18.6684053,9.143135899999999,9.0313964,0.0,0.0,0.0,0.0,0.0,0.0,0.0,0.0,0.0,0.0,0.0,0.0,0.0,0.0,0.0,0.0,0.0,0.0,0.0,0.0
110585>110582,719,719,SFDu,Stratford,NR Weaver // UP,719,SFDu,Stratford,NR Great Eastern // DN,Alight-Interchange-Board,205.3032122104399,5.027441142256,17.593869973384,79.0897871208,55.69413590400001,28.75960805,19.13837002,0.0,0.0,0.55821752,0.55821752,0.96329044,0.963328790684,1.271275830684,0.713111040888,1.228680040888,0.852586364888,1.168346034204,0.9003102402040001,1.53369243,1.05839251,1.817846386,1.524548368,2.153852322,1.533397672,2.301315792,1.5209018132,1.7934764712,1.2042400352,1.8733585652,1.2320635132,2.470449112,2.17638001,2.708239686,2.307357006,3.340454358,2.107746074,3.722568516,3.113632442,4.037044981999999,3.071610402,3.880899406,2.376122286,4.29268812,3.181406664,4.425780744000001,4.134201824,5.997018944000001,4.186294936,6.432338531999999,5.024414492,6.390196351999999,4.702111612,6.76833262,4.62877046,6.02449304,4.3964078,5.18574894,3.157287426,4.201815186,2.938067546,4.146319486,3.154585436000001,4.481019230000001,3.332944240000001,3.803532440000001,2.400269072,2.916740242,1.569610774,1.617179524,1.168196764,1.480614452,1.323660732,2.1774006,2.48843998,2.36034174,2.22670806,2.10669546,3.07645818,2.62156864,2.52508154,2.2722058,1.9493106,0.0,0.0,0.0,0.0,0.0,0.0,0.0,0.0,0.0,0.0,0.0,0.0,0.0,0.0,0.0,0.0,0.0,0.0,0.0,0.0
110585>110583,719,719,SFDu,Stratford,NR Weaver // UP,719,SFDu,Stratford,NR Great Eastern // UP,Alight-Interchange-Board,196.6369553092,0.0,2.931950574200001,15.4392457318,3.43891714,3.35950420242,171.46733766078,0.0,0.0,0.0,0.0,0.0,0.0,0.0,0.0,0.12090468,0.12090468,0.12090468,0.206845608,0.3026243,0.3117591000000001,0.3117591000000001,0.4201027720000001,0.3384124346,0.2483151892,0.1182757092,0.3111423212,0.3983797892,0.6883910186,0.682709572,0.887485952,0.8140060600000001,0.7693069400000001,0.47504512,0.94511638,0.85970351,0.90685765,0.75597563,0.98162901,0.5942247700000001,0.58066844,0.41412758,0.54233322,0.36659754,0.43580376,0.32999658,0.644072,0.59224647,0.69277174,0.5408985,0.5408985,0.55824228,0.48186217,0.3314192,0.3314192,0.386841006,0.07840807,0.07840807,0.120642166,0.202297286,0.22864852,0.205662256,0.435066916,0.4080860220000001,0.3407308580000001,0.258957818,0.440821984,0.362133264,0.41641645,0.402116494,0.408599098,0.226734932,0.07776757740000001,0.0082311894,0.00890851562,0.00242591162,0.00274814864,0.00099956324,34.29290356324,34.29222623702,34.29222623702,34.291904,34.291904,0.0,0.0,0.0,0.0,0.0,0.0,0.0,0.0,0.0,0.0,0.0,0.0,0.0,0.0,0.0,0.0,0.0,0.0,0.0,0.0
110585>110589,719,719,SFDu,Stratford,NR Weaver // UP,719,SFDu,Stratford,LO Mildmay // WB,Alight-Interchange-Board,176.27998995,2.54338177,12.61192643,38.18358839,37.99164584,36.13272156000001,48.81672596,0.0,0.0,0.10612855,0.10612855,0.4225313700000001,0.5150348339999999,0.7379007540000001,0.6556577120000001,0.8158815060000001,0.557655806,0.62425955,0.513207402,0.6838004940000001,0.618102084,0.980680204,1.200192056,1.521379184,1.528912504,1.90359216,1.66426348,1.57389616,1.2605509,1.200800152,0.887839292,1.087946932,0.905118632,1.268093392,1.30322188,1.33188438,1.079149,1.32804222,1.16699162,1.48190652,1.578661,2.24477128,2.04705144,1.86934905,1.53263065,1.74432625,1.13410671,1.47023541,1.72517916,3.5292924,3.43254396,4.278425,4.03620864,4.58390656,3.01977344,3.20158944,2.5688127,2.81686294,2.12716662,2.45568274,2.93024342,2.942178520000001,3.03079582,3.40824392,3.03805696,2.107831768,2.324703648,2.144976288,1.948792548,1.795114288,2.96130234,2.76956854,3.95270652,3.82886046,5.85256428,4.891228980000001,7.796527940000002,6.56079088,9.29637642,7.072455419999999,6.74484286,3.40467686,3.0498266,0.0,0.0,0.0,0.0,0.0,0.0,0.0,0.0,0.0,0.0,0.0,0.0,0.0,0.0,0.0,0.0,0.0,0.0,0.0,0.0
110585>110590,719,719,SFDu,Stratford,NR Weaver // UP,719,SFDu,Stratford,DLR (Stratford route) // OB,Alight-Interchange-Board,595.5900579999998,23.14806012,75.35127986,264.20738542,126.61463622,74.46296182,31.80573456,0.0,0.0,2.4008448,2.4008448,3.55104974,3.96186846,6.186241260000001,4.64721106,5.08263682,4.68670144,7.550126720000002,5.749013560000002,6.987331360000002,7.080177700000001,8.046329140000001,5.79205528,7.09500644,5.62001524,6.366352419999999,5.29553374,5.4254014,5.5973024,6.658055600000001,7.69603872,9.0955882,9.845362,9.46235754,8.660838420000001,7.909551540000002,7.394585740000001,8.22553854,9.6523078,11.00414472,12.4542374,12.6760046,13.0851922,14.1527872,13.225558,13.4409432,15.751562,15.8082798,14.3821532,15.8426576,16.7609376,14.5620216,12.8681638,12.7187862,12.3674045,9.884880300000004,9.3028367,11.0810727,10.3144021,9.7657326,9.12859108,8.58250458,6.038240060000001,5.63419586,4.26977736,4.3309428,4.191392899999999,4.644025360000001,5.23164296,5.075049180000001,7.497484460000001,8.366784599999999,9.29236226,7.467665699999999,8.46163838,5.64481498,5.52583676,3.96385082,5.47414938,4.13175278,3.43957778,2.08927986,1.5364722,0.0,0.0,0.0,0.0,0.0,0.0,0.0,0.0,0.0,0.0,0.0,0.0,0.0,0.0,0.0,0.0,0.0,0.0,0.0,0.0
110585>110592,719,719,SFDu,Stratford,NR Weaver // UP,719,SFDu,Stratford,DLR (Stratford Int'l route) // OB,Alight-Interchange-Board,804.6559546,46.32475088000001,130.17631602,346.7074564,153.30897772,74.84453808,53.29391549999999,0.0,0.0,5.395881200000002,5.395881200000002,7.198661800000001,9.260017800000002,10.81128114,8.263027740000002,11.49010074,11.83761514,11.70654254,11.32271608,10.24566108,8.71573408,8.918823880000003,11.34886948,11.1024575,11.6540821,11.0422585,10.7914549,7.485703819999999,8.97784802,9.14842902,9.454479420000002,8.09283006,9.25812894,7.99038724,7.65397604,7.837641759999999,10.71279772,10.67096372,14.00152652,12.88325452,16.27663260000001,16.7803964,18.6469356,16.375752,19.435905,18.1150386,20.2861206,20.0400856,25.298293,24.3701196,26.9142106,21.69648514,20.07952954,14.60783714,14.12621254,9.298371200000002,10.79933246,10.78689506,11.11361206,10.20749546,11.4293408,10.2271834,8.93668292,6.87019022,6.46934628,4.31381922,4.358293020000001,3.77237588,5.662671980000002,4.88356232,6.238744580000001,6.413913780000001,8.995660200000003,7.375716700000001,9.4902439,8.3235919,8.984406300000002,6.74560442,9.42090132,6.703994120000001,6.08534572,3.83287632,3.1971954,0.0,0.0,0.0,0.0,0.0,0.0,0.0,0.0,0.0,0.0,0.0,0.0,0.0,0.0,0.0,0.0,0.0,0.0,0.0,0.0
110585>110593,719,719,SFDu,Stratford,NR Weaver // UP,719,SFDu,Stratford,DLR (Stratford Int'l route) // IB,Alight-Interchange-Board,23.34839655910001,1.7554536856,4.0311098609,6.1109554272,4.760610207999999,3.041956415600001,3.6483109618,0.0,0.0,0.3084685,0.3084685,0.334797042,0.343339448,0.3466293778,0.1137508178,0.1468735518,0.12163441274,0.28360218674,0.2808399240000001,0.2177917668,0.1849602999,0.33032173696,0.19381218096,0.3013868339,0.6109881310999999,0.650824588,0.708074248,0.7498914779999999,0.6421085385199999,0.33271640852,0.2940415917800001,0.23838297178,0.18829221978,0.26087300926,0.28627882526,0.384783252,0.23734340984,0.22637022584,0.1536576955200001,0.11603766032,0.03415291952000001,0.08130452167999999,0.06677537410000002,0.07178218162000002,0.10562412282,0.23524466362,0.21543306162,0.2214504938,0.21940048,0.297610268,0.4514000540000001,0.4251528048000001,0.4285140572000001,0.4306314582000001,0.4741679122,0.2784786002,0.4970771914,0.4998550732,0.5401674888,0.4073433648,0.3605866568,0.2151550568,0.2034805436,0.1634741312,0.2017492132000001,0.2503409452000001,0.2262516532,0.2266680298,0.3017459802,0.2894535022,0.2622657782,0.212971234,0.2351647628,0.2718290548,0.4000421308000001,0.4744326028000001,0.600996799,0.60614367,0.685153158,0.507656688,0.3528253079999999,0.2247831680000001,0.1963195680000001,0.0,0.0,0.0,0.0,0.0,0.0,0.0,0.0,0.0,0.0,0.0,0.0,0.0,0.0,0.0,0.0,0.0,0.0,0.0,0.0
110588>110501,719,719,SFDu,Stratford,LO Mildmay // EB,719,SFDu,Stratford,EntEx,Alight-Exit,6477.704549000001,26.7440542,472.2191668,3129.406131,1692.58461,737.3442618,419.4063252,0.0,0.0,0.0,0.0,2.0692826,4.262183200000001,8.051634000000002,12.3609544,17.2135088,19.894703,22.1313808,24.34902120000001,28.2802428,32.374256,38.320954,44.6275702,54.417476,59.0420448,63.101924,68.46608520000001,76.20497660000002,77.84477559999999,83.98572680000002,89.23349400000002,98.542526,105.704364,115.518252,122.961446,137.438274,143.252986,145.451982,149.4266,154.806876,153.62794,152.5018,154.77646,154.5742660000001,152.412914,148.352808,144.778788,144.134718,140.8526340000001,140.654174,142.36735,147.12057,146.951102,148.32097,148.36154,147.876758,146.53455,145.598806,143.076774,140.031852,137.663268,126.42708,114.62134,102.806596,91.783362,76.9860572,71.01427120000002,64.18009380000001,59.0374308,52.15799220000001,48.59659760000001,43.96230100000001,42.26521780000001,41.5707398,42.9836024,44.3652774,48.14210079999999,48.44021240000001,48.41872040000001,49.55149760000001,47.01552279999999,44.51291200000001,36.190503,27.27502,16.1666848,9.327874000000001,0.0,0.0,0.0,0.0,0.0,0.0,0.0,0.0,0.0,0.0,0.0,0.0,0.0,0.0,0.0,0.0,0.0
110588>110514,719,719,SFDu,Stratford,LO Mildmay // EB,719,SFDu,Stratford,Central // EB,Alight-Interchange-Board,2127.740443700001,7.21191998,110.93695232,714.4381122,588.618724,393.2173734,313.3173618,0.0,0.0,0.0,0.0,0.40002708,0.95906738,2.38395046,3.46887506,4.53532576,5.13547874,5.88876496,6.553208680000001,8.10534768,9.195115179999998,10.35798812,11.8876048,12.2048772,11.669044,12.1155808,13.2886164,14.0463368,14.9754866,16.6971734,18.4434156,20.34865,21.4562544,23.9566084,25.2420736,27.01350039999999,27.2983714,28.9021834,31.2095618,33.612474,34.897832,37.1229526,38.89022660000001,38.3954552,37.4692032,36.45494460000001,36.16850600000001,35.345954,35.104606,38.2096398,43.1767024,43.96475239999999,47.0173412,50.22974120000001,49.6096988,48.710976,50.974628,50.06701,51.7531432,52.3408092,50.007256,47.29985840000001,46.6435096,41.50562900000001,39.399645,36.9868512,35.92970560000001,33.4656668,32.8742414,31.2147614,30.7637162,28.56059740000001,27.0199446,27.1480274,28.3485874,32.4589884,37.9786684,40.1647066,39.826645,41.30195820000001,37.73022,30.7192882,23.7935176,17.4269072,8.858798,3.0576642,0.0,0.0,0.0,0.0,0.0,0.0,0.0,0.0,0.0,0.0,0.0,0.0,0.0,0.0,0.0,0.0,0.0
110588>110515,719,719,SFDu,Stratford,LO Mildmay // EB,719,SFDu,Stratford,Central // WB,Alight-Interchange-Board,1022.5741077,5.408318540000001,62.48792738000002,445.63539728,242.7140953,122.9495235,143.3788457,0.0,0.0,0.0,0.0,0.30493532,0.60655798,1.72012678,2.77669846,3.29295956,3.44025908,3.53481982,3.44865782,3.32192642,3.920763800000001,5.157885360000001,6.687387760000001,7.04602528,7.275167080000001,7.622951400000002,7.739124,8.1309164,8.63086208,9.755203199999999,10.7710762,11.1938818,11.650427,15.478178,16.6251062,18.6800552,21.664514,23.7667662,26.6055758,29.2540148,27.39452120000001,25.6190894,25.9705634,20.815526,18.1008786,19.4544346,18.9738798,18.1682608,19.7462126,19.29142310000001,19.8940309,22.7201891,21.5181535,21.1006601,23.2643074,22.4782104,21.1902448,22.6213396,20.916324,19.0181074,18.0766686,16.0025734,13.807317,12.8149664,11.4526864,10.284475,10.1439996,8.848696140000003,8.65954434,9.144356340000002,9.60608214,8.79495934,10.5773858,11.3583102,11.2640618,11.5880672,16.4048578,17.9723826,16.80305514,18.56840634,19.23429194,15.16442874,10.65384754,9.370797,5.402477999999999,2.2162334,0.0,0.0,0.0,0.0,0.0,0.0,0.0,0.0,0.0,0.0,0.0,0.0,0.0,0.0,0.0,0.0,0.0
110588>110522,719,719,SFDu,Stratford,LO Mildmay // EB,719,SFDu,Stratford,Jubilee // NB,Alight-Interchange-Board,3598.765857000001,32.706684,432.2650914,1214.7498606,705.3764991999999,713.4035154000001,500.2642064,0.0,0.0,0.0,0.0,2.2984296,5.5852182,10.3864718,14.4365644,20.0388436,23.2040496,26.410065,32.8765482,38.1657176,39.8828024,41.6077228,44.8276508,43.132064,43.516572,39.95179400000001,38.6512614,35.92561660000001,32.8000638,29.9736486,34.0619154,37.3544652,39.71437,42.79041160000001,45.8148662,49.45254620000001,53.56621579999999,55.4737178,58.32005179999999,61.33555640000001,60.0305116,57.3327798,56.0683866,55.59618740000001,56.17037540000001,55.59813980000001,55.83593820000001,58.61009140000001,60.75552580000001,60.35510980000001,61.81336940000001,61.40275160000001,60.09399620000001,57.8227332,54.3884324,54.4264544,54.9500068,54.8497642,55.4644212,58.8302828,58.4722068,65.0697308,69.60571879999999,72.27823479999999,81.75365,84.45945,78.8370316,72.70021640000002,65.67167239999999,49.96514440000001,44.55881880000001,39.64133060000001,38.2184608,39.96394179999999,45.35556380000001,47.78459340000001,55.68859000000001,59.43298900000001,62.3349054,64.59862940000001,62.12956700000001,54.3128676,42.2369096,29.5599382,15.0930582,7.092158600000001,0.0,0.0,0.0,0.0,0.0,0.0,0.0,0.0,0.0,0.0,0.0,0.0,0.0,0.0,0.0,0.0,0.0
110588>110576,719,719,SFDu,Stratford,LO Mildmay // EB,719,SFDu,Stratford,Elizabeth Line // EB,Alight-Interchange-Board,1521.9496564,20.1624924,121.33339056,520.16241004,377.5760222000001,254.2989392000001,228.416402,0.0,0.0,0.0,0.0,2.1570102,4.2611886,5.9444558,7.799837800000001,9.0256374,8.7194556,8.300604,8.619540800000001,8.7562022,10.485358,11.2612922,11.6749694,11.7158254,12.0787922,10.45294008,10.24277328,10.32370328,12.08654388,11.65636088,13.5665372,13.5254098,16.4883194,15.810642,16.97603800000001,16.3219368,19.126592,18.4778384,20.3938462,22.100374,27.8009416,28.0846432,29.0251544,27.5824414,31.7550864,28.424885,28.62826140000001,27.6659816,29.91415660000001,27.0109276,27.415789,26.19068140000001,31.03919800000001,32.3175736,32.5995812,33.6821952,37.6292728,33.9474348,32.7393076,31.657809,31.2277354,27.45217460000001,27.0930586,25.942943,26.690769,24.8244496,24.3674924,22.7319564,21.93557340000001,18.70344200000001,18.048034,17.9651776,17.85411240000001,16.8084454,18.426544,20.6666066,24.8591854,25.3540418,28.183689,30.40417780000001,31.3047496,24.1805094,20.1523702,14.3949472,7.773989200000001,1.1421358,0.0,0.0,0.0,0.0,0.0,0.0,0.0,0.0,0.0,0.0,0.0,0.0,0.0,0.0,0.0,0.0,0.0
110588>110577,719,719,SFDu,Stratford,LO Mildmay // EB,719,SFDu,Stratford,Elizabeth Line // WB,Alight-Interchange-Board,609.94103973,2.9264615,65.02617916,224.05128614,114.9431977,104.38141222,98.61250301000001,0.0,0.0,0.0,0.0,0.28950782,0.52627694,0.8203150400000001,1.2903617,2.13022624,2.38222218,3.34617166,3.93763408,5.09530562,5.30254696,6.570368800000002,7.075327799999999,7.860449079999999,7.341296780000001,7.304474180000001,6.680155780000002,6.714283780000001,6.4807807,7.509926800000001,8.267692920000002,8.77819212,8.83558882,9.4068031,9.6666903,10.0114621,10.3361165,11.870379,12.478817,12.7983738,12.3298606,11.85070866,10.36800286,9.22221306,7.649373919999999,7.49065772,7.53115326,7.385215459999999,8.31019806,9.383203199999999,9.3755924,9.2467891,9.167128300000002,8.334195300000001,8.106646099999999,8.3268741,8.5953716,9.2034772,10.1261976,10.7654564,11.058748,11.2882984,10.7240156,9.75811312,8.52807372,7.97818966,7.701949460000002,7.86038886,8.27603174,8.82146854,8.839704600000001,8.53259768,8.94490128,8.62007688,10.51991668,11.59492848,14.4734052,15.043428,16.8939348,14.1230973,11.82226376,7.731371386000001,4.923622386000001,1.462448386,0.389017086,0.154986226,0.0,0.0,0.0,0.0,0.0,0.0,0.0,0.0,0.0,0.0,0.0,0.0,0.0,0.0,0.0,0.0,0.0
110588>110582,719,719,SFDu,Stratford,LO Mildmay // EB,719,SFDu,Stratford,NR Great Eastern // DN,Alight-Interchange-Board,783.3964629504643,2.5158713182784,50.6718146701856,285.4968941020001,241.11884642,156.95589958,46.63713686,0.0,0.0,0.0,0.0,0.231083,0.2310884500928,0.9662066900928,1.0874931780928,1.8318686980928,1.6780079440928,1.750699254,2.825821214,4.217513326000002,4.437007406,4.523941752,6.789253992000001,5.805043592000001,5.151620392,4.334986745999998,7.326050353999999,6.399553154,6.609810554000001,6.074075014000003,10.07466966,8.78211086,8.38853986,7.89707774,12.00212628,9.90615628,9.97967728,9.23366662,14.72341534,12.68785114,13.35264754,12.33312314,18.0885726,14.3698604,14.2396428,11.9341654,17.3414622,14.5335872,14.6139138,13.04310572,18.88808352,16.20903192,15.88066312,14.5345988,23.50779628,21.65515788,21.72316028,20.10308818,26.9657083,20.8148383,20.0174643,16.88139838,22.82594068,17.53376328,18.41963868,15.1356185,20.08992782,14.81766742,14.68466662,10.44463856,13.61958594,8.65007074,8.15840904,6.42438556,8.977527420000003,6.772889920000001,7.052053920000001,6.841256900000001,6.98433198,4.293939900000001,4.718990799999999,3.878193,2.63730612,1.74068872,1.7174856,0.0,0.0,0.0,0.0,0.0,0.0,0.0,0.0,0.0,0.0,0.0,0.0,0.0,0.0,0.0,0.0,0.0,0.0
110588>110583,719,719,SFDu,Stratford,LO Mildmay // EB,719,SFDu,Stratford,NR Great Eastern // UP,Alight-Interchange-Board,104.034611252561,0.0640506508076,7.9590036211534,63.47524100000002,17.967089818,8.1339786224,6.435247540200001,0.0,0.0,0.0,0.0,5.012310000000001e-07,8.431922000000002e-07,8.431922000000002e-07,0.0640484631922,0.1210573431922,0.1548544459612,0.1710101412,0.3058666812,0.4149078812,0.3989207532,0.4319094792,0.535999642,1.017913362,1.135037562,1.23994643,2.0315799,2.33674536,1.9996277,2.03186712,2.56376638,2.68396638,2.80192368,2.76476876,3.477612,3.49355324,2.81403588,2.77459826,3.617110180000001,3.4838196,3.26664808,3.57232478,3.4214221,2.94039576,2.24830732,1.90582816,1.96023848,2.12959094,1.76851876,1.6489369,1.76963518,1.54390692,1.0722687,0.926337464,1.182944564,1.503246044,1.406864544,1.701497764,1.95546604,2.16531454,1.73508434,1.467256666,1.306902232,1.282197632,0.8514859440000001,0.7067429495199999,0.7414096895200001,0.6394107475199999,0.3524213055200001,0.25691595552,0.5336093900000001,0.728295644,0.6818751059999999,0.6443549154,0.7152593434000001,0.4429430386000001,0.2588933586,0.2382739826,0.3947935272000001,0.4317966172000001,1.125940922,1.011385582,0.995402752,0.8371493200000001,0.6986684400000001,0.0,0.0,0.0,0.0,0.0,0.0,0.0,0.0,0.0,0.0,0.0,0.0,0.0,0.0,0.0,0.0,0.0,0.0
110588>110584,719,719,SFDu,Stratford,LO Mildmay // EB,719,SFDu,Stratford,NR Weaver // DN,Alight-Interchange-Board,296.205739684,0.0747397778,4.0773335902,136.999525314,131.67203291,12.048707308,11.333400784,0.0,0.0,0.0,0.0,0.002971157,0.0144903976,0.0219942216,0.0352840016,0.05211095960000001,0.1805253226,0.343707474,0.3473690952,0.4445621872000001,0.4416442552000001,0.3490752372,0.2122510472,0.2597804180000001,0.298869656,0.4068913900000001,0.740546548,0.787208562,0.778676406,0.7315807759999999,0.65620989,0.44635397,0.411492212,0.6786354120000001,0.685353592,1.012509478,1.044774598,1.76362334,1.533647994,3.009721254,2.733353404,5.941814544,5.488017023999999,9.22047411,7.87401211,13.1363668,9.81529996,16.28049988,12.57504716,22.84896404,17.545888798,25.840586638,19.530627078,23.711789398,13.250343884,15.812775726,7.822301186000002,8.318664746000001,4.525938546000001,5.055905660000001,2.89522854,2.85461676,2.053254748,1.813035488,1.469657988,1.161237468,0.8455550759999999,0.7487395379999999,0.5866762980000001,0.529201688,0.439225056,0.634120048,0.67355993,1.39041723,1.7572815,1.941056492,2.722606892,2.61501196,1.79766616,1.2504096,1.00664968,0.0,0.0,0.0,0.0,0.0,0.0,0.0,0.0,0.0,0.0,0.0,0.0,0.0,0.0,0.0,0.0,0.0,0.0,0.0,0.0,0.0,0.0
110588>110590,719,719,SFDu,Stratford,LO Mildmay // EB,719,SFDu,Stratford,DLR (Stratford route) // OB,Alight-Interchange-Board,764.15141948,3.192498104,55.25527047600001,307.5030977,209.4657069,107.13458712,81.60025918000001,0.0,0.0,0.0,0.0,0.058484656,0.430689856,0.8446620960000001,1.858661496,3.252397096,3.49191182,3.45139422,3.98845052,3.79015518,2.96320572,3.15925126,5.47994826,6.040145320000001,5.916544560000001,6.282422820000002,7.439443700000003,6.395560700000001,5.894565640000001,6.718013340000001,7.67664854,7.818300940000001,7.853791140000001,8.845046600000002,9.333567000000002,10.5845,12.3312612,13.1980906,14.7144846,16.1315406,17.6215662,17.67463440000001,18.0172408,18.1507044,17.3374086,16.6111018,15.7480962,15.1444031,14.5176999,15.3344979,13.8503735,14.1311487,15.3932378,16.042789,16.345045,17.1330908,17.8951738,19.2359522,19.7762782,19.55946500000001,19.894477,18.280993,15.7780564,14.2652878,13.0636906,10.8912878,10.1767014,9.713574000000001,8.1584974,6.79176814,6.620925740000001,6.28701794,5.867083880000001,7.312531280000003,7.98622114,8.235313860000002,8.898053560000003,9.12867342,7.49238702,7.714215420000002,7.143765220000001,9.43981132,7.742587520000002,6.78675412,4.94948992,4.0692078,0.0,0.0,0.0,0.0,0.0,0.0,0.0,0.0,0.0,0.0,0.0,0.0,0.0,0.0,0.0,0.0,0.0
110588>110592,719,719,SFDu,Stratford,LO Mildmay // EB,719,SFDu,Stratford,DLR (Stratford Int'l route) // OB,Alight-Interchange-Board,1244.5479311,11.43267182,145.82202968,474.462618,277.1963762,177.5999305,158.0343049,0.0,0.0,0.0,0.0,1.20962886,1.81032652,3.41477332,4.99794312,7.23758052,7.458246259999999,9.436562599999998,8.950959260000003,11.66499746,12.28326406,14.21372226,13.91481246,17.0515824,15.04479100000001,14.7536558,13.8118556,14.4589198,12.06726340000001,14.907383,15.1434396,17.1347978,16.43409440000001,18.7776924,16.710605,18.2984976,18.656024,21.963823,21.6954094,23.2528582,22.9418514,23.9253296,21.6242566,22.8153284,21.5789748,22.0180246,19.87482,22.3196838,22.2112082,23.241289,22.411044,22.8862896,20.6904028,21.4006584,20.9677704,22.7315288,23.0985412,24.1073488,23.4020982,25.0403424,24.85658380000001,24.9738782,23.0409336,21.4041804,16.93069054,15.63558074,13.99096274,14.86401654,13.82392234,15.1126584,13.570398,13.1652876,12.1107224,13.089716,13.9017948,15.125046,13.2893173,14.4102977,12.25922596,13.45214756,10.6188633,21.2208852,17.72338520000001,16.54556814,12.10534054,11.284228,0.0,0.0,0.0,0.0,0.0,0.0,0.0,0.0,0.0,0.0,0.0,0.0,0.0,0.0,0.0,0.0,0.0
110588>110593,719,719,SFDu,Stratford,LO Mildmay // EB,719,SFDu,Stratford,DLR (Stratford Int'l route) // IB,Alight-Interchange-Board,68.7791768075,0.137355608734,6.601853936766,24.211304102,12.985918304,15.665696836,9.177048020000003,0.0,0.0,0.0,0.0,6.307919400000001e-05,0.00012979454,0.0003704915,0.1367922435,0.1710759675,0.220221118306,0.3607718829600001,0.575694646,0.474565236,0.462804764,0.50536642,0.7058241199999999,0.655605392,0.7433546440000001,0.8109820759999999,0.91558767,0.67027137,0.541117838,0.685016464,0.8457179200000001,0.7525363660000001,0.9431678659999999,0.9536730859999999,0.977027626,0.8012654359999999,0.8339781900000001,0.7763796700000001,0.95386489,0.7630126540000001,0.807062264,0.843862034,0.7805094459999999,0.910731966,1.695582242,1.730528702,1.663947712,1.78324004,1.5631553,0.93547168,1.00018334,1.02381029,0.97351491,1.01274049,0.91176213,0.8324289,0.8446875500000002,0.94813879,0.9928917500000002,1.27199093,1.4032306,1.50744942,1.263272544,1.159059564,0.779003808,0.626271448,0.6343365879999999,0.7171190519999999,0.838957312,0.8656491479999999,0.8856632480000001,2.138944828,2.3086089,2.338198100000001,2.37388484,2.42015818,1.053751032,1.098452892,0.967512012,1.076350112,0.8952201280000002,0.8172930640000001,0.4264340840000001,0.292262524,0.06637160400000001,0.06324238800000001,0.0,0.0,0.0,0.0,0.0,0.0,0.0,0.0,0.0,0.0,0.0,0.0,0.0,0.0,0.0,0.0,0.0
110591>110501,719,719,SFDu,Stratford,DLR (Stratford route) // IB,719,SFDu,Stratford,EntEx,Alight-Exit,4290.979847699999,27.4897421,243.8562464,2198.9569402,1156.6460232,249.5371061,414.4937897,0.6054082000000001,1.1025576,2.4672196,2.92343502,3.79075462,5.13139222,5.97916442,5.48981042,7.188240200000001,8.701552200000002,8.661865400000002,9.885533,13.0637818,14.7881252,17.3105144,21.7314514,27.0585356,31.334104,38.50129,45.6312532,52.8064672,58.27999079999999,64.4738196,68.988333,73.89739,78.97693199999999,85.425061,90.454805,97.328527,101.3795112,102.6701072,101.4902992,102.9729492,100.6009252,100.947225,100.549341,102.097701,102.019725,102.085313,103.24825,103.645106,103.5224452,101.3579052,99.7388112,98.1130852,105.5773052,112.6132,115.07467,113.803564,113.730924,104.478957,94.16703299999999,88.375221,84.27081900000002,70.021425,56.41981980000001,43.5484708,31.57760680000001,21.7986688,18.0922302,16.2479798,14.9060326,13.8836874,13.7778064,16.8259164,19.0211646,19.92477,19.9327723,17.8099515,13.6659029,11.393196,9.47892912,8.85572042,10.74167602,32.21935522,43.09556252,68.7162462,66.8621718,63.85048399999999,40.62068,27.183914,0.0,0.0,0.0,0.0,0.0,0.0,0.0,0.0,0.0,0.0,0.0,0.0,0.0,0.0,0.0
110591>110514,719,719,SFDu,Stratford,DLR (Stratford route) // IB,719,SFDu,Stratford,Central // EB,Alight-Interchange-Board,1143.5991829,11.79229058,57.59889432000001,363.0368202,293.9923512,120.55613626,296.62269034,0.6371516000000002,0.7375684600000002,1.21582402,1.3239635,1.6722176,1.65444052,2.28775474,2.26337014,3.014691780000001,3.61886088,3.59102202,3.97191324,4.396044680000001,4.54948576,4.79213702,5.57077136,5.417353260000001,5.44035086,6.098882060000001,7.137381400000002,7.545711400000001,8.779964,10.057114,10.963046,11.0822518,11.2977072,11.2200188,10.917955,10.949021,11.3944056,13.1170422,14.2931944,16.108149,16.8759162,18.745508,19.5621852,19.909448,20.3222474,20.5586896,19.56739960000001,19.4993602,19.7810878,20.05189780000001,20.4375,20.9265354,20.70785020000001,22.07248460000001,22.80687480000001,23.3654644,25.6743114,27.3718762,28.0596844,28.2715744,28.9597338,24.6884206,21.087541,17.4199582,13.8014694,10.4593821,9.9908881,9.1785475,8.20699362,8.11199882,8.18547652,8.540036120000002,8.93407752,8.87667148,8.85063688,7.85731908,7.065332560000003,6.80188286,6.63657078,6.842844380000002,8.27560678,31.2397285,41.0126396,51.04917080000001,49.261485,46.845658,22.584422,11.15003,0.0,0.0,0.0,0.0,0.0,0.0,0.0,0.0,0.0,0.0,0.0,0.0,0.0,0.0,0.0
110591>110515,719,719,SFDu,Stratford,DLR (Stratford route) // IB,719,SFDu,Stratford,Central // WB,Alight-Interchange-Board,2386.6790452,21.00937034,143.02154136,734.5438004000002,861.8053066000001,343.9542963,282.3447302,0.36938314,0.45217714,1.04312276,1.76198624,3.02255184,3.8240827,4.927539100000002,5.60852742,6.25301974,6.67608734,6.825766740000001,7.975043340000001,9.225414,10.3878982,12.290115,14.4732596,15.240103,15.6042862,18.1117408,19.9588074,22.0353802,24.673742,28.0217352,30.1178054,31.0470424,31.1600356,31.7128806,31.13165840000001,29.2731428,29.3762972,31.8023172,31.608283,33.1359072,34.21241020000001,34.0937702,32.84415420000001,33.0244028,30.6181778,31.187804,32.087256,30.62498980000001,29.3022378,31.41805380000001,30.0343166,40.13724260000001,76.98464080000002,105.7928512,118.4878782,123.805199,113.804655,79.58403740000001,54.8510854,43.55935340000001,38.28836560000001,35.35971340000001,31.15028460000001,25.1356844,19.2102486,15.5666524,12.56916846,10.32739086,9.19567826,8.71220566,15.43144166,38.543759,54.874653,66.15687460000001,68.23053940000001,61.44285100000001,39.8065702,26.1261856,14.738767,13.9649918,15.2959436,17.6087748,15.7850016,22.5484594,19.3637092,16.1652318,10.9539982,8.544246000000001,0.0,0.0,0.0,0.0,0.0,0.0,0.0,0.0,0.0,0.0,0.0,0.0,0.0,0.0,0.0
110591>110522,719,719,SFDu,Stratford,DLR (Stratford route) // IB,719,SFDu,Stratford,Jubilee // NB,Alight-Interchange-Board,2019.1541303,28.78563500000001,212.3985006,590.3597764,499.4066384,383.815346,304.3882339,0.61792736,0.92195858,1.6243319,2.53729176,4.43390496,5.384076599999999,6.533660780000001,6.732483060000002,8.010330200000002,9.2275108,9.4313602,12.4529362,15.2994136,17.5015178,19.7867666,23.4234462,24.1640098,25.4428116,24.8685824,22.7898152,21.5325822,20.7101112,20.528752,22.12477040000001,23.70872940000001,23.5300726,23.7165696,23.6045374,23.5225594,23.678295,24.6670062,25.6591666,26.1140632,26.6386032,27.3029546,27.779128,27.0006426,26.424104,25.8887156,25.824676,25.7486032,26.179033,25.22183960000001,23.2542614,26.8235356,40.3149156,53.09284580000001,59.96485740000001,62.32525200000001,57.78683600000001,44.8276868,33.91588280000001,29.9627632,29.729607,30.523584,30.1388722,27.2456216,23.9500376,21.7579084,19.2371438,16.33673700000001,14.150411,13.2413854,18.97039160000001,39.09788640000001,55.71512420000001,65.5114128,68.6012862,61.3554704,40.5058231,26.8695451,16.1095707,15.2603591,15.7192865,19.6119892,16.8118046,26.466993,21.8578008,19.626278,13.4913754,10.701938,0.0,0.0,0.0,0.0,0.0,0.0,0.0,0.0,0.0,0.0,0.0,0.0,0.0,0.0,0.0
110591>110576,719,719,SFDu,Stratford,DLR (Stratford route) // IB,719,SFDu,Stratford,Elizabeth Line // EB,Alight-Interchange-Board,813.01173583,8.831382304000002,74.083821506,326.6572910200001,201.88110174,73.9038973,127.65424196,0.026824444,0.10423826,0.7692169000000001,1.065146,1.129564746,1.459259222,2.301804006,1.975328726,2.800824686,4.1126316,4.22614728,4.77541438,5.99602948,6.94991222,6.71742388,8.209191480000001,7.850362919999998,7.881683059999999,6.851332520000001,7.712867999999999,7.638939199999998,8.67101886,8.93874466,10.9991168,11.6772493,13.1582281,12.9029901,13.5860463,12.9833311,13.3358238,12.5902796,14.4037758,14.828753,16.0884428,16.0127154,16.4590124,15.356488,15.5588482,14.4332264,14.9979494,14.8384722,15.7491926,15.3661526,16.0824944,15.1122448,15.9741384,15.5028432,16.37087480000001,16.0256708,17.3916502,17.5882098,19.1923376,18.782099,18.8979748,16.7363372,14.30672114,10.87365724,8.950118040000003,6.719186140000001,5.950050000000001,5.36301912,5.176902520000001,4.661569119999998,4.797632620000001,4.93268516,5.21669498,5.156587180000002,6.10579518,5.75463062,5.226836599999999,6.135891920000001,6.130476020000001,6.14829862,6.584093660000002,5.986985480000001,13.06972428,18.45425848,16.68278948,15.5693316,15.5693316,6.341593599999999,0.0,0.0,0.0,0.0,0.0,0.0,0.0,0.0,0.0,0.0,0.0,0.0,0.0,0.0,0.0
110591>110577,719,719,SFDu,Stratford,DLR (Stratford route) // IB,719,SFDu,Stratford,Elizabeth Line // WB,Alight-Interchange-Board,2168.405050627861,43.98016354,226.92985316,650.7596451999999,672.2180756000001,345.8016088,228.7157043278615,0.8542510999999999,1.3750947,4.5541149,4.81877982,5.9856011,8.896028999999999,10.2742022,7.222090720000002,12.0545084,15.45690452,13.12715772,14.88388012,19.5598706,17.9461014,17.793696,20.754763,22.2502644,22.3539918,25.1626888,25.5860264,26.8021136,26.01128820000001,26.7970216,26.0600238,27.8733702,26.5911372,27.59842200000001,26.0771444,26.3617066,25.7258046,28.0584916,27.7348606,30.5902342,30.5913568,30.4507784,28.5700488,29.3457784,26.4642728,25.45642,24.5576924,24.681123,24.9159214,26.7458406,26.698794,34.674364,61.02786260000001,79.89489160000002,86.13059859999998,91.38615259999999,84.0596666,59.3452702,41.7023566,37.734648,33.24088320000001,32.8263908,30.1949908,26.6071624,21.0502704,18.50850620000001,15.6939102,14.4481936,13.2665552,13.207473,19.57523,37.67302240000001,53.5641054,55.2485738,56.95860620000001,49.68439440000001,34.57336240000001,18.2923996,15.0552806,11.22274846,17.93857026,20.75041826,18.4730729055723,17.5164779055723,17.0120838455723,8.1968938455723,1.8455723e-06,0.0,0.0,0.0,0.0,0.0,0.0,0.0,0.0,0.0,0.0,0.0,0.0,0.0,0.0,0.0,0.0
110591>110582,719,719,SFDu,Stratford,DLR (Stratford route) // IB,719,SFDu,Stratford,NR Great Eastern // DN,Alight-Interchange-Board,295.2239216049999,2.555505369,17.753927826,122.33022872,83.8711292,39.58627132,29.12685917,0.023097556,0.023097556,0.145980708,0.145980708,0.421446668,0.404326895,0.7572292150000002,0.6343460630000002,0.8555590430000002,0.6292282670000002,0.9503079840000002,0.6257109439999999,1.012336124,1.090151604,1.77390598,1.755522,2.15709166,2.21338964,2.52333946,2.16738512,2.82705572,2.87957604,3.60049928,3.52189152,4.6432255,4.221956840000002,4.75107938,4.13529526,4.92858568,4.11703088,4.91307628,5.06867216,5.831132820000001,5.47464548,6.301656480000001,5.83316902,6.28720914,6.30202732,6.531883400000001,5.996077400000001,6.27023608,5.98417682,5.867031900000002,6.043038320000001,6.23895592,6.42358116,6.45744328,6.55078508,6.547770699999999,6.87378598,8.07710686,8.078336720000001,7.82541704,8.01901302,7.18729162,5.59164182,4.895892880000001,4.71494536,3.59045782,3.36507238,2.88935068,3.10887996,2.49501386,2.757732540000001,2.52937244,2.986010820000001,3.253673640000001,2.999868940000001,2.62787192,2.5317732,2.02918788,0.8675582000000001,0.8675582000000001,0.5991912660000001,4.038766446,3.619346686,3.849156726,3.849156726,3.78767184,0.22981004,0.22981004,0.0,0.0,0.0,0.0,0.0,0.0,0.0,0.0,0.0,0.0,0.0,0.0,0.0,0.0,0.0
110591>110583,719,719,SFDu,Stratford,DLR (Stratford route) // IB,719,SFDu,Stratford,NR Great Eastern // UP,Alight-Interchange-Board,83.13332669500002,0.838437313,4.965040864000001,34.458223228,24.973909392,9.523815634000002,8.373900264,0.0,0.0,0.0,0.16278496,0.16278496,0.16278496,0.16278496,0.187297473,0.084016433,0.084016433,0.10433889,0.200463324,0.175950811,0.5240779510000001,0.5456394500000001,0.6279592430000002,0.621406809,0.748872729,0.484759115,0.7635396760000002,0.750063722,0.6951193659999999,0.602507548,0.6480650720000001,0.484619232,1.195107136,1.230387264,1.547918302,1.635571072,2.765420452,2.05116836,3.005907448,2.933146388,3.180745688,2.018101928,2.35278844,1.45084208,1.2570899,0.7546060640000001,1.078133624,0.6580450040000001,0.704767774,0.6580869340000002,0.8000144300000002,1.20049077,2.56993717,2.62016176,3.4806288,3.3168581,2.82177638,1.92941084,2.0762657,1.214047888,1.434640768,1.220852418,1.088838798,0.7797166120000001,0.79373643,0.5731435500000002,0.4539078800000001,0.23644046,0.5551904860000001,0.50373038,0.5869630920000001,0.6674051160000001,1.432266896,1.056136336,1.885178396,1.801945684,1.72150366,1.46751542,1.46751542,0.63847336,0.63847336,0.63847336,0.0,0.0,0.0,0.0,0.0,0.0,0.0,0.0,0.0,0.0,0.0,0.0,0.0,0.0,0.0,0.0,0.0,0.0,0.0,0.0,0.0
110591>110584,719,719,SFDu,Stratford,DLR (Stratford route) // IB,719,SFDu,Stratford,NR Weaver // DN,Alight-Interchange-Board,637.8985426499997,12.36633725,67.75964993999999,330.95353596,147.324255,55.14211445999999,24.35265004,0.0,0.3556589800000001,0.4876136200000001,1.16891874,1.69211254,1.87816119,2.78957281,3.99429937,4.08624201,3.952393070000001,6.13385312,5.734102200000001,5.870608260000001,5.42310952,7.145131259999999,6.36369042,6.40708022,5.301067700000001,5.694695080000002,5.647677079999998,6.20819122,8.357514740000001,11.1645644,12.6575802,11.911622,11.9871808,11.088501,11.3062684,12.478453,13.5576632,15.6289912,17.126506,17.6568066,16.54103,16.8506436,15.2145014,16.1118194,13.5456996,15.8773502,14.62215,17.2430518,13.9597322,16.4060982,13.4516168,15.6266196,12.0909872,14.176496,12.1263576,14.5050006,12.8001622,13.5643056,12.2058694,12.7114996,10.5311622,9.308712199999999,7.677082799999999,6.42556228,5.090297799999999,3.8016508,3.79930228,3.45539974,3.0607132,3.10304708,3.70933808,4.481355079999998,4.997934519999998,6.191383900000001,7.0261297,6.786137500000001,6.184164420000001,5.136377520000001,3.5891962,1.7893506,0.8674238000000001,0.0,0.0,0.0,0.0,0.0,0.0,0.0,0.0,0.0,0.0,0.0,0.0,0.0,0.0,0.0,0.0,0.0,0.0,0.0,0.0,0.0,0.0
110591>110589,719,719,SFDu,Stratford,DLR (Stratford route) // IB,719,SFDu,Stratford,LO Mildmay // WB,Alight-Interchange-Board,1020.915207325,13.250333365,105.46125566,436.0004572,277.501086,120.61778996,68.08428514,0.024281545,0.1379858850000001,0.244147825,1.512087025,1.794984765,2.63405962,3.292789,3.6099977,3.53949398,5.541512040000002,5.76872644,6.969156119999999,8.046213479999999,10.0715334,9.528092800000001,10.8118646,10.6325328,11.4122882,10.9599342,12.1799076,13.598771,14.9791834,16.4252158,17.150339,17.7180038,16.9340974,17.4430342,17.82282440000001,17.710089,17.6695052,19.348074,19.2675606,19.023978,19.0926236,19.1500172,17.570178,17.1886954,18.0145274,18.4392968,19.01263620000001,19.7015502,21.6975042,20.7782148,20.2645376,20.5378578,22.710103,22.852344,24.0501894,25.5598178,26.1434026,23.3073392,23.9992692,24.548489,23.1141026,20.7594034,19.918768,15.7199484,12.120351,9.804924,8.9169728,7.66075248,7.39366528,6.716223080000002,8.103758080000002,10.00618608,11.5045456,11.15474628,11.51571688,9.92976288,7.725417880000001,5.747975880000001,6.669003200000001,6.4606582,6.3689764,7.499141300000002,6.941954500000001,4.785623500000002,3.3940063,2.561765100000001,0.0,0.0,0.0,0.0,0.0,0.0,0.0,0.0,0.0,0.0,0.0,0.0,0.0,0.0,0.0,0.0,0.0
110591>110592,719,719,SFDu,Stratford,DLR (Stratford route) // IB,719,SFDu,Stratford,DLR (Stratford Int'l route) // OB,Alight-Interchange-Board,97.485614743,0.3749819286,3.7476759654,26.97834497200001,17.959162432,8.602671462,39.82277798300001,0.0,0.0,0.0,0.003543007000000001,0.0111968104,0.0596801304,0.1455716904,0.1549902904,0.1609144806,0.2102413052,0.2118560952,0.2402680052,0.2853176732,0.363054128,0.33968739,0.350976414,0.314324534,0.364753014,0.335187488,0.571095438,0.552390544,0.6123497139999999,0.6141252660000001,1.01319266,0.8337591600000002,0.8985298800000001,0.8628044260000002,1.287617486,1.081929866,1.569367046,1.531804906,1.73416448,1.289934812,1.501301032,1.016406752,1.376909112,1.162471218,1.639014526,1.225711896,1.409810436,1.069237272,1.119722012,0.6908129000000001,0.88497757,0.7153331020000001,1.030472046,1.29204494,1.698074312,1.6063248,2.295386028,2.095676368,1.897877588,1.522539228,1.7572158,1.00044847,1.04776975,0.9106481820000001,0.962785682,0.739689982,0.8874031720000001,0.6517582620000001,0.7220357500000001,0.523301616,0.567253676,0.4805417160000001,0.7063380060000001,0.679338132,0.771577286,0.588082966,0.6391444660000001,0.49390182,0.403920457,0.426401457,0.516550197,7.517301657000001,7.419822343000001,7.399581820000001,7.265877400000001,7.152193400000002,0.0,0.0,0.0,0.0,0.0,0.0,0.0,0.0,0.0,0.0,0.0,0.0,0.0,0.0,0.0,0.0,0.0
110591>110593,719,719,SFDu,Stratford,DLR (Stratford route) // IB,719,SFDu,Stratford,DLR (Stratford Int'l route) // IB,Alight-Interchange-Board,155.9968046925255,1.9763480252,17.240171464,69.99826388000001,31.86039464,12.93855902,21.9830676633255,0.006938866000000001,0.00802836728,0.12071552728,0.12091935984,0.13990911584,0.1747077638400001,0.6666738025600001,0.7384552225600001,1.14981813,1.317584554,1.369653294,1.004125714,1.229625694,0.9706801279999999,1.194388848,1.241016394,1.860842314,1.777448774,2.164745,1.96024262,2.67294122,2.20681826,2.21053554,2.24052262,2.68551626,2.1170803,2.53867522,2.83888982,3.158926660000001,2.65793514,3.3215207,2.90641386,3.4191909,2.78589252,3.78855802,3.44952282,3.7796341,3.455123620000001,3.45428322,2.65131174,2.97026308,3.04968784,2.74626738,2.89275304,3.28485398,2.84515558,3.1866488,2.855268432,3.128858832,2.728031592,2.720403012,1.943516512,2.24442952,2.44992718,2.41989852,2.05340268,1.98971529,1.67294691,0.90757805,0.735021642,0.6803746580000001,0.506912806,0.4952910060000001,0.6009636260000001,1.069336394,1.222455658,1.56304474,1.49491824,1.34761997,0.8532086100000003,0.7952010980000002,0.5342244700000001,0.5792316900000001,0.5264292180000001,1.232676718,1.0778368146651,3.454398842665101,3.321022662665101,3.2994433846651,2.480887184665101,2.480887000000001,0.0,0.0,0.0,0.0,0.0,0.0,0.0,0.0,0.0,0.0,0.0,0.0,0.0,0.0,0.0
110592>110501,719,719,SFDu,Stratford,DLR (Stratford Int'l route) // OB,719,SFDu,Stratford,EntEx,Alight-Exit,126.1675116990534,0.9996150202534155,8.753642758800002,55.52652396000001,36.42620562,15.10590986,9.355614480000002,5.573127600000001e-09,0.0145354683731276,0.0290709283731276,0.1131792443731276,0.1295941923609051,0.1759958216,0.1892389928,0.3480003668,0.28552128,0.3224713292,0.2869536032,0.3193600612,0.1981397812,0.388229732,0.477318032,0.807482026,0.8722237140000001,1.49519676,1.52438492,1.77636152,1.593975152,1.889913292,1.392564044,1.622418244,1.350902252,1.80740352,1.61741838,2.211217568,2.031553568,2.89894738,2.6790345,3.0995394,2.5442686,3.05620318,2.27717368,2.931722440000001,2.65654006,2.92898206,2.23448746,2.78839464,2.10335322,2.41339408,2.23272812,3.16438912,2.78230142,3.27595346,2.93902992,3.75676986,3.11795088,3.56151938,3.00118752,3.6152138,2.79184866,2.890642220000001,2.21073702,2.48305148,1.591938792,1.626036292,1.232074292,1.398642152,1.103646932,1.30973396,1.09374644,1.28420794,1.09448972,1.17262236,0.94071354,1.25805744,1.104967554,1.228581594,1.018133234,1.180435134,0.847311074,0.94205648,0.71925723,0.6608268820000001,0.4704966340000001,0.4795643460000001,0.2412362260000001,0.2168107960000001,0.132160184,0.113777112,0.0,0.0,0.0,0.0,0.0,0.0,0.0,0.0,0.0,0.0,0.0,0.0,0.0,0.0
110592>110514,719,719,SFDu,Stratford,DLR (Stratford Int'l route) // OB,719,SFDu,Stratford,Central // EB,Alight-Interchange-Board,83.40363711000002,0.5829173008,3.7080209392,31.29003213000001,24.497482196,15.161420544,8.163764,0.0,0.0,0.0,0.015885656,0.0261196432,0.1482847232,0.1599835232,0.2326437552,0.2384754632,0.245303424,0.141085986,0.228172514,0.19323071,0.196564586,0.1903906288,0.3136745468,0.2700119388,0.4415570308,0.4839592708,0.7655948400000001,0.6855879200000001,0.95006104,0.9091651,1.13100122,1.02422266,1.4026611,1.2950504,1.58840302,1.50075018,1.63358698,1.22037923,1.74806661,1.45523863,1.54402515,1.25009213,1.84523152,1.3584402,1.35535208,1.16013258,1.3452796,0.82227005,1.17344325,1.17960593,1.71198555,1.67071599,2.08454808,1.73491752,2.25746798,1.88309694,2.1106631,1.689996282,2.303799242,2.083509422,2.288378502,1.94431111,2.446078028,1.734707548,1.576351768,1.173771728,1.62758798,1.125967672,1.182447672,1.0045759,1.28321298,0.93070518,1.108391288,1.023923048,1.38977778,1.40222912,1.52584638,1.310220456,1.338675436,0.9461217359999999,0.6672584960000001,0.390307776,0.33635054,0.17902748,0.06772658000000001,0.0,0.0,0.0,0.0,0.0,0.0,0.0,0.0,0.0,0.0,0.0,0.0,0.0,0.0,0.0,0.0,0.0,0.0
110592>110515,719,719,SFDu,Stratford,DLR (Stratford Int'l route) // OB,719,SFDu,Stratford,Central // WB,Alight-Interchange-Board,1206.349259067,12.279143997,80.11235191,500.39788916,313.59171818,165.56985868,134.39829714,0.2032967894,0.2104818354,0.2240960614,1.3655386614,1.2996385614,2.193361862,2.760925376,4.021804850000001,3.27710393,4.39364906,4.54801386,5.796394500000001,5.23528652,7.24301164,6.4758868,8.0645522,6.81722108,9.33895836,7.44852182,11.47375214,9.79999434,13.02145626,10.8715102,15.58965534,12.29636414,17.28802094000001,16.33646714,21.7744058,19.3978222,26.5093744,21.76903200000001,28.9045774,25.6705452,30.8642094,25.4605446,32.3755972,23.9459798,25.2800452,19.27013860000001,22.516364,17.2472198,22.2234482,18.8267817,23.1583353,19.9287261,22.5815987,18.0441423,27.1202372,23.0087072,28.91146980000001,26.1189428,34.66912120000001,26.5435934,32.33252640000001,24.37694494,29.95570814,20.0558514,22.302322,14.83159616,20.21878382,12.43028322,14.37887256,10.26896648,13.68912692,7.636602460000002,9.93018006,8.51538086,11.31189274,8.441979340000001,13.9440228,12.2122325,15.5594853,13.62795486,15.10961996,13.51996876,14.18320846,9.852064599999999,8.88973454,6.28024224,2.15462624,0.40689224,0.2162653,0.0,0.0,0.0,0.0,0.0,0.0,0.0,0.0,0.0,0.0,0.0,0.0,0.0,0.0
110592>110522,719,719,SFDu,Stratford,DLR (Stratford Int'l route) // OB,719,SFDu,Stratford,Jubilee // NB,Alight-Interchange-Board,130.45381736,26.65973058,30.39595998,0.0,0.0,0.0,73.39812680000001,0.0,0.11399958,0.202276872,1.143788412,1.733877452,6.569069252,6.892691652000001,10.00402736,10.2673497,9.677260660000002,4.84206886,4.40444688,1.20483388,0.0,0.0,0.0,0.0,0.0,0.0,0.0,0.0,0.0,0.0,0.0,0.0,0.0,0.0,0.0,0.0,0.0,0.0,0.0,0.0,0.0,0.0,0.0,0.0,0.0,0.0,0.0,0.0,0.0,0.0,0.0,0.0,0.0,0.0,0.0,0.0,0.0,0.0,0.0,0.0,0.0,0.0,0.0,0.0,0.0,0.0,0.0,0.0,0.0,0.0,0.0,0.0,0.0,0.0,0.0,0.0,2.5675581,2.5675581,4.871358300000002,5.50695018,6.919014980000001,5.731606340000001,9.76557734,7.786726860000001,9.17267518,7.760610380000001,6.380460920000001,2.34648992,2.0215402,0.0,0.0,0.0,0.0,0.0,0.0,0.0,0.0,0.0,0.0,0.0,0.0,0.0,0.0
110592>110576,719,719,SFDu,Stratford,DLR (Stratford Int'l route) // OB,719,SFDu,Stratford,Elizabeth Line // EB,Alight-Interchange-Board,74.66123046344418,0.601477178325198,6.245458144639077,24.2653257004799,18.894034014,14.534559948,10.120375478,8.671882e-08,1.3290377e-07,1.76516138e-07,2.70689654e-07,2.73649354e-07,0.09538397660991,0.20595507042496,0.300137190812592,0.332195644639076,0.4726605720000001,0.400498018,0.351173078,0.296693454,0.441713566,0.364229738,0.608776326,0.6898796060000001,0.8181171340000001,0.723554774,0.7459662340000001,0.5228310079999999,0.570693242,0.4412200120000001,0.6503334520000001,0.6992757260000001,1.027286452,0.958443898,1.16452356,1.1080542,1.67991716,1.38225814,1.399837408,1.266465808,1.187043568,0.557804372,0.7105876720000001,0.924446504,1.302857764,1.14712019809598,1.24405647409598,1.19631341409598,1.13359545409598,0.8408996940959801,1.14946052,1.16742322,1.43551646,1.343559354,1.775244794,1.910254674,2.114541094,1.713328294,1.8518582,1.4841515,1.47126998,1.160963852,1.465922592,1.423999072,1.777862052,1.394623192,1.74773424,1.433752888,1.384536148,0.807846168,0.977609748,0.8274216679999999,0.98210738,0.7763849560000001,1.000682436,1.170911636,1.343414596,1.19859534,1.441642804,1.263084992,1.077104112,0.7197039120000001,0.7322266420000001,0.4762411740000001,0.3924593660000001,0.190996566,0.087132926,0.026861412,0.0,0.0,0.0,0.0,0.0,0.0,0.0,0.0,0.0,0.0,0.0,0.0,0.0,0.0,0.0
110592>110577,719,719,SFDu,Stratford,DLR (Stratford Int'l route) // OB,719,SFDu,Stratford,Elizabeth Line // WB,Alight-Interchange-Board,763.9991998080003,21.127532788,96.05523381999998,275.0604805999999,181.9170611,149.99178566,39.84710583999999,0.4944728720000001,1.600405972,2.169295552,2.972982272,3.52615132,3.55482268,3.06975698,3.73964514,4.48935274,5.15706362,6.51517934,7.0348758,8.07968086,7.860779539999998,8.065481259999999,8.59224026,9.519803999999999,9.242023800000002,10.3808182,11.1179344,11.638293,11.2963386,11.404893,10.8928064,11.7632424,11.70241,12.2280423,12.2653895,13.2169421,13.0956976,13.2653874,13.7851363,15.2206235,13.81776438,12.60740188,10.91813928,9.96523788,8.021851680000001,8.8927834,9.550559800000002,10.1324242,9.390871,10.0314458,9.956799199999999,10.3367842,10.3339994,11.4968834,12.3932252,14.7804476,14.6967741,16.13783149999999,17.0698439,19.4568253,18.4793815,18.132981,18.602084,19.7447634,15.9073474,14.1532474,13.848404,13.8302822,10.96988154,11.21057494,11.35774374,11.87845054,9.41600006,8.38965862,9.28543182,7.845963300000001,6.1061093,5.31191578,6.05496054,3.48066966,3.27282938,2.4460487,2.38470038,1.21372212,0.9212592000000002,0.4595412,0.34938628,0.0,0.0,0.0,0.0,0.0,0.0,0.0,0.0,0.0,0.0,0.0,0.0,0.0,0.0,0.0,0.0
110592>110582,719,719,SFDu,Stratford,DLR (Stratford Int'l route) // OB,719,SFDu,Stratford,NR Great Eastern // DN,Alight-Interchange-Board,28.70906945799999,0.07311848800000001,1.84133404,8.687560103999997,8.100023928,3.824165944000001,6.182866954,0.0,0.0,0.0,0.0,0.0,0.0,0.036559244,0.036559244,0.036559244,0.036559244,0.036559244,0.0,0.0,0.0124350496,0.03054879960000001,0.1233047316,0.3414057115999999,0.3839228976,0.393108474,0.446930644,0.4036639379999999,0.185562958,0.143045772,0.21400758,0.38036292,0.374748428,0.374748428,0.517888108,0.5026600219999999,0.3168771460000001,0.337881272,0.457912872,0.327840296,0.263274868,0.229390988,0.263509018,0.254412258,0.384285962,0.3714970420000001,0.5091118579999999,0.5746605879999999,0.484207226,0.341266418,0.4747441379999999,0.564623938,0.463864238,0.474727258,1.069346718,1.134664686,0.93568324,0.8718973200000001,0.949797276,0.4651926960000001,0.3896772940000001,0.34253962,0.438009644,0.4173066200000001,0.430415172,0.3071348860000001,0.3324787000000001,0.237008676,0.148467246,0.025343814,0.06830739,0.042963576,0.297457116,0.325864874,1.191417874,1.148454298,1.203074684,0.948581144,1.183629066,0.318076066,0.318076066,0.26345568,0.3706685340000001,0.107212854,0.107212854,0.107212854,0.107212854,0.0,0.0,0.0,0.0,0.0,0.0,0.0,0.0,0.0,0.0,0.0,0.0,0.0,0.0,0.0,0.0
110592>110583,719,719,SFDu,Stratford,DLR (Stratford Int'l route) // OB,719,SFDu,Stratford,NR Great Eastern // UP,Alight-Interchange-Board,63.75079181553262,5.199479339999999e-05,5.747221273808001,29.4261987785932,8.335379498038,5.100008770300001,15.1419315,1.27779768e-06,2.53982462e-06,3.89263432e-06,7.39510052e-06,7.39510052e-06,9.63799324e-06,8.375966300000001e-06,1.14803762e-05,9.9693612e-06,0.0964541833612,0.09645066267079999,0.3493241626708,0.4246894334512,0.5052481320000001,0.408803918,0.781573058,0.706213878,0.84652323,0.76596254,0.7659681062928,0.5086194742928001,0.8210880542928001,0.6054089742928,0.8763880542928,1.233832368,2.542401340000001,2.05241844,2.32788608,2.38600646,2.5506453,1.12665582,1.2778764,1.33373246,2.0249672,1.50287848,1.502914858016,1.351711315674,1.424365615674,0.4040314156740001,0.4040865502540001,0.4040763082760001,0.510913310618,0.106935310618,0.146359188618,0.232544680038,0.8137154639999999,0.7068614240000001,0.8114537039999999,1.000476446,1.05322412,0.4720272,0.513358392,0.4985793120000001,0.7533658120000001,0.6143775120000001,0.8653954320000001,0.8243534695600001,0.95140832956,0.46817520956,0.46948849006,0.2191981506600001,0.5937531811000001,0.3768851211,0.3813227405,0.38000946,0.3881680694,0.0133238094,0.0339227394,0.02948512000000001,0.4028963,0.39401011,0.6509520099999999,0.6303530799999999,3.00835268,2.6349415,2.6349415,2.3779996,2.3779996,0.0,0.0,0.0,0.0,0.0,0.0,0.0,0.0,0.0,0.0,0.0,0.0,0.0,0.0,0.0,0.0,0.0,0.0
110592>110584,719,719,SFDu,Stratford,DLR (Stratford Int'l route) // OB,719,SFDu,Stratford,NR Weaver // DN,Alight-Interchange-Board,71.657246377,0.0981201148,7.209656702199999,24.209567878,20.461929662,10.054262508,9.623709512000001,0.0,0.00132013354,0.0025940678,0.005151105600000001,0.009239466000000002,0.0169636684,0.02141148386,0.0414401896,0.05698394580000001,0.1738157554,0.290550081,0.5194805520000001,0.560056224,0.730304582,0.789794412,0.943244844,0.7694679680000002,0.7520022860000001,0.5848517560000001,1.039104296,1.036556036,1.099768044,1.147123738,1.259055976,0.6560464800000001,0.4931258800000001,0.4066407440000001,0.3308692600000001,0.2118120100000001,0.288706066,0.232943672,0.848316836,1.187565016,1.407977146,1.437140146,1.75755988,1.36297296,1.11870168,1.02885044,1.25767088,1.25834488,1.2287843,1.57801574,1.575020068,1.425781828,1.550653928,2.345269128,2.419766548000001,2.779586040000001,2.801669620000001,2.561083500000001,1.606733248000001,1.18193402,0.7731124040000001,0.590701084,0.425638314,0.3949974080000001,0.755179316,0.8369468520000001,0.9556224320000001,0.938912702,1.11651578,0.6788181919999999,0.954131992,0.8102726760000001,0.8150476900000001,0.6679184900000001,1.129898978,1.175178958,2.095884134,2.0108242,1.9418522,1.44748402,0.952486,0.0,0.0,0.0,0.0,0.0,0.0,0.0,0.0,0.0,0.0,0.0,0.0,0.0,0.0,0.0,0.0,0.0,0.0,0.0,0.0,0.0,0.0
110592>110589,719,719,SFDu,Stratford,DLR (Stratford Int'l route) // OB,719,SFDu,Stratford,LO Mildmay // WB,Alight-Interchange-Board,154.8185969778,2.2900919268,18.640123081,56.61477082,38.96008569,29.0406051,9.272920359999999,0.0003706583,0.00111841068,0.00180767456,0.24566015456,0.27982979056,0.45969743826,0.4968571618800001,0.804750638,0.5733368650000001,0.8580398090000001,0.732369583,1.513235767,1.287769857,1.75020951,1.52642103,2.24674953,1.49924084,2.17768861,1.81318883,2.66187285,2.02114711,2.22059056,1.475991632,2.389852972,1.633648232,2.157658812,1.994426152,2.61074438,1.74473652,2.29141482,1.740129932,3.180236772,2.719142332000001,3.065489632,2.407576658,3.171807066,1.719100314,2.325459854,2.040451794,2.873615968,2.110180408,2.99825796,2.39449738,3.32861356,2.6342769,3.20056466,2.304311854,3.415197634,2.448241454,2.657584834,2.129230174,3.94920518,2.74031214,4.24355964,3.98358165,5.25401957,3.52534153,4.19709361,2.695947964,3.365169154,2.044925918,2.433160038,1.791047018,2.145506464,1.369393678,2.075456314,1.592381906,1.805181506,1.404552338,1.770802044,1.057802724,1.192057212,0.918429924,1.007672432,0.6504919779999999,0.5616094979999999,0.344197738,0.298605206,0.06669926600000001,0.0,0.0,0.0,0.0,0.0,0.0,0.0,0.0,0.0,0.0,0.0,0.0,0.0,0.0,0.0,0.0,0.0
110592>110590,719,719,SFDu,Stratford,DLR (Stratford Int'l route) // OB,719,SFDu,Stratford,DLR (Stratford route) // OB,Alight-Interchange-Board,373.97727102,0.9273818020000001,19.041152464,134.775386254,111.27746098,50.57824704,57.37764248,0.0,0.020252558,0.083916158,0.083916158,0.083916158,0.162981078,0.156115016,0.3362846760000001,0.413087532,0.517365932,0.5065302279999999,1.128793852,1.01071756,1.256526844,1.308900924,2.254837588,1.818651182,2.508474674,2.693727814,3.623538334,2.898229274,3.67666276,3.051509532,4.034121712,3.398683712,4.361998291999999,3.851009212,4.93484326,4.050791800000002,4.924341740000001,4.256263240000001,6.26066192,5.865540340000001,7.76879204,7.463400160000001,9.79849946,8.56482866,9.01563056,7.005768660000001,7.23172072,4.682426500000001,5.3025977,5.2015971,7.175467899999999,6.90035398,8.5507586,7.25271492,9.32256152,7.830982660000001,9.53181526,8.56782132,12.7404988,10.43642852,11.23238718,8.830114440000003,10.08102378,5.8043176,5.69457094,4.24016484,5.54471324,3.71872804,4.70514754,4.064732500000002,4.5835068,3.20424755,3.68331967,2.42368783,2.91111049,2.131819584,2.108436214,1.785756134,2.243296654,1.956241774,3.06212068,5.31582744,7.748592800000001,8.846217999999999,8.401294600000002,7.232272000000001,4.8080784,1.7376882,0.0,0.0,0.0,0.0,0.0,0.0,0.0,0.0,0.0,0.0,0.0,0.0,0.0,0.0,0.0
110593>110501,719,719,SFDu,Stratford,DLR (Stratford Int'l route) // IB,719,SFDu,Stratford,EntEx,Alight-Exit,2726.2266548,52.03044930000001,209.7068196,1260.113675,741.6919002000001,252.5406108000001,210.1431999,0.3240840600000001,1.79867074,3.98491854,6.70639394,8.01226634,9.86561928,10.3623106,10.9761858,10.4795864,13.098924,11.897925,13.0146046,11.8956686,14.5561164,13.4500154,18.4398054,19.13672900000001,25.935206,25.09305920000001,32.70917960000001,31.1326756,37.02151240000001,33.49319439999999,40.26313740000001,34.4719582,43.53605500000001,40.28461180000001,50.18042180000001,45.87903580000001,57.9975936,52.1683088,65.417793,58.21320220000001,68.1286182,59.5717782,68.8135942,56.53711920000001,64.90159400000002,56.25396000000001,63.3921068,52.4700956,59.9783096,52.09347260000001,67.9135266,61.4600468,75.53390000000002,68.87457320000001,77.815093,61.41812760000001,70.9227646,57.27289,64.1314848,53.8069234,58.3844504,44.3641846,47.7074618,35.9960102,36.84250479999999,27.9142066,29.6816574,21.6148618,21.5139202,15.8241704,16.2929162,11.4801076,12.9110654,10.4636087,12.0055815,10.19300982,12.28977222000001,10.72997342,14.47921392,13.00801712,15.6018724,14.6546208,25.2818196,26.234859,24.2691768,20.167314,17.6883548,5.545196000000002,0.0,0.0,0.0,0.0,0.0,0.0,0.0,0.0,0.0,0.0,0.0,0.0,0.0,0.0,0.0
110593>110514,719,719,SFDu,Stratford,DLR (Stratford Int'l route) // IB,719,SFDu,Stratford,Central // EB,Alight-Interchange-Board,963.7573784599997,25.959841608,77.711846032,268.41037554,219.729387,142.42297842,229.52294986,0.0,0.55543308,1.12112618,3.482245980000001,3.665376292,5.258647352000001,5.289027412,6.587985312000001,5.345594912000001,7.045284800000001,5.95895354,7.752096799999999,6.60048042,7.26427122,6.04120958,7.005896580000001,5.554535700000002,6.11702128,5.455580480000001,7.570920720000001,7.413800920000001,8.1684342,7.755493799999999,8.7419426,6.781669520000001,7.424692520000002,6.939012180000002,8.85603218,7.84362012,9.9625352,9.58452534,12.70670788,11.95658008,14.34231574,12.44333962,14.98283948,12.203751,13.3523626,11.6315424,14.76726792,11.8081174,15.36315448,14.04183228,19.33880608,17.73231388,22.37992280000001,18.61258552,22.22452912,16.61665552,18.65419592,16.00939032,19.0388798,14.85775568,18.68976928,15.85378648,19.05960268,17.36685828,18.1119696,13.3967177,14.1806855,8.869732699999998,9.1557979,8.5206737,12.2245182,10.33032726,11.56897886,9.32836226,9.36835646,7.12970546,11.8367098,12.0855144,15.5524016,15.9193842,17.8911032,16.8372542,27.3760118,29.16443760000001,27.3598928,23.3570868,19.04859900000001,5.964849000000001,0.0,0.0,0.0,0.0,0.0,0.0,0.0,0.0,0.0,0.0,0.0,0.0,0.0,0.0,0.0
110593>110515,719,719,SFDu,Stratford,DLR (Stratford Int'l route) // IB,719,SFDu,Stratford,Central // WB,Alight-Interchange-Board,1263.9304143,33.0387684,131.6529634,454.3331629,274.6971164,147.8638291,222.3445741,0.3480564800000001,0.5295135400000001,1.51419486,2.9229514,3.8594861,6.366657420000001,8.40408836,9.09382024,8.603777500000001,10.4866812,9.339386,10.30639,9.776564500000003,11.7725173,10.6757409,12.1363093,10.5326065,12.4324746,11.8653184,13.7251972,12.4038962,15.1413924,14.102884,16.681428,15.3287298,18.3042506,16.94656160000001,21.1527636,17.7396716,20.5157658,18.3681388,21.4274524,18.050588,22.0665596,20.1038886,25.5224568,22.2952447,23.1789939,20.4559927,22.2554355,16.0296935,17.8095232,17.681956,20.7698956,21.018523,25.8111582,23.2367184,25.5602504,22.617352,23.73508840000001,21.4588888,24.732781,20.7656843,24.1684903,20.77492710000001,20.8172545,17.4685997,18.440217,12.9525876,12.3505496,10.0548632,11.4522456,9.5267246,12.1814354,11.5933298,11.2996174,9.7099514,10.8337078,8.352134060000001,9.680719260000002,8.71394478,8.132609720000001,6.3689517,5.751777440000001,3.0886476,14.03647288,34.66040434,34.30630736,33.88419396,33.593373,21.775038,0.0,0.0,0.0,0.0,0.0,0.0,0.0,0.0,0.0,0.0,0.0,0.0,0.0,0.0,0.0
110593>110522,719,719,SFDu,Stratford,DLR (Stratford Int'l route) // IB,719,SFDu,Stratford,Jubilee // NB,Alight-Interchange-Board,439.8841308,16.01416308,67.65267262,157.0920248,92.89563532000001,69.29745942000001,36.93217556,0.0,0.14891944,0.44077198,1.3342129,1.9799231,3.4944776,3.889508000000001,4.726350060000001,4.398584400000002,3.97988614,3.08825078,3.8340642,4.415186800000002,5.711668940000001,6.789707460000002,8.03697552,7.66525406,7.152235060000002,6.183818860000001,6.397040400000002,5.6026623,6.2705511,6.147639499999999,6.748343240000001,5.98815316,6.148458860000002,5.08836076,4.888955160000001,4.79748768,6.371366760000001,5.81890316,6.43474232,6.89305152,7.69686366,6.9290918,8.431397800000001,8.17678294,8.49765534,6.938567380000001,6.905020560000001,5.693855840000001,6.609129040000001,6.25266798,7.762316940000002,7.416281940000001,7.99427366,7.223598600000001,8.03268006,7.350876019999999,8.4225701,8.092488099999999,8.956605960000003,7.77100128,7.87356392,6.681258840000001,7.080436840000001,5.832058559999999,6.037472040000001,5.17924052,5.61331806,4.914143119999999,6.052574900000001,5.24831066,5.986974660000001,5.58889566,6.130226480000001,5.701356860000002,7.012887900000001,6.00156212,5.324679799999999,3.86064372,2.72072072,1.83687904,1.57733372,3.58963238,3.58963238,3.3725987,2.623081780000001,2.4354112,0.0,0.0,0.0,0.0,0.0,0.0,0.0,0.0,0.0,0.0,0.0,0.0,0.0,0.0,0.0,0.0,0.0
110593>110576,719,719,SFDu,Stratford,DLR (Stratford Int'l route) // IB,719,SFDu,Stratford,Elizabeth Line // EB,Alight-Interchange-Board,778.31304949,27.26190105,86.79114718,226.12946628,178.05325616,106.47179132,153.6054875,0.14179641,0.50508527,0.98683787,3.02251177,3.86899663,5.52561262,5.91694684,7.294113640000001,5.94051324,6.91414618,5.307261028,5.814502148,4.799289648,7.908198948000001,7.176923147999999,9.4114119,8.753485320000001,10.02403382,6.912347700000002,7.8290341,6.4179947,8.39008588,6.92096674,7.77571556,6.37987236,7.949148559999998,5.88216576,6.887307700000001,6.342172680000001,9.456065680000002,8.06005274,10.10538474,9.34939614,13.85903166,11.34227126,13.3688734,11.7684874,13.961026,9.50229572,10.54434792,8.119010600000001,11.3240826,10.0925526,12.33115788,10.93692656,16.12350568,13.44575848,15.99496548,14.04318918,18.1547027,13.69730424,16.45832944,13.59242096,17.03462306,13.42473336,15.14679702,11.6813821,12.34036798,8.60561378,9.286813080000002,6.44159566,8.622541380000001,7.141663860000001,8.298022060000001,7.225899460000003,10.09236988,7.885430680000002,8.8500914,7.651557800000001,9.7021133,7.73322758,9.53838598,8.657525060000001,11.07845226,9.68518396,18.81704088,19.57055588,18.770051,15.3572066,13.7345802,3.309607000000001,0.0,0.0,0.0,0.0,0.0,0.0,0.0,0.0,0.0,0.0,0.0,0.0,0.0,0.0,0.0
110593>110577,719,719,SFDu,Stratford,DLR (Stratford Int'l route) // IB,719,SFDu,Stratford,Elizabeth Line // WB,Alight-Interchange-Board,654.88854673,35.216915852,72.474433138,172.86389976,128.854933516,75.720901194,169.75746327,1.128343,2.652236080000001,2.909601760000001,5.608410960000001,5.647835204000001,6.042261744000001,4.705794992,6.522432112000001,4.532155572000001,5.832321928000001,4.734892048,6.53585702,4.630073990000001,5.983823129999998,5.16410463,7.957723169999999,6.32182199,7.611628720000001,5.87189312,7.298137820000001,4.62388812,6.323087200000001,5.07772902,6.80900362,5.37930576,7.864458860000001,6.204490360000001,9.32306064,7.53015858,8.64852824,5.8220103,8.224727,5.2110887,7.418783959999999,6.169235,9.02109554,7.11240948,8.597792180000003,6.529732780000002,8.58191704,6.636696760000001,7.743390820000003,6.890609900000001,11.1206999,9.296273160000002,11.91476724,10.21097684,12.32877796,8.0020769,11.77262474,8.92666514,11.87922954,9.03082098,14.20672444,9.923945788,11.362050788,8.453032347999999,9.233678907999998,4.103467648000001,5.689577099999999,3.426280434000001,5.979654574000001,5.222787294000001,6.098969353999999,5.649121013999999,7.799376280000001,5.75311178,8.31184446,7.36213392,6.348694859999998,4.35882164,5.02871858,2.279488476,7.701568816000002,7.498687062,29.358378282,27.849170742,27.796294246,22.098106646,22.0774,0.0,0.0,0.0,0.0,0.0,0.0,0.0,0.0,0.0,0.0,0.0,0.0,0.0,0.0,0.0,0.0
110593>110582,719,719,SFDu,Stratford,DLR (Stratford Int'l route) // IB,719,SFDu,Stratford,NR Great Eastern // DN,Alight-Interchange-Board,204.638730025,3.866413372,15.354250559,72.887272052,54.52561637200001,34.447666148,23.557511522,0.014746138,0.014746138,0.227206878,0.296607624,0.625053984,0.704025558,1.068097598,0.915929454,1.370271328000001,1.0501290506,1.1316511986,1.1956297586,1.4840547426,0.9947895626000001,1.060271136,1.436135476,1.350049556,1.050964602,1.294459642,1.935844506,1.943712766,1.788947326,2.01019706,2.49145686,2.40103142,1.88241187,1.85737793,2.51418697,2.60057689,2.036916904,2.227036734,3.266139914000001,3.121867354,2.341555794,2.57989862,4.59637768,4.22295372,4.074226680000002,4.310066200000001,5.53724712,4.156733999999999,3.59392604,3.07222898,4.26019722,3.68379278,3.1728231,3.20138632,5.371448180000002,5.02391132,4.238912580000001,4.2316897,6.270275720000001,5.241984520000001,4.45132342,4.473911026000001,5.164157706,3.421887306000001,2.561102186,2.592766546,3.58371816,3.21219576,3.17753872,2.89778899,3.50157209,2.54550259,2.10524961,1.60026477,3.24807942,2.2723221764,2.2399303164,2.1331835364,2.1696278364,0.4075826364,0.483575932,0.293292412,2.815615172,2.728897352,2.728897352,2.6422934,2.6422934,0.0,0.0,0.0,0.0,0.0,0.0,0.0,0.0,0.0,0.0,0.0,0.0,0.0,0.0,0.0,0.0
110593>110583,719,719,SFDu,Stratford,DLR (Stratford Int'l route) // IB,719,SFDu,Stratford,NR Great Eastern // UP,Alight-Interchange-Board,544.1084897900004,13.74162032,53.68510236,226.36030448,101.8820652,111.79901797,36.64037946000001,0.0,0.0,0.3395957000000001,1.39518386,1.39518386,2.89095212,3.41966464,4.30104014,4.01875668,5.05571794,3.8517133,3.95393264,3.10222778,4.30521208,3.85630372,4.3914063,4.37205028,6.68884274,5.103911880000001,4.98502702,5.21026042,8.86894518,6.694877920000001,10.10785018,10.24179398,13.09510598,9.132917700000002,10.33263496,9.05180096,10.72716252,7.32593872,9.5168227,10.0067577,9.799888099999999,8.08475464,10.55483144,9.13222488,10.14312268,8.2589023,11.74020576,9.4863714,10.98877426,8.001975660000001,9.85638444,8.00669464,10.4659868,8.017127252,9.978901652000001,9.151861892000001,9.871552892,6.864253952,9.2874511,7.84583514,8.249321700000001,5.52549812,8.61758006,8.67862906,11.10566082,9.42132014,10.79057652,10.89166512,10.40689192,7.35426483,11.33402611,10.36272815,8.204700690000001,6.54570689,6.70284772,2.636107036,4.542808796000001,3.513615016,5.297998216,5.414534716,6.131170600000001,3.6356894,3.45731664,1.20256124,0.8085778,0.0,0.0,0.0,0.0,0.0,0.0,0.0,0.0,0.0,0.0,0.0,0.0,0.0,0.0,0.0,0.0,0.0,0.0
110593>110584,719,719,SFDu,Stratford,DLR (Stratford Int'l route) // IB,719,SFDu,Stratford,NR Weaver // DN,Alight-Interchange-Board,781.5710326774001,22.0956273374,95.28244982,296.82186932,219.52511624,95.57123436,52.2747356,0.0,0.00021475548,0.8068688354800001,1.71123423548,3.42371573548,4.242786655480001,5.5257404,6.385066720000001,7.77623532,6.958283740000001,8.178486020000001,8.89827582,9.75748602,9.08879302,9.60893624,8.58588714,7.900469440000001,5.880913000000001,6.0623808,6.58630326,7.568805760000001,7.20285516,9.4268824,9.5136058,15.5919002,14.60284806,16.17856726,14.26361256,15.95145956,9.206284820000002,13.68180176,14.18379576,17.12908126,14.71046926,15.6387818,12.0290284,10.5586026,8.7184716,10.6514242,9.17318208,11.80384988,10.98164728,15.08173228,12.97317958,17.8625973,16.0422091,24.4371963,19.81284622,24.28654132,19.91961512,24.16449352,17.00154352,18.4340974,13.53845768,14.65028508,9.37523368,8.39472922,6.275826660000001,9.04839858,8.28080984,9.34073304,9.929778840000004,10.09386648,7.162339180000003,7.467239120000002,5.589865120000002,6.065629380000002,7.922018900000001,11.2851442,11.9462722,11.1081784,9.055160800000001,6.3254362,2.5545438,0.0,0.0,0.0,0.0,0.0,0.0,0.0,0.0,0.0,0.0,0.0,0.0,0.0,0.0,0.0,0.0,0.0,0.0,0.0,0.0,0.0,0.0
110593>110589,719,719,SFDu,Stratford,DLR (Stratford Int'l route) // IB,719,SFDu,Stratford,LO Mildmay // WB,Alight-Interchange-Board,1028.140813105,42.305940505,137.10132914,358.7649479600001,217.685949,159.33428108,112.94836542,0.009629440999999999,0.5056761810000001,1.314300381,5.079241781,6.094838461,8.21414142,8.67398362,12.41412922,10.28238582,12.36308174,11.68360374,13.4474786,10.0126626,10.83138,8.920186800000002,11.1593364,9.97911766,11.89130146,11.63280786,14.89798646,13.47127406,14.7708208,12.80654586,14.15382606,11.19619286,12.07800286,10.7675641,13.80300064,12.00802964,15.48084884,14.26197224,19.1723916,17.1482694,19.341708,16.2682064,19.155942,13.7350882,15.800643,13.5619414,16.7452162,13.359822,16.2537054,14.4180462,19.0058902,15.5554172,17.7657794,15.29498828,19.97301168,15.67193388,18.76100208,16.88061608000001,20.6138306,15.9191948,20.9367556,18.169133,22.1442864,18.31779672,19.17011172,13.70431848,15.04979528,11.13895008,13.69867916,12.10034056,13.2511184,10.7671964,11.769326,8.423205140000002,11.94344314,10.80989154,13.21344354,11.65786384,11.80340616,8.85505616,9.10853876,12.14561736,10.87761666,10.1704304,8.058105800000002,6.248395200000001,0.0,0.0,0.0,0.0,0.0,0.0,0.0,0.0,0.0,0.0,0.0,0.0,0.0,0.0,0.0,0.0,0.0
110593>110590,719,719,SFDu,Stratford,DLR (Stratford Int'l route) // IB,719,SFDu,Stratford,DLR (Stratford route) // OB,Alight-Interchange-Board,229.0206707185001,3.234224015,20.11220283,107.98753192,49.48432992,29.29504686,18.9073351735,0.0,0.0,0.006899687000000001,0.401808487,0.462047407,0.5694189390000001,0.620330491,1.173719004,1.030992644,1.145025624,1.087368362,1.85421231,1.56153791,1.85454847,1.783971582,2.160059832,1.650617292,1.803478632,1.562118192,2.61827198,2.54205986,2.89694074,2.79285538,3.25075022,2.70764698,3.29635184,3.5117401,4.347352460000002,4.02787466,5.041665900000001,5.102341440000001,6.08492534,5.5604962,6.34814668,5.13461236,5.276358880000001,3.95291042,4.65129452,4.58033964,5.269184040000002,5.09770062,5.9668542,5.22466336,5.32246608,4.80505728,5.18373978,4.59743798,5.40927772,4.53560346,4.53745606,3.49852156,3.82043564,3.00205862,3.33770502,3.15410808,3.60292872,2.78331818,2.90052632,2.727642700000001,2.85838602,2.44644844,2.7260309,2.16479134,2.3946771,1.96381612,2.15287334,1.838385820000001,2.338150580000001,1.67167232,1.591182362,1.520353782,2.328143782000001,1.882164042,1.7746917601,1.7529629887,1.6984643487,1.1718509487,0.9848683687000002,0.9830967106,0.97873936,0.5691444000000001,0.0,0.0,0.0,0.0,0.0,0.0,0.0,0.0,0.0,0.0,0.0,0.0,0.0,0.0,0.0
231001>231022,723,723,SWCu,Swiss Cottage,EntEx,723,SWCu,Swiss Cottage,Jubilee // NB,Enter-Board,1210.912516372,11.474879656,100.32067346,444.3011340000002,287.4458012,164.7121794,202.6578486560001,0.1856223320000001,0.531331332,1.058550572,1.506439764,1.685433156,2.05267214,2.12307474,2.33175562,2.67050666,3.01313768,4.001049800000001,5.115226320000001,6.280128800000001,7.716748840000001,9.21754384,10.51299052,11.5537084,12.766231,13.4117008,14.0617008,13.99840000000001,14.1633258,13.8976712,14.1047838,14.1366948,13.9656832,14.38459,15.448037,15.581193,16.2527358,18.5344008,19.9119344,20.0957452,21.341251,21.635219,21.1963592,20.7366604,20.3555854,20.5267572,21.8415186,21.9108802,22.3507144,23.631359,24.2996346,24.0948422,25.1978854,27.7633358,28.31573640000001,26.4040328,25.20751400000001,24.4612248,21.8082154,20.8996504,21.7087014,21.5290132,20.0556494,19.2008614,16.7739786,15.1055616,14.6932158,13.3925312,11.517975,11.1058228,12.3280266,11.14768,11.4769202,12.6459482,15.323658,15.1661862,15.771682,16.8706282,17.3354896,15.731691,13.25605732,12.00884904,10.54122244,9.35856324,7.46347158,7.392493320000002,7.385631340000002,6.49348588,5.264153680000002,4.94039126,4.72037134,4.420933600000001,4.143336560000002,3.7712198,3.45491598,3.4151799,3.09383826,2.86857628,2.54992984,2.3127699,1.593752512,0.925560752,0.407467832
231001>231023,723,723,SWCu,Swiss Cottage,EntEx,723,SWCu,Swiss Cottage,Jubilee // SB,Enter-Board,5444.61657259,73.50566736,621.9044365999999,2519.7171582,1210.13264,628.9440684,390.4126020300001,3.06764212,4.59532112,6.97695332,8.067557,10.1846226,10.5790416,13.743586,16.2909436,20.6765022,23.35544,29.6643548,34.7127586,39.5567588,44.810907,54.13875820000001,62.1327442,68.847207,75.08583300000002,81.52768200000001,87.39549079999999,92.51197979999999,96.7491558,102.1006998,103.9407358,102.154939,101.98232,104.047854,106.117896,109.64243,114.661794,116.096264,117.690096,118.560004,116.44095,112.72116,110.450274,105.703098,98.127494,96.39965800000002,96.43564400000002,96.21901,97.445448,100.998228,102.520026,101.52595,99.907136,108.353918,109.208734,106.784754,107.353784,105.511826,95.39327400000002,93.180994,95.729506,93.64926400000002,93.53350000000002,86.67700200000002,79.20276199999999,71.0419828,62.92379680000001,52.66230340000001,46.8045174,41.7447762,38.281897,35.6054162,34.5471092,38.6057466,40.8467588,42.28201800000001,44.41525680000001,46.2664158,41.909295,38.891829,32.0792936,26.7469108,22.398767,17.15765600000001,12.65224112,9.81716998,7.565701700000001,5.4470615,5.319091739999998,5.32745142,5.1169941,4.6334179,3.802197560000001,3.21920027,2.45543531,2.24123301,1.668495998,1.702137058,1.785316388,1.658877808,1.524985968,1.36165626,0.96649494
231022>231001,723,723,SWCu,Swiss Cottage,Jubilee // NB,723,SWCu,Swiss Cottage,EntEx,Alight-Exit,5294.885659899998,66.61859718,447.6437578000001,1666.08704,1282.441897,930.1023252000001,901.9920427199999,2.57317646,4.15767586,5.19492766,6.5206964,9.0188106,10.536603,12.5912596,16.0254476,21.908407,26.2760064,28.6268894,31.6726174,36.0461036,37.2253936,38.409941,41.8195532,44.45186320000001,46.81256520000001,46.74980320000001,47.6446146,48.7533472,50.5520872,49.3936806,50.6325592,51.9959068,52.7427916,53.5016456,55.7693962,58.7044036,62.422324,67.915754,71.300508,76.38955,80.607947,83.61923180000002,84.5303238,85.8303458,83.72582680000002,81.82844580000003,79.64070500000003,78.258115,80.633551,85.90598600000001,91.432608,96.149172,100.07904,101.089368,103.546734,106.53367,108.919039,112.486517,114.366117,111.827329,109.840691,110.079248,107.524972,104.620842,100.96531,94.085398,86.25890000000003,79.592442,73.07505520000002,67.94036,65.573666,64.474306,63.711068,63.54502640000001,66.25995160000001,71.0281446,76.16740060000002,78.08727859999999,80.59127099999999,78.65349800000001,74.07643200000003,66.01378000000001,57.9902444,50.267801,43.26451880000001,35.0065946,26.007269,23.0612026,17.9342264,15.865021,13.2156136,14.0473211,11.6398449,11.6178449,9.7172741,9.5675977,8.10528432,7.5582324,6.21660106,6.04875846,4.6109795,3.45567298,2.1763351
231022>231180,723,723,SWCu,Swiss Cottage,Jubilee // NB,1451,SOHr,South Hampstead,LO Lioness // NB,Alight-Exit-Interchange-Enter-Board,142.8914997345318,2.49999619653188,8.182955988,19.45964544,18.700736216,35.767914324,58.28025157,0.11573818,0.115738219706376,0.115738219706376,0.125194444506376,0.013258525306376,0.5524161253063762,0.7218653056000001,0.7400471764000001,0.7474335736000001,0.7852894828000001,0.2571069144,0.2697164144,0.2691214856,0.5612397236,0.5472017416,0.69467613,0.7267961300000001,1.294521588,1.021826558,1.008026246,0.9303926460000002,0.7323903852000001,0.2036462652,0.1881610932,0.2276385112,0.2280802432,0.296918158,0.5828440979999999,1.01687496,1.020507552,1.2542668,1.464466006,1.275948966,1.154626346,1.32984504,1.15900241,1.03956627,0.947982464,0.655706886,0.554312966,0.518282856,0.8208875360000001,0.8889556620000001,0.96834132,0.9414435,1.16538184,1.3786803,1.57504034,1.78635164,1.88133008,1.712952588,1.455355128,1.393407708,1.262530468,1.108394866,3.039867758,2.866092038,3.732111618,3.864213418,4.17328794,2.262022488,3.257663888,2.207731082,1.948730762,1.667378572,3.965762624000002,2.833197844000001,2.989722050000001,6.870199930000001,12.24345672,10.09348614,10.06763542,10.37715052,6.430016460000001,0.98433766,0.6520118400000001,0.5544785400000001,0.00747834,0.0,0.0,0.0,0.0,0.0,0.0,0.0,0.0,0.0,0.0,0.0,0.0,0.0,0.0,0.0,0.0,0.0,0.0
231022>231181,723,723,SWCu,Swiss Cottage,Jubilee // NB,1451,SOHr,South Hampstead,LO Lioness // SB,Alight-Exit-Interchange-Enter-Board,2.312545200999999,0.0,0.1387938284,0.3997595556,0.2875964308,1.3889204832,0.09747490300000003,0.0,0.0,0.0,0.0,0.0,0.0,0.0,0.0,0.0,0.003946042,0.003946042,0.0112248354,0.0112248354,0.0112248354,0.0121398026,0.0218472036,0.0145684102,0.0145684102,0.0145684102,0.0195350014,0.0160618006,0.0160618006,0.0160618006,0.0232143818,0.0246159814,0.0183817812,0.0183817812,0.0183817812,0.0112292,0.004672328400000001,0.0101216242,0.0101216242,0.0131235422,0.0131235422,0.0084512138,0.003001918,0.003001918,0.0,0.0,0.0,0.0,0.057250512,0.057250512,0.057250512,0.0679239828,0.0679239828,0.0106734708,0.0106734708,0.0106734708,0.0,0.0031572986,0.0031572986,0.0031572986,0.0134222272,0.0427413912,0.0540925386,0.0540925386,0.0540925386,0.04382761,0.02001971,0.160391044,0.160391044,0.160391044,0.24447987,0.2389686060000001,0.08408882599999999,0.08408882599999999,0.08408882599999999,0.0108207256,0.0108207256,0.0108207256,0.0194949806,0.0194949806,0.008674255,0.008674255,0.008674255,0.0,0.0,0.0,0.0,0.0,0.0,0.0,0.0,0.0,0.0,0.0,0.0,0.0,0.0,0.0,0.0,0.0,0.0,0.0,0.0
231023>231001,723,723,SWCu,Swiss Cottage,Jubilee // SB,723,SWCu,Swiss Cottage,EntEx,Alight-Exit,1410.927107038,38.24838914,289.9086658,609.2861704000001,240.9312958,142.05303604,90.49954985800002,0.9032665200000002,1.44602808,1.93722514,2.88704008,4.34542164,6.980027420000001,8.91623446,10.8331458,12.369542,14.0731532,15.3080096,16.6483118,19.437321,23.0981084,27.0155214,29.2499272,32.75353320000001,34.3913666,33.514133,32.0497384,31.7854062,30.0741936,27.7530358,27.2937104,25.9701204,25.0719732,24.5144716,24.5394036,24.175648,24.9377902,25.0030976,24.6143266,25.1221044,25.788609,25.26106080000001,25.0261184,26.2984416,26.3904308,25.7442282,24.2077568,23.5580238,22.716943,21.9529496,21.4863268,21.8066674,21.1068556,20.0147652,20.5434196,20.3729212,20.3601412,20.769048,19.9912812,18.476019,19.0005594,19.5807722,18.9088458,19.1109264,18.7455312,17.0489126,14.9120264,13.3183072,11.5003632,9.784,8.5985194,7.5954106,6.876208640000002,6.8583871,7.7044433,7.928563900000001,8.9452429,9.84154806,9.524870300000002,8.639069240000001,7.752354560000001,6.210701100000001,4.93602042,4.24357176,3.56336738,2.69369143,2.508669690000001,2.091653190000001,1.90342737,1.465033536,1.528649066,0.998762282,0.835632182,0.495824434,0.50649394,0.391401258,0.4361289460000001,0.38037317,0.535915398,0.4244176079999999,0.63701063,0.573758926,0.5073971820000001
231023>231080,723,723,SWCu,Swiss Cottage,Jubilee // SB,1451,SOHr,South Hampstead,LO Lioness // NB,Alight-Exit-Interchange-Enter-Board,0.0,0.0,0.0,0.0,0.0,0.0,0.0,0.0,0.0,0.0,0.0,0.0,0.0,0.0,0.0,0.0,0.0,0.0,0.0,0.0,0.0,0.0,0.0,0.0,0.0,0.0,0.0,0.0,0.0,0.0,0.0,0.0,0.0,0.0,0.0,0.0,0.0,0.0,0.0,0.0,0.0,0.0,0.0,0.0,0.0,0.0,0.0,0.0,0.0,0.0,0.0,0.0,0.0,0.0,0.0,0.0,0.0,0.0,0.0,0.0,0.0,0.0,0.0,0.0,0.0,0.0,0.0,0.0,0.0,0.0,0.0,0.0,0.0,0.0,0.0,0.0,0.0,0.0,0.0,0.0,0.0,0.0,0.0,0.0,0.0,0.0,0.0,0.0,0.0,0.0,0.0,0.0,0.0,0.0,0.0,0.0,0.0,0.0,0.0,0.0,0.0,0.0,0.0
231023>231081,723,723,SWCu,Swiss Cottage,Jubilee // SB,1451,SOHr,South Hampstead,LO Lioness // SB,Alight-Exit-Interchange-Enter-Board,0.0,0.0,0.0,0.0,0.0,0.0,0.0,0.0,0.0,0.0,0.0,0.0,0.0,0.0,0.0,0.0,0.0,0.0,0.0,0.0,0.0,0.0,0.0,0.0,0.0,0.0,0.0,0.0,0.0,0.0,0.0,0.0,0.0,0.0,0.0,0.0,0.0,0.0,0.0,0.0,0.0,0.0,0.0,0.0,0.0,0.0,0.0,0.0,0.0,0.0,0.0,0.0,0.0,0.0,0.0,0.0,0.0,0.0,0.0,0.0,0.0,0.0,0.0,0.0,0.0,0.0,0.0,0.0,0.0,0.0,0.0,0.0,0.0,0.0,0.0,0.0,0.0,0.0,0.0,0.0,0.0,0.0,0.0,0.0,0.0,0.0,0.0,0.0,0.0,0.0,0.0,0.0,0.0,0.0,0.0,0.0,0.0,0.0,0.0,0.0,0.0,0.0,0.0
350101>350122,747,784,SWKu,Southwark,EntEx,784,SWKu,Southwark,Jubilee // NB,Enter-Board,3037.225871860002,37.281791,337.9031013600001,1297.7418362,750.0261930000001,324.9056696,289.3672807000001,1.33345966,1.60765676,2.85182016,4.3778672,5.15015704,5.33754446,7.56048216,9.06280356,9.28518656,10.634334,12.763829,13.7839946,15.9682198,20.9725006,29.2381986,37.0712468,43.2096304,46.3382618,49.7760876,48.8616116,48.3635056,48.97909,49.77280860000001,51.26228340000001,53.115239,54.90279640000001,55.659314,56.750635,55.06780000000001,55.55880860000001,53.6573978,54.70310880000001,56.27665680000001,54.95762080000001,55.293775,54.29329439999999,51.9959662,49.69330059999999,50.31182620000001,49.4041618,53.2202468,58.79876700000001,61.954154,63.74927940000001,64.8451144,64.5729814,63.46884040000001,64.426608,65.213258,65.90483,66.80751000000001,63.5919176,62.7651468,62.46296360000001,56.22402840000001,49.74299439999999,45.1510128,39.2919436,31.4943414,29.0065522,25.9551728,23.4506728,20.9029236,20.2872106,20.8356738,21.1682646,21.78813640000001,25.57376500000001,26.9075528,26.43782920000001,26.9955712,25.799942,20.6220248,18.3300412,16.2486628,12.85242852,11.37533672,10.00524912,9.46327632,8.85030872,8.52662774,7.992258940000003,7.88174634,7.47511502,5.871761480000001,5.24297488,4.59474504,4.341816039999999,3.5126699,3.67551856,3.75193252,3.69615602,3.06454168,2.58458576,1.99382744,1.27277994
350101>350123,747,784,SWKu,Southwark,EntEx,784,SWKu,Southwark,Jubilee // SB,Enter-Board,2928.187724122001,48.16800070000001,217.7051106,995.1444160000001,692.7199337999999,491.1196012,483.3306618219999,0.8331279600000001,1.3042352,2.7553552,5.40189896,6.907430440000002,8.20651684,11.164335,11.5951011,11.2484885,12.1373241,14.5674133,14.5095335,15.2815738,16.469198,19.8543666,20.62576240000001,21.9798408,23.6972072,24.5442418,22.7901606,22.8768344,23.6291228,26.249031,29.1497364,34.0458854,35.91548179999999,39.0692302,41.23879960000001,42.43383679999999,42.68456079999999,43.05363120000001,43.5410868,44.4382814,44.49010560000001,46.9915068,47.6971974,45.381252,42.89138899999999,41.59040479999999,41.7869906,45.58424460000001,53.0584504,57.55418880000001,59.79316740000001,58.0229184,57.54375400000001,57.4863512,57.31779079999999,59.2536576,61.64474860000001,60.58236379999999,55.2343418,56.36158080000001,59.89588680000001,55.33661180000001,54.03992820000001,54.75862220000001,49.45615240000001,40.45883880000001,41.8351868,39.897033,37.24353500000001,36.078403,37.04972260000001,35.55030460000001,36.10133320000001,38.8254652,43.8650044,44.4010864,45.48769840000001,47.7108976,46.481836,39.44344080000001,36.596153,32.2841722,24.9347436,20.0525946,18.6854444,15.6480506,13.1820894,12.7038528,11.9822956,10.2043298,10.5988786,8.901863140000003,8.2487732,5.84912842,5.23075568,3.82737648,3.73673188,4.0083697,4.05536864,3.43788244,2.719390734,2.159072794,0.7583849140000001
350101>310260,747,784,SWKu,Southwark,EntEx,5158,WAEr,Waterloo East,NR South Eastern // DN,Enter-Board,55.01408894270401,0.37000290486,6.07043428004,29.0090062856,10.5372344814,5.3019975576,3.725413433204,0.01756028048,0.02210299448,0.02577902148,0.04048617148,0.03162927868,0.03193799022,0.10192713622,0.09858003182,0.26610316182,0.35286711062,0.5898923386,0.5624213086000001,0.7342710259999999,0.570380815,0.6589342390000001,0.4477763810000001,0.573904131,0.4058514888000001,0.4729819298,0.4350503498,0.6280356278,0.5683820078,0.9389657500000002,0.94103483,1.27619173,1.60292821,1.99786945,1.65643719,1.94767516,1.65106282,1.47971768,1.043427914,1.437997914,1.305769534,1.453370474,1.09780667,1.167874684,0.822401354,0.9098504940000002,0.6561612240000001,1.042206368,1.05929826,1.239737150000001,1.08480379,1.20282852,0.880217576,1.101456916,0.8519247728,1.0343932728,0.9379813728,1.0522054568,0.6779423108000001,0.956487614,0.6568902400000001,0.6878877480000001,0.4970186814,0.6567194973999999,0.4067271574,0.4999602914,0.4106484894,0.499933196,0.342848298,0.4634430980000001,0.345460942,0.421124156,0.3765692760000001,0.495372124,0.383191032,0.4494335360000001,0.350184028,0.457311188,0.400252872,0.399603798,0.29619712328,0.46273467128,0.3048113854408,0.2341284014408,0.1848705862408,0.1848476929608,0.0003567929608,0.0003406788,0.0003406788,0.0,0.0,0.0,0.0,0.0,0.0,0.0,0.0,0.0,0.0,0.0,0.0,0.0,0.0
350101>310261,747,784,SWKu,Southwark,EntEx,5158,WAEr,Waterloo East,NR South Eastern // UP,Enter-Board,0.0,0.0,0.0,0.0,0.0,0.0,0.0,0.0,0.0,0.0,0.0,0.0,0.0,0.0,0.0,0.0,0.0,0.0,0.0,0.0,0.0,0.0,0.0,0.0,0.0,0.0,0.0,0.0,0.0,0.0,0.0,0.0,0.0,0.0,0.0,0.0,0.0,0.0,0.0,0.0,0.0,0.0,0.0,0.0,0.0,0.0,0.0,0.0,0.0,0.0,0.0,0.0,0.0,0.0,0.0,0.0,0.0,0.0,0.0,0.0,0.0,0.0,0.0,0.0,0.0,0.0,0.0,0.0,0.0,0.0,0.0,0.0,0.0,0.0,0.0,0.0,0.0,0.0,0.0,0.0,0.0,0.0,0.0,0.0,0.0,0.0,0.0,0.0,0.0,0.0,0.0,0.0,0.0,0.0,0.0,0.0,0.0,0.0,0.0,0.0,0.0,0.0,0.0
350122>350101,747,784,SWKu,Southwark,Jubilee // NB,784,SWKu,Southwark,EntEx,Alight-Exit,2836.498560304,130.448230944,525.3525008,1058.6708726,529.1919482000001,358.7798730000001,234.05513476,1.349751148,4.014097148,7.233779547999999,11.24848402,18.88895428,25.2530512,28.8218686,33.638245,37.2139146,38.86703320000001,38.24779100000001,40.8919376,41.6844258,44.61252020000001,43.6589682,45.5791154,46.5697978,48.5639102,49.7983418,49.664745,48.016067,46.16952379999999,42.2862908,37.4590132,36.92301240000001,38.2930764,38.5959592,40.7467148,42.372777,44.72796860000001,45.78254220000001,47.26718920000001,47.2162398,48.39045160000001,48.2224596,48.432544,48.775889,49.3018518,46.7160088,43.96953560000001,42.324716,41.04309000000001,42.09167100000001,43.54628080000001,44.0912104,44.744708,43.3570094,39.2029338,39.5499286,42.2736882,43.05967279999999,45.41654340000001,48.2023246,47.8656306,45.8366632,45.5916352,43.5015872,40.9085458,38.4780546,34.9031842,30.4018972,27.4867596,24.8568692,24.4156254,23.6122498,23.3623566,23.1617718,23.6909716,22.2209838,22.2139602,21.9268298,21.44192,21.42449740000001,21.0313276,19.2508858,17.1291378,14.24124112,10.6043966,7.24290416,5.343802559999999,3.608920420000001,3.437279180000001,2.81217566,2.97927484,2.51534256,2.5580462,1.6072961,1.66004482,0.9954889000000001,1.24730724,1.171024348,1.318740748,1.119968568,1.321292088,0.913324428,0.71772182
350123>350101,747,784,SWKu,Southwark,Jubilee // SB,784,SWKu,Southwark,EntEx,Alight-Exit,3625.42999339,49.21809043,223.6405434,1407.2910232,982.3145688,565.8713746,397.0943929600001,1.17608545,1.67136465,2.81971717,4.40444632,6.883580599999999,9.245934520000002,10.79426472,12.222697,13.5509409,12.4758611,12.0739163,13.1219039,13.4791462,14.1633111,16.4471939,18.8854125,22.3774169,25.412323,28.053267,33.5998506,36.92588360000001,38.8091408,43.35355360000001,46.571556,45.8509346,47.8006858,51.1468598,51.6686338,54.7123098,57.98431360000001,60.442823,61.96801240000001,64.7449804,65.52915680000001,66.48326999999999,66.858993,66.677675,66.51077500000001,65.76604900000001,65.353848,65.27669800000001,67.451738,72.36457300000002,77.0385602,79.5517032,83.18806620000002,84.30849820000002,80.74278720000002,81.96350600000001,84.77105600000002,85.74724800000001,85.6005208,86.08897879999999,80.94572680000002,77.0265608,72.37991679999999,67.50281100000001,62.18022700000002,58.75119000000001,52.3594446,48.9223186,44.06655960000001,42.594199,40.527126,39.0396786,36.1318726,37.17171380000001,36.6242338,38.027455,39.79355579999999,41.3607826,39.870507,37.2550296,32.209331,27.47624080000001,22.645844,18.6208936,14.5750444,11.9312798,10.489126,7.873163280000001,8.010171080000001,7.106341480000001,6.53230714,5.169244940000001,5.199653560000002,3.39459596,3.56179554,2.65002182,2.59892958,2.1901402,2.43037904,1.771234,1.93635246,1.3498769,1.06509638
350122>310260,747,784,SWKu,Southwark,Jubilee // NB,5158,WAEr,Waterloo East,NR South Eastern // DN,Alight-Interchange-Board,0.0,0.0,0.0,0.0,0.0,0.0,0.0,0.0,0.0,0.0,0.0,0.0,0.0,0.0,0.0,0.0,0.0,0.0,0.0,0.0,0.0,0.0,0.0,0.0,0.0,0.0,0.0,0.0,0.0,0.0,0.0,0.0,0.0,0.0,0.0,0.0,0.0,0.0,0.0,0.0,0.0,0.0,0.0,0.0,0.0,0.0,0.0,0.0,0.0,0.0,0.0,0.0,0.0,0.0,0.0,0.0,0.0,0.0,0.0,0.0,0.0,0.0,0.0,0.0,0.0,0.0,0.0,0.0,0.0,0.0,0.0,0.0,0.0,0.0,0.0,0.0,0.0,0.0,0.0,0.0,0.0,0.0,0.0,0.0,0.0,0.0,0.0,0.0,0.0,0.0,0.0,0.0,0.0,0.0,0.0,0.0,0.0,0.0,0.0,0.0,0.0,0.0,0.0
350122>310261,747,784,SWKu,Southwark,Jubilee // NB,5158,WAEr,Waterloo East,NR South Eastern // UP,Alight-Interchange-Board,559.6698723461319,5.50385142,85.77394389000001,375.5646092,67.56835664,20.407707528,4.851403668132001,0.0,0.0,0.027670904,0.167871504,0.471181084,1.116126124,1.533098424,2.18790338,3.28156566,5.13657508,4.62959175,5.27391965,5.53343331,7.14105803,5.70788581,8.038136100000001,8.9620076,11.04215508,9.726576800000002,11.30103902,11.21258822,13.36906812,12.14821812,13.281022,13.981979,17.93671639999999,17.7762514,21.5593532,23.4158454,25.3050458,22.1215148,23.8759918,21.602827,22.7702616,19.8164642,19.1092033,14.86579424,14.00343184,8.91154924,8.950849840000002,7.71892654,8.208252,6.4554958,7.16795934,6.183600340000001,6.33147874,5.134377300000001,5.71748142,5.18886918,5.73052458,5.04293052,5.652875160000002,5.33142224,6.31256854,5.348485280000001,5.593743340000001,4.717870480000001,4.16621488,2.53354996,2.28716704,1.52938428,1.1197491,0.764887812,0.862909912,0.6873784319999999,0.632688546,0.546912514,0.558994572,0.4210867800000001,0.3173778880000001,0.289518778,0.45425985,0.4379600600000001,0.7512804720000001,0.7084210752264002,0.6314270312264001,0.4435468312264001,0.3965248512264001,5.122640000000001e-08,0.0,0.0,0.0,0.0,0.0,0.0,0.0,0.0,0.0,0.0,0.0,0.0,0.0,0.0,0.0,0.0,0.0
350123>310260,747,784,SWKu,Southwark,Jubilee // SB,5158,WAEr,Waterloo East,NR South Eastern // DN,Alight-Interchange-Board,2940.505059998394,22.213650131,247.39056898,1233.968403600001,730.9195084,439.3088512,266.7040776873941,0.073864741,0.101460875,0.272110225,1.26845864,3.244458756,3.716660104,5.94755657,7.58908022,9.35120014,9.25697154,12.5798418,13.269861,19.52021,20.49056400000001,25.52510860000001,24.4548701,28.2256603,25.6226141,30.4923277,28.6013397,34.04587100000001,35.64044699999999,39.82780200000001,38.235334,43.9652594,48.0569876,52.22234,48.67036160000001,54.54981360000001,57.77068420000001,59.43567480000001,56.7466664,65.7719572,66.47093120000001,63.2338432,57.4203738,56.0868748,49.105437,45.71664240000001,44.50414120000001,48.586242,53.564851,57.399947,56.93992120000001,59.79354739999999,58.563087,56.7787796,56.32585020000001,61.5655634,62.8901704,63.9096582,60.98508560000001,63.3919756,64.1677728,63.05585120000001,59.49216700000001,60.56250500000001,53.50421300000001,45.359878,38.13655500000001,37.5020784,34.2241872,32.7577576,29.773553,29.828353,26.9539082,25.37126240000001,25.3346004,26.2884364,23.7952378,24.45486420000001,27.6461772,32.1507268,31.021443,31.2355218,27.9070322,19.77946625747882,10.86263985747882,6.408913257478821,3.24541565747882,0.95410165747882,0.9541016,0.0,0.0,0.0,0.0,0.0,0.0,0.0,0.0,0.0,0.0,0.0,0.0,0.0,0.0
350123>310261,747,784,SWKu,Southwark,Jubilee // SB,5158,WAEr,Waterloo East,NR South Eastern // UP,Alight-Interchange-Board,0.0,0.0,0.0,0.0,0.0,0.0,0.0,0.0,0.0,0.0,0.0,0.0,0.0,0.0,0.0,0.0,0.0,0.0,0.0,0.0,0.0,0.0,0.0,0.0,0.0,0.0,0.0,0.0,0.0,0.0,0.0,0.0,0.0,0.0,0.0,0.0,0.0,0.0,0.0,0.0,0.0,0.0,0.0,0.0,0.0,0.0,0.0,0.0,0.0,0.0,0.0,0.0,0.0,0.0,0.0,0.0,0.0,0.0,0.0,0.0,0.0,0.0,0.0,0.0,0.0,0.0,0.0,0.0,0.0,0.0,0.0,0.0,0.0,0.0,0.0,0.0,0.0,0.0,0.0,0.0,0.0,0.0,0.0,0.0,0.0,0.0,0.0,0.0,0.0,0.0,0.0,0.0,0.0,0.0,0.0,0.0,0.0,0.0,0.0,0.0,0.0,0.0,0.0
310260>350122,747,5158,WAEr,Waterloo East,NR South Eastern // DN,784,SWKu,Southwark,Jubilee // NB,Alight-Interchange-Board,0.0,0.0,0.0,0.0,0.0,0.0,0.0,0.0,0.0,0.0,0.0,0.0,0.0,0.0,0.0,0.0,0.0,0.0,0.0,0.0,0.0,0.0,0.0,0.0,0.0,0.0,0.0,0.0,0.0,0.0,0.0,0.0,0.0,0.0,0.0,0.0,0.0,0.0,0.0,0.0,0.0,0.0,0.0,0.0,0.0,0.0,0.0,0.0,0.0,0.0,0.0,0.0,0.0,0.0,0.0,0.0,0.0,0.0,0.0,0.0,0.0,0.0,0.0,0.0,0.0,0.0,0.0,0.0,0.0,0.0,0.0,0.0,0.0,0.0,0.0,0.0,0.0,0.0,0.0,0.0,0.0,0.0,0.0,0.0,0.0,0.0,0.0,0.0,0.0,0.0,0.0,0.0,0.0,0.0,0.0,0.0,0.0,0.0,0.0,0.0,0.0,0.0,0.0
310260>350123,747,5158,WAEr,Waterloo East,NR South Eastern // DN,784,SWKu,Southwark,Jubilee // SB,Alight-Interchange-Board,638.93872052132,0.7554865133200002,2.2216181,75.344800472,159.2981721,208.3000027,193.018640636,0.012971692,0.012975815464,0.012975815464,0.04165371146400002,0.042592313464,0.159803733464,0.206615896,0.265897536,0.32042278,0.338014214,0.239643232,0.211196482,0.186718912,0.13481274,0.13135652,0.130700818,0.129748842,0.126869756,0.126044566,0.146089238,0.170447916,0.3272926660000001,0.450292622,0.5911757240000001,0.6584835580000001,0.7185821240000001,0.658468054,0.7005224740000001,0.7906108540000001,1.16181844,1.30348834,1.55520894,1.86149926,2.28986756,2.33738428,2.91372974,4.0471491,5.332565020000001,6.12319386,6.71869066,7.620890320000001,8.95727072,8.76005352,9.29611472,12.0638032,14.7776158,14.1325894,14.9289692,16.8421044,16.5753526,13.3681069,13.3027191,13.1038243,11.4382125,8.653117400000001,10.1117573,12.0925583,13.2124031,12.5782743,14.8563946,18.5020172,18.2611542,17.5760732,19.1795544,19.8295654,18.284726,18.0969586,25.8303234,32.04781000000001,38.7274712,35.15177620000001,33.3506562,24.268674,15.764527,5.46503764,4.301873946000001,2.4477761272,1.1726763272,0.2259593272,0.07219548719999999,0.0222071812,0.0,0.0,0.0,0.0,0.0,0.0,0.0,0.0,0.0,0.0,0.0,0.0,0.0,0.0,0.0
310261>350122,747,5158,WAEr,Waterloo East,NR South Eastern // UP,784,SWKu,Southwark,Jubilee // NB,Alight-Interchange-Board,2971.6438963,93.3423186,396.7504216,1158.882708,747.6544005999999,403.3167952000001,171.6972523,1.48679152,3.49655612,4.77143844,11.31354644,12.96868864,16.87610152,18.61146752,23.8177284,22.0653478,25.5426022,25.4668758,31.6435562,31.5260056,33.9490702,34.34249879999999,41.66107479999999,37.8085532,37.76172,35.38835359999999,39.5947634,34.44096339999999,35.035,34.8866392,43.68113080000001,43.1724752,43.3087936,44.0404108,51.1962742,47.26888779999999,46.40012479999999,46.09712040000001,52.96323520000001,49.1820518,49.389459,46.0410906,53.6597486,50.790734,53.8473154,50.2413344,59.54864520000001,55.2202978,57.0143552,50.34097780000001,61.1156428,57.72497199999999,61.9988774,55.4602672,67.9687426,63.0443062,69.4344094,62.76513060000001,73.51318,64.943802,64.1556932,51.6394366,55.00558340000001,44.95137740000001,43.0169544,35.2203336,38.7437626,31.479565,33.708799,29.8428768,32.8997208,28.2464208,30.8959244,25.65192200000001,28.6591384,26.4315144,30.2761848,26.0619826,23.15933848,17.55191908,15.31256468,9.29095448,6.542198680000001,6.480026940000001,5.01519514,2.851873540000001,1.36174974,1.36174974,0.0,0.0,0.0,0.0,0.0,0.0,0.0,0.0,0.0,0.0,0.0,0.0,0.0,0.0,0.0
310261>350123,747,5158,WAEr,Waterloo East,NR South Eastern // UP,784,SWKu,Southwark,Jubilee // SB,Alight-Interchange-Board,0.0,0.0,0.0,0.0,0.0,0.0,0.0,0.0,0.0,0.0,0.0,0.0,0.0,0.0,0.0,0.0,0.0,0.0,0.0,0.0,0.0,0.0,0.0,0.0,0.0,0.0,0.0,0.0,0.0,0.0,0.0,0.0,0.0,0.0,0.0,0.0,0.0,0.0,0.0,0.0,0.0,0.0,0.0,0.0,0.0,0.0,0.0,0.0,0.0,0.0,0.0,0.0,0.0,0.0,0.0,0.0,0.0,0.0,0.0,0.0,0.0,0.0,0.0,0.0,0.0,0.0,0.0,0.0,0.0,0.0,0.0,0.0,0.0,0.0,0.0,0.0,0.0,0.0,0.0,0.0,0.0,0.0,0.0,0.0,0.0,0.0,0.0,0.0,0.0,0.0,0.0,0.0,0.0,0.0,0.0,0.0,0.0,0.0,0.0,0.0,0.0,0.0,0.0
310260>350101,747,5158,WAEr,Waterloo East,NR South Eastern // DN,784,SWKu,Southwark,EntEx,Alight-Exit,0.0,0.0,0.0,0.0,0.0,0.0,0.0,0.0,0.0,0.0,0.0,0.0,0.0,0.0,0.0,0.0,0.0,0.0,0.0,0.0,0.0,0.0,0.0,0.0,0.0,0.0,0.0,0.0,0.0,0.0,0.0,0.0,0.0,0.0,0.0,0.0,0.0,0.0,0.0,0.0,0.0,0.0,0.0,0.0,0.0,0.0,0.0,0.0,0.0,0.0,0.0,0.0,0.0,0.0,0.0,0.0,0.0,0.0,0.0,0.0,0.0,0.0,0.0,0.0,0.0,0.0,0.0,0.0,0.0,0.0,0.0,0.0,0.0,0.0,0.0,0.0,0.0,0.0,0.0,0.0,0.0,0.0,0.0,0.0,0.0,0.0,0.0,0.0,0.0,0.0,0.0,0.0,0.0,0.0,0.0,0.0,0.0,0.0,0.0,0.0,0.0,0.0,0.0
310261>350101,747,5158,WAEr,Waterloo East,NR South Eastern // UP,784,SWKu,Southwark,EntEx,Alight-Exit,82.78165669999996,1.77092607,6.193543006000001,22.22750587400001,22.548766368,11.637435602,18.40347978,0.19798986,0.2193068840000001,0.2193068840000001,0.269262568,0.2738242200000001,0.112489542,0.126514356,0.352231756,0.367393832,0.45438564,0.4585935020000001,0.5107727280000001,0.3727567979999999,0.397839652,0.359920264,0.4957515,0.6048323280000001,0.6861046980000001,0.698492124,0.7866999399999999,0.88308816,0.843188528,0.848743776,0.998183536,0.979169668,0.8087843480000001,0.801641488,0.8156431999999999,0.7977474999999999,0.75978068,0.7348920240000001,0.7851204640000001,0.7803887840000001,0.7527186640000001,0.7060660260000001,1.006808342,1.020055722,1.107345482,1.082244842,1.38363554,1.19322624,1.1375436,0.94554224,1.05594702,0.8438715000000001,1.39797324,1.63767364,1.82439168,2.0762082,2.98923516,2.4563388,2.48457078,2.44936624,2.13743504,1.17367751,1.078024578,0.837481806,0.875088586,0.6916101859999999,0.728777496,0.698020128,0.66040686,0.4884009320000001,0.934682892,1.251834932,1.516014352,1.417489532,1.5376279,1.19045596,0.77978103,0.507966578,0.604345538,0.4842812300000001,0.4082914040000001,0.4467265340000001,0.371424946,2.865387086,2.769111154,2.69781792,2.6389452,2.6389452,0.0,0.0,0.0,0.0,0.0,0.0,0.0,0.0,0.0,0.0,0.0,0.0,0.0,0.0,0.0
570501>570522,752,752,WPKu,Wembley Park,EntEx,752,WPKu,Wembley Park,Jubilee // NB,Enter-Board,1415.022622882,27.74022274,130.69607578,508.6085736000001,340.0540698,220.6565338,187.267147162,0.6446771119999999,1.237705512,2.348105232,2.899655932,3.404128512,4.825529800000001,5.719820680000002,6.660599960000001,8.093880780000001,8.888316520000002,9.07198138,9.9209791,10.4313993,11.0549845,12.3178984,13.0297324,12.7533326,12.2297374,11.9081696,10.9956638,10.455533,11.785537,12.8295416,14.3066016,16.2547486,18.0235064,17.7147818,18.5147112,17.6975574,17.608353,17.3398176,19.4096574,21.533786,24.6790586,25.93798880000001,28.0938078,29.2505564,29.9798994,27.3753848,27.5467388,27.2556488,25.7250756,23.3763908,25.9138912,27.124106,27.5769656,29.2800882,31.2075194,31.2948188,30.7819256,30.6782638,28.7197418,27.7610226,27.01216460000001,25.0738058,23.5436476,24.2425472,22.1081106,21.5762252,22.31943720000001,21.43125060000001,19.0019774,18.3406184,15.1832256,13.0217884,12.2346508,14.9870772,16.2096252,20.7581582,24.8938762,26.7866452,23.7334908,21.7111244,16.4955148,10.97646028,6.66991776,4.63890912,2.87908632,2.93904226,2.39495618,2.87503838,2.70070758,3.14856872,2.41143638,2.02315864,1.73802952,1.482733692,1.245083432,0.790955622,0.6112020880000001,0.6918133679999999,0.7754644639999999,0.613587694,0.564711918,0.5167189919999999,0.200755152
570501>570523,752,752,WPKu,Wembley Park,EntEx,752,WPKu,Wembley Park,Jubilee // SB,Enter-Board,8264.574467130002,295.2845632,903.747497,3238.906599800001,1644.805628,972.4900260000001,1209.34015313,14.0715308,18.7196494,27.413214,35.0267744,41.75489660000001,46.85371380000001,53.89080720000001,57.553977,58.58694300000001,57.30740300000001,59.32858520000001,62.3175252,64.1128028,67.89401679999999,76.0607088,85.947498,88.9329208,91.6256338,95.0154678,96.6179918,98.87228979999999,102.177046,107.424801,112.585897,115.835865,114.450163,119.694774,125.832546,134.683282,143.607104,151.865584,160.008302,160.857252,157.228542,153.121224,152.947014,144.414642,142.764956,140.328264,142.13529,138.270738,140.06303,139.50418,140.233814,136.522662,133.32951,148.233542,158.849754,158.574812,155.477408,154.573032,136.878836,122.865324,117.61545,113.693918,108.19138,99.52520799999999,89.7188708,84.0758248,79.0546458,74.4887028,70.3201622,68.13017540000001,63.099464,59.447488,63.96209500000001,103.0471316,117.6202576,144.599497,169.820764,168.580136,129.5752752,111.898936,87.28829,61.006351,44.24999384,34.70613634000001,26.38843119,18.51544479,13.54269879,17.19023195,17.87706225,20.6128616,18.4590396,16.91563480000001,14.6284874,13.315083,11.91764528,10.00161388,7.557133480000001,9.61368748,8.88733818,7.976052920000001,9.905933120000002,9.105689320000002,5.204704720000001
570501>570524,752,752,WPKu,Wembley Park,EntEx,752,WPKu,Wembley Park,Metropolitan // NB,Enter-Board,2864.234711600001,68.61346140000002,319.7169260000001,1044.624416,639.3875736000001,391.0663786,400.825956,0.52634792,1.76726132,4.460623920000002,6.253157720000001,9.387531120000002,12.5088638,15.9190518,17.79062380000001,20.5734124,22.1187216,25.153149,25.15937480000001,27.139761,27.52708620000001,29.1888678,28.5625338,29.7059802,27.9037314,28.5838268,28.100481,27.7486244,27.8002704,31.199807,34.0018814,35.584451,37.690184,39.9609784,38.967381,38.528893,40.12405020000001,42.37510680000001,44.110952,47.92851340000001,49.956436,50.33880760000001,50.19638600000001,50.02503200000001,48.59215620000001,49.42990420000001,49.6683646,50.06126620000001,53.055955,54.06333220000001,53.21568300000001,53.84687420000001,53.18789600000001,54.10556920000001,56.5581552,58.324524,55.9523316,57.1640792,54.79225400000001,51.19649440000001,48.7360468,49.5361324,45.9872166,42.71694460000001,40.0483042,37.4040696,35.49258740000001,34.48008160000001,31.975108,29.661228,27.770404,25.3376562,24.0445276,30.47865040000001,31.656817,37.7823846,44.65096000000001,45.04834320000001,37.1613316,35.18356379999999,26.2379232,23.14696480000001,19.3860616,24.9865,30.4964498,28.5213094,20.3721608,18.7262746,9.125728599999999,0.0,0.0,0.0,0.0,0.0,0.0,0.0,0.0,0.0,0.0,0.0,0.0,0.0,0.0
570501>570525,752,752,WPKu,Wembley Park,EntEx,752,WPKu,Wembley Park,Metropolitan // SB,Enter-Board,13139.71837912,439.0210802,1675.486921,5486.007914,2470.112484,1473.064316,1596.02566392,9.404151400000002,18.4839388,33.86078679999999,52.02535040000001,63.9893554,75.5123954,87.79189300000002,97.95320900000002,99.310129,104.914073,113.482821,121.96989,123.865696,132.460918,146.979142,156.939084,159.932244,162.370866,172.80038,180.461678,187.720926,197.163986,217.706894,234.116376,242.776984,247.3837340000001,262.064192,265.043412,260.850408,259.111734,263.801958,258.475974,250.260376,237.575784,234.321748,227.60743,213.525512,207.035712,210.329916,206.979386,200.268378,202.105218,201.31954,198.462336,195.307636,190.86531,227.655012,247.89242,247.655142,245.115528,244.893876,202.327958,177.341602,171.43577,163.159778,156.462452,146.838348,135.974434,129.09907,123.974808,116.703544,110.013076,105.811078,96.72856,90.02042800000001,98.348164,150.715958,168.836848,209.711836,280.407618,289.990968,245.752003,226.734803,170.6084192,87.43693080000001,48.71235176,23.28234076,6.08986676,4.34885456,0.56306696,0.0,0.0,0.0,0.0,0.0,0.0,0.0,0.0,0.0,0.0,0.0,0.0,0.0,0.7955350400000001,0.7955350400000001,0.7955350400000001
570522>570501,752,752,WPKu,Wembley Park,Jubilee // NB,752,WPKu,Wembley Park,EntEx,Alight-Exit,8482.595428800005,171.5648882,372.9889874,2459.291901000001,2211.739994,1421.8573438,1845.1523144,10.983828,13.2187198,19.0960914,20.7654428,26.4458886,26.0941094,28.031299,26.9295092,27.5536602,26.1227282,27.05713900000001,30.023116,31.24841420000001,29.9845192,29.4248836,29.6172444,30.405186,33.330191,37.186083,41.0358226,45.70554180000001,49.06752100000001,51.27406860000001,55.32240060000001,62.46571460000001,63.80710020000002,68.77265899999999,74.36578840000001,79.40500340000001,85.45634340000002,96.957932,106.16951,118.444552,129.987601,135.746485,140.009748,142.106506,137.5894408,132.5206076,128.6510096,129.2378536,131.2070556,141.3372748,153.684184,163.792706,171.069814,175.070944,175.664326,175.741906,181.014124,184.507536,190.99214,196.183608,202.174468,199.478242,196.05018,186.947262,174.426954,154.322553,138.879023,123.815459,111.324781,100.364735,94.01978199999999,88.1036412,85.1732092,82.97025920000002,81.5096852,80.8869562,84.00355900000002,85.167185,84.52102380000002,82.9518998,79.66347880000002,79.59353279999999,76.2737568,73.8017552,79.6710412,87.38201620000002,81.28009220000001,88.16709820000004,83.715203,82.284491,69.29513,70.95959599999999,56.89013340000001,60.976373,47.325213,52.685091,44.0724314,46.5321146,38.81497900000001,44.1150604,35.5176056,29.4774872,19.1280106
570522>570524,752,752,WPKu,Wembley Park,Jubilee // NB,752,WPKu,Wembley Park,Metropolitan // NB,Alight-Interchange-Board,1302.260393292919,42.47844389292,158.2320306,514.0031114000001,289.2754142000001,164.4330346,133.8383586,1.09318221323,1.92388433323,3.47402205323,5.05867475323,6.57631968,6.649622340000001,8.285829020000001,9.4169095,10.3565082,10.6532238,11.724334,12.8331966,12.5624646,12.5743788,13.9034338,15.3388922,14.6211208,14.354664,14.6175242,14.6922896,14.4985108,15.1538828,16.321822,17.9875052,19.4428656,18.45596320000001,18.6607564,19.4691926,18.8003,18.8118124,19.8205588,22.194786,21.93769420000001,24.75266580000001,23.97332460000001,26.6041966,24.256284,26.25746040000001,23.471257,25.03392,22.4096422,25.3723394,23.543676,26.7726954,24.4784522,27.5306474,25.1187844,26.0455396,23.78968260000001,24.9487728,22.4132398,23.3063378,23.201692,23.2331202,22.9999322,22.2092132,20.0102388,17.8136574,14.9353468,13.7018808,12.72234220000001,12.4332422,12.2438014,12.8989478,12.3692396,12.5658554,11.5174992,11.220983,10.2997526,9.5516452,9.264441,11.3877516,12.3270472,12.2877826,11.7511268,10.8645734,9.0485502,10.2614542,8.6159382,7.5638336,6.2868654,4.3275966,0.0,0.0,0.0,0.0,0.0,0.0,0.0,0.0,0.0,0.0,0.0,0.0,0.0,0.0
570522>570525,752,752,WPKu,Wembley Park,Jubilee // NB,752,WPKu,Wembley Park,Metropolitan // SB,Alight-Interchange-Board,78.939468904,5.42152028,14.65499888,24.14408193220001,15.3096963128,15.170594884,4.238576614999999,0.0,0.0,0.191045928,0.5306817079999999,0.5306817079999999,0.990462108,1.439340828,1.739308,1.50128236,1.7052958,1.45402144,1.53596438,1.36729002,1.40264192,1.320726914,1.250765744,0.8819791320000001,0.7197954860000001,0.7468700460000001,0.7683656380000001,0.7604264180000001,0.78088756,0.9714444859999999,1.120921386,1.40222876,1.432486378,1.697001468,1.851240848,1.806623888,1.869317428,1.7210092392,1.4993347992,1.0131328452,0.9294913312,0.4550239832,0.660807124,0.468288864,0.6636945380000001,0.4908435650000001,0.6586019730000001,0.4524856958,0.5505280278000001,0.3520141498,0.5362471768000001,0.3817745488,0.545519066,0.4146581540000001,0.3990169120000001,0.4660847920000001,1.04911452,1.2678418,1.81411884,2.26245172,2.417123399999999,2.26231458,2.02967798,1.71969848,1.74546332,1.5716093,1.52740242,1.63860476,1.66750746,1.355310428,1.241360056,0.931953116,0.7522340059999999,0.523878618,0.49557292,0.508940112,0.508186032,0.633240602,0.75154029,0.6362033340000001,0.492263894,0.391997514,0.186394123,0.0431668798,0.0249088458,0.0249088458,0.0249088458,0.0119172968,0.0,0.0,0.0,0.0,0.0,0.0,0.0,0.0,0.0,0.0,0.0,0.0,0.0,0.0,0.0
570522>570526,752,752,WPKu,Wembley Park,Jubilee // NB,752,WPKu,Wembley Park,Metropolitan (Fast) // NB,Alight-Interchange-Board,0.0,0.0,0.0,0.0,0.0,0.0,0.0,0.0,0.0,0.0,0.0,0.0,0.0,0.0,0.0,0.0,0.0,0.0,0.0,0.0,0.0,0.0,0.0,0.0,0.0,0.0,0.0,0.0,0.0,0.0,0.0,0.0,0.0,0.0,0.0,0.0,0.0,0.0,0.0,0.0,0.0,0.0,0.0,0.0,0.0,0.0,0.0,0.0,0.0,0.0,0.0,0.0,0.0,0.0,0.0,0.0,0.0,0.0,0.0,0.0,0.0,0.0,0.0,0.0,0.0,0.0,0.0,0.0,0.0,0.0,0.0,0.0,0.0,0.0,0.0,0.0,0.0,0.0,0.0,0.0,0.0,0.0,0.0,0.0,0.0,0.0,0.0,0.0,0.0,0.0,0.0,0.0,0.0,0.0,0.0,0.0,0.0,0.0,0.0,0.0,0.0,0.0,0.0
570522>570527,752,752,WPKu,Wembley Park,Jubilee // NB,752,WPKu,Wembley Park,Metropolitan (Fast) // SB,Alight-Interchange-Board,0.0,0.0,0.0,0.0,0.0,0.0,0.0,0.0,0.0,0.0,0.0,0.0,0.0,0.0,0.0,0.0,0.0,0.0,0.0,0.0,0.0,0.0,0.0,0.0,0.0,0.0,0.0,0.0,0.0,0.0,0.0,0.0,0.0,0.0,0.0,0.0,0.0,0.0,0.0,0.0,0.0,0.0,0.0,0.0,0.0,0.0,0.0,0.0,0.0,0.0,0.0,0.0,0.0,0.0,0.0,0.0,0.0,0.0,0.0,0.0,0.0,0.0,0.0,0.0,0.0,0.0,0.0,0.0,0.0,0.0,0.0,0.0,0.0,0.0,0.0,0.0,0.0,0.0,0.0,0.0,0.0,0.0,0.0,0.0,0.0,0.0,0.0,0.0,0.0,0.0,0.0,0.0,0.0,0.0,0.0,0.0,0.0,0.0,0.0,0.0,0.0,0.0,0.0
570523>570501,752,752,WPKu,Wembley Park,Jubilee // SB,752,WPKu,Wembley Park,EntEx,Alight-Exit,1432.66760647,61.06075842,132.51032666,601.7449168,396.3217426,168.6427165,72.38714549000001,4.39859926,5.11378372,7.48699392,8.26647106,8.79285732,8.159349820000001,9.62376596,9.218937360000002,10.69977876,11.3009533,10.50052128,9.82682388,9.77685528,8.943074480000002,9.110640280000002,9.963864,11.6238472,12.574603,13.5405124,14.6488528,16.293334,16.6575896,18.0570828,19.647958,21.4846988,24.0894866,26.4041706,26.7174286,26.7155768,26.2131026,25.6655058,25.8879536,29.3189646,30.54319000000001,32.0687726,31.3018198,31.0493622,26.9047902,25.4759884,22.91661,22.87782360000001,22.4298524,25.902931,27.1209242,32.2038972,34.0191208,36.4125758,35.7470294,37.7866752,34.2786072,33.2037034,31.4206854,32.2855436,30.3033512,30.5492756,28.1112778,26.71266940000001,22.121036,19.9311128,16.7067718,15.7669108,13.2291432,12.3796694,10.262082,9.391222599999999,7.9482515,7.325992500000001,6.867854500000001,7.10981744,6.41236864,6.10422908,5.2692824,4.84217524,4.127298100000001,4.1661593,3.74677428,3.62468184,2.6050149,2.40496028,1.79480436,1.97721348,1.583572384,1.740465724,1.081942078,1.728010338,1.355231548,1.449825692,1.203073526,1.283877164,0.7358788840000001,1.139021514,1.038195942,1.126315748,1.242117336,1.020036476,0.4748017960000001
570523>570524,752,752,WPKu,Wembley Park,Jubilee // SB,752,WPKu,Wembley Park,Metropolitan // NB,Alight-Interchange-Board,544.4305545059999,26.506065796,105.72234974,237.81757198,107.57050294,44.63584944,22.17821461,0.106522246,0.164054878,1.196982398,2.203874998,3.840022244,4.934713071999999,6.55594964,7.503946320000002,8.025639640000001,7.904797440000001,8.816774520000003,9.478580120000002,8.86537052,8.770095199999998,8.72347406,8.84172446,8.41571686,8.90078566,9.14378366,9.8356076,9.4735656,9.2488536,9.11438,9.0523734,8.8424786,8.623348599999998,8.794834800000002,9.0871412,9.6839991,9.524983500000001,9.9556017,9.916186300000001,10.1942901,10.0998592,11.0299972,10.8387546,11.2931006,11.0955676,11.373411,10.443563,10.5777754,10.2732634,10.0514722,9.22877128,9.52078128,9.11709548,9.15116828,8.893535680000003,9.5487794,8.864845200000003,8.966744199999999,9.0596466,9.4982601,8.673917040000001,8.599468640000001,7.67626104,6.65614304,5.468435040000001,4.7649739,4.0973711,3.7051809,3.4280455,3.16162486,3.12848216,2.85502874,2.77819574,2.37253726,2.2198312,2.3721263,2.39607546,2.4840325,2.45178488,2.5097948,1.85843326,2.02454832,1.727558874,1.572270394,1.125050774,0.957948914,0.381638314,0.26261952,0.0543323,0.0,0.0,0.0,0.0,0.0,0.0,0.0,0.0,0.0,0.0,0.0,0.0,0.0,0.0
570523>570525,752,752,WPKu,Wembley Park,Jubilee // SB,752,WPKu,Wembley Park,Metropolitan // SB,Alight-Interchange-Board,2044.306388490001,163.00986798,413.2964932,884.8927294,398.4718906000001,148.38141408,36.25399323000001,2.53286542,3.3094325,9.609243699999999,19.5214965,24.96180718,29.92681148,36.3804552,36.767756,33.20762,33.7654814,32.777303,32.6468202,33.5650236,34.03828480000001,34.94452039999999,36.27848640000001,36.26464480000001,34.33930000000001,34.82305280000001,36.6459558,36.43332100000001,36.7484646,38.981326,39.3373388,39.2276748,39.6289688,40.49788580000001,38.5239268,39.63570920000001,39.6576092,38.9778836,42.05051400000001,44.06473860000001,43.03167060000001,40.09776660000001,40.2202594,35.572408,34.0915592,30.8907416,31.5404636,28.826114,28.7127548,28.1519456,29.9916848,28.5397702,30.794474,29.399996,32.8791724,35.42025839999999,37.502083,37.0999384,39.280839,37.797387,33.02830540000001,29.3977654,27.3319014,24.378609,19.2607132,17.879247,16.5246666,13.841754,10.6039774,9.4733472,8.312591999999999,7.6138848,7.029887400000002,7.066489540000001,6.396245940000001,6.276680420000001,5.678037720000002,5.50424026,4.60824772,4.74408904,3.340866556,2.687164272,1.667195002,1.349865002,0.225629282,0.135854686,0.03612327000000001,0.0,0.0,0.0,0.0,0.0,0.0,0.0,0.0,0.0,0.0,0.0,0.0,0.0,0.0,0.0,0.0
570523>570526,752,752,WPKu,Wembley Park,Jubilee // SB,752,WPKu,Wembley Park,Metropolitan (Fast) // NB,Alight-Interchange-Board,0.0,0.0,0.0,0.0,0.0,0.0,0.0,0.0,0.0,0.0,0.0,0.0,0.0,0.0,0.0,0.0,0.0,0.0,0.0,0.0,0.0,0.0,0.0,0.0,0.0,0.0,0.0,0.0,0.0,0.0,0.0,0.0,0.0,0.0,0.0,0.0,0.0,0.0,0.0,0.0,0.0,0.0,0.0,0.0,0.0,0.0,0.0,0.0,0.0,0.0,0.0,0.0,0.0,0.0,0.0,0.0,0.0,0.0,0.0,0.0,0.0,0.0,0.0,0.0,0.0,0.0,0.0,0.0,0.0,0.0,0.0,0.0,0.0,0.0,0.0,0.0,0.0,0.0,0.0,0.0,0.0,0.0,0.0,0.0,0.0,0.0,0.0,0.0,0.0,0.0,0.0,0.0,0.0,0.0,0.0,0.0,0.0,0.0,0.0,0.0,0.0,0.0,0.0
570523>570527,752,752,WPKu,Wembley Park,Jubilee // SB,752,WPKu,Wembley Park,Metropolitan (Fast) // SB,Alight-Interchange-Board,0.0,0.0,0.0,0.0,0.0,0.0,0.0,0.0,0.0,0.0,0.0,0.0,0.0,0.0,0.0,0.0,0.0,0.0,0.0,0.0,0.0,0.0,0.0,0.0,0.0,0.0,0.0,0.0,0.0,0.0,0.0,0.0,0.0,0.0,0.0,0.0,0.0,0.0,0.0,0.0,0.0,0.0,0.0,0.0,0.0,0.0,0.0,0.0,0.0,0.0,0.0,0.0,0.0,0.0,0.0,0.0,0.0,0.0,0.0,0.0,0.0,0.0,0.0,0.0,0.0,0.0,0.0,0.0,0.0,0.0,0.0,0.0,0.0,0.0,0.0,0.0,0.0,0.0,0.0,0.0,0.0,0.0,0.0,0.0,0.0,0.0,0.0,0.0,0.0,0.0,0.0,0.0,0.0,0.0,0.0,0.0,0.0,0.0,0.0,0.0,0.0,0.0,0.0
570524>570501,752,752,WPKu,Wembley Park,Metropolitan // NB,752,WPKu,Wembley Park,EntEx,Alight-Exit,12835.348038,126.426091,711.6603652000001,4143.296714800001,3574.735662000001,2549.336772,1729.892433,1.8528518,3.446688200000001,5.848434600000001,9.7082132,14.4036332,23.068738,29.8030228,38.2945092,48.6606614,56.044378,55.27138299999999,59.3192064,59.93673640000001,56.54103760000001,54.94057980000001,56.70472220000001,59.21057080000001,63.33186600000001,67.3379912,74.3612324,82.90303640000002,90.1606772,96.2352772,107.182718,119.313956,129.233908,138.333134,150.578624,159.781862,167.223738,175.022238,183.96957,195.144974,205.07407,212.590066,218.304306,220.645578,214.600872,207.097936,201.411856,201.954632,207.253762,221.870702,237.409222,252.435106,262.334298,270.010418,276.898284,286.48228,297.651866,309.409392,317.242224,325.4409860000001,330.771694,327.5787740000001,318.48034,306.309472,286.00392,262.499418,239.70053,220.031586,202.306988,187.120538,175.426866,169.015634,166.822006,166.62075,167.4790640000001,169.33626,175.644406,173.850434,172.180862,166.831496,160.4830040000001,146.068926,126.507682,119.460386,103.728669,83.2763742,58.68492620000001,45.31805420000001,20.79629820000001,7.724655200000001,0.0,0.0,0.0,0.0,0.0,0.0,0.0,0.0,0.0,0.0,0.0,0.0,0.0
570524>570522,752,752,WPKu,Wembley Park,Metropolitan // NB,752,WPKu,Wembley Park,Jubilee // NB,Alight-Interchange-Board,2032.58613303,11.68766489,115.36820758,621.9943878000001,554.9775238000001,442.4846224,286.0737265600001,0.120376754,0.120376754,0.234042454,0.7804387140000001,1.054884794,2.13780284,2.97484404,4.264898540000001,5.47448828,6.505240300000001,6.3071333,7.2983441,8.1404695,8.9325435,10.1433448,11.7352918,12.873313,13.0703336,12.59344,12.2942654,12.1235888,11.4930158,11.4351582,11.7129396,12.2895224,12.386244,13.2015112,13.2021906,15.7267962,17.63169000000001,21.29706,24.04458380000001,29.5119158,30.7588672,35.474349,37.5646184,39.9430102,38.556507,41.35963020000001,38.27085720000001,38.3279648,37.42088580000001,39.47240900000001,38.7890726,42.49254639999999,42.2588416,44.6741436,43.3073416,46.564974,45.9170816,49.93521760000001,47.78494660000001,51.88404820000001,47.1997542,48.51651520000001,44.44211320000001,45.5295002,40.67451240000001,42.37663240000001,37.5996286,37.54413820000001,36.22942279999999,36.595935,33.8864018,35.087903,32.55591700000001,32.7492784,31.65535260000001,31.95722780000001,32.5886814,32.0004728,27.2278964,29.7855076,29.777564,22.25823542,19.88972662,21.89914782,14.56976122,8.626456112,8.392481092,5.890718892000001,1.053006092,0.156843292,0.0,0.0,0.0,0.0,0.0,0.0,0.0,0.0,0.0,0.0,0.0,0.0,0.0
570524>570523,752,752,WPKu,Wembley Park,Metropolitan // NB,752,WPKu,Wembley Park,Jubilee // SB,Alight-Interchange-Board,132.4583258181187,1.623225072,10.842396922,45.659004946,35.70421496,25.15838522,13.4710986981187,0.013504516,0.054703866,0.112172692,0.123295784,0.130570852,0.3310649960000001,0.392890796,0.4650215700000001,0.705226558,0.96638743,1.06176461,1.17438248,1.121616146,1.118943746,0.9806229259999999,0.7833587980000001,0.7291282680000001,0.779520422,0.7043071540000001,0.7171383840000001,0.763488712,0.7950152420000001,0.922961122,0.96789473,1.3673494,1.5447344,1.71252796,1.78604778,1.90946776,1.69700878,1.66122272,1.6952603,1.94881606,2.03199412,2.23179184,2.38934882,2.54464838,2.38275168,2.59769872,2.47854108,2.5568868,2.577409,2.66986766,2.42627188,2.82347184,2.89733396,3.21968514,3.5891709,3.62315288,3.35776568,3.19188508,3.06695618,2.55386884,2.5816115,2.40287534,2.39643762,2.01855956,1.9607642,1.932873000000001,2.04559558,1.96533218,2.11671624,2.2443366,2.22928014,2.18649716,2.17394378,2.07939458,2.2050922,2.2449356,2.06604138,1.88018028,1.576134674,1.441301294,1.032089874,0.7773861236237399,0.7014674776237401,0.70918702962374,0.27929052962374,0.26262171762374,0.262621368,0.179710414,0.029065468,0.029065468,0.0,0.0,0.0,0.0,0.0,0.0,0.0,0.0,0.0,0.0,0.0,0.0,0.0
570525>570501,752,752,WPKu,Wembley Park,Metropolitan // SB,752,WPKu,Wembley Park,EntEx,Alight-Exit,2557.18938332,68.8727581,240.8766031,1128.1095896,672.2024228,320.5967586,126.53125112,1.9020864,4.3019122,5.84192608,7.98107098,10.66284188,11.34246028,11.92459588,14.9158644,17.77593550000001,18.6434946,19.3175546,19.6116942,20.2329668,19.1211994,18.9081632,19.0150376,20.081713,20.367342,22.6035526,25.1979496,28.1524116,30.4993202,31.5723582,32.89919699999999,36.5102722,40.5713258,44.4413232,48.32647180000001,50.1831844,51.06977540000001,51.335971,51.636798,53.24083260000001,55.3232086,55.9350836,55.53776240000001,55.42986300000001,53.75926180000001,51.41025920000001,48.5755652,48.85836920000001,48.88018020000001,50.9514528,53.00934220000001,56.8767642,59.47537100000001,60.34476100000001,61.17073240000001,61.561573,59.33569780000001,56.12677920000001,54.68417820000001,52.7428968,51.6903368,50.4087092,47.78462320000001,45.6881542,41.157819,36.0860682,32.9478842,29.9010908,25.9466482,22.5042788,20.2010652,17.7609952,16.888767,15.8677944,15.6461934,15.1820856,14.7645386,13.8929782,14.0436304,13.1693496,12.3064244,10.90411592,9.81518512,7.34030592,5.202789104000001,4.103373584,2.936025864,1.520103264000001,0.7150044640000001,0.63534108,0.0,0.0,0.0,0.0,0.0,0.0,0.0,0.0,0.0,0.0,0.0,0.0,0.0
570525>570522,752,752,WPKu,Wembley Park,Metropolitan // SB,752,WPKu,Wembley Park,Jubilee // NB,Alight-Interchange-Board,517.3926419469999,10.40355264,57.28706108000001,202.8155456000001,132.62641688,75.38210242000001,38.877963327,0.42044248,0.495617324,0.6852275640000001,1.092273924,1.664214324,1.734355744,1.95183946,2.35958182,2.89725858,3.32206654,3.6119081,4.434282540000001,4.889265480000001,4.84312912,4.98309846,5.35287194,5.623557,6.02933694,5.87761812,5.42266826,5.27033318,5.15023926,5.405398180000001,6.586340440000002,7.3273012,7.556090240000001,7.611955099999999,7.2333383,6.8947339,7.191712700000001,7.425306799999999,7.44263768,7.69296514,8.572960340000002,9.52838434,10.16295814,11.42454946,11.8150802,11.35864,10.4717752,10.640377,9.829342,10.2579374,9.9651894,9.916574,9.255089600000002,9.7357884,9.211252400000001,9.5839476,10.3852372,12.0738916,13.1575378,13.2328624,13.0206184,12.4456186,10.60799888,9.04298968,8.97086288,8.23606462,7.669861740000001,7.517112120000001,6.629462800000002,5.7898456,5.17423472,4.68114828,4.13577388,3.90870216,3.62604394,4.59155348,4.5560124,4.42247178,4.44330522,4.61151644,3.92304924,3.61604184,3.06640123,2.54075399,1.6173641994,0.8609165054000001,0.2968133054,0.2251456754,0.0559685154,0.050649506,0.0,0.0,0.0,0.0,0.0,0.0,0.0,0.0,0.0,0.0,0.0,0.0,0.0
570525>570523,752,752,WPKu,Wembley Park,Metropolitan // SB,752,WPKu,Wembley Park,Jubilee // SB,Alight-Interchange-Board,1362.090150800001,53.0119485,213.9732543,610.4346812,260.3717646000001,144.81768874,79.48081346000001,1.640561600000001,2.8476434,4.294772460000001,5.737123660000001,8.383852560000001,8.57596856,9.59759116,11.9344351,13.5573523,13.6252738,14.337198,14.7842266,14.7035114,14.5568372,17.0206128,19.3660344,21.8330734,22.9630504,24.1889066,23.0371774,23.0935698,24.6880026,26.4544998,30.657357,35.42677020000001,38.5126076,41.7584038,38.1437292,33.9676492,29.6795824,25.94172660000001,20.0964824,21.17622140000001,21.4609936,20.430568,20.230677,20.2901482,19.9363416,19.6690576,19.8602716,19.4585062,19.6544542,20.192899,19.6541622,20.7733318,22.7070858,23.2353332,22.845926,23.823691,23.2015254,22.1679302,21.4415868,21.0326176,20.34899140000001,20.0153588,18.7783866,17.4793807,16.2833827,14.8437813,13.5536997,12.6310969,11.8647845,11.8433703,11.0552569,9.93375356,9.07343568,8.46840278,7.78734372,7.51150078,8.02154112,8.146786400000002,7.206262800000001,7.03265306,6.78194352,5.79975762,5.883495020000002,6.32101014,5.19891474,4.6034259,3.6549534,1.8729638,0.8512434799999999,0.59436168,0.0,0.0,0.0,0.0,0.0,0.0,0.0,0.0,0.0,0.0,0.0,0.0,0.0
570526>570501,752,752,WPKu,Wembley Park,Metropolitan (Fast) // NB,752,WPKu,Wembley Park,EntEx,Alight-Exit,0.0,0.0,0.0,0.0,0.0,0.0,0.0,0.0,0.0,0.0,0.0,0.0,0.0,0.0,0.0,0.0,0.0,0.0,0.0,0.0,0.0,0.0,0.0,0.0,0.0,0.0,0.0,0.0,0.0,0.0,0.0,0.0,0.0,0.0,0.0,0.0,0.0,0.0,0.0,0.0,0.0,0.0,0.0,0.0,0.0,0.0,0.0,0.0,0.0,0.0,0.0,0.0,0.0,0.0,0.0,0.0,0.0,0.0,0.0,0.0,0.0,0.0,0.0,0.0,0.0,0.0,0.0,0.0,0.0,0.0,0.0,0.0,0.0,0.0,0.0,0.0,0.0,0.0,0.0,0.0,0.0,0.0,0.0,0.0,0.0,0.0,0.0,0.0,0.0,0.0,0.0,0.0,0.0,0.0,0.0,0.0,0.0,0.0,0.0,0.0,0.0,0.0,0.0
570526>570522,752,752,WPKu,Wembley Park,Metropolitan (Fast) // NB,752,WPKu,Wembley Park,Jubilee // NB,Alight-Interchange-Board,0.0,0.0,0.0,0.0,0.0,0.0,0.0,0.0,0.0,0.0,0.0,0.0,0.0,0.0,0.0,0.0,0.0,0.0,0.0,0.0,0.0,0.0,0.0,0.0,0.0,0.0,0.0,0.0,0.0,0.0,0.0,0.0,0.0,0.0,0.0,0.0,0.0,0.0,0.0,0.0,0.0,0.0,0.0,0.0,0.0,0.0,0.0,0.0,0.0,0.0,0.0,0.0,0.0,0.0,0.0,0.0,0.0,0.0,0.0,0.0,0.0,0.0,0.0,0.0,0.0,0.0,0.0,0.0,0.0,0.0,0.0,0.0,0.0,0.0,0.0,0.0,0.0,0.0,0.0,0.0,0.0,0.0,0.0,0.0,0.0,0.0,0.0,0.0,0.0,0.0,0.0,0.0,0.0,0.0,0.0,0.0,0.0,0.0,0.0,0.0,0.0,0.0,0.0
570526>570523,752,752,WPKu,Wembley Park,Metropolitan (Fast) // NB,752,WPKu,Wembley Park,Jubilee // SB,Alight-Interchange-Board,0.0,0.0,0.0,0.0,0.0,0.0,0.0,0.0,0.0,0.0,0.0,0.0,0.0,0.0,0.0,0.0,0.0,0.0,0.0,0.0,0.0,0.0,0.0,0.0,0.0,0.0,0.0,0.0,0.0,0.0,0.0,0.0,0.0,0.0,0.0,0.0,0.0,0.0,0.0,0.0,0.0,0.0,0.0,0.0,0.0,0.0,0.0,0.0,0.0,0.0,0.0,0.0,0.0,0.0,0.0,0.0,0.0,0.0,0.0,0.0,0.0,0.0,0.0,0.0,0.0,0.0,0.0,0.0,0.0,0.0,0.0,0.0,0.0,0.0,0.0,0.0,0.0,0.0,0.0,0.0,0.0,0.0,0.0,0.0,0.0,0.0,0.0,0.0,0.0,0.0,0.0,0.0,0.0,0.0,0.0,0.0,0.0,0.0,0.0,0.0,0.0,0.0,0.0
570527>570501,752,752,WPKu,Wembley Park,Metropolitan (Fast) // SB,752,WPKu,Wembley Park,EntEx,Alight-Exit,0.0,0.0,0.0,0.0,0.0,0.0,0.0,0.0,0.0,0.0,0.0,0.0,0.0,0.0,0.0,0.0,0.0,0.0,0.0,0.0,0.0,0.0,0.0,0.0,0.0,0.0,0.0,0.0,0.0,0.0,0.0,0.0,0.0,0.0,0.0,0.0,0.0,0.0,0.0,0.0,0.0,0.0,0.0,0.0,0.0,0.0,0.0,0.0,0.0,0.0,0.0,0.0,0.0,0.0,0.0,0.0,0.0,0.0,0.0,0.0,0.0,0.0,0.0,0.0,0.0,0.0,0.0,0.0,0.0,0.0,0.0,0.0,0.0,0.0,0.0,0.0,0.0,0.0,0.0,0.0,0.0,0.0,0.0,0.0,0.0,0.0,0.0,0.0,0.0,0.0,0.0,0.0,0.0,0.0,0.0,0.0,0.0,0.0,0.0,0.0,0.0,0.0,0.0
570527>570522,752,752,WPKu,Wembley Park,Metropolitan (Fast) // SB,752,WPKu,Wembley Park,Jubilee // NB,Alight-Interchange-Board,0.0,0.0,0.0,0.0,0.0,0.0,0.0,0.0,0.0,0.0,0.0,0.0,0.0,0.0,0.0,0.0,0.0,0.0,0.0,0.0,0.0,0.0,0.0,0.0,0.0,0.0,0.0,0.0,0.0,0.0,0.0,0.0,0.0,0.0,0.0,0.0,0.0,0.0,0.0,0.0,0.0,0.0,0.0,0.0,0.0,0.0,0.0,0.0,0.0,0.0,0.0,0.0,0.0,0.0,0.0,0.0,0.0,0.0,0.0,0.0,0.0,0.0,0.0,0.0,0.0,0.0,0.0,0.0,0.0,0.0,0.0,0.0,0.0,0.0,0.0,0.0,0.0,0.0,0.0,0.0,0.0,0.0,0.0,0.0,0.0,0.0,0.0,0.0,0.0,0.0,0.0,0.0,0.0,0.0,0.0,0.0,0.0,0.0,0.0,0.0,0.0,0.0,0.0
570527>570523,752,752,WPKu,Wembley Park,Metropolitan (Fast) // SB,752,WPKu,Wembley Park,Jubilee // SB,Alight-Interchange-Board,0.0,0.0,0.0,0.0,0.0,0.0,0.0,0.0,0.0,0.0,0.0,0.0,0.0,0.0,0.0,0.0,0.0,0.0,0.0,0.0,0.0,0.0,0.0,0.0,0.0,0.0,0.0,0.0,0.0,0.0,0.0,0.0,0.0,0.0,0.0,0.0,0.0,0.0,0.0,0.0,0.0,0.0,0.0,0.0,0.0,0.0,0.0,0.0,0.0,0.0,0.0,0.0,0.0,0.0,0.0,0.0,0.0,0.0,0.0,0.0,0.0,0.0,0.0,0.0,0.0,0.0,0.0,0.0,0.0,0.0,0.0,0.0,0.0,0.0,0.0,0.0,0.0,0.0,0.0,0.0,0.0,0.0,0.0,0.0,0.0,0.0,0.0,0.0,0.0,0.0,0.0,0.0,0.0,0.0,0.0,0.0,0.0,0.0,0.0,0.0,0.0,0.0,0.0
110901>110916,757,757,WHMu,West Ham,EntEx,757,WHMu,West Ham,Dis+H&C // EB,Enter-Board,417.9862968162909,10.45258237,44.0141117,200.60597808,83.25189424000001,48.90427368000001,30.75745674629093,0.0,0.31488506,0.4539526500000001,1.01196405,1.38771995,2.38232415,2.29674805,2.60498846,2.42174718,2.66018362,2.11100962,2.64116312,2.94033512,3.55321234,3.66287474,4.49222174,4.69570216,4.91958656,4.63489662,5.281178880000001,4.89991278,5.8628039,5.93507618,6.527386460000002,6.41319766,7.63747936,7.383259560000001,9.036066280000002,9.13456816,10.41612736,9.99802176,10.22208756,8.989882680000003,9.71826632,8.53142832,8.621156120000002,8.989218319999997,10.3455406,9.66114146,9.91444626,9.45822066,8.656937260000001,6.899115460000001,7.354637599999999,6.805431800000001,7.434819000000001,6.881097660000001,8.18914086,7.72766526,8.06647634,7.131958740000001,7.62295048,6.106889140000002,6.102631980000001,5.64349302,5.53933996,5.00035256,5.47102478,4.67960014,4.52849554,4.203363700000001,4.364808760000002,3.68738862,3.70235142,3.43374356,3.71430006,3.05378446,3.06506008,2.74011382,3.15672626,2.62944906,2.927421,2.6682097,3.14139156,2.73390946,2.381856193258186,2.043015613258186,1.867029953258186,1.485684993258186,0.9618265932581862,0.9618264600000002,0.6410238400000001,0.4179722400000001,0.0,0.0,0.0,0.0,0.0,0.0,0.0,0.0,0.0,0.0,0.0,0.0,0.0
110901>110917,757,757,WHMu,West Ham,EntEx,757,WHMu,West Ham,Dis+H&C // WB,Enter-Board,1363.974215989999,135.66460982,267.8165531999999,580.3176077,248.7050762,93.00533132000001,38.46503774999999,3.22922624,6.191547140000001,10.01656094,15.6246481,18.9699857,23.93576190000001,27.8251722,29.8717076,30.6750696,29.360599,27.6187872,24.963946,22.8428942,19.1543166,19.29914620000001,19.6174392,19.2205622,17.6005612,19.231306,18.2319258,19.4053748,19.4142314,22.732165,22.6655032,25.418874,24.3331704,27.4013752,26.5738848,29.2335858,28.0266148,31.0511284,28.7410668,30.1192276,26.2369272,26.481608,23.4666994,23.9347142,20.6925617,21.6382327,19.7659883,21.0231599,19.6938909,21.4502678,20.8173554,22.8796186,20.5312816,21.263102,20.3605048,22.6984754,20.18607,20.9935492,21.2438444,22.3293594,19.1868882,19.395918,17.6364646,15.2905464,11.57572108,10.03822848,8.146744680000001,7.15644534,5.78704854,6.05681058,5.88003644,5.759235840000001,5.70238082,5.935878020000001,5.676255100000001,5.58084238,5.591689580000001,5.24953814,4.726466800000002,4.559352000000001,3.9037433,3.23381836,2.425821954,1.742836894,0.9183952940000002,0.483789454,0.048743594,0.0,0.0,0.0,0.0,0.0,0.0,0.0,0.0,0.0,0.0,0.0,0.0,0.0,0.0,0.0,0.0
110901>110922,757,757,WHMu,West Ham,EntEx,757,WHMu,West Ham,Jubilee // NB,Enter-Board,2297.949971785849,233.04019112,393.3973924,936.8905738000002,439.8479238,202.1049167,92.66897396585001,7.28571444,11.18498784,18.05139584,26.7782969,32.17559190000001,41.0428354,48.0595814,48.46178740000001,45.532932,40.6165696,38.0772294,33.7763612,31.6668898,28.8235446,30.63061560000001,27.5813034,27.318718,27.303356,31.8115152,30.2583576,33.99532620000001,33.2839732,38.4797126,36.2223252,40.958542,39.491202,45.8946388,41.3880716,45.35667840000001,41.07677320000001,45.83762440000001,40.38280560000001,44.653502,39.39463680000001,44.03222560000001,39.01099300000001,41.20973480000001,36.0756264,37.6748576,33.2778928,34.855361,32.1852916,36.6530502,35.49972879999999,39.4740068,37.1837,40.191664,36.86129740000001,40.28824179999999,36.2039576,38.5915328,36.224417,37.516693,33.03875,33.4901902,30.7834732,29.363087,24.7211342,23.2099444,20.2101984,17.430302,13.981637,14.1547025,13.2564047,12.2175833,11.3744399,11.5659925,10.6194908,9.8010254,9.016872,9.066139,7.886981800000001,6.912833200000001,5.94750546,5.1618505,3.26124626877,2.78243714877,1.81351192477,1.11899812517,0.96332562517,1.5717231164,1.6831388364,1.8868429804,2.03435244,1.80351586,1.57906578,1.35850604,1.50882184,1.66590344,1.596968188,1.515774648000001,1.807729848,1.844251728,2.586454808,2.3980389,2.09515906
110901>110923,757,757,WHMu,West Ham,EntEx,757,WHMu,West Ham,Jubilee // SB,Enter-Board,1803.798004388408,134.24637508,287.9176904,768.4784834000001,329.9300460000001,180.9618457,102.2635638084091,4.46202268,5.615620600000002,9.7889512,14.51448616,18.73907692,22.41607732,27.81287680000001,30.8972634,28.8136568,27.3251078,24.0684992,21.8587688,17.7758922,19.0562902,22.3820252,23.7884178,24.4965618,25.3982506,27.9406876,25.01353240000001,25.2549788,23.8084428,27.54225940000001,26.226657,31.052879,32.5484604,37.1374902,36.3082028,39.5489778,36.6676702,37.4623082,36.0069354,37.30413679999999,34.039418,35.9491224,34.1829874,33.96077080000001,30.1301232,30.34225440000001,28.1575704,28.8691326,27.01819140000001,29.978026,28.981488,30.7659872,29.9917804,30.2556882,28.5599508,29.412611,29.310362,27.4286672,28.2542042,26.3795856,24.908715,22.4047514,22.257743,20.0164794,19.2886032,19.75732,17.9755282,17.2797292,15.9199246,15.5912043,12.8938055,11.6000521,10.2915363,10.6363485,9.711314400000001,8.7344142,10.1043282,10.4868948,8.492865140000001,7.75820054,7.256733619999999,7.53854062,5.087872883705824,5.474531223705824,4.385298683705824,3.785683970505824,1.583203370505824,2.6503587668,1.9937008268,2.5474184068,2.60560006,2.22256048,1.155456002454,1.037756502454,0.452501191176,0.486908781176,0.327465007176,0.619662584722,0.7799241847220001,1.001398916,1.404907966,1.29081272,0.99856416
110901>110978,757,757,WHMu,West Ham,EntEx,757,WHMu,West Ham,NR Essex Thameside // DN,Enter-Board,334.5087475220001,14.848461022,40.9813517,130.2135882,73.43452500000001,37.59469836,37.43612324000001,0.8374160740000001,0.8374160740000001,1.656107994,1.51171052,2.70276762,2.00974902,3.05599282,2.2373009,3.5062417,2.3151846,3.48197928,2.43573548,4.44369228,3.17475148,4.34613008,3.1793354,4.81738,2.8094232,3.821438400000001,2.6500598,4.01003266,2.371988060000001,3.686404560000001,2.67438936,4.099199560000002,2.7392267,4.7284431,3.4140266,5.297895800000001,3.873085600000001,6.0706568,4.0814404,6.660099400000001,4.776230200000001,7.306779200000001,5.109208000000002,8.242965000000002,5.664306,9.4394148,6.908865800000001,9.672229200000002,6.538472200000001,8.311669000000002,4.5365602,6.8286496,4.0652862,6.199275599999999,4.426078800000001,7.9437142,5.6516248,8.1848614,6.050872,8.489015,4.971379600000001,6.578502200000001,4.0452656,5.3591078,2.9209648,4.4126754,2.8055528,4.08027748,2.76643528,3.621496080000001,2.12978548,3.11330142,1.83857674,2.70079294,1.84573214,2.70700086,1.72348492,2.4420718,1.5798556,2.33303114,2.18977938,3.11654138,4.814723300000002,5.109487840000001,4.4401606,3.722143640000001,2.79538164,0.37861284,0.0838483,0.0,0.0,0.0,0.0,0.0,0.0,0.0,0.0,0.0,0.0,0.0,0.0,0.0,0.0
110901>110979,757,757,WHMu,West Ham,EntEx,757,WHMu,West Ham,NR Essex Thameside // UP,Enter-Board,119.2538109996037,8.362035218980001,31.66248306,50.389149182,15.434093386,9.69651932147806,3.709530831145608,0.00451115446,0.00983907646,0.05196042646000001,0.1855524676,0.660787832,1.629834332,2.63366951,3.18588042,3.47594112,3.27324378,2.6593073,2.1064342,2.56993794,2.62895918,2.7301461,2.85804568,2.87316738,2.04938036,2.18477498,2.25314504,2.04700766,1.8430065,1.9468144,1.7803069,2.28448984,2.16455845,2.26257193,1.997943678,2.441784158,1.749531258,1.917173988,1.837277968,2.81478682,2.25154914,2.47903608,2.316849332,2.684096092000001,1.949518212,2.069679752,1.783272572,2.43084596,1.950068508,1.879752788,1.507227196,1.509671676,0.8385680759999999,0.974246368,0.8990489399999999,1.250426052,1.405486832,1.498444872,1.418790832,1.438549808,1.13495594,1.64306614,1.42283785,1.86395989,1.679993361,1.700511289,0.8978801970000001,1.090112907,0.477221059,0.4927468660000001,0.403371316,0.359696812,0.1558677581593539,0.235410486159354,0.339747380159354,0.468770490159354,0.4513617710169168,0.4513617670778901,0.32557646787789,0.26611503387789,0.26346505387789,0.3666407490203273,0.36664076388749,0.35663158308749,0.28979141708749,0.10317571708749,1.708749e-08,0.0,0.0,0.0,0.0,0.0,0.0,0.0,0.0,0.0,0.0,0.0,0.0,0.0,0.0,0.0,0.0
110901>110990,757,757,WHMu,West Ham,EntEx,757,WHMu,West Ham,DLR // OB,Enter-Board,80.34696068716356,6.377752748000001,11.817099946,28.980039174,20.31528938,8.357880960000001,4.498898479163514,0.160013112,0.358186552,0.558038912,0.7340943120000001,0.90653348,1.14849062,1.19829046,1.3141053,1.31635366,1.41677966,1.15474828,1.17161486,0.95677972,1.01098992,0.8799952600000002,0.93728198,0.7506189280000001,0.8008267179999999,0.7535067580000001,0.6676042019999999,0.714767722,0.7824317020000001,0.7881469720000001,0.701494458,0.7533423440000001,1.082739564,1.142573516,1.818893996,2.21951731,2.19644538,1.82719062,1.89961558,1.25065302,0.92232012,0.90508395,0.90258655,0.86668609,0.98313393,1.06009723,1.21117962,1.15185644,1.24541374,1.23149896,1.32237036,1.36986814,1.7094816,1.81526978,1.97014724,2.113527,1.901591796,1.870307936,1.908177816,1.653321806,1.399588646,1.39964127,1.20436635,0.8541408100000001,0.8199081400000002,0.6628979500000001,0.7732717100000001,0.646140818,0.745674398,0.7376313780000001,0.7792457880000001,0.6686289980000001,0.6846097900000001,0.5072435900000001,0.47848759,0.420440836,0.4548446660000001,0.5848649060000001,0.5646980460000001,0.487000834,0.5556046480000001,0.5393844480000001,0.2962451518327026,0.2650555718327026,0.2271169238327026,0.1036424438327026,3.8327026e-09,0.0,0.0,0.0,0.0,0.0,0.0,0.0,0.0,0.0,0.0,0.0,0.0,0.0,0.0,0.0,0.0
110901>110991,757,757,WHMu,West Ham,EntEx,757,WHMu,West Ham,DLR // IB,Enter-Board,266.60448074,11.74992916,30.42664736,118.30660406,65.95582266000001,22.960171612,17.20530588800001,0.14110136,0.304066348,0.7177924880000001,1.130732688,1.595823588,2.301357828,2.79777346,2.7612814,2.69842648,2.58426824,2.2042857,2.02538122,2.01595672,1.99405652,2.319558460000001,2.39917224,2.5916181,2.81772288,3.2815111,3.4946897,3.920285660000001,4.04312596,4.682113660000002,5.047081560000001,5.27015076,5.52603864,5.666766740000001,5.93022028,5.60756988,5.48182156,5.136060540000001,5.260680740000002,4.551650800000001,4.8064306,4.958052800000001,4.96867368,4.965401280000001,4.983054940000001,4.640732880000002,4.60434154,4.564956400000002,4.33816306,4.58087042,4.77235968,4.66549094,5.56828014,5.821621540000002,6.178091360000002,6.23153976,7.02654476,6.03681386,5.96563312,5.318719100000001,5.17536998,3.9919893,3.975728800000001,3.461388980000001,3.043457480000001,2.5394915,2.25111436,1.88659864,1.64492264,1.55174452,1.44423298,1.318044208,1.382145008,1.232571668,1.204459628,1.175351268,1.71073026,1.99357304,2.09869962,2.57445966,2.531949392,1.845810012,1.315824612,1.103081672,0.409300812,0.2440598800000001,0.20246566,0.0,0.0,0.0,0.0,0.0,0.0,0.0,0.0,0.0,0.0,0.0,0.0,0.0,0.0,0.0,0.0
110916>110901,757,757,WHMu,West Ham,Dis+H&C // EB,757,WHMu,West Ham,EntEx,Alight-Exit,1590.4807732,25.25718542,87.77909430000001,462.20029408,374.1912286,328.8434884000001,312.2094824,0.0,0.929853,1.846937400000001,2.43406728,3.54870828,5.108366620000001,5.308465020000001,6.080787820000001,7.14056814,7.51492068,6.91395534,7.171129940000001,7.15834854,7.452993940000002,7.283739260000001,7.79797806,7.86276086,7.61196714,6.880454580000001,6.990277820000001,7.134533020000001,7.939243420000001,8.340997540000002,9.0901631,9.9640438,12.1670758,13.0071706,14.260349,15.8762862,17.7815958,18.1250856,21.024249,23.6686044,25.5746792,26.401487,28.1422712,27.42173580000001,27.64232980000001,26.2010572,25.780265,24.1583064,24.0878534,23.2970962,25.1138156,26.6822046,28.975649,29.4766606,30.36539620000001,31.0578736,32.0553852,31.7643886,32.0440868,32.6653364,33.8172336,33.0004936,32.28652039999999,32.4924892,31.345492,28.9253792,27.5994584,27.59310500000001,27.6649724,26.7293276,26.258832,26.178541,25.4785324,23.9973866,24.5799726,24.7846818,26.307858,26.2518432,27.0661604,26.5651584,26.9216568,25.0943652,25.6515132,25.7459464,24.2477526,20.5664124,15.912811,10.5470308,4.8559912,1.690301,0.0,0.0,0.0,0.0,0.0,0.0,0.0,0.0,0.0,0.0,0.0,0.0,0.0
110916>110922,757,757,WHMu,West Ham,Dis+H&C // EB,757,WHMu,West Ham,Jubilee // NB,Alight-Interchange-Board,791.4484495999997,13.84474404,61.73812602,295.6212174400001,215.728894,115.788863,88.7266051,0.0,0.32955184,0.8619397200000001,1.45932264,1.92705722,2.74659302,3.06395118,3.45632842,3.5845649,4.13020232,3.826107740000001,4.03714214,3.94819802,4.6091217,4.333425040000002,5.23552862,5.67533736,7.19372876,7.06719688,8.09757254,8.28232034,9.5482464,8.477941699999999,9.758223100000002,9.639391499999999,11.3521369,10.27029002,11.36893432,10.92772492,12.63392592,10.98634512,12.5603462,12.650782,14.292215,12.5412996,14.1519264,13.3805594,14.3996966,12.845909,14.6099762,13.59618,15.6367106,14.750627,16.9595092,16.132677,18.4818788,17.179149,19.018316,17.8292542,19.7943876,17.9217528,19.1864332,18.1792718,18.9132168,16.681795,16.4107618,13.7895074,13.129386,10.8876534,10.4762016,9.9808016,10.821347,8.88098968,8.96948788,7.984107880000002,7.66806388,5.987639080000001,7.2136776,6.4252082,6.561742200000001,6.345833000000002,6.85141054,5.834184260000002,6.959437860000001,6.86542806,6.608110460000002,5.792117440000001,7.463931520000001,6.80164424,5.88050024,4.69534944,4.17995112,1.46175652,0.0,0.0,0.0,0.0,0.0,0.0,0.0,0.0,0.0,0.0,0.0,0.0,0.0
110916>110923,757,757,WHMu,West Ham,Dis+H&C // EB,757,WHMu,West Ham,Jubilee // SB,Alight-Interchange-Board,14.18133134846,0.1384801332,0.9491443678000001,6.785805302,4.534692830000001,0.911873559968,0.8613351554920001,0.0,0.0,0.005153672400000001,0.0106660668,0.020735148,0.027073362,0.03108624620000001,0.04376563780000001,0.04264936320000001,0.08897908400000001,0.108427698,0.1044148138,0.0992743938,0.11404782,0.06875769059999999,0.04297086260000001,0.06212890860000001,0.0763123446,0.0761450306,0.06503635799999999,0.08212276599999999,0.09273864,0.130565386,0.111563154,0.153055092,0.165456318,0.161310332,0.096607506,0.14216223,0.158466712,0.177465042,0.213245556,0.28698766,0.319937724,0.4416907720000001,0.456274288,0.47310434,0.4973027960000001,0.534256854,0.395506908,0.443228336,0.44691856,0.421843188,0.3839951420000001,0.441681328,0.38456643,0.410819696,0.391815628,0.414832808,0.38579268,0.426419824,0.363359026,0.3709606660000001,0.326161746,0.338125072,0.280157926,0.260172924,0.2025891118,0.1613552618,0.07994635580000001,0.0467451888,0.0305024968,0.040736655,0.026141445,0.026247186492,0.023112345492,0.014218847492,0.000105741492,0.005140818892000001,0.0206859414,0.0206859414,0.0206859414,0.04463861620000002,0.0396035388,0.0239526748,0.0642258648,0.1396236128,0.1276072666,0.1276072666,0.1276072666,0.0873340766,0.0119363286,0.0,0.0,0.0,0.0,0.0,0.0,0.0,0.0,0.0,0.0,0.0,0.0,0.0,0.0
110916>110978,757,757,WHMu,West Ham,Dis+H&C // EB,757,WHMu,West Ham,NR Essex Thameside // DN,Alight-Interchange-Board,484.306851785104,4.908590731608401,33.1640036551456,134.50666246684,109.92356773332,89.24481824802,112.55920895017,0.0,0.0,3.156978000000001e-06,3.156978000000001e-06,0.6286083369780001,0.6286112125508001,1.8256840125508,1.8256808555728,3.1406139555728,2.5120087755728,3.07812762,1.893781782,3.077573702,1.822247148,3.067924548,2.544398182,3.81887342,2.662438784,3.387766478,2.15824926,3.422997906,2.1438746172,3.362362073200002,2.5939004784,4.2687466964,3.0128369864,5.264772275199999,4.057289243200001,5.843570797999999,4.193100208,6.179762518,3.9227485088,7.243384600800001,5.449171584800001,7.961049174800001,5.9540753548,8.802716164,5.44541142,8.387408436000001,5.840244078800001,9.0609652988,6.209941416280001,9.418289760280002,6.46804286868,10.37051142588,7.121729520880001,10.3621712034,7.2902863134,11.821184405,7.958188125,10.79864063,7.575277240000001,10.96218553,6.43124753992,10.99103601992,8.24110977992,10.76233696992,7.241934319719999,9.2716979098,4.7307428698,6.9694633098,4.43198079666,6.628329346860001,4.598337295836001,7.004575935836002,6.243816255836,8.715129368976001,12.646473868976,15.48390112,19.22269032,20.3745894,17.901864531074,12.544798391074,9.707547182034,4.522022582034,2.731642842034,3.23021805096,2.45492899096,2.45473,1.431672,0.4986035400000001,0.0,0.0,0.0,0.0,0.0,0.0,0.0,0.0,0.0,0.0,0.0,0.0,0.0,0.0,0.0
110916>110979,757,757,WHMu,West Ham,Dis+H&C // EB,757,WHMu,West Ham,NR Essex Thameside // UP,Alight-Interchange-Board,91.19620740257947,0.5032368376492,6.6488720059303,35.703258284,20.41312114,16.79459132,11.133127815,0.0,0.0,0.0,0.0,6.518123000000001e-07,0.0221971846123,0.1032500306123,0.3777889706123,0.3777910068081,0.7370543549958001,0.7167687727958001,1.0189133267958,0.7443773967036001,0.7881968525078,0.4314045767078001,0.4415686281078001,0.1268942121078,0.1737515422,0.4178375302,0.6743138059999999,0.8870806440000001,1.11446206,1.2276031,1.21301372,1.001711248,0.988231008,1.260111688,1.653087908,1.654216328,1.82320196,1.86344466,1.59275598,1.16584904,1.5058606,1.7252986,1.80734052,1.67069604,1.8934619,1.60046606,1.54759816,1.70004736,1.76732154,1.51911704,1.52128112,1.227921256,1.033847496,1.273232896,1.507775316,1.624792196,1.99532286,1.91961344,1.8458761,2.0410449,1.9812468,1.95873446,2.00371342,1.83660052,1.6155125,1.41171253,1.59339451,1.54787413,1.47529372,1.39261624,1.58587061,1.10041243,0.93572351,1.12603864,1.17354198,1.06583708,1.1885873,1.9111036,1.65446166,1.53982312,1.446986888,1.194277691,0.460687107,0.373333067,0.213890527,0.044132159,0.040007616,0.0,0.0,0.0,0.0,0.0,0.0,0.0,0.0,0.0,0.0,0.0,0.0,0.0,0.0,0.0,0.0
110916>110990,757,757,WHMu,West Ham,Dis+H&C // EB,757,WHMu,West Ham,DLR // OB,Alight-Interchange-Board,196.44673628,2.764000684,15.965754622,55.874232594,46.60455701999999,42.17005930000001,33.06813206,0.0,0.1639535060000001,0.170318658,0.2557579520000001,0.3324408480000001,0.5684005879999999,0.5506958519999999,0.72243328,0.7764200379999999,0.898298362,0.7491756940000001,1.030142684,1.034330164,1.276082512,1.322820732,1.7918303,1.522995454,1.790620234,1.687439074,2.085599374,1.694619884,1.88683719,1.64883019,1.89947679,1.41797241,1.54528176,1.32178737,1.99012283,1.81549609,2.52173559,2.69555293,3.321290760000001,2.58934538,3.00339854,2.45852086,2.98738982,2.53739056,2.90133364,2.42124854,2.74240806,2.16904188,2.6866126,2.54488664,3.07365228,2.74853552,3.2191013,3.02444298,4.41877694,4.37584234,4.93259706,4.47628326,4.831394059999999,3.57237266,3.71469766,3.29848148,3.992031760000001,3.29687226,3.6806867,3.49468624,4.18400976,3.59567406,4.26305896,3.59232182,3.69106048,2.83904532,3.381476660000001,2.66682732,3.484339719999999,3.4454714,3.646329960000001,2.82335714,3.46182688,3.0129989,3.07658582,2.73405078,3.489736280000001,2.72321882,2.1356295,1.2820315,1.12650114,0.11039394,0.0,0.0,0.0,0.0,0.0,0.0,0.0,0.0,0.0,0.0,0.0,0.0,0.0,0.0,0.0
110916>110991,757,757,WHMu,West Ham,Dis+H&C // EB,757,WHMu,West Ham,DLR // IB,Alight-Interchange-Board,240.316740528,3.182814898,15.55122451,53.13243526,53.44203456,48.48540318,66.52282812000001,0.0,0.0008030616000000001,0.1119404756,0.2390284156,0.3491623856,0.6451648856000001,0.7449595640000001,1.09175611,1.22598029,1.36077016,1.110574712,1.17772422,0.8285225800000001,0.94981746,0.9343402,1.468218128,1.5060637,1.68356324,1.5385217,1.76712812,1.32800692,1.5481881,1.45760476,1.68893398,1.508649,1.71560926,1.48518604,1.94191504,1.765258,2.16270628,2.07042934,2.7645497,2.504198160000001,2.707148940000001,2.39349386,2.8618401,2.31373354,2.63071248,2.61915414,2.98722998,2.48274096,2.70272106,2.47810682,3.0143188,2.88438048,3.92809088,3.92755668,5.013686679999998,4.57603428,5.47558986,4.699574940000002,5.31038086,4.1058303,4.70108044,3.96197088,4.85785828,4.09990584,5.13930012,4.45459372,4.53679856,3.52992778,4.53517882,3.54777744,4.0247235,3.697679040000001,4.165296100000001,3.11767874,3.636543520000001,3.174955800000001,4.12123972,4.11065024,4.6946342,4.28179626,4.16451024,3.88653638,9.08936558,8.13408398,7.610094119999999,7.219288400000001,6.035673200000001,0.0,0.0,0.0,0.0,0.0,0.0,0.0,0.0,0.0,0.0,0.0,0.0,0.0,0.0,0.0,0.0
110917>110901,757,757,WHMu,West Ham,Dis+H&C // WB,757,WHMu,West Ham,EntEx,Alight-Exit,421.8549824424002,27.0991987024,46.03732354,184.45495396,95.79602106000002,50.30664886000001,18.16083632,1.5268055208,2.3858711208,2.7479519608,3.43614704,4.1128858,4.250987,4.095588380000001,4.54296188,4.721794600000001,4.063324960000001,3.30426844,2.98384562,2.82063404,2.71695516,2.9165174,3.43197022,4.12911394,4.49063458,4.90210584,5.55615874,6.41251924,6.90327604,7.48575284,8.65210988,9.66030258,9.79619118,9.5117561,9.2866765,8.5120742,7.4991688,6.88058132,7.08429932,7.47993092,7.734565720000001,7.754027180000001,7.977276060000001,7.97030174,7.70371254,7.02252874,6.86466094,6.80118394,6.48669626,6.17640936,6.79895256,7.6908955,7.80388964,7.900333980000001,8.52352108,8.737485280000001,8.29179968,8.16412148,8.50001514,8.40155174,7.783092740000002,7.101057440000001,6.898257360000001,6.667698280000002,6.01514048,5.36483312,4.89503928,4.45798422,3.865782800000001,3.4569104,3.250685,3.30549838,3.1242663,2.958643300000001,2.944167300000001,2.79985128,2.38676646,2.20002086,1.83268926,1.45310672,1.57348424,1.79980778,1.457058748,1.211470248,0.958319188,0.462928048,0.025333488,0.0,0.0,0.0,0.0,0.0,0.0,0.0,0.0,0.0,0.0,0.0,0.0,0.0,0.0,0.0,0.0
110917>110922,757,757,WHMu,West Ham,Dis+H&C // WB,757,WHMu,West Ham,Jubilee // NB,Alight-Interchange-Board,7466.933406257001,960.29960796,1391.158667,2770.8028394,1326.1917676,751.7860374,266.694486897,35.90429332,63.64275332,91.57875732,125.17086,147.671906,160.938854,165.24325,170.148934,167.297396,147.17697,135.6966048,124.868852,115.712662,101.488638,101.907784,101.9650012,102.560468,95.775031,96.41882300000002,100.290437,104.2909178,101.8837338,105.1580348,110.6911768,116.4212668,113.202082,114.778591,115.2334282,115.9062082,110.2358282,111.4981602,114.6519892,122.175472,119.397162,119.8601568,122.3289388,125.3141748,117.7220248,116.3399888,116.4213472,119.0743192,116.3252272,119.3168544,122.5757564,126.2696492,119.8346152,113.9780272,111.088688,110.968364,104.839736,103.7515588,107.5026288,112.0043548,107.4086368,104.8238948,103.721614,100.9275552,90.5448172,83.4548232,76.33148320000002,69.43923980000001,58.86043580000001,53.05228660000001,48.2385086,46.2903086,42.29611600000001,42.21714400000001,40.1333192,41.60434280000001,38.59041540000001,37.9362874,33.3782202,30.7505042,25.9759494,22.63953160000001,15.2758712594,11.0214232594,6.7593052594,2.751134459400001,0.0115016594,0.0,0.0,0.0,0.0,0.0,0.0,0.0,0.0,0.0,0.0,0.0,0.0,0.0,0.0,0.0,0.0
110917>110923,757,757,WHMu,West Ham,Dis+H&C // WB,757,WHMu,West Ham,Jubilee // SB,Alight-Interchange-Board,2408.138118408,190.449812808,374.9972112,1097.6718532,551.5318278000001,163.31417286,30.17324054,3.439188788,3.822109728000001,7.192746927999999,13.286004212,26.357651212,38.26521554,46.6933878,51.3935086,49.88176120000001,40.26674200000001,36.3582078,30.573436,29.9159006,28.74761060000001,28.8955178,24.992633,29.6858048,24.8821568,27.0930524,23.7043882,25.8047476,22.266898,25.9921914,26.2848244,31.1616958,29.90466960000001,33.3227636,31.67588760000001,33.8061526,33.99650760000001,43.08981820000001,46.33184779999999,56.6050358,59.5069946,69.71725119999999,64.63409920000001,65.44274560000001,59.9408322,58.94671339999999,50.0233654,56.56996940000001,55.53886380000001,58.72707420000001,58.3809042,59.57649300000001,50.96618300000001,52.26951980000001,47.32140680000001,50.03941900000001,45.6913382,46.9589026,41.45600260000001,42.55161860000001,37.24340720000001,40.94747020000001,36.5100668,33.2516114,26.51056880000001,22.1805056,13.961249,12.217042,10.0915606,10.0006552,8.1540772,7.748010400000001,6.660786000000001,6.785963000000002,5.752143660000002,5.952792260000002,4.8807717,4.0255189,2.9849308,2.40012354,2.29441094,2.09650478,1.90445398,1.78405708,1.43965168,0.41002488,0.0,0.0,0.0,0.0,0.0,0.0,0.0,0.0,0.0,0.0,0.0,0.0,0.0,0.0,0.0,0.0,0.0
110917>110978,757,757,WHMu,West Ham,Dis+H&C // WB,757,WHMu,West Ham,NR Essex Thameside // DN,Alight-Interchange-Board,13.89674959212149,13.8385199752,0.0095804288,0.0,0.0,0.0,0.048649188121498,2.8186332,2.948768892,2.971023572,2.971023572,1.9256844008,0.1619708008,0.0318351088,0.0095804288,0.0095804288,0.0,0.0,0.0,0.0,0.0,0.0,0.0,0.0,0.0,0.0,0.0,0.0,0.0,0.0,0.0,0.0,0.0,0.0,0.0,0.0,0.0,0.0,0.0,0.0,0.0,0.0,0.0,0.0,0.0,0.0,0.0,0.0,0.0,0.0,0.0,0.0,0.0,0.0,0.0,0.0,0.0,0.0,0.0,0.0,0.0,0.0,0.0,0.0,0.0,0.0,0.0,0.0,0.0,0.0,0.0,0.0,0.0,0.0,0.0,0.0,0.0,0.0,0.0,0.0,0.0,1.6242996e-09,0.0097298376242996,0.0097298376242996,0.0097298376242996,0.0097298376242996,0.009729836,0.0,0.0,0.0,0.0,0.0,0.0,0.0,0.0,0.0,0.0,0.0,0.0,0.0,0.0,0.0,0.0
110917>110979,757,757,WHMu,West Ham,Dis+H&C // WB,757,WHMu,West Ham,NR Essex Thameside // UP,Alight-Interchange-Board,350.0814282700002,30.97317153,111.0037581,130.80283779,46.45521840000001,22.76787075,8.0785717,0.0,0.04453154600000001,0.273296726,0.491066686,4.314393886,5.228968786,9.41169524,11.20921866,14.5803135,11.67298362,13.55731912,9.89761052,9.84998692,6.677696460000001,8.136314740000001,6.08966426,8.52545926,7.17773094,8.390915800000002,6.44776296,7.42680844,4.870369180000001,6.594835100000001,5.684116820000002,7.01548026,5.426384688000001,5.852435748,3.862673148,4.403155228,3.043862388,4.2008797,3.57199282,5.40761242,4.5906213,5.941545339999998,4.881865,7.781908080000001,6.09324256,6.924637799999998,5.4152868,7.569965400000001,4.7818735,5.27561042,4.18567565,5.26048465,3.270924810000001,4.12776337,3.392932950000001,4.5936316,3.52009226,4.512989580000001,3.654608400000001,4.57388512,3.33852218,3.725551380000001,2.4838321,2.80578422,1.737176426,2.068225806,1.560515036,2.030784096,1.517484736,1.73833445,1.357207624,1.972957874,1.634912454,2.265123314,2.079364714,2.53409794,1.835694116,1.657922336,0.8645808360000001,0.7368357300000001,0.18285189,0.153360344,0.043064884,0.043064884,0.01354937,0.01354937,0.0,0.0,0.0,0.0,0.0,0.0,0.0,0.0,0.0,0.0,0.0,0.0,0.0,0.0,0.0,0.0,0.0
110917>110990,757,757,WHMu,West Ham,Dis+H&C // WB,757,WHMu,West Ham,DLR // OB,Alight-Interchange-Board,497.02112881,48.3612896,81.66956653999999,179.55620062,102.13533408,63.06209188,22.23664609,0.7848129800000001,3.53603098,4.62700244,6.72444844,7.480372099999999,9.21790628,7.48531992,8.50539646,7.36714606,7.64805874,6.250740380000001,7.004729740000001,5.701772940000001,6.55730094,6.13814686,7.451182920000001,6.566053999999999,7.456609599999999,6.433622939999998,7.09420142,5.83863062,6.468983400000001,5.61867,6.81486526,6.426056060000001,7.571623260000001,6.883092200000001,9.0610068,8.6039814,10.0549368,9.4922955,10.7013369,8.5770541,9.0773307,7.547372100000001,7.520500000000001,6.1562356,6.843827480000002,5.739546880000002,6.371113880000001,5.888491200000002,7.357457200000002,6.93207764,8.00971564,7.23477184,8.182486520000001,7.153403720000001,7.8416098,7.22345712,9.01210052,8.606657720000001,10.27741012,9.68022412,10.1253944,8.1353826,8.6624356,6.63742332,6.770947000000001,5.6960486,6.26917708,4.940706500000001,5.667099780000001,4.90806682,5.24522968,4.34095674,4.77922332,3.74605028,4.06116276,3.47894106,3.51678272,2.73929576,2.8452147,2.26079162,2.33557222,1.828889854,1.553713814,0.994860514,0.634482794,0.048101034,0.0,0.0,0.0,0.0,0.0,0.0,0.0,0.0,0.0,0.0,0.0,0.0,0.0,0.0,0.0,0.0,0.0
110917>110991,757,757,WHMu,West Ham,Dis+H&C // WB,757,WHMu,West Ham,DLR // IB,Alight-Interchange-Board,511.25375299,35.67426902,74.54184666,200.1404864,137.16376784,47.786763716,15.946619354,0.28839498,1.6974833,3.9446755,4.763747299999999,5.697229900000001,7.446950940000002,6.39109278,5.444694320000001,6.29690452,6.092858760000001,4.455355120000001,5.02801102,4.499976999999999,4.794329,4.81709158,7.06631412,7.73652646,8.19340394,6.86899134,8.6920838,7.259795599999999,7.145977540000001,6.76214134,9.01785054,8.004918940000001,8.492980339999999,7.739040539999999,9.07627534,7.25664882,8.07924442,7.73544742,9.53990948,9.15899008,10.4524122,8.552246740000001,10.35680894,9.40825384,9.74911464,7.91471604,8.8202305,6.701269500000001,6.9607134,5.724530000000001,10.2309702,11.6112864,15.0297218,14.6206831,16.9028145,13.4330893,12.2398607,8.856226800000002,9.905732100000002,8.06946116,9.02503476,7.95679546,9.51306176,7.62362708,7.066720220000001,4.817326700000002,5.29041234,3.40477158,3.3516894,2.77171008,3.17539126,2.153890984,2.358533804,2.553399944,3.219290324,3.118533964,3.32601742,2.65278676,2.062723752,1.323982758,0.7749829180000001,0.8476099180000001,0.649574318,0.503130046,0.36021258,0.32706492,0.0,0.0,0.0,0.0,0.0,0.0,0.0,0.0,0.0,0.0,0.0,0.0,0.0,0.0,0.0,0.0,0.0
110922>110901,757,757,WHMu,West Ham,Jubilee // NB,757,WHMu,West Ham,EntEx,Alight-Exit,1270.317862802,64.13050317999999,151.6853814,427.8240065000001,235.3877484,246.4643444,144.825878922,1.64878272,1.82291484,7.214881040000002,8.80487394,10.38357752,11.82505072,12.918615,9.5118074,9.8508581,10.6676467,10.7588276,12.8339008,12.3816642,13.8917699,13.7888653,14.073368,13.2390934,14.7717364,13.026787,12.400864,10.66401812,9.495282460000002,7.949845720000001,8.78665872,9.21510282,11.6157319,13.99686256,17.3346085,18.4350351,20.2398688,20.12947,21.4693356,21.67662720000001,22.6615454,22.8819668,24.5756804,23.07164520000001,21.7882928,20.4389886,20.01839480000001,18.5031106,20.7244438,20.4423198,21.70917080000001,21.4043376,22.1291734,20.1800822,20.9899712,19.0982738,19.270395,18.2790228,18.37045,17.5610376,18.5661746,18.957099,20.5817312,20.9390584,22.7398808,22.6785624,21.77476720000001,19.8047268,19.9742012,17.6769322,19.3592554,19.0611974,21.5826584,19.8935336,20.9795706,18.2784489,19.3858697,15.8477259,15.5123863,12.8770721,11.874349,8.70454232,8.691372920000001,6.55981056,5.174171384000001,3.612737764000001,3.014805104000001,1.512512224,1.545125024,1.88177068,1.885988574,1.761834914,1.22522506,1.030033,0.666947374,0.6778401700000001,0.4366554940000001,0.4504076140000001,0.4260864540000001,0.5724118800000001,0.4635609140000001,0.42087059,0.3353170040000001
110922>110916,757,757,WHMu,West Ham,Jubilee // NB,757,WHMu,West Ham,Dis+H&C // EB,Alight-Interchange-Board,2768.23719896,15.8421334,169.58552116,915.2516058999998,666.3401002,804.5701826000003,196.6476557,0.05780705200000001,0.05780705200000001,0.7994945920000001,1.469030272,1.981303532,3.35964468,3.91598328,4.20106294,6.12885726,8.251138099999999,8.7492263,12.5940783,13.2144099,15.2336151,15.26932800000001,17.8401536,16.2232783,20.25843050000001,17.7255001,18.09750570000001,15.6836411,16.8808654,14.6064516,17.83550080000001,18.3117844,23.064593,24.2282522,27.1548454,27.3225314,31.2363992,30.7811314,33.8819706,34.6921662,40.73579220000001,43.913095,48.46457980000001,50.7105042,57.78556219999999,57.21800820000001,58.10725679999999,58.077161,63.5058306,60.25055999999999,60.80312320000001,58.83053380000001,59.81859860000001,55.06096659999999,54.07088020000001,51.99401300000001,54.384478,52.91915400000001,52.476348,51.243919,55.024789,57.57558,62.94084,63.55864,71.42112800000002,71.60588100000002,73.23736000000002,67.912588,70.88978100000001,68.6030738,71.4514708,67.8823112,67.5447608,59.9948338,50.4683542,40.7828802,31.6887228,24.628292,21.1588804,19.0192782,12.64138692,11.05220852,9.205182640000002,6.608511940000001,4.929068340000001,5.67506034,3.828434740000001,2.60008582,1.90090812,0.92875472,0.0,0.0,0.0,0.0,0.0,0.0,0.0,0.0,0.0,0.0,0.0,0.0,0.0
110922>110917,757,757,WHMu,West Ham,Jubilee // NB,757,WHMu,West Ham,Dis+H&C // WB,Alight-Interchange-Board,58.88563213066953,1.6222821096,2.7707295404,17.053708908,15.431844804,18.823368592,3.183698176669524,0.12821992,0.12821992,0.2872991,0.319630462,0.289319146,0.2001216752,0.2142755332,0.05519635320000001,0.0256946114,0.0432375074,0.0510144032,0.2229263452,0.2327240024,0.2666415942000001,0.3064770622,0.3399597232,0.2221353432000001,0.3372394460000001,0.36187467,0.3608048320000001,0.4177344020000001,0.441300782,0.4434462020000001,0.5922097260000001,0.6469502200000001,0.6563468000000001,0.68654327,0.638887016,0.531316616,0.5204446960000001,0.538239888,0.627347758,0.707174592,0.738986012,0.77793594,0.7780817680000001,0.7118390379999999,0.6960810279999999,0.745161408,0.8607438800000001,0.98030236,1.07569119,1.103382208,1.137562108,1.085320948,1.058764128,1.038885148,1.2004229,1.2361317,1.26541512,1.223660092,1.322086292,1.388640212,1.443256632,1.515048752,1.65421288,1.61654782,1.59179146,1.59926204,1.61645166,1.57427672,1.6367026,1.61874338,1.63699568,1.67597966,1.63513224,1.43649838,1.184986952,0.971780972,0.6944578960000001,0.488018186,0.3540238792,0.2825193472,0.1766844572,0.09429005373390467,0.05910350373390466,0.04816539053390467,0.01465449053390466,5.3390466e-10,0.0,0.0,0.0,0.0,0.0,0.0,0.0,0.0,0.0,0.0,0.0,0.0,0.0,0.0,0.0,0.0,0.0
110922>110978,757,757,WHMu,West Ham,Jubilee // NB,757,WHMu,West Ham,NR Essex Thameside // DN,Alight-Interchange-Board,1340.178666335,47.46343336000001,166.1144275,365.8824710400002,265.1316108,299.8617257000001,195.724997935,2.1088622,2.45131408,6.976296080000001,7.502915800000001,8.435185,7.303796600000001,8.331828220000002,4.353235380000001,10.31029026,10.99703866,12.17587986,14.92299396,16.5372422,13.5063378,12.5932236,16.0471456,13.4453404,16.4998778,14.12150468,14.95755268,11.15787388,11.57083228,7.709522619999999,8.25100974,7.825654340000002,8.04248154,7.504454640000001,8.593677300000001,8.672398900000001,10.3441951,10.1533787,12.3041288,13.1340174,15.1035862,16.1986308,19.1199058,20.1659658,22.6338114,23.94391820000001,26.0526952,25.2020398,26.4485928,23.510233,22.2394668,19.91500640000001,20.2147696,19.5608024,21.5552416,22.341936,21.822813,22.7072638,21.34658300000001,22.3003004,22.4084962,23.74262580000001,27.2157726,28.4896022,28.3566802,27.9525478,30.786322,25.5753962,26.1550776,24.7366354,25.831,21.6694998,21.7432869,19.1727197,19.39295790000001,16.6298563,18.9498225,18.2620566,18.3028262,18.4801894,15.972906427,21.714163427,21.087860827,17.944708427,13.347852427,13.3295994,1.703156,0.0,0.0,0.0,0.0,0.0,0.0,0.0,0.0,0.0,0.0,0.0,0.0,0.0,0.0,0.0,0.0
110922>110979,757,757,WHMu,West Ham,Jubilee // NB,757,WHMu,West Ham,NR Essex Thameside // UP,Alight-Interchange-Board,281.9656782221109,12.1052237,138.562818986,60.361876526,25.25273920000001,27.19860274,18.48441707011087,0.0,0.26746316,0.6623396,0.853198012,1.685569352,2.435838552,3.297845732,2.902969292,10.11288748,11.20676874,16.80187374,16.06686168,21.79514528,15.54345448,14.83305428,8.68728094,9.87690842,4.90770266,4.95767046,3.773210826,3.747569794,2.210670364,2.754314224,1.913154624,2.410780838,2.47266233,2.8845916,1.7596288,2.928034,2.63254594,3.3959991,3.10616644,3.0895453,1.80522634,2.65754852,1.82319686,2.45768092,2.50983444,2.746844,1.70719809,2.87789513,2.147219946,2.374443746,1.94912518,3.073255290000001,1.834892178,2.535127002,2.151385496000001,2.880206002,1.785061782,2.467286894,1.774441598,2.154233024,1.493665578,1.812854218,1.290330138,1.953302254,1.750380314,2.22700048,2.02270226,2.39842308,1.848840654,2.602684234,2.13050168,2.76477298,2.163586364,3.11061881,2.22578963,2.814771204,1.990416404,2.808753620000001,1.741662374,2.726025034,2.037396124,2.037396124422173,1.187546924422172,1.113734690422172,0.0267145704221726,4.221726e-10,0.0,0.0,0.0,0.0,0.0,0.0,0.0,0.0,0.0,0.0,0.0,0.0,0.0,0.0,0.0,0.0,0.0
110922>110991,757,757,WHMu,West Ham,Jubilee // NB,757,WHMu,West Ham,DLR // IB,Alight-Interchange-Board,0.0,0.0,0.0,0.0,0.0,0.0,0.0,0.0,0.0,0.0,0.0,0.0,0.0,0.0,0.0,0.0,0.0,0.0,0.0,0.0,0.0,0.0,0.0,0.0,0.0,0.0,0.0,0.0,0.0,0.0,0.0,0.0,0.0,0.0,0.0,0.0,0.0,0.0,0.0,0.0,0.0,0.0,0.0,0.0,0.0,0.0,0.0,0.0,0.0,0.0,0.0,0.0,0.0,0.0,0.0,0.0,0.0,0.0,0.0,0.0,0.0,0.0,0.0,0.0,0.0,0.0,0.0,0.0,0.0,0.0,0.0,0.0,0.0,0.0,0.0,0.0,0.0,0.0,0.0,0.0,0.0,0.0,0.0,0.0,0.0,0.0,0.0,0.0,0.0,0.0,0.0,0.0,0.0,0.0,0.0,0.0,0.0,0.0,0.0,0.0,0.0,0.0,0.0
110923>110901,757,757,WHMu,West Ham,Jubilee // SB,757,WHMu,West Ham,EntEx,Alight-Exit,2559.679140100001,52.9924262,162.9373214,761.2478362000002,536.4878142000001,437.2821726,608.7315695,2.6782661,4.0029204,4.9246142,5.998533599999999,6.8960157,8.075334400000001,9.3263591,11.0903827,12.2415947,11.9340971,12.049248,11.5951058,11.6810764,11.9795022,13.3433324,14.412746,15.4787616,15.9223346,16.089818,16.2097046,16.4650732,16.6072892,17.1816564,18.4752404,20.5904646,23.7703272,26.7914892,29.912247,32.9623654,34.3734978,34.6390824,36.19914,37.1611852,38.0861512,38.69604200000001,39.70775760000001,39.75192560000001,39.8762496,38.2545956,37.95919840000001,36.12572520000001,35.86804620000001,35.2587544,36.5343324,38.27492479999999,41.14005700000001,42.12635300000001,44.50757480000001,45.5509418,46.0387688,46.39200020000001,46.7980652,47.02388600000001,47.90007620000001,46.25975260000001,44.47541380000001,42.07466180000001,39.63845280000001,36.59026960000001,35.8510218,35.6572458,35.926067,35.001958,34.868966,34.513787,34.4326614,35.3979282,37.3291532,38.75946320000001,40.8992166,41.890021,42.767737,43.09779680000001,42.62982480000001,41.43158140000001,39.86181740000001,36.2734972,31.9232042,28.4464942,25.1509578,20.3162362,19.802731,16.9408948,15.8249282,12.3447792,12.421034,8.812599200000003,9.175797,6.32632094,6.91451664,5.35973932,5.567821400000001,4.34086312,4.910177520000001,3.504038620000001,3.03748074
110923>110916,757,757,WHMu,West Ham,Jubilee // SB,757,WHMu,West Ham,Dis+H&C // EB,Alight-Interchange-Board,6245.1392214,93.329136,481.261121,2022.3638504,1356.786957,1104.8304174,1186.5677396,1.1275958,1.1275958,2.69734448,7.432899280000001,11.04605228,14.30439168,23.99673368,31.596523,33.0965834,35.573712,39.97363679999999,38.3524016,35.4031128,38.3426036,39.43025560000001,41.572326,41.6850716,46.1173864,44.7181334,46.9958978,44.22038060000001,46.76598080000001,45.5060288,49.6243978,51.4326718,56.2649406,58.65187,64.0279852,66.40725520000001,73.5114032,79.9027332,87.96644620000002,92.063161,99.876561,102.189847,106.582295,105.399365,110.685763,109.816465,112.702647,108.955653,115.988118,115.164978,118.656904,116.265072,121.111909,114.751885,113.825873,108.708353,112.168339,107.707994,111.050958,107.647559,114.855489,112.676569,116.016957,108.3868242,110.2675592,101.3430612,97.9616552,87.96712920000002,91.182224,85.87299399999999,86.219564,83.1588788,87.20159960000002,78.91211899999998,86.356809,79.08310639999998,88.9707796,85.54089379999998,93.95335640000002,97.0350804,100.059982,81.897882,86.816175,82.81900900000002,75.24949699999999,90.786486,83.04618200000002,63.76123400000001,48.037886,29.51019,0.0,0.0,0.0,0.0,0.0,0.0,0.0,0.0,0.0,0.0,0.0,0.0,0.0
110923>110917,757,757,WHMu,West Ham,Jubilee // SB,757,WHMu,West Ham,Dis+H&C // WB,Alight-Interchange-Board,613.2897323000001,23.0142685,59.25023110000001,210.0715123,121.77334318,87.45141236000002,111.72896486,2.1649718,2.42744238,2.5963054,3.21983398,2.81536466,2.87758076,3.13339392,3.7793756,3.818176620000001,3.02327274,3.10880892,3.18734582,3.21073752,3.45533764,4.195033840000002,5.266614760000001,6.496345720000001,7.385762720000002,7.878223200000001,8.2245716,8.199336500000001,7.5145895,7.077013780000001,7.066345860000001,7.163566060000001,7.362232760000001,7.388184360000001,7.753274480000001,8.514007800000002,9.0254202,9.136045200000002,9.6050116,9.5366364,9.3918368,8.9100552,8.44551046,8.96686226,9.57998826,9.12105346,9.62663646,10.2096822,10.1854014,10.0178678,10.2749535,9.718864100000001,10.0466336,9.976536,9.6466812,9.759018699999999,10.5371041,10.226064,10.137174,10.7784836,10.9672684,10.15753934,9.821976140000002,9.44309462,8.61206922,7.80255534,7.631898940000001,7.127058740000003,7.100458560000001,6.728549640000002,6.69011342,6.575733080000001,6.639320960000001,6.298093060000001,6.80246678,6.857766080000001,8.042781680000001,10.1973568,13.427404,15.8608278,17.357579,15.63247626,12.21021706,7.75207346,3.67337046,0.71711226,0.0,0.0,0.0,0.0,0.0,0.0,0.0,0.0,0.0,0.0,0.0,0.0,0.0,0.0,0.0,0.0,0.0
110923>110978,757,757,WHMu,West Ham,Jubilee // SB,757,WHMu,West Ham,NR Essex Thameside // DN,Alight-Interchange-Board,4173.508483799999,77.19641019999999,346.5237917999999,1372.7995228,964.806163,777.2864470000001,634.896149,1.63161448,3.36353708,6.147419279999998,7.201815539999999,11.4888298,13.10501974,15.83421014,18.42396414,23.0837346,20.9045632,24.2824416,24.3402514,25.8244956,24.5887366,31.4925578,31.0174476,35.7479288,35.01654179999999,37.5426634,32.6824294,35.4150568,32.6032828,35.3638254,34.1493414,39.4705336,38.71216320000001,42.90194320000001,41.82333120000001,48.92850120000001,48.55012199999999,55.864462,56.59232240000001,64.3468144,61.791316,70.67840600000002,66.888136,72.9014536,68.52452459999999,74.63090799999998,68.889674,78.049538,74.07300000000002,82.82711100000002,78.823756,85.33162700000003,77.86877100000002,84.21763299999999,77.897451,83.86563100000002,77.18337600000002,83.77602879999999,76.81554880000002,81.72373879999999,77.16396479999999,83.8911028,75.07129,77.94072200000002,69.5222412,71.5450232,62.35074220000001,67.01930420000001,60.66920760000001,64.1869944,58.24827440000001,63.85838940000001,58.6128568,63.77028540000001,59.56240620000001,63.4425462,57.2963062,66.6918368,64.84928239999999,61.717749,58.77792420000001,57.41549620000001,52.4786502,43.82844920000001,41.95293880000001,30.8877196,22.7678316,8.3769296,4.412489,0.0,0.0,0.0,0.0,0.0,0.0,0.0,0.0,0.0,0.0,0.0,0.0,0.0,0.0
110923>110979,757,757,WHMu,West Ham,Jubilee // SB,757,WHMu,West Ham,NR Essex Thameside // UP,Alight-Interchange-Board,99.61933860431103,1.4160969589128,9.7673928353982,48.19393518,18.592913784,9.901496584,11.747503262,0.00023741482,0.01888977482,0.05315102482,0.08480966885999999,0.08468307539820001,0.2096717753982001,0.3476649273982,0.6169892973982001,0.8415010613981999,0.8850698640000001,0.87049723,0.8657060299999999,0.687947436,0.529207336,0.57984376,0.511540212,0.5505194,0.8134894939999999,1.213277654,1.418793358,1.74361084,1.61585024,1.47686628,1.23834624,1.4312229,1.25321256,1.68101844,1.82645784,2.01621116,1.656739448,2.210668588,1.879355148,2.420646248,2.245861828,2.93977228,2.36454556,2.727454460000001,2.311795800000001,2.72417792,1.95638728,2.70095612,2.3617871,2.0055609,1.40543,1.65036574,0.8922976200000001,0.96372022,1.09375182,1.4910628,1.3544136,1.671973600000001,1.68014292,2.03547742,1.8057349,2.17321046,1.780762684,1.754533744,1.163673934,0.9915215940000002,0.6091684639999999,0.78585686,0.5747887979999999,0.6880552879999999,0.665216196,0.6928398060000001,0.5074263800000001,0.786456842,0.6819586780000001,0.86551659,0.8288010700000001,1.255182756,1.205575496,1.93306848,1.72692254,1.61287863,1.165497006,0.910473666,0.115047266,0.07902970599999999,0.049510056,0.0,0.0,0.0,0.0,0.0,0.0,0.0,0.0,0.0,0.0,0.0,0.0,0.0,0.0,0.0,0.0
110923>110990,757,757,WHMu,West Ham,Jubilee // SB,757,WHMu,West Ham,DLR // OB,Alight-Interchange-Board,1.0219921692,0.0135117696,0.14356069602,0.3314542015800001,0.10088766,0.051004525,0.3815733170000001,0.0,0.0,0.0,0.0,0.0,0.0045039232,0.0045039232,0.0045039232,0.0045039232,0.0045039232,0.0,0.0,0.0,0.0,0.0,0.026687792,0.026687792,0.02705908854,0.02705908854,0.02705908854,0.00037129654,0.00037129654,0.0,0.0,0.0,0.0,0.0,0.0,0.0,0.06598366,0.06598366,0.06598366,0.06598366,0.06614232169999999,0.0001586617,0.0001586617,0.0001586617,0.0001586617,0.0,0.0,0.0,0.0,0.0,0.0,0.0,0.0,0.0,0.0,0.0,0.020177532,0.020177532,0.020177532,0.020177532,0.020177532,0.0,0.0,0.0,2.441040000000001e-05,2.441040000000001e-05,0.0032975464,0.0032975464,0.010200905,0.0101764946,0.0101764946,0.006903358599999999,0.006903358599999999,0.0,0.0,0.0,0.0,0.0,0.0,0.0063318714,0.0063318714,0.0063318714,0.0063318714,0.0316533854,0.069982792,0.069982792,0.069982792,0.069982792,0.044661278,0.0,0.0,0.0,0.0,0.0,0.0,0.0,0.0,0.0,0.0,0.0,0.0,0.0,0.0
110923>110991,757,757,WHMu,West Ham,Jubilee // SB,757,WHMu,West Ham,DLR // IB,Alight-Interchange-Board,18.9299614,0.0,0.0,3.92705512,6.84152478,0.0,8.1613815,0.0,0.0,0.0,0.0,0.0,0.0,0.0,0.0,0.0,0.0,0.0,0.0,0.0,0.0,0.0,0.0,0.0,0.0,0.0,0.0,0.0,0.0,0.0,0.0,0.0,0.0,0.0,0.0,0.0,0.0,0.25554122,0.25554122,0.25554122,0.25554122,0.25554122,0.0,0.0,0.0,0.0,0.0,0.0,0.0,0.75117426,1.89817476,1.89817476,1.89817476,1.89817476,1.1470005,0.0,0.0,0.0,0.0,0.0,0.0,0.0,0.0,0.0,0.0,0.0,0.0,0.0,0.0,0.0,0.0,0.0,0.0,0.0,0.0,0.0,0.0,0.0,0.0,0.0,0.0,0.4531301999999999,1.6322763,1.6322763,1.6322763,1.6322763,1.1791461,0.0,0.0,0.0,0.0,0.0,0.0,0.0,0.0,0.0,0.0,0.0,0.0,0.0,0.0,0.0,0.0
110978>110901,757,757,WHMu,West Ham,NR Essex Thameside // DN,757,WHMu,West Ham,EntEx,Alight-Exit,84.399072284,1.031120148,3.8540022,27.793329366,26.30889674000001,17.450036538,7.961687292,0.0,0.0,0.028226048,0.119023192,0.158612992,0.158612992,0.245755346,0.320889578,0.355675654,0.36344789,0.380999962,0.31658225,0.34755129,0.237209494,0.2864996500000001,0.3395293720000001,0.37051947,0.267593512,0.3425229240000001,0.245870732,0.314743898,0.2841142888000001,0.5620382268,0.5015607168,0.8564809168,0.7569910288000001,0.8808392500000001,0.653172,1.171057674,1.166411254,1.361619142,1.31561013,1.6167689,1.25418178,1.2124817,1.175305,1.71510636,1.55678988,1.64795918,1.47956102,1.68061094,1.28548254,1.7211776,1.62326594,2.01105724,2.0136726,2.3828728,1.9359119,2.30213546,2.2381081,2.89734868,2.466268288000001,2.495767388,2.152051868,2.146119248,1.267583168,1.56711416,1.96222622,2.14594912,2.02384822,2.05857992,1.65917815,1.238426470000001,1.03930347,0.84183062,0.93474918,1.06399633,0.914834678,0.848371958,0.7604168720000001,0.8509804120000001,0.730186584,0.7352723800000001,0.7869692079999999,0.855106812,0.526730096,0.536482084,0.523168386,0.352576818,0.23396119,0.161758066,0.05970642600000001,0.0,0.0,0.0,0.0,0.0,0.0,0.0,0.0,0.0,0.0,0.0,0.0,0.0,0.0
110978>110916,757,757,WHMu,West Ham,NR Essex Thameside // DN,757,WHMu,West Ham,Dis+H&C // EB,Alight-Interchange-Board,184.9715622100001,1.667431999,5.00876148,66.82339725599999,47.16628087,32.257370755,32.04831985000001,0.0,0.011331716,0.011331716,0.135618616,0.339008016,0.360911498,0.3984529860000001,0.4107774510000001,0.3558966710000001,0.152507271,0.273124849,0.251141159,0.5045631140000001,0.5608178060000001,0.616170732,0.4992714020000001,0.5859048940000001,0.332845484,0.444983812,0.4315342860000001,0.8832724160000001,0.99769899,1.70488888,1.542482714,2.243217654,1.986386394,2.647846934,1.985481194,2.44792472,1.97288292,2.52883858,1.67294473,3.21597537,2.99274919,3.91375739,3.294265244,4.683512314000001,3.330559574,4.029675773999999,2.954977054,4.127536940000001,3.59734886,4.414668600000001,3.65450482,4.7202624,3.78768764,4.00897138,3.29054372,4.64099718,3.75729546,4.41925782,3.329562906,4.311372706,3.162002946,4.252717866000001,3.485608846,4.218685099999999,3.43312476,3.62901328,2.40648313,2.62484785,1.946945166,2.661404966,2.318828126,2.614425676,2.122479031,2.619680835,1.661452835,1.745468455,1.690376175,3.09229478,2.81227576,3.646848360000001,3.408901832,3.542934312,2.599346812,3.045206232,2.078473712,1.9244465,1.3857621,0.90918234,0.16680248,0.0,0.0,0.0,0.0,0.0,0.0,0.0,0.0,0.0,0.0,0.0,0.0,0.0,0.0
110978>110917,757,757,WHMu,West Ham,NR Essex Thameside // DN,757,WHMu,West Ham,Dis+H&C // WB,Alight-Interchange-Board,72.813614741663,0.9002118249186801,5.662347050720999,22.923842488,18.229312206,17.71324402121398,7.384657150809321,0.04127298237956002,0.04128438983556001,0.04187482519556001,0.04250580515600001,0.111404817156,0.1319609231560001,0.2230440357000001,0.26686404634,0.368527174,0.428190874,0.5169583879999999,0.490249378,0.7070461720000001,0.633790698,0.5661603359999999,0.4155654033442001,0.5148239213442001,0.2921583953442,0.3811610193442,0.3477152913442,0.6968749040000001,0.5886859560000001,0.6130974020000001,0.5477678180000001,0.8838766560000002,0.6723233559999999,0.8513513760000001,0.8780214359999999,1.2649227,0.99304726,1.41198678,1.259593248,1.601812228,1.192831258,1.361308478,0.8455903499999999,1.128340342,0.739693398,1.002615668,0.842143868,1.026448496,0.772198816,0.9800082,0.7693024940000001,1.209928594,1.195553934,1.693331934,1.624169534,1.619868774,1.182576294,1.581404494,1.158557502,1.439213462,1.455660008,2.255050848,1.813996828000001,2.15094294,1.98870394,3.07134152,2.26678273,2.163718638,1.677614376,1.458183306,0.386053854,0.407757504,0.34228970640466,0.9171054684046601,0.88275003840466,0.9941900104046602,0.91526668840466,1.225581398,0.7217067779999999,0.919317878,0.8321839660000001,0.7915125280000002,0.4811964880000002,0.3738926080000001,0.1298088080000001,0.0,0.0,0.0,0.0,0.0,0.0,0.0,0.0,0.0,0.0,0.0,0.0,0.0,0.0,0.0,0.0,0.0,0.0
110978>110922,757,757,WHMu,West Ham,NR Essex Thameside // DN,757,WHMu,West Ham,Jubilee // NB,Alight-Interchange-Board,126.130436463092,0.255008185764,10.893671825088,46.12017076600001,40.14612258,22.847012463744,5.868450642496001,0.000834096194,0.000853178892,0.010670800092,0.01064479987,0.01790360627,0.017148615014,0.090894900316,0.106058189116,0.3964323397440001,0.531058301344,0.7680373659999999,0.756285898,0.978716128,0.7852215040000001,0.982846936,0.837355064,1.276413864,1.064875092,1.397965516,1.118463816,1.324343228,0.989158898,1.27155829,0.97745957,1.34620731,1.18582869,1.8978392,1.710643252,2.106941332,1.86109842,2.59725686,1.92363424,2.491075888,2.214447388,2.69455862,2.00539936,2.6444897,2.01723282,2.04237634,1.50798968,2.46553102,1.94039652,2.41994618,2.48475796,3.32798466,2.605123460000001,3.24750936,3.3288215,4.007619580000001,3.62827206,3.88534186,3.27804594,3.66071782,3.04245954,3.1833614,2.9508654,3.9434204,3.3353967,3.51589632,3.185944940000001,2.942796200000001,1.64971437,1.357145296,0.913997556,0.6754046680000001,0.4754630312480001,0.469262273248,0.382570709248,0.6267554492480001,0.550596563248,0.6390128,0.646940422,0.70492993,0.437919496,0.4562700800000001,0.4017955200000001,0.424301766,0.3857479020000001,0.265163796,0.158097426,0.123973926,0.04694556599999999,0.0,0.0,0.0,0.0,0.0,0.0,0.0,0.0,0.0,0.0,0.0,0.0,0.0,0.0
110978>110923,757,757,WHMu,West Ham,NR Essex Thameside // DN,757,WHMu,West Ham,Jubilee // SB,Alight-Interchange-Board,389.8089571297,2.35714595176,16.24198099694,91.273598258,128.95927374,72.449969124,78.526989059,0.42956638,0.42956638,0.53314152,0.2669402000000001,0.2678194439400001,0.15152363794,0.16491022994,0.11367815994,0.21011742594,0.2115937434000001,0.3771077694,0.7848755773999999,1.6350971074,1.7010012414,2.07931704,2.265959000000001,1.964659754,1.234008646,1.915800646,1.862443046,1.931368126,2.307862972,2.44021984,1.94439536,2.0314881,2.10108984,1.644024624,1.819530704,2.247234924,5.355002423999999,5.481465964000003,6.203637140000001,6.634157620000003,6.710045720000003,4.27844484,4.19866544,4.1535473,3.80546404,3.40890086,3.32892706,3.88778358,4.04737036,4.60058724,6.712384180000001,8.43088926,9.85264474,11.60289634,11.7369657,10.02423238,8.71360904,9.05992564,8.25340784,13.29759654,13.93093872,12.75694232,11.29922522,11.47000522,6.994084820000001,5.821672860000001,7.945638400000001,7.002953799999998,5.1552511,4.4187723,4.4067392,2.059059346,2.685776386000001,3.686762546000001,10.803253146,11.928845046,12.27339118,11.61014074,10.67579132,2.47801132,1.04911862,3.91380094,5.24428464,5.51863184,5.523703250600001,5.523703250600001,2.2937044506,0.4887910506000001,0.0050714106,0.0,0.0,0.0,0.0,0.0,0.0,0.0,0.0,0.0,0.0,0.0,0.0,0.0,0.0
110978>110990,757,757,WHMu,West Ham,NR Essex Thameside // DN,757,WHMu,West Ham,DLR // OB,Alight-Interchange-Board,16.1465368088171,0.104882357036,0.9709684505538402,4.198507539013761,5.697755933834701,3.0669105658868,2.107511962492,0.0014067961,0.00257222542,0.00283836206,0.00311159778,0.003191065714,0.026330301614,0.03278838829400001,0.032643620054,0.03238169691060001,0.03245689993660001,0.007916227615,0.000537925395,0.0004191510402000001,0.1573277704636001,0.1571750693518,0.1580193285334001,0.1577752148983,0.1917039528531,0.03478495300222,0.04047026055402,0.03962123414962001,0.09713124400472,0.06320046109664,0.09547120694752,0.08978433223592001,0.13036475978032,0.07285405514184,0.07681726784992003,0.05407436304992001,0.24851824036152,0.2079375967575,0.4249625513959801,0.4447065563959799,0.51509309719598,0.32064924339052,0.40539273099454,0.1883678386308801,0.16478291399088,0.09205122199087999,0.09213053137634,0.02885651137634,0.07072279574000001,0.10467731358,0.17033947158,0.239489736,0.5687512720000001,0.6112957300000001,0.577239955642,0.5476571016420001,0.7618680216420002,0.4111389141995001,0.3267423337755001,0.4472254881335001,0.5722561701335,0.2888196356121,0.3452715750545999,0.5920916454785999,0.6614029254785999,0.4931190058062,0.4931338304026001,0.4366950442646,0.2193907622646001,0.0399302082646,0.03996699350900002,0.03999575382600001,0.04006875442400001,0.010636551924,0.0004790902440000001,0.06217628067200001,0.06268483364,0.06331713770000001,0.06549604839999999,0.07141272507999999,0.17608958108,0.19665089572,0.2045226972,0.355942051,0.34982737,0.18340685,0.162289012,0.15369648,0.0,0.0,0.0,0.0,0.0,0.0,0.0,0.0,0.0,0.0,0.0,0.0,0.0,0.0,0.0
110978>110991,757,757,WHMu,West Ham,NR Essex Thameside // DN,757,WHMu,West Ham,DLR // IB,Alight-Interchange-Board,222.9763820155001,0.3972308849,9.5416194656,41.57532271200001,49.244123883,36.763602196,85.454482874,0.005887793000000001,0.0087161452,0.0108586186,0.0125543713,0.0815159713,0.0788330071,0.09323796890000001,0.1056270095,0.2117826428,0.2658718628,0.576474154,0.5874184680000001,0.8137455339999999,0.786310976,1.183430756,0.8896942588000001,1.0768526508,0.9135284428000002,1.3358775548,0.9006321648000001,1.038780782,0.861784532,1.16398286,0.707148352,1.244067682000001,1.153618322,1.343407112,0.9879633060000004,1.702735774,1.15439235,1.81259823,1.88122619,2.805932036,2.089038334,2.700180818,2.107668278,2.114334018,1.1679704184,2.0214090204,1.3717180704,1.8306658504,1.7126682904,3.71611815,2.885913936,4.750162686,4.22590074,4.966816140000001,3.015873668,4.359587282,2.4637181658,4.3000723118,3.9350677718,4.7430460438,3.421894433799999,4.95232155,4.10966309,4.731757050000001,3.902778080000001,4.685601330000001,3.177806396000001,2.688577416,1.692183896,1.942144706,1.796958106,2.7428633,2.296664592,3.560052792,3.546214532,4.404701172,3.806113992000001,7.432350540000002,7.444157600000001,9.23824142,7.690425858000001,13.616968578,10.047827038,8.585595778,6.521251578000001,6.483337260000001,0.1835120600000001,0.0,0.0,0.0,0.0,0.0,0.0,0.0,0.0,0.0,0.0,0.0,0.0,0.0,0.0,0.0,0.0
110979>110901,757,757,WHMu,West Ham,NR Essex Thameside // UP,757,WHMu,West Ham,EntEx,Alight-Exit,342.6277192499999,18.70482986,29.46648893,164.38963595,74.05769646,42.80804280000001,13.20102525,0.30222648,1.12161868,1.55459974,2.53467186,2.43909688,3.88810754,3.33946872,3.52503996,2.634836784,2.920772364,1.614164914000001,2.063868994,1.653805734,2.24475181,1.91846187,2.73286406,2.22555784,2.972156200000001,2.46409145,4.02115691,3.511182030000001,5.641493590000001,5.34738671,8.446349640000001,7.39256306,8.58218694,6.60181396,7.971238039999998,5.23978168,6.518602860000001,5.438846980000001,7.572116160000001,6.382626279999998,9.16944884,7.95935736,9.41103864,7.48651824,8.51057372,5.56197326,6.86177054,5.33403234,6.75694054,5.40603604,7.285758500000001,5.79980528,7.14878408,5.572552780000001,7.163667080000002,5.596795580000001,7.114664200000001,5.82737396,7.187380660000001,5.695432599999999,6.3994214,4.9493293,5.60248954,4.34308688,5.09307934,3.98478282,4.51955452,3.51295212,4.05663898,2.8279493,3.8316882,2.76491644,3.08290034,2.10367328,2.68682058,1.472944788,2.090194428,1.692075756,2.152004376,1.452499192,1.588357564,0.927182628,0.904763426,0.361255466,0.3430786300000001,0.13033497,0.08633402600000001,0.0,0.0,0.0,0.0,0.0,0.0,0.0,0.0,0.0,0.0,0.0,0.0,0.0,0.0,0.0,0.0
110979>110916,757,757,WHMu,West Ham,NR Essex Thameside // UP,757,WHMu,West Ham,Dis+H&C // EB,Alight-Interchange-Board,0.49577406,0.0,0.0,0.0,0.0,0.0,0.49577406,0.0,0.0,0.0,0.0,0.0,0.0,0.0,0.0,0.0,0.0,0.0,0.0,0.0,0.0,0.0,0.0,0.0,0.0,0.0,0.0,0.0,0.0,0.0,0.0,0.0,0.0,0.0,0.0,0.0,0.0,0.0,0.0,0.0,0.0,0.0,0.0,0.0,0.0,0.0,0.0,0.0,0.0,0.0,0.0,0.0,0.0,0.0,0.0,0.0,0.0,0.0,0.0,0.0,0.0,0.0,0.0,0.0,0.0,0.0,0.0,0.0,0.0,0.0,0.0,0.0,0.0,0.0,0.0,0.0,0.0,0.0,0.0,0.0,0.0,0.0,0.099154812,0.099154812,0.099154812,0.099154812,0.099154812,0.0,0.0,0.0,0.0,0.0,0.0,0.0,0.0,0.0,0.0,0.0,0.0,0.0,0.0,0.0,0.0
110979>110917,757,757,WHMu,West Ham,NR Essex Thameside // UP,757,WHMu,West Ham,Dis+H&C // WB,Alight-Interchange-Board,1779.226048800001,81.46710999999999,312.3308836,827.2891836,368.6057924,159.3595753,30.1735039,1.8032708,1.8032708,1.8032708,8.961933199999999,7.158662400000001,16.7079056,16.7079056,26.5208908,21.4712146,29.5926394,20.0433962,30.1235162,22.0911318,29.455101,21.33367620000001,31.7368682,23.7624788,30.4975564,21.024601,31.1987038,23.2183592,32.65549960000001,24.1398212,37.059856,30.6881232,41.6887018,30.1458308,43.8437188,35.1470128,46.5349076,33.1114816,47.57387960000001,37.20860640000001,44.62678560000001,29.4365208,40.33463940000001,29.91791540000001,36.90708100000001,25.265573,36.17475040000001,28.6216354,34.4689966,24.14721620000001,34.37227120000001,26.7515182,34.8909386,24.9979034,36.4621194,29.509177,37.9021646,26.4177406,37.0243886,28.3903902,34.15034620000001,22.4689342,29.6401714,20.4228699,23.9167139,14.8846453,18.8167525,12.36375662,14.64072552,8.31666392,12.13595192,8.20384472,10.200127,6.533811599999999,8.923712400000001,5.104424399999999,6.731195399999999,4.0166718,5.10246072,2.71255992,3.0369707,1.4101997,1.4101997,0.32441078,0.32441078,0.0,0.0,0.0,0.0,0.0,0.0,0.0,0.0,0.0,0.0,0.0,0.0,0.0,0.0,0.0,0.0,0.0,0.0
110979>110922,757,757,WHMu,West Ham,NR Essex Thameside // UP,757,WHMu,West Ham,Jubilee // NB,Alight-Interchange-Board,5092.889001539999,343.3347616,831.2194464,2267.4261262,1055.2849802,483.4566014,112.16708574,4.8020516,13.6390504,20.20190280000001,46.0932148,47.2057364,69.16935440000002,65.31121879999999,76.91223240000001,56.5018584,71.74665720000002,56.1558282,74.20120820000002,62.54626020000001,80.5021002,64.8926412,80.39279020000002,63.878719,78.00057699999998,61.26702779999999,81.13377879999999,66.6892282,86.85908020000001,74.8738098,99.095413,81.75267180000002,104.5850384,86.8242104,112.3892428,91.58091280000001,118.989428,97.6215992,122.5642992,97.5323524,118.9722504,92.38228640000001,111.8878332,86.26345780000003,100.4829196,75.92139159999999,94.4671676,74.05277459999998,92.716798,78.0134364,100.9085244,82.89412779999999,103.8473348,84.02158879999999,104.3960694,81.71850740000001,100.961976,78.60976160000001,98.5891516,77.07901159999999,92.2884656,69.91037359999999,80.96861200000002,59.115114,66.463539,48.1515774,53.7444394,39.5333984,43.74228580000001,31.3387068,36.3241164,26.8988258,29.8397586,22.5130942,25.7917456,18.2935502,20.9061028,15.27080508,16.42275368,11.3887498,11.7025664,6.730707907999999,6.112042148,2.876180548,2.127655028,0.216733828,0.11923832,0.0,0.0,0.0,0.0,0.0,0.0,0.0,0.0,0.0,0.0,0.0,0.0,0.0,0.0,0.0,0.0
110979>110923,757,757,WHMu,West Ham,NR Essex Thameside // UP,757,WHMu,West Ham,Jubilee // SB,Alight-Interchange-Board,1413.738630117,32.10184192400001,176.47136024,762.98896974,300.89546451,120.9828427412,20.2981509618,0.028599956,0.028599956,0.028599956,3.223783756,3.195183800000001,6.976899800000001,7.940222600000001,10.6799521,7.660847500000001,12.4639595,8.783610008,12.848040208,10.108310708,16.250756108,11.729842328,19.23720982,14.20945682,21.86107582,15.54255122,25.77570020000001,18.278939152,29.288576552,22.374439552,37.05364155199999,27.469598432,36.66088468,25.96648128,37.85548328,23.45494124,39.35816636,30.86953042,48.17533442000001,36.25520742000001,49.40690146000001,32.69018262800001,44.75171436800001,27.590599008,37.790133408,24.594441168,31.4040108,18.656228,30.79459936,20.05123848,32.19769672,25.40255251,35.74060111,23.42978837,34.68022325,22.45432887,33.03916988,22.74979304,27.83500778,17.48058398,25.01461536,14.29753856,18.7712618,13.3985658,17.5654224,9.8761654,13.9475566,9.39061728,13.66277148,8.43737328,10.85616508,6.78477388,8.231313400000001,3.9669066006,4.865211540600002,2.5104335806,3.6294205806,2.1600938006,2.5898699,2.23756402,2.6014544,1.4824674,1.46614938,1.02862588,0.4826268200000001,0.0547226,0.0547226,0.0,0.0,0.0,0.0,0.0,0.0,0.0,0.0,0.0,0.0,0.0,0.0,0.0,0.0,0.0,0.0
110979>110990,757,757,WHMu,West Ham,NR Essex Thameside // UP,757,WHMu,West Ham,DLR // OB,Alight-Interchange-Board,558.0035247073971,52.5004578912,88.29429598,181.13131776,131.06604684,78.322774,26.68863223619696,0.0037407928,2.0075387928,3.1058365928,7.266584192799998,7.9072799,11.0076079,9.60859206,11.59327766,7.909643920000001,9.22103402,6.54080382,8.07757486,5.4609559,7.256811240000001,5.7660257,8.331294100000001,6.644698299999999,8.42297646,6.48430916,8.1781685,5.55225818,7.800298380000001,6.18420198,8.31272648,6.549436280000001,9.062459,6.777038340000002,8.627551740000001,6.636131460000001,9.49055866,7.246583200000001,9.92336486,7.979157099999999,10.38071218,7.613664099999998,9.37847956,6.608798280000001,7.982578040000003,5.327453180000001,7.00021406,5.013972160000002,7.31998404,5.69395142,8.66974508,7.01973008,9.71719198,7.47319864,10.76538166,8.31938484,14.59364964,11.9813026,15.30710134,12.16892222,14.72457764,8.444825980000001,10.55078022,7.292672220000001,9.16583554,6.26400038,8.748844440000001,6.48251662,8.380772420000001,6.30979688,7.564106240000001,4.71332902,5.61447994,3.56932712,4.21709318,3.22376648,4.447313960000002,3.374624488,4.132959988000001,3.341022512,3.259890492,1.90202784283939,1.74335853923939,0.6775334592393906,0.5829142152393906,0.0016101352393906,0.0016101244,0.0,0.0,0.0,0.0,0.0,0.0,0.0,0.0,0.0,0.0,0.0,0.0,0.0,0.0,0.0,0.0
110979>110991,757,757,WHMu,West Ham,NR Essex Thameside // UP,757,WHMu,West Ham,DLR // IB,Alight-Interchange-Board,1166.860050553681,42.26840138,162.0622334000001,528.2112302800001,216.49154016,173.345871294,44.48077403968111,0.01714053,0.75649499,0.786822438,4.661761038,4.983617448,8.861641448,8.333931667999996,13.86699182,10.17346092,14.11040658,10.49011204,13.96563336,8.5056665,13.7672192,10.06477232,16.34538586,12.98423326000001,19.05055452,13.86541328,18.73937556000001,12.50739364,21.97541864,16.19235904,24.59166188,19.44580494,26.84680386,17.71137238,25.11849398,17.0265117,24.95517944,18.38896544,28.16092192,21.0309172,28.73005288,21.2306674,26.9873034,16.95654824,24.55064096000001,16.50502474,25.37986202,19.14673732,26.84227208,19.99765418,27.93266300000001,19.14892412,23.60562342000001,15.75996766,21.21471796,14.11892922,18.8102703,14.0088476,19.97866636,13.34804642,19.34569396,14.05832702,23.09352612,17.05067086,22.3133908,15.34922895,22.36679569,13.23946857,17.39648223,12.04472811,16.42394956,9.2810349,11.74262902,7.431555842000001,8.705936762,4.23535037010049,5.624061750100489,2.934661757352382,6.596765935352383,5.282270815352382,6.648517507251892,5.159198192586897,5.15919819138384,1.474502791383841,1.366246711383841,1.1383841e-08,6.0488346e-09,0.0,0.0,0.0,0.0,0.0,0.0,0.0,0.0,0.0,0.0,0.0,0.0,0.0,0.0,0.0,0.0
110990>110901,757,757,WHMu,West Ham,DLR // OB,757,WHMu,West Ham,EntEx,Alight-Exit,258.6992099300001,5.318661940000001,27.57564426,99.84906849000002,51.54841416000001,43.96081324,30.44660784,0.08990284,0.19575045,0.39851853,0.60539169,0.83884205,1.02637545,1.15529,1.00859093,1.61093517,1.421606326,1.897713946,1.785731166,2.401007756,1.845934336,2.71995542,2.39972184,3.04132146,2.72225546,3.13906962,2.59039176,2.60329014,1.929787106,2.268434066,1.831670466,2.645073246,2.602727306,3.961440740000001,3.69841374,4.9585894,4.161748200000001,5.11092618,3.96252618,5.072779880000001,3.968551020000001,5.782123700000001,5.055923200000001,6.443629,5.43164754,6.248062200000001,4.437546820000001,5.03574882,3.86459562,4.755765220000002,4.018068700000001,4.83197656,4.169483560000002,5.07546736,4.36320862,4.95979894,4.09715118,4.62659932,3.5965292,4.13411402,3.50288522,4.413698780000002,3.7775014,4.57233602,3.76773808,4.36771368,3.386789,4.15436656,3.31236014,3.81211228,3.14754618,3.96063798,3.0536747,3.58760254,2.83793608,3.453614040000001,2.55353444,2.92449808,2.151718092,2.596296972,1.666283724,2.024280624,1.542685344,2.698161412,2.471022812,2.4157276,1.8744859,1.6687033,0.4055955,0.0,0.0,0.0,0.0,0.0,0.0,0.0,0.0,0.0,0.0,0.0,0.0,0.0,0.0
110990>110916,757,757,WHMu,West Ham,DLR // OB,757,WHMu,West Ham,Dis+H&C // EB,Alight-Interchange-Board,874.2885165399997,4.704996492000001,85.72056528799999,351.1512312600001,199.02234522,139.07152618,94.61785210000002,0.07962538000000001,0.07962538000000001,0.11079408,0.2310748,0.3791190280000001,0.571204048,1.364300488,1.889253288,3.525353568,3.959721340000001,5.642562140000001,5.546779540000001,7.578074239999999,6.24400904,8.969045040000003,7.86494364,10.390666,8.53538728,9.85175188,7.61227158,10.03752478,7.35083054,9.96978206,9.43843294,12.46685924,9.986570060000002,12.8259761,10.53389322,13.32285054,11.62189334,15.34362992,13.62823232,17.79132520000001,14.8717392,18.39372100000001,15.7773412,20.4068268,16.3186536,20.7257676,16.5302694,20.0758218,15.8894248,21.2442776,16.599588,18.79935960000001,14.9958926,18.4143556,14.6937852,18.909065,15.58924272,18.34086332,13.89870932,17.61339311999999,13.79162076,18.55788644,15.41817154,18.28277014,12.4307543,14.60521986,9.97560386,12.91951576,9.70761416,12.4129654,9.8617035,12.2124917,8.797633900000001,10.4018221,7.4634315,9.3892518,6.806401060000002,8.07295826,6.34304412,8.545421319999999,5.98058326,9.780393199999999,8.86753326,9.115776,7.7265119,7.50969156,3.20342476,2.0659117,1.2109499,0.0,0.0,0.0,0.0,0.0,0.0,0.0,0.0,0.0,0.0,0.0,0.0,0.0,0.0
110990>110917,757,757,WHMu,West Ham,DLR // OB,757,WHMu,West Ham,Dis+H&C // WB,Alight-Interchange-Board,215.6993064462645,7.938848399999999,30.36460514,95.03546186000001,46.22784268000001,25.688718696,10.4438296702645,0.1105221,0.233129808,0.4767584680000001,0.7334349480000001,1.169936408,1.423173428,1.93613492,1.85575832,1.88629104,1.87906266,2.00368334,1.61410752,2.00437858,2.22221398,2.9602769,3.047727220000001,3.42703424,3.27038824,3.37736828,2.67207314,2.95628636,2.75278418,3.23461146,3.18785634,3.807732580000001,3.88856534,4.58778266,4.27328854,4.73949182,4.37956382,4.279196,4.021924340000001,5.34659406,4.86830882,5.41176632,5.24257624,5.440032360000001,3.989477820000001,4.056091540000001,3.19661166,3.267025,2.69287152,2.82211874,2.59290434,3.61046048,3.43624908,3.66047652,3.8773756,4.55951106,3.5920758,4.22373706,4.01365714,4.28514126,3.66344412,4.068973980000001,3.23674058,3.33096804,2.45180886,2.381723,1.84060662,2.18094574,1.68815414,1.99060478,1.82903628,2.0499262,1.54465052,2.40134142,1.998953096,2.265616656,1.935509596,1.828300982,1.022850182,1.199341846,0.776568426,0.5652851252529001,0.4704822992529,0.3166122992529,0.06326161925290001,6.392529e-07,0.0,0.0,0.0,0.0,0.0,0.0,0.0,0.0,0.0,0.0,0.0,0.0,0.0,0.0,0.0,0.0,0.0
110990>110922,757,757,WHMu,West Ham,DLR // OB,757,WHMu,West Ham,Jubilee // NB,Alight-Interchange-Board,777.2413963000001,2.596092,83.9811112,412.8608869999999,175.2119388,79.89364594000001,22.69772136,0.0,0.0,0.5192184,0.5192184,0.5192184,0.5192184,0.5192184,0.0,0.0,0.9095144000000001,2.27946966,3.12703636,5.84457636,7.42678896,9.01036996,10.0094343,11.2651312,10.5348962,11.685498,11.8883958,14.0407114,14.9748096,17.5497946,18.0619082,20.6014764,18.9348082,21.07525020000001,19.8626744,20.6538856,18.5028944,19.7886178,17.7998678,18.7478412,17.2451708,18.4496946,17.67393580000001,17.873846,15.316104,15.2359492,13.7203282,13.892856,12.5612834,15.0187178,15.2784614,16.3057182,14.5931526,14.7657544,14.4064134,14.9339282,12.987471,14.1589908,14.93878230000001,15.2380993,14.7688041,14.9557119,13.1591126,11.63714318,8.30380558,6.90909578,6.05459678,7.34595648,6.372587019999999,6.7572651,6.07595346,6.27533954,4.32638176,5.12564034,4.709880920000002,4.529194680000002,3.1431272,2.60121098,1.28750658,1.31345616,1.16706756,2.12442248,2.12442248,2.12442248,1.32553584,0.95735492,0.0,0.0,0.0,0.0,0.0,0.0,0.0,0.0,0.0,0.0,0.0,0.0,0.0,0.0,0.0,0.0,0.0
110990>110978,757,757,WHMu,West Ham,DLR // OB,757,WHMu,West Ham,NR Essex Thameside // DN,Alight-Interchange-Board,372.3102045480001,9.785636061999998,22.410225718,92.64458833,52.04756866,37.590159932,157.832025846,0.4326488,0.8009263799999999,1.1480053,1.264114528,1.672850848,1.313225802,1.583573122,1.570291282,1.777280014,1.790897294,2.29449202,1.67853559,2.01546237,1.77921877,2.25205397,1.724673936,2.193134386,1.664767586,2.002455886,1.237253896,1.98762765,1.55101187,2.18077101,1.93475989,2.61931228,1.93062834,2.7935974,2.328214,3.46892398,2.8080105,4.60627964,3.79266677,4.548891830000001,3.39016155,5.07813083,4.064072169999998,5.83568704,5.29314544,6.840743600000001,5.5167377,6.14094976,4.62722544,5.39135164,3.915688,4.32233482,3.0707426,4.58961212,3.68437946,5.031232380000001,4.23118382,5.343493920000001,3.79566252,5.11627072,3.80995852,5.07657422,3.97612356,4.72168708,3.25926078,4.14239518,2.89716594,3.61330264,2.65752818,3.34792716,2.30849415,3.05828661,2.400449290000001,3.04825751,2.135405412,2.886960742,2.0013483636,2.8183360836,2.0785883116,2.1886701196,2.2798194596,19.308399558,18.836220098,28.71434719,28.5892268,27.62983426000001,10.59150026,9.9087746,0.0,0.0,0.0,0.0,0.0,0.0,0.0,0.0,0.0,0.0,0.0,0.0,0.0,0.0,0.0
110990>110979,757,757,WHMu,West Ham,DLR // OB,757,WHMu,West Ham,NR Essex Thameside // UP,Alight-Interchange-Board,49.75498438800001,0.978855528,12.909988404,26.0341667588,5.8375194358,2.9365998594,1.057854402,0.0,0.0,0.0,0.0,0.120908452,0.120908452,0.368519312,0.368519312,0.368519312,0.43103644,0.5131693039999999,0.435574844,0.776149704,1.408562424,1.476472804,1.60731714,1.74929268,1.57634174,1.36063438,1.206917632,0.993940432,1.041134712,0.928940752,0.512235392,0.8245735000000001,1.14731684,0.99233118,1.003043994,1.187834114,0.791459666,0.601385406,0.4075733754000001,0.7686816014,0.6687450014,0.8993643694000001,2.2789459894,2.358351226,2.139306926,2.1081237,2.00211954,0.538777404,0.655862698,0.6160594779999999,0.5680594618,0.4716097058000001,0.4227011418000001,0.5483115218000001,0.4600651898000001,0.6105305520000001,0.6536549979999999,0.722496008,0.4056491229999999,0.526438595,0.370302955,0.3072999278,0.3384597178,0.4277534828,0.2347428018,0.3313262338,0.3274136538,0.3384096018,0.2573355858,0.2939173968,0.2062020236,0.2303886588,0.1193919108,0.0955296068,0.07418890280000001,0.095118864,0.138625906,0.1503808620000001,0.1503808620000001,0.184600484,0.154802464,0.06915162400000001,0.057396668,0.057396668,0.0,0.0,0.0,0.0,0.0,0.0,0.0,0.0,0.0,0.0,0.0,0.0,0.0,0.0,0.0,0.0,0.0,0.0,0.0
110991>110901,757,757,WHMu,West Ham,DLR // IB,757,WHMu,West Ham,EntEx,Alight-Exit,68.10775397700002,5.068925057,11.253983118,29.99871151,10.551573046,6.108226712,5.126334534,0.0029233024,0.0055397474,0.4767510874000001,0.5922337394000001,0.8301223394000001,1.043676597,1.222256572,0.8954216720000001,1.0257647,0.8992878500000001,0.8455645900000001,0.74504146,0.7349816400000001,0.563588434,0.6131732040000001,0.6003278040000001,1.014757514,1.168690794,1.50795718,1.534847948,1.616713488,1.185570828,1.143227408,0.90025666,0.989278872,0.982677152,1.350297552,1.278349292,1.41945318,1.28508304,1.42500812,1.21483598,1.51151264,1.41930452,1.51037066,1.4972113,1.66816754,1.348713106,1.348523926,1.220398906,1.006724646,0.8551183859999999,0.95455742,0.867356888,1.044505868,1.035695828,0.9490327280000002,0.83606164,0.8379972059999999,0.6953954259999999,0.9008290259999999,0.8689155059999999,0.9675604740000001,0.8679292959999999,0.88443903,0.6632110179999999,0.680486308,0.481701582,0.5899328399999999,0.52998275,0.513723574,0.4517701040000001,0.6016466840000001,0.5408045560000001,0.5226631320000001,0.452907264,0.4483957320000001,0.294212186,0.50275966,0.4997153520000001,0.549713752,0.5793495439999999,0.6329680900000001,0.366049492,0.371367132,0.3501041940000001,0.382015294,0.2951950799999999,0.2716385179999999,0.190919286,0.1345391399999999,0.0,0.0,0.0,0.0,0.0,0.0,0.0,0.0,0.0,0.0,0.0,0.0,0.0,0.0,0.0
110991>110916,757,757,WHMu,West Ham,DLR // IB,757,WHMu,West Ham,Dis+H&C // EB,Alight-Interchange-Board,415.69384417,16.2605209,60.58822540000001,189.9007504,70.52772558,53.31890012,25.09772177,0.0,0.0,1.0385931,1.73149286,2.50197034,3.10179134,4.110294339999998,3.77637892,4.10428586,4.247827780000001,4.67450938,4.64497658,4.898549800000001,4.76023898,4.96341818,4.89220466,5.58005346,5.710793440000002,6.055389160000002,6.055978120000002,6.612005440000001,6.697495040000002,6.911791560000001,6.532703820000001,6.541776120000002,5.897914060000002,5.88129846,5.93039526,6.512892800000001,6.470134140000001,8.214328000000002,8.382430000000001,9.3214718,9.34065846,10.59937806,9.43739578,9.58527398,8.88759826,9.47278,8.415439600000003,8.62408708,8.28445068,8.963074200000003,8.383977799999998,8.20364648,7.60901368,7.10217718,5.71377946,5.466691559999999,5.222929740000001,5.30292314,4.94279758,5.1612657,5.00928786,5.5461179,5.2470953,5.631510560000001,5.683747660000001,5.703679460000001,5.11584936,5.05915764,4.41264054,4.1638805,3.92064824,3.87465484,3.53071962,3.38808928,2.83432242,2.39359602,2.14215756,2.31717916,2.21571344,2.69984644,2.76687696,2.665970380000001,2.237847654,2.279567714,1.443280314,0.983568994,0.5715202340000001,0.3805969,0.0,0.0,0.0,0.0,0.0,0.0,0.0,0.0,0.0,0.0,0.0,0.0,0.0,0.0,0.0
110991>110917,757,757,WHMu,West Ham,DLR // IB,757,WHMu,West Ham,Dis+H&C // WB,Alight-Interchange-Board,241.7655204500001,19.5199862,49.3268971,98.65532362,34.01740592,21.75109601,18.49481160000001,0.21363326,0.3259654400000001,1.58696744,2.32100804,3.372410700000001,3.537401400000001,4.38135574,3.78124418,4.23409258,3.63981152,4.41254756,3.81527936,4.00859224,3.370339,4.157413399999998,3.817542,4.61549448,4.2623558,4.77135324,4.222075920000001,4.29390546,3.740376460000001,4.18167394,3.817102,4.23558492,3.9482221,4.2642097,3.805624,4.62367448,4.2238894,4.891492,4.7585259,5.284464180000001,4.37211444,4.63002798,3.99225092,4.14816156,3.7082337,3.80925554,3.34896228,3.60977094,3.41621396,3.92021412,3.631373640000001,3.93275804,3.44745646,3.10017844,2.46040758,2.55483462,2.13477614,2.46896412,2.46982096,2.70948698,2.65753758,3.15393766,2.92724734,3.0777958,2.76190544,2.90882224,2.227084,2.01516682,1.61758336,1.56382818,1.04946032,1.05300656,0.94087171,1.31969061,1.21588097,1.53010103,1.60916415,2.41022638,2.1117043,2.4604894,2.28274146,2.41220142,1.42640562,1.19074802,0.6417359400000001,0.4192938800000001,0.0,0.0,0.0,0.0,0.0,0.0,0.0,0.0,0.0,0.0,0.0,0.0,0.0,0.0,0.0,0.0,0.0
110991>110922,757,757,WHMu,West Ham,DLR // IB,757,WHMu,West Ham,Jubilee // NB,Alight-Interchange-Board,1.154040877041323,0.04519600538852001,0.52045206450178,0.364845980534,0.139730717906,0.07757810297999998,0.006238005731022,0.0,0.0,0.0,0.0044290374,0.0044297936234,0.0092759210234,0.009276675670860001,0.01778457767086,0.01335656131806,0.03202934709466,0.02718321969466,0.04249830024720001,0.0339903982472,0.07157216520000001,0.05913310180000001,0.07031966980000001,0.05500383460000001,0.06479234060000001,0.0272095526,0.0233635733,0.0226857253,0.0275015619,0.0177188462274,0.0188589495274,0.0164769269934,0.0120105797934,0.0072067443638,0.0118025332364,0.0106824760974,0.0134810889314,0.007466530577399999,0.008651637206999999,0.004050058007000001,0.005561841726000001,0.002756752126000001,0.003850061940000001,0.0028526525,0.0242072697,0.0231399256,0.02461011068,0.02415659994,0.03910863958000001,0.01800921482,0.01799925376,0.016655183634,0.021264152914,0.006112414914000001,0.006194768674000001,0.005778993198000001,0.006287133744000001,0.001034535192,0.006806765592,0.006484967106000001,0.019551937862,0.018917682362,0.024642182714,0.018869952314,0.0217601138,0.0086543938,0.009739924399999999,0.003991439800000001,0.004540347500000001,0.0016344383,0.00194548698,0.00085995638,0.0010511654,0.0022023641,0.002328520206,0.002017471526,0.002017471526,0.001826262506,0.00017627814,5.012468027840002e-05,5.012468027840002e-05,5.012881340440001e-05,5.012881340440001e-05,6.779404400000001e-09,4.133126e-09,4.133126e-09,0.0,0.0,0.0,0.0,0.0,0.0,0.0,0.0,0.0,0.0,0.0,0.0,0.0,0.0,0.0,0.0,0.0
110991>110978,757,757,WHMu,West Ham,DLR // IB,757,WHMu,West Ham,NR Essex Thameside // DN,Alight-Interchange-Board,168.9298618672847,17.162381452,40.716166118,67.01955186800002,21.080585286,13.638136638,9.3130405052847,0.18469458,0.205376364,1.867095564,2.125878764,3.096641484,3.033115910000001,4.128352006,2.52122678,2.87711298,2.07973692,3.362738514,2.389593964,3.36517899,2.80535613,4.03593037,2.816356910000001,4.67508598,3.88368932,4.824613320000001,3.60077272,4.52460768,2.82860474,3.1543181,2.29291263,2.70337403,1.763899878,2.134194978,1.765909268,2.718257138,2.374067578,3.44055763,2.92616649,3.8957089,3.06558086,3.76186564,2.69082294,3.53818392,2.48556672,2.97909406,2.11738798,2.83175398,1.849428228,2.936704428,2.240584072,2.871371032,2.080495316,2.557921628,1.486120968,2.056204264,1.402549012,1.777480728,1.359868108,1.693631868,1.117195902,1.557550214,1.120196246,1.649192966,1.21468655,1.550088816,1.085001792,1.32293898,0.7333665520000001,1.086311128,0.7270747679999999,1.218670792,1.029570176,1.19041325,0.830820868,1.216443668,0.7456222020000001,0.920943418,0.7355978018000001,0.7815626398000001,0.3721791197300001,0.72764538573,0.8857989257300001,0.8846253976569399,0.8174402816569399,0.81739588172694,0.40778522172694,5.617269400000001e-07,0.0,0.0,0.0,0.0,0.0,0.0,0.0,0.0,0.0,0.0,0.0,0.0,0.0,0.0,0.0
110991>110979,757,757,WHMu,West Ham,DLR // IB,757,WHMu,West Ham,NR Essex Thameside // UP,Alight-Interchange-Board,19.51713031600001,2.44536958,7.414114210000002,6.347444709000001,1.2660416656,1.7477577074,0.296402444,0.0,0.0,0.0,0.0,0.27514246,0.44646064,0.80408184,0.91968464,1.17896926,1.15727526,0.9859570800000002,0.8197827080000001,0.7041799080000001,0.6066637880000001,0.4088403920000001,0.438750102,0.298537394,0.298537394,0.1367688940000001,0.3798520300000001,0.34994232,0.2987082,0.2987082,0.331211552,0.1997849120000001,0.1997849120000001,0.1997849120000001,0.2246219440000001,0.2643053060000001,0.166021152,0.166021152,0.188672452,0.353507472,0.335382418,0.5198945320000001,0.5297264054000002,0.5711586694000002,0.4261234714000001,0.3720618114000001,0.1185522914,0.108720418,0.044636854,0.04005667600000001,0.04005667600000001,0.111346192,0.111346192,0.1283262052,0.1043002044,0.1043002044,0.0330106884,0.06139173840000001,0.0774520932,0.07196834060000001,0.07196834060000001,0.1997099286,0.1909215378,0.1930083038,0.200651248,0.200651248,0.07290966,0.0533170008,0.0181898668,0.1126943,0.1126943,0.22408402,0.22408402,0.22408402,0.11138972,0.11138972,0.0,0.0194271668,0.0370025448,0.0370025448,0.0370025448,0.0370025448,0.017575378,0.0,0.0,0.0,0.0,0.0,0.0,0.0,0.0,0.0,0.0,0.0,0.0,0.0,0.0,0.0,0.0,0.0,0.0,0.0,0.0
20901>20916,761,761,WMSu,Westminster,EntEx,761,WMSu,Westminster,Cir+Dis // EB,Enter-Board,6972.31454924,22.05976734,166.4447451,3193.1479208,2131.793138,1011.4529398,447.4160382,0.438911692,0.8084260320000001,1.538259392,2.292051992,2.844769872,4.2725865,4.81001896,5.054742900000001,4.99743562,5.07498192,5.704779719999999,7.48762932,9.41427642,12.7345559,15.4055004,17.5103766,19.003762,20.3322074,22.5004604,26.2787794,31.3801128,38.760561,48.443988,60.7280132,74.35451599999998,86.55806860000001,100.2062546,115.1260718,125.5691848,141.79972,149.189272,157.644056,157.71567,160.299208,153.304476,156.221374,159.316508,163.96512,167.859484,173.653738,182.244174,192.655242,195.647468,200.50564,204.502166,203.942424,198.823902,195.781584,185.950514,179.61041,176.439914,166.620756,162.967718,164.542298,153.226156,139.385296,125.19608,114.972442,100.099106,93.966217,87.95401199999998,84.92923599999997,78.17782799999998,73.65016340000001,70.0476472,63.5569702,59.9658572,58.93738079999999,55.2753474,59.59253459999999,58.72286920000001,55.72795360000001,50.37162720000001,47.1651742,35.54490960000001,29.248355,22.5733132,16.083172,10.360919,4.989803599999999,1.7600596,0.0,0.0,0.0,0.0,0.0,0.0,0.0,0.0,0.0,0.0,0.0,0.0,0.0,0.0,0.0
20901>20917,761,761,WMSu,Westminster,EntEx,761,WMSu,Westminster,Cir+Dis // WB,Enter-Board,6117.058697130001,16.06930857,166.07411096,2526.7491226,1863.5329814,1033.0377758,511.5953978000001,0.095095926,0.314510826,0.592132286,1.304546646,1.984151706,2.91656478,3.95270428,4.909602120000002,5.13578256,6.01027162,6.36510962,7.174408320000001,8.400028220000001,9.70081362,11.7369575,15.9486421,18.2205832,21.394275,24.8620996,31.1251396,34.51751700000001,40.36225960000001,48.1211838,56.711707,62.27241899999999,70.747074,78.28358320000002,86.922782,93.478642,100.614797,103.955959,110.589983,112.954575,118.926261,120.0437368,125.6175368,130.3209228,135.7745448,136.9380548,143.457406,148.207484,153.624772,153.03429,161.271632,160.82338,164.985964,162.985474,164.48855,154.38862,153.695286,151.593344,150.758624,151.865292,157.907706,150.3402452,139.7004962,127.4997342,114.1021142,97.21243220000002,91.1517662,85.8509092,80.9562152,76.8933052,74.80938920000001,74.483695,69.66366040000001,70.65538240000002,69.75917240000001,69.83176440000001,68.3197282,68.0126512,60.05670840000001,53.4360024,45.70199740000001,40.22461560000001,32.56135920000001,27.655874,20.76389,15.230291,7.128144000000002,2.672372,0.0,0.0,0.0,0.0,0.0,0.0,0.0,0.0,0.0,0.0,0.0,0.0,0.0,0.0,0.0
20901>20922,761,761,WMSu,Westminster,EntEx,761,WMSu,Westminster,Jubilee // NB,Enter-Board,8501.952441840001,33.49577212,200.16118528,3383.113542,2609.868072,1500.9995268,774.3143436400003,1.47497704,1.84211314,2.65835454,3.90349102,4.50538482,5.55611236,6.565665400000001,6.989673799999998,6.659742919999998,6.489147259999998,7.25490806,8.98805512,11.89381552,14.8524344,17.4200252,19.7632136,22.49935900000001,23.8052992,26.7762038,33.7589812,39.1306546,45.6626354,56.21078300000001,65.87363979999999,74.1370668,85.40657340000001,97.058815,106.741755,118.049915,130.736422,140.67249,152.852586,159.87159,165.034282,171.87299,172.99546,178.665814,186.198816,193.822876,190.562976,200.819894,210.917224,216.575542,223.242742,236.050594,241.683324,240.182114,240.809882,230.819852,221.756424,221.09943,208.020038,198.739512,199.834004,194.587746,176.285152,170.62175,163.760694,152.650452,141.88806,135.477057,125.055543,115.516279,108.190068,104.5877872,97.2686462,92.3752872,93.6079032,91.7501842,89.96707420000001,90.3402462,84.20155720000002,69.85324360000001,57.71865500000001,49.1525486,37.5065098,32.0549988,27.497385,23.781775,17.9575846,15.226448,10.56205768,8.84037408,9.27469788,7.561960600000001,7.111015400000001,7.639142260000003,7.702938540000003,5.74766794,5.524732360000002,4.86053608,4.485646300000001,3.07755507,2.57693715,1.45451961,0.8863524899999999
20901>20923,761,761,WMSu,Westminster,EntEx,761,WMSu,Westminster,Jubilee // SB,Enter-Board,6637.65331854,38.77406854,150.62755846,2640.93841,1885.523066,1136.305671,785.4845445399999,2.53221954,3.39664754,4.59653894,4.53323962,5.191840859999999,5.418609979999998,6.618843180000002,6.486128880000001,6.49399058,6.30803076,7.46072764,8.46964004,10.65970354,12.7152997,14.4382374,14.506445,14.6297568,15.4588462,18.131425,21.3554558,26.737664,32.1417758,39.5772898,47.3202146,57.5613872,69.37764700000001,80.92477579999999,92.4343538,105.272047,114.108959,118.934316,124.967586,130.469404,131.213604,133.079362,134.130214,135.62825,135.742696,140.827084,142.975846,148.404168,161.664704,167.12245,170.322612,171.96353,177.958464,167.391464,165.660528,157.576372,157.853752,153.371148,156.383514,150.595646,152.827528,142.934532,131.006588,116.633806,115.755436,108.5451472,104.8744632,102.4172524,99.8974584,89.73819940000001,83.02552820000002,80.39418620000002,77.846965,75.49986700000002,81.677362,81.01513,81.08774600000002,77.58454680000001,71.7748854,59.57746479999999,54.1848228,47.48309200000001,42.9527952,39.3519028,34.65015820000001,29.2268042,24.51154540000001,19.9252772,15.4936875,13.7256429,12.2627687,10.3580829,9.3427123,10.818771,9.1443786,7.97728132,7.086754559999998,6.77205296,5.78491112,4.50391774,4.046771140000001,3.2995253,1.5411157
20916>20901,761,761,WMSu,Westminster,Cir+Dis // EB,761,WMSu,Westminster,EntEx,Alight-Exit,9051.416068345998,46.044048346,1093.7628642,5418.31401,1664.205573,635.0879346,194.0016382000001,0.212605858,0.4840013980000001,1.284571318,3.401803918000001,5.507522274000001,7.983333260000002,11.69587212,15.4743382,18.4117794,21.6131946,25.4518804,33.2677766,45.1381026,62.6418268,84.39470320000002,111.1758826,137.93977,165.659478,181.280556,206.787914,230.820204,250.503142,258.960532,282.627852,279.641116,273.929252,262.299518,256.735304,246.428828,242.266452,232.65751,228.911542,223.071296,210.934892,202.253322,199.34802,195.7199,193.767248,191.493428,194.290056,194.406136,191.780722,189.546094,185.921644,176.99141,169.666914,161.281922,152.349934,149.6197000000001,145.091608,137.108307,130.223721,123.815057,113.429137,106.083675,98.544188,92.18581999999999,83.60432200000002,73.7707932,64.1419538,56.7864182,51.3470422,44.4152076,40.5420432,37.3864312,33.64249960000001,28.4536802,28.81172340000001,28.00940860000001,26.85533640000001,24.82760600000001,23.23701920000001,19.905582,17.1322642,14.7200038,13.2871974,10.96671536,7.75937396,4.65220776,2.19871376,0.45020976,0.0,0.0,0.0,0.0,0.0,0.0,0.0,0.0,0.0,0.0,0.0,0.0,0.0,0.0,0.0
20916>20922,761,761,WMSu,Westminster,Cir+Dis // EB,761,WMSu,Westminster,Jubilee // NB,Alight-Interchange-Board,1456.609418104,13.892179464,90.48552124,498.3969860000001,390.6571118,264.3396858,198.8379338,0.3377692288,0.5224001488000001,0.7349029688000002,1.1714152888,1.7825994488,2.38481102,2.999954740000001,3.958326620000001,4.19515142,4.40865872,5.02640886,5.618098160000002,5.67335814,6.42341894,6.820530740000001,7.90047114,9.2018664,10.61969932,11.5225474,13.075312,14.3553678,14.7920792,15.0679436,15.28747,15.188768,14.812619,14.904382,15.707497,17.760537,18.6523192,20.7136472,22.2302812,23.3159122,23.3124642,23.766399,23.0071416,23.2085966,23.8323272,24.0430938,24.2521244,25.4738262,26.9270828,28.17780620000001,29.6073006,31.26268360000001,31.6782576,31.7156596,31.453098,31.7246832,32.948132,33.6137516,34.10147360000001,33.6931896,33.301663,33.0692036,32.0953164,31.1543728,30.2023334,28.8866274,25.37830240000001,23.4280742,20.7033676,19.464348,17.5616964,16.8634258,16.5391724,17.1177242,17.0402412,18.3485724,18.0459364,18.16199240000001,17.9993476,18.334735,20.2941546,21.3997506,19.7575216,18.1894218,14.11039,7.9453128,4.1508384,2.0999602,0.0,0.0,0.0,0.0,0.0,0.0,0.0,0.0,0.0,0.0,0.0,0.0,0.0,0.0,0.0
20916>20923,761,761,WMSu,Westminster,Cir+Dis // EB,761,WMSu,Westminster,Jubilee // SB,Alight-Interchange-Board,12152.76589506,84.58610706,693.8060640000001,4701.356659,3459.660428,1856.77108,1356.585557,0.82429554,2.54577374,4.06252246,6.860221060000002,9.94694082,14.72597792,20.07429112,25.5460844,30.5906458,33.2128,35.5810046,37.2157946,41.2440602,45.96493820000001,55.351204,63.521939,74.76111159999999,82.788048,92.366777,101.207741,109.943833,115.407565,125.580281,132.990886,143.0497,152.429668,162.740508,172.894522,191.50929,207.740946,221.469078,231.941592,238.78811,236.997042,226.993514,220.91391,218.636262,215.791612,208.98002,214.473814,220.431948,229.792236,242.031134,259.829188,268.060754,277.89026,277.22014,287.801436,300.911312,309.554836,308.944382,318.4200320000001,308.9846560000001,286.808854,265.86761,249.196156,222.634532,201.602352,185.000576,174.635804,162.630062,152.285514,139.6279092,130.4377112,121.8749012,118.4539792,118.8870192,128.70072,139.39026,150.651004,156.810286,163.481984,158.056942,156.668228,132.734789,112.512497,84.54762779999999,57.09159380000001,25.28603380000001,15.0416048,4.3127068,0.0,0.0,0.0,0.0,0.0,0.0,0.0,0.0,0.0,0.0,0.0,0.0,0.0,0.0,0.0
20917>20901,761,761,WMSu,Westminster,Cir+Dis // WB,761,WMSu,Westminster,EntEx,Alight-Exit,7852.633130130002,70.60823033,870.6810772,4773.875967999999,1405.421277,559.6099636000001,172.436614,0.094485266,0.647090186,1.760555106,3.878337306,8.315114106000001,13.54439784,18.64392272,23.7243278,29.1311672,30.9997436,31.84776,35.860509,42.549369,51.5112754,62.9176082,81.9318088,99.327694,118.857076,130.559894,155.187172,167.686826,186.017266,192.76391,215.705662,216.281404,224.821056,221.436086,227.089274,214.49126,211.816174,205.047302,205.64214,197.099254,196.638558,194.10054,195.304164,192.64494,196.19311,194.81337,196.004936,187.548004,182.000284,177.511632,175.218816,163.168638,156.96314,148.258394,140.706292,127.235584,119.119576,110.279746,101.475067,89.88249300000003,85.24641700000002,81.828591,81.25733900000002,77.57515520000003,73.35559,66.6249032,59.56753120000001,50.5669504,44.4672838,39.5652918,35.31086180000001,31.49886900000001,29.4275766,26.9116746,24.73827600000001,24.3158524,24.5001922,22.1489136,21.092941,18.45308540000001,15.4956732,12.9333514,10.9323506,8.52617852,6.277089920000001,4.348994520000002,2.28718532,1.12480592,0.0,0.0,0.0,0.0,0.0,0.0,0.0,0.0,0.0,0.0,0.0,0.0,0.0,0.0,0.0
20917>20922,761,761,WMSu,Westminster,Cir+Dis // WB,761,WMSu,Westminster,Jubilee // NB,Alight-Interchange-Board,994.7861262700001,8.91090633,52.22328294,330.4952753,247.5556428,169.3868648,186.2141541,0.04209766,0.156897494,0.408720674,0.6870357140000001,1.133332914,1.618214134,2.18953358,2.67507416,3.33534144,3.76324044,3.82928136,3.7114422,3.54647444,3.14047664,3.11430344,3.786191100000001,4.906314180000002,5.343600980000001,6.38137046,7.365246260000001,8.783014600000001,9.1693906,10.2438342,10.7797786,11.2482689,10.3824199,10.3285573,11.1631921,11.8423443,11.8041916,12.9234732,14.2549004,15.0977336,15.7042184,16.5848694,16.8176396,16.8271672,16.2586928,15.8501294,15.673034,16.042384,16.3988812,17.5790546,18.7381054,19.5502698,20.4653452,21.443646,21.9490788,22.3808206,22.2729024,21.6207138,21.6816104,20.3075308,19.2378644,18.747321,17.8985396,15.9480432,15.8378562,15.1107876,14.6929966,14.4582552,14.1836506,13.2796274,12.9240124,12.5095982,12.4771726,13.2112974,14.7535674,16.242398,17.0434196,18.5482096,18.26279760000001,18.8524168,18.34231680000001,19.2645806,17.35432440000001,16.28309590000001,11.6607703,8.2602251,4.189650100000001,1.9099493,0.0,0.0,0.0,0.0,0.0,0.0,0.0,0.0,0.0,0.0,0.0,0.0,0.0,0.0,0.0
20917>20923,761,761,WMSu,Westminster,Cir+Dis // WB,761,WMSu,Westminster,Jubilee // SB,Alight-Interchange-Board,606.7843598410002,3.467455665,10.566591586,140.54748979,190.3416339,113.2053416,148.6558473,0.007923956999999999,0.0187835902,0.1796135102,0.2982189802,0.4522434202000001,0.6313967711999999,0.917094258,0.9621811779999999,1.04110388,0.959627,0.819802954,0.58861165,0.56712008,0.517297728,0.566194858,0.6915797359999999,1.00789618,1.10494557,1.24957333,1.45283862,1.44710301,1.36650965,1.46557319,1.59594701,1.71036019,1.9707244,2.310419860000001,2.83833198,3.40674348,4.474094999999999,5.431110260000001,6.203226100000001,6.66904198,7.083398020000002,7.077572220000001,7.28340596,7.75346576,8.35540856,8.82932002,9.41475914,10.1149818,10.5593022,11.1824612,12.0042288,12.1619505,13.1031231,14.8363591,16.4889607,18.7895745,20.22676340000001,20.2278966,19.45263300000001,17.8331376,14.748975,12.14535334,10.32690706,8.4418656,7.354693500000002,7.047936099999999,7.50592626,8.30065054,8.7390358,9.053467300000001,9.6007771,10.4245606,10.7017764,12.1389382,13.8957142,15.232628,15.3595384,16.6062334,17.08149,15.3053826,14.8511438,15.3763098,12.6702433,9.94124102,8.10083882,5.060006220000001,2.04877922,1.02201272,0.0,0.0,0.0,0.0,0.0,0.0,0.0,0.0,0.0,0.0,0.0,0.0,0.0,0.0,0.0
20922>20901,761,761,WMSu,Westminster,Jubilee // NB,761,WMSu,Westminster,EntEx,Alight-Exit,8383.7598167,165.1644895,1088.4386994,4771.064985999999,1398.479972,652.2582728,308.3533970000001,1.98532192,3.64222752,7.38942492,12.02691234,20.7236664,30.03911380000001,40.14887460000001,49.20894800000001,55.9740846,62.21019860000001,60.75599260000001,61.54078820000001,65.47633739999999,73.18265400000001,79.23371,96.784402,112.85292,128.441674,139.745448,152.24049,162.39846,172.31147,178.3962220000001,189.84237,197.261322,206.598426,212.267022,214.071188,215.172116,219.826644,219.563674,218.458146,220.503838,220.47404,213.182128,207.78522,206.694976,204.7554,196.242442,191.985382,185.792202,179.487826,172.714278,165.280194,152.506,142.534222,127.03035,117.89596,117.51538,117.244078,114.262068,112.974644,107.497914,100.213004,96.664549,92.141803,86.71940500000001,81.145409,72.9088164,64.60524939999999,59.1070714,54.7876182,48.39741420000001,43.99862440000001,40.66894440000001,35.6998836,32.8853918,31.334445,29.5223958,27.5778922,24.5172122,22.7700282,21.72202,20.5121616,18.2528732,17.451797,15.3536376,13.5848908,11.1638246,10.6216462,9.407826400000001,8.7691151,6.80813614,7.463030340000001,6.02178966,5.910168860000002,4.350529320000001,4.64039948,3.08769398,3.5779407,2.85826616,3.26784014,2.66313084,2.82383454,1.9483209,1.70499504
20922>20916,761,761,WMSu,Westminster,Jubilee // NB,761,WMSu,Westminster,Cir+Dis // EB,Alight-Interchange-Board,502.2802879540003,9.546550184,59.62740514,232.56031238,109.82416564,56.25024074000001,34.47161387000001,0.058421652,0.10957024,0.3493441,0.6100299,1.330002404,1.934572788,2.28032338,2.87428572,3.320785620000001,3.85165202,3.87184788,4.3914635,4.41488004,4.836687860000001,4.67316238,5.20265868,5.78307988,6.26859624,6.43807052,6.57452052,6.62111962,6.53229082,7.14255832,7.56686992,8.8050466,9.8671414,10.8941456,10.8936332,11.7487009,11.6025117,11.4349913,11.2715387,11.6844789,11.4303562,11.0519332,11.1795312,10.8411494,10.4905788,9.7235264,9.0695538,8.407049200000001,8.024713400000001,7.9217864,8.355107400000001,8.60364492,8.61537232,9.09470852,8.96736492,8.96081022,9.2181729,9.375307499999998,9.0379171,9.798220599999999,9.4292095,9.6439773,9.07945984,8.93445344,7.391327240000002,6.618348920000002,5.671107320000001,5.079756099999999,4.08825878,3.76162094,3.36432288,2.86895788,2.77033102,2.81867806,2.88307816,3.09480054,3.49994354,3.693327580000001,4.25689906,4.34459198,4.233697879999998,3.58158544,3.08161262,2.09912129,1.27196561,0.7269865100000001,0.40127135,0.18581047,0.0,0.0,0.0,0.0,0.0,0.0,0.0,0.0,0.0,0.0,0.0,0.0,0.0,0.0,0.0
20922>20917,761,761,WMSu,Westminster,Jubilee // NB,761,WMSu,Westminster,Cir+Dis // WB,Alight-Interchange-Board,6543.946035,171.830025,1477.721457,2144.8697212,745.5534752000001,1230.6805166,773.2908400000001,3.3331368,5.589944600000001,10.2283654,15.2896584,23.3523144,27.8278362,37.9111194,48.29764979999999,59.59717480000001,71.18572080000001,81.32177020000002,95.20924920000002,109.153052,120.647404,129.849822,149.446314,163.047916,163.540068,165.306706,169.41626,168.267626,165.85991,174.642394,173.163552,152.691048,128.9830508,103.1657284,78.2004364,61.3680318,62.8156186,63.05508979999999,66.80626020000001,65.74738359999999,67.7711022,65.724933,65.337277,61.516227,61.93191700000001,58.48054939999999,58.7737272,58.07945060000001,60.63538860000001,59.77750960000001,62.07551000000001,59.9746372,60.7009906,57.15637660000001,59.0262202,59.0043262,63.8849056,63.7287108,65.90595280000001,64.00910280000001,64.48014680000001,59.69458080000001,67.98752480000002,87.85872080000001,100.8670968,111.81091,122.7720832,124.7099612,110.7729832,106.9637222,99.32009620000001,97.619487,90.782893,90.43067099999999,86.77189200000002,92.956544,83.19202340000001,76.20745099999998,82.728541,82.12646099999999,73.60215500000002,74.131313,75.30503279999999,54.1942182,37.5059362,23.91534020000001,13.7107328,3.7150914,0.0,0.0,0.0,0.0,0.0,0.0,0.0,0.0,0.0,0.0,0.0,0.0,0.0,0.0,0.0
20923>20901,761,761,WMSu,Westminster,Jubilee // SB,761,WMSu,Westminster,EntEx,Alight-Exit,6571.208927360001,82.99481494000001,811.6369832,3763.335278799999,1220.1842628,506.6584338000001,186.39915382,0.7232907199999999,1.45854458,2.64187898,5.544623440000001,9.53888086,14.76687616,21.4989853,26.82173490000001,31.3375804,32.80189960000001,35.346291,38.7216686,46.6100518,56.51940820000001,68.1950314,80.21854379999999,92.41842400000002,101.8487548,107.8141028,119.8052268,130.8646268,139.502152,145.66685,153.490546,156.583322,160.531594,163.329362,164.392126,167.800518,177.205844,178.5912599999999,176.98114,179.436204,175.082256,164.308154,159.073098,156.883732,152.88296,150.049748,147.358884,143.802304,141.806224,140.87383,136.838544,128.845648,122.7932268,117.3648428,111.6477348,109.7071188,108.8880768,104.259946,95.1989432,88.1292952,81.2954332,78.1827452,73.871252,71.56575079999999,65.3616816,58.70891700000001,49.55251060000001,45.58497380000001,40.749431,37.9213312,34.89625220000001,31.48537940000001,26.7908886,23.34089860000001,20.700419,20.3728094,19.2733476,17.9251688,16.8480016,14.3480726,11.2743664,10.4317958,9.054007,7.6679863,7.356861200000001,6.422523119999998,5.65650484,5.029883460000002,4.9195502,3.96249948,4.5703477,3.370645296000001,3.181750216,2.326368296,2.353226256,1.217938976,1.67118014,1.30481182,1.50631968,1.34978656,1.39587322,0.85657034,0.7509575199999999
20923>20916,761,761,WMSu,Westminster,Jubilee // SB,761,WMSu,Westminster,Cir+Dis // EB,Alight-Interchange-Board,1618.823054756001,32.397109676,144.25028948,653.5500248000001,527.9740908,165.05262286,95.59891714,0.140362489,0.441497429,1.236369149,2.735102549,4.18380124,5.577380540000001,7.7910268,10.29156948,11.87704828,12.038046,11.95910634,10.92687948,9.64834828,8.469888480000002,9.52802428,11.18277054,13.8279688,14.6567268,15.0435418,15.0919404,14.9731936,13.7507004,13.47684,14.21981,14.345537,15.51784,16.1419386,17.4725,18.8187962,20.9434064,24.0808612,27.6032504,31.8025286,34.8262584,36.955649,37.50416360000001,37.8113964,36.736596,35.9032936,35.7240804,36.9006162,38.15261260000001,39.06224460000001,40.82591160000001,42.4492224,41.7732834,40.95494620000001,41.99735220000001,42.8899238,43.5903496,45.58405620000001,48.22186740000001,49.81220040000001,49.2787708,44.046392,37.37572640000001,29.9963482,21.8092216,15.4824624,14.3084634,12.9591058,11.9051566,11.3115272,10.986512,9.71526912,8.971683780000003,8.64731178,8.95956098,9.10478278,9.737618460000002,10.8916632,12.4005958,12.024653,11.7550144,9.99966046,8.18188366,5.19457514,3.46983374,1.55095494,1.09330648,0.1943750800000001,0.0,0.0,0.0,0.0,0.0,0.0,0.0,0.0,0.0,0.0,0.0,0.0,0.0,0.0,0.0
20923>20917,761,761,WMSu,Westminster,Jubilee // SB,761,WMSu,Westminster,Cir+Dis // WB,Alight-Interchange-Board,1585.81405499,44.16490079,321.5950034000001,649.3680259999999,283.3851060000001,178.4574226,108.8435962,0.023470578,0.235856218,0.5992501179999999,2.243575718,4.775176918000001,9.30543034,11.9944263,14.9877146,18.8348834,19.5993676,20.6210372,22.6089958,25.9120846,27.0836852,30.16514,30.3004344,33.2907422,32.5429142,31.0088964,29.6268224,29.66801700000001,26.8126232,26.4547406,25.8888028,27.0690038,26.7188294,28.2893986,28.3593754,30.2261196,30.64255600000001,29.9897408,29.22379,29.0614116,28.07660360000001,26.3726084,26.8705888,26.27998220000001,25.9269912,24.4331222,24.6497314,24.225816,24.4496796,24.28953700000001,25.38895680000001,24.4667032,24.4517164,22.4224256,22.59715940000001,21.95109,23.4461216,23.460225,25.0975328,24.73376780000001,24.8261862,23.8101118,22.12206620000001,21.8831696,20.4362366,19.64229120000001,18.19080240000001,17.9601686,15.0915138,14.2407182,12.0470662,10.9039584,9.4938764,9.4436378,9.1239834,10.6977376,10.2656882,11.4673054,12.0590046,11.124575,10.3277274,10.4487838,9.8860594,7.98003268,6.77235128,4.48606668,2.73023508,0.59802908,0.0,0.0,0.0,0.0,0.0,0.0,0.0,0.0,0.0,0.0,0.0,0.0,0.0,0.0,0.0
580101>580122,765,765,WLGu,Willesden Green,EntEx,765,WLGu,Willesden Green,Jubilee // NB,Enter-Board,928.7750840479998,20.68766061000001,116.03280348,393.2012483999999,222.008542,121.2085772,55.63625235800001,0.45300703,1.05543713,2.01935019,2.47336863,2.80435933,3.38702212,3.89437802,4.600738160000001,5.11056208,5.9738977,6.9443378,7.463532000000002,7.207658,8.120905800000001,10.0463168,11.2146256,11.9931072,12.9496051,14.6278683,14.3803871,14.7685081,14.8463923,15.7273492,15.5057794,16.0042378,15.852531,15.930716,15.5898646,15.5378702,14.9523824,14.9179438,16.5164898,17.1335732,17.6195542,18.604006,19.0706536,18.4589172,17.96161960000001,16.96770320000001,16.0724246,16.2912912,16.2811536,15.8005884,16.789699,17.63090720000001,17.098435,17.5784388,19.2653906,18.677257,18.1454006,20.0992074,19.8792752,19.487655,19.3414094,18.6183596,16.1868062,15.3902042,13.424803,12.367255,11.786229,10.533106,9.048831200000002,8.718079000000001,8.553394,8.078145600000001,7.767696400000002,7.896406600000001,7.644427200000001,6.594681,5.812898520000001,5.422712819999999,4.70489094,3.869821500000001,3.8641796,3.79692028,3.64358294,2.84227313,2.69027873,2.037257502,1.451830502,1.109251862,1.413825552,1.174783512,0.98160084,0.796814868,0.6833410959999999,0.249791096,0.234294576,0.32350036,0.33337568,0.207814132,0.297309106,0.278142918,0.315552264,0.252763516,0.252763516
580101>580123,765,765,WLGu,Willesden Green,EntEx,765,WLGu,Willesden Green,Jubilee // SB,Enter-Board,6680.799593059999,252.102281,1176.3718594,3148.0093456,1176.1409668,647.4756183999999,280.69952186,8.251138800000001,12.8242402,22.3488502,28.630928,33.9479224,40.67758740000001,49.83905200000001,55.582562,60.879629,66.697119,73.380845,83.39314300000002,88.15629100000001,93.80743199999999,103.912298,116.822258,117.961106,119.350902,123.8541112,128.1567252,124.6201752,125.1667012,130.2053372,136.50355,136.043148,136.94141,140.2678,142.94037,141.6785,143.260354,144.607886,145.964804,144.18916,140.90945,137.664264,136.822152,130.653584,124.0282248,121.3985548,119.7998088,114.1681528,111.8449448,110.413796,107.917218,102.24582,98.868602,96.80563199999999,99.495008,95.821776,96.1544,97.062306,98.456574,97.576782,99.3302692,98.79661120000002,95.5271864,90.6792064,81.6373064,74.8825258,66.9313582,58.518745,49.479465,44.8177924,40.81279439999999,37.12504120000001,35.1956592,34.875924,32.51980039999999,30.083048,28.347081,26.911359,24.8336342,23.9068352,21.57726700000001,19.3737838,16.8879672,12.71704484,9.28549984,7.5963799,5.23258598,4.55596078,4.86802994,4.88913422,4.0671301,4.095797740000001,3.24667978,2.92387938,2.66401262,2.3764296,2.1948966,2.610902660000001,2.84644026,3.11166748,3.761448160000001,3.20743644,2.52719014
580122>580101,765,765,WLGu,Willesden Green,Jubilee // NB,765,WLGu,Willesden Green,EntEx,Alight-Exit,6496.968883920003,71.16456492,289.3087138,1644.4230246,1636.7888656,1337.753352,1517.530363,2.52902236,3.959794560000001,6.411086160000001,7.14761262,9.83558142,12.1112728,13.8636612,15.3065338,17.87474940000001,17.98842860000001,19.5693868,20.280833,21.9486046,23.04491740000001,24.195841,24.730012,27.6268038,29.507158,30.5402042,32.00177499999999,35.8793678,37.57950200000001,38.225736,40.4183268,42.70139440000001,43.61218040000001,45.7636516,47.7622622,51.83934420000001,56.1336396,61.8587096,67.27040960000001,73.73450300000002,78.777689,82.83653000000001,85.113214,86.346136,87.330476,88.48840320000002,89.72219720000002,92.5835132,97.2016452,104.7951864,108.4490072,115.5809372,122.1131452,128.3573972,132.160792,137.840648,142.35966,143.764298,142.809304,141.844226,143.538028,143.380592,143.039838,141.837172,138.27405,130.604546,120.456852,113.2696352,107.4744052,102.1693184,98.75932440000001,97.69194040000001,95.8659172,95.3304182,96.019773,97.842853,100.661675,104.290313,108.315566,105.040765,101.309125,101.947887,95.138319,85.39204900000001,86.40537800000001,74.8836802,62.3309022,50.2079554,44.7712514,30.466478,32.148645,25.942714,28.9611234,23.3745114,24.5371712,19.5442452,20.0446808,17.183165,20.0553072,17.0327568,17.1831966,13.187318,9.3313312
580123>580101,765,765,WLGu,Willesden Green,Jubilee // SB,765,WLGu,Willesden Green,EntEx,Alight-Exit,943.0091106239998,29.1842338,152.6277621,383.0290043,205.0074612,108.4204036,64.74024562400001,0.7580097400000001,1.3526879,2.5400296,3.08310938,3.83362684,5.01574532,5.91353856,6.68748646,8.795079300000001,10.0141786,10.5910674,11.525917,12.5286856,12.70686,13.1747794,13.4098372,14.5098502,15.0678524,15.2159804,15.0876746,15.031315,14.1477012,13.234112,12.6367423,13.2330481,14.0114121,13.9663899,14.4200469,15.471329,15.634444,15.8508668,17.0887026,18.0517892,18.2873964,18.4043814,18.4571794,17.9416976,17.71492,17.0915534,16.7115972,16.47850780000001,16.7468758,16.1559188,16.2610774,17.039034,17.6116746,17.4159408,17.7041394,18.0806062,18.108189,17.6080032,17.2757462,17.2767756,16.571899,15.6388006,14.6766526,13.9009008,12.035204,10.4890901,9.412706300000002,8.6766676,7.902003200000001,7.52388506,7.62944736,7.438969560000001,7.656568060000001,7.727152960000002,8.027808600000002,8.065348,7.992569880000001,7.443158080000003,6.715737580000003,6.076409020000002,5.06787962,4.31180194,3.56922708,3.130081580000001,2.45278122,2.1351428,1.43454446,1.07819989,0.739351124,0.7210937440000001,0.5987446980000001,0.602842388,0.486579446,0.4434067620000001,0.25257369,0.197874176,0.1238290460000001,0.140742668,0.168953318,0.20704119,0.221411638,0.195922418,0.166998168
360101>360122,787,787,BERu,Bermondsey,EntEx,787,BERu,Bermondsey,Jubilee // NB,Enter-Board,6452.336916148,158.355502,837.9295788,2734.896213,1456.183136,759.0678894000001,505.9045969480002,6.8035678,9.119807000000002,13.6644718,18.1861036,21.9715026,24.2172726,29.9465794,34.4461972,38.86098680000001,41.0475076,45.3306596,53.2562866,59.69527400000001,63.57136759999999,71.4270676,86.145177,89.199608,89.52198600000001,96.93798199999999,102.935676,100.473574,103.644285,110.992238,114.078896,115.892614,117.840732,123.052781,124.561102,127.763252,127.50287,130.549416,127.0272168,126.5858728,122.4992628,121.3239148,116.9248868,113.321264,108.3935892,104.8242152,102.3982172,99.8010532,99.34123520000001,97.74408800000002,98.359637,97.998917,98.2536182,100.0816382,115.7537742,121.3694672,133.8254132,140.456122,143.408166,134.903876,133.385586,122.394479,114.352079,105.925704,94.899846,83.196898,72.808088,64.78283760000001,58.8429386,54.05814059999999,49.34070579999999,46.2828376,44.2439146,41.8128686,42.87311,43.48597620000001,44.8654586,47.5535194,48.936264,46.74801779999999,44.6512444,42.8159392,36.07504539999999,29.5311436,22.22473444,17.78038884,11.85664974,8.442618540000002,6.78975774,6.987865300000001,5.882293580000002,5.230573880000001,5.113202420000001,4.940069820000001,4.548734480000001,3.96270584,3.36635532,3.096919900000001,2.8775054,2.522962952,2.409375012,2.021948332,1.187326812
360101>360123,787,787,BERu,Bermondsey,EntEx,787,BERu,Bermondsey,Jubilee // SB,Enter-Board,4637.840384639997,115.77101964,414.7405302,1803.8477994,1045.0608356,693.8106172,564.6095826,4.78933968,7.782934280000001,12.06935768,14.9532214,16.8755184,18.2835904,20.0839468,20.933111,22.158759,22.7988408,23.7516626,24.479323,26.1042894,27.9088494,32.842271,40.7316958,44.9749644,47.2389908,49.78872620000001,51.9621578,49.98355780000001,51.32807040000001,55.61129,57.9886392,61.1210532,66.4881892,71.0023906,70.9511546,75.47113300000002,79.081123,80.247901,84.435806,88.15454100000001,90.88955,89.2564,91.329396,86.481705,84.45328599999998,78.983618,78.467167,76.36660499999998,78.015241,78.13208019999998,79.6079022,78.4771252,77.02481120000002,78.6882712,87.24526200000003,87.9869572,93.9632924,95.1382044,93.48707240000002,85.85044640000002,90.3765412,87.93413100000002,88.88872099999999,85.927377,81.99113540000002,72.61744240000002,65.157788,57.50845000000001,54.52981120000001,51.75529340000001,47.88992920000001,45.1485696,44.2320416,42.38144200000001,44.67133740000001,46.89026060000001,49.21401240000001,50.05860120000001,52.1586816,49.69108,47.75119,45.04092720000001,40.4254238,33.517667,25.73082526,19.78612066,13.77552106,11.18080216,8.63570716,8.764729500000001,7.503490640000001,8.16508224,6.93565728,6.47301282,5.546023140000001,5.772100880000001,3.92774094,3.7513688,3.6319828,3.3673492,2.87023326,2.449687200000001,1.5943038
360122>360101,787,787,BERu,Bermondsey,Jubilee // NB,787,BERu,Bermondsey,EntEx,Alight-Exit,4262.382548799998,169.29292492,557.7401543999999,1594.434075,868.9756188000001,603.2085422000001,468.7312334800001,4.38161472,9.35375472,14.26228372,19.58674736,25.5095638,29.101623,31.111421,35.9859166,39.45073679999999,41.5975066,42.777402,46.768756,48.2131154,49.32678420000001,48.8733934,49.9847608,49.74959279999999,48.9633008,46.44628179999999,45.5885238,44.817682,43.514202,42.020652,43.4221664,46.7028624,50.9485828,53.49633620000001,57.52546820000001,61.7407446,67.55621260000001,69.9211906,72.39533920000002,73.98478920000002,76.14783200000002,74.0564348,74.69363359999998,77.67034960000002,81.1316896,81.32395079999999,83.376698,82.8795484,80.3020144,77.88284240000002,76.92285319999998,74.5077892,76.30336100000002,79.845741,76.55574299999998,73.7951534,73.6692294,70.90633740000001,67.70759740000001,69.53864139999999,70.237397,68.69932779999999,67.20930080000001,63.25781940000001,58.1017584,55.1376904,53.89431879999999,51.4211368,48.04094420000001,47.7942126,46.26409260000001,44.57241339999999,44.95619500000001,45.192733,44.57522760000001,44.8107416,45.25662620000001,44.137513,43.31668180000001,42.1239028,39.4127656,34.08488740000001,28.8903856,25.6063016,20.6649858,17.60240559999999,13.64220784,11.52552664,8.16109678,7.54710404,4.65665442,6.02899652,4.4584556,4.72831234,3.770991400000001,3.927111460000001,2.69434286,2.68316886,2.13076704,2.30446776,1.88135056,1.53372642,1.14975594
360123>360101,787,787,BERu,Bermondsey,Jubilee // SB,787,BERu,Bermondsey,EntEx,Alight-Exit,7019.367404100001,60.11620219999999,283.879253,2398.5529128,1727.651834,1239.321695,1309.8455071,2.1037323,3.30016642,4.99189542,5.606083419999999,7.93613392,10.70387832,11.9236896,13.5506228,15.7866192,16.5410636,17.105402,18.8065798,20.57407760000001,22.0452996,23.9787618,24.67816280000001,26.87963460000001,28.996389,32.07526,36.41200300000001,41.4106474,44.79213540000001,49.39730820000001,53.567717,58.29469700000001,64.944123,73.034954,79.9456088,91.026124,107.199664,114.48052,121.198358,127.16844,128.033145,121.870314,121.856552,121.999902,121.993408,123.270995,122.608186,122.762524,124.142852,129.362124,134.192614,137.734896,140.704496,143.333612,143.468732,142.969684,145.711876,144.458156,145.96923,147.57547,145.27058,143.54815,146.906952,139.416596,129.218842,123.324412,117.728756,108.1627108,102.3330018,96.4767538,90.32088979999999,83.17654780000002,80.79227900000002,82.43585999999999,85.935046,90.87680199999998,94.485274,96.92271399999998,96.760157,92.943004,89.00033400000002,86.020084,79.29297559999999,74.87136860000003,65.25141239999999,58.064156,45.1862738,39.74160420000001,29.2031424,29.3904436,22.07711440000001,24.8537696,20.2721584,21.9746768,18.2714075,21.0293999,16.1904125,17.72337689999999,14.8992571,21.1738724,16.7532748,15.4565352,11.160506
360301>360318,788,788,CWRu,Canada Water,EntEx,788,CWRu,Canada Water,LO Windrush // NB,Enter-Board,1428.108301929001,13.97668689,118.15421842,665.5460986,353.146363,164.8473453,112.437589719,0.5777109560000001,0.7134799300000001,1.271076370000001,1.78693169,1.95099659,2.150236194,2.68741342,2.83884174,2.8319133,3.38765078,4.0762992,4.83884494,6.18049618,7.79030814,9.151094940000002,11.91139794,14.783194,16.3821922,18.099455,18.7213718,19.4850894,19.6049658,21.1341566,22.3292156,25.3203396,26.1472294,27.268536,28.5183484,30.64021,31.2105052,31.7706046,31.6784512,31.6145718,31.158488,30.85979960000001,30.0368514,30.7337518,30.3073204,28.329633,27.13636700000001,27.5324202,27.4024092,26.795769,28.53106540000001,29.9498586,29.498484,30.1948724,31.3032652,31.5973112,32.6429352,32.32953260000001,30.85138000000001,30.1081094,27.42880640000001,24.0303026,23.2115054,21.4854838,19.2257014,17.6189134,15.963736,14.0720484,12.7713006,11.2843765,10.7741339,10.0428595,10.0458507,10.2835344,11.2794067,15.0117423,16.0582113,15.8266363,15.0077856,13.2293747,8.249440100000001,5.857628820000001,4.83644982,3.694986340000001,2.793773440000001,2.02376208,1.789637834,1.188965274,0.7858071179999999,0.600700742,0.541605814,0.462020726,0.477369506,0.506032672,0.5379379679999999,0.5017520899999999,0.5734855839999999,0.507566484,0.406354013,0.354983293,0.322112627,0.177318347,0.114148827
360301>360319,788,788,CWRu,Canada Water,EntEx,788,CWRu,Canada Water,LO Windrush // SB,Enter-Board,861.0779895499999,7.943852026,76.39403222000001,366.1347442800001,216.200925,108.29155608,86.11287994400004,0.0182146072,0.0442278112,0.1271477252,0.6412126652000001,1.0027104452,1.342987498,1.982070094,2.78528118,3.25287098,3.564041200000001,4.25823434,4.43354774,4.72412814,4.596506880000002,6.00466568,7.595485680000001,8.756896880000001,8.662758420000001,10.16364614,10.38125014,9.48998874,9.29169774,10.6218068,11.0087748,11.9647516,12.3628284,13.3677332,13.9625608,15.0693156,15.3573778,17.2943566,18.38562140000001,19.65463960000001,18.9340226,18.66703200000001,17.542617,17.6843396,15.6973924,16.6776394,16.5704818,16.9745022,15.7613736,17.4369736,16.356917,18.2287612,18.7126682,20.5829008,19.3817696,20.3236152,17.83318479999999,17.624678,16.3972924,17.2519358,16.7946516,17.1842299,15.8852375,14.4658263,12.8517913,11.6666061,10.414083,9.674364599999999,8.9734722,8.401031600000001,6.950958600000003,6.763594200000003,6.2214359,6.01463064,5.89376164,6.808204440000001,6.50845064,6.838846340000001,7.1017504,6.634231000000002,6.816192200000001,6.21107174,8.44229934,7.159478152,6.470687372,4.825615992,4.401692361999999,0.8663739360000001,0.935921444,1.054181084,0.79687275,0.65733922,0.6137712820000001,0.452927482,0.33571331,0.356134456,0.3702685160000001,0.339291242,0.375786446,0.279832434,0.187866402,0.142637562,0.1294424
360301>360322,788,788,CWRu,Canada Water,EntEx,788,CWRu,Canada Water,Jubilee // NB,Enter-Board,8842.999078519993,201.77571742,1112.4530678,4018.544926,1907.456873,930.2559864000001,672.5125079000002,7.61651794,11.26207994,17.53058094,23.233164,26.5223766,31.28037620000001,39.0112012,45.3194206,50.56485960000001,55.28038760000001,62.22505160000001,69.41516259999999,76.28419820000002,83.28382420000001,95.964972,109.973559,119.258599,123.592915,130.473873,136.135666,138.522738,138.920358,146.540896,152.809714,160.101472,163.173802,169.10857,175.701106,183.03375,186.270608,189.99615,192.944094,192.874038,185.153884,182.713462,178.410118,173.790824,164.235996,163.143378,155.4703,153.065036,155.69372,156.37504,160.495872,173.817848,171.398134,165.291214,166.848144,164.130056,153.973034,156.944542,161.710492,159.240176,154.950394,144.03287,135.119969,120.953731,110.408381,97.602899,90.580329,79.91194899999999,72.36876,66.276726,61.5744052,56.49984260000001,56.84223160000001,57.36603300000001,59.87069900000001,74.1011398,76.475277,72.99902300000002,68.4971378,64.9773512,47.475874,40.3356724,37.3921536,32.2766444,24.1521454,19.0508392,15.3325782,11.4880482,10.5815864,10.2003302,9.355979,9.2328856,7.8542071,6.46701042,5.23647894,4.50752064,3.54533014,3.4192463,3.264607,3.816039180000001,4.17432728,3.44240918,2.86066632
360301>360323,788,788,CWRu,Canada Water,EntEx,788,CWRu,Canada Water,Jubilee // SB,Enter-Board,5509.619184740001,133.59879192,517.0774194,2497.4962882,1269.979234,681.0996236000001,410.36782762,6.70549664,11.64309964,13.64551444,15.9177086,18.92829840000001,21.95514,20.8088074,23.9947268,24.9013262,25.1669158,25.089606,27.2313256,28.84693660000001,33.73214400000001,42.89661160000001,50.7056436,57.3672588,62.66676760000001,68.24103640000001,70.2318472,71.9419352,78.187744,84.48103,87.116486,91.41745999999999,99.05953199999999,101.4190952,106.0957312,111.4593112,113.094124,108.22242,111.2236188,111.8155778,116.6620618,117.820569,122.325019,119.793633,116.132688,107.76584,105.484292,102.251636,103.723006,103.668906,106.334572,113.298244,117.811472,116.861308,119.2968792,118.1479152,109.9003952,105.0246512,101.8061152,94.69674599999999,95.46600800000002,90.43914,87.23036000000002,82.0087072,80.8819032,72.4357992,69.1153286,62.48026820000001,57.09831300000001,50.12636780000001,46.2877104,41.36075580000001,39.458151,38.65401000000001,41.1923092,45.8333786,44.2962758,40.96986320000001,37.81300020000001,31.3886702,21.4533162,20.3810332,19.1176664,16.5378914,15.7212722,13.9150492,10.9267038,10.4943012,9.8674744,8.712515660000001,7.280416780000001,7.207353120000001,5.255642160000002,5.049739360000001,4.554632700000001,4.961848440000002,3.995997500000001,4.969299060000001,4.2990386,4.825673200000002,4.421075480000002,3.79982248,2.31887708
360318>360301,788,788,CWRu,Canada Water,LO Windrush // NB,788,CWRu,Canada Water,EntEx,Alight-Exit,829.2376620200001,4.45107644,50.53579386,406.2169486,211.6191748,82.94927204000001,73.46539628000002,0.0,0.033079336,0.10985304,0.2408794,0.52546316,0.83998466,1.214899164,1.48691768,1.760013,1.97774828,2.02611004,2.09439808,2.47546836,3.12496008,4.1075399,4.986870560000002,6.059358680000001,6.704259980000002,7.26863158,7.95043532,9.599078,11.1233662,13.7449384,16.6272582,20.3253712,21.2975422,22.699362,21.9286326,20.214654,17.8164868,17.08114179999999,15.0671822,14.5324568,14.552577,14.1512822,14.239178,16.7939526,18.0953188,18.7700584,19.0491258,19.570983,17.2811094,16.5710646,15.0848284,14.94886,14.3491194,16.541358,17.3768926,20.1303598,20.8799508,21.9726464,20.619716,19.730354,17.0734372,15.3084726,12.688008,11.0751226,9.005776319999997,8.477036,7.319114600000002,6.978327799999999,6.184858,6.28251834,5.524482000000001,5.6759641,5.67560398,5.41397358,5.336494720000001,5.667650320000001,5.664763340000001,5.848347360000001,6.306285020000002,6.72376012,7.06415432,8.809173199999998,7.602245939999999,6.247166279999999,4.748007407999999,3.500312968,0.7067243480000001,0.8543100880000001,0.912999312,0.8875682039999999,0.7029704040000001,0.6011931779999999,0.208171598,0.179345952,0.107250432,0.06326933200000001,0.029863578,0.029863578,0.0,0.0,0.0,0.0,0.0
360318>360322,788,788,CWRu,Canada Water,LO Windrush // NB,788,CWRu,Canada Water,Jubilee // NB,Alight-Interchange-Board,12247.822448528,301.74310038,1913.07075,5861.36133,2343.173310000001,1244.4496508,584.0243073480001,1.1755957,4.548481900000001,13.6854433,27.38722904,41.37986644,56.21873060000001,72.6224054,84.72534800000003,90.716086,97.375414,107.864594,122.167367,133.154669,145.328266,170.597776,197.284148,204.868156,209.5148,218.220214,215.97926,207.799908,208.91094,224.64581,238.336824,249.563652,256.185908,274.09456,277.65062,282.899454,279.067246,288.084442,283.860968,276.665734,259.714938,254.063542,242.019878,233.648442,226.870764,226.91875,222.334278,219.284772,213.10344,209.549402,206.087058,205.582338,198.74554,194.670558,192.448194,191.557446,189.39536,190.647344,193.665866,202.268412,200.483674,195.350452,188.358126,177.950762,156.870254,143.038478,126.950482,111.02148,94.7486632,85.1137092,74.80377320000001,71.1665772,68.1889732,67.820432,66.77606680000001,69.36570880000001,68.65071879999999,69.58144279999999,64.17523960000001,62.24417340000001,59.331256,53.5955292,41.41705,33.3454498,22.6036028,10.9583653,4.22461794,2.85753304,2.80868618,2.38681618,2.1491794,1.76720028,1.40722588,1.50862624,1.51779994,1.409687340000001,1.33820188,1.28582442,1.09186654,1.0553447,0.889651816,0.654860556,0.402648516
360318>360323,788,788,CWRu,Canada Water,LO Windrush // NB,788,CWRu,Canada Water,Jubilee // SB,Alight-Interchange-Board,8098.364117759999,206.37586558,918.3051237999999,3323.4084998,1738.76378,1247.2052576,664.3055909799997,1.39159618,4.868831980000001,16.33311278,21.45619276,31.02184468,38.8827478,46.7646054,45.65693400000001,50.9501514,48.8033612,54.786184,57.71235060000001,61.83451720000001,65.93569520000001,81.629862,89.22643599999999,99.377726,101.251631,105.813669,100.9835402,102.8856582,96.0582142,104.804488,111.106866,121.6018408,121.9227398,135.6439278,141.530841,146.4152649999999,145.444027,150.323166,146.138548,142.60511,138.791148,137.889978,138.332936,145.97772,149.222036,154.23007,159.903286,162.295124,158.904276,158.49487,152.886364,149.49833,146.382566,142.418462,141.866446,145.458036,142.16347,143.578774,145.893296,145.407652,142.537558,149.45446,144.10473,142.569468,134.615868,135.466152,120.1559632,116.6484732,105.1564622,102.5411542,88.03011620000002,85.96646899999999,75.11859960000002,73.39474059999999,67.54179140000001,70.62236340000003,67.98979140000002,72.73966680000002,68.902274,67.04115800000001,63.182034,62.705032,48.17500860000001,37.42563356,27.84548836,16.23689336,4.398512080000001,5.18643668,5.72152492,4.76783112,4.73896066,4.02788488,3.2863629,2.8303165,4.3406497,4.09807638,3.822788740000001,4.072752599999999,3.8681196,2.2122658,1.74760954,1.62873424,0.69142116
360319>360301,788,788,CWRu,Canada Water,LO Windrush // SB,788,CWRu,Canada Water,EntEx,Alight-Exit,1323.292399948,30.79576890000001,65.12429897999999,533.1482876000001,330.1469006,197.633543,166.4436008679999,0.4380192,1.02014524,1.74312536,4.3786015,5.057853400000001,6.119450760000001,6.109170880000002,5.92940256,3.80887532,3.71632846,2.98804438,3.17717122,3.72906936,4.12935446,4.52948592,5.643372,6.605346400000001,7.188623659999998,9.0830092,10.5256186,11.6757986,13.4910538,15.5324466,17.5842166,20.636541,23.2306102,24.78973,25.0432146,24.2960992,23.6939784,22.2542256,22.21364680000001,22.9600072,23.7619414,23.7588588,25.0592578,24.7559078,25.2362736,24.587624,23.7037606,22.8379522,23.2379082,24.1918686,24.615366,25.3336938,26.573079,27.0676264,26.8447878,29.3437744,31.2592826,31.146377,30.4638712,29.6464522,26.5342914,24.09283780000001,21.840827,20.5212818,19.3707154,19.3718546,18.1114002,17.3324924,16.3122978,15.6671874,14.656675,13.8212322,14.3267492,14.4934234,13.6482336,14.1941436,15.7330688,16.8236606,17.3592502,17.929747,17.34214260000001,15.5313324,11.94155384,9.40505238,6.887575880000001,4.198965080000002,2.79483788,2.5178927,2.00813616,1.649752448,1.545245188,1.267900828,1.171611708,1.061179208,0.9998534,0.915804348,0.734921988,0.6610611600000001,0.5662523920000001,0.4811872300000001,0.3389467740000001,0.2450964940000001,0.137428582
360319>360322,788,788,CWRu,Canada Water,LO Windrush // SB,788,CWRu,Canada Water,Jubilee // NB,Alight-Interchange-Board,3120.399018138002,78.29681783000001,289.668711,1287.9817078,670.6118952,473.5422216,320.2976647080001,1.95309653,5.41472213,7.336311530000001,10.08093522,11.60279562,14.1144074,13.451193,14.3433564,14.6836018,15.3502628,15.847349,17.0965726,19.3065946,21.947738,23.9432118,26.9061352,29.8172018,32.431859,34.0758206,38.2623638,41.8376722,44.43472480000001,46.2200354,50.12414620000001,50.63672100000001,50.96507620000001,51.8641714,53.93728480000001,54.5761988,56.9561748,58.11564080000001,59.90056660000001,59.29570820000001,57.76590360000001,55.60356400000001,55.599727,54.05644599999999,53.6412904,53.794951,55.0600698,54.44676200000001,55.54560100000001,56.4390356,57.16423620000001,55.73980700000001,55.14668020000001,53.09258180000001,52.47392880000001,52.5079636,53.867946,54.5715796,57.668131,59.1526264,58.88862960000001,59.07396560000001,58.42805560000001,54.56969839999999,50.0192154,46.9462364,42.3179368,38.89909179999999,36.5215826,35.210675,33.8382408,33.8848054,32.774777,33.140946,35.41901600000001,37.6352352,37.0849862,38.7748624,39.12031680000001,36.8339224,33.9760482,28.321403,21.4030339,14.49569904,8.487349900000002,2.726637500000001,2.39840986,1.89843972,1.93563238,1.85165636,2.03022358,1.71952734,1.5502403,1.28284373,1.21392573,0.9048236160000002,0.8053104360000001,0.6745305159999999,0.8303899659999999,0.695545458,0.668229752,0.514586012,0.463855412
360319>360323,788,788,CWRu,Canada Water,LO Windrush // SB,788,CWRu,Canada Water,Jubilee // SB,Alight-Interchange-Board,1722.766000722,31.253429872,75.3307443,644.4383106,454.6569256,291.0489838,226.0376065500001,0.7770327859999999,2.304742386,3.585869786,4.706802774,5.59937254,5.72931898,4.67790724,3.87238338,3.45961426,2.99493536,3.085984760000001,3.546901360000001,4.32540654,4.85396114,5.78659982,6.877777420000001,8.14079096,9.41573524,10.84971164,11.9933258,13.5683784,14.743556,16.203572,18.1855546,19.950277,21.292508,22.3367938,23.743883,25.0980406,26.6255052,27.584015,29.086485,30.3527582,30.3034944,30.6137594,30.7926578,31.7755692,31.2278224,31.55910380000001,31.5619836,33.0552316,32.9575208,34.7777482,37.0420926,38.6453912,38.65025479999999,39.2772578,38.6506588,38.00353,37.7145244,38.2438564,37.8570974,38.9400644,37.42871280000001,36.4706174,34.7749602,34.2601222,32.91455300000001,31.5025938,29.263636,26.8397468,24.2035728,20.2784222,18.6477876,17.9203824,17.8425842,17.7824412,19.59314160000001,20.9555034,22.0963748,23.2297522,23.479251,23.6705498,23.0783268,19.1309588,14.6354212,11.1152126,6.79041268,3.22869462,2.807791320000001,2.84360796,3.13083012,2.8936516,2.808293560000001,2.92663556,2.78116066,2.3663706,2.16513488,2.01595432,1.7984957,1.61351585,1.39488723,1.210387304,0.8665268119999999,0.577717732,0.426187442
360322>360301,788,788,CWRu,Canada Water,Jubilee // NB,788,CWRu,Canada Water,EntEx,Alight-Exit,4960.718084920005,147.5340454,598.1043886000001,1841.3876514,1018.3620432,742.8626538000001,612.4673025199999,5.946284800000001,7.448254600000001,10.863669,14.9573012,18.8558784,24.3952972,28.5234308,36.5439294,42.6617962,46.8835496,44.8366036,48.54048160000001,49.2223966,48.40287180000001,48.02492640000001,50.33965500000001,54.54847760000001,56.24936760000001,54.5762696,53.81799300000001,54.9030248,52.70131200000001,49.5366154,53.7965154,62.016674,69.3615286,72.6950474,77.09043100000001,77.465513,76.716701,74.88099700000002,76.75310900000002,79.690138,85.104674,86.91983400000002,89.206774,90.03978000000002,89.323352,85.70246200000003,85.46637,84.5196728,86.73956800000002,89.039878,91.71768,91.37979280000002,92.086946,90.74564079999999,86.17506999999999,86.339646,88.34207119999998,86.6336052,83.7936952,84.58121000000001,79.696698,74.80754499999999,73.780123,71.48947700000002,70.517247,70.12259900000001,68.683476,63.97253000000001,61.8675714,58.7364194,57.35787020000001,55.0630382,56.1848152,55.8256172,53.04199319999999,51.82444440000001,48.43334240000001,48.0040478,45.390418,48.51583460000001,45.96183860000001,44.07933660000001,38.97746480000001,37.32267780000001,29.3519824,24.9877924,20.857275,18.041608,13.2159406,11.5313152,9.28487148,11.36702268,9.481083600000002,9.36170956,7.560893560000001,7.39518168,4.69633974,5.00603802,4.30183066,5.295268060000001,4.8273458,4.397151940000001,2.99724714
360322>360318,788,788,CWRu,Canada Water,Jubilee // NB,788,CWRu,Canada Water,LO Windrush // NB,Alight-Interchange-Board,1962.10432712,27.79799082,151.3224775,814.2502560000001,465.0024090000001,270.8047308000001,232.926463,1.27385704,1.70088108,2.32581004,3.36558232,3.93159028,4.5170718,5.149176360000001,5.534021900000001,5.418033,5.14814152,5.746264320000001,6.99705832,9.08245642,10.84504452,13.0097316,15.3883686,17.85868,19.3706462,20.4597038,21.9983492,23.577765,24.3773246,25.4667798,27.983915,29.6793786,30.74097,31.7992024,33.2578368,34.6242226,36.48994860000001,37.5676566,37.9112414,38.34875100000001,37.68114300000001,36.8290534,36.3958164,36.6510746,36.00624860000001,35.3754874,34.97864000000001,34.9888634,36.5424264,37.90233920000001,39.07417120000001,39.01957580000001,38.5023714,37.2674554,36.4638146,36.86672960000001,38.382989,39.79148100000001,39.9828904,41.3213578,41.2992028,39.4497508,36.6547904,34.3475714,30.7178828,26.98349080000001,25.08672,24.0914208,22.03853460000001,20.226818,19.2972192,17.903222,16.4482092,16.4280364,17.2356056,17.3376984,20.6054716,25.7217566,28.2496508,29.7127114,30.3660108,24.63189572000001,17.65958242,12.44680542,7.31994246,3.304810380000001,2.664579268,1.926178768,1.350028468,1.000851088,0.9329209880000002,0.970312006,0.900984686,0.8340539160000001,0.7707812620000001,0.7499998120000001,0.6771248740000001,0.456071676,0.4667737800000001,0.4742240740000001,0.5429862639999999,0.433143176,0.419112894
360322>360319,788,788,CWRu,Canada Water,Jubilee // NB,788,CWRu,Canada Water,LO Windrush // SB,Alight-Interchange-Board,6973.35999059,175.6578413,905.4942530000001,2205.301974,1538.6360942,1256.8596754,891.4101526899997,3.10648584,3.885809940000001,7.078252740000001,11.16542118,21.9010831,33.2539205,41.24524539999999,54.0216226,65.7627006,73.77045860000001,73.474638,79.81636999999999,79.288124,76.68668000000001,68.620435,74.91138120000001,78.4594462,79.78050820000001,76.59688060000002,78.32663060000002,71.97127080000001,65.19583539999999,60.38009020000001,63.09180900000001,65.82069,68.3147046,69.9725132,75.59784239999998,79.0900432,82.10271920000001,89.5783392,98.471846,101.295452,106.597616,107.449778,106.1281912,103.5414304,103.7943464,100.3735104,105.2037104,107.1842584,116.9273072,125.1937952,132.0248752,130.8235232,132.139598,127.131147,127.077345,123.225213,123.56355,119.683347,123.845576,121.836268,129.882898,133.663805,145.763824,140.149058,137.231077,126.280969,123.916613,107.234293,104.955099,97.186606,97.05301,84.77154960000001,84.19421159999999,77.6082026,76.27898660000002,69.62487759999999,66.314222,69.392562,81.090171,92.581781,106.504996,100.8686172,89.10030379999998,64.7360512,39.16357868000001,16.15932868,12.86761308000001,8.24499448,7.28603958,7.71258658,5.351035380000001,6.131107780000002,4.95863864,5.8210736,5.501868720000001,5.56925144,4.64230524,5.05296712,3.86778784,4.48296078,3.41987387,3.078752070000001,1.88480733
360323>360301,788,788,CWRu,Canada Water,Jubilee // SB,788,CWRu,Canada Water,EntEx,Alight-Exit,9473.999808800005,79.51117620000001,345.1554054,3004.9958052,2273.947974,1706.875896,2063.513552,5.157208000000002,6.329181800000002,7.553099480000001,9.97691168,10.05458008,11.40757828,13.38558788,15.647029,15.495378,16.4621984,17.0513154,18.850404,22.4238938,24.8927108,27.8544834,32.2991536,35.6643476,38.5841634,44.4637862,51.1135708,57.62987920000001,65.0789752,71.5414188,81.863208,96.549808,111.625758,122.804482,132.376976,135.27414,134.159432,132.700736,133.649824,136.287598,140.15047,142.853074,144.055822,144.355954,144.375058,142.44194,140.984942,140.23476,143.708692,150.854472,159.438386,170.844312,180.517628,185.90628,184.71112,188.813312,190.25154,193.056046,195.052278,201.739498,199.713646,195.737152,187.605162,180.328974,169.132514,162.167832,152.727318,146.15983,139.177738,134.444012,125.680282,123.30726,123.733996,124.721618,125.294522,132.889358,137.215892,138.26144,136.66341,137.283338,132.752722,128.239872,120.972544,115.3846708,104.2609408,89.72702980000003,79.7316646,66.33018059999999,60.9891478,52.04386580000001,54.1310748,46.15977400000001,50.74211940000001,41.9360312,44.5300172,35.8882108,36.629754,27.509108,28.518827,21.1928422,20.325885,12.8346038,10.3692284
360323>360318,788,788,CWRu,Canada Water,Jubilee // SB,788,CWRu,Canada Water,LO Windrush // NB,Alight-Interchange-Board,3567.263233068,25.50416212,206.717038,1348.5219962,885.992599,658.1307590000001,442.396678748,1.58471128,1.84851188,2.34142278,2.55950118,2.74099998,3.55412036,4.761138480000001,6.11375618,7.373033639999999,7.965555040000001,8.89565392,10.6089012,12.600588,14.7286862,16.9345942,19.673973,21.9796878,24.8461744,27.949093,33.16109760000001,36.33126,39.81058400000001,41.99254860000001,44.5989512,46.2914564,48.3738624,50.03132239999999,54.4681598,58.9478888,61.75933680000001,63.16636920000001,65.26323839999999,63.94587740000001,61.30534600000001,59.52059739999999,61.436362,59.435511,59.5661552,58.82305220000001,58.4957828,58.12314480000001,62.3284458,65.6819806,68.824763,70.770195,71.85266,70.393896,69.91736999999999,70.04809200000001,71.892054,73.0976948,75.9009768,76.4562588,79.1993088,78.7762928,77.68780000000002,75.16393320000002,71.9706252,65.96609120000001,62.8749432,58.2403652,53.498674,49.3683948,47.2505388,43.9465348,43.1578358,42.7854918,43.907331,45.34098940000001,47.6248454,48.3040424,48.8812524,47.83484120000001,44.8854836,35.8983064,29.0902664,22.4778368,16.2670886,9.855328000000002,8.8483956,6.973414740000001,4.72110766,3.34486346,2.8574891,3.02198736,2.32581944,2.43060684,1.95163834,2.1726321,1.538837032,1.628148652,1.222436248,1.190320188,0.7754578040000001,0.5985822120000001,0.334661372
360323>360319,788,788,CWRu,Canada Water,Jubilee // SB,788,CWRu,Canada Water,LO Windrush // SB,Alight-Interchange-Board,10648.47409564,57.83940144,509.6826844,2934.6413828,2937.641906,2477.969688,1730.699033,1.1097145,1.47335078,2.14877918,4.92164552,6.95780058,9.78182188,13.1878866,18.2584024,20.7038784,25.2254182,30.1140112,35.0593332,39.5576516,44.49710779999999,48.1559624,50.1246506,52.0978756,53.70852560000001,54.00104720000001,56.43722260000001,59.3363858,63.87609380000001,64.3570218,68.3599026,72.28934659999999,78.5237186,83.84635859999999,93.522989,101.371515,111.941771,121.765581,130.638771,136.446432,142.984504,143.460252,144.72934,142.423984,143.49666,145.038564,151.547972,156.353532,173.826904,193.649846,210.853938,218.87097,231.522054,232.571772,235.904562,237.613942,244.830336,244.37162,251.975632,251.822526,257.631968,263.136564,267.38996,264.709192,256.959638,240.655416,232.764174,224.015442,210.526706,197.57468,190.77709,173.62667,164.46988,160.41722,161.47358,170.31539,174.62493,176.671844,173.739962,193.234376,182.76421,155.230625,131.614896,105.8090778,58.0198158,29.9646788,30.4143424,20.2229656,19.4911472,16.6933221,16.61179050000001,9.746059140000002,10.81334994,8.0044546,8.7374179,6.425187212000001,7.603644772000001,4.989043632000001,5.500270232,4.028116832,4.499723,2.6282542,2.30013834
820301>820322,789,789,NOGu,North Greenwich,EntEx,789,NOGu,North Greenwich,Jubilee // NB,Enter-Board,20987.17509110001,466.1880712000001,1570.6710722,6893.236846000002,4263.210320000001,2590.41286,5203.455921700001,23.9273048,35.019136,49.524666,57.9271376,63.74275200000001,70.3052224,79.55785920000002,86.18399320000002,91.6725972,94.342214,97.83375800000002,106.707686,111.70183,117.972867,133.378445,150.153131,153.490023,160.675805,169.90842,182.834296,191.838578,205.903596,224.671506,246.103126,253.516648,261.516462,277.2618660000001,284.2101800000001,292.8771240000001,302.051944,312.519132,312.486686,315.353476,309.71226,302.6403340000001,298.0806960000001,293.552772,290.029994,292.223718,304.545764,311.5072700000001,325.1596580000001,336.136702,349.337354,353.4838200000001,357.9199940000001,349.982322,356.2539240000001,360.2061040000001,356.936126,355.0621280000001,369.482484,372.9086180000001,362.3876940000001,344.446056,324.14105,291.7967280000001,254.32767,229.438626,229.068976,217.835124,209.952608,203.273686,198.756598,186.588206,180.788496,181.754942,206.8312,263.129386,379.992166,550.6089440000002,705.904524,775.4813600000001,727.1322360000001,616.3146180000001,436.4973540000001,255.956686,133.2490204,92.228408,55.02420320000001,36.1465714,26.2897846,21.2568576,18.2366852,12.367106,9.88668466,7.57178966,7.26789106,6.10614298,5.92475558,6.36600972,7.108123920000001,11.73221692,13.034819,12.0481604,10.5934174
820301>820323,789,789,NOGu,North Greenwich,EntEx,789,NOGu,North Greenwich,Jubilee // SB,Enter-Board,18624.8105361,380.1040664,1030.9175056,4533.942977,3480.789458,3384.633032000001,5814.423497100001,19.8272246,28.6024496,43.3749576,50.93521340000001,53.03336400000001,59.10399840000001,63.3652654,61.8615934,60.5833378,60.3348178,60.11920720000001,64.3985692,67.72975000000001,72.9416954,92.6801262,105.5412828,110.7158418,111.290937,116.1386282,108.4433122,103.764613,110.06579,121.019682,126.051104,133.30886,149.098978,154.8185700000001,158.196758,166.61797,177.346782,188.113122,196.357376,208.000068,218.173572,216.9519900000001,211.550842,213.502568,218.337208,222.6883720000001,233.46895,243.145678,248.935242,252.681926,261.746956,272.454956,278.442742,284.6968520000001,295.178444,302.842102,300.62752,294.328714,290.258792,289.809452,288.3281360000001,288.1223620000001,295.699386,289.413498,278.759002,275.280566,287.681348,281.6886540000001,288.119548,283.925524,274.622118,258.90595,266.479216,275.26413,324.4934780000001,373.263338,464.406012,580.5811160000002,711.2744940000001,751.7208800000002,705.0187060000002,607.3722140000001,473.22283,308.0259580000001,191.984616,144.914379,109.833715,74.414777,55.917751,38.5037068,34.8868646,24.5913466,21.3650848,15.0910566,15.693762,13.5433588,12.13702446,10.79951486,11.90588646,15.48813526,17.69919326,16.2691816,14.498595
820322>820301,789,789,NOGu,North Greenwich,Jubilee // NB,789,NOGu,North Greenwich,EntEx,Alight-Exit,16253.7687571,515.4884838,1531.0526222,6209.492650000001,4311.566970000001,2621.2808032,1064.8872279,18.9959114,30.5285034,38.6239834,60.69536480000001,71.2859062,80.5288902,95.7348422,119.0950822,122.9224992,135.841892,132.0449388,125.6074348,119.0386888,114.7650848,107.0350928,112.118087,127.102277,137.314103,146.055727,151.206797,160.6212420000001,159.725624,158.655184,167.610772,188.369252,203.788778,220.440536,232.14211,244.68495,253.07274,262.961624,263.152634,277.36346,280.192032,282.7829880000001,282.7049080000001,294.0878780000001,298.1365280000001,302.566562,305.8854700000001,318.46393,332.3094940000001,351.636284,368.13767,384.103338,384.024642,379.3265940000002,363.29063,359.195238,355.8521460000001,354.268338,347.736448,353.735172,345.4545760000001,342.764862,341.814986,342.264766,329.518912,323.3379240000001,293.7729280000001,261.557534,225.186262,191.644844,157.434108,140.634016,127.655276,118.3974,109.8768332,104.5317772,92.6080312,88.7055072,83.24274799999999,73.3455122,65.9383634,61.6929668,54.45745320000001,43.0948468,41.15096339999999,32.186492,28.500928,20.2024121,25.4066529,21.5098675,25.3626177,23.4321495,28.014227,22.3227312,25.1602224,20.5073094,20.4561528,14.3568026,14.48276,9.631396,10.7048768,7.6767302,6.204730400000001
820323>820301,789,789,NOGu,North Greenwich,Jubilee // SB,789,NOGu,North Greenwich,EntEx,Alight-Exit,26207.7798288,208.3986314,730.2385826000001,8906.433545999998,8854.544088,4367.827778000001,3140.337202800001,11.3715296,15.6395918,22.1667638,22.8751644,29.0260362,33.47651920000001,35.095064,38.74796240000001,42.8303378,43.90063880000001,45.43093960000001,48.38135060000001,49.40340020000001,50.474719,53.17953860000001,56.5250738,63.42787180000001,73.54714580000002,90.2797746,112.857792,142.875042,173.66673,204.60371,236.553828,271.906428,300.025932,319.493848,338.221674,352.4708060000001,363.176094,373.25334,388.936964,402.114796,412.477156,413.241448,415.835748,423.6203180000001,431.390796,437.784688,449.690022,468.590502,493.763416,525.261626,567.4786339999999,607.0472880000002,647.146442,676.776862,697.023048,714.9793480000002,746.1194680000001,763.8433540000002,790.506706,820.66976,829.80654,799.4666860000002,761.158586,694.0856759999999,612.9231040000002,531.3162560000002,464.055526,400.588406,345.3499660000001,291.360852,248.585264,219.536294,196.172188,183.345466,180.50878,181.883582,183.124404,183.997104,184.240104,183.56571,177.256284,175.536124,166.29992,162.478358,152.981494,152.858028,130.012051,129.936471,110.9895142,110.087897,87.10008640000002,88.55073940000001,70.3548494,75.0092082,58.15611840000001,63.67868300000001,53.39394780000001,52.83196940000001,46.894171,51.45090920000001,41.9797782,36.9329094,28.7567878
120301>120322,884,884,CNTu,Canning Town,EntEx,884,CNTu,Canning Town,Jubilee // NB,Enter-Board,10767.0442503,804.9467688,1825.382824,4698.106328,1810.899592,869.9200251999999,757.7887123,34.99190960000001,50.68145280000001,76.84536480000001,101.7490382,116.6404882,133.3894632,144.377472,146.27158,132.344132,121.533838,120.135612,126.009964,129.128376,137.540012,156.5947,171.544532,173.05134,175.582586,186.3715460000001,195.546186,194.217002,198.47019,208.734092,214.126812,211.451262,211.572902,217.026626,217.396662,214.375788,214.529378,213.213448,209.425054,206.002512,198.318992,193.353562,191.034452,185.87925,175.9301,172.956102,168.809,167.781084,170.097776,172.680032,170.72425,166.643402,159.624928,151.491984,146.644028,148.390324,145.691772,147.754598,151.5594180000001,156.33858,151.231976,147.709784,137.818798,123.155068,106.273661,94.2258218,85.0155738,75.4807658,67.9125258,61.96128,56.6604252,51.8520846,49.9780886,48.55849860000001,48.846232,48.6433294,48.263333,46.693555,45.74111900000001,41.6969584,37.372284,35.307393,32.3143288,27.534632,20.73783641,15.61454806,14.02311886,15.32393366,16.34281046,21.28805005,26.060791,26.93239440000001,23.6972696,24.0084354,22.8654328,22.627656,20.5905428,23.8840206,23.795708,22.5031682,22.889375,18.732034,12.3046544
120301>120323,884,884,CNTu,Canning Town,EntEx,884,CNTu,Canning Town,Jubilee // SB,Enter-Board,6179.717764339997,254.1233737,876.1427980000002,2748.464163799999,1091.5196682,717.8951998,491.5725608400001,8.652096660000002,13.43238806,17.55288806,30.68178346,34.88377166,41.25838820000001,50.71424680000001,56.9478108,50.26693280000001,52.78923280000001,54.53483280000001,52.00838280000001,56.78969179999999,61.01689080000001,71.09098800000002,84.218778,93.3976492,97.167275,101.547528,101.314616,95.9750072,97.075454,102.3190932,108.7880552,114.7766912,120.5767568,121.3312488,121.9060568,122.1177336,121.1873016,121.7751608,124.4350748,126.1264368,125.146594,118.41653,121.581264,123.00223,116.4680448,112.8692908,115.8081488,108.6999168,101.4101078,103.316147,103.355819,102.045379,101.848783,100.137764,97.246802,96.980372,90.79266199999999,88.053922,86.33581600000002,84.306666,80.26967300000003,82.019025,81.4828042,80.1152402,78.90797420000001,76.236586,69.3875752,62.9736674,57.76747020000001,53.6990302,48.76363600000001,46.58338400000001,48.28658660000001,45.4167624,49.7572874,47.894798,46.5873032,39.76219860000001,38.37266760000001,27.225246,26.03191,23.3722946,21.2999368,20.4782296,15.9331688,17.2620276,16.3923454,15.2125224,12.6121452,13.9496895,9.221236099999999,8.7643739,8.42739024,8.494201440000001,9.78938254,9.52446174,9.789609540000002,10.27618516,10.26015116,7.93017556,7.56911984,5.36981744,3.76997288
120301>120390,884,884,CNTu,Canning Town,EntEx,884,CNTu,Canning Town,DLR (City routes) // OB,Enter-Board,723.5820787199999,16.2331575,70.4886551,335.52338392,142.1085429,77.42155108,81.80678822,0.49712882,0.8778222800000001,1.39320028,1.87761982,2.38292594,2.46356184,3.09754266,3.64335586,3.98761426,3.954927640000001,4.274542400000001,4.188848660000001,4.5553903,5.067837160000002,5.76980548,6.150822100000001,7.56006676,7.668195980000001,8.37511578,8.935488580000003,10.86301526,10.56295786,12.8631424,13.870475,15.8810814,15.3064196,16.4581726,15.3561916,15.658141,14.3194806,14.9210774,13.7901406,14.1908488,13.6319746,13.08084,12.6543126,13.9314766,13.3172964,13.3338702,14.433641,15.1311288,13.6304886,14.5405094,13.7967016,12.762864,11.2831366,12.37228,11.3783478,12.0726732,12.2591008,12.4950827,11.5941563,12.4002241,11.4850857,11.2700565,10.7355352,10.7545302,8.755299699999998,8.2638455,7.16436296,6.820434440000001,5.722309640000002,5.845123240000001,5.05646456,5.14055518,4.675347700000001,4.9769938,4.24628416,4.3963648,4.38963032,4.71594052,4.44443592,4.558938400000001,4.48090318,4.73147788,5.14725928,10.23807538,10.04512544,9.4027875,8.075944999999999,6.622728599999999,0.557176,0.0,0.0,0.0,0.0,0.0,0.0,0.0,0.0,0.0,0.0,0.0,0.0,0.0,0.0
120301>120391,884,884,CNTu,Canning Town,EntEx,884,CNTu,Canning Town,DLR (City routes) // IB,Enter-Board,923.679738685,42.39313356000001,133.3181336,461.4098560000001,147.66056646,67.63063052000003,71.26741854499998,0.99492264,1.77774802,3.44049002,5.419386820000001,7.016094180000001,7.47812138,8.291373,7.974997500000002,7.019154260000001,6.11382566,6.93500246,7.02020606,7.55445896,8.828565600000003,10.831338,12.7635738,14.3768482,16.000106,17.4963162,18.3787384,18.836221,19.8595268,20.0620006,21.2348822,22.1340006,22.6332388,22.721947,23.51040960000001,22.8015748,22.6219986,21.4130312,20.8236442,20.7592394,19.7061972,17.9248932,18.3887328,17.862856,16.39231160000001,16.1077432,16.1254788,15.1885314,14.9241982,14.8727032,14.5044956,13.84276,12.8431314,12.6640674,12.5441878,12.8018774,13.5469296,13.3350416,12.5381773,12.3694097,11.6517931,9.94723024,9.57596092,9.52968062,7.86419616,7.49512036,7.040179220000002,6.3598158,5.26930612,4.87837968,3.968611160000001,3.685821560000001,3.7970917,3.70470592,4.03772222,4.16039654,4.25261694,4.45178794,4.69028348,4.551133,10.313457,10.2255492,9.5577781,8.771079400000001,8.017654265,1.319828265,0.674685665,0.277416765,0.003751985,0.0,0.0,0.0,0.0,0.0,0.0,0.0,0.0,0.0,0.0,0.0,0.0,0.0,0.0
120301>120392,884,884,CNTu,Canning Town,EntEx,884,CNTu,Canning Town,DLR (Stratford Int'l route) // OB,Enter-Board,278.16894817,12.79162108,30.90777174,123.47811426,52.01529822000001,32.10787342,26.86826945000001,0.38358238,0.8033346399999999,1.02136478,1.73217744,1.95995782,2.11080162,2.01061964,2.76978276,2.30307932,2.34021946,2.12736702,2.33926894,1.70608466,2.15709502,2.16315444,2.67806292,2.76782146,3.39345448,3.1069677,3.82519632,3.56087572,3.98539238,3.92334048,5.825696280000002,5.500365460000001,6.93784442,6.64284502,7.39377512,6.105710460000001,6.689909420000001,5.52677856,6.376392360000001,5.334493800000002,5.58406026,4.62426774,4.93065732,4.02844168,4.71500912,4.020144,4.45526134,3.97009698,4.60092782,4.16111974,4.58470878,4.34716252,4.8166335,4.268167299999999,4.7295655,4.3904205,5.014093260000001,4.51104036,4.52518384,4.04667272,4.090724600000001,3.36684728,3.90878684,3.639318520000001,3.37187538,2.90472034,3.09923962,2.3313457,2.39274182,2.37294632,2.6550856,2.24854174,2.59610026,2.31897396,2.17698416,1.84951329,2.27774339,1.92410539,2.33645775,2.31199321,3.04177404,2.76797436,3.34368156,2.62187342,2.22929832,1.30588292,0.8579718000000001,0.0,0.0,0.0,0.0,0.0,0.0,0.0,0.0,0.0,0.0,0.0,0.0,0.0,0.0,0.0,0.0
120301>120393,884,884,CNTu,Canning Town,EntEx,884,CNTu,Canning Town,DLR (Stratford Int'l route) // IB,Enter-Board,557.0405598000002,28.78144934,62.41888635999999,244.6653216,104.42333716,58.44157286000002,58.30999248000001,1.4882146,1.95862928,3.44185888,3.70852766,4.57281118,4.34185518,5.181295100000002,4.08825746,4.552374380000002,3.502616160000001,3.39172062,2.68365102,3.49030994,3.5417417,4.810592199999999,5.198017299999999,7.030040100000001,7.258744819999999,8.55502416,8.404053959999999,9.7839306,8.56134574,9.50645634,8.605778599999999,10.2274502,9.28081168,11.02136524,10.18851524,12.36445178,11.46780258,12.4316411,11.1223696,12.8189514,10.59719834,10.55540094,9.64754074,10.53122094,8.81487942,10.26694068,9.44910168,10.30822208,9.085508680000002,9.612924800000002,8.415513200000001,9.4286462,7.950017999999999,9.420757199999999,8.92502692,10.32119232,8.87743058,9.28648484,7.292844199999998,8.808884480000003,7.2055936,8.56375994,8.34269888,9.207679720000002,6.75336986,6.71539674,4.84875378,4.63478458,3.49553592,3.99758218,3.394243260000001,4.11857822,3.79331968,3.94876014,3.53356878,3.8949799,3.70304962,4.113344360000001,4.538920360000001,4.97099772,5.208025720000001,6.957511200000001,7.519928599999999,6.432609600000001,5.302204600000001,4.1655508,1.50287,0.0,0.0,0.0,0.0,0.0,0.0,0.0,0.0,0.0,0.0,0.0,0.0,0.0,0.0,0.0,0.0
120322>120301,884,884,CNTu,Canning Town,Jubilee // NB,884,CNTu,Canning Town,EntEx,Alight-Exit,5318.373169380001,168.61080404,494.3852182,1524.6115062,1096.1866568,1154.218001,880.36098314,5.98402728,9.45072688,17.77319008,21.6539834,24.8526966,29.00698340000001,30.92257060000001,28.96662580000001,29.905677,30.621149,28.3977894,28.467838,29.918208,33.96080019999999,36.9005392,46.9079388,53.24534739999999,60.506333,58.8564794,56.6971188,48.5330904,44.6648164,36.8045844,36.7405924,39.6020808,42.6340944,44.98759440000001,48.4151404,51.5882664,54.98888580000001,57.02310139999999,59.28435340000001,63.0076614,69.0152534,71.4141848,76.99713080000002,80.1910208,83.4626668,81.92174480000001,83.8856368,83.412408,87.80066400000003,88.58771200000002,89.64882200000002,90.23391,93.63018199999999,91.8256812,92.89243720000002,95.65908720000002,97.86114920000001,94.00786320000002,92.708202,89.25949,86.50128199999999,84.40531000000001,87.20206280000002,89.12265479999999,94.3588328,96.2028228,98.95159079999999,98.485299,97.651315,93.235455,97.279935,94.24838700000002,96.840226,96.379362,101.4621208,91.8560708,92.7830908,87.159512,86.23096800000002,70.73154020000003,69.548085,54.73407860000001,44.10047840000001,31.51857060000001,26.80970780000001,17.80543100000001,16.2203424,16.5289472,14.575622,19.2197808,17.2695776,18.2573466,14.05375354,17.10523634,11.89767134,13.67075234,11.04432366,11.73246992,6.99645412,7.143778020000001,4.766407900000001,4.366466580000001,2.23451958
120322>120390,884,884,CNTu,Canning Town,Jubilee // NB,884,CNTu,Canning Town,DLR (City routes) // OB,Alight-Interchange-Board,6709.412071920001,241.81699582,1158.0350722,2495.423972600001,1253.4652486,1106.9293216,453.7414611000001,0.77680892,6.22741932,13.24703832,25.26960072,33.24586094,44.3188722,51.48683320000001,67.2445622,67.17443580000001,76.95349660000002,82.22029640000001,91.90004100000002,91.057491,100.878719,102.264837,104.086,108.740812,113.231776,114.041552,105.4856154,102.6117562,90.6069742,81.90683320000002,73.65391120000002,83.8708478,84.95742899999998,89.140353,91.457466,100.173842,101.216658,109.63288,111.799132,119.087236,116.824728,120.258218,113.80591,117.9616412,108.0138812,113.3164452,105.3647792,113.9346812,110.43346,121.921138,113.473772,122.293288,113.800358,114.068942,103.862056,110.073578,101.160014,101.983196,97.606797,99.61336899999999,93.082099,99.29797380000001,96.6235778,103.3969558,99.9008058,104.8943498,96.90090800000002,98.612512,89.418777,94.726479,88.25493900000001,89.6062848,82.5673968,82.64512880000002,76.00478480000002,73.99696879999999,64.64401000000001,64.438224,53.30988840000001,42.3963588,38.13134960000001,31.56688586,25.98271566,23.18639206000001,18.25827166,8.68925686,7.564206599999999,1.5769328,0.0,0.0,0.0,0.0,0.0,0.0,0.0,0.0,0.0,0.0,0.0,0.0,0.0,0.0,0.0
120322>120391,884,884,CNTu,Canning Town,Jubilee // NB,884,CNTu,Canning Town,DLR (City routes) // IB,Alight-Interchange-Board,2022.40863114524,103.62259274524,286.370405,566.1658959,410.1778528,446.4583234,209.6135613,1.26913199508,2.64986671508,4.98097711508,9.68244768,14.21651452,19.11966012,24.61179,27.0922046,26.6207866,24.9919242,20.37712208,16.06600688,14.69644988,16.43918588,17.17972788,23.3626064,28.5468478,33.0829738,31.9841024,33.0226712,29.2780648,24.8496766,19.8851427,18.3108757,16.2912983,16.5206459,16.6368583,17.2496948,17.5791046,19.3522972,19.4419308,20.4406186,21.5597188,23.54353080000001,23.7430972,25.4427024,25.5982604,27.4488246,27.6466524,29.605694,30.7232,32.3297384,30.9403192,31.7479494,30.2159376,30.7165086,32.9510094,35.25464960000001,36.6817454,37.7427588,37.582765,34.3291266,33.734333,31.8339444,33.2183568,35.91671760000001,38.34861679999999,39.0859558,39.050168,37.7980664,34.6350664,36.7016268,36.6591414,38.9342092,37.885032,39.168616,34.7752908,33.4165338,29.0787112,26.8028094,26.9118722,27.14864020000001,23.3740526,22.6452704,20.14220936000001,13.52352446,8.5418009,6.0648035,2.7470663,2.09716034,0.53564044,0.0,0.0,0.0,0.0,0.0,0.0,0.0,0.0,0.0,0.0,0.0,0.0,0.0,0.0,0.0
120322>120392,884,884,CNTu,Canning Town,Jubilee // NB,884,CNTu,Canning Town,DLR (Stratford Int'l route) // OB,Alight-Interchange-Board,5.06671615,1.74038264,0.02329181,0.0,0.0,0.0,3.3030417,0.3959718800000001,0.3959718800000001,0.3959718800000001,0.3959718800000001,0.08661969,0.02329181,0.02329181,0.02329181,0.02329181,0.0,0.0,0.0,0.0,0.0,0.0,0.0,0.0,0.0,0.0,0.0,0.0,0.0,0.0,0.0,0.0,0.0,0.0,0.0,0.0,0.0,0.0,0.0,0.0,0.0,0.0,0.0,0.0,0.0,0.0,0.0,0.0,0.0,0.0,0.0,0.0,0.0,0.0,0.0,0.0,0.0,0.0,0.0,0.0,0.0,0.0,0.0,0.0,0.0,0.0,0.0,0.0,0.0,0.0,0.0,0.0,0.0,0.0,0.0,0.0,0.0,0.66060834,0.66060834,0.66060834,0.66060834,0.66060834,0.0,0.0,0.0,0.0,0.0,0.0,0.0,0.0,0.0,0.0,0.0,0.0,0.0,0.0,0.0,0.0,0.0,0.0,0.0,0.0,0.0
120322>120393,884,884,CNTu,Canning Town,Jubilee // NB,884,CNTu,Canning Town,DLR (Stratford Int'l route) // IB,Alight-Interchange-Board,33.956320347,3.852028457,5.57571897,7.648930695,9.862805640000001,3.236166225400001,3.7806703596,0.0,0.06214946,0.0669316226,0.2729942426,0.4727176286,0.7332920886000001,0.9928608486,1.251082566,1.178402326,1.007435556,0.7468610960000001,0.5105231960000001,0.247519316,0.371534976,0.34277836,0.370652312,0.285271992,0.340016664,0.08261862400000003,0.09210455200000002,0.06423060000000001,0.142671934,0.08792726199999999,0.149370752,0.148542846,0.2295921920000001,0.151150858,0.311654078,0.286495934,0.327370284,0.246320938,0.480720538,0.337520995,0.394379125,0.344846753,0.5447331329999999,0.386198509,0.480979162,0.387835686,0.477440506,0.277554126,0.4620648700000001,0.415424164,0.51390545,0.431551204,0.8469183840000001,0.5910578932,1.2780559692,1.1927844892,1.4639490552,1.0619824672,1.227279738,0.488723194,0.5495050020000001,0.2858003080000001,0.4451979360000001,0.2822371024000001,0.3415247544000001,0.2826966184,0.3889981324000001,0.2452822504,0.2878817,0.2191945312,0.2261654692,0.1277047752,0.2979901372000001,0.2645383372,0.2719524174,0.2617185774,0.4007328174,0.2797483434,0.6058741874,0.5939744680000001,0.636945666,0.4753801600000001,0.4009080656,0.0587829056,0.0587829056,0.003911131599999999,0.003911131599999999,0.0,0.0,0.0,0.0,0.0,0.0,0.0,0.0,0.0,0.0,0.0,0.0,0.0,0.0,0.0,0.0
120323>120301,884,884,CNTu,Canning Town,Jubilee // SB,884,CNTu,Canning Town,EntEx,Alight-Exit,11880.93593319999,176.18139,476.0973856,2801.1529706,2628.56715,2214.9613,3583.975737,11.8407758,17.9254492,23.5122968,22.9083208,24.9374394,25.4610032,24.4534774,25.1426274,27.6230994,28.6340678,30.1359704,31.3139844,32.376632,33.612644,36.3511296,42.0035844,46.7172708,51.5486576,55.7771628,60.0031824,60.45912120000001,62.88651520000001,63.4097652,66.45285600000001,71.53217099999999,78.38314100000001,84.1379838,89.7140238,93.8588378,99.74254599999999,106.3375752,115.9123384,126.3992504,135.3634144,139.0824132,142.542556,144.291908,147.34192,149.229558,152.51516,156.697542,162.360526,170.84608,181.655768,195.258372,206.670976,213.471518,217.417584,222.15911,225.02067,227.25368,228.066774,228.381298,226.898326,221.074986,216.893856,213.42923,204.53367,196.32659,190.489784,183.708256,178.792974,175.80227,173.034728,173.685504,171.25751,173.284042,180.616742,186.697184,195.86111,209.268508,218.973852,222.774952,218.103098,211.355844,187.0311532,171.2138432,148.8670232,132.9068552,119.9250192,130.15045,114.81659,124.413862,120.535752,115.883716,92.6597652,98.3677512,77.39756919999998,78.35738520000001,66.4242296,69.27731200000001,59.92649040000001,69.6025484,57.9611514,48.828197,36.3945254
120323>120390,884,884,CNTu,Canning Town,Jubilee // SB,884,CNTu,Canning Town,DLR (City routes) // OB,Alight-Interchange-Board,7265.004997719998,118.79027812,592.3706078,2361.1472148,1640.393884,1330.1815038,1222.1215092,1.39106578,2.7405981,5.3627385,10.4756563,16.47066692000001,20.82983932,28.0340118,33.4857014,39.308995,40.8853386,43.31141220000001,43.24471,45.1803572,43.8552978,47.17852979999999,51.5124438,56.35715820000001,57.54472620000002,61.21895620000001,62.7726828,65.7311508,68.90800379999999,75.18371859999998,75.4390196,82.51043100000003,83.803365,86.32271100000001,86.249441,95.692396,95.22738,100.929192,102.197238,109.959414,106.915634,110.67028,106.518676,109.55609,104.3841472,109.3981272,108.9281092,115.6943132,115.5312912,122.979168,122.417918,129.142862,130.431574,135.960372,135.137768,143.11743,140.186132,142.547476,138.2530908,140.9329608,134.0183148,136.1060048,134.5598988,134.4826848,128.3110108,127.17326,119.459628,116.129894,109.8261092,106.3311842,100.138373,100.4463282,95.4773262,96.3706142,96.0350912,105.3367092,108.846254,116.010316,116.804225,122.79005,115.415716,103.752546,97.47677519999999,102.8303982,83.16679840000002,63.11247239999999,50.28472240000001,30.6795572,5.614969200000001,0.0,0.0,0.0,0.0,0.0,0.0,0.0,0.0,0.0,0.0,0.0,0.0,0.0,0.0
120323>120391,884,884,CNTu,Canning Town,Jubilee // SB,884,CNTu,Canning Town,DLR (City routes) // IB,Alight-Interchange-Board,1904.58253184,27.95442394000001,120.7507454,605.5324852000001,432.3433298,331.9821002,386.0194473,0.39677766,0.71620406,1.2903017,2.13377638,4.30630412,5.144504800000001,6.689015200000001,7.277540020000003,7.70986514,6.908733940000001,7.149295060000001,7.16468106,7.718205,8.203590799999999,8.679401400000001,10.2447148,11.3084578,13.2629336,15.2645338,17.136333,19.1690564,21.2492086,23.5451628,27.1078134,30.519724,30.70016840000001,29.1013374,26.44531820000001,23.2974984,19.6405382,19.2359326,20.798182,21.854812,22.4464414,23.0956274,23.65779400000001,23.0318896,24.9237008,25.2737538,27.4048,27.9141068,31.4556576,31.3554276,32.3085338,32.2525334,33.1755868,32.3134704,35.12292,36.65711280000001,38.5121072,39.0022184,39.2806556,37.355147,37.4685044,35.7682684,35.4348054,33.9603424,32.3701034,29.6139656,28.5342708,26.56181440000001,26.2400458,25.9870128,26.8077666,25.7341758,25.6171596,24.3914836,26.1639594,27.681404,34.17750039999999,40.206226,46.399602,51.4797908,46.9953446,38.405631,33.0789582,25.8840518,14.81253786,11.99496806,9.64709086,4.27575366,0.98058806,0.0,0.0,0.0,0.0,0.0,0.0,0.0,0.0,0.0,0.0,0.0,0.0,0.0,0.0
120323>120392,884,884,CNTu,Canning Town,Jubilee // SB,884,CNTu,Canning Town,DLR (Stratford Int'l route) // OB,Alight-Interchange-Board,2252.130374314001,37.590304254,195.78816746,647.5951578,533.6381836,467.1289716000001,370.3895896,1.116839298,2.034281238,2.692192638,4.209342680000002,5.399350940000001,5.36943108,7.715961140000001,9.05290524,10.07387496,11.2352551,12.8821203,11.8785347,13.5452932,13.6177674,16.3183898,17.9278178,21.380174,21.34861100000001,23.7254152,21.854914,22.7668112,20.4728746,21.6970418,20.30605060000001,23.5573542,22.1328886,24.9564086,25.5401828,29.9693372,28.095222,31.1191342,29.0050808,30.4471634,26.8776276,28.6267092,25.4416978,28.2514806,25.6097632,28.7463072,26.5361206,30.3777916,29.090221,35.10178140000001,32.8701076,38.84622520000001,38.40329460000001,44.67904580000001,40.9314498,46.33902500000001,44.0671244,49.84341200000001,44.0250308,48.94115600000001,45.31104600000001,48.83246060000001,43.41891339999999,47.7755426,42.6820654,45.6873926,39.7281958,41.671855,36.48000820000001,39.1637722,34.0739112,36.6384722,32.9383058,36.7570126,33.532438,40.1295148,38.7406508,44.53858480000001,40.21206820000001,46.51886040000001,39.1128256,36.587232,30.4829962,25.7181688,13.6272172,9.367801,5.3536698,0.0,0.0,0.0,0.0,0.0,0.0,0.0,0.0,0.0,0.0,0.0,0.0,0.0,0.0,0.0,0.0
120323>120393,884,884,CNTu,Canning Town,Jubilee // SB,884,CNTu,Canning Town,DLR (Stratford Int'l route) // IB,Alight-Interchange-Board,891.2048551800002,24.60654788,78.27980744,183.53621488,198.39493108,147.3969615,258.9903924,0.09185152000000002,0.55997282,1.56218592,2.34457208,3.37850156,4.65396396,5.51101446,6.504485560000001,7.392156700000001,7.511438440000003,7.252326960000001,7.575909560000001,6.65938656,6.32946426,6.223019519999998,6.46787,5.5482404,6.112132000000001,5.373677320000001,5.83418572,5.47027186,6.52928126,5.87016572,7.488106399999999,6.981109200000001,8.20166166,7.07962626,7.608580000000003,6.945794740000002,7.825846740000002,6.361673520000001,7.596730320000002,7.598676120000001,8.346548480000001,7.433907380000001,8.964341000000003,8.196266080000001,9.15964808,8.09800066,9.05444276,8.00946646,9.201623180000002,7.41113064,8.10331636,8.07728676,9.74686386,9.61193346,13.9052892,15.8510102,20.2250104,20.3090092,22.6550994,20.5358022,21.5028016,17.7773694,18.1974554,14.9798846,15.3421626,11.4504086,12.3581608,10.599453,12.2390994,9.982768260000002,11.38882606,10.05261346,11.75805586,12.08355826,15.16197060000001,14.5362846,19.1299198,24.7142678,30.91684860000001,30.9794804,32.5790802,30.9793668,27.447079,17.96052300000001,13.8517472,10.5155628,5.3802322,0.0,0.0,0.0,0.0,0.0,0.0,0.0,0.0,0.0,0.0,0.0,0.0,0.0,0.0,0.0,0.0
120390>120301,884,884,CNTu,Canning Town,DLR (City routes) // OB,884,CNTu,Canning Town,EntEx,Alight-Exit,895.2241872000004,8.668356300000001,30.28401352,294.7122905800001,244.926956,160.6995722,155.9329986,0.39125054,0.45146662,0.60606174,0.94567164,1.20659784,1.37198354,1.76849402,1.92683036,1.90308074,2.00598968,1.83511012,1.78423288,1.96744822,2.3539602,2.57967122,2.5810266,2.82235074,3.22896064,3.41650432,3.80567816,4.57014024,5.64464138,6.81420028,7.591502139999998,8.69103774,10.1610692,10.766293,11.056862,11.7100168,12.3723566,11.73243,12.0513262,12.2361744,13.7166246,13.880094,14.9595146,14.9397358,15.734629,14.389641,14.8937228,15.5578418,16.6104508,16.8201598,17.8118264,17.8655178,18.9984428,18.713341,19.65020160000001,20.9794592,22.02583760000001,21.05194000000001,22.7027766,22.2621424,21.2086414,19.871057,19.5975986,17.3056214,16.0017178,15.110302,14.9527682,13.4751756,13.2889142,12.7736422,12.3837892,11.7130018,11.4041116,11.2095796,11.0809486,10.7984356,11.0171288,11.3612298,11.8749398,12.570129,13.5227526,13.707211,15.9814742,16.23452,14.3147294,11.2026296,8.457167199999999,4.0144982,0.8761534,0.0,0.0,0.0,0.0,0.0,0.0,0.0,0.0,0.0,0.0,0.0,0.0,0.0,0.0
120390>120322,884,884,CNTu,Canning Town,DLR (City routes) // OB,884,CNTu,Canning Town,Jubilee // NB,Alight-Interchange-Board,2186.913464900001,45.46108590000001,236.1240211,936.5132040000001,549.151693,272.9027556,146.7607053,0.64551392,1.56382618,2.91993518,4.72513798,6.31010458,7.765987260000001,10.1240498,11.406531,12.64223,13.7097504,14.7570053,15.1121461,16.6311219,17.1086341,18.7213911,20.5764536,23.0542412,24.8941362,28.0050366,30.9118746,33.000815,34.7082102,36.1171152,37.0424562,37.29874940000001,37.763082,37.3276786,36.6264606,36.5594432,37.44211679999999,37.9299486,37.48957160000001,38.8272536,38.4044676,37.5069816,37.3587418,38.24194979999999,38.266093,40.774997,42.425937,44.58315200000001,45.45965320000001,47.63650200000001,47.721828,47.74560039999999,46.6871144,47.3943538,46.36654779999999,46.3918102,46.14618180000001,47.119913,46.58850440000001,46.9891204,44.45779200000001,43.36583420000001,39.8989206,37.1793248,33.5026034,31.219066,27.77572260000001,25.2517792,23.3509064,20.4045634,18.119263,16.4307278,14.6218906,12.9744712,12.0724372,12.062147,11.4154195,11.0147229,10.9489785,11.6394687,13.22897210000001,13.0546582,13.9894834,14.1400756,13.0828034,8.919412000000003,7.121643000000001,4.418169400000001,1.7247516,0.0,0.0,0.0,0.0,0.0,0.0,0.0,0.0,0.0,0.0,0.0,0.0,0.0,0.0
120390>120323,884,884,CNTu,Canning Town,DLR (City routes) // OB,884,CNTu,Canning Town,Jubilee // SB,Alight-Interchange-Board,1568.110550430001,44.58007117,190.440991,741.7128162,312.7632946000001,180.0490199800001,98.56435748000001,0.1917252,0.4592682,0.5666110400000001,0.702193154,8.317139154,9.232623554,11.754562954,13.355947914,15.906659,9.9513126,12.0717764,11.6771168,13.0412576,12.7470828,15.0957794,16.1786438,18.6579826,19.7341568,22.236247,23.1429762,24.273282,23.9856576,24.8880766,28.117523,29.9830296,29.6979214,31.6384198,31.260735,29.82615920000001,31.50752000000001,31.6286886,30.092229,30.152499,28.3962612,25.656666,26.881078,30.213101,33.0016516,35.5701362,37.331237,39.206077,37.65965900000001,36.5104032,34.2348052,33.265792,31.7606694,31.8079298,29.753468,28.8202582,25.2682426,23.6569916,20.0115534,19.4313854,20.50686180000001,24.622309,23.8578334,24.776363,24.6589496,23.1659268,19.1730806,17.6150948,15.0867814,13.6309826,12.1473168,9.71517666,7.708588660000001,6.661355200000001,5.70940386,5.03670996,8.129418900000001,9.5674071,11.12036416,10.9180669,10.9864669,9.9804393,9.4666486,7.94134008,7.008514972,5.221502872,2.481991072,0.627060572,0.078426092,0.0,0.0,0.0,0.0,0.0,0.0,0.0,0.0,0.0,0.0,0.0,0.0,0.0,0.0
120390>120392,884,884,CNTu,Canning Town,DLR (City routes) // OB,884,CNTu,Canning Town,DLR (Stratford Int'l route) // OB,Alight-Interchange-Board,0.0,0.0,0.0,0.0,0.0,0.0,0.0,0.0,0.0,0.0,0.0,0.0,0.0,0.0,0.0,0.0,0.0,0.0,0.0,0.0,0.0,0.0,0.0,0.0,0.0,0.0,0.0,0.0,0.0,0.0,0.0,0.0,0.0,0.0,0.0,0.0,0.0,0.0,0.0,0.0,0.0,0.0,0.0,0.0,0.0,0.0,0.0,0.0,0.0,0.0,0.0,0.0,0.0,0.0,0.0,0.0,0.0,0.0,0.0,0.0,0.0,0.0,0.0,0.0,0.0,0.0,0.0,0.0,0.0,0.0,0.0,0.0,0.0,0.0,0.0,0.0,0.0,0.0,0.0,0.0,0.0,0.0,0.0,0.0,0.0,0.0,0.0,0.0,0.0,0.0,0.0,0.0,0.0,0.0,0.0,0.0,0.0,0.0,0.0,0.0,0.0,0.0,0.0
120390>120393,884,884,CNTu,Canning Town,DLR (City routes) // OB,884,CNTu,Canning Town,DLR (Stratford Int'l route) // IB,Alight-Interchange-Board,169.51262765015,4.23894328015,15.06071541,51.71609582600001,40.465553904,28.384627226,29.64669200400001,0.053266704,0.05328140003,0.22736054003,0.24615484803,0.6349287880300001,0.7580052240299999,1.160520488,1.105425288,1.48313226,1.163607754,1.198472094,0.88251105,1.17264467,0.812867564,1.26045849,1.15084566,1.355973824,1.156775844,1.83691897,1.58650723,2.20092818,1.932962916,1.932993996,1.499028056,1.557090176,1.113163316,1.41644462,1.39833786,1.5500881,1.51356982,1.71258412,1.72804758,1.88323814,1.84418498,2.18849172,2.21142208,2.7918485,3.01484768,3.10325678,2.79138024,3.45382096,2.94312856,3.11560342,2.819634026,2.933650086,2.647002366,3.498968166,2.967924126000001,4.22382348,4.115547520000002,4.04645052,3.40409972,3.59616246,2.8533428,3.26582056,2.9127621,3.58825324,3.45613552,3.17001816,2.81990432,2.58311586,1.44663026,1.89835926,1.68178182,1.9284085,2.12654268,2.17712488,1.508352726,1.630644166,1.158298006,1.541911866,1.780096406,2.783814,3.35562442,4.10042112,4.1922318,3.74263392,2.68455,1.7920251,0.8844412,0.0,0.0,0.0,0.0,0.0,0.0,0.0,0.0,0.0,0.0,0.0,0.0,0.0,0.0,0.0,0.0
120391>120301,884,884,CNTu,Canning Town,DLR (City routes) // IB,884,CNTu,Canning Town,EntEx,Alight-Exit,765.3109426999999,20.83368156,69.95913044000001,360.702574,158.0172178,98.70061736000001,57.09772154,1.31792212,1.97828412,2.60668206,3.10055566,3.66305756,2.87029464,2.66726124,2.62962416,2.70992616,2.8326013,2.91010982,3.25365716,3.80302882,4.64420022,5.187083900000001,6.44087638,7.35043224,9.11463252,9.92106952,11.7915124,13.4715462,15.9924716,16.55384500000001,18.9968964,19.4743816,19.28102160000001,17.5763646,18.0329584,15.953791,15.8687252,14.822867,15.3481124,13.5085958,13.6179816,12.64472,13.5036932,12.8452054,13.6839864,13.2298816,13.1426304,12.3622636,13.5853696,13.1717752,14.0334902,13.9784986,14.2119894,12.3475636,12.7484282,11.9976108,12.7666008,12.512412,13.7757684,12.8250014,14.1657818,13.3150918,13.372471,11.7165722,12.3945908,10.08322534,9.58959214,8.41095074,8.836521340000003,7.212526739999999,7.143860200000002,6.251914,6.256033299999999,5.24565438,5.55917618,5.08064842,5.81270002,5.181201720000002,5.37464764,4.686571300000002,5.34157066,4.504806980000001,5.25763506,4.85749766,4.530765560000002,3.04169896,2.23827184,0.8789007600000001,0.31080496,0.0,0.0,0.0,0.0,0.0,0.0,0.0,0.0,0.0,0.0,0.0,0.0,0.0,0.0
120391>120322,884,884,CNTu,Canning Town,DLR (City routes) // IB,884,CNTu,Canning Town,Jubilee // NB,Alight-Interchange-Board,7455.708736,399.5349188000001,1050.7565862,3199.708597,1545.680437,826.99599,433.032207,9.80242,18.567186,31.585954,48.887402,61.5715412,70.2494092,75.95211520000002,82.9188912,79.13160720000002,81.47455400000003,76.53845700000002,78.73796899999998,71.971703,78.138141,79.369371,90.61072800000001,91.89034,104.496984,104.230295,114.166437,107.398605,117.976069,110.717273,120.355566,113.95488,126.32167,119.687088,139.271994,133.12916,148.0788140000001,143.888692,158.191514,140.542984,148.714924,135.052576,145.264954,131.4403328,141.8306628,130.0068388,141.2296208,125.6778698,140.331083,131.845349,148.800077,135.875958,145.679267,125.412942,133.932104,115.70456,129.028033,115.775427,134.349694,122.25884,136.923634,120.592452,130.147526,106.6406066,108.7402886,87.0077306,88.29897659999999,70.62499059999998,70.81938920000002,57.52197080000001,58.1559456,46.5118228,46.58969440000001,40.97503060000001,45.10954360000001,38.5325568,40.7533232,35.951724,37.08711760000001,31.6644896,40.2828986,35.4828006,41.2746742,41.7523072,36.7327156,23.1404106,19.700587,9.345639,1.330963,0.0,0.0,0.0,0.0,0.0,0.0,0.0,0.0,0.0,0.0,0.0,0.0,0.0,0.0
120391>120323,884,884,CNTu,Canning Town,DLR (City routes) // IB,884,CNTu,Canning Town,Jubilee // SB,Alight-Interchange-Board,8780.405343000004,192.8729334,978.9570856000003,3687.935741,1942.598682,1365.9783396,612.0625614,1.8105588,4.428128,7.339856800000002,15.2821556,25.76221360000001,36.5634002,43.45055960000001,58.2360608,59.40469,62.95995600000001,61.78955060000001,67.2542892,65.7993192,73.4167802,80.5235642,92.9064414,94.24617420000001,103.5805822,108.2270252,108.8487132,102.883802,112.393728,108.877206,117.14996,120.1984672,144.5435772,143.8686482,168.8417882,167.2114882,182.890785,172.255619,182.13615,163.0061940000001,168.769898,157.687106,161.221426,151.074622,164.432906,158.62966,166.27742,154.80813,172.511172,165.910518,180.35547,171.943228,184.293336,168.19683,166.300048,151.96683,161.215196,146.8438512,155.5795532,144.3807932,164.3148872,155.6456452,171.918484,155.207822,163.135574,135.34983,133.802064,112.1021272,118.1169392,99.97438320000003,99.59451120000004,83.09063660000002,92.9158954,81.8490294,90.83952740000001,80.9895304,83.242875,64.10991899999999,62.3643306,47.3782536,43.8962466,36.9664654,43.31838339999999,39.4521122,38.048058,31.522106,25.0267332,11.7965672,3.9509808,0.0,0.0,0.0,0.0,0.0,0.0,0.0,0.0,0.0,0.0,0.0,0.0,0.0,0.0
120391>120392,884,884,CNTu,Canning Town,DLR (City routes) // IB,884,CNTu,Canning Town,DLR (Stratford Int'l route) // OB,Alight-Interchange-Board,163.70619243,5.454688462,19.908555688,63.82480678000002,32.05733938,24.0847934,18.37600872,0.06639016800000001,0.175690508,0.416040948,0.533081702,0.7965222620000001,1.023892774,1.0442778,1.3987923,1.367718758,1.188641712,0.9522223320000002,1.507323286,1.113283806,1.363430074,1.39547168,1.84676548,1.56996004,2.12252628,2.35502028,3.12619196,2.81243344,2.88061114,2.36149484,2.5065465,1.95400232,2.25576714,1.90465058,2.32086164,2.02306634,3.23956892,3.285945,3.7183179,3.455072,3.74679712,2.507482159999999,2.70414228,2.3999137,2.69161768,2.440869,2.62801742,2.1633987,2.66645076,2.41564728,2.74213292,2.63094632,2.62699452,2.11734204,2.44482446,2.1083836,2.48673894,2.62932072,3.410069,2.8824677,3.15850792,2.78453214,2.77721202,2.10373326,2.41685428,2.093338,2.48084778,2.24865048,2.64300004,2.198901868,2.110435448,1.565996708,1.702331628,1.112716768,1.40798714,1.154774644,1.384097844,1.370273084,1.926736404,1.758738444,1.8148976,1.63081952,2.27549872,1.56044526,1.33612782,1.22223858,0.9413608,0.0,0.0,0.0,0.0,0.0,0.0,0.0,0.0,0.0,0.0,0.0,0.0,0.0,0.0,0.0,0.0
120391>120393,884,884,CNTu,Canning Town,DLR (City routes) // IB,884,CNTu,Canning Town,DLR (Stratford Int'l route) // IB,Alight-Interchange-Board,183.14914677,6.310115742000001,19.358630428,56.6813262,43.91282956000001,21.555521594,35.33072324600001,0.066871572,0.265424562,0.558855082,0.802297942,0.90184317,1.082616038,1.221960148,1.410247228,1.361596638,1.393649084,1.294140472,1.287999772,1.055439812,1.319992302,1.743143028,2.07364012,1.99938616,2.24110192,1.89642488,1.69211624,1.4183195,1.7331072,1.35356938,1.77864932,1.59796402,1.8557933,1.62986894,2.16802386,2.21041212,2.915524860000001,2.76496344,3.13926794,2.71374826,2.54387326,1.95762634,2.5373447,2.05824994,2.53803716,2.4149661,2.80442052,2.60146912,3.274687940000001,2.85757768,3.813861300000001,3.64886076,3.797202420000001,3.3374049,4.31966524,3.89033496,4.3469368,3.68063132,4.056111100000001,3.12360976,3.36160016,2.82591312,3.52455902,2.718667878,2.544519126,1.715332486,1.735002686,0.984088658,1.29928148,1.304169912,1.275156426,1.565924146,2.259642434,2.109250308,2.044486054,1.97758506,1.5073677,0.8931889600000001,1.387433186,1.39264888,4.6095408,5.993536880000002,5.79535828,5.1117279,5.00413,1.658205600000001,0.0,0.0,0.0,0.0,0.0,0.0,0.0,0.0,0.0,0.0,0.0,0.0,0.0,0.0,0.0,0.0,0.0
120392>120301,884,884,CNTu,Canning Town,DLR (Stratford Int'l route) // OB,884,CNTu,Canning Town,EntEx,Alight-Exit,598.0564166699999,11.57719176,48.47657743000001,213.15702336,134.05106352,98.31879024000001,92.47577036000001,0.16958314,0.41290472,1.50607452,1.67509318,1.99163836,2.06381598,2.33787212,1.42020974,1.92899522,1.691146714,2.473126154,2.199311974,3.218769814,2.855675294,4.11848796,3.570096800000001,6.308928460000002,5.910762340000002,7.388917320000001,6.812359380000001,8.27810554,6.09177644,6.726748580000002,5.64472092,7.151509320000002,5.88155522,7.18906992,6.672386840000001,8.087506699999999,6.8869037,8.9015986,7.669199000000001,9.838877,8.954563920000002,11.00573912,9.685167240000002,11.99220744,10.01399924,12.03373772,9.92312826,11.62922314,9.534943,12.7509622,10.6133943,12.89341976,10.80847768,12.91222282,9.63926982,12.11271012,9.97547498,11.76007766,10.20141126,12.53767186,9.82788378,11.55786792,9.82457586,10.74471286,8.102569260000001,9.13619194,7.12375694,8.4352844,6.584644300000001,8.3334413,7.38062936,8.69041316,7.141538760000001,9.36403506,7.2815729,8.96574504,7.37113634,8.84339864,6.465416360000001,8.329492320000002,6.05326634,6.79171596,6.40278246,7.289723800000001,7.328475600000001,6.95225218,5.626585460000001,3.74287606,2.3129038,0.0,0.0,0.0,0.0,0.0,0.0,0.0,0.0,0.0,0.0,0.0,0.0,0.0,0.0
120392>120322,884,884,CNTu,Canning Town,DLR (Stratford Int'l route) // OB,884,CNTu,Canning Town,Jubilee // NB,Alight-Interchange-Board,294.01607736479,38.45906148,57.55241632000001,106.1358792,38.03076362,23.52662086,30.31133588479,1.17323932,1.66866168,3.31249508,4.15409674,6.17037434,6.151518100000001,8.44560654,7.38306968,8.140473020000002,6.47388628,6.599710400000001,4.581729600000001,4.879779340000002,3.972952340000001,4.71091454,3.73639008,4.01641476,3.42622242,3.62552502,3.388418520000001,3.752457960000001,3.141689640000001,3.7497325,3.30805936,3.7271996,3.75633822,4.51371086,4.05049482,5.45678516,4.95321694,5.65670574,5.02254186,6.132687100000001,4.89038134,6.03489556,5.130068500000001,5.369868980000001,4.36484162,5.242474980000001,3.5858613,4.05884316,3.597093240000001,3.942996920000001,2.69693384,3.10255052,2.246020668,3.005307588,2.719889708,3.598005328,3.183770148,4.1248214,3.3117351,3.42812842,2.69710684,3.71227222,2.90115568,3.26378132,2.76069768,2.81255118,1.77316148,2.0258887,1.54362442,1.70485498,1.51965454,1.61649668,1.3496032,1.70812454,1.44818214,2.39689552,2.70398694,4.05526314,3.8387925,4.80622202,3.6920998,3.50167626,1.920705744958,1.774532844958,0.6929210449580001,0.5992204649580001,0.1645341449580001,0.1644854600000001,0.0,0.0,0.0,0.0,0.0,0.0,0.0,0.0,0.0,0.0,0.0,0.0,0.0,0.0,0.0
120392>120390,884,884,CNTu,Canning Town,DLR (Stratford Int'l route) // OB,884,CNTu,Canning Town,DLR (City routes) // OB,Alight-Interchange-Board,309.966775564,5.3375068,30.87708518,147.87082214,60.97570380000001,21.113021362,43.792636282,0.04866332400000001,0.091013902,0.171251052,0.4244297520000001,0.742220152,0.931096088,1.36921941,1.55961312,2.43856602,2.62566734,2.65254382,2.46841952,2.7041461,1.83264084,1.94861556,2.15093446,2.49182626,2.455631820000001,3.021896340000001,4.086197100000001,5.27868366,5.408813960000002,6.167709700000001,6.590890440000001,6.24996564,5.3629393,5.7780434,5.742586360000002,6.16132656,5.62143502,6.633741760000001,6.174243500000001,6.498952600000001,6.459529000000002,6.853711140000001,5.58355514,6.154694280000001,5.221267780000002,5.14964172,5.164440620000001,5.94153914,7.17222126,8.633084960000001,7.867805199999999,7.69759196,6.936621840000001,4.93700314,4.06716354,5.841917560000002,5.4225029,5.913515100000001,5.73074476,5.38935966,3.22931586,3.23775526,2.57221222,2.45522928,1.736015112,1.565939272,1.115426352,1.107962812,1.156654192,1.62397702,1.86152594,2.347049,2.079853414,2.293737214,1.769651754,1.511934694,0.8764264760000002,0.9838741820000002,0.6002226540000001,0.620393046,0.4036792148000001,6.860717892800001,7.1259954928,7.7112683808,7.632551488800001,7.6323167,1.1436327,0.68962336,0.0,0.0,0.0,0.0,0.0,0.0,0.0,0.0,0.0,0.0,0.0,0.0,0.0,0.0,0.0
120392>120391,884,884,CNTu,Canning Town,DLR (Stratford Int'l route) // OB,884,CNTu,Canning Town,DLR (City routes) // IB,Alight-Interchange-Board,303.6049806300001,13.2384119,42.88003366,125.51970535,40.42049981000001,32.54213878,49.00419113,0.05302756400000001,0.2326375840000001,0.846397484,1.534967944,2.682103004,2.76581874,2.72973172,2.39372786,2.87409546,2.22865418,3.22471956,3.19305352,3.70367338,2.92962594,2.98620924,2.29497514,4.04133598,3.9728119,5.579071480000001,5.85180788,6.717332700000001,5.625151700000001,5.933677040000001,4.16536986,4.987031180000002,4.02448148,3.99684468,3.96826744,4.870778560000002,3.82728812,4.98071962,5.328033420000001,6.112156499999998,5.508066100000002,6.29562374,5.23799154,5.704024200000001,4.655617040000001,5.586873040000001,4.79185524,6.237690740000001,5.486839780000001,6.374753940000002,5.10323769,5.758528430000001,4.256958750000001,3.89949353,2.86167145,3.81953036,2.71290589,2.69966417,2.99817859,3.05016847,2.24134439,3.073452,3.04860378,2.84153038,2.55806238,2.85804582,2.4994411,3.05369862,2.66589278,3.09902628,2.71563322,2.8536996,2.15992938,2.72261042,2.5145688,3.4447233,2.693863806,3.002450226,2.333610098,2.628008938,1.499854702,5.951146055999999,6.389618115999999,6.922027743999998,6.048407224,5.98977826,1.52738666,0.5733159999999999,0.0,0.0,0.0,0.0,0.0,0.0,0.0,0.0,0.0,0.0,0.0,0.0,0.0,0.0,0.0
120393>120301,884,884,CNTu,Canning Town,DLR (Stratford Int'l route) // IB,884,CNTu,Canning Town,EntEx,Alight-Exit,205.91279662,6.520553660000001,23.27510069000001,99.11319688,37.48619882000001,20.817474496,18.700272074,0.0,0.2378033000000001,0.4511266800000001,0.8526904800000001,0.9716357100000002,1.34925193,1.29785797,1.36018759,1.07446147,1.28354714,1.00724702,1.06810772,1.0047242,1.57683218,1.5393922,2.3043521,2.54230816,3.154992420000001,2.7750716,3.94406448,4.00570538,5.11593474,5.01323422,6.169411680000001,5.308773640000001,5.475009340000002,4.401930419999998,4.65687428,3.647105140000001,4.066641880000001,3.424917820000001,4.00690028,3.47631202,4.04677978,3.55223522,4.168858800000002,3.42881398,3.994883960000001,3.36591124,3.6807757,3.148658380000001,3.847888280000001,3.290833720000001,3.818806980000001,3.4071473,3.67588744,3.007837100000001,3.437887460000001,2.900426700000001,3.24022862,2.925606780000001,3.387247040000001,2.892699700000001,3.10354156,2.71300858,2.79468054,2.21472192,2.3359456,1.90528534,2.14300128,1.82117286,1.96499024,1.65176354,1.82295076,1.320938734,1.289403034,1.004051374,1.343249814,1.294584434,1.4974918,1.52235242,1.68198302,1.2716981,1.26652158,1.18201628,1.38217024,1.42083578,1.84614602,1.5621784,1.33166076,0.8872852400000001,0.5533480000000001,0.0,0.0,0.0,0.0,0.0,0.0,0.0,0.0,0.0,0.0,0.0,0.0,0.0,0.0
120393>120322,884,884,CNTu,Canning Town,DLR (Stratford Int'l route) // IB,884,CNTu,Canning Town,Jubilee // NB,Alight-Interchange-Board,2017.641979741658,76.80870879999999,368.29945,960.3323296000001,331.2527666,203.67388676,77.27483798165825,0.0,1.6752884,3.9108716,8.151669400000001,11.2529532,15.4330752,16.6017942,19.7830568,18.2428106,22.1648376,22.2448544,27.3516114,26.589769,32.32518080000001,29.9303964,36.2148568,33.245466,39.9795826,36.9495434,43.060541,37.799553,43.8044228,37.5634278,42.55458,37.00874260000001,42.610972,37.8193156,44.30225220000001,40.2364972,47.19374740000001,43.80165220000001,49.62926820000001,43.119596,47.0759912,39.74535960000001,42.5321902,35.3618678,39.4762892,33.805791,38.2318698,32.9030794,36.97071560000001,32.0242938,34.76085500000001,29.40840900000001,30.68926880000001,25.2062582,28.43233780000001,24.5474092,27.4895078,25.1210222,29.7233992,25.808954,29.326475,26.3952346,29.1044908,23.6977218,24.94359660000001,20.6954044,21.9203236,17.2081616,17.9633898,14.8713984,15.7232076,11.8100272,12.4608092,10.60056708,11.77927948,9.21022168,10.05371468,8.652984479999999,9.4631364,7.79381946,7.91699966,7.43372686,6.322421060162653,3.985181428331652,3.149871208331652,2.005759808331653,0.4290046083316523,0.4290046081690001,0.4289920400000001,0.0,0.0,0.0,0.0,0.0,0.0,0.0,0.0,0.0,0.0,0.0,0.0,0.0,0.0
120393>120323,884,884,CNTu,Canning Town,DLR (Stratford Int'l route) // IB,884,CNTu,Canning Town,Jubilee // SB,Alight-Interchange-Board,0.0,0.0,0.0,0.0,0.0,0.0,0.0,0.0,0.0,0.0,0.0,0.0,0.0,0.0,0.0,0.0,0.0,0.0,0.0,0.0,0.0,0.0,0.0,0.0,0.0,0.0,0.0,0.0,0.0,0.0,0.0,0.0,0.0,0.0,0.0,0.0,0.0,0.0,0.0,0.0,0.0,0.0,0.0,0.0,0.0,0.0,0.0,0.0,0.0,0.0,0.0,0.0,0.0,0.0,0.0,0.0,0.0,0.0,0.0,0.0,0.0,0.0,0.0,0.0,0.0,0.0,0.0,0.0,0.0,0.0,0.0,0.0,0.0,0.0,0.0,0.0,0.0,0.0,0.0,0.0,0.0,0.0,0.0,0.0,0.0,0.0,0.0,0.0,0.0,0.0,0.0,0.0,0.0,0.0,0.0,0.0,0.0,0.0,0.0,0.0,0.0,0.0,0.0
120393>120390,884,884,CNTu,Canning Town,DLR (Stratford Int'l route) // IB,884,CNTu,Canning Town,DLR (City routes) // OB,Alight-Interchange-Board,135.409744223,2.350129027,12.674147586,76.22517579999999,20.622411556,11.348917246,12.188963008,0.0,0.0002309846,0.0796843286,0.2560321206,0.3357522966000001,0.4203814766,0.5204013120000001,0.737646508,0.6948504679999999,0.678263332,0.6752664620000001,0.960085322,0.735512542,0.7635212780000001,0.7311469260000001,1.127046816,1.084298536,1.549403116,1.665595428,2.009157360000001,1.81168466,2.51366792,3.15297386,3.6158678,3.436728700000001,3.959322800000001,3.342580040000001,2.85958124,2.59030744,3.1517786,2.67434162,3.37377224,3.13557772,3.1651667,2.668067,3.61133784,2.93010686,3.6010565,3.44663158,4.13467954,3.24573662,3.46648442,2.981238400000001,3.3564857,2.72558726,2.88547072,2.36183404,1.9996852,1.4605751,1.42073612,1.20110344,1.398477680000001,1.204456764,1.449250724,1.313638374,1.201596134,1.006102226,1.414188902,1.205836162,1.420715552,1.327342872,1.40723672,0.960985448,0.814495064,0.5347746480000001,0.513331372,0.334055814,0.409852466,0.3817912960000001,0.6020669920000001,0.591752944,0.696474102,0.630640454,0.6907659359999999,0.4564042440000001,0.8869534080000001,0.967139768,1.629465396,1.524776048,1.4624519,0.94927966,0.71900086,0.0,0.0,0.0,0.0,0.0,0.0,0.0,0.0,0.0,0.0,0.0,0.0,0.0,0.0
120393>120391,884,884,CNTu,Canning Town,DLR (Stratford Int'l route) // IB,884,CNTu,Canning Town,DLR (City routes) // IB,Alight-Interchange-Board,1.047833e-07,0.0,0.0,0.0,0.0,0.0,1.047833e-07,0.0,0.0,0.0,0.0,0.0,0.0,0.0,0.0,0.0,0.0,0.0,0.0,0.0,0.0,0.0,0.0,0.0,0.0,0.0,0.0,0.0,0.0,0.0,0.0,0.0,0.0,0.0,0.0,0.0,0.0,0.0,0.0,0.0,0.0,0.0,0.0,0.0,0.0,0.0,0.0,0.0,0.0,0.0,0.0,0.0,0.0,0.0,0.0,0.0,0.0,0.0,0.0,0.0,0.0,0.0,0.0,0.0,0.0,0.0,0.0,0.0,0.0,0.0,0.0,0.0,0.0,0.0,0.0,0.0,0.0,0.0,0.0,0.0,0.0,0.0,2.095666e-08,2.095666e-08,2.095666e-08,2.095666e-08,2.095666e-08,0.0,0.0,0.0,0.0,0.0,0.0,0.0,0.0,0.0,0.0,0.0,0.0,0.0,0.0,0.0,0.0
231180>231022,723,1451,SOHr,South Hampstead,LO Lioness // NB,723,SWCu,Swiss Cottage,Jubilee // NB,Alight-Exit-Interchange-Enter-Board,2.917431582999999,0.021475316,0.182879928,0.9521067660000002,0.348797102,1.232479268,0.179693203,0.0,0.0,0.0,0.0,0.0,0.0,0.0,0.021475316,0.021475316,0.021475316,0.021475316,0.021475316,0.0,0.0,0.0,0.0,0.0,0.0,0.0,0.096978664,0.096978664,0.096978664,0.096978664,0.096978664,0.0,0.0,0.0,0.0,0.0,0.0,0.08768030000000003,0.08768030000000003,0.112838422,0.112838422,0.112838422,0.025158122,0.025158122,0.0,0.0,0.0,0.0,0.0,0.0,0.0,0.0,0.0,0.0,0.0,0.0,0.0,0.048524598,0.048524598,0.075068126,0.075068126,0.075068126,0.026543528,0.08440798000000001,0.057864452,0.057864452,0.057864452,0.205269192,0.14740474,0.14740474,0.14740474,0.14740474,0.05986326,0.05986326,0.05986326,0.05986326,0.0718565966,0.0119933366,0.0119933366,0.0119933366,0.0119933366,0.0,0.0,0.0,0.0,0.0,0.0,0.0,0.0,0.0,0.0,0.0,0.0,0.0,0.0,0.0,0.0,0.0,0.0,0.0,0.0,0.0,0.0
231180>231023,723,1451,SOHr,South Hampstead,LO Lioness // NB,723,SWCu,Swiss Cottage,Jubilee // SB,Alight-Exit-Interchange-Enter-Board,6.013240910000001,0.0,2.2298418,3.72875406,0.05464505,0.0,0.0,0.0,0.0,0.0,0.0,0.0,0.0,0.0,0.0,0.0,0.0,0.0,0.1811883,0.1811883,0.4459683600000001,0.4459683600000001,0.4459683600000001,0.26478006,0.26478006,0.0,0.0,0.0,0.0,0.70050006,0.70050006,0.70050006,0.70050006,0.70050006,0.0,0.03058222800000001,0.03058222800000001,0.04525075200000001,0.04525075200000001,0.04525075200000001,0.014668524,0.014668524,0.0,0.0,0.0,0.0,0.0,0.0,0.0,0.0,0.0,0.0,0.0,0.0,0.0,0.0,0.01092901,0.01092901,0.01092901,0.01092901,0.01092901,0.0,0.0,0.0,0.0,0.0,0.0,0.0,0.0,0.0,0.0,0.0,0.0,0.0,0.0,0.0,0.0,0.0,0.0,0.0,0.0,0.0,0.0,0.0,0.0,0.0,0.0,0.0,0.0,0.0,0.0,0.0,0.0,0.0,0.0,0.0,0.0,0.0,0.0,0.0,0.0,0.0,0.0
231181>231022,723,1451,SOHr,South Hampstead,LO Lioness // SB,723,SWCu,Swiss Cottage,Jubilee // NB,Alight-Exit-Interchange-Enter-Board,12.311828153,0.0486492098,0.655419657,3.608390645200001,2.704119672,3.5474208746,1.7478280944,0.0,0.0085754692,0.0085754692,0.0085754692,0.0085754692,0.0104994238,0.0019239546,0.0019239546,0.0248885916,0.0476691948,0.0482988972,0.0547575592,0.1092246652,0.0910907542,0.06831015100000001,0.068711062,0.0643342216,0.0182711142,0.021539679,0.038323767,0.0387088756,0.0489770292,0.04937556740000001,0.0470445466,0.0325511356,0.08604822500000002,0.08978746860000003,0.1040968578,0.106332503,0.1195855220000001,0.3686186760000001,0.3672627642,0.3546291076,0.3867093604,0.4129631624000001,0.1127671288,0.103513377,0.0974887808,0.07488370080000001,0.05236209080000001,0.1158088144,0.1369888252000001,0.146473731,0.155413395,0.2215894470000001,0.247792787,0.239944027,0.235364406,0.228783106,0.161468044,0.07504313900000001,0.104326039,0.108522139,0.135508191,0.4568149929999999,0.488963354,0.483424482,0.528275818,0.532975454,0.346688334,0.352099848,0.3512679860000001,0.3143709260000001,0.274768014,0.133989124,0.0931220394,0.0692050282,0.067233821,0.075597249,0.08588928300000001,0.1609184756,0.2386358068,0.25634732,0.2417815168,0.2755859128,0.1949648848,0.09944159279999999,0.06219195280000001,0.0564741,0.0,0.0,0.0,0.0,0.0,0.0,0.0,0.0,0.0,0.0,0.0,0.0,0.0,0.0,0.0,0.0,0.0
231181>231023,723,1451,SOHr,South Hampstead,LO Lioness // SB,723,SWCu,Swiss Cottage,Jubilee // SB,Alight-Exit-Interchange-Enter-Board,191.5677634645396,8.339792854,10.308950226,74.82355063,44.651853178,40.4744449036397,12.9691716729,0.0,1.3926468,1.3926468,1.62354158,1.62354158,1.652596668,0.301195116,0.35362431,0.159535752,0.258666084,0.630478836,0.906171948,0.9091951420000001,0.95741226,1.069203988,0.6787588200000001,0.41621042,0.5783903520000001,1.885842512,1.859084112,1.9500428,2.29578088,3.45145236,2.86641086,2.87475998,3.02237842,4.66845878,3.659272140000001,2.946396194000001,3.324398274,4.986092674,3.545994934,3.305624314,3.72261146,3.97167906,3.4216992,2.972925800000001,2.963747960000001,2.88403656,2.44969852,1.3473697,1.3307525,3.444886799999999,3.41708046,3.1652779,3.18871122,4.98816616,3.03824262,2.8273916,2.75337643,5.32837999,3.77059869,3.606720082,3.704475642000001,5.373476652000001,2.907036192000001,2.592366404,2.696037492,5.156169292,3.593155132,3.257167932,6.49339842,6.279708927400002,3.52864564184794,3.36490781844794,3.34037031444794,0.04345507844794001,0.12906245104794,0.9088520966,2.20406178,2.306758684,2.36120673,2.47212357,1.72380463,0.4282653824600001,0.2957112424600001,0.23422403246,0.03281737246000001,0.00134615246,0.0,0.0,0.0,0.0,0.0,0.0,0.0,0.0,0.0,0.0,0.0,0.0,0.0,0.0,0.0,0.0,0.0
50371>30120,1475,1475,MYBr,Marylebone NR,NR Chiltern // UP,511,BSTu,Baker Street,H&C and Circle // EB,Alight-Exit-Interchange-Enter-Board,0.05434279975,0.0,0.0441610220294,0.0,0.0,0.0,0.0101817777206,0.0,0.0,0.0,0.0,0.0,0.0,0.0,0.0,1.43140588e-06,0.00883220440588,0.00883220440588,0.00883220440588,0.00883220440588,0.008830773,0.0,0.0,0.0,0.0,0.0,0.0,0.0,0.0,0.0,0.0,0.0,0.0,0.0,0.0,0.0,0.0,0.0,0.0,0.0,0.0,0.0,0.0,0.0,0.0,0.0,0.0,0.0,0.0,0.0,0.0,0.0,0.0,0.0,0.0,0.0,0.0,0.0,0.0,0.0,0.0,0.0,0.0,0.0,0.0,0.0,0.0,0.0,0.0,0.0,0.0,0.0,0.0,0.0,0.0,0.0,0.0,0.0,0.0,0.002036302,0.00203635554412,0.00203635554412,0.00203635554412,0.00203635554412,5.354412e-08,0.0,0.0,0.0,0.0,0.0,0.0,0.0,0.0,0.0,0.0,0.0,0.0,0.0,0.0,0.0,0.0,0.0,0.0
50371>30121,1475,1475,MYBr,Marylebone NR,NR Chiltern // UP,511,BSTu,Baker Street,H&C and Circle // WB,Alight-Exit-Interchange-Enter-Board,0.09228510164704001,0.00458721294672,0.02129318559638,0.0161207317934,0.0090447588,0.02024498487000001,0.02099422764054,0.0,0.0,0.0,0.0,7.2692806e-07,7.2692806e-07,1.2761453e-06,0.004584482945300001,0.004584482945300001,0.00458633627384,0.00458633627384,0.0045890685728,3.02772668e-05,3.4528146e-05,3.19478894e-05,3.7564467e-05,3.42829508e-05,0.0008819744568,0.0009429119576,0.0009534743962,0.0009478578186,0.0009630310176000001,9.092401759999999e-05,4.842392440000001e-05,3.786148580000002e-05,0.0009960097858,0.0009808365868,0.0009808365868,0.0009581483,0.001063462094,0.000105313794,0.000105313794,0.000105313794,0.000605553594,0.0005002398,0.0005002398,0.0005002398,0.00104034868,0.00054010888,0.00054010888,0.00054010888,0.00168355608,0.0011434472,0.0011434472,0.0011434472,0.00131051734,0.00016707014,0.00016707014,0.00016707014,0.0008695419000000001,0.0007024717600000001,0.0007024717600000001,0.0007024717600000001,0.0013840878,0.0006816160400000001,0.00104692282,0.00190241088,0.00190241088,0.00122079484,0.003818996040000001,0.003453689260000001,0.002598201200000001,0.002598201200000001,0.002626059948000001,2.7858748e-05,2.7858748e-05,2.7858748e-05,4.0644378e-05,1.278563e-05,0.00419465303,0.00419465303,0.004201364890599999,0.0041885792606,0.004188617024108,6.749624108e-06,6.749624108e-06,3.776350800000002e-08,3.776350800000002e-08,0.0,0.0,0.0,0.0,0.0,0.0,0.0,0.0,0.0,0.0,0.0,0.0,0.0,0.0,0.0,0.0,0.0,0.0
50371>30122,1475,1475,MYBr,Marylebone NR,NR Chiltern // UP,511,BSTu,Baker Street,Jubilee // NB,Alight-Exit-Interchange-Enter-Board,0.3142394179179855,0.0210811136,0.040471962,0.07162876416,0.1079447316625,0.07310964540428001,3.201091205499999e-06,0.0,0.0,0.0,0.0,0.005270278400000001,0.005270278400000001,0.005270278400000001,0.005270278400000001,0.005270278400000001,0.0,0.00027559572,0.00027559572,0.00027559572,0.00027559572,0.00630453472,0.006028939000000001,0.006028939000000001,0.006028939000000001,0.007868444,0.001839505,0.001839505,0.001839505,0.0121394164,0.0102999114,0.0102999114,0.0102999114,0.0118196278,0.0015197164,0.0015197164,0.0015197164,0.001526723044,7.006644000000001e-06,7.006644000000001e-06,7.006644000000001e-06,0.001309103044,0.0013020964,0.0013020964,0.0013020964,0.001304417492,2.321092e-06,2.321092e-06,2.321092e-06,0.000229815832,0.00022749474,0.00430784474,0.00430784474,0.01739238154,0.0171648868,0.0171648868,0.0130845368,0.0130855709285,1.0341285e-06,1.0341285e-06,1.0341285e-06,0.0107173555285,0.0107163214,0.0107163214,0.0107163214,0.0158283954,0.005112074,0.005112074,0.005112074,0.008192006600000001,0.0030799326,0.0030799326,0.0030799326,0.00308025670214,3.2410214e-07,3.2410214e-07,7.691805199999998e-07,7.691805199999998e-07,4.4507838e-07,4.4507838e-07,4.457569571e-07,6.785771000000001e-10,6.785771000000001e-10,6.785771000000001e-10,6.785771000000001e-10,0.0,0.0,0.0,0.0,0.0,0.0,0.0,0.0,0.0,0.0,0.0,0.0,0.0,0.0,0.0,0.0,0.0,0.0
50371>30123,1475,1475,MYBr,Marylebone NR,NR Chiltern // UP,511,BSTu,Baker Street,Jubilee // SB,Alight-Exit-Interchange-Enter-Board,27.26410842730001,0.9646843469999999,4.52857116,14.5001720444,5.4858800836,1.56947241788,0.21532837442,0.0,0.0,0.0,0.0,0.21023218,0.229883891,0.253004835,0.271563441,0.321163479,0.110931299,0.165721372,0.239364582,0.257209226,0.302111928,0.374186128,0.501112244,0.47218521,0.585098248,0.530167332,0.6693201120000001,0.510447078,0.679105098,0.582684046,0.855941482,0.66613311,0.9670328840000001,0.7439021579999999,0.691006922,0.4884665680000001,0.90198236,0.5767943840000002,0.5634299700000001,0.7339218500000001,0.8661015840000001,0.4414545032,0.4232478392,0.5241934792,0.5818133592,0.3506068832,0.340319564,0.428510388,0.6791189280000001,0.4576098852,0.4463477212,0.4883095452,0.7471570411999999,0.4205992292,0.413996512,0.480535866,0.7544142620000001,0.417731412,0.392735044,0.423845018,0.488409664,0.187535992,0.270610498,0.28172085,0.250610876,0.132138798,0.1865931600000001,0.099434077,0.088323725,0.09561388779999999,0.1439386398,0.07484534392000002,0.06857445092,0.06935982672,0.07831878272000001,0.01846618,0.02621568388,0.02621568388,0.03157206748,0.01653074954,0.02842556026000001,0.02034844226,0.02034844226,0.01420668286,0.012998882,0.0,0.0,0.0,0.0,0.0,0.0,0.0,0.0,0.0,0.0,0.0,0.0,0.0,0.0,0.0,0.0,0.0,0.0
50371>30124,1475,1475,MYBr,Marylebone NR,NR Chiltern // UP,511,BSTu,Baker Street,Metropolitan // NB,Alight-Exit-Interchange-Enter-Board,0.2499313443107289,7.9159375e-06,8.307281080000001e-05,0.0236762734852,0.17924940264,0.04417860937599999,0.002736070061229,0.0,0.0,0.0,0.0,1.1981322e-06,1.6377975e-06,2.5400039e-06,2.5400039e-06,4.277496500000001e-06,3.0793643e-06,4.995771800000002e-06,4.0935654e-06,6.7317556e-06,4.994263000000002e-06,8.269072600000003e-06,5.912999800000002e-06,1.01995542e-05,7.561364000000002e-06,1.31162066e-05,9.841397000000004e-06,1.76494476e-05,1.33628932e-05,2.35651624e-05,1.80103198e-05,3.36751306e-05,2.586708e-05,0.00176164858,0.0017514463108,0.0017910240108,0.0017753592,0.001838194492,0.000102412992,0.000268540438,0.000228962738,0.000602306418,0.0005394711260000001,0.001006906406,0.0008407789599999999,0.00124297466,0.0008696309800000001,0.00165421512,0.00118677984,0.00324284344,0.00284064774,0.005445469739999999,0.0046608856,0.0083438356,0.006287772,0.007353043060000002,0.00474822106,0.008074847060000001,0.00439189706,0.03319769706,0.032132426,0.0339699672,0.0306433412,0.03069543435,0.00188963435,0.00291172375,0.00107418255,0.001097106052,0.001045012902,0.001876734302,0.0008546449020000001,0.000879185424,0.0008562619220000001,0.0009152051360000001,8.348373600000001e-05,0.000192838456,0.000370508674,0.000370508674,0.00031156546,0.00050693848,0.0003975852594458001,0.0001953745194458,0.0001953745194458,0.0001953745194458,1.499445800000001e-09,0.0,0.0,0.0,0.0,0.0,0.0,0.0,0.0,0.0,0.0,0.0,0.0,0.0,0.0,0.0,0.0,0.0,0.0
50371>30125,1475,1475,MYBr,Marylebone NR,NR Chiltern // UP,511,BSTu,Baker Street,Metropolitan // SB,Alight-Exit-Interchange-Enter-Board,13.97464846550001,1.544695978800001,5.0528783172,3.811157344000001,2.08107907,1.38929516496,0.09554259054000003,0.0,0.0,0.0,0.0,0.3820553600000001,0.3837942340000001,0.3894231924000001,0.3894231924000001,0.5232884424,0.1412330824,0.3362825204000001,0.3306535620000001,0.604487942,0.470622692,0.64633542,0.449547108,0.585191174,0.311356794,0.414796154,0.239083426,0.264283108,0.128639042,0.240207112,0.136767752,0.149646446,0.124446764,0.173301584,0.061733514,0.104097632,0.09121893800000001,0.114051628,0.06519680800000001,0.116799368,0.07443525000000001,0.133707604,0.110874914,0.355940314,0.304337754,0.334032248,0.274759894,0.297130226,0.05206482600000002,0.06658955600000001,0.03689506200000001,0.06148085,0.039110518,0.081428784,0.066904054,0.2217535340000001,0.197167746,0.207398144,0.165079878,0.339845878,0.184996398,0.263071842,0.252841444,0.293076872,0.118310872,0.241137852,0.163062408,0.1810524460000001,0.140817018,0.151949724,0.029122744,0.02924110524,0.01125106724,0.02070288124,0.00957017524,0.0101108907,0.02286557146,0.02286557146,0.01341375746,0.01341375746,0.012873042,0.0,0.0,0.0,0.0,0.0,0.0,0.0,0.0,0.0,0.0,0.0,0.0,0.0,0.0,0.0,0.0,0.0,0.0,0.0,0.0,0.0,0.0
30701>30714,524,524,BDSu,Bond Street,Bond Street // EntEx,524,BDSu,Bond Street,Bond Street // Central // EB,Enter-Board,12376.51016546,44.2959984,200.7429046,4180.179009000001,4259.223986,2685.36424,1006.70402746,2.42419706,3.02642218,4.3738977,4.51482036,5.81886456,6.889697699999998,8.36053898,8.88755986,10.1432914,10.5179586,10.3927188,10.5826192,11.618204,13.262126,16.296804,18.74302740000001,20.716631,23.248795,26.1704636,29.0502656,33.30272539999999,40.63188,47.81063779999999,56.02870540000001,67.19915340000001,79.16958600000002,91.614849,105.043416,120.772842,140.169914,156.13324,170.733108,186.169012,193.240232,202.851798,217.32718,224.61734,241.008346,261.48619,270.795678,282.2062960000001,322.10827,328.9837060000001,340.774904,349.64728,356.4218920000001,343.5143820000001,353.1615620000001,352.307906,361.700648,364.598076,365.700582,361.832638,362.624104,349.4132380000001,338.3016780000001,308.6748780000001,290.548756,264.7938380000001,247.47546,222.906746,219.027918,205.082818,206.533608,195.993218,189.802612,175.711956,158.812432,133.161266,117.25697,107.698898,98.2312688,90.01014880000002,83.88446080000003,77.31954320000001,61.27038980000001,49.43577980000001,39.19756760000001,27.746319,17.85759000000001,15.8191744,14.465652,13.4841806,11.6899904,10.67780252,8.782228719999999,6.118096420000001,4.60343248,4.360920080000001,3.41659848,3.022650340000001,2.1911353,1.82418284,1.40999266,1.10607274,0.66171568
30701>30715,524,524,BDSu,Bond Street,Bond Street // EntEx,524,BDSu,Bond Street,Bond Street // Central // WB,Enter-Board,3426.123575708,9.265145608000001,67.17994526000001,1099.6601718,1097.813781,772.1657786000002,380.0387534400001,0.27719341,0.389225562,0.6062134419999999,0.733740458,0.8605838640000001,1.605886192,2.33763598,2.4546667,3.320051780000001,3.91071534,3.57085354,3.263901200000001,3.27237974,3.10702344,4.192286040000001,5.72209884,7.18817724,8.7593023,10.0037886,10.8693672,12.0938368,14.2402588,16.4865526,19.683527,22.6205806,26.328179,29.9796584,32.63439700000001,35.280327,39.562939,41.96652720000001,43.49861660000001,45.523068,47.48349,48.22627120000001,52.722784,56.91326020000001,61.65694540000001,66.90650140000001,71.4791742,73.54901219999999,78.4426492,80.25587200000002,82.125744,84.707492,85.53264280000002,86.48780180000004,88.54816380000003,90.9411178,92.12327700000002,95.6743822,93.96879920000002,98.1525592,95.02699520000002,95.085272,91.565278,87.877544,80.33773919999999,79.0025432,71.69001440000002,65.46496239999999,61.08650040000001,58.97769599999999,55.48662160000001,55.80224360000001,54.56251060000001,52.93207100000001,48.94533220000001,43.98714360000001,38.27340239999999,35.37391779999999,34.3572374,31.97076680000001,30.1001762,29.5160926,25.52544,21.3402068,17.21115694,13.151034,9.2048845,8.0624447,6.81626602,5.86215844,5.89794292,4.35214472,3.77506232,2.49913544,2.1886148,1.6853601,1.61098306,1.1291764,1.54970236,1.36472926,1.35999004,1.03174838,0.84183544
30701>30722,524,524,BDSu,Bond Street,Bond Street // EntEx,524,BDSu,Bond Street,Bond Street // Jubilee // NB,Enter-Board,5490.988082139997,22.33337378,69.10854758000002,1489.9039998,1743.232138200001,1375.2248072,791.1852155799997,1.47441246,2.33776626,3.069363780000001,2.883050820000001,2.731948,3.13096828,3.43224728,3.2736169,3.49448542,3.71901764,3.701178560000001,3.11990316,3.61121176,3.9813834,5.390868660000002,5.84172368,7.33810068,8.17058274,9.74150274,10.99858914,13.604076,16.868153,20.5487546,23.4421478,27.7968658,31.1719852,34.8201508,38.77916939999999,43.112658,49.1089734,55.720747,59.540286,65.49999720000001,69.5052732,71.6343932,74.47331120000001,78.0729652,82.323068,89.622744,95.694236,100.9351072,110.5615632,114.7266002,122.3407742,128.4476122,133.831503,136.540937,143.149364,142.86853,144.61188,147.05406,150.680516,152.30316,153.867478,155.06905,154.808048,149.164472,141.318366,136.173952,128.675891,120.643735,112.7352778,110.3329778,106.4815558,102.5646856,95.86696859999999,90.3081578,80.95876780000002,72.4246278,63.38949839999999,62.5079694,59.84488,55.732074,51.235731,49.2632476,42.9883036,40.03648260000001,37.0913432,32.29778719999999,29.3555062,25.3680874,23.1822982,20.4764392,19.8906478,16.4432536,14.9517682,11.7256838,11.2960926,10.1855744,9.71889812,8.97610842,7.6027477,5.60994686,4.70237914,3.12327862,1.76456052
30701>30723,524,524,BDSu,Bond Street,Bond Street // EntEx,524,BDSu,Bond Street,Bond Street // Jubilee // SB,Enter-Board,13180.38521984,51.698871,230.3857799,4206.4108946,4184.676620000001,2942.314354,1564.89870034,3.7734847,4.820381100000001,6.118723620000001,6.31139052,7.59718252,7.10175942,7.719521020000001,8.2564281,8.572670440000001,8.15329644,9.12953174,10.46943294,11.80246194,14.079129,18.0526452,21.3698698,25.0368376,29.7170376,34.6165848,39.3862824,44.5868284,50.98506740000001,59.54749680000001,69.17842800000001,81.89518199999999,95.0841472,111.4496052,127.3042172,143.0446312,156.2420372,169.922854,177.993194,185.324968,186.336876,194.693806,206.99376,216.018354,223.721646,243.659898,254.2719,267.09129,297.180046,315.03978,328.8448820000001,340.6333840000001,343.469468,335.984014,339.3319580000001,343.0345140000001,343.1901860000001,351.7868720000001,356.927344,362.358368,360.0014720000001,361.143646,346.815394,329.4777420000001,302.2805540000001,283.636224,263.95858,249.428476,232.554442,234.24785,228.76755,223.34793,212.510278,202.243998,179.86073,160.433948,139.46898,132.87524,124.7235428,117.9721728,105.8902668,101.2327588,92.0315268,80.8309546,70.69615859999999,62.763049,52.73578740000001,40.5176364,40.3999484,35.4706446,33.9910636,30.5499096,27.4668486,21.4061686,19.856445,16.9212343,14.1852325,12.5488659,9.50664778,7.25010144,5.99695954,4.51396294,2.66264554
30701>30787,524,524,BDSu,Bond Street,Bond Street // EntEx,524,BDSu,Bond Street,Bond Street // Elizabeth Line // EB,Enter-Board,15107.3146407,91.9495225,297.8866356000001,4064.0886976,5323.339911999999,3682.977928,1647.071945,0.29976954,3.649848540000001,8.237590740000002,11.28355194,13.71014994,16.750336,19.0831062,18.9351696,20.7951604,21.9265916,22.207896,22.8557456,22.4727336,22.1964216,27.0176804,28.682683,25.76937700000001,27.00126820000001,28.57207560000001,28.3890026,32.48233,39.10632320000001,46.388617,53.39102760000001,59.9170586,70.74235860000002,80.77492860000002,94.42985000000002,110.925522,132.593502,149.6667440000001,166.756508,180.105806,185.180842,194.146328,204.726952,218.205678,226.89761,245.788448,262.5098840000001,280.294528,307.2337540000001,345.0435280000001,376.7805700000001,395.2686820000001,405.3287740000001,418.9620820000001,420.786374,429.2032480000001,450.276618,474.406012,484.5030680000002,481.6047780000001,472.226894,458.603324,432.170058,395.168832,372.97151,354.55326,327.3934920000001,311.3437800000001,297.69353,294.991946,287.888828,281.44816,263.680882,258.250766,237.592942,217.383398,205.529204,213.368928,205.093794,194.59247,178.1520530000001,147.807709,115.310897,78.35558700000001,49.41073500000001,27.141628,14.925542,0.0,0.0,0.0,0.0,0.0,0.0,0.0,0.0,0.0,0.0,0.0,0.0,0.0,0.0,0.0,0.0
30701>30788,524,524,BDSu,Bond Street,Bond Street // EntEx,524,BDSu,Bond Street,Bond Street // Elizabeth Line // WB,Enter-Board,4683.2576762,32.85780214,110.48743766,1026.3389704,1559.008763,1322.113975,632.450728,0.7221191,1.28455282,2.45555742,3.92921282,5.21098522,5.297035780000001,7.149039160000001,6.809299820000001,6.342734320000003,6.394312520000001,6.832989860000001,6.546095260000001,7.211396200000001,8.095186900000002,9.5664587,10.8865595,11.1914554,11.8126014,12.6004156,13.007232,13.7131482,14.9274858,16.2862694,18.6905614,19.1865544,21.74207860000001,23.69062060000001,26.7100736,27.7992704,32.7132032,34.83482100000001,38.1891238,39.5691874,45.9155944,47.52221060000001,50.80329520000001,51.785927,55.1186686,54.36496800000001,59.7755782,66.56457759999999,78.354597,86.983363,101.097793,107.592694,110.006683,111.771403,118.899297,120.121763,126.853181,137.146918,144.292042,143.306684,146.230616,146.35337,146.434112,141.023872,137.443201,129.845185,125.241163,112.463087,107.104223,105.177838,103.495678,95.606092,94.403593,90.044199,80.26584400000002,72.1441446,73.37781860000003,76.07909280000001,74.59240080000002,66.433867,65.13010340000001,65.9427594,48.72142460000001,34.7044986,32.1683874,20.8483084,2.3079224,0.0,0.0,0.0,0.0,0.0,0.0,0.0,0.0,0.0,0.0,0.0,0.0,0.0,0.0,0.0,0.0
30714>30510,524,524,BDSu,Bond Street,Bond Street // Central // EB,669,OXCu,Oxford Circus,Oxford Circus // Bakerloo // NB,Alight-Exit-Interchange-Enter-Board,0.0,0.0,0.0,0.0,0.0,0.0,0.0,0.0,0.0,0.0,0.0,0.0,0.0,0.0,0.0,0.0,0.0,0.0,0.0,0.0,0.0,0.0,0.0,0.0,0.0,0.0,0.0,0.0,0.0,0.0,0.0,0.0,0.0,0.0,0.0,0.0,0.0,0.0,0.0,0.0,0.0,0.0,0.0,0.0,0.0,0.0,0.0,0.0,0.0,0.0,0.0,0.0,0.0,0.0,0.0,0.0,0.0,0.0,0.0,0.0,0.0,0.0,0.0,0.0,0.0,0.0,0.0,0.0,0.0,0.0,0.0,0.0,0.0,0.0,0.0,0.0,0.0,0.0,0.0,0.0,0.0,0.0,0.0,0.0,0.0,0.0,0.0,0.0,0.0,0.0,0.0,0.0,0.0,0.0,0.0,0.0,0.0,0.0,0.0,0.0,0.0,0.0,0.0
30714>30511,524,524,BDSu,Bond Street,Bond Street // Central // EB,669,OXCu,Oxford Circus,Oxford Circus // Bakerloo // SB,Alight-Exit-Interchange-Enter-Board,0.0,0.0,0.0,0.0,0.0,0.0,0.0,0.0,0.0,0.0,0.0,0.0,0.0,0.0,0.0,0.0,0.0,0.0,0.0,0.0,0.0,0.0,0.0,0.0,0.0,0.0,0.0,0.0,0.0,0.0,0.0,0.0,0.0,0.0,0.0,0.0,0.0,0.0,0.0,0.0,0.0,0.0,0.0,0.0,0.0,0.0,0.0,0.0,0.0,0.0,0.0,0.0,0.0,0.0,0.0,0.0,0.0,0.0,0.0,0.0,0.0,0.0,0.0,0.0,0.0,0.0,0.0,0.0,0.0,0.0,0.0,0.0,0.0,0.0,0.0,0.0,0.0,0.0,0.0,0.0,0.0,0.0,0.0,0.0,0.0,0.0,0.0,0.0,0.0,0.0,0.0,0.0,0.0,0.0,0.0,0.0,0.0,0.0,0.0,0.0,0.0,0.0,0.0
30714>30514,524,524,BDSu,Bond Street,Bond Street // Central // EB,669,OXCu,Oxford Circus,Oxford Circus // Central // EB,Alight-Exit-Interchange-Enter-Board,0.0,0.0,0.0,0.0,0.0,0.0,0.0,0.0,0.0,0.0,0.0,0.0,0.0,0.0,0.0,0.0,0.0,0.0,0.0,0.0,0.0,0.0,0.0,0.0,0.0,0.0,0.0,0.0,0.0,0.0,0.0,0.0,0.0,0.0,0.0,0.0,0.0,0.0,0.0,0.0,0.0,0.0,0.0,0.0,0.0,0.0,0.0,0.0,0.0,0.0,0.0,0.0,0.0,0.0,0.0,0.0,0.0,0.0,0.0,0.0,0.0,0.0,0.0,0.0,0.0,0.0,0.0,0.0,0.0,0.0,0.0,0.0,0.0,0.0,0.0,0.0,0.0,0.0,0.0,0.0,0.0,0.0,0.0,0.0,0.0,0.0,0.0,0.0,0.0,0.0,0.0,0.0,0.0,0.0,0.0,0.0,0.0,0.0,0.0,0.0,0.0,0.0,0.0
30714>30515,524,524,BDSu,Bond Street,Bond Street // Central // EB,669,OXCu,Oxford Circus,Oxford Circus // Central // WB,Alight-Exit-Interchange-Enter-Board,0.0,0.0,0.0,0.0,0.0,0.0,0.0,0.0,0.0,0.0,0.0,0.0,0.0,0.0,0.0,0.0,0.0,0.0,0.0,0.0,0.0,0.0,0.0,0.0,0.0,0.0,0.0,0.0,0.0,0.0,0.0,0.0,0.0,0.0,0.0,0.0,0.0,0.0,0.0,0.0,0.0,0.0,0.0,0.0,0.0,0.0,0.0,0.0,0.0,0.0,0.0,0.0,0.0,0.0,0.0,0.0,0.0,0.0,0.0,0.0,0.0,0.0,0.0,0.0,0.0,0.0,0.0,0.0,0.0,0.0,0.0,0.0,0.0,0.0,0.0,0.0,0.0,0.0,0.0,0.0,0.0,0.0,0.0,0.0,0.0,0.0,0.0,0.0,0.0,0.0,0.0,0.0,0.0,0.0,0.0,0.0,0.0,0.0,0.0,0.0,0.0,0.0,0.0
30714>30532,524,524,BDSu,Bond Street,Bond Street // Central // EB,669,OXCu,Oxford Circus,Oxford Circus // Victoria // NB,Alight-Exit-Interchange-Enter-Board,0.0,0.0,0.0,0.0,0.0,0.0,0.0,0.0,0.0,0.0,0.0,0.0,0.0,0.0,0.0,0.0,0.0,0.0,0.0,0.0,0.0,0.0,0.0,0.0,0.0,0.0,0.0,0.0,0.0,0.0,0.0,0.0,0.0,0.0,0.0,0.0,0.0,0.0,0.0,0.0,0.0,0.0,0.0,0.0,0.0,0.0,0.0,0.0,0.0,0.0,0.0,0.0,0.0,0.0,0.0,0.0,0.0,0.0,0.0,0.0,0.0,0.0,0.0,0.0,0.0,0.0,0.0,0.0,0.0,0.0,0.0,0.0,0.0,0.0,0.0,0.0,0.0,0.0,0.0,0.0,0.0,0.0,0.0,0.0,0.0,0.0,0.0,0.0,0.0,0.0,0.0,0.0,0.0,0.0,0.0,0.0,0.0,0.0,0.0,0.0,0.0,0.0,0.0
30714>30533,524,524,BDSu,Bond Street,Bond Street // Central // EB,669,OXCu,Oxford Circus,Oxford Circus // Victoria // SB,Alight-Exit-Interchange-Enter-Board,0.0,0.0,0.0,0.0,0.0,0.0,0.0,0.0,0.0,0.0,0.0,0.0,0.0,0.0,0.0,0.0,0.0,0.0,0.0,0.0,0.0,0.0,0.0,0.0,0.0,0.0,0.0,0.0,0.0,0.0,0.0,0.0,0.0,0.0,0.0,0.0,0.0,0.0,0.0,0.0,0.0,0.0,0.0,0.0,0.0,0.0,0.0,0.0,0.0,0.0,0.0,0.0,0.0,0.0,0.0,0.0,0.0,0.0,0.0,0.0,0.0,0.0,0.0,0.0,0.0,0.0,0.0,0.0,0.0,0.0,0.0,0.0,0.0,0.0,0.0,0.0,0.0,0.0,0.0,0.0,0.0,0.0,0.0,0.0,0.0,0.0,0.0,0.0,0.0,0.0,0.0,0.0,0.0,0.0,0.0,0.0,0.0,0.0,0.0,0.0,0.0,0.0,0.0
30714>30701,524,524,BDSu,Bond Street,Bond Street // Central // EB,524,BDSu,Bond Street,Bond Street // EntEx,Alight-Exit,3973.389354597897,42.341388532,416.0643956,2116.412345,923.8866858000001,391.5968964000001,83.08764326589741,0.20330397,0.94964077,1.66444689,3.777515236,5.423301826,8.13805532,10.19518712,11.9899374,13.5857254,16.5561572,18.8848008,21.3978158,26.7410548,29.7789324,33.392726,37.0002756,47.005508,51.73296320000001,58.1488432,61.8395932,70.43479959999999,70.02324959999999,72.543203,73.238653,80.740985,81.450272,85.49520600000001,88.28888400000002,93.5514212,95.2146072,99.05747640000001,101.2208464,102.2728544,98.22601720000002,95.85889920000002,91.809748,90.03033800000001,89.98631600000002,93.45692800000002,87.82800200000001,89.17300120000002,88.7565772,89.27176920000002,88.4822912,92.7356852,88.43132200000002,86.27785100000001,81.57742100000002,79.62895900000002,77.65563300000002,77.14912500000001,72.20587940000001,71.69486459999999,68.87439660000001,65.60964320000001,62.04590580000001,61.02071880000001,54.80130160000001,48.56655560000002,42.58580300000001,38.171229,31.03835780000001,26.57672220000001,23.192875,20.450927,16.3237244,14.9883917,13.8802903,12.6560181,10.8123967,9.54621182,8.57327692,7.389660119999998,6.31796792,5.46542842,5.01459902,3.97763596,3.0841713,2.10665814,1.44801934,1.10593118,0.95767268,0.6242507321999999,0.5472564032000001,0.5371243432,0.4882545952,0.4546180752,0.507880391,0.486709705274,0.3386724502739999,0.234827576274,0.0941007524206,0.0348865118692,0.1118976725952,0.0944666875952,0.0770497495952
30714>30715,524,524,BDSu,Bond Street,Bond Street // Central // EB,524,BDSu,Bond Street,Bond Street // Central // WB,Alight-Interchange-Board,0.0,0.0,0.0,0.0,0.0,0.0,0.0,0.0,0.0,0.0,0.0,0.0,0.0,0.0,0.0,0.0,0.0,0.0,0.0,0.0,0.0,0.0,0.0,0.0,0.0,0.0,0.0,0.0,0.0,0.0,0.0,0.0,0.0,0.0,0.0,0.0,0.0,0.0,0.0,0.0,0.0,0.0,0.0,0.0,0.0,0.0,0.0,0.0,0.0,0.0,0.0,0.0,0.0,0.0,0.0,0.0,0.0,0.0,0.0,0.0,0.0,0.0,0.0,0.0,0.0,0.0,0.0,0.0,0.0,0.0,0.0,0.0,0.0,0.0,0.0,0.0,0.0,0.0,0.0,0.0,0.0,0.0,0.0,0.0,0.0,0.0,0.0,0.0,0.0,0.0,0.0,0.0,0.0,0.0,0.0,0.0,0.0,0.0,0.0,0.0,0.0,0.0,0.0
30714>30722,524,524,BDSu,Bond Street,Bond Street // Central // EB,524,BDSu,Bond Street,Bond Street // Jubilee // NB,Alight-Interchange-Board,2295.287631732001,18.98543498,166.27327438,750.7975316000001,629.7729478,460.0070874,269.4513555720001,0.3464214920000001,0.8232650320000001,1.110980212,1.380630692,1.983229232,3.15082766,4.43600812,5.75407254,8.06247346,9.31098272,10.2330298,10.8760408,12.614696,12.5501052,13.6666,14.9079056,17.3660908,17.6997536,18.9533682,20.0322282,21.79268840000001,21.0763558,22.08629220000001,23.28123320000001,24.76494120000001,24.8622474,26.6893348,27.7669346,27.8910388,28.858032,29.9065144,30.6364578,32.34926400000001,33.211161,33.3587142,35.33850579999999,35.046004,34.46823079999999,35.28935180000001,35.6342264,36.33738500000001,41.1759394,43.34339460000001,45.633284,48.928733,48.564466,47.19277020000001,50.1605636,51.878935,54.00406020000001,56.4147106,56.9627102,56.47703199999999,56.0666798,52.0899026,51.0323846,50.2656886,47.4018284,44.6604282,44.7504582,41.9392836,38.7790348,36.2716206,35.3571802,32.5785198,30.2686664,28.79914980000001,28.9352288,27.8453948,26.4861946,25.174416,26.1265226,24.3141248,21.1799959,19.6708843,18.1198897,12.84847858,10.41250618,8.74361648,7.289807560000003,6.204934960000001,6.393276340000003,4.78491244,4.44725704,3.227510440000001,2.702605360000001,2.07833796,1.89706126,1.5104958,1.556874,1.29517506,1.32268856,1.237478288,1.159322568,0.7916700879999999,0.6299239080000001
30714>30723,524,524,BDSu,Bond Street,Bond Street // Central // EB,524,BDSu,Bond Street,Bond Street // Jubilee // SB,Alight-Interchange-Board,6990.616749660001,111.19736964,666.8786018,3062.283419800001,1622.8604954,848.4218724,678.9749906200001,2.52398344,5.39999064,8.391860840000001,12.08966864,13.96405068,19.6205466,23.5226454,25.6846234,26.31093760000001,30.5156078,31.7657242,34.1495182,39.13369880000001,44.52197440000001,52.5126272,63.24111080000002,74.43223480000002,82.4835,90.671708,97.13996,103.74696,105.541626,112.2701512,120.0170472,130.3202572,133.1925772,141.1602152,146.838462,147.386906,145.05098,144.009368,136.69909,134.542114,129.273629,120.601973,120.170103,123.414937,118.109751,121.561434,123.634256,119.742144,124.631592,130.68816,129.6796868,135.2945148,135.473708,127.738241,132.531765,132.8634842,133.7385662,137.036773,142.721092,139.85659,144.786098,133.574264,127.2453992,115.7959572,99.94806820000002,83.4432262,80.46352020000002,73.684711,67.23644820000001,61.90587860000001,58.9930766,54.793374,52.3913,50.0561164,49.71019580000001,47.76857039999999,46.6377584,46.66139140000001,57.34840680000001,58.69985400000001,56.57018480000001,54.94889640000001,51.1828794,34.265031,28.7805978,24.4865922,21.1906512,17.1783378,18.4667624,13.68857564,14.21046944,11.67206144,11.44267364,8.34255464,9.494644,7.877757000000001,7.263740400000001,6.520994200000001,6.792624660000001,5.68489474,5.402388740000001,3.92614734,2.46955074
30714>30787,524,524,BDSu,Bond Street,Bond Street // Central // EB,524,BDSu,Bond Street,Bond Street // Elizabeth Line // EB,Alight-Interchange-Board,444.8714119000001,1.703677,39.41785168000001,130.56459972,64.2385706,193.429742,15.5169709,0.0,0.0,0.0,0.0,0.0,0.0,0.8518385,0.8518385,0.8518385,0.8518385,1.5809275,1.37281874,2.81552094,3.353606440000001,4.37408478,4.665555380000002,5.044643440000002,4.281548040000001,5.086618880000001,5.13885054,5.719769540000001,5.71112074,6.41209846,6.41083912,7.35355232,6.98704906,7.700113260000002,8.438447140000001,10.38480214,8.36937894,9.2962164,7.5689832,5.4500648,3.4695178,3.4695178,1.307705,3.6887534,3.6887534,2.3810484,3.83664352,3.83664352,1.45559512,3.81399332,3.81399332,2.3583982,3.84143854,4.387237180000001,2.02883898,6.02336498,6.02336498,4.792610379999998,6.17503774,6.17503774,2.18051174,7.151771340000002,13.1009588,14.6881026,17.3223736,21.1800678,20.0545388,17.1866808,16.1984182,17.27858920000001,16.4963948,16.2138696,15.193121,12.6660138,8.9515718,5.876072,2.3128666,1.01497574,1.01497574,1.46560646,1.46560646,1.46560646,0.45063072,0.45063072,0.0,0.0,0.0,0.0,0.0,0.0,0.0,0.0,0.0,0.0,0.0,0.0,0.0,0.0,0.0,0.0,0.0,0.0,0.0
30714>30788,524,524,BDSu,Bond Street,Bond Street // Central // EB,524,BDSu,Bond Street,Bond Street // Elizabeth Line // WB,Alight-Interchange-Board,225.1957829661,5.09441406288,14.14740647322,67.95212814000001,53.95513026,61.9445757,22.10212833,0.0,0.01938055,0.01938055,0.8647838300000001,0.8651264592200001,0.91668029922,1.08739817722,1.32166419722,0.56315613322,0.635615464,0.6837774440000001,0.595608336,0.7732187159999999,1.06474958,1.14694834,1.59262912,1.82671416,1.71365782,1.54578436,2.005547,1.9916018,2.05336754,2.31337036,2.86951194,2.74491178,2.62669878,2.86977388,2.99619666,2.6008202,2.5985428,2.69139304,2.75871068,2.51463622,2.501029100000001,2.5026247,2.61006306,2.42673034,2.70208532,3.254235980000001,3.44040164,3.462018960000001,3.78775696,3.788317380000001,3.84732902,3.84654154,4.03330102,4.121491900000001,4.394630040000001,4.27472412,4.66250474,4.73266834,4.484956840000001,4.385063740000001,4.40536526,4.76174346,5.85213926,6.64131304,6.74516932,6.67543316,6.630452759999999,5.738804759999999,5.02983668,4.58910664,4.83828978,4.20150364,3.8920142,3.6554836,3.30716812,3.006182120000001,2.4599696,2.58853944,2.41835534,2.26436213,2.45288703,2.53672267,1.62682707,1.26227857,1.21112938,0.27487498,0.0,0.0,0.0,0.0,0.0,0.0,0.0,0.0,0.0,0.0,0.0,0.0,0.0,0.0,0.0,0.0,0.0
30715>30510,524,524,BDSu,Bond Street,Bond Street // Central // WB,669,OXCu,Oxford Circus,Oxford Circus // Bakerloo // NB,Alight-Exit-Interchange-Enter-Board,0.0,0.0,0.0,0.0,0.0,0.0,0.0,0.0,0.0,0.0,0.0,0.0,0.0,0.0,0.0,0.0,0.0,0.0,0.0,0.0,0.0,0.0,0.0,0.0,0.0,0.0,0.0,0.0,0.0,0.0,0.0,0.0,0.0,0.0,0.0,0.0,0.0,0.0,0.0,0.0,0.0,0.0,0.0,0.0,0.0,0.0,0.0,0.0,0.0,0.0,0.0,0.0,0.0,0.0,0.0,0.0,0.0,0.0,0.0,0.0,0.0,0.0,0.0,0.0,0.0,0.0,0.0,0.0,0.0,0.0,0.0,0.0,0.0,0.0,0.0,0.0,0.0,0.0,0.0,0.0,0.0,0.0,0.0,0.0,0.0,0.0,0.0,0.0,0.0,0.0,0.0,0.0,0.0,0.0,0.0,0.0,0.0,0.0,0.0,0.0,0.0,0.0,0.0
30715>30511,524,524,BDSu,Bond Street,Bond Street // Central // WB,669,OXCu,Oxford Circus,Oxford Circus // Bakerloo // SB,Alight-Exit-Interchange-Enter-Board,0.0,0.0,0.0,0.0,0.0,0.0,0.0,0.0,0.0,0.0,0.0,0.0,0.0,0.0,0.0,0.0,0.0,0.0,0.0,0.0,0.0,0.0,0.0,0.0,0.0,0.0,0.0,0.0,0.0,0.0,0.0,0.0,0.0,0.0,0.0,0.0,0.0,0.0,0.0,0.0,0.0,0.0,0.0,0.0,0.0,0.0,0.0,0.0,0.0,0.0,0.0,0.0,0.0,0.0,0.0,0.0,0.0,0.0,0.0,0.0,0.0,0.0,0.0,0.0,0.0,0.0,0.0,0.0,0.0,0.0,0.0,0.0,0.0,0.0,0.0,0.0,0.0,0.0,0.0,0.0,0.0,0.0,0.0,0.0,0.0,0.0,0.0,0.0,0.0,0.0,0.0,0.0,0.0,0.0,0.0,0.0,0.0,0.0,0.0,0.0,0.0,0.0,0.0
30715>30514,524,524,BDSu,Bond Street,Bond Street // Central // WB,669,OXCu,Oxford Circus,Oxford Circus // Central // EB,Alight-Exit-Interchange-Enter-Board,0.0,0.0,0.0,0.0,0.0,0.0,0.0,0.0,0.0,0.0,0.0,0.0,0.0,0.0,0.0,0.0,0.0,0.0,0.0,0.0,0.0,0.0,0.0,0.0,0.0,0.0,0.0,0.0,0.0,0.0,0.0,0.0,0.0,0.0,0.0,0.0,0.0,0.0,0.0,0.0,0.0,0.0,0.0,0.0,0.0,0.0,0.0,0.0,0.0,0.0,0.0,0.0,0.0,0.0,0.0,0.0,0.0,0.0,0.0,0.0,0.0,0.0,0.0,0.0,0.0,0.0,0.0,0.0,0.0,0.0,0.0,0.0,0.0,0.0,0.0,0.0,0.0,0.0,0.0,0.0,0.0,0.0,0.0,0.0,0.0,0.0,0.0,0.0,0.0,0.0,0.0,0.0,0.0,0.0,0.0,0.0,0.0,0.0,0.0,0.0,0.0,0.0,0.0
30715>30515,524,524,BDSu,Bond Street,Bond Street // Central // WB,669,OXCu,Oxford Circus,Oxford Circus // Central // WB,Alight-Exit-Interchange-Enter-Board,0.0,0.0,0.0,0.0,0.0,0.0,0.0,0.0,0.0,0.0,0.0,0.0,0.0,0.0,0.0,0.0,0.0,0.0,0.0,0.0,0.0,0.0,0.0,0.0,0.0,0.0,0.0,0.0,0.0,0.0,0.0,0.0,0.0,0.0,0.0,0.0,0.0,0.0,0.0,0.0,0.0,0.0,0.0,0.0,0.0,0.0,0.0,0.0,0.0,0.0,0.0,0.0,0.0,0.0,0.0,0.0,0.0,0.0,0.0,0.0,0.0,0.0,0.0,0.0,0.0,0.0,0.0,0.0,0.0,0.0,0.0,0.0,0.0,0.0,0.0,0.0,0.0,0.0,0.0,0.0,0.0,0.0,0.0,0.0,0.0,0.0,0.0,0.0,0.0,0.0,0.0,0.0,0.0,0.0,0.0,0.0,0.0,0.0,0.0,0.0,0.0,0.0,0.0
30715>30532,524,524,BDSu,Bond Street,Bond Street // Central // WB,669,OXCu,Oxford Circus,Oxford Circus // Victoria // NB,Alight-Exit-Interchange-Enter-Board,0.0,0.0,0.0,0.0,0.0,0.0,0.0,0.0,0.0,0.0,0.0,0.0,0.0,0.0,0.0,0.0,0.0,0.0,0.0,0.0,0.0,0.0,0.0,0.0,0.0,0.0,0.0,0.0,0.0,0.0,0.0,0.0,0.0,0.0,0.0,0.0,0.0,0.0,0.0,0.0,0.0,0.0,0.0,0.0,0.0,0.0,0.0,0.0,0.0,0.0,0.0,0.0,0.0,0.0,0.0,0.0,0.0,0.0,0.0,0.0,0.0,0.0,0.0,0.0,0.0,0.0,0.0,0.0,0.0,0.0,0.0,0.0,0.0,0.0,0.0,0.0,0.0,0.0,0.0,0.0,0.0,0.0,0.0,0.0,0.0,0.0,0.0,0.0,0.0,0.0,0.0,0.0,0.0,0.0,0.0,0.0,0.0,0.0,0.0,0.0,0.0,0.0,0.0
30715>30533,524,524,BDSu,Bond Street,Bond Street // Central // WB,669,OXCu,Oxford Circus,Oxford Circus // Victoria // SB,Alight-Exit-Interchange-Enter-Board,0.0,0.0,0.0,0.0,0.0,0.0,0.0,0.0,0.0,0.0,0.0,0.0,0.0,0.0,0.0,0.0,0.0,0.0,0.0,0.0,0.0,0.0,0.0,0.0,0.0,0.0,0.0,0.0,0.0,0.0,0.0,0.0,0.0,0.0,0.0,0.0,0.0,0.0,0.0,0.0,0.0,0.0,0.0,0.0,0.0,0.0,0.0,0.0,0.0,0.0,0.0,0.0,0.0,0.0,0.0,0.0,0.0,0.0,0.0,0.0,0.0,0.0,0.0,0.0,0.0,0.0,0.0,0.0,0.0,0.0,0.0,0.0,0.0,0.0,0.0,0.0,0.0,0.0,0.0,0.0,0.0,0.0,0.0,0.0,0.0,0.0,0.0,0.0,0.0,0.0,0.0,0.0,0.0,0.0,0.0,0.0,0.0,0.0,0.0,0.0,0.0,0.0,0.0
30715>30701,524,524,BDSu,Bond Street,Bond Street // Central // WB,524,BDSu,Bond Street,Bond Street // EntEx,Alight-Exit,12496.055993078,203.28932766,1312.1503396,6678.202440000002,2845.346654,1097.3645348,359.702697018,2.01320534,4.76605674,6.75927094,12.5936123,26.63810834,37.0905358,49.09415720000001,64.33438100000001,75.63482200000001,78.01750679999999,80.85418680000002,83.42771200000001,87.569156,92.670974,99.950162,111.459096,131.345016,147.825454,157.247576,166.148678,178.513812,182.830752,189.621678,207.30724,226.0184,242.51845,256.433602,281.140542,291.024918,310.2834779999999,329.142162,329.784246,329.776586,333.90241,315.08845,301.187102,312.877618,295.6284660000001,295.8206160000001,303.0735900000001,293.9690220000001,285.9692780000001,300.925064,285.364958,287.47385,292.3719180000001,274.484252,259.004236,263.09505,239.552662,228.24729,229.11796,211.013248,193.178196,190.643956,177.164036,160.521342,149.476804,136.7753672,119.8800324,104.8417304,90.5315924,78.1650972,66.0188554,56.62599500000001,48.12384400000001,43.59882279999999,42.805052,42.1216634,40.0329656,38.88519640000001,36.2613728,30.3920966,24.2020318,19.4801356,16.8243464,14.9526586,15.4276296,13.9737262,12.33881874,9.94527694,7.558601540000002,4.993256580000001,4.44559144,4.7099449,3.80065724,4.25392992,3.088220468,2.546555188,1.6448521,1.77262588,1.10109688,1.494291992,1.320703518,1.246991806,0.8874588860000001
30715>30714,524,524,BDSu,Bond Street,Bond Street // Central // WB,524,BDSu,Bond Street,Bond Street // Central // EB,Alight-Interchange-Board,0.0,0.0,0.0,0.0,0.0,0.0,0.0,0.0,0.0,0.0,0.0,0.0,0.0,0.0,0.0,0.0,0.0,0.0,0.0,0.0,0.0,0.0,0.0,0.0,0.0,0.0,0.0,0.0,0.0,0.0,0.0,0.0,0.0,0.0,0.0,0.0,0.0,0.0,0.0,0.0,0.0,0.0,0.0,0.0,0.0,0.0,0.0,0.0,0.0,0.0,0.0,0.0,0.0,0.0,0.0,0.0,0.0,0.0,0.0,0.0,0.0,0.0,0.0,0.0,0.0,0.0,0.0,0.0,0.0,0.0,0.0,0.0,0.0,0.0,0.0,0.0,0.0,0.0,0.0,0.0,0.0,0.0,0.0,0.0,0.0,0.0,0.0,0.0,0.0,0.0,0.0,0.0,0.0,0.0,0.0,0.0,0.0,0.0,0.0,0.0,0.0,0.0,0.0
30715>30722,524,524,BDSu,Bond Street,Bond Street // Central // WB,524,BDSu,Bond Street,Bond Street // Jubilee // NB,Alight-Interchange-Board,5234.0837571,80.1052268,176.5211147,1201.8007126,1188.5394304,848.9982066,1738.119066,4.545531400000001,6.9850458,9.2713794,9.122981800000002,10.9678978,11.4728148,12.3899456,15.3496302,15.1539838,15.4634982,15.5482154,15.644707,13.5279112,14.1695885,13.4985309,14.3072729,14.8511181,14.5929415,14.846804,14.9165432,15.7201032,15.7392138,16.7390608,20.1921234,28.7897158,35.71031720000001,41.96913600000001,48.0559924,49.8143016,47.54703480000001,48.6529798,48.7591544,50.8699348,57.38935480000001,61.0695096,62.81882160000001,67.83421560000001,67.1738014,64.686442,67.7351408,67.1994728,66.5623418,73.5119584,77.2605858,79.589973,89.03110500000001,92.87219,94.899642,103.1231208,102.9702968,97.54033879999999,103.7282148,101.7686328,101.60817,108.7586912,112.6490552,99.64738,94.03219399999999,82.27379480000002,69.48926480000002,60.32271160000001,60.55345360000001,58.6147326,59.6132868,61.17301060000001,63.71480980000001,65.87609100000002,73.68747700000002,79.80840800000001,89.85927500000004,100.305531,110.460079,104.2121116,104.2633396,95.0929496,83.7355896,73.8757996,72.371278,73.31049,66.943623,69.661249,61.88491180000001,64.0608246,51.71351,59.096059,48.5384284,52.3986486,43.9506376,44.97458620000001,34.83900139999999,37.55126800000001,30.48579340000001,31.556104,24.1012148,18.5798556,10.4884996
30715>30723,524,524,BDSu,Bond Street,Bond Street // Central // WB,524,BDSu,Bond Street,Bond Street // Jubilee // SB,Alight-Interchange-Board,1256.30863990208,11.71142468808,21.219388994,217.7315662,231.9838391,206.362949,567.29947192,1.34670129202,1.40208567202,1.56616849202,0.95685323202,1.469443884,1.50089359,1.75341889,1.715859636,2.219641116,1.845748526,1.846250022,1.702213702,1.742618666,0.7818778260000001,0.831010888,1.332506222,1.636853862,2.175592392,2.275336212,2.82973956,2.93771914,3.0821481,3.2414995,3.89848594,4.23865136,4.50789198,4.710286699999998,4.87807512,5.82005142,6.2242023,7.644891760000001,8.860695880000002,9.523637599999999,9.9073796,11.2927462,10.9998822,11.7270762,13.1793382,13.1360836,13.5296688,14.8969694,14.82694,16.3917426,18.2755026,18.4371784,19.9352622,19.6785028,16.670427,19.4966478,19.4677812,19.2908066,18.6980223,22.7103365,19.3598421,19.6181029,18.6209293,20.51272040000001,18.0408058,18.1585566,17.55063220000001,17.392999,16.2302248,15.7083748,14.6609802,15.7692608,16.1156182,17.8524826,18.3702936,20.2888992,19.1071466,19.991345,17.9137208,15.878314,13.72174,10.810269704,7.509113503999998,13.726804304,13.606761704,22.974786304,28.0238644,35.0718808,29.9313632,35.45768579999999,27.5545852,32.15059460000001,27.1647608,31.3752868,27.3320578,28.817515,20.4103796,20.4450624,14.450967,13.6876136,8.7141036,7.4121242,3.770726000000001
30715>30787,524,524,BDSu,Bond Street,Bond Street // Central // WB,524,BDSu,Bond Street,Bond Street // Elizabeth Line // EB,Alight-Interchange-Board,1.406979671,0.5094528092,0.05261356980000001,0.6894460280000002,0.145954156,0.0,0.009513108000000003,0.0057692334,0.08714328939999999,0.08714328939999999,0.09119623800000001,0.0967150098,0.09094577640000001,0.0252699864,0.0252699864,0.0212170378,0.015698266,0.015698266,0.0,0.0,0.0,0.0,0.0,0.0,0.0,0.0,0.0,0.0,0.0,0.0,0.0,0.0,0.0,0.0,0.0,0.108639466,0.108639466,0.108639466,0.108639466,0.108639466,0.0,0.0,0.0,0.0,0.0108637988,0.0139657636,0.0139657636,0.0330707336,0.0330707336,0.0222069348,0.01910497,0.01910497,0.0,0.017700326,0.0192339022,0.0192339022,0.0253698372,0.0253698372,0.0076695112,0.006135935,0.006135935,0.0,0.0,0.0,0.0,0.0,0.0,0.0,0.0,0.0,0.0,0.0,0.0,0.0,0.0,0.0,0.0,0.0,0.0,0.0019026216,0.0019026216,0.0019026216,0.0019026216,0.0019026216,0.0,0.0,0.0,0.0,0.0,0.0,0.0,0.0,0.0,0.0,0.0,0.0,0.0,0.0,0.0,0.0,0.0,0.0,0.0
30715>30788,524,524,BDSu,Bond Street,Bond Street // Central // WB,524,BDSu,Bond Street,Bond Street // Elizabeth Line // WB,Alight-Interchange-Board,344.5594091599999,15.8506718,29.279023642,127.334736118,116.8226392,20.470364032,34.801974368,0.59636,1.2633922,1.28968042,1.467481492,2.670611552,2.574624872,2.629664672,3.358856592,5.08906292,4.1507496,3.808696672,3.424715972,2.804278152,1.268277932,1.174546478,1.505809246,1.369641266,1.661699326,1.388195212,1.633350866,1.252593526,1.943120606,1.909376386,2.44233856,2.46093222,2.77985164,2.23567056,3.4568106,2.96261482,4.016121740000001,6.867922100000001,6.80960112,5.675910320000002,8.26041846,6.90652234,5.663510140000001,7.5142126,7.2098428,6.0336696,8.330021200000001,6.40308334,6.78179694,10.09911294,9.31968156,8.04747946,11.88907492,9.69996332,9.402006020000002,12.752873,12.12998958,9.49647458,13.08901658,10.54488524,7.143339720000001,6.762494960000001,5.865041820000001,2.11110304,2.16875762,1.59556254,1.75113896,1.488847272,1.893548352,1.296123452,1.464508472,1.27533314,1.549107968,1.661555928,2.214777288,3.375033868,4.411415760000001,5.77139716,6.3093683,5.775038200000001,4.336487408,3.178837708,1.399486576,0.175510376,0.04472647599999999,0.012336268,0.012336268,0.0,0.0,0.0,0.0,0.0,0.0,0.0,0.0,0.0,0.0,0.0,0.0,0.0,0.0,0.0,0.0
30722>30510,524,524,BDSu,Bond Street,Bond Street // Jubilee // NB,669,OXCu,Oxford Circus,Oxford Circus // Bakerloo // NB,Alight-Exit-Interchange-Enter-Board,0.0,0.0,0.0,0.0,0.0,0.0,0.0,0.0,0.0,0.0,0.0,0.0,0.0,0.0,0.0,0.0,0.0,0.0,0.0,0.0,0.0,0.0,0.0,0.0,0.0,0.0,0.0,0.0,0.0,0.0,0.0,0.0,0.0,0.0,0.0,0.0,0.0,0.0,0.0,0.0,0.0,0.0,0.0,0.0,0.0,0.0,0.0,0.0,0.0,0.0,0.0,0.0,0.0,0.0,0.0,0.0,0.0,0.0,0.0,0.0,0.0,0.0,0.0,0.0,0.0,0.0,0.0,0.0,0.0,0.0,0.0,0.0,0.0,0.0,0.0,0.0,0.0,0.0,0.0,0.0,0.0,0.0,0.0,0.0,0.0,0.0,0.0,0.0,0.0,0.0,0.0,0.0,0.0,0.0,0.0,0.0,0.0,0.0,0.0,0.0,0.0,0.0,0.0
30722>30511,524,524,BDSu,Bond Street,Bond Street // Jubilee // NB,669,OXCu,Oxford Circus,Oxford Circus // Bakerloo // SB,Alight-Exit-Interchange-Enter-Board,0.0,0.0,0.0,0.0,0.0,0.0,0.0,0.0,0.0,0.0,0.0,0.0,0.0,0.0,0.0,0.0,0.0,0.0,0.0,0.0,0.0,0.0,0.0,0.0,0.0,0.0,0.0,0.0,0.0,0.0,0.0,0.0,0.0,0.0,0.0,0.0,0.0,0.0,0.0,0.0,0.0,0.0,0.0,0.0,0.0,0.0,0.0,0.0,0.0,0.0,0.0,0.0,0.0,0.0,0.0,0.0,0.0,0.0,0.0,0.0,0.0,0.0,0.0,0.0,0.0,0.0,0.0,0.0,0.0,0.0,0.0,0.0,0.0,0.0,0.0,0.0,0.0,0.0,0.0,0.0,0.0,0.0,0.0,0.0,0.0,0.0,0.0,0.0,0.0,0.0,0.0,0.0,0.0,0.0,0.0,0.0,0.0,0.0,0.0,0.0,0.0,0.0,0.0
30722>30514,524,524,BDSu,Bond Street,Bond Street // Jubilee // NB,669,OXCu,Oxford Circus,Oxford Circus // Central // EB,Alight-Exit-Interchange-Enter-Board,0.0,0.0,0.0,0.0,0.0,0.0,0.0,0.0,0.0,0.0,0.0,0.0,0.0,0.0,0.0,0.0,0.0,0.0,0.0,0.0,0.0,0.0,0.0,0.0,0.0,0.0,0.0,0.0,0.0,0.0,0.0,0.0,0.0,0.0,0.0,0.0,0.0,0.0,0.0,0.0,0.0,0.0,0.0,0.0,0.0,0.0,0.0,0.0,0.0,0.0,0.0,0.0,0.0,0.0,0.0,0.0,0.0,0.0,0.0,0.0,0.0,0.0,0.0,0.0,0.0,0.0,0.0,0.0,0.0,0.0,0.0,0.0,0.0,0.0,0.0,0.0,0.0,0.0,0.0,0.0,0.0,0.0,0.0,0.0,0.0,0.0,0.0,0.0,0.0,0.0,0.0,0.0,0.0,0.0,0.0,0.0,0.0,0.0,0.0,0.0,0.0,0.0,0.0
30722>30515,524,524,BDSu,Bond Street,Bond Street // Jubilee // NB,669,OXCu,Oxford Circus,Oxford Circus // Central // WB,Alight-Exit-Interchange-Enter-Board,0.0,0.0,0.0,0.0,0.0,0.0,0.0,0.0,0.0,0.0,0.0,0.0,0.0,0.0,0.0,0.0,0.0,0.0,0.0,0.0,0.0,0.0,0.0,0.0,0.0,0.0,0.0,0.0,0.0,0.0,0.0,0.0,0.0,0.0,0.0,0.0,0.0,0.0,0.0,0.0,0.0,0.0,0.0,0.0,0.0,0.0,0.0,0.0,0.0,0.0,0.0,0.0,0.0,0.0,0.0,0.0,0.0,0.0,0.0,0.0,0.0,0.0,0.0,0.0,0.0,0.0,0.0,0.0,0.0,0.0,0.0,0.0,0.0,0.0,0.0,0.0,0.0,0.0,0.0,0.0,0.0,0.0,0.0,0.0,0.0,0.0,0.0,0.0,0.0,0.0,0.0,0.0,0.0,0.0,0.0,0.0,0.0,0.0,0.0,0.0,0.0,0.0,0.0
30722>30532,524,524,BDSu,Bond Street,Bond Street // Jubilee // NB,669,OXCu,Oxford Circus,Oxford Circus // Victoria // NB,Alight-Exit-Interchange-Enter-Board,6.8050074e-05,0.0,0.0,0.0,0.0,0.0,6.8050074e-05,0.0,0.0,0.0,0.0,0.0,0.0,0.0,0.0,0.0,0.0,0.0,0.0,0.0,0.0,0.0,0.0,0.0,0.0,0.0,0.0,0.0,0.0,0.0,0.0,0.0,0.0,0.0,0.0,0.0,0.0,0.0,0.0,0.0,0.0,0.0,0.0,0.0,0.0,0.0,0.0,0.0,0.0,0.0,0.0,0.0,0.0,0.0,0.0,0.0,0.0,0.0,0.0,0.0,0.0,0.0,0.0,0.0,0.0,0.0,0.0,0.0,0.0,0.0,0.0,0.0,0.0,0.0,0.0,0.0,0.0,0.0,1.36100148e-05,1.36100148e-05,1.36100148e-05,1.36100148e-05,1.36100148e-05,0.0,0.0,0.0,0.0,0.0,0.0,0.0,0.0,0.0,0.0,0.0,0.0,0.0,0.0,0.0,0.0,0.0,0.0,0.0,0.0
30722>30533,524,524,BDSu,Bond Street,Bond Street // Jubilee // NB,669,OXCu,Oxford Circus,Oxford Circus // Victoria // SB,Alight-Exit-Interchange-Enter-Board,0.0,0.0,0.0,0.0,0.0,0.0,0.0,0.0,0.0,0.0,0.0,0.0,0.0,0.0,0.0,0.0,0.0,0.0,0.0,0.0,0.0,0.0,0.0,0.0,0.0,0.0,0.0,0.0,0.0,0.0,0.0,0.0,0.0,0.0,0.0,0.0,0.0,0.0,0.0,0.0,0.0,0.0,0.0,0.0,0.0,0.0,0.0,0.0,0.0,0.0,0.0,0.0,0.0,0.0,0.0,0.0,0.0,0.0,0.0,0.0,0.0,0.0,0.0,0.0,0.0,0.0,0.0,0.0,0.0,0.0,0.0,0.0,0.0,0.0,0.0,0.0,0.0,0.0,0.0,0.0,0.0,0.0,0.0,0.0,0.0,0.0,0.0,0.0,0.0,0.0,0.0,0.0,0.0,0.0,0.0,0.0,0.0,0.0,0.0,0.0,0.0,0.0,0.0
30722>30701,524,524,BDSu,Bond Street,Bond Street // Jubilee // NB,524,BDSu,Bond Street,Bond Street // EntEx,Alight-Exit,14211.84950070999,227.12576018,1375.5537302,7638.767818000002,3309.677118,1246.0390686,414.6860057300001,2.65164346,5.33400486,10.55334686,19.2874206,31.9555816,42.5864836,52.35235760000001,62.4049216,70.88136820000003,74.644993,80.83075060000002,85.488486,90.3888288,96.56757359999999,105.8280816,115.5840856,138.3585048,159.216008,172.504232,185.260818,205.386772,218.105522,227.609858,245.542234,265.92317,280.841798,298.261548,313.8901,329.76333,339.8458500000001,355.063856,358.6685660000001,366.0674260000001,360.2517400000001,361.4423000000001,351.8204480000001,348.275052,345.6183860000001,352.0376660000001,341.568034,341.8598300000001,344.314572,347.832266,338.777494,344.534086,335.996092,322.788476,304.3835880000001,297.119154,284.484894,270.08313,256.093926,244.38451,228.891632,215.817206,205.100424,188.666786,171.316866,154.152236,133.672826,114.388732,100.92314,87.01619000000002,76.10336000000002,65.833298,58.0139206,50.80240300000001,45.149311,41.105201,38.459727,37.8843212,36.30571320000001,33.9188778,31.18055039999999,29.52666380000001,25.250495,22.8685798,21.5872872,18.4782762,14.29194436,12.12949836,8.4704425,6.12763284,4.75279044,5.366584680000001,4.20122922,4.45164202,3.21874762,3.27067112,2.017620286000001,2.177013166,1.537197506,2.014060286,1.601738026,1.47552506,1.01597564
30722>30714,524,524,BDSu,Bond Street,Bond Street // Jubilee // NB,524,BDSu,Bond Street,Bond Street // Central // EB,Alight-Interchange-Board,1640.040348265999,18.407775802,157.67467758,637.6927913000001,374.9766385999999,325.8133248000001,125.475140184,0.294429842,0.689912442,1.444330682,1.904690802,2.749542014,3.31561002,3.65247692,4.35678308,4.51541424,4.90017564,5.9294303,7.193228400000002,8.6791222,10.7546132,12.6679972,15.5575438,18.4400564,20.3809168,22.7753264,25.880853,29.246198,32.3846482,35.6972536,35.94467160000001,30.47429248,23.18692408,16.19985176,9.252715620000002,7.28207082,12.47081094,17.21333574,23.43198226,30.4432224,32.2445596,30.44643180000001,33.2536358,30.7521714,29.1098454,31.84455980000001,31.9443046,28.1057098,31.56119360000001,28.5395696,26.66283240000001,30.4446378,31.1965962,27.7355014,31.3660774,29.6446274,27.2819496,30.7755904,30.3487956,28.671401,32.730261,36.72987740000001,38.0513234,41.0522584,42.391345,39.878433,35.3922914,29.51597120000001,26.4200662,23.45275220000001,20.667007,18.403388,17.70664619999999,16.0942372,14.838929,14.3765838,13.9343154,13.2526626,12.3042888,9.81873038,8.65449952,7.76531852,5.2422282,3.90577154,5.745767560000001,4.98316452,3.3850378,4.104203120000001,3.892403166000002,2.468470006,1.78455415,2.06693179,1.28302509,1.323102634,0.794844408,0.982822324,0.5740802940000002,0.7008706740000001,0.5629771568,0.6236192628000001,0.4058470428,0.3699121528000001,0.1691082728
30722>30715,524,524,BDSu,Bond Street,Bond Street // Jubilee // NB,524,BDSu,Bond Street,Bond Street // Central // WB,Alight-Interchange-Board,7284.350898700002,153.7172001,739.2297174,3084.8953626,1595.603221,879.6968752,831.2085224,3.4202782,4.292135460000001,8.88343446,14.17048146,20.92779886,27.45895246,34.6189204,39.94519879999999,44.0291022,45.5738922,47.23194760000001,51.1214458,53.3880324,54.332244,58.10761140000001,67.0743314,73.474932,76.6601848,81.6491728,86.5868208,88.9562868,91.6592468,97.62792000000002,107.150126,116.440276,120.405212,123.577557,127.127335,129.712639,129.675139,137.417419,145.044942,151.272968,151.929606,147.62081,140.54443,138.634324,133.361398,131.272006,136.639982,134.08365,133.40213,136.070286,135.269674,135.813068,141.711548,137.50917,136.327132,141.074252,135.869828,132.443426,132.621435,130.644142,126.35925,126.153311,119.076659,110.8406392,99.8113962,87.16633820000001,78.7516624,73.37826040000002,68.9363262,66.48590300000001,64.69642900000001,60.01559240000001,56.94888540000001,56.1077912,56.55765160000001,58.44985060000001,61.55405,69.261213,69.25928580000001,72.47894659999999,74.45704959999999,72.02794560000002,61.98724920000001,56.38694860000001,44.8235396,33.1755246,23.01301208,18.71796388,15.00966068,14.18425868,10.89099468,11.5156328,8.69849142,8.59905542,6.06304204,6.84984972,6.14767158,6.72150216,4.72689462,5.3349262,4.75160492,3.73058346,2.39177486
30722>30723,524,524,BDSu,Bond Street,Bond Street // Jubilee // NB,524,BDSu,Bond Street,Bond Street // Jubilee // SB,Alight-Interchange-Board,0.0,0.0,0.0,0.0,0.0,0.0,0.0,0.0,0.0,0.0,0.0,0.0,0.0,0.0,0.0,0.0,0.0,0.0,0.0,0.0,0.0,0.0,0.0,0.0,0.0,0.0,0.0,0.0,0.0,0.0,0.0,0.0,0.0,0.0,0.0,0.0,0.0,0.0,0.0,0.0,0.0,0.0,0.0,0.0,0.0,0.0,0.0,0.0,0.0,0.0,0.0,0.0,0.0,0.0,0.0,0.0,0.0,0.0,0.0,0.0,0.0,0.0,0.0,0.0,0.0,0.0,0.0,0.0,0.0,0.0,0.0,0.0,0.0,0.0,0.0,0.0,0.0,0.0,0.0,0.0,0.0,0.0,0.0,0.0,0.0,0.0,0.0,0.0,0.0,0.0,0.0,0.0,0.0,0.0,0.0,0.0,0.0,0.0,0.0,0.0,0.0,0.0,0.0
30722>30787,524,524,BDSu,Bond Street,Bond Street // Jubilee // NB,524,BDSu,Bond Street,Bond Street // Elizabeth Line // EB,Alight-Interchange-Board,689.2767521000001,12.64871226,38.57904168000001,153.26266606,179.6907376,140.9249791,164.1706154,0.0107346,0.5054916800000001,0.8617020800000001,1.22960238,1.82357106,2.56280174,2.73944566,2.91536306,3.10511004,3.20374204,2.99059716,3.28027516,3.73722156,3.79752414,3.7313131,3.83332412,3.202605560000001,2.80002728,2.51614184,2.38115968,2.96101206,3.26765328,3.741468960000001,4.099803619999999,4.373781480000001,3.75604448,4.07417674,4.03782154,5.03363186,5.42279058,6.61224878,7.06654232,7.394731920000001,6.749710800000001,6.66219154,6.315243140000002,6.73707668,6.68769596,7.149758080000002,7.56916908,9.34333488,10.10304568,11.7373646,12.366368,13.823135,12.7325284,13.1981244,13.8927722,16.7577146,17.60228500000001,17.911427,17.8617566,16.9115158,14.0397442,12.4628976,12.4968368,12.1002526,11.0946584,11.8581486,12.0402788,11.9182698,10.70478334,11.72096934,10.53824574,10.72112914,10.42670874,11.3352114,16.4663232,18.1415342,17.7658706,19.6728968,24.75171880000001,19.1394102,16.70562052,15.45374432,14.31134192,6.92719052,4.71630432,3.7666918,2.8182914,0.0,0.0,0.0,0.0,0.0,0.0,0.0,0.0,0.0,0.0,0.0,0.0,0.0,0.0,0.0,0.0
30722>30788,524,524,BDSu,Bond Street,Bond Street // Jubilee // NB,524,BDSu,Bond Street,Bond Street // Elizabeth Line // WB,Alight-Interchange-Board,2950.897369000002,84.5235454,352.2136004000001,819.9735249999999,712.0785092000001,624.6605156000002,357.4476734,1.2650972,2.7296696,5.094193600000001,8.6374916,13.9891282,15.4961502,17.90689320000001,19.4049218,19.86050220000001,18.9340514,20.517623,22.8397948,25.5037482,29.2425938,31.5706666,36.7207158,37.8257234,37.8918062,35.43472180000001,35.87165320000001,31.2441408,31.87301660000001,29.95833540000001,31.0530734,29.4117374,31.0073142,28.5129682,31.0652926,30.5049086,31.904422,31.0999716,35.41537620000001,34.88323080000001,36.91185820000001,36.29453100000001,37.8873504,33.8559276,33.8712466,31.74902800000001,33.5389218,35.39262900000001,40.58458420000001,43.57373520000001,48.37992520000001,51.7977812,54.26548140000001,53.43666579999999,56.16668980000001,58.5795226,61.59618160000001,65.7012448,65.20723620000001,63.70703020000001,64.04522600000001,59.5684894,58.00696020000001,58.48421780000001,61.02236720000001,57.47866020000001,58.86946840000001,53.99976400000001,54.11226300000001,49.5003778,49.9427534,47.51140420000001,48.31906040000001,45.99469320000001,39.42548600000001,35.76226500000001,32.6583672,34.77170340000001,41.0292126,41.25096020000001,48.34707960000001,46.66267020000001,34.4842674,20.37123140000001,17.86005220000001,4.2498642,0.0,0.0,0.0,0.0,0.0,0.0,0.0,0.0,0.0,0.0,0.0,0.0,0.0,0.0,0.0,0.0,0.0
30723>30510,524,524,BDSu,Bond Street,Bond Street // Jubilee // SB,669,OXCu,Oxford Circus,Oxford Circus // Bakerloo // NB,Alight-Exit-Interchange-Enter-Board,0.0,0.0,0.0,0.0,0.0,0.0,0.0,0.0,0.0,0.0,0.0,0.0,0.0,0.0,0.0,0.0,0.0,0.0,0.0,0.0,0.0,0.0,0.0,0.0,0.0,0.0,0.0,0.0,0.0,0.0,0.0,0.0,0.0,0.0,0.0,0.0,0.0,0.0,0.0,0.0,0.0,0.0,0.0,0.0,0.0,0.0,0.0,0.0,0.0,0.0,0.0,0.0,0.0,0.0,0.0,0.0,0.0,0.0,0.0,0.0,0.0,0.0,0.0,0.0,0.0,0.0,0.0,0.0,0.0,0.0,0.0,0.0,0.0,0.0,0.0,0.0,0.0,0.0,0.0,0.0,0.0,0.0,0.0,0.0,0.0,0.0,0.0,0.0,0.0,0.0,0.0,0.0,0.0,0.0,0.0,0.0,0.0,0.0,0.0,0.0,0.0,0.0,0.0
30723>30511,524,524,BDSu,Bond Street,Bond Street // Jubilee // SB,669,OXCu,Oxford Circus,Oxford Circus // Bakerloo // SB,Alight-Exit-Interchange-Enter-Board,0.0,0.0,0.0,0.0,0.0,0.0,0.0,0.0,0.0,0.0,0.0,0.0,0.0,0.0,0.0,0.0,0.0,0.0,0.0,0.0,0.0,0.0,0.0,0.0,0.0,0.0,0.0,0.0,0.0,0.0,0.0,0.0,0.0,0.0,0.0,0.0,0.0,0.0,0.0,0.0,0.0,0.0,0.0,0.0,0.0,0.0,0.0,0.0,0.0,0.0,0.0,0.0,0.0,0.0,0.0,0.0,0.0,0.0,0.0,0.0,0.0,0.0,0.0,0.0,0.0,0.0,0.0,0.0,0.0,0.0,0.0,0.0,0.0,0.0,0.0,0.0,0.0,0.0,0.0,0.0,0.0,0.0,0.0,0.0,0.0,0.0,0.0,0.0,0.0,0.0,0.0,0.0,0.0,0.0,0.0,0.0,0.0,0.0,0.0,0.0,0.0,0.0,0.0
30723>30514,524,524,BDSu,Bond Street,Bond Street // Jubilee // SB,669,OXCu,Oxford Circus,Oxford Circus // Central // EB,Alight-Exit-Interchange-Enter-Board,0.0,0.0,0.0,0.0,0.0,0.0,0.0,0.0,0.0,0.0,0.0,0.0,0.0,0.0,0.0,0.0,0.0,0.0,0.0,0.0,0.0,0.0,0.0,0.0,0.0,0.0,0.0,0.0,0.0,0.0,0.0,0.0,0.0,0.0,0.0,0.0,0.0,0.0,0.0,0.0,0.0,0.0,0.0,0.0,0.0,0.0,0.0,0.0,0.0,0.0,0.0,0.0,0.0,0.0,0.0,0.0,0.0,0.0,0.0,0.0,0.0,0.0,0.0,0.0,0.0,0.0,0.0,0.0,0.0,0.0,0.0,0.0,0.0,0.0,0.0,0.0,0.0,0.0,0.0,0.0,0.0,0.0,0.0,0.0,0.0,0.0,0.0,0.0,0.0,0.0,0.0,0.0,0.0,0.0,0.0,0.0,0.0,0.0,0.0,0.0,0.0,0.0,0.0
30723>30515,524,524,BDSu,Bond Street,Bond Street // Jubilee // SB,669,OXCu,Oxford Circus,Oxford Circus // Central // WB,Alight-Exit-Interchange-Enter-Board,0.0,0.0,0.0,0.0,0.0,0.0,0.0,0.0,0.0,0.0,0.0,0.0,0.0,0.0,0.0,0.0,0.0,0.0,0.0,0.0,0.0,0.0,0.0,0.0,0.0,0.0,0.0,0.0,0.0,0.0,0.0,0.0,0.0,0.0,0.0,0.0,0.0,0.0,0.0,0.0,0.0,0.0,0.0,0.0,0.0,0.0,0.0,0.0,0.0,0.0,0.0,0.0,0.0,0.0,0.0,0.0,0.0,0.0,0.0,0.0,0.0,0.0,0.0,0.0,0.0,0.0,0.0,0.0,0.0,0.0,0.0,0.0,0.0,0.0,0.0,0.0,0.0,0.0,0.0,0.0,0.0,0.0,0.0,0.0,0.0,0.0,0.0,0.0,0.0,0.0,0.0,0.0,0.0,0.0,0.0,0.0,0.0,0.0,0.0,0.0,0.0,0.0,0.0
30723>30532,524,524,BDSu,Bond Street,Bond Street // Jubilee // SB,669,OXCu,Oxford Circus,Oxford Circus // Victoria // NB,Alight-Exit-Interchange-Enter-Board,0.0,0.0,0.0,0.0,0.0,0.0,0.0,0.0,0.0,0.0,0.0,0.0,0.0,0.0,0.0,0.0,0.0,0.0,0.0,0.0,0.0,0.0,0.0,0.0,0.0,0.0,0.0,0.0,0.0,0.0,0.0,0.0,0.0,0.0,0.0,0.0,0.0,0.0,0.0,0.0,0.0,0.0,0.0,0.0,0.0,0.0,0.0,0.0,0.0,0.0,0.0,0.0,0.0,0.0,0.0,0.0,0.0,0.0,0.0,0.0,0.0,0.0,0.0,0.0,0.0,0.0,0.0,0.0,0.0,0.0,0.0,0.0,0.0,0.0,0.0,0.0,0.0,0.0,0.0,0.0,0.0,0.0,0.0,0.0,0.0,0.0,0.0,0.0,0.0,0.0,0.0,0.0,0.0,0.0,0.0,0.0,0.0,0.0,0.0,0.0,0.0,0.0,0.0
30723>30533,524,524,BDSu,Bond Street,Bond Street // Jubilee // SB,669,OXCu,Oxford Circus,Oxford Circus // Victoria // SB,Alight-Exit-Interchange-Enter-Board,0.0,0.0,0.0,0.0,0.0,0.0,0.0,0.0,0.0,0.0,0.0,0.0,0.0,0.0,0.0,0.0,0.0,0.0,0.0,0.0,0.0,0.0,0.0,0.0,0.0,0.0,0.0,0.0,0.0,0.0,0.0,0.0,0.0,0.0,0.0,0.0,0.0,0.0,0.0,0.0,0.0,0.0,0.0,0.0,0.0,0.0,0.0,0.0,0.0,0.0,0.0,0.0,0.0,0.0,0.0,0.0,0.0,0.0,0.0,0.0,0.0,0.0,0.0,0.0,0.0,0.0,0.0,0.0,0.0,0.0,0.0,0.0,0.0,0.0,0.0,0.0,0.0,0.0,0.0,0.0,0.0,0.0,0.0,0.0,0.0,0.0,0.0,0.0,0.0,0.0,0.0,0.0,0.0,0.0,0.0,0.0,0.0,0.0,0.0,0.0,0.0,0.0,0.0
30723>30701,524,524,BDSu,Bond Street,Bond Street // Jubilee // SB,524,BDSu,Bond Street,Bond Street // EntEx,Alight-Exit,6066.282425308001,131.34849652,722.2945018,3326.978272,1289.781253,457.070416,138.809485988,1.59680842,3.30949562,5.42393782,10.17063786,18.306681,25.4546708,30.7881296,36.29813540000001,38.4849134,38.7892966,37.2549172,38.3883328,42.7245194,48.9817894,54.03819420000001,63.77914420000001,77.51230460000002,88.96233600000002,94.218252,99.160502,104.225848,103.93314,103.246644,107.704226,116.255312,121.808724,130.271654,138.276916,145.395986,149.947106,158.273458,162.460374,165.202496,164.688538,162.63053,155.6213839999999,151.76024,146.530068,143.81192,139.903132,139.883974,137.254264,139.308396,138.583942,137.871996,132.645012,127.738087,118.5189662,115.1116762,110.3820234,104.7058594,98.27951359999999,93.8242804,87.66412240000002,83.76682120000002,79.27289520000002,73.051397,65.637917,57.88850400000001,48.60451000000001,41.74062800000001,36.6889576,31.4085348,26.0222578,22.9924996,19.3805014,17.025619,16.62908980000001,16.31084580000001,15.0799538,15.8384048,15.2213532,12.9485055,10.9818167,9.11611002,7.44961432,6.14920278,5.469945200000002,4.37886114,3.5650475,2.8770694,2.155320966,1.910547686,1.63032264,1.52828278,0.84971022,0.886275554,0.5789796640000001,0.7163798900000001,0.6364334300000001,0.5983564600000001,0.3971178400000001,0.5398951620000001,0.388634442,0.352569282,0.253929812
30723>30714,524,524,BDSu,Bond Street,Bond Street // Jubilee // SB,524,BDSu,Bond Street,Bond Street // Central // EB,Alight-Interchange-Board,4969.21660512,120.20786344,658.2373252000002,2249.453866999999,1063.895032,530.3643782,347.05813928,3.16272728,5.284405080000001,7.864287080000001,10.342063,15.0068242,21.0504196,25.8928226,31.6043146,34.2436538,38.740675,39.25732540000001,42.15593600000001,46.04633200000001,52.4360058,56.00454420000001,61.8446458,68.7650624,71.2740852,73.09306579999999,74.3759938,76.55597080000003,76.9183688,77.735798,78.79669000000001,82.12931,83.535752,84.831192,90.405732,97.37784599999999,105.663552,110.33133,112.761034,116.999054,115.775412,107.5440068,105.0122488,103.1581268,94.0010008,90.2582008,89.14359,86.83798920000002,87.10236920000001,88.46568,88.11361299999999,90.157519,88.82350859999998,85.09882160000002,86.96336780000001,88.65762679999999,88.55942280000002,90.68712,96.059781,90.318056,90.58322,86.71977120000003,81.2668172,71.4071026,68.5144642,58.8940082,52.3748682,46.7997802,42.68149680000001,38.4696208,34.8607228,31.74444200000001,28.9426856,27.4335056,28.2416812,30.023936,30.316827,32.8209042,31.1467294,27.1535264,21.9792377,19.6648541,15.4936159,14.8007931,12.69185802,12.65233972,10.95233092,10.38105292,8.74532404,9.55966152,8.40232466,8.07594606,6.35106398,5.85637026,4.18972994,4.2629747,3.5639421,3.987278780000001,3.41585022,3.58599614,3.123950100000001,2.4796263,1.3800951
30723>30715,524,524,BDSu,Bond Street,Bond Street // Jubilee // SB,524,BDSu,Bond Street,Bond Street // Central // WB,Alight-Interchange-Board,2253.347421181998,64.2277095,332.4772541999999,1105.8742562,424.6315872,201.2622716,124.874342482,2.00541072,2.454190360000001,4.665565560000001,6.55138044,7.712256180000002,10.82191304,13.807172,16.2098212,18.929894,23.8319706,25.200443,27.2873818,29.1264344,29.2203752,27.2681838,28.9065494,30.45171,29.6738562,30.41440780000001,32.166048,32.8869994,32.2329608,37.1552516,40.4783528,43.5479044,45.7226496,50.5937708,49.3854154,51.632904,50.8454794,52.0714696,50.760826,52.0656994,50.9839788,51.0117048,48.6173086,48.30173840000001,47.3769432,45.9830292,46.33238160000001,46.53858580000001,45.5199922,43.81980220000001,42.00910820000001,40.0311678,39.1201396,37.6099404,36.9671136,37.9845756,37.3618346,34.95333960000001,33.674468,33.44297299999999,31.9824826,31.1834374,30.320115,28.6844266,25.159466,22.1266798,19.4473258,17.4140996,15.6027324,14.3807404,13.7336874,12.076643,11.11401420000001,10.4340498,11.0884066,11.1696806,11.6718686,13.8260702,14.7183538,13.3828526,12.1605594,11.24353768,8.62758608,6.3561078,4.90826854,3.44423814,2.3426199,1.42263436,1.22474281,1.27315545,1.10812751,1.05947719,0.92470131,0.95310303,0.645242038,0.5567912979999999,0.4821457680000001,0.35519949,0.203500258,0.189688568,0.252665248,0.203770658,0.167654156
30723>30722,524,524,BDSu,Bond Street,Bond Street // Jubilee // SB,524,BDSu,Bond Street,Bond Street // Jubilee // NB,Alight-Interchange-Board,0.0,0.0,0.0,0.0,0.0,0.0,0.0,0.0,0.0,0.0,0.0,0.0,0.0,0.0,0.0,0.0,0.0,0.0,0.0,0.0,0.0,0.0,0.0,0.0,0.0,0.0,0.0,0.0,0.0,0.0,0.0,0.0,0.0,0.0,0.0,0.0,0.0,0.0,0.0,0.0,0.0,0.0,0.0,0.0,0.0,0.0,0.0,0.0,0.0,0.0,0.0,0.0,0.0,0.0,0.0,0.0,0.0,0.0,0.0,0.0,0.0,0.0,0.0,0.0,0.0,0.0,0.0,0.0,0.0,0.0,0.0,0.0,0.0,0.0,0.0,0.0,0.0,0.0,0.0,0.0,0.0,0.0,0.0,0.0,0.0,0.0,0.0,0.0,0.0,0.0,0.0,0.0,0.0,0.0,0.0,0.0,0.0,0.0,0.0,0.0,0.0,0.0,0.0
30723>30787,524,524,BDSu,Bond Street,Bond Street // Jubilee // SB,524,BDSu,Bond Street,Bond Street // Elizabeth Line // EB,Alight-Interchange-Board,1661.59695757,64.48690747,251.2898485,580.8979633999999,332.9237818,230.4704459,201.5280105,0.154317594,0.654533454,2.044244174,5.143985573999999,9.503492974,13.09323658,16.00872172,17.8843754,17.1678993,15.8634441,15.6883107,17.0484603,19.6614009,22.1366796,24.4465188,26.6323124,25.73085300000001,23.4080836,22.69586300000001,20.8100228,19.3045926,19.7411804,21.632189,22.8430736,25.03179320000001,25.8956936,27.43,28.4950758,29.962143,28.9187306,28.7860802,27.6312294,26.9473906,23.9232902,24.1276158,24.139861,24.6055924,22.5754252,22.646728,21.5372128,21.8668624,20.235474,21.2284244,21.3923052,22.2354942,22.7289818,26.0994488,28.6864296,32.9147212,33.6544854,32.64509260000001,30.468521,27.6999346,25.556145,25.4393192,24.7952084,25.1914784,24.307013,22.49038280000001,21.3542974,20.8329544,18.554688,18.206637,16.7767646,15.5963438,14.7269215,14.6132631,17.81970190000001,21.2618931,22.3117439,23.9199498,26.0761762,22.6199482,19.9917232,17.36980854,17.10901594000001,12.22977134,9.10311814,5.415794140000001,4.119068,0.0,0.0,0.0,0.0,0.0,0.0,0.0,0.0,0.0,0.0,0.0,0.0,0.0,0.0,0.0,0.0
30723>30788,524,524,BDSu,Bond Street,Bond Street // Jubilee // SB,524,BDSu,Bond Street,Bond Street // Elizabeth Line // WB,Alight-Interchange-Board,424.7919884999999,20.84595416,65.948338,169.8285115,94.66661847999998,45.77056140000001,27.73200496000001,0.8618537000000001,1.32458874,1.78682644,2.20624768,3.35378748,3.02145172,4.0545002,4.2366982,4.75569116,4.682003959999999,4.84510882,4.451818200000001,4.989355300000001,5.7039141,5.71390178,6.53077658,6.308808420000001,6.485070820000002,5.667633820000002,5.814255040000001,5.24336184,5.7034513,5.29607202,5.89168662,5.83971412,6.545285720000001,6.51246818,7.23097946,7.064821,7.747977600000001,7.527301860000001,8.3948978,8.094983200000001,8.461678460000002,7.69528834,8.070034680000001,7.134913480000002,7.47584188,6.8993152,7.35664212,6.89349664,7.2471099,7.407832099999999,8.09335798,8.07737732,8.6733668,8.405812800000001,8.525281199999998,8.5098395,8.89662856,8.247151299999999,8.16778344,7.38355292,7.284175620000001,6.380952080000001,6.114696940000003,5.708354000000003,5.5567668,4.61815248,4.28241516,3.928481640000001,3.6883667,3.34999162,3.1620455,2.89336282,2.95985,2.83325722,2.78951746,3.816672900000001,3.900236620000001,4.544292260000002,4.471175320000001,3.798536280000001,2.68894384,2.3238547,0.9518871999999999,0.551092,0.551092,0.13422184,0.0,0.0,0.0,0.0,0.0,0.0,0.0,0.0,0.0,0.0,0.0,0.0,0.0,0.0,0.0,0.0,0.0
30787>30510,524,524,BDSu,Bond Street,Bond Street // Elizabeth Line // EB,669,OXCu,Oxford Circus,Oxford Circus // Bakerloo // NB,Alight-Exit-Interchange-Enter-Board,11.9187000657361,0.00393489654,0.547312511646,5.156810214064,3.665953736000001,2.387319419,0.1573692884861,0.0,0.0007496805,0.0007496805,0.0007496805,0.0007496805,0.00081184518,6.216468e-05,6.216468e-05,9.303060799999999e-05,9.303060799999999e-05,3.0865928e-05,3.0865928e-05,3.0865928e-05,0.0,0.094207626,0.094207626,0.094207626,0.094249899162,0.1319390991620001,0.03822197632200001,0.126684636322,0.167982534322,0.25134176916,0.2136525691600001,0.213162066,0.12478119072,0.1443710047200001,0.12073122872,0.12073122872,0.13953424072,0.1800801260000001,0.192447684,0.188559656,0.188559656,0.26443973,0.405891792,0.369029488,0.3148823523,0.3675695023,0.3167663163000001,0.1346865843,0.1164571363,0.2735774360000001,0.220890286,0.1992492220000001,0.1992492220000001,0.256473236,0.097626368,0.167739548,0.145500712,0.356600652,0.329538166,0.462075446,0.425987938,0.52640641,0.499506816,0.4565079676000001,0.3259024864000001,0.3657134144000001,0.3245263064,0.1403259604,0.1479176316,0.1459858328,0.07376765019999999,0.0698604062,0.1208825002,0.1079646314,0.1079646314,0.106346214,0.051022094,0.0,1.9609722e-07,1.9609722e-07,1.9609722e-07,1.9609722e-07,1.9609722e-07,0.0,0.0,0.0,0.0,0.0,0.0,0.0,0.0,0.0,0.0,0.0,0.0,0.0,0.0,0.0,0.0,0.0,0.0,0.0,0.0
30787>30511,524,524,BDSu,Bond Street,Bond Street // Elizabeth Line // EB,669,OXCu,Oxford Circus,Oxford Circus // Bakerloo // SB,Alight-Exit-Interchange-Enter-Board,12.70318357629,2.4446034e-05,1.504013945188,7.850379958467998,2.4619808148,0.47729482808,0.40948958372,0.0,0.0,0.0,0.0,0.0,0.0,0.0,2.4446034e-05,4.6979794e-05,4.6979794e-05,0.006378213794,0.006407987293999999,0.11258786126,0.1805207375000001,0.1874622981000001,0.181177342788,0.315181297288,0.208976977288,0.141103580444,0.164123689844,0.323962751156,0.217584055156,0.250037043156,0.24995503,0.21999336,0.06010802000000001,0.2729312679999999,0.24047828,0.24047828,0.24047828,0.41631454,0.355433506,0.492517506,0.492517506,0.492517506,0.350853224,0.171255978,0.185586384,0.203420201,0.554721761,0.520549783,0.520549783,0.397984865,0.380151048,0.09737608800000001,0.09737608800000001,0.09737608800000001,0.06852660000000001,0.18675316,0.11822656,0.195261034,0.362220174,0.401375896,0.283149336,0.2942567114,0.2600830794,0.1124886974,0.0733329754,0.09747682740000001,0.08710338258000001,0.04424254058,0.02487778258,0.02487778258,0.001493369,0.00199614334,0.00199614334,0.003704591939999999,0.003704591939999999,0.00543870932,0.0768670764,0.0768670764,0.0751586278,0.0751586278,0.0781319508,0.0054668788,0.0054668788,0.0054668788,0.0054668788,0.0,0.0,0.0,0.0,0.0,0.0,0.0,0.0,0.0,0.0,0.0,0.0,0.0,0.0,0.0,0.0,0.0,0.0
30787>30514,524,524,BDSu,Bond Street,Bond Street // Elizabeth Line // EB,669,OXCu,Oxford Circus,Oxford Circus // Central // EB,Alight-Exit-Interchange-Enter-Board,0.0,0.0,0.0,0.0,0.0,0.0,0.0,0.0,0.0,0.0,0.0,0.0,0.0,0.0,0.0,0.0,0.0,0.0,0.0,0.0,0.0,0.0,0.0,0.0,0.0,0.0,0.0,0.0,0.0,0.0,0.0,0.0,0.0,0.0,0.0,0.0,0.0,0.0,0.0,0.0,0.0,0.0,0.0,0.0,0.0,0.0,0.0,0.0,0.0,0.0,0.0,0.0,0.0,0.0,0.0,0.0,0.0,0.0,0.0,0.0,0.0,0.0,0.0,0.0,0.0,0.0,0.0,0.0,0.0,0.0,0.0,0.0,0.0,0.0,0.0,0.0,0.0,0.0,0.0,0.0,0.0,0.0,0.0,0.0,0.0,0.0,0.0,0.0,0.0,0.0,0.0,0.0,0.0,0.0,0.0,0.0,0.0,0.0,0.0,0.0,0.0,0.0,0.0
30787>30515,524,524,BDSu,Bond Street,Bond Street // Elizabeth Line // EB,669,OXCu,Oxford Circus,Oxford Circus // Central // WB,Alight-Exit-Interchange-Enter-Board,0.0,0.0,0.0,0.0,0.0,0.0,0.0,0.0,0.0,0.0,0.0,0.0,0.0,0.0,0.0,0.0,0.0,0.0,0.0,0.0,0.0,0.0,0.0,0.0,0.0,0.0,0.0,0.0,0.0,0.0,0.0,0.0,0.0,0.0,0.0,0.0,0.0,0.0,0.0,0.0,0.0,0.0,0.0,0.0,0.0,0.0,0.0,0.0,0.0,0.0,0.0,0.0,0.0,0.0,0.0,0.0,0.0,0.0,0.0,0.0,0.0,0.0,0.0,0.0,0.0,0.0,0.0,0.0,0.0,0.0,0.0,0.0,0.0,0.0,0.0,0.0,0.0,0.0,0.0,0.0,0.0,0.0,0.0,0.0,0.0,0.0,0.0,0.0,0.0,0.0,0.0,0.0,0.0,0.0,0.0,0.0,0.0,0.0,0.0,0.0,0.0,0.0,0.0
30787>30532,524,524,BDSu,Bond Street,Bond Street // Elizabeth Line // EB,669,OXCu,Oxford Circus,Oxford Circus // Victoria // NB,Alight-Exit-Interchange-Enter-Board,714.3008544,32.42041894,98.42736536000001,288.3056191000001,166.3655303,98.96131728000002,29.82060342,0.0,1.6716516,3.17564292,3.85671548,4.22530216,6.73368616,6.15839142,6.5990292,6.59984744,7.724484759999998,6.31306502,6.71857716,6.46528066,7.89403866,7.69026654,8.817892279999997,9.86626988,9.737986600000003,9.11929412,11.48036224,10.6346885,10.0507043,10.62394038,10.92393526,9.75809926,11.385056,11.0418824,11.2663338,11.9514222,12.2505632,11.834815,13.3633624,13.8751942,14.4154576,13.102981,13.0654344,12.1452578,12.1446644,11.2669142,12.7876186,12.3954236,12.7459758,12.4552262,12.8206686,12.5751968,13.1111801,12.4665057,12.9903671,13.8210011,14.2142301,14.503727,15.649515,15.3847009,15.1178765,13.5547156,12.9765144,11.24178054,10.25934484,8.843314840000003,8.459962140000002,8.409335140000001,8.873892400000003,8.058868200000001,8.1099318,8.06212194,6.89732764,5.4473881,6.298049700000001,4.909947300000002,5.03360956,4.16352754,4.55270108,2.948096,2.9538291,1.94065698,1.6184981,0.8663153000000001,0.5774457800000001,0.25597668,0.0,0.0,0.0,0.0,0.0,0.0,0.0,0.0,0.0,0.0,0.0,0.0,0.0,0.0,0.0,0.0,0.0
30787>30533,524,524,BDSu,Bond Street,Bond Street // Elizabeth Line // EB,669,OXCu,Oxford Circus,Oxford Circus // Victoria // SB,Alight-Exit-Interchange-Enter-Board,557.0024348000002,25.03114926,89.17920212000001,216.97650606,103.30663736,93.26502029999999,29.2439197,0.0,1.7693302,2.04928872,3.22784878,3.78794308,4.881509599999998,3.528406,5.786822880000001,5.311776060000001,5.68769416,6.136286840000001,6.97142364,5.744984440000001,6.755594599999999,7.4541886,7.437482099999999,9.1075345,9.7142527,9.12693384,9.73105064,10.67056734,9.28379294,10.19422294,12.1003856,11.5848816,11.3582962,12.0292594,10.8489216,9.7061276,9.239966800000001,8.831318,8.671401600000001,8.8379048,8.43229294,8.204520740000001,7.65042794,7.185643280000002,6.752179160000002,6.5561125,7.2728815,7.707449700000002,7.79277516,7.906330400000001,8.15884632,7.91635604,7.90388424,7.42219484,7.77309372,7.683549920000001,8.0964942,8.290612000000001,9.4148668,9.719768400000001,10.0593994,9.3392505,9.6871673,8.81192058,7.63570518,7.79916618,8.823617080000002,7.4761934,8.603433720000002,8.63448732,7.69420818,7.177850980000001,8.33114716,6.19878756,6.07850296,5.41304422,4.66404442,2.88561594,3.744674740000001,3.123634860000001,3.09635168,2.419746620000001,2.1525292,0.8650420000000001,0.6003868800000001,0.2788491400000001,0.0,0.0,0.0,0.0,0.0,0.0,0.0,0.0,0.0,0.0,0.0,0.0,0.0,0.0,0.0,0.0,0.0
30787>30701,524,524,BDSu,Bond Street,Bond Street // Elizabeth Line // EB,524,BDSu,Bond Street,Bond Street // EntEx,Alight-Exit,4140.107342200001,106.2890653,598.0755162,2359.112195000001,725.8339958,300.43062308,50.36594682,0.0,3.0571661,4.889450699999998,9.9800597,12.6726641,22.4063401,22.9871818,30.2962028,29.21774660000001,34.9341622,29.3027422,34.87731520000001,35.0627916,42.55365399999999,45.874182,55.848946,64.49635119999999,71.50644919999998,74.52039,79.880786,87.57896199999998,88.6413988,90.3492378,97.7315358,103.9810338,106.5626738,111.8125318,117.9959728,124.0671788,124.2952628,121.6517408,117.3872328,112.5026916,103.3747166,96.4013038,91.7902738,89.812241,87.3447282,84.4669432,82.81398300000002,81.72690899999999,80.67485500000001,79.19885500000002,76.949933,76.69861920000001,73.1770364,68.5171084,65.47733240000001,64.58064839999999,61.3483822,58.9875316,56.7743816,53.93467760000001,50.84925280000001,47.91626020000001,47.572765,44.64092,41.0781226,36.178857,32.97971680000001,26.7811674,23.6358432,21.3212442,19.4148864,16.0337312,15.0755594,12.28998394,11.00059094,8.97011928,8.460302160000001,6.444303520000001,6.96679278,5.15056672,4.501422540000001,3.556861060000001,3.11451742,1.45016482,0.91255428,0.66412432,0.1742179200000001,0.0,0.0,0.0,0.0,0.0,0.0,0.0,0.0,0.0,0.0,0.0,0.0,0.0,0.0,0.0,0.0
30787>30714,524,524,BDSu,Bond Street,Bond Street // Elizabeth Line // EB,524,BDSu,Bond Street,Bond Street // Central // EB,Alight-Interchange-Board,707.5768540739999,31.08657514,133.57451246,308.4136964,88.82724356000001,113.70671578,31.96811073400001,0.0,1.41278554,1.46805038,4.03812778,4.18686096,6.94838436,5.689795480000001,7.342570640000003,5.500180600000001,7.01455842,6.04879212,8.26207266,9.79956726,11.2905769,12.1975825,13.7943944,14.8202716,14.223299,14.8867108,15.7365062,15.9220256,16.5669342,16.6614048,18.0079302,17.84256460000001,19.50328540000001,18.4112283,19.0529667,16.6044267,16.5498303,12.3506991,10.5885906,10.2655312,9.532152540000002,8.06573014,10.57459914,10.64746384,8.90250784,10.5758927,9.86061442,7.71913362,9.03961252,8.43926072,6.72931122,8.2370219,7.639427780000001,5.87022338,7.38560438,7.028822280000001,5.586215480000001,7.919566000000001,8.032669199999999,6.620346320000001,8.362748520000002,8.36003926,7.78455906,9.115864660000002,10.56180214,9.96914814,10.5419938,9.7665078,10.000521,9.057834,9.193738000000002,9.316357200000002,9.736771400000002,7.88265812,8.563519520000002,7.316308980000001,7.685058380000001,5.632614928000001,5.163166096,3.165818927600001,2.4740084676,0.3344372548,0.1746101068000001,0.0115136188,0.005286987200000001,0.005286987200000001,0.0,0.0,0.0,0.0,0.0,0.0,0.0,0.0,0.0,0.0,0.0,0.0,0.0,0.0,0.0,0.0,0.0
30787>30715,524,524,BDSu,Bond Street,Bond Street // Elizabeth Line // EB,524,BDSu,Bond Street,Bond Street // Central // WB,Alight-Interchange-Board,111.2571706721464,3.131180741806,24.84926401,53.8294167,16.659765574,9.9821308436,2.80541280274041,0.0,0.04963242800000001,0.04963250836120001,0.1649009083612001,0.3950852483612,0.6073196683612001,0.7749395403611999,1.08967044,1.1182559,1.30626466,1.25782577,1.35905441,1.44555629,1.91513483,2.30551213,2.7982229,2.97291914,3.066433200000001,2.86641766,2.43766712,2.31898388,2.48871778,2.47523622,2.58851484,2.52029782,2.74716392,2.42363354,2.55034434,2.23485036,2.58049952,2.479982,2.48604338,2.28624402,2.73531588,2.33976072,2.02879302,2.08287062,2.06933146,1.67530862,1.90669172,1.77525984,1.75569588,1.61856752,1.6613098,1.49865772,1.72966662,1.58090202,1.57608136,1.57221754,1.45766562,1.25935606,1.2642819,1.24765946,1.15000648,1.19139946,1.131871334,1.142159174,1.132885894,1.097985494,0.946157094,0.8744190200000002,0.90991708,0.7486738700000001,0.6368253500000001,0.57708163,0.74323611,0.4838135188,0.6889766088,0.7567482287999999,0.7264957727999999,0.4638465708,0.475456448,0.204743668,0.076244968,0.060800632188082,0.035487421268082,0.001397275268082001,0.001397275268082001,0.001397275268082001,0.001397267080000001,0.0,0.0,0.0,0.0,0.0,0.0,0.0,0.0,0.0,0.0,0.0,0.0,0.0,0.0,0.0,0.0
30787>30722,524,524,BDSu,Bond Street,Bond Street // Elizabeth Line // EB,524,BDSu,Bond Street,Bond Street // Jubilee // NB,Alight-Interchange-Board,610.86484984,20.29001296,109.82045468,236.98958186,117.99131842,96.92439905999998,28.84908286,0.0,1.212158,1.68149704,2.4211276,2.9717535,4.277277099999999,3.51608308,4.21011664,4.74729668,6.099437979999998,6.1096417,8.47957872,9.61547412,11.40004992,11.36205672,12.2981194,11.307284,10.501033,8.779764920000002,9.12071752,8.81773012,9.76454372,9.89802792,10.825611,10.5888448,11.2272614,9.62686306,9.99424886,9.39067866,9.37513026,8.345728999999999,9.32026474,9.06452394,9.44063774,9.057885140000002,9.7598506,8.92584754,9.81306194,9.88827114,10.88470754,10.23531014,11.1744976,10.7871743,10.7828807,9.61197182,9.82870342,9.10709734,9.32430824,8.793942920000001,9.6005378,9.493541,10.25275088,10.03985208,10.8252636,10.09936226,11.01398706,10.40771446,10.18059406,9.36687072,9.73685606,8.25084066,8.57521206,7.533288259999999,7.392058199999999,6.758069399999999,7.093660499999999,5.51016348,6.1190712,5.6514228,5.291458400000001,4.05872492,4.31669492,3.07090636,2.290142168,1.614180768,1.362592948,0.6762163680000001,0.339792008,0.1769512,0.0,0.0,0.0,0.0,0.0,0.0,0.0,0.0,0.0,0.0,0.0,0.0,0.0,0.0,0.0,0.0,0.0
30787>30723,524,524,BDSu,Bond Street,Bond Street // Elizabeth Line // EB,524,BDSu,Bond Street,Bond Street // Jubilee // SB,Alight-Interchange-Board,2925.400835400001,82.1555056,418.4127998,1434.1463466,555.0280158,330.7920283999999,104.8661392,0.0,3.348889600000001,5.517017600000001,9.6566504,12.1563186,17.067829,15.5888062,18.8199942,17.5155444,23.9768842,23.47075520000001,30.3108664,33.2352464,39.5915274,36.7791622,42.20369720000001,41.8590852,41.39766420000001,41.7847202,46.28764680000001,48.0240008,54.2346748,61.58222380000001,67.4350468,75.28118939999997,82.535545,81.83771100000001,84.54764300000002,83.76850479999999,78.30598680000001,70.29091340000001,67.3614828,60.30465780000001,57.03550440000001,50.56380300000001,50.53962400000001,49.3750558,47.99026120000001,44.15771980000001,46.02094220000001,42.6370638,42.98242260000001,43.3191758,44.01519380000001,43.87501520000001,46.248704,44.64239700000001,43.966911,44.74501380000001,47.86096340000001,49.05355880000001,50.383315,49.7413734,48.9707572,44.378458,41.161549,36.9533614,35.3737102,32.590668,31.8115664,28.7785514,28.817974,26.7995812,25.3767202,23.3844144,23.0040468,19.1195216,18.7819128,16.8843994,17.1296178,14.3527837,14.2759037,11.2418689,9.854637840000002,6.70713544,5.711544980000001,3.988699980000001,2.46092558,1.69755864,0.5610632400000001,0.0,0.0,0.0,0.0,0.0,0.0,0.0,0.0,0.0,0.0,0.0,0.0,0.0,0.0,0.0,0.0
30787>30788,524,524,BDSu,Bond Street,Bond Street // Elizabeth Line // EB,524,BDSu,Bond Street,Bond Street // Elizabeth Line // WB,Alight-Interchange-Board,0.0,0.0,0.0,0.0,0.0,0.0,0.0,0.0,0.0,0.0,0.0,0.0,0.0,0.0,0.0,0.0,0.0,0.0,0.0,0.0,0.0,0.0,0.0,0.0,0.0,0.0,0.0,0.0,0.0,0.0,0.0,0.0,0.0,0.0,0.0,0.0,0.0,0.0,0.0,0.0,0.0,0.0,0.0,0.0,0.0,0.0,0.0,0.0,0.0,0.0,0.0,0.0,0.0,0.0,0.0,0.0,0.0,0.0,0.0,0.0,0.0,0.0,0.0,0.0,0.0,0.0,0.0,0.0,0.0,0.0,0.0,0.0,0.0,0.0,0.0,0.0,0.0,0.0,0.0,0.0,0.0,0.0,0.0,0.0,0.0,0.0,0.0,0.0,0.0,0.0,0.0,0.0,0.0,0.0,0.0,0.0,0.0,0.0,0.0,0.0,0.0,0.0,0.0
30788>30510,524,524,BDSu,Bond Street,Bond Street // Elizabeth Line // WB,669,OXCu,Oxford Circus,Oxford Circus // Bakerloo // NB,Alight-Exit-Interchange-Enter-Board,4.357430376914101,0.56691391624,1.73428089796,1.2749281251,0.532908911948,0.0214732230924,0.2269253025737,0.0,0.0,0.018038338,0.105017454,0.1089849984,0.1170414498,0.1178002314,0.10003144464,0.01598358564,0.09212989324,0.08407344184,0.11112627424,0.1128046532,0.1135119588,0.0333981068,0.2117962148,0.1918007218,0.2393302476,0.242694673,0.285631127,0.113203575,0.1145231026,0.0650456466,0.07344202059999999,0.041527241,0.04770173640000001,0.0385660878,0.0491031218,0.0337037598,0.0336813054,0.03651293279999999,0.0380442781,0.0409003621,0.0562187021,0.0572142717,0.0508384657,0.0493071204,0.0413322284,0.0260138884,0.0277629988,0.03790322,0.04588174120000001,0.06322934720000001,0.0932709712,0.07952707120000001,0.0697645092,0.061785988,0.03926869031999999,0.00922706632,0.06077909432,0.05180056232000001,0.05191612698,0.05166759266,0.051736651276,0.000184623276,0.005250936076,0.005135371416,0.005196472079999999,0.005127413464,0.00517415761,0.000126811942,0.00016463994,0.000103539276,0.000133321074,9.33934096e-05,9.791962560000002e-05,6.00916276e-05,6.00916276e-05,0.0366149638296,0.04229095354800001,0.0422674602,0.0422674602,0.0422674602,0.0087895582,0.003106752,0.00310683967922,0.00310683967922,0.00310683967922,8.767922e-08,8.767922e-08,0.0,0.0,0.0,0.0,0.0,0.0,0.0,0.0,0.0,0.0,0.0,0.0,0.0,0.0,0.0,0.0
30788>30511,524,524,BDSu,Bond Street,Bond Street // Elizabeth Line // WB,669,OXCu,Oxford Circus,Oxford Circus // Bakerloo // SB,Alight-Exit-Interchange-Enter-Board,87.42944086122468,2.1441584655,10.658751456,37.93339874,19.690454148,12.185665702,4.8170123497247,0.0,0.0010203883,0.05235546830000001,0.0919915643,0.2202272443,0.3855930123,0.6435648039999999,0.749405984,0.984231988,1.060995728,0.990612072,0.8088543120000001,0.795234452,0.6593224320000001,0.569770462,0.72296311,0.9016144900000002,0.9226763800000002,0.94161986,1.30085617,1.34404599,1.37481047,1.47568564,1.57844022,1.41793912,1.45169182,1.45750054,1.42238494,1.42519618,1.57423202,1.5861543,1.8243966,1.80970552,1.94787866,1.70988966,1.824818,1.56344004,1.674836500000001,1.40101956,1.4343797,1.31937646,1.72094736,1.67766084,1.9169686,1.9449914,2.47427124,1.955080692,1.913211772,1.796736372,1.756943832,1.238368932,1.38835392,1.307703306,1.378629166,1.331601938,1.204561578,1.091429818,1.105211192,1.013375292,1.2243508,1.074839992,1.033713772,1.191670872,1.105372132,0.8074612520000001,0.8378040400000002,0.7786242000000002,0.92181234,0.98801694,0.9724797,0.8710195382238001,0.8205344622238001,0.4132563762238001,0.2159526946238,0.1597688226238,0.15976808772114,0.12200230372114,0.05307658972114,0.04113651132114,3.2332114e-07,0.0,0.0,0.0,0.0,0.0,0.0,0.0,0.0,0.0,0.0,0.0,0.0,0.0,0.0,0.0,0.0
30788>30514,524,524,BDSu,Bond Street,Bond Street // Elizabeth Line // WB,669,OXCu,Oxford Circus,Oxford Circus // Central // EB,Alight-Exit-Interchange-Enter-Board,0.0,0.0,0.0,0.0,0.0,0.0,0.0,0.0,0.0,0.0,0.0,0.0,0.0,0.0,0.0,0.0,0.0,0.0,0.0,0.0,0.0,0.0,0.0,0.0,0.0,0.0,0.0,0.0,0.0,0.0,0.0,0.0,0.0,0.0,0.0,0.0,0.0,0.0,0.0,0.0,0.0,0.0,0.0,0.0,0.0,0.0,0.0,0.0,0.0,0.0,0.0,0.0,0.0,0.0,0.0,0.0,0.0,0.0,0.0,0.0,0.0,0.0,0.0,0.0,0.0,0.0,0.0,0.0,0.0,0.0,0.0,0.0,0.0,0.0,0.0,0.0,0.0,0.0,0.0,0.0,0.0,0.0,0.0,0.0,0.0,0.0,0.0,0.0,0.0,0.0,0.0,0.0,0.0,0.0,0.0,0.0,0.0,0.0,0.0,0.0,0.0,0.0,0.0
30788>30515,524,524,BDSu,Bond Street,Bond Street // Elizabeth Line // WB,669,OXCu,Oxford Circus,Oxford Circus // Central // WB,Alight-Exit-Interchange-Enter-Board,0.0,0.0,0.0,0.0,0.0,0.0,0.0,0.0,0.0,0.0,0.0,0.0,0.0,0.0,0.0,0.0,0.0,0.0,0.0,0.0,0.0,0.0,0.0,0.0,0.0,0.0,0.0,0.0,0.0,0.0,0.0,0.0,0.0,0.0,0.0,0.0,0.0,0.0,0.0,0.0,0.0,0.0,0.0,0.0,0.0,0.0,0.0,0.0,0.0,0.0,0.0,0.0,0.0,0.0,0.0,0.0,0.0,0.0,0.0,0.0,0.0,0.0,0.0,0.0,0.0,0.0,0.0,0.0,0.0,0.0,0.0,0.0,0.0,0.0,0.0,0.0,0.0,0.0,0.0,0.0,0.0,0.0,0.0,0.0,0.0,0.0,0.0,0.0,0.0,0.0,0.0,0.0,0.0,0.0,0.0,0.0,0.0,0.0,0.0,0.0,0.0,0.0,0.0
30788>30532,524,524,BDSu,Bond Street,Bond Street // Elizabeth Line // WB,669,OXCu,Oxford Circus,Oxford Circus // Victoria // NB,Alight-Exit-Interchange-Enter-Board,102.95948645,4.191095150000001,10.155405364,40.41907099599999,22.331285636,11.159143594,14.70348571,0.0,0.2794199000000001,0.3855719100000001,0.5258258100000001,0.6298776100000001,0.7816505900000001,0.7712045900000001,0.81754474,0.797400326,0.8558430780000001,0.8322599240000002,0.8259208440000001,0.8535464040000001,0.7969033580000001,0.7244320320000002,0.954496486,0.8396787540000001,0.7812451680000001,0.8730436080000001,1.020635382,0.7586836480000001,1.19268572,1.341648686,1.320892486,1.252042566,1.55662722,1.140769934,1.318999554,1.472605154,1.887611534,1.810993274,2.12390528,1.99424376,2.28961668,1.88987014,1.77760482,1.84873904,2.07395038,1.76658126,1.9159522,1.97681108,1.88113628,1.75432788,2.07277242,2.1648594,2.31664742,2.1660272,2.248996340000001,1.95288658,1.97598648,1.75439968,1.85399346,1.6024941,1.64739954,1.335639894,1.311955542,1.042246442,0.8880885620000001,0.668159162,0.8343477880000001,0.7530444240000002,1.033935364,1.153033124,1.155855764,0.915037564,1.02930018,0.86386656,0.82222866,0.84688364,1.21085984,1.31451058,1.6118806,1.77984918,2.13463156,1.857280572,1.651654692,1.116487322,0.776128842,0.270439942,0.12162121,0.01125773,0.0,0.0,0.0,0.0,0.0,0.0,0.0,0.0,0.0,0.0,0.0,0.0,0.0,0.0,0.0
30788>30533,524,524,BDSu,Bond Street,Bond Street // Elizabeth Line // WB,669,OXCu,Oxford Circus,Oxford Circus // Victoria // SB,Alight-Exit-Interchange-Enter-Board,342.838675,30.27679034,67.25657876,104.23249824,59.62867636000001,53.53509544,27.90903586,0.0,0.9074196800000002,1.94160518,3.80093158,4.91983878,5.98442818,6.364775620000001,6.35779132,5.58386826,6.93233906,6.961497560000002,7.053871880000001,7.049138200000002,6.84551854,5.20951854,5.16634364,4.45043064,4.12101192,3.84204936,4.040991160000001,3.605101400000001,3.616790100000001,4.43739296,5.008231360000001,4.798786160000001,5.426799580000001,5.75349064,5.1769843,4.89709986,4.702838160000002,4.4149763,4.67875156,4.564018040000001,4.13167076,4.19319896,4.06593432,3.62183614,3.34099958,3.558112240000001,3.676540040000001,3.8856728,3.89131712,4.20014662,4.585809240000001,4.62807228,4.210500300000001,4.28300776,4.296117020000001,4.35600654,4.5416588,5.068732460000001,5.4950276,5.756097200000001,5.782716000000002,5.691257300000001,5.5194831,5.0456219,4.710463900000001,4.42044596,4.39103874,4.69923174,4.49276374,4.353658340000001,4.47712728,4.268837700000002,4.06155458,4.26713484,4.34721672,3.78764532,3.56475672,2.908995280000001,2.54290436,2.41185196,2.28518098,2.43292162,2.28593024,2.10259142,1.50324174,1.20532172,0.57514098,0.30255352,0.0,0.0,0.0,0.0,0.0,0.0,0.0,0.0,0.0,0.0,0.0,0.0,0.0,0.0,0.0
30788>30701,524,524,BDSu,Bond Street,Bond Street // Elizabeth Line // WB,524,BDSu,Bond Street,Bond Street // EntEx,Alight-Exit,15698.940833,476.79343,2328.002906,8965.63924,2757.353570000001,946.5095396000003,224.6421474,0.0,8.2138588,17.7073884,33.8249192,60.40273320000001,92.59058320000001,118.2295104,145.8244368,167.379382,179.28493,177.44986,178.147642,175.264798,176.547402,172.924462,187.754738,199.89803,218.535204,234.24661,260.569848,282.567242,312.414722,331.140564,351.628594,368.646302,393.7292180000001,396.794562,414.319874,423.2419880000002,441.2725100000001,426.0351380000001,435.1961480000001,419.9864280000001,415.61871,387.2447480000001,386.389848,368.054994,367.8764860000001,347.598654,348.397398,340.9900980000001,348.3347580000001,331.7489460000001,326.41131,306.232998,294.200404,260.3218,248.452354,237.381426,234.495156,213.552682,212.597266,203.146284,199.070154,179.662584,168.240462,147.406656,130.822752,108.9165,98.797071,87.35888299999999,75.934549,65.153667,57.47352360000001,49.19181260000001,45.0748026,41.2480206,39.13130220000001,34.8296336,32.1005768,27.3125698,25.1022014,22.0227096,19.6756224,16.8816976,14.8842116,11.8934484,8.654972599999999,5.943737800000001,3.6833394,1.6574264,0.0,0.0,0.0,0.0,0.0,0.0,0.0,0.0,0.0,0.0,0.0,0.0,0.0,0.0,0.0
30788>30714,524,524,BDSu,Bond Street,Bond Street // Elizabeth Line // WB,524,BDSu,Bond Street,Bond Street // Central // EB,Alight-Interchange-Board,2.9792722965,1.0094447588,0.6354444497,1.03101757,0.0168789264,0.004219731599999999,0.28226686,0.0,0.0,0.179871392,0.193332562,0.2040280492,0.2040280492,0.2040280492,0.0241566572,0.0106954872,0.0049309108,0.0049309108,0.0049309108,0.0526352528,0.0545083405,0.04957742969999999,0.09541101769999999,0.09541101769999999,0.04770667570000001,0.107353248,0.107353248,0.06151966,0.164175834,0.164175834,0.102656174,0.169291718,0.169291718,0.066635544,0.066635544,0.066635544,0.0,0.0,0.0,0.0,0.0,0.0,0.0,0.0,0.0,0.0,0.0,0.0,0.0,0.0,0.0,0.0,0.0,0.0,0.0,0.0,0.0,0.0,0.0,0.004219731599999999,0.004219731599999999,0.004219731599999999,0.004219731599999999,0.004219731599999999,0.0,0.0,0.0,0.0,0.0,0.0,0.0,0.0,0.0,0.0,0.0,0.0,0.0,0.0,0.0,0.0,0.0,0.0,0.0,0.056453372,0.056453372,0.056453372,0.056453372,0.056453372,0.0,0.0,0.0,0.0,0.0,0.0,0.0,0.0,0.0,0.0,0.0,0.0,0.0,0.0,0.0
30788>30715,524,524,BDSu,Bond Street,Bond Street // Elizabeth Line // WB,524,BDSu,Bond Street,Bond Street // Central // WB,Alight-Interchange-Board,123.289476,0.0,0.0,80.7382552,42.5512208,0.0,0.0,0.0,0.0,0.0,0.0,0.0,0.0,0.0,0.0,0.0,0.0,0.0,0.0,0.0,0.0,0.0,0.0,0.0,0.0,0.0,0.0,0.0,0.0,0.0,0.0,0.0,0.0,0.0,0.0,3.924736400000001,3.924736400000001,3.924736400000001,8.095869,8.095869,4.1711326,7.031117999999998,7.031117999999998,2.8599854,5.325207,5.325207,2.4652216,5.1515496,5.1515496,2.686328,5.5738912,5.5738912,2.8875632,5.425687,5.425687,2.5381238,5.662928,5.662928,3.1248042,3.1248042,3.1248042,0.0,0.0,0.0,0.0,0.0,0.0,0.0,0.0,0.0,0.0,0.0,0.0,0.0,0.0,0.0,0.0,0.0,0.0,0.0,0.0,0.0,0.0,0.0,0.0,0.0,0.0,0.0,0.0,0.0,0.0,0.0,0.0,0.0,0.0,0.0,0.0,0.0,0.0,0.0,0.0,0.0,0.0
30788>30722,524,524,BDSu,Bond Street,Bond Street // Elizabeth Line // WB,524,BDSu,Bond Street,Bond Street // Jubilee // NB,Alight-Interchange-Board,1813.2997302,113.208213,347.8015684000001,611.4052158000001,303.0428954,301.9649092,135.8769284,0.0,5.204988,7.7921648,12.2566458,18.2003206,22.071251,22.7310408,24.951802,26.199875,26.8415694,28.73190180000001,30.1304014,30.4869898,30.1201578,29.4061322,30.5896318,29.6314356,28.9925892,28.4730986,28.19778580000001,26.98289400000001,24.7863802,25.9604502,26.9351312,25.27012120000001,24.6336736,25.7187388,24.8922496,24.73253780000001,26.07785220000001,26.0071094,25.978908,25.6805236,24.8439194,24.0752544,24.95891820000001,24.393257,25.096403,24.784271,25.820567,25.1783958,26.188721,25.7052302,26.703709,25.6999568,25.1345858,23.3864036,23.4224358,22.4498134,24.47415740000001,25.0074502,26.52901260000001,27.10175240000001,28.5779436,26.1006636,25.1587202,25.64354740000001,26.354088,26.4103446,28.4088034,28.8113062,27.4956556,25.85093220000001,24.9980946,23.2109108,22.9001678,22.0071604,19.8738982,18.0174666,16.9091118,14.6079172,14.192272,14.888734,13.8469403,11.8656703,10.99148304,8.64202364,5.60970304,3.30999734,2.10106914,0.89454,0.0,0.0,0.0,0.0,0.0,0.0,0.0,0.0,0.0,0.0,0.0,0.0,0.0,0.0,0.0
30788>30723,524,524,BDSu,Bond Street,Bond Street // Elizabeth Line // WB,524,BDSu,Bond Street,Bond Street // Jubilee // SB,Alight-Interchange-Board,476.7440198199999,37.15020749999999,142.86180428,198.27602644,58.35704210000001,28.688222348,11.410717152,0.0,0.16533334,0.99125714,3.18989674,4.18572334,7.10273954,10.0786952,11.4365622,11.4027868,12.6057648,11.9293552,11.1450038,12.0222554,11.799598,13.3120258,13.1119198,13.160826,11.7658958,11.18969794,9.41667494,9.95365294,9.85647994,10.89810674,11.980188,12.6870436,12.3958556,11.9407372,10.78675168,10.00999268,8.54350796,7.34822382,6.84039458,6.744108500000001,6.47924884,6.74471048,7.01262582,6.88830436,6.722994600000002,6.253888120000001,6.148473400000001,5.9265858,5.49972626,5.21635182,5.3980737,4.7827061,4.49168402,4.765750860000002,4.655920060000001,4.3244148,4.842520260000001,5.07191214,5.07482314,5.3640344,5.46820312,5.097621460000001,4.417451740000002,4.02247732,3.21090388,2.6342218,2.1438446,2.33022358,2.22909204,2.31088882,2.27321728,2.10289024,1.97800492,1.86308774,1.589370128,1.419946662,1.385403962,1.347700822,1.156881202,1.200324814,1.19192032,1.09411918,0.742457952,0.661190982,0.433077982,0.333509162,0.255773842,0.18841027,0.0,0.0,0.0,0.0,0.0,0.0,0.0,0.0,0.0,0.0,0.0,0.0,0.0,0.0,0.0
30788>30787,524,524,BDSu,Bond Street,Bond Street // Elizabeth Line // WB,524,BDSu,Bond Street,Bond Street // Elizabeth Line // EB,Alight-Interchange-Board,0.0,0.0,0.0,0.0,0.0,0.0,0.0,0.0,0.0,0.0,0.0,0.0,0.0,0.0,0.0,0.0,0.0,0.0,0.0,0.0,0.0,0.0,0.0,0.0,0.0,0.0,0.0,0.0,0.0,0.0,0.0,0.0,0.0,0.0,0.0,0.0,0.0,0.0,0.0,0.0,0.0,0.0,0.0,0.0,0.0,0.0,0.0,0.0,0.0,0.0,0.0,0.0,0.0,0.0,0.0,0.0,0.0,0.0,0.0,0.0,0.0,0.0,0.0,0.0,0.0,0.0,0.0,0.0,0.0,0.0,0.0,0.0,0.0,0.0,0.0,0.0,0.0,0.0,0.0,0.0,0.0,0.0,0.0,0.0,0.0,0.0,0.0,0.0,0.0,0.0,0.0,0.0,0.0,0.0,0.0,0.0,0.0,0.0,0.0,0.0,0.0,0.0,0.0
