Station,Direction,Day,Total,0500-0515,0515-0530,0530-0545,0545-0600,0600-0615,0615-0630,0630-0645,0645-0700,0700-0715,0715-0730,0730-0745,0745-0800,0800-0815,0815-0830,0830-0845,0845-0900,0900-0915,0915-0930,0930-0945,0945-1000,1000-1015,1015-1030,1030-1045,1045-1100,1100-1115,1115-1130,1130-1145,1145-1200,1200-1215,1215-1230,1230-1245,1245-1300,1300-1315,1315-1330,1330-1345,1345-1400,1400-1415,1415-1430,1430-1445,1445-1500,1500-1515,1515-1530,1530-1545,1545-1600,1600-1615,1615-1630,1630-1645,1645-1700,1700-1715,1715-1730,1730-1745,1745-1800,1800-1815,1815-1830,1830-1845,1845-1900,1900-1915,1915-1930,1930-1945,1945-2000,2000-2015,2015-2030,2030-2045,2045-2100,2100-2115,2115-2130,2130-2145,2145-2200,2200-2215,2215-2230,2230-2245,2245-2300,2300-2315,2315-2330,2330-2345,2345-0000,0000-0015,0015-0030,0030-0045,0045-0100,0100-0115,0115-0130,0130-0145,0145-0200,0200-0215,0215-0230,0230-0245,0245-0300,0300-0315,0315-0330,0330-0345,0345-0400,0400-0415,0415-0430,0430-0445,0445-0500
Baker Street,NB,MON,7309.359413499999,0.7147599200000001,1.1699287,3.6240067000000002,6.5224203,10.2059695,13.55379358,19.7089336,25.9662348,43.01797320000001,61.788424000000006,86.167624,103.20667519999999,116.5139972,108.32615600000001,99.45971800000001,79.4050952,65.89535160000001,54.76147099999999,53.3138598,48.0331886,48.85934,46.731353000000006,44.979572999999995,43.7907646,45.2516578,46.3564352,49.34640039999999,51.64605780000001,54.39953060000001,57.26172260000001,60.44376260000001,62.59826999999999,65.86184,68.6985,70.180622,72.538979,77.262139,85.725269,95.447553,108.087095,119.312922,132.11001399999998,146.69721,155.890878,179.125746,188.373766,202.292572,200.852586,213.514802,203.690972,215.00796000000003,210.627332,224.26853200000005,217.31208800000005,214.128308,196.00187800000003,180.818754,156.804034,141.235181,127.331027,119.43523300000001,112.16296499999999,104.178119,99.495546,93.819981,88.0264722,86.88270220000003,88.7555022,89.8004122,83.30642519999998,81.344998,78.92114000000002,70.325294,59.37908540000001,53.222162,44.24471360000001,32.137352,20.912156,11.7271326,6.978864,2.0841504,0.0,0.0,0.0,0.0,0.0,0.0,0.0,0.0,0.0,0.0,0.0,0.0,0.0,0.0,0.0
Bermondsey,NB,MON,6257.3863755600005,6.091088139999999,10.88330954,19.69460034,31.76990714,47.202766,56.97286700000001,80.3278056,99.81967480000002,129.68228800000003,147.01131200000003,182.39256,202.866652,238.222696,232.724226,237.23142400000003,217.857216,202.06213,158.54072499999995,141.486513,120.86417900000001,106.6492442,88.86910019999998,83.20947199999998,77.65927880000002,73.8114928,69.82478359999999,67.88684959999999,66.5533588,65.969669,63.922589,63.08450100000001,62.585783,62.2318554,60.78955800000001,61.51971680000001,61.906977399999995,62.75182940000001,63.48611500000001,64.97634740000001,67.0696114,71.87425479999999,75.9846988,84.1357568,87.6255858,97.498929,99.051467,108.38028500000001,109.84710700000001,119.1684,117.70468000000001,124.861498,117.655824,115.86599199999999,106.2463652,99.1804462,88.3371072,79.14784460000001,66.9161476,58.78751379999999,50.919878800000006,43.92106440000001,39.06399,36.5925536,34.6183234,32.38445540000001,29.64046680000001,29.722991000000004,27.6854004,25.914011,23.1611316,20.692151000000006,18.4226884,16.3563714,12.2466636,10.465543199999999,8.4672768,5.012742200000001,2.4666972,1.9598732,0.940127,0.0,0.0,0.0,0.0,0.0,0.0,0.0,0.0,0.0,0.0,0.0,0.0,0.0,0.0,0.0,0.0
Bond Street,NB,MON,16460.43073827,0.061063534,1.204234454,8.779851654,18.507442654000002,34.342049654,50.29362812,74.90582119999998,90.43567000000002,116.621679,130.21066000000002,149.256996,157.400586,175.232672,164.08721599999998,155.27155000000005,138.878468,125.23131920000002,99.6624792,91.634272,87.368572,86.8716732,84.03458599999998,87.011992,89.18099840000001,93.8722444,95.0794084,98.0061984,101.7229512,108.915122,112.79558999999999,119.7722548,126.71560079999999,134.84707,139.17561,147.408742,157.868032,169.40505000000005,176.273942,187.422172,205.56319,229.90552999999997,243.063712,275.61832000000004,315.956996,352.963654,383.415808,435.21994600000005,476.23308600000007,528.3993260000002,551.6886220000001,595.1372240000002,607.10888,628.29672,593.065306,555.3697980000001,500.82170599999995,451.56957800000004,379.36541800000003,345.287098,330.01779799999997,303.275308,283.07566,278.53177000000005,258.76638399999996,243.261556,229.38740800000005,228.43937800000003,219.853544,216.05803999999998,202.806032,184.766518,158.65778799999998,128.905051,100.960719,78.53318900000002,63.98879839999999,48.04780960000001,31.315610600000007,18.047766600000006,10.6129006,3.3063232000000005,0.0,0.0,0.0,0.0,0.0,0.0,0.0,0.0,0.0,0.0,0.0,0.0,0.0,0.0,0.0
Canada Water,NB,MON,19704.511705439996,9.25448016,22.03083976,50.13755376,91.74756376,142.79862119999999,188.96552760000003,252.83056800000003,323.297566,390.179276,462.44803200000007,558.484578,637.0982980000001,696.9602540000002,697.8850140000002,691.8155440000003,634.8702620000001,568.8243460000001,490.9303220000001,439.696962,381.2079920000001,344.6604220000001,305.61556400000006,275.121534,268.828666,259.09348400000005,246.0597,243.08182600000004,242.70957600000003,241.024566,239.832642,242.67525200000003,243.175468,238.521372,234.99079,229.083504,225.46509,224.89088399999997,223.126866,224.071512,236.93274,248.333934,255.27223199999997,274.691776,286.80363,303.3093140000001,308.741534,330.1984260000001,342.5554400000001,371.08368600000006,371.871966,388.915466,377.04362200000014,369.054074,326.7137380000001,300.528224,263.48566400000004,235.867366,197.770082,175.46681999999996,152.39573800000005,131.86093799999998,112.66126799999999,99.22440999999999,91.37875,83.426458,74.8566548,70.94671559999999,68.96558359999999,64.0410756,57.8282828,55.081039200000006,50.06602,41.75331140000001,34.1018034,27.532610100000003,19.33783664,11.44493504,6.2286576400000015,3.0345256400000014,0.21303974,0.0,0.0,0.0,0.0,0.0,0.0,0.0,0.0,0.0,0.0,0.0,0.0,0.0,0.0,0.0,0.0
Canary Wharf,NB,MON,34529.832091600016,13.0042802,26.5223202,36.7971706,59.980748600000005,81.16438120000001,103.90477839999998,131.17923439999998,173.941384,207.72959000000003,250.96598999999998,306.97683600000005,384.944606,448.97526600000003,496.448002,504.31449800000007,502.71317999999997,443.344354,381.951102,329.223696,304.357822,275.13367,264.723926,258.179654,259.5773,260.174772,259.167582,263.12372200000004,273.32270000000005,277.270934,272.393408,273.10886800000003,277.100158,274.30095800000004,270.02929000000006,278.60202000000004,290.94301800000005,302.990362,313.586198,346.4446220000001,371.8921,400.280546,430.465142,496.37268,547.905462,639.5869620000002,733.219012,946.121646,1134.276258,1356.594626,1499.5910600000002,1658.6046,1630.5639800000001,1597.4222,1446.81456,1348.01652,1160.61986,1037.66244,852.3629260000001,742.5221799999999,597.7452000000002,503.71932,395.66119200000014,344.6138660000001,289.380044,251.589258,224.62103,214.4354620000001,193.52831200000003,170.78935600000003,159.778128,147.152456,124.507136,108.644463,93.1644516,74.91544959999997,54.2883412,34.1116972,19.1822402,13.5825156,4.9150116,0.0,0.0,0.0,0.0,0.0,0.0,0.0,0.0,0.0,0.0,0.0,0.0,0.0,0.0,0.0,0.0
Canning Town,NB,MON,25866.245497200005,53.206799399999994,100.0565894,182.6058574,280.6143714,369.075532,451.726258,534.9506980000001,597.864382,602.6985559999999,644.9062960000001,665.6145900000001,715.1896880000003,713.4352680000002,763.912734,754.1083140000002,731.1510139999999,637.7975120000001,579.400466,495.645918,437.98429400000003,387.220214,352.474688,332.44735799999995,329.651436,315.1463760000001,307.636156,324.90120600000006,314.185806,309.5201560000001,302.438216,304.81637600000005,291.8644960000001,305.1060480000001,299.105454,318.753758,311.336234,322.75090400000005,300.5516760000001,338.454406,327.359226,341.318034,364.748922,393.16059600000006,397.46618600000005,422.99749199999997,447.98858,450.899638,484.14684400000004,481.10964400000006,498.467118,487.2434,474.50499400000007,431.012434,397.730454,338.912258,296.57656800000007,263.896348,233.504788,200.777608,186.553528,169.568152,151.192972,141.022376,135.889072,125.8538768,113.58914879999999,100.5112208,94.3029588,83.79562879999999,75.5487432,71.0672212,65.413566,58.571748,52.98276700000001,46.01524920000001,35.36422992000001,24.26953312,14.104369120000005,6.0685841200000015,0.4333187200000001,0.0,0.0,0.0,0.0,0.0,0.0,0.0,0.0,0.0,0.0,0.0,0.0,0.0,0.0,0.0,0.0
Canons Park,NB,MON,67.03674978300002,0.005692522200000001,0.005692522200000001,0.1024906422,0.27362952220000003,0.3350716582000001,0.7212557359999999,1.326208396,1.450447776,1.773147736,2.1356558000000003,2.30936352,2.8804074600000007,3.1413126200000003,2.8284516600000003,2.54540486,2.3072951200000005,1.25529656,0.7878458359999999,0.67229381,0.617968922,0.37431835,0.34472555,0.5138263940000001,0.67691204,0.762547548,0.807668534,0.7913809260000001,0.8109690460000001,0.777911536,0.6983106459999999,0.664845582,0.6772292459999999,0.56294812,0.508747542,0.552570004,0.6817359340000001,0.872661398,1.1634009840000001,1.259448812,1.30171178,1.23567896,1.18272422,0.986142072,0.90212214,1.06588422,1.03733884,1.02942542,0.917148288,0.99519278,0.8435392920000001,0.925684412,0.891715684,0.9014669740000001,0.9163567340000001,0.8579529619999999,0.8832743820000001,0.82231549,1.06307804,0.87094231,0.8268698659999999,0.741758646,0.7511016560000001,0.429807736,0.4750652580000001,0.42335654,0.36971692,0.259127508,0.32420992000000004,0.224872568,0.29057631,0.28338039800000003,0.30542855399999996,0.2522555084,0.2522555084,0.14992954840000006,0.05834210040000001,0.0119093664,0.0,0.0,0.0,0.0,0.0,0.0,0.0,0.0,0.0,0.0,0.0,0.0,0.0,0.0,0.0,0.0,0.0,0.0,0.0
Dollis Hill,NB,MON,1138.4667201500001,0.0,0.34035948,1.9336293999999998,3.3961674,4.881919,8.2400542,10.83883832,14.769113,22.548000400000006,26.5676848,36.0677396,43.0922534,45.36384820000001,38.62945799999999,36.779046799999996,26.600605600000005,19.8853326,14.728259,15.120908199999999,13.7252434,14.4401464,13.469533199999999,12.737972599999999,12.234527600000002,12.3200106,10.878801,10.6947918,10.7525015,10.3768949,10.2684849,9.82744304,10.62495984,11.13321494,11.20835984,11.793288840000002,13.2436451,13.7173267,14.272661900000001,16.188075400000002,15.946364,16.608012000000002,16.883499200000006,18.3804292,19.135757199999997,22.9138906,23.619968000000004,27.608010800000002,28.2407708,29.904953000000006,28.8780044,28.967489,26.274514600000003,25.353465000000003,23.6404782,21.3498824,19.494227600000002,16.374703,14.3092508,11.095182199999998,9.481881199999998,7.8824513,7.36274344,6.38765564,6.00789432,5.46070778,5.30372516,5.03452092,4.83267526,4.59763268,4.24734396,3.88692612,3.2218571000000003,2.68599524,2.47009034,2.69621492,2.42918516,2.18343214,1.81190155,1.13896435,0.3833764300000001,0.20292475000000004,0.08666749000000001,0.0,0.0,0.0,0.0,0.0,0.0,0.0,0.0,0.0,0.0,0.0,0.0,0.0,0.0
Finchley Road,NB,MON,5145.383942999997,0.0,0.7189726400000002,1.80958792,2.48368832,5.090643120000001,9.47239352,14.68197588,23.6696626,36.77802020000001,50.33086540000001,63.85282700000001,74.142844,78.10072000000002,74.65231800000002,68.40814759999999,59.05379020000001,47.49803620000001,40.38960700000001,35.761691,32.504128800000004,29.511440800000006,30.080850599999998,28.7630994,30.0992248,29.903830600000003,31.575253999999997,33.8033822,37.648018,39.7311356,42.17930240000001,44.55951640000001,47.74120300000001,49.0567402,50.2247646,51.7393246,53.64209,54.9233934,57.454100800000006,61.8241414,59.8424746,66.6520352,74.2293892,85.3504652,102.0119052,115.262778,128.99856200000002,144.42158600000005,155.68110400000003,168.82651600000003,182.972974,194.556296,195.73789800000003,195.195904,186.09195,184.763186,166.33047000000005,151.94043480000002,130.30430760000002,112.0441156,92.8303816,80.26538200000002,69.6466,66.3760132,59.97904200000001,53.67887200000001,51.11023960000001,48.2179658,46.9110372,43.45803640000001,41.40688540000001,36.1969346,32.3046576,26.509319800000004,21.5529174,15.7293837,12.391361300000002,8.77325802,5.85710168,3.55732208,2.43361078,0.90819598,0.21434126,0.0,0.0,0.0,0.0,0.0,0.0,0.0,0.0,0.0,0.0,0.0,0.0,0.0,0.0
Green Park,NB,MON,16743.766859000003,1.9929628,6.0345108000000005,16.6529892,39.2289132,61.629801199999996,77.9366964,104.6364684,131.407516,156.605758,179.514386,217.74558199999998,253.32553199999998,285.31037799999996,286.683666,281.10807000000005,261.25781600000005,226.766014,186.76913800000003,165.85326000000003,152.10693999999998,141.918138,135.68717600000002,127.94025,126.735542,130.07554,130.431628,133.136726,141.44909199999998,146.52574600000003,146.156082,146.716758,152.402834,160.78999199999998,159.88980200000003,158.89051600000005,166.16513799999998,172.284628,169.76832800000003,182.628848,205.00239600000003,218.86206400000003,237.74284800000004,266.41517400000004,310.57850200000007,339.34951,387.742598,421.48264400000005,468.529752,504.49781200000007,524.3872160000002,542.8808960000001,550.5184800000002,545.814744,510.377438,477.16477000000003,422.431478,368.778234,303.310082,255.9002,228.08723999999998,202.480326,189.80627200000004,180.49591999999998,177.31050800000003,173.38333200000002,167.87982000000005,169.219004,174.426424,172.39283400000002,173.803618,168.19484599999998,156.640154,141.634678,124.192674,100.83974920000001,90.1784052,70.29184659999999,48.03891460000001,29.351868600000003,17.254205400000004,3.9382193999999995,0.0,0.0,0.0,0.0,0.0,0.0,0.0,0.0,0.0,0.0,0.0,0.0,0.0,0.0,0.0
Kilburn,NB,MON,1642.1300315599995,0.0,0.28887492000000004,1.28568272,3.09789632,4.01981442,4.8823621,7.16669038,10.89709278,14.84368998,19.29333448,29.617010399999998,34.943350200000005,35.9818844,33.167916999999996,31.719799600000005,23.196580800000003,17.8349326,14.0503204,13.2830548,11.358419,10.682123599999999,10.143979600000002,10.283594800000001,10.385327199999999,10.7860186,10.918857000000001,11.1897972,11.871181800000002,12.5112706,12.857363200000002,13.887003800000002,15.21809,15.8447228,15.9801389,16.926968300000002,18.059666500000002,17.852072300000003,17.395926899999996,18.7260194,20.882613199999998,20.8738398,24.1550458,27.3620788,32.5746848,37.6308974,38.6629176,47.7227718,49.8847148,58.0628924,60.08582320000001,73.4201458,62.98049500000001,67.6590296,58.43605380000001,53.312379800000016,42.45686080000001,40.393615200000006,31.482261600000005,25.7511116,20.753571,16.042906,15.035286800000002,13.0258416,12.660361199999999,12.0034034,11.0103172,11.2424156,11.093643400000001,10.3257506,9.454423599999998,8.587220460000001,7.86297866,6.83317386,5.99870046,5.6621687000000005,5.237244760000001,4.26140404,3.4748560520000003,2.621137252,1.679008412,0.8909496920000001,0.13420621200000002,0.0,0.0,0.0,0.0,0.0,0.0,0.0,0.0,0.0,0.0,0.0,0.0,0.0,0.0
Kingsbury,NB,MON,537.4833489063318,0.10511745199999999,0.191555964,1.0689502640000001,2.404237164,3.260821364,3.964785172,4.66749206,4.5498363,4.7162242,6.8154548,7.98296914,9.50477194,9.7980156,9.669086320000002,7.552969719999999,6.30224388,4.75391488,4.444178860000001,5.01268074,5.5174601999999995,6.20768564,7.0399590399999985,7.849308000000001,7.6511457,7.71749338,7.677490380000003,7.476469280000001,7.3958255400000015,7.559756640000002,7.8867207000000015,7.858385180000001,7.807743480000001,7.643878080000001,7.7159924800000015,7.58592748,7.289361800000001,7.6407588,8.5841096,7.8404212,8.001434399999999,18.4594634,22.745541000000006,21.7945784,21.71304244,22.17917704,12.26340984,7.765995440000001,7.676905920000001,8.48054808,7.74287036,7.285212680000001,7.77068908,8.023400800000001,8.535312800000002,9.05173592,9.657941400000002,8.638514,7.997831060000001,6.601091560000001,5.77408556,5.418939599999999,5.6151066,5.35305954,4.8589039000000005,4.18432738,3.819522080000001,3.0793250000000003,3.05837208,2.6622118260000005,2.633740026,1.881241886,1.721109786,1.472035846,1.4121758,1.14383922,1.05367168,0.99145748,0.7863838860000001,0.6638389312663151,0.4486122312663151,0.269228571266315,0.086265951266315,5.266315000000001e-09,0.0,0.0,0.0,0.0,0.0,0.0,0.0,0.0,0.0,0.0,0.0,0.0,0.0
London Bridge,NB,MON,26204.055163000005,8.216763400000001,18.6547614,34.7667914,62.8568054,103.9315394,155.466136,213.055872,277.83531600000003,335.6012100000001,384.77525,430.33105000000006,504.90597599999995,560.973168,587.46298,589.2403899999998,557.9295860000001,486.952598,428.925488,382.97914,357.51254400000005,348.44704800000005,340.55312599999996,319.3684300000001,313.320338,312.049166,310.9222420000001,310.26695199999995,317.004724,323.40640400000007,324.34106799999995,325.47959199999997,331.470564,331.98538800000006,330.736664,329.413596,331.51108999999997,329.3451280000001,333.25599200000005,348.97626200000013,373.676378,385.167764,396.203234,438.37150199999996,461.15697000000006,488.078202,524.02207,585.4610580000002,607.179796,657.2474020000002,674.689162,700.9527740000002,684.4576860000002,659.0843200000003,600.0326259999999,541.33861,480.98707600000006,424.25322000000017,379.48776,340.92173399999996,314.61347200000006,275.9657480000001,252.880366,228.46507000000003,212.36433799999998,198.029484,191.625802,182.79471999999998,178.35190000000003,172.683962,171.927896,158.260557,140.540905,122.65520700000002,96.4219744,71.1297164,55.5257342,39.0148662,23.1001802,14.6422228,6.0645587999999995,0.0,0.0,0.0,0.0,0.0,0.0,0.0,0.0,0.0,0.0,0.0,0.0,0.0,0.0,0.0,0.0
Neasden,NB,MON,977.103727306793,0.0,0.6544704000000001,1.67237124,2.9324357400000003,4.4365815400000015,6.692430740000002,10.20100774,12.4249819,15.7274606,20.6707422,28.015990999999996,34.8995486,37.904494,39.0517176,36.137253799999996,28.681162600000004,19.6193816,16.027737000000002,13.575365,11.7801666,11.5970166,11.8243838,10.8945004,9.652842199999998,9.8507654,10.0050791,9.659994099999999,9.6464511,9.5058439,9.363513500000002,9.3536586,9.9349406,10.409670599999998,10.798986,11.1171256,10.881571600000001,10.7642038,10.424109399999999,10.402700999999999,9.8147561,10.1053139,11.669868899999999,13.2494823,15.0764871,17.421439200000002,20.119216400000006,22.4372766,25.323932,28.389558800000003,28.172417000000006,30.193295600000006,27.5268542,25.945942200000005,22.020888199999998,20.716814199999998,16.2099914,14.912040800000002,11.595659199999998,9.7608935,8.57302118,7.201250839999998,5.4500083,4.4056641800000005,3.67720576,3.09740052,2.55084196,2.55789462,2.7958882400000005,2.5267803400000006,2.2597241400000003,2.08360612,2.08757564,1.88355452,1.8737707,1.69779526,1.5873061519999998,1.2212957320000002,0.8163071813585959,0.447809021358596,0.311229221358596,0.143012849358596,2.9358596000000005e-08,0.0,0.0,0.0,0.0,0.0,0.0,0.0,0.0,0.0,0.0,0.0,0.0,0.0,0.0
North Greenwich,NB,MON,17094.108517000004,40.950821999999995,59.475640000000006,98.731072,141.761208,174.35282600000005,202.831336,256.19641800000005,294.957002,326.26462599999996,373.45876400000003,402.22596400000003,452.469658,467.981298,496.18763800000005,485.80571,486.495168,419.97553800000014,382.10836200000006,323.5019420000001,282.3611140000001,240.419628,220.17476800000003,200.86388,194.638218,189.551154,180.264074,180.869824,181.12663999999998,183.40169200000003,185.006296,191.140728,196.706854,201.881386,198.77913600000002,200.42051200000003,199.85518,196.10092200000003,188.675108,192.96527200000003,196.68726,200.431632,215.63369,234.05421,253.24817799999997,267.32617799999997,295.419698,303.2925180000001,327.35583600000007,329.5288940000001,350.68953,352.60964,362.08457999999996,333.617198,322.55836800000003,282.406802,249.050812,212.770062,194.43498799999998,176.00896200000003,165.18624799999995,150.80077,137.51751000000002,129.04598,118.621126,108.80519,98.48270500000001,95.602817,94.728725,93.284479,93.247554,97.553901,89.5064936,78.81720220000003,62.33184780000001,50.65375480000001,33.05480860000001,23.209574,13.2079794,8.5052798,1.8021578000000005,0.0,0.0,0.0,0.0,0.0,0.0,0.0,0.0,0.0,0.0,0.0,0.0,0.0,0.0,0.0,0.0
Queensbury,NB,MON,182.53524615700002,0.19834794,0.374647166,1.263066706,3.0733921060000005,4.088173586,4.827507046,5.55943802,6.05576228,5.5452780000000015,6.7918467200000014,7.28591412,8.057957120000001,7.77611972,7.5466532000000015,5.613098560000001,4.7519000600000005,3.33660132,2.5313891,1.79056172,1.68226138,1.3278662200000002,1.33845474,1.18984967,1.08460217,1.15135597,1.17379677,1.16102827,1.4956461600000002,1.5202436599999998,1.4300332000000002,1.5015455000000002,1.53672976,1.2541791000000002,1.22685166,1.31311196,1.37278362,1.5560894000000003,1.84281444,2.03492316,2.02690646,2.09044728,2.2279014999999998,2.1711956000000003,2.14038282,2.5181242999999998,2.76745614,2.56548076,2.52972138,2.58388646,2.35870636,2.41621618,2.61456322,2.8437132000000007,3.3298667,3.70191128,3.59382226,3.38873366,3.18636288,2.621148,2.1342784600000004,1.71075712,1.48465392,1.31569078,1.10149398,0.841034848,0.70722334,0.6399078199999999,0.532397906,0.4775889980000001,0.5760907400000002,0.5614056679999999,0.5887799680000001,0.508223396,0.4301765974,0.28011540739999996,0.22005996739999997,0.0760825874,0.0109169134,0.0,0.0,0.0,0.0,0.0,0.0,0.0,0.0,0.0,0.0,0.0,0.0,0.0,0.0,0.0,0.0,0.0,0.0
Southwark,NB,MON,6598.861929800002,3.1680987999999997,5.4053152,10.207210800000002,24.866040800000004,52.4025268,67.804443,85.83312780000001,112.65716019999999,141.92621019999999,153.0373642,202.8871892,235.138812,252.606918,223.16209400000002,203.06731,151.25725600000004,119.28726920000004,80.3708064,84.89831240000002,78.8921514,79.76978340000002,67.8906308,70.3175176,65.6850756,66.13208660000001,59.05069660000001,63.49404000000001,62.016374000000006,62.3062212,59.9235458,64.2777478,63.4695454,67.46937340000001,62.2218606,66.44721200000001,63.0049324,66.2345336,64.40196259999999,73.8748382,73.5590114,84.096289,93.4814242,107.5817152,117.1073912,141.96725800000004,148.82251200000005,165.43788600000002,168.396998,195.022866,183.63566000000003,197.98650000000004,179.22466800000004,174.45277119999997,133.45256120000002,123.6317482,87.7594442,74.4869872,56.36559800000001,51.13195,40.0322856,40.96251960000001,40.47234,40.5247648,39.1323368,39.1318806,38.5560046,34.065303799999995,30.733036400000003,28.6821268,26.720339,22.0780872,20.9692986,18.13546206,13.73154976,9.48734596,8.290882159999999,4.8812041599999985,3.5347173000000005,2.5709512000000005,1.7046604000000003,0.0,0.0,0.0,0.0,0.0,0.0,0.0,0.0,0.0,0.0,0.0,0.0,0.0,0.0,0.0,0.0
St. John's Wood,NB,MON,1906.1325047499993,0.0,0.11221267,0.4219389100000001,0.91930581,1.8373509500000005,2.7808225500000003,4.10967014,6.0233943000000005,9.439300999999999,13.37785346,19.41873706,26.788752399999996,30.598988400000003,30.701188399999996,27.87112,22.9592838,16.643768599999998,13.0137884,10.8037678,11.472278,11.731419400000002,11.2549228,11.099408,12.1155972,12.363810399999998,12.5759228,14.3387484,14.67675,15.121782200000002,15.205853800000002,16.668501600000006,17.4207014,18.604526,18.9852866,20.1651264,20.701470399999998,20.2334526,21.80720100000001,26.698902,34.632375200000006,38.2431438,43.7359492,49.663856,51.467289,52.60903100000001,57.9361578,66.33365900000001,72.6889922,74.4766524,74.4044432,73.25123599999999,69.049746,61.87663260000001,57.38371540000001,52.12065380000001,47.82735020000001,39.25630820000001,34.883206,33.038176799999995,31.043118000000003,29.267893599999997,28.7548846,26.4411402,23.707544600000002,19.9007892,15.545934299999999,12.7850881,10.9492907,9.0094719,8.3062681,8.052029200000002,7.348261,6.061916200000001,5.4988319400000005,5.03007204,3.65655084,3.06037584,2.41547204,1.8596879,0.8863574000000001,0.6100476000000001,0.0,0.0,0.0,0.0,0.0,0.0,0.0,0.0,0.0,0.0,0.0,0.0,0.0,0.0,0.0
Stratford,NB,MON,36751.314950000015,67.91863000000001,113.19042,185.033054,288.238206,428.09404200000006,512.674536,638.9818260000002,747.3904920000001,827.9106320000001,848.7137220000002,915.627596,979.101256,1066.455476,1086.4746539999999,1035.007124,994.62311,864.2812700000003,689.5237100000003,566.1899080000002,493.193896,412.798246,369.638592,335.381612,326.974648,326.4141400000001,326.072996,333.711674,353.423874,357.855814,369.43447799999996,381.203656,403.32523199999997,408.212658,413.793,421.563222,438.000142,437.83633399999997,428.40223399999996,421.69564800000006,420.232616,422.22076799999996,429.90432,460.539574,527.373634,597.08506,629.123654,726.6589700000002,772.6446100000002,844.81651,836.6398100000001,903.657632,826.1684920000001,828.6868200000001,716.6616940000001,644.0911340000001,523.4089980000001,468.97675000000015,366.13588599999997,323.918198,316.568908,304.9446660000001,305.5437080000001,322.07688400000006,331.1552420000001,331.825962,326.737328,306.495314,276.27031800000003,238.51557999999997,193.245954,154.78611,123.32681200000002,99.05934520000002,78.2115488,64.4076708,42.40123480000001,29.0583328,16.9627556,6.414386,0.0,0.0,0.0,0.0,0.0,0.0,0.0,0.0,0.0,0.0,0.0,0.0,0.0,0.0,0.0,0.0,0.0
Swiss Cottage,NB,MON,1738.2992726000007,0.0,0.25955456000000005,0.625713,1.35560836,2.0661046,3.3589016000000003,5.200203640000002,7.0326842,8.722137940000001,13.765426699999999,20.4145897,29.840640500000003,35.2388915,37.040242000000006,33.202388400000004,29.890046,21.6715222,16.2164398,14.2563978,14.159116399999998,11.2585605,9.45806246,9.20851286,9.27611816,9.87388056,10.241000860000002,11.0506743,11.6764637,11.935523600000002,11.7989968,12.668792800000002,13.352837400000002,13.816102000000004,14.170616599999999,15.478389600000002,16.064274400000002,16.5964366,16.718908000000006,19.212099400000003,23.386691400000004,26.802055000000006,33.8887826,41.253263200000006,46.19630040000001,52.31910180000001,58.07345900000001,63.85093160000001,68.43588360000001,68.35389359999999,63.51157360000001,61.451038,56.947557999999994,49.960891,46.65585660000001,44.91549500000001,40.904911600000005,32.9738196,30.629644199999998,29.099861000000004,26.2983752,24.213475000000006,23.251735600000004,19.9398842,16.778411200000004,15.312312600000002,14.235961800000002,14.248005,14.329283600000002,15.018293,13.906925,11.95098386,10.68414246,9.66484826,7.97915246,6.71567018,5.570566000000001,4.3849480000000005,2.9124414,1.6093423999999998,0.94940668,0.5612384,0.0,0.0,0.0,0.0,0.0,0.0,0.0,0.0,0.0,0.0,0.0,0.0,0.0,0.0,0.0
Waterloo,NB,MON,10077.416739,2.3246528000000004,5.331535400000001,10.057033599999999,23.3960256,40.8377416,58.78681160000001,79.6263462,112.82413000000001,154.99006400000005,199.213008,259.03611720000004,314.3248440000001,355.50321,357.66466,347.82324000000006,308.272166,262.773914,211.780646,183.633682,159.97884400000004,149.596584,143.220038,138.73086999999998,135.741622,134.467022,127.656094,123.996697,124.194039,121.434418,117.650552,118.291288,117.953217,117.329771,112.675529,109.937181,107.713889,107.640579,104.5503122,108.04668819999999,111.1630942,114.71698020000001,113.58549940000002,120.22456820000002,134.27352720000002,143.74708120000003,152.02509120000005,175.987134,193.532898,207.05546,218.05763800000003,232.10858800000003,227.62417800000003,225.902638,212.822618,194.427642,173.53239399999995,150.03068000000002,122.714624,100.274442,87.22389040000002,73.42668640000002,69.2533224,65.07743500000001,60.92066180000001,60.03125060000001,60.9149306,61.371176600000005,63.385714,63.6740272,60.26888500000001,52.548927600000006,45.09377520000001,38.49512920000001,31.527021200000004,27.444772999999998,23.619001,17.6704116,11.1803296,7.352901599999999,3.2115048,0.9131462,0.0,0.0,0.0,0.0,0.0,0.0,0.0,0.0,0.0,0.0,0.0,0.0,0.0,0.0,0.0
Wembley Park,NB,MON,6176.4255072000005,0.5836502600000001,0.86369326,3.5777314600000008,6.1842590600000005,9.56651086,14.968679400000005,20.689482199999997,27.99240200000001,40.52439640000001,56.049062600000006,70.10402300000001,89.69578920000002,97.7896832,94.79448020000002,83.81484499999999,74.33749780000002,56.2451552,46.415739200000004,39.9158406,39.35355379999999,37.2522738,35.21654440000001,34.6353564,35.23901160000001,36.2859282,33.82183800000001,36.736218799999996,37.263286799999996,41.1697658,41.3244936,44.8036158,47.408935799999995,49.5071618,50.5572472,52.68546840000001,56.1511112,59.0687152,62.8004152,65.9717512,72.44627159999999,73.12227879999999,83.07865600000002,97.22949400000002,117.560102,129.829456,149.76183400000005,162.042866,173.91360600000004,203.23028200000005,219.73634600000003,256.75621,276.169312,290.254024,266.86132599999996,259.021696,220.44122,183.95323,152.933726,130.5785812,106.55605520000002,93.9486452,84.54698119999998,79.39384319999998,69.12800759999999,68.05436359999999,54.59388060000001,54.431633999999995,41.360328,42.4897896,36.5199736,35.628886200000004,32.63596340000001,33.175729600000004,27.1584734,21.42743272,17.67656772,11.83744232,7.04257458,3.92178758,2.61364426,1.3328896600000002,0.66448246,0.0,0.0,0.0,0.0,0.0,0.0,0.0,0.0,0.0,0.0,0.0,0.0,0.0,0.0
West Ham,NB,MON,20397.504347800004,54.62040320000001,127.4489832,203.7491832,350.7454972000001,474.38359199999996,625.3523339999998,748.456414,840.6486460000001,864.981092,848.8741520000002,829.142512,797.49668,791.0927620000001,724.5214620000003,725.4631360000002,675.335536,587.05422,492.059034,448.708324,382.30324,303.500606,275.120834,247.22803399999998,237.11460400000004,210.75504800000004,217.05567400000004,203.77155600000003,210.27837599999998,195.040504,195.837358,188.23114,200.88357,191.98041,195.339196,189.51756,198.58437400000003,185.714296,183.166246,180.878084,184.502284,182.779222,192.328168,200.4552,210.230302,219.52411,226.83164399999998,234.11637799999997,257.979222,254.02250000000004,253.475642,243.701568,229.15956000000003,196.76322200000004,185.13891200000003,161.45394000000005,145.842716,130.39498400000002,112.545076,91.58305859999999,86.51185260000003,75.6515072,70.37616820000001,65.44049820000001,68.84995359999999,64.2373936,63.804729,57.63935360000001,56.431856599999996,50.6461886,45.56888060000001,41.55899600000001,37.01202740000001,29.5454206,24.945033200000005,19.651236600000004,11.8682692,6.8880381999999996,4.498044,1.1165194,0.0,0.0,0.0,0.0,0.0,0.0,0.0,0.0,0.0,0.0,0.0,0.0,0.0,0.0,0.0,0.0,0.0
West Hampstead,NB,MON,2053.463673587671,0.0,0.2739262,0.6053214600000001,1.80239434,4.113235940000001,6.945784340000001,9.680082940000002,12.504801080000002,17.156689800000002,24.474435600000003,35.12879220000001,39.0824234,42.354546,41.81747900000001,36.14237680000001,25.761622000000006,21.2223154,16.9915074,14.1435722,12.431697999999999,10.7926879,10.087379499999999,9.4878991,8.8187341,8.656169300000002,9.5260094,10.0845128,10.627733200000002,11.118706200000002,11.505620000000002,11.702665800000002,12.8454624,14.4863356,15.319683,16.175251,17.2592204,18.5513926,18.525723000000006,19.7109242,21.824174399999997,26.2797576,26.532245600000003,37.151610999999995,43.351603999999995,48.3021738,55.1998782,58.7176402,65.0686032,72.1132202,81.4531942,80.1998452,91.18383399999999,91.09245,83.67948659999999,72.72283459999998,64.6485186,51.03958420000001,34.800924200000004,30.5170726,27.040083600000006,27.078520800000003,25.666529200000006,24.674521800000004,23.280778800000004,21.408282600000003,19.3233154,17.312562399999997,16.0001654,15.140222400000003,14.7827646,12.16015694,12.65993914,11.957343140000004,11.00026954,8.836329140000002,8.39538686,5.7529046400000015,4.3632491375343205,1.72189773753432,0.8241111375343199,0.29057307753432005,9.753432e-08,0.0,0.0,0.0,0.0,0.0,0.0,0.0,0.0,0.0,0.0,0.0,0.0,0.0,0.0
Westminster,NB,MON,12716.759122499998,0.4289597000000001,1.4748489000000002,2.42286402,6.027677420000002,10.78635162,15.421365920000005,22.00216672,29.078172,33.15255320000001,39.294629,44.928824,51.318682,58.4086456,64.65306899999999,63.21632900000001,63.68454260000001,59.212934600000004,57.10894960000001,52.0380668,56.284320799999996,58.337805200000005,65.9878802,70.7742862,81.44054100000001,90.80407,106.221077,119.339722,134.46757300000002,151.977525,165.78620200000003,176.25191000000004,182.611504,184.616904,186.1239,187.110888,186.34172,192.75105,204.505274,219.599586,240.003456,264.59272799999997,282.28350400000005,314.899496,356.531112,380.1890580000001,409.367128,439.944028,473.281144,476.145238,501.904638,497.71789600000005,497.71172800000005,450.886386,420.022272,361.98079,326.7673680000001,277.092402,243.316306,210.001792,192.224286,170.472318,155.969784,150.76506,138.08816000000002,127.69008079999999,115.54587679999999,108.2243588,100.3538808,96.7147918,85.271187,76.755844,67.95755199999999,55.92037140000001,44.416809,36.916025399999995,29.86502280000001,19.46967928,12.54651188,6.41873128,3.88951288,0.65143848,0.0,0.0,0.0,0.0,0.0,0.0,0.0,0.0,0.0,0.0,0.0,0.0,0.0,0.0,0.0
Willesden Green,NB,MON,1436.1931413299992,0.0,1.13954506,1.7487209800000003,2.8277481800000004,4.1904205,7.5760197,9.75053224,16.470028319999994,23.89596552,32.410771200000006,49.44981500000001,62.06764939999999,62.9100454,60.65774780000001,55.800521200000006,39.053407,27.645654399999998,22.883306000000005,20.653725,18.786113399999998,17.8300306,15.9208348,14.668954800000002,12.8944474,11.8783106,11.7025105,11.979330099999999,12.486193900000002,12.5323799,13.534500500000002,13.784083000000004,14.422444000000002,14.733127200000002,15.5955068,15.900160200000002,16.8634366,16.3252074,17.136771600000007,17.7831876,18.0547986,18.769844600000006,19.610705200000005,18.9559928,19.3057734,20.467826,21.4767616,23.850378,26.8908076,28.6531428,29.737007000000002,31.6381946,32.639994599999994,32.636716199999995,32.71977320000001,31.343758,29.288009400000004,25.1938446,22.4836708,18.8907456,16.493313200000006,13.4399568,12.169182200000002,10.24570714,10.017604940000002,9.572951540000002,8.836345540000002,8.66087354,8.0203296,6.456280339999998,5.20952976,4.9430043600000015,3.62519464,3.21784548,3.12569174,3.13341618,2.5132758600000003,2.219435094,1.7504104459999998,1.228908046,0.7252303859999999,0.073933106,0.017822992,0.0,0.0,0.0,0.0,0.0,0.0,0.0,0.0,0.0,0.0,0.0,0.0,0.0,0.0
Baker Street,SB,MON,15934.7232942,3.8631106000000006,12.3216846,16.4463782,34.59325320000001,51.5150684,66.6332914,86.89801740000001,116.4608938,153.3722788,177.6859248,226.778954,278.758254,319.390504,330.96948800000007,353.3613640000001,343.07515,315.096756,285.6195019999999,256.191794,231.83807400000003,218.96636400000003,200.66978200000003,188.16661600000003,184.461164,181.24782,177.37424600000003,186.607316,198.14635600000003,210.96997800000003,216.66211,220.028428,219.420628,218.084172,212.98467,213.31395200000003,216.65133000000003,221.178462,226.673072,239.696328,252.844258,264.22517200000004,277.1864800000001,283.5135400000001,299.7400100000001,311.8284500000001,337.840058,351.850158,390.19712999999996,397.279148,417.9199200000001,406.850176,420.461502,391.886336,374.06072,334.653608,310.935444,264.10107200000004,231.57087599999997,202.918126,182.28104600000003,160.592554,143.93132300000005,134.354422,126.80086000000001,121.364006,113.913746,108.17748200000001,102.397331,95.846775,87.790187,80.69700900000002,77.121656,69.247976,57.83761000000001,46.85093360000001,36.1590888,23.3702424,14.995710400000002,9.4286124,4.9633108,2.5666936,0.0,0.0,0.0,0.0,0.0,0.0,0.0,0.0,0.0,0.0,0.0,0.0,0.0,0.0,0.0
Bermondsey,SB,MON,3877.866767400001,2.7908868,8.7048174,12.4587282,16.9709962,23.0996514,29.926554600000003,35.769178000000004,44.574118,53.02045800000001,64.75144780000001,71.320079,80.776943,90.6665522,99.81092220000001,102.5452412,105.46437120000002,99.0639052,87.010058,73.0443946,60.75827460000001,47.4325398,38.00801240000001,33.373824400000004,32.471356199999995,30.644443200000005,31.184205400000003,31.7032778,32.885655,31.1250834,31.114388399999996,30.749267200000002,31.623973200000002,32.278659600000005,34.4021814,34.72891420000001,36.69330520000001,36.34961540000001,37.318683,37.31489740000001,41.15738320000001,53.68922000000001,71.25986280000002,79.22245079999999,91.9504118,104.958386,102.1194388,96.4839008,105.6912648,104.80058079999999,103.047262,102.77780300000002,105.014181,92.14638180000004,86.8423858,75.55223620000002,71.1875692,58.35538460000001,51.400044799999996,43.671215000000004,39.1887024,31.3623508,27.8616928,27.3502064,26.749486199999996,25.535498399999998,24.76791,25.0820966,24.2279004,22.39595360000001,20.931391,19.9595518,19.9428318,18.516848,16.021585800000004,14.569446200000002,12.37587694,8.84023924,6.45197808,4.98144508,2.9906872800000004,1.77242374,0.73344144,0.0,0.0,0.0,0.0,0.0,0.0,0.0,0.0,0.0,0.0,0.0,0.0,0.0,0.0
Bond Street,SB,MON,24532.951946120003,4.553527880000001,15.31792688,41.43088088,62.88088688,88.01338759999999,116.726665,147.792722,167.30361200000002,194.737762,218.11734199999998,233.58781600000003,265.587572,294.46667599999995,322.29008,329.89441600000004,348.333572,345.528544,316.336482,280.06831800000003,266.395052,249.509652,224.434556,215.405848,215.50231000000002,217.853472,210.961812,213.99254399999998,226.27036600000002,238.54337599999997,239.660552,248.023956,250.05942,261.325054,264.582312,280.227352,295.9076520000001,314.120768,323.1741140000001,338.086156,349.7424000000001,368.70816,388.36142600000005,413.108356,456.61800800000003,498.54,541.275718,586.142784,666.751934,720.2938019999998,781.6692160000001,821.2325579999998,864.8581920000001,822.5292720000001,770.2846840000003,687.6079020000003,610.779758,519.904942,450.24991800000015,400.85003000000006,368.30738600000006,336.69508200000007,298.548672,307.793704,289.2723680000001,272.803388,254.36163,247.49996400000003,224.77736000000004,214.11223200000003,196.620052,180.013818,172.194692,143.6327752,118.14420259999999,97.1989526,80.4057026,52.53578180000001,32.3241546,20.613979200000006,12.7790492,5.803427200000001,0.0,0.0,0.0,0.0,0.0,0.0,0.0,0.0,0.0,0.0,0.0,0.0,0.0,0.0,0.0
Canada Water,SB,MON,11560.450407699998,4.745282800000001,16.032105400000006,32.064684400000004,58.8129904,87.47774240000003,118.54990959999999,147.07364700000005,181.142508,211.861062,239.04670600000003,262.22116800000003,295.38308200000006,309.151922,309.320468,302.6490320000001,296.397964,261.445512,229.53168600000004,193.006646,168.40310000000005,134.012668,112.593188,97.314952,95.348184,90.72907,91.299902,94.044108,97.856482,100.923218,102.46619799999999,103.994718,106.175823,107.30263899999999,106.6526138,102.8858018,102.9610598,103.7981928,102.51734880000001,100.215114,109.75136,120.828004,136.70619000000002,165.718894,189.045348,218.82312400000004,251.032114,285.52797799999996,320.13141,348.03232599999996,369.11567599999995,369.175448,362.33461200000005,327.45531000000005,297.294308,249.374898,216.08407000000003,172.89908799999998,145.388586,126.348148,113.314564,99.998798,91.696311,84.475497,77.768137,75.333147,69.46575779999999,65.06043079999999,61.331316799999996,57.20943200000001,51.79474400000001,48.30349480000001,45.23335720000001,41.60447200000001,34.3868404,28.356147600000003,21.10525416,14.64531282,9.10237354,5.86524594,2.56877074,1.91446858,1.4411435199999998,0.0,0.0,0.0,0.0,0.0,0.0,0.0,0.0,0.0,0.0,0.0,0.0,0.0,0.0
Canary Wharf,SB,MON,12319.184516999994,2.1892810000000003,6.154861800000001,14.1216946,20.023166000000003,28.618109999999998,32.819251,41.1132702,48.28670840000001,56.995975,63.350953,73.207723,76.8881818,78.87477679999999,79.16120480000002,79.18875880000002,75.90354800000001,72.40367480000002,66.9767676,62.2195826,58.546419400000005,54.83068760000001,51.9828872,52.607178399999995,54.283528200000006,58.57836339999999,63.771349,72.35777700000001,77.6375598,87.06701100000002,90.336499,98.29459399999999,100.7255988,107.94320600000002,109.680172,122.38993799999999,127.37661399999999,138.523552,141.93021199999995,155.306622,156.22358400000005,170.196108,179.454196,217.335056,234.07802200000003,279.49341200000003,302.940014,394.73861,453.81377599999996,546.392682,590.2579479999998,657.4277159999998,629.569928,602.3390420000002,528.505012,461.818476,380.556202,325.718946,270.619816,230.84382799999997,206.038466,186.04071000000002,161.47276000000002,143.26753200000005,132.63227,122.38852,110.69883600000001,108.972998,99.0816628,94.84499879999998,90.6757358,84.82326180000003,67.945815,63.402563199999996,50.8550576,42.0395272,33.600609999999996,30.502661800000002,25.5993518,20.947771399999997,13.892192800000002,9.160397999999999,5.311185,0.0,0.0,0.0,0.0,0.0,0.0,0.0,0.0,0.0,0.0,0.0,0.0,0.0,0.0
Canning Town,SB,MON,10332.626324940004,8.796635400000003,10.38106248,21.00839248,35.94312848,49.58444648,52.60727108,76.407668,90.742519,112.425331,138.70443899999998,187.72191899999999,214.085899,248.68638200000004,247.24446200000008,240.68511400000003,204.49733799999998,174.56857000000005,141.17930600000003,126.978482,112.0849592,111.61038520000002,103.0468552,92.06747520000002,89.64692320000002,92.414088,93.96086600000001,101.4790868,117.5080128,121.0379558,131.2719278,128.8510848,139.364652,132.738742,143.215439,136.411559,149.995126,142.859022,154.11354200000005,150.33323800000005,174.520038,176.50195,195.922496,213.997888,246.48242,261.434634,275.82535,304.037594,323.00038000000006,322.6819880000001,321.336002,322.98312799999997,299.759976,262.746218,241.762668,199.8784028,173.05233080000005,143.02222880000005,129.1412688,101.70671620000002,94.6353462,80.28117020000002,74.01441080000002,62.10367880000001,61.84244620000001,53.517777,48.679179,41.66101679999999,39.490304,32.048729200000004,33.6402084,30.0444842,28.9862194,25.1908886,22.3559866,19.109792400000003,16.277695,15.8275262,12.6602654,10.819351308000002,7.296530708000001,4.8393523080000005,1.1009815080000005,0.15000190800000002,0.0,0.0,0.0,0.0,0.0,0.0,0.0,0.0,0.0,0.0,0.0,0.0,0.0
Canons Park,SB,MON,3347.47737551,9.372908,19.3791412,31.821192200000002,44.9965482,57.88741420000001,76.4306732,90.974814,102.55330600000002,118.514738,132.740769,146.648441,151.476881,156.53987,146.240126,131.040776,111.82344400000002,94.55636800000002,77.80347480000002,68.17247780000001,57.38172520000001,51.39109580000001,46.8883098,42.32617220000001,39.6557224,37.9603404,34.380971,34.051481,32.927283,32.3568374,33.017166800000005,32.643253200000004,31.086531200000003,28.73524440000001,28.176596000000004,28.442982600000004,28.6713662,29.7801974,33.458219,32.967553200000005,31.809805000000004,31.3788416,33.22880720000001,35.630129200000006,45.83540780000001,50.80612120000001,52.20015000000001,53.10248780000001,52.68923180000001,48.64449680000001,45.20071480000001,47.95176020000001,46.0617226,41.358967,34.184261799999994,31.9506246,24.307725899999998,19.0429929,16.068109900000003,13.9593209,11.3637742,10.4383425,9.322533900000002,8.394102420000001,8.04866842,6.68098132,5.8182033199999985,5.42938464,4.9721535999999995,4.23715136,6.5510139600000015,6.17553456,5.91483682,5.122811932,4.6840973319999994,1.555572676,1.1316968220000003,0.46791784200000003,0.36413985,0.09040389,0.029964346,0.0,0.0,0.0,0.0,0.0,0.0,0.0,0.0,0.0,0.0,0.0,0.0,0.0,0.0,0.0,0.0
Dollis Hill,SB,MON,3994.74937696,10.2700208,16.855698800000006,23.841134800000006,34.265445,46.49847020000001,57.604659999999996,75.70456,90.875672,112.92778,126.82928799999999,148.24427,149.406662,161.325514,145.73204199999998,144.98724600000003,127.46849000000002,120.32419880000002,99.08804880000002,95.14649580000004,80.7649978,75.1736138,64.15465800000001,61.9195294,57.0472424,53.99402280000001,48.075978799999994,49.2341132,47.1633742,45.5628752,44.4120498,44.901348799999994,45.817572,46.751641600000006,46.190493599999996,46.6638166,46.2257864,46.81129979999999,45.37050500000001,46.87044600000001,52.38089000000001,53.07542720000001,53.92882440000001,56.201404200000006,58.5069488,57.1774458,56.90050740000001,61.3454242,63.80316420000001,67.5977046,64.4252804,65.93635359999999,57.6218948,53.8508618,43.2453082,39.905025,34.29681660000001,30.65347060000001,26.151307600000006,23.9531406,20.491349600000003,16.4349506,14.6191674,11.711516699999999,10.2052335,9.1039567,8.57732024,8.074461040000001,7.936052,7.213095880000001,6.2782654,5.34830126,4.63221516,3.65796546,2.83366414,2.09317406,1.755098772,1.104724072,0.6412525120000001,0.44698475200000004,0.132365512,0.0,0.0,0.0,0.0,0.0,0.0,0.0,0.0,0.0,0.0,0.0,0.0,0.0,0.0,0.0,0.0
Finchley Road,SB,MON,18731.57055024999,4.198188200000001,17.273250199999996,72.2117762,119.23208819999999,217.8977732,299.065742,385.19662400000004,443.054728,530.6048880000002,580.8546140000002,698.334636,763.159452,801.580694,771.0367220000003,739.6014500000001,623.2253599999999,552.731264,467.87193200000013,435.909666,375.323106,355.8280900000001,320.377254,302.710834,278.58996800000006,266.628668,249.090268,233.88653599999998,232.50656800000002,229.629924,222.33627599999997,217.90139800000003,221.41279000000003,216.07634199999998,207.51098800000003,203.590264,198.35046000000003,189.54964800000005,183.511182,185.79005400000003,189.687742,191.021638,199.198078,207.365396,222.286008,232.291366,242.994582,248.38243600000004,260.43953200000004,275.69147799999996,302.0217560000001,308.46337000000005,319.968266,302.78406400000006,270.499484,220.59649200000004,192.15628800000005,147.41159199999998,124.276122,100.8969568,88.71034079999998,72.26658540000001,63.2899194,56.941688600000006,54.565929800000006,48.29414980000001,44.2212372,42.92024520000001,41.916385600000005,37.01794699999999,34.8434382,33.696686,32.803017600000004,27.862669,26.3879594,21.23454196,15.51163345,9.21124745,5.6617064500000005,1.12155865,0.5720928900000001,0.4454576000000001,0.0,0.0,0.0,0.0,0.0,0.0,0.0,0.0,0.0,0.0,0.0,0.0,0.0,0.0,0.0
Green Park,SB,MON,21863.19935280001,13.258740200000002,29.334488200000006,48.737064200000006,78.49979820000001,101.221691,126.87482,160.45754,185.119594,201.974752,219.823378,235.615764,251.28708799999998,275.547006,285.782054,293.00768,299.16647400000005,281.975142,257.216064,237.66903,218.33557,200.490456,189.65920400000002,174.554954,177.42131999999995,181.156926,179.515094,185.56233799999998,199.30456999999998,200.720148,207.03724000000003,212.702466,212.325752,220.38598,223.35437599999997,227.91581800000003,242.395702,253.34216400000003,256.731104,273.33062600000005,300.6673120000001,317.353762,334.114702,375.661654,392.916026,419.330366,460.101082,506.63011400000005,556.3656420000002,610.5496919999999,662.1240520000001,686.471622,712.5049240000002,680.4314320000002,644.5048260000002,570.2869139999999,512.953954,439.52189200000015,383.18371,340.585706,317.09353,284.21625,258.96045200000003,249.163246,251.04985400000004,246.466138,242.545958,240.989636,241.639658,234.49437000000003,225.97344400000003,224.830852,226.295794,207.047942,178.72370880000003,153.51670880000003,127.32417080000002,89.09558380000004,62.47821620000001,41.9915494,24.971239399999998,7.7506694000000005,1.5110224,0.0,0.0,0.0,0.0,0.0,0.0,0.0,0.0,0.0,0.0,0.0,0.0,0.0,0.0
Kilburn,SB,MON,6379.737194100002,8.3023668,15.0002008,24.0924378,37.8682127,54.205189,69.62684,89.19633400000002,112.41458899999999,133.87448800000004,156.04716399999998,188.836764,221.73324800000003,246.27757599999998,253.19638199999997,255.711662,234.420746,205.938062,170.06761,150.96286880000005,128.4106768,113.8472788,99.06607,93.955274,85.6172212,81.1463632,76.90791120000002,75.2483912,73.36860320000002,71.66538320000002,70.11758999999999,70.40538199999999,71.16995680000002,70.7512828,68.2091184,66.91515760000001,66.49305559999999,63.2383868,61.8396456,64.631372,66.69646600000002,68.054816,72.51854279999998,77.175075,80.86049300000002,88.584109,88.31404700000002,96.549864,98.990071,110.502545,105.86646499999999,119.53368700000001,113.710206,115.922794,99.440972,95.837128,76.6442694,66.52854540000001,52.5208514,46.3129184,38.227377600000004,34.018520800000005,29.808494,29.437641999999997,30.1240418,28.8544046,30.436124400000004,32.1084148,29.930780199999997,25.98179,24.4105096,22.2106212,19.0232372,16.6310218,14.49993848,12.26693288,8.42947196,5.8509725999999995,3.3136726000000003,1.7741813199999998,0.8512933199999999,0.20702424,0.0,0.0,0.0,0.0,0.0,0.0,0.0,0.0,0.0,0.0,0.0,0.0,0.0,0.0,0.0
Kingsbury,SB,MON,5289.4950451500035,15.555156600000005,39.01532260000001,69.44264460000001,101.4368006,135.55252660000002,169.46488000000005,185.10762,192.234332,203.522128,186.233894,197.509516,184.393378,184.179612,160.911991,160.14301500000005,129.757425,124.347471,101.075564,96.368871,83.81951900000001,76.23898100000002,66.51791899999999,66.03734399999999,64.39871200000002,63.04596400000001,61.70952920000001,63.08190060000001,61.60119460000002,59.55800060000002,58.60886060000002,59.00992640000001,59.0028296,58.089491599999995,57.78424079999999,58.29309960000001,57.773157999999995,56.44674739999999,56.602273,58.0325792,59.16159520000001,71.96671780000001,88.6063618,95.4483502,95.69687480000002,95.78324940000002,80.89149200000001,69.59889000000001,62.755269999999996,63.035303000000006,57.83388860000001,60.72306860000001,51.34897800000001,48.2149704,39.68997320000001,38.342106799999996,30.964375399999994,28.2576856,24.0899366,25.037405,22.6527942,21.671828,20.5067576,21.2473676,17.9914758,17.727245399999994,15.591970800000002,15.525692,12.05712786,11.196853460000002,8.82233798,8.03186892,6.304226979999998,5.76329632,4.7287336600000005,4.06023276,2.98537491,1.78348845,1.00649385,0.45532651,0.03364149,0.0,0.0,0.0,0.0,0.0,0.0,0.0,0.0,0.0,0.0,0.0,0.0,0.0,0.0,0.0,0.0
London Bridge,SB,MON,25461.11342099999,10.5191368,27.001574800000004,44.6260848,73.63113879999999,130.9770588,186.09575800000002,264.203114,360.421744,459.06827000000004,535.71472,612.7565639999999,686.8017440000001,750.1171240000001,766.469224,761.752244,738.430194,658.9350079999998,550.3575880000002,467.40297400000003,387.91646,309.931282,261.257296,227.896786,207.93645000000004,196.96353400000004,191.790944,192.497622,199.64259200000004,203.43783800000003,206.972938,215.54402599999997,218.873054,223.520306,219.938488,219.44346800000002,218.455154,221.31496600000003,216.43591400000003,226.504972,239.357348,261.975712,275.25755200000003,307.38576,337.87016,376.522114,406.7856900000001,461.07505,531.1022820000002,588.020626,654.61271,692.677346,718.946914,683.1183540000002,644.348038,557.721714,492.9776700000001,419.09227600000014,367.94688800000006,325.32169800000014,299.6903180000001,276.77993000000004,252.816456,236.737746,223.313738,219.512054,215.487616,213.171252,212.145968,201.758434,187.810288,175.864486,164.43014399999996,143.27673520000005,122.88233600000001,103.0704,77.27376559999998,53.16312440000001,37.4908122,24.318299399999997,14.1853154,8.8774098,3.385537,0.0,0.0,0.0,0.0,0.0,0.0,0.0,0.0,0.0,0.0,0.0,0.0,0.0,0.0
Neasden,SB,MON,3497.2322910999983,10.838993,17.8699118,29.552959800000004,39.5776152,58.37321800000001,79.2806436,96.114892,116.51013600000002,124.7645952,135.1655792,135.73805520000002,143.0273,132.55472079999998,133.3987428,122.14322880000003,114.1871348,98.31008879999999,89.11862320000002,78.51205560000002,67.48521159999999,60.0606416,55.39746160000001,50.264586400000006,47.465365399999996,44.8398854,40.4631124,36.9886404,36.9068068,34.5767814,34.4676934,36.43281300000001,36.83945739999999,35.92855160000001,37.092215,37.384244,36.391276,36.29799920000001,36.97203740000001,35.7445052,35.4211742,36.0473828,35.087645200000004,35.64040040000001,37.7618452,41.108132399999995,42.75083480000001,49.537526799999995,53.4437332,54.807269999999995,52.96794040000001,52.43809880000001,45.354905,39.467976,34.0959766,31.741306599999998,26.5258288,22.9616238,20.489314,18.0541372,15.154639000000001,13.378174599999998,12.32859766,10.97178606,9.93998446,8.372848340000001,7.520784860000001,7.3395984000000025,7.11566266,7.14399826,6.924716299999999,6.513236580000001,6.11895418,5.55328626,4.44416762,3.45942882,2.81572498,1.80813358,0.8921552400000001,0.5065052800000001,0.18907676,0.0,0.0,0.0,0.0,0.0,0.0,0.0,0.0,0.0,0.0,0.0,0.0,0.0,0.0,0.0,0.0
North Greenwich,SB,MON,7917.703118700002,17.915451,24.0597546,28.7156994,41.35010800000001,58.03045600000001,53.071339,77.1681054,97.04930259999999,107.222203,119.972815,130.881021,125.512537,128.313999,123.330979,110.752033,100.4254278,92.3044866,76.61464860000002,70.46455320000003,61.89922720000001,60.88855760000001,52.63671980000001,50.883958200000016,53.33431060000001,55.387425199999996,53.373484,57.156356,60.3042336,62.4590856,68.16611979999999,73.4716598,81.47651680000001,84.4912408,83.91862280000002,83.43940600000002,86.24171,89.83630600000002,89.2523368,91.1501728,103.2667128,102.6469248,103.5628228,122.093826,148.453422,161.386328,177.32113800000005,201.790176,217.33314199999998,233.04862999999997,238.273964,276.47276600000004,269.112204,264.491942,234.997346,222.40026200000003,177.19157600000003,161.69587600000003,133.54413000000002,126.43643200000002,116.58823800000002,108.79466599999999,101.2172692,101.6935632,97.7782152,90.1462572,83.55944380000003,79.84679460000002,76.02268260000002,65.72927460000001,56.51768660000001,50.518206799999994,41.218396000000006,34.48982400000001,30.9758248,29.568656199999996,25.675025,22.617434000000006,17.43375594,12.89144414,7.74503674,5.09222714,2.32886894,0.8123389999999999,0.0,0.0,0.0,0.0,0.0,0.0,0.0,0.0,0.0,0.0,0.0,0.0,0.0
Queensbury,SB,MON,5029.166484749996,23.7655754,53.932585399999994,83.9989374,136.03039740000003,196.106957,224.749764,248.31726400000002,257.728072,239.27055,215.420086,210.83016400000002,201.432862,184.327582,185.606454,158.296042,141.05827000000005,116.56065,104.59666259999999,83.01022459999999,73.87877259999998,69.04585660000001,61.22274460000001,61.76784880000001,59.17968800000001,56.32353000000001,49.92634720000001,47.70179160000001,47.32451740000001,45.706897399999995,45.13199240000001,46.3656586,45.78538300000001,42.33942580000001,41.2151506,42.7388996,42.344846800000006,40.646562,41.2877392,41.168203999999996,40.4056626,40.224064,39.42754000000001,39.9402918,39.059303,40.147861999999996,40.2753232,43.897049200000005,46.6281314,48.0326614,47.5012534,46.45669620000001,44.3714942,41.4466422,40.1706626,35.17070579999999,32.224476200000005,28.974482000000005,25.158097199999997,22.9713,23.013398199999997,21.5534868,19.1833784,17.6906462,14.972031,12.55205346,10.42182926,9.439001660000002,8.28439246,7.57574106,6.9601852000000015,6.8096250000000005,5.7276063200000005,5.001780720000001,3.6880905,3.0911392,2.03067097,1.46225985,0.56188705,0.4252986700000001,0.09732837,0.0,0.0,0.0,0.0,0.0,0.0,0.0,0.0,0.0,0.0,0.0,0.0,0.0,0.0,0.0,0.0
Southwark,SB,MON,3537.5804218,0.93210554,1.5673862400000005,2.93763164,7.56000164,12.30595044,19.3187057,23.5455904,31.501612199999997,41.9973402,47.7752374,56.851122600000004,67.63443720000001,71.19076,65.24361,62.58766200000001,52.89834400000001,43.9178276,35.29050080000001,31.509347400000006,27.52051520000001,23.9901888,20.379805800000003,19.095132999999997,19.1676408,19.9426674,20.1725942,23.1034682,25.775069400000003,27.005601,27.766823,31.316464600000003,32.218678000000004,33.439876000000005,32.630670800000004,34.184339800000004,33.0684698,36.18125379999999,37.16762620000001,42.5484184,47.67652740000001,53.4415454,55.769586200000006,65.1649994,75.8313784,86.91047800000003,95.902318,107.77168520000002,118.12285,124.962696,132.06766000000002,136.597024,133.733944,121.15780800000002,104.72996060000004,84.3505052,67.70044320000001,56.401259200000005,48.79347580000001,42.9375806,38.1358156,36.028553,31.631026600000002,31.2452586,30.7329084,32.348069800000005,32.625385200000004,34.345871200000005,32.304155200000004,34.61504000000001,36.0365718,33.8409526,31.3160792,29.0563364,21.79717794,15.40227014,12.24774914,7.726642300000001,5.27299172,4.24671218,2.50499118,0.58411858,0.27154322000000003,0.0,0.0,0.0,0.0,0.0,0.0,0.0,0.0,0.0,0.0,0.0,0.0,0.0,0.0
St. John's Wood,SB,MON,7499.165037359999,3.1328074800000003,4.5086854800000005,7.411522080000001,11.66874448,18.66578,26.269058200000003,36.8306832,51.8505746,67.7832302,96.37611700000002,125.426637,170.17534600000005,193.61528,219.880328,213.088898,205.731928,172.260099,152.595957,128.81049299999998,116.700459,103.062185,97.25191,90.06385600000002,84.37931680000001,86.28016880000001,87.95605480000002,90.02097680000001,93.2743108,96.39038199999999,97.400656,98.797048,98.743727,98.993709,96.495065,93.70323100000002,91.5385382,91.2500592,93.1435282,101.4450422,115.65950819999999,127.82463500000001,140.484353,161.346082,165.880944,178.42880599999995,179.359514,203.193686,199.45995,219.15777799999998,203.94402,211.95240800000002,182.14096,172.56856399999998,140.464676,133.702078,108.267698,97.99901599999998,82.23919079999999,76.50981280000002,65.73952980000001,62.74707040000001,57.048353399999996,54.30000980000001,48.75603580000001,44.4639322,39.035773600000006,35.5141006,31.402248200000002,28.106666800000006,24.9685012,22.793765600000004,19.324682600000006,16.466298700000007,13.309532240000005,9.44204272,5.973367120000002,3.2845527280000004,1.300109828,0.993143688,0.47654540799999995,0.16270260800000005,0.0,0.0,0.0,0.0,0.0,0.0,0.0,0.0,0.0,0.0,0.0,0.0,0.0,0.0,0.0
Stanmore,SB,MON,4742.9766523,16.9190226,22.7531558,41.228181799999994,68.3976578,83.4609458,96.9883952,122.169002,137.659222,156.904406,179.914856,203.181672,215.83036800000002,210.04482799999997,190.103914,165.62627399999997,138.645566,115.46643480000002,99.1023988,86.1397808,77.62029480000002,67.4496636,57.77575480000001,56.858349800000006,54.00238300000001,50.1250276,52.60189360000001,51.58854660000001,49.76363680000001,47.7533256,46.894255,45.7269662,45.145811200000004,45.034738,44.5470474,42.8440948,42.403295799999995,40.977077799999996,39.347773,39.1024346,40.40743320000001,46.3308222,50.0756422,56.60224100000001,64.594052,72.11902400000002,72.683766,84.189892,87.28215,91.5262552,86.17369020000002,84.54911120000001,73.05811240000001,65.04647320000001,52.8224374,48.6002954,41.9481936,36.3353724,30.606976,26.206086199999998,23.3010976,19.437932999999997,16.3179762,15.2667268,14.839503200000001,13.065122600000002,12.667019600000005,11.447293260000002,11.41997206,9.23450486,8.22323326,6.81851926,5.8731346,4.37342396,3.81658564,2.9448782000000002,2.0621926,1.4104584,0.77694124,0.42365876,0.0,0.0,0.0,0.0,0.0,0.0,0.0,0.0,0.0,0.0,0.0,0.0,0.0,0.0,0.0,0.0,0.0
Swiss Cottage,SB,MON,6811.875864000001,4.3893762,7.5643884,11.6582504,18.234066000000002,24.17829500000001,33.6945958,44.5659076,63.15026760000001,82.59084000000001,115.25852600000002,147.22956200000004,190.35925200000003,212.77128600000003,231.52395600000003,224.767612,215.629578,185.72558,160.00963000000004,135.93421,127.73251000000002,113.40859000000002,102.165111,98.3328078,92.1424688,81.69716880000001,77.4447308,77.3419698,78.33570499999998,79.39386999999999,79.128438,78.34807920000002,78.01454720000002,75.5308152,72.97121320000002,71.0624952,70.192194,69.02265000000001,68.853234,73.468728,83.424198,90.69281,103.269122,116.33436,125.151456,131.932654,143.723042,156.02497,166.115362,167.249412,164.09533199999996,158.00675600000002,148.280596,135.115348,127.273904,117.357812,104.51042200000002,84.45617040000002,70.9885684,62.70209340000001,57.28666340000001,50.269259399999996,47.8551396,46.162748799999996,41.71494220000001,39.074604799999996,42.026472399999996,43.2310708,39.859486800000006,37.893144799999995,32.6943544,25.8221632,20.1119708,16.8348722,13.36946046,10.75880826,7.2083788,4.7948390000000005,2.7305424,1.16951974,0.29325374,0.1872748,0.0,0.0,0.0,0.0,0.0,0.0,0.0,0.0,0.0,0.0,0.0,0.0,0.0,0.0,0.0
Waterloo,SB,MON,26588.514841600012,8.650984,17.572940600000003,33.8209936,84.73164759999999,137.9505476,204.1238496,282.2534070000001,386.020474,473.537872,566.465066,678.9402299999999,772.52939,814.84535,815.1359180000002,776.198224,689.160266,588.5451519999999,484.20384800000005,399.91515400000003,344.171262,296.375316,255.517556,234.97452,222.940792,215.762276,198.28379000000004,199.68575600000003,207.017256,211.288914,211.211418,228.115014,238.273446,244.257444,241.95858,249.650324,253.097858,256.714296,250.901932,261.45468,275.037356,285.442092,307.218076,340.626762,367.082942,413.438286,469.46874,504.94226,571.900314,630.943342,682.4011019999999,692.82683,722.7456420000002,691.822778,650.752526,555.7158820000001,495.150694,401.561402,334.964304,287.169708,276.003832,251.40269200000003,248.91558999999998,245.88547000000003,236.636386,225.78597,223.403562,232.35474800000003,243.23041600000005,250.728764,245.51529399999998,236.19082200000003,209.68832800000004,185.242192,153.53563799999998,124.37507079999999,99.12629400000002,78.02614759999999,47.98891472,29.89010472,18.02105792,7.94393472,1.15883112,0.0,0.0,0.0,0.0,0.0,0.0,0.0,0.0,0.0,0.0,0.0,0.0,0.0,0.0
Wembley Park,SB,MON,9118.211633280005,17.949287260000006,27.42844986,40.57921886,65.94783760000001,95.6523036,122.90070959999998,155.70390500000005,190.24098600000002,204.088212,227.81656,249.287446,268.690598,283.5795540000001,300.816456,274.548202,260.898894,245.60527600000003,214.249414,175.36443880000004,164.6484948,141.9755368,110.6570268,103.7556328,98.9062508,93.2565808,93.1082488,97.3840548,95.1905368,102.8800952,103.8637332,105.6118362,107.69525220000001,106.57807620000001,104.373281,101.387129,100.71863,99.097254,100.163234,105.4929972,118.0938072,131.01442120000002,145.76789319999997,158.97577119999997,173.471358,170.65272600000003,178.15160600000004,183.300928,198.815034,193.192478,205.843,196.223734,182.99904400000003,151.42128,136.44543000000004,108.79928400000004,91.919642,76.27785100000001,67.19071559999999,60.58386899999999,59.58486960000001,56.61470960000001,55.244972600000004,53.86123600000001,50.8869666,45.18071400000001,41.868682,39.848024,38.20585000000001,35.3599596,32.642545,28.9873466,23.761429,18.8152502,14.7121702,12.6965536,8.912120300000002,6.680891900000001,4.5210607000000005,2.3031911,0.29158829999999997,0.0,0.0,0.0,0.0,0.0,0.0,0.0,0.0,0.0,0.0,0.0,0.0,0.0,0.0,0.0,0.0
West Ham,SB,MON,3716.9031593769373,1.3815277,4.988799299999999,7.624040300000001,28.1882403,46.3645383,53.436891599999996,70.62998,88.26265300000001,95.956717,114.342483,141.03670400000001,150.657902,168.005014,161.59533000000005,148.083076,135.952726,118.5248692,90.8591864,78.1566604,63.94172440000001,48.51198900000001,42.12299520000001,37.6605646,33.2126624,29.715270000000004,31.220294600000006,30.8274924,35.44517420000001,37.899046399999996,43.5809534,40.1627902,42.194359000000006,38.655919,39.92743300000001,34.58872,35.94488600000001,33.295790000000004,35.8249328,32.3035616,37.657613399999995,39.736348,46.067534,46.97681600000001,49.4849632,48.71005940000001,50.060520200000006,53.41820420000001,63.0233662,70.2461502,79.06425259999999,83.32083920000002,81.53572820000002,73.85505500000002,69.6161998,54.03413520000001,42.3343532,32.018676600000006,23.425881000000004,16.4259948,16.778202800000006,17.8847966,16.7129124,16.6097592,16.079846200000002,14.905116199999998,12.7859477,12.4518541,11.417648300000002,10.4786663,8.95528656,7.529610359999999,7.14383248,5.086153072,3.524991512,2.4426231119999997,1.863864705424,0.6261321774240001,0.648468785424,0.28416876338712,0.21657750338712,0.21654280996312,0.16357061796311997,1.796312e-08,0.0,0.0,0.0,0.0,0.0,0.0,0.0,0.0,0.0,0.0,0.0,0.0,0.0
West Hampstead,SB,MON,7645.740889220003,3.4119554000000005,5.5775082000000005,12.647131800000002,27.662393800000004,37.8087638,62.6043078,91.85280300000001,125.6914994,163.3187294,221.60827400000002,271.01836000000003,331.4985020000001,369.4428620000001,381.62563000000006,364.65961,334.29537999999997,276.76133400000003,223.69242200000002,182.17851299999998,151.250251,124.02699299999999,105.02713100000001,92.195529,84.324246,77.674498,73.999966,71.850224,74.28329000000001,72.971676,71.10913599999999,68.83516759999999,70.7129104,68.2406864,67.0248884,65.09037839999999,66.22609880000002,65.279228,66.097502,67.12843600000001,72.2603952,74.45796920000002,76.4657712,86.9966172,92.9069852,101.459593,114.992641,124.518799,128.512277,140.57052900000002,148.67858,148.151236,147.304468,144.761752,130.815782,115.72818000000001,98.0723008,84.47778559999999,65.865351,55.166154399999996,43.7406784,36.8574558,30.866998,28.700098999999998,26.319770200000004,23.43102380000001,23.724523600000005,22.85818020000001,21.0413828,19.482878600000006,19.493471399999997,16.979828,16.1273008,14.7220354,15.828253,12.9753367,11.706330299999998,8.241879524,6.530385924,2.095957924,1.0894278240000002,0.060309624000000006,0.0,0.0,0.0,0.0,0.0,0.0,0.0,0.0,0.0,0.0,0.0,0.0,0.0,0.0,0.0
Westminster,SB,MON,20936.9754177,4.589102800000001,13.1286262,19.1219996,32.1198916,47.434544,78.6720168,96.5619574,154.36810800000003,182.41883,227.066746,246.02797599999997,317.785188,341.6286760000001,404.398322,406.635894,430.73242400000015,372.823116,327.1774880000001,253.53009,219.51427999999999,176.47816000000003,162.6579,146.450918,149.31752600000004,152.458786,158.04370400000005,171.262546,192.483478,201.90881399999998,213.790468,221.422842,233.299998,232.953784,237.104348,236.456438,251.78455,250.259194,259.793202,274.983812,300.870152,320.1935660000001,353.1614100000001,386.27814200000006,413.92753799999997,448.06995200000006,470.76577800000007,515.1332639999999,581.959812,658.5486760000001,689.717708,739.8773480000001,741.092788,701.7606599999999,625.36294,576.602392,482.00567199999995,411.619626,340.6564620000001,293.583082,247.5542820000001,231.356344,213.57522200000002,202.05056399999998,189.71630800000003,175.78266000000005,163.363136,152.766088,153.112804,153.41106399999998,151.887314,142.311331,137.988401,121.00718020000002,101.91370620000002,83.6177522,66.5772342,44.78866860000001,27.31941766000001,15.87774766,7.02526766,3.921510660000001,0.21870226000000004,0.0,0.0,0.0,0.0,0.0,0.0,0.0,0.0,0.0,0.0,0.0,0.0,0.0,0.0
Willesden Green,SB,MON,7103.605800270001,13.846694500000002,21.8279625,39.3376105,53.3779978,69.7060272,96.089562,120.578102,153.969854,195.440226,229.560748,263.908092,299.0202480000001,310.160932,307.25007999999997,292.95794400000005,276.08279400000004,244.941412,211.43358000000003,179.65529800000004,165.32076200000003,138.55175119999998,126.17970919999999,117.56418319999999,115.10832920000001,104.1381712,98.948004,91.69032,89.95257079999998,86.7640968,84.4482868,85.1877598,84.09975179999998,81.43807699999998,79.820895,79.441937,77.266448,75.909818,74.35520000000002,74.977772,74.192364,73.371274,72.632648,74.53463599999999,75.900878,77.11069599999999,77.84459480000002,85.91616959999998,89.21343759999998,91.8702776,92.9931276,96.3164408,93.409522,88.95558400000002,79.93615600000003,75.106992,66.22580680000002,56.392712800000005,49.29619339999999,44.2647544,37.08656360000001,31.225128800000004,25.947308400000004,21.414579,19.0535912,16.480857,15.5157692,14.5010828,13.4177108,11.4479686,10.6149892,8.9780062,7.585727400000001,6.22787734,5.5868352,4.45370516,3.3416794600000004,2.1626459540000003,1.5231148140000002,0.852391954,0.299660394,0.095334894,0.0,0.0,0.0,0.0,0.0,0.0,0.0,0.0,0.0,0.0,0.0,0.0,0.0,0.0,0.0
Baker Street,NB,TWT,8325.4489755,0.9233876,1.6034795000000002,4.3693917,7.4117074999999994,11.573335499999999,14.996153099999999,20.567324600000003,25.947674,42.1311602,59.52913820000001,82.94176700000001,100.6204956,112.87166,105.74446940000001,97.03316540000002,77.45708219999999,62.208782799999994,50.684749200000006,48.39499179999999,46.1831888,50.20956200000001,52.3743274,54.772483400000006,55.8876582,57.3316292,57.9277482,59.232154599999994,60.869336200000006,64.8296454,66.5095934,68.44012640000001,71.607214,74.486378,74.827966,76.379786,79.052828,84.804002,90.105042,96.691082,109.183574,120.033982,130.64698800000002,148.292212,162.70910600000005,189.32138,197.885152,221.943956,227.04723399999997,241.16155,229.095346,242.797552,237.11146800000003,244.13171200000002,233.69862200000003,232.05621200000004,214.704344,194.36649,176.07332800000003,162.41269000000003,146.861598,137.54211999999998,130.39838,122.12602800000002,119.87790400000002,117.258225,115.332501,118.74719100000002,124.377499,128.42838100000003,122.4969632,121.0243992,115.73077120000002,106.3246912,95.2018952,88.17186740000002,78.3488444,63.12677040000001,42.6103764,25.680966400000006,16.104793,5.472246,0.0,0.0,0.0,0.0,0.0,0.0,0.0,0.0,0.0,0.0,0.0,0.0,0.0,0.0,0.0
Bermondsey,NB,TWT,6604.5754572000005,3.3564792000000003,8.5776638,17.053773800000002,29.0978878,43.89297000000001,58.6776686,83.424716,103.946846,134.524948,157.33366800000005,198.12168799999998,225.000796,265.29366400000004,265.11629,274.22165,252.584306,232.72777200000002,181.9609,156.38829399999997,126.375582,107.422224,86.515201,82.6316022,80.148273,77.357373,73.405389,70.31147200000001,67.7230114,65.5110982,62.46733420000001,60.23260340000001,59.24438840000001,59.60718980000002,58.45130220000002,58.07921680000001,58.895726,59.929701,59.577503799999995,61.7396468,65.60543620000001,70.57821779999999,72.9382238,82.300837,88.815446,100.67739,104.216231,115.941647,119.134556,128.59078799999997,125.936982,133.151285,129.34211900000003,130.97198799999998,118.971104,109.143294,94.32791999999999,80.08657480000002,61.6020076,51.920807,45.63104499999999,38.5467676,34.93154680000001,32.3906268,31.0934386,29.196026399999997,28.2492798,29.1166086,28.9598212,27.3309536,25.4171264,24.679958,24.4365654,23.600952000000003,20.195877399999997,18.210210400000005,14.548030800000001,8.468778599999998,4.238494600000001,3.0976196000000007,1.0550560000000002,0.0,0.0,0.0,0.0,0.0,0.0,0.0,0.0,0.0,0.0,0.0,0.0,0.0,0.0,0.0,0.0
Bond Street,NB,TWT,18933.242425779998,0.068595756,1.386815956,11.807283956,24.294663955999997,44.840371956000006,65.19758820000001,95.91356800000001,111.477954,138.110228,150.81880400000003,171.52324800000005,177.06499800000003,199.17981799999998,187.771696,176.96883200000005,153.329172,133.33742999999998,100.889976,90.50771,86.90164200000002,91.6258592,91.51907320000002,96.0462402,99.66756320000002,103.2976032,102.134552,108.400448,113.650866,119.747653,122.318905,128.832991,134.841901,141.894384,149.53247800000003,161.325184,175.598102,188.557174,199.16775,209.154652,228.937306,250.164196,260.72684000000004,286.893924,326.316162,361.752934,395.843582,453.6745580000001,504.418198,561.073222,583.886286,624.60425,636.52909,650.054302,616.5380279999998,585.2521200000001,535.334108,483.88247200000006,421.555392,390.63900600000005,376.12814199999997,356.35579200000006,346.98830000000015,339.72776,325.1862260000001,317.4194040000001,310.442492,314.73291,318.1155500000001,319.7574800000001,308.641796,287.659192,258.02822599999996,223.539886,190.22182400000003,153.57546100000005,129.548179,101.064681,68.229201,38.129893,24.583694,8.386586,0.0,0.0,0.0,0.0,0.0,0.0,0.0,0.0,0.0,0.0,0.0,0.0,0.0,0.0,0.0
Canada Water,NB,TWT,24363.503563000006,8.5101808,21.595362800000004,51.75594080000001,105.6201368,165.6771314,230.19463599999997,318.52908199999996,427.25200400000006,525.354908,641.395294,779.540194,886.8742460000001,955.827226,945.785896,910.82447,820.3052700000002,715.2486299999999,601.6959760000002,526.4427059999999,449.673466,392.157406,345.17029,310.48199,310.528996,307.4976880000001,299.2717820000001,303.60471,305.69885000000005,297.51417599999996,286.472868,285.008934,277.209398,266.242132,257.484956,252.642512,250.64231400000003,250.984222,249.367596,253.37264,266.84924,278.26457400000004,285.55257400000005,305.98190800000003,313.912862,335.63008199999996,341.48214,365.49070400000005,379.55618799999996,417.658758,418.024422,443.269088,434.21852600000005,436.05784400000005,394.19852,368.395126,326.530898,295.543724,241.19631,211.749868,183.90448999999998,159.24611800000002,136.66874199999998,126.984432,123.79055800000002,118.25529399999999,111.13579399999999,113.761568,119.40703799999999,117.12365400000002,114.922652,111.767218,100.740689,84.1655944,68.3884194,51.069815399999996,35.57821488,21.71229388,11.23373248,3.97770748,0.6499654800000001,0.0,0.0,0.0,0.0,0.0,0.0,0.0,0.0,0.0,0.0,0.0,0.0,0.0,0.0,0.0,0.0
Canary Wharf,NB,TWT,38584.13205460001,10.9649082,22.1274182,34.6293476,56.6490436,83.0462892,108.47962140000001,144.0648534,190.919552,233.730236,283.259966,346.130726,434.555184,517.7538059999998,569.822586,576.99058,575.16572,507.021126,422.517012,356.273686,319.244432,278.001124,255.105,242.103806,238.37553599999998,238.35525400000003,238.69664200000003,246.24937000000003,258.624562,267.33375800000005,264.262252,265.714266,274.04474799999997,279.491398,279.62077000000005,293.571126,307.51098199999996,320.846046,330.220416,362.449694,390.788054,420.56842400000005,447.74133600000005,532.217436,611.0530660000002,732.9460820000003,863.9273019999999,1128.7089540000004,1337.40296,1579.9270800000004,1730.7497400000002,1894.57888,1858.17852,1821.59648,1664.2491200000004,1525.7148000000002,1294.72344,1122.9397680000004,900.2577279999999,750.2379720000001,613.0813420000002,529.067082,434.97947400000004,392.523448,347.30756,312.4767980000001,283.554398,273.78920400000004,255.689694,230.00285,218.699362,206.81134,182.416656,159.808872,140.463174,117.326254,94.0275994,65.15479739999999,42.1659374,30.4263234,11.9299034,0.0,0.0,0.0,0.0,0.0,0.0,0.0,0.0,0.0,0.0,0.0,0.0,0.0,0.0,0.0,0.0
Canning Town,NB,TWT,26192.281902999992,47.232976,100.705756,190.448816,288.594464,364.288078,472.63351200000005,561.964732,631.771732,646.700438,709.814666,741.9599860000002,809.880586,809.5405260000001,873.9818220000002,874.0865300000003,858.8269100000001,744.4287899999998,677.6193220000001,570.583572,480.895288,394.841298,342.31771200000003,310.153472,300.164752,285.45853999999997,274.49277000000006,292.741956,283.65870600000005,282.2007660000001,271.106652,275.73726,265.383086,271.652784,260.762558,280.546984,269.9595,276.79303400000003,261.04227599999996,296.517942,285.53456200000005,301.2739140000001,323.92644,354.875678,372.35672999999997,412.628026,448.51475000000005,459.084794,490.23411400000015,475.15560200000016,480.91665,464.45731800000016,455.700908,420.096304,409.031676,361.13389400000005,318.89902200000006,278.421976,245.82717599999998,198.469238,176.50683200000003,155.84915800000002,138.625226,122.6647,118.889305,109.0091618,104.404397,95.3871298,91.38178179999998,80.41263880000002,73.9531844,70.33071120000001,66.47826520000001,62.086351199999996,57.331187199999995,53.88362020000001,43.048688399999996,30.621779600000004,19.408431600000004,11.3094796,2.6705522,0.0,0.0,0.0,0.0,0.0,0.0,0.0,0.0,0.0,0.0,0.0,0.0,0.0,0.0,0.0,0.0
Canons Park,NB,TWT,64.58676928078019,0.034236788000000004,0.039186101,0.118419941,0.34138960100000004,0.450767681,0.541274933,0.8719313399999999,1.0281922,1.27867854,1.4022158400000002,1.7732096800000003,2.2942980800000004,2.39604778,2.21640106,2.2328582600000004,1.7575768859999998,1.125176426,0.8232100400000001,0.64436848,0.4956565940000001,0.6449443880000001,0.553460848,0.7494946140000001,0.7926680740000001,0.754238634,0.638857578,0.5839865679999999,0.5013209679999999,0.45299345399999996,0.4522835760000001,0.5188328120000001,0.5903159620000001,0.6308107820000001,0.6131370279999999,0.8064279120000001,0.977214492,1.114811512,1.12184896,1.212454168,1.117442368,0.992133368,1.6648846880000003,1.93099604,1.883310194,1.862514094,1.894538894,1.3070034540000002,0.959342694,0.948841272,1.0572332320000002,0.917396916,0.9256504759999999,1.0878424960000002,1.242646864,1.160952484,1.20407554,1.05662234,1.04156638,0.8120123960000001,0.7140776760000002,0.6890224559999999,0.4766098240000001,0.21484475341201606,0.17951874541201604,0.11175155136927002,0.09361511136927002,0.12265250736927,0.18361183795725403,0.169129629776606,0.169129629418968,0.133117651418968,0.124181337418968,0.07366713641896801,0.10148492859961597,0.121984237,0.107306341,0.066582375966352,0.05613722890119,0.028319421367801,0.007820087367801,2.1367801000000003e-08,1.6401449e-08,4.4666110000000005e-09,0.0,0.0,0.0,0.0,0.0,0.0,0.0,0.0,0.0,0.0,0.0,0.0,0.0
Dollis Hill,NB,TWT,1082.5260307619994,0.0,0.28618402000000004,1.5754978200000005,3.4089836200000003,5.2446436200000015,8.60032162,11.2945333,14.9204421,21.772916700000003,26.1604177,35.1213497,39.40000200000001,41.1394798,34.9249506,32.407765999999995,22.550550200000004,18.236166200000003,13.9269538,14.3434894,13.364084400000001,14.3482446,13.512363000000002,13.6126192,13.641594400000002,13.597101600000002,11.827083500000002,11.327249900000002,10.8589705,9.9858633,9.356309699999999,10.075442700000002,10.496996500000002,11.645928900000001,11.8075947,12.9151341,13.286717000000001,14.7849844,15.2733412,16.1599045,15.6408337,16.4039451,16.1049297,16.890477100000002,18.0909058,20.9434638,21.444599800000002,25.222798,25.765710199999997,26.7428534,24.773997,24.236167400000006,22.105952399999996,20.7260014,19.7231518,19.1259582,17.805715399999997,14.734079999999999,12.64732954,10.298234140000002,9.34445314,8.67045938,8.44387444,8.1014959,7.43636676,6.52881156,5.9443857200000005,5.56170378,5.42021778,4.96627232,4.41724884,4.07426928,3.15188062,2.54239204,2.1515193000000004,1.96063136,1.68184776,1.83407316,1.4583488723999998,1.0506054124,0.7243514324,0.4341069924,0.007434732400000001,0.0,0.0,0.0,0.0,0.0,0.0,0.0,0.0,0.0,0.0,0.0,0.0,0.0,0.0
Finchley Road,NB,TWT,6166.382620199998,0.0,0.4360009200000001,1.3853474600000002,2.30877276,5.55876636,9.46783816,15.106440040000004,24.953333500000006,38.0985202,50.551660600000005,64.4574188,74.7902,77.363628,74.8982814,70.09997340000001,60.46412539999999,49.03716180000001,42.0409122,37.21444279999999,33.69457620000001,31.303949400000004,32.83291620000001,33.7318146,35.61258400000001,35.71807180000001,38.242038,40.6297158,44.2088096,46.7774902,49.512565,51.459526200000006,55.08781679999999,57.50944020000001,58.89134080000001,61.17063520000002,64.7312196,66.959337,68.565855,71.9430044,69.58981680000001,77.49534179999999,84.98191480000001,95.4925758,115.81284579999999,131.16929199999998,145.971542,161.906304,173.427725,184.501703,202.455326,217.92388400000004,224.744756,222.757202,216.670394,213.89085800000004,194.76000200000001,177.638598,162.77274200000005,142.95261599999998,122.745732,105.744204,94.06455080000002,89.22668879999999,84.12271080000002,78.9047108,78.92967680000002,78.242514,77.78761680000002,74.78042679999999,71.733292,65.30131920000001,58.89371200000001,50.3796292,41.029568,31.503176399999997,25.066276400000003,17.53566092,11.673203880000004,7.66182308,4.97807148,1.95816228,0.38892496,0.0,0.0,0.0,0.0,0.0,0.0,0.0,0.0,0.0,0.0,0.0,0.0,0.0,0.0
Green Park,NB,TWT,19434.336194,2.7465212,8.210591,18.630829,42.304547,65.3274322,81.939623,111.6776132,141.78018120000004,168.09027120000005,192.441916,233.078644,267.059284,302.711678,308.096418,307.58622599999995,287.34398999999996,248.47082000000003,201.13466000000003,174.32794400000003,155.630494,147.207546,145.98966399999998,140.656196,142.239868,146.68401599999999,144.17509800000005,147.62942800000005,162.618066,166.81211000000005,165.166564,164.49429000000003,169.88864400000003,174.239974,178.842668,182.050098,197.426928,205.534978,205.931012,218.203498,243.74354800000003,255.85111400000005,272.21888800000005,298.342214,344.02546,375.554934,431.143974,473.537318,525.8357840000001,567.94587,588.663586,609.678806,617.867526,612.7802,573.029952,536.0114599999999,469.98664800000006,411.443982,345.4331860000001,294.57495000000006,268.350046,245.11042200000003,232.04451000000003,222.95405800000003,222.57354000000004,219.09748400000004,218.81856600000003,222.63005000000004,238.40422599999997,241.09802600000003,247.23201200000003,239.288178,235.55937200000002,214.602194,197.507646,165.46303400000005,152.139708,117.1045706,80.8127806,47.1944706,27.8643886,6.437182599999999,0.0,0.0,0.0,0.0,0.0,0.0,0.0,0.0,0.0,0.0,0.0,0.0,0.0,0.0,0.0
Kilburn,NB,TWT,1675.4854703999997,0.0,0.30122526000000005,1.18114632,2.47448624,3.17912958,4.15708638,6.894289520000001,10.49464046,15.304377940000002,19.900891200000004,28.3311878,32.4694974,33.608932800000005,30.605852600000002,28.983239,22.399090200000003,17.930584200000002,13.6105476,12.5801914,11.0729394,10.4216036,9.516294,10.605603,11.343227800000001,12.152162800000001,12.9230118,13.438723000000001,14.5485484,15.136608000000004,15.606926399999999,16.312616600000002,17.6351734,18.0759338,18.3545764,18.892132399999998,19.361958200000004,19.713003,19.1777926,19.7381854,21.4021052,21.7991518,24.458696600000003,27.021263,33.0564562,37.545923200000004,39.302003799999994,49.0195098,52.12443820000001,57.733827000000005,58.4846738,67.5215758,57.165425000000006,59.4860562,51.5025934,48.47471640000001,41.0768874,38.56039060000001,32.594903,27.690037800000002,23.0274382,18.338213,17.429268399999998,14.209955000000004,13.416960800000002,11.9431222,11.6481104,12.487971400000001,12.991138800000002,12.903832200000002,12.7950732,11.84787,11.4056512,10.23146914,10.363015740000002,9.734310660000002,8.80897114,6.50576854,5.13472576,2.8928651600000004,1.90231044,0.8477561600000001,0.16562276,0.0,0.0,0.0,0.0,0.0,0.0,0.0,0.0,0.0,0.0,0.0,0.0,0.0,0.0
Kingsbury,NB,TWT,508.51671920979163,0.080856354,0.18748327400000006,0.931195274,2.4116083340000003,3.4323189939999996,3.84918456,4.379032540000001,4.34833562,4.22717316,5.7295821,6.20541946,7.30859136,7.63422988,7.73757848,5.99508942,5.561675640000002,4.88032764,4.39149824,4.5453538400000015,5.185551360000002,5.54926106,5.78444946,6.48233396,6.12023436,5.73127142,5.74588182,5.32988442,5.3237935200000015,5.5041300400000015,5.5497973200000015,5.88566616,6.3697574999999995,6.616234599999999,7.14357368,7.52172888,7.60831044,7.913595599999999,8.539265499999999,8.811858099999998,9.195861099999998,19.8906797,24.211232199999998,23.498363280000003,22.517850400000004,22.623184800000004,12.275608200000002,8.0213632,8.33248852,9.000337199999999,8.9994254,8.603261199999999,9.0207364,9.1132618,9.838746400000002,9.417373,9.62046788,8.57662782,7.4887542200000015,5.8642312200000015,5.18749762,4.3121108600000015,4.13142512,3.71797534,3.76676354,3.16896234,3.10693768,2.38508938,2.5830075600000004,1.72169366,1.87963262,1.6501816200000003,1.82105298,1.5113327660000002,1.4399542060000003,1.281798066,1.213980406,1.2041506860000002,1.19127376,1.052257221958297,0.8042694019582971,0.543860801958297,0.178544261958297,1.958297e-09,0.0,0.0,0.0,0.0,0.0,0.0,0.0,0.0,0.0,0.0,0.0,0.0,0.0
London Bridge,NB,TWT,36850.90651400002,7.439993200000001,17.5484428,33.64151079999999,65.0581208,111.2030368,172.37777160000005,242.873162,316.84228800000005,396.03579800000006,465.45652200000006,545.1266740000002,645.9417060000002,728.249958,756.3484080000002,763.75584,717.0589920000001,630.231484,549.892438,486.849902,443.929156,423.02503600000006,405.75841200000013,387.06791800000013,388.694194,390.225644,393.692446,406.866736,429.635004,447.70315,451.619474,461.92363,470.29233000000005,471.32287599999995,472.66107999999997,485.9819700000001,492.90624,492.87030999999996,485.979138,494.35815199999996,520.671696,531.662808,542.102928,607.8369600000002,657.3145460000002,701.1179020000002,756.31565,856.7596699999999,897.957216,967.116036,1000.4365859999999,1038.766366,1003.943306,968.2283,886.0833119999999,795.5529919999999,706.7450719999999,621.7196240000002,542.301428,477.194676,438.039732,385.788806,363.35451,341.2557060000001,330.662946,321.859118,318.975378,313.657462,321.808802,324.22032600000006,325.82233800000006,307.7843860000001,278.79143799999997,241.762798,191.96003,141.70601000000002,110.592054,77.469782,46.398962,27.920626000000002,12.803286,0.0,0.0,0.0,0.0,0.0,0.0,0.0,0.0,0.0,0.0,0.0,0.0,0.0,0.0,0.0,0.0
Neasden,NB,TWT,925.0246186500001,0.0,0.5593804000000001,1.3419214800000003,2.78841958,4.37207484,6.43141544,9.14638704,12.12803196,15.34912346,19.8090218,26.290746400000003,32.302265600000005,34.669911000000006,34.751640800000004,31.383701,25.137205600000005,17.736156100000006,13.5751775,11.750244900000002,10.879927900000002,10.6322373,10.8795078,10.8261542,9.7412022,9.6855196,9.332859,8.61017814,8.081657799999999,8.0302334,8.344969200000001,9.074658,9.40352586,10.3223928,10.9131666,11.0290764,10.842807800000001,11.784457000000002,11.7051794,12.061624,11.9148352,12.052632400000002,12.681777199999999,13.3703352,14.095549800000002,15.892416400000002,18.766719400000003,21.558756200000005,24.3608888,28.316463400000004,28.309810200000005,29.103239800000004,26.7465226,26.1816034,21.8795916,19.9489938,15.5878719,13.7888399,9.87526464,7.81033964,6.8988483600000015,5.9898659400000005,4.5986705400000005,3.8695662000000004,3.2188970400000003,2.61303558,2.1856305000000003,1.99185378,1.89821178,1.92634622,1.9867343999999998,1.92701108,2.01612964,1.96325642,1.83968826,1.5629924919999998,1.5232196519999999,1.1837932020000002,0.8353711500000001,0.53239283,0.3729665580000001,0.126803518,0.016722728000000003,0.0,0.0,0.0,0.0,0.0,0.0,0.0,0.0,0.0,0.0,0.0,0.0,0.0,0.0
North Greenwich,NB,TWT,22495.730588600007,36.969283399999995,53.11360139999999,85.45514740000002,126.50485740000002,160.595598,193.27109,246.413198,291.00575200000003,323.841356,388.58059199999997,427.675924,488.62509800000004,519.201984,577.2877639999999,558.0029519999999,561.0659519999998,494.030682,448.366784,357.2406220000001,299.99093999999997,233.752472,201.149178,171.282034,165.155394,163.73541200000003,160.37407800000003,160.01133800000005,159.755,157.940062,153.92992400000003,161.349734,170.938152,176.66271400000005,178.50634399999998,187.512072,187.28254,183.41363400000003,179.45103799999995,183.5394660000001,189.571222,193.80632000000003,207.25647200000003,229.26265400000003,261.42811400000005,279.50731,312.0518120000001,328.9715460000001,360.320332,362.18430400000005,381.140262,381.946422,392.280388,359.745896,342.41532400000006,296.79938599999997,252.994998,204.937454,174.57096400000003,145.29509000000004,137.07361200000003,131.783002,125.35231499999999,125.171249,123.744557,121.99708500000001,123.03944300000002,138.49285400000002,181.88294199999999,275.48533599999996,458.01324000000005,653.9313000000002,776.7640880000001,874.7505540000002,816.551866,702.5628519999999,490.32507999999996,329.869452,164.734406,104.498994,10.240328,0.0,0.0,0.0,0.0,0.0,0.0,0.0,0.0,0.0,0.0,0.0,0.0,0.0,0.0,0.0,0.0
Queensbury,NB,TWT,175.37250777999998,0.14780878,0.25962326,1.05237024,2.4724286400000004,3.2414956000000004,3.78282566,4.35042312,4.776460740000001,4.644357060000001,5.7972619000000005,6.81471826,7.765522120000001,7.573921060000001,7.4698281400000015,5.983647400000001,4.51078188,3.135931680000001,2.3874970400000004,1.5789538,1.46006442,1.49197302,1.5053621000000001,1.47076364,1.32642256,1.22113682,1.15621646,1.16477778,1.30861772,1.54932688,1.6521568800000002,1.5856681680000002,1.513727028,1.3597704280000005,1.1306345480000002,1.058752828,1.2519795,1.85508684,2.41226952,2.67884028,2.7943126200000004,2.88002914,2.56281448,2.0916938600000003,2.25746662,2.46894442,2.55929756,2.6116197000000003,2.7868953400000005,2.8017525000000005,2.8395250800000005,2.9254099000000005,3.0756864200000003,3.2316056,3.2032598200000004,3.05410148,2.8234423000000004,2.4603959600000005,2.14044488,1.8158361400000005,1.87612504,1.8322866,1.67684573,1.5346767300000002,1.30735895,0.8911838360000001,0.6580071120000001,0.58207291,0.4634392000000001,0.4088392360000001,0.469203638,0.454687636,0.413106834,0.397436984,0.40328226799999994,0.26658959400000004,0.19936958,0.141505594,0.08663857400000001,0.025914114,0.0,0.0,0.0,0.0,0.0,0.0,0.0,0.0,0.0,0.0,0.0,0.0,0.0,0.0,0.0,0.0,0.0
Southwark,NB,TWT,9121.5845005,3.228344,5.4216473,12.4094513,31.240077300000006,62.53233130000001,78.0885301,100.80306379999999,129.87284979999998,164.78696380000005,181.5961218,247.55715300000003,288.52268599999996,312.876912,281.057316,257.16856199999995,193.9990592,151.81996519999998,104.64704840000002,103.4009464,92.4657304,88.31799520000001,74.93952320000001,75.6132628,71.21389479999998,74.1702208,69.15117740000001,75.6152634,78.58190259999999,83.31885460000002,78.879749,83.90380760000002,84.85002840000001,86.91448840000001,80.06767239999998,86.90003399999999,86.66024680000002,90.383668,88.367222,99.450949,101.153968,113.89539200000002,123.572074,142.92736599999998,162.48715700000002,198.603982,211.701302,251.514608,266.571924,304.94112800000005,299.7111480000001,325.17066800000003,291.7210740000001,282.2997900000001,224.665691,202.286191,145.42548180000003,121.5613938,92.3177378,80.2119378,61.7617728,61.490885,60.080879,56.778088399999994,52.5439534,53.390164,54.878696999999995,50.58784300000001,49.6588606,51.9845966,50.2455576,44.6753756,42.661066600000005,37.20310679999999,27.4958086,20.9023122,16.172785400000002,10.2621164,7.276889200000001,5.449953400000001,2.5490552,0.0,0.0,0.0,0.0,0.0,0.0,0.0,0.0,0.0,0.0,0.0,0.0,0.0,0.0,0.0,0.0
St. John's Wood,NB,TWT,1954.0354680000005,0.0,0.21332252,0.69244572,1.31352232,2.07484764,2.9777369000000005,3.89598424,5.198773040000002,7.88366484,11.961572920000002,17.23324986,23.5275216,26.377489399999998,26.204908800000005,23.191763199999997,19.6078906,14.343226000000001,11.7808156,11.472987400000001,12.5564752,12.2577614,12.3096428,12.8890554,13.3918004,13.8941606,14.586636000000002,15.600332000000002,16.4652454,16.316445400000006,15.925698,16.9764372,17.787843200000005,18.6778858,19.6712068,21.713566600000004,22.8314384,24.171092,26.2098192,30.502211600000006,37.745925799999995,41.55918120000001,45.25798320000001,50.60987520000001,53.1869966,55.415342200000005,59.051594,66.635926,72.1810108,73.564371,72.518845,72.3911636,70.64367360000001,62.25407760000001,57.523619999999994,53.002876,48.79639140000001,39.3715938,36.5085206,33.670350600000006,29.945732,27.622113400000003,26.716499800000005,24.207930200000003,22.652389800000005,19.491059399999997,15.614709,13.7562654,12.8308284,11.8247928,11.9898782,12.081094600000002,11.4016902,10.4740542,9.313226,8.0513564,6.5123571400000015,5.17449724,3.44926704,2.31459924,1.32799444,0.7073389,0.0,0.0,0.0,0.0,0.0,0.0,0.0,0.0,0.0,0.0,0.0,0.0,0.0,0.0,0.0
Stratford,NB,TWT,48355.209188000015,101.50883,167.007836,271.082476,418.681536,641.6484740000002,773.798138,868.360592,932.3050519999999,951.806712,860.3707720000001,860.7039500000002,939.0183900000001,1043.34031,1094.2405700000004,1069.889958,1032.364808,899.0102880000002,710.5608139999998,584.6261680000001,515.921334,459.60717400000004,433.51995,424.43265200000013,423.4358780000002,425.95882400000005,423.01142800000014,439.69815199999994,465.679048,472.126988,481.04309800000004,509.036542,547.768122,589.647618,616.435518,644.1789580000002,659.9364099999999,658.8326300000001,626.25715,613.9820960000002,616.253152,632.700204,652.775804,666.4411440000001,722.1396780000001,783.52652,782.5389480000001,866.7932280000001,929.3497480000001,1030.381008,1043.84795,1153.9986700000004,1069.01364,1082.37034,955.98552,878.0775900000001,759.5323900000002,732.02394,623.7477400000001,581.82464,579.1039400000001,544.9659740000002,518.3717940000001,530.660334,539.633494,522.5597540000001,523.14795,526.167536,519.30066,493.00916000000007,440.59969200000006,379.46622200000013,301.944438,230.908786,169.298832,130.86198000000002,84.02416000000002,60.03545800000001,34.257926000000005,12.734000000000002,0.0,0.0,0.0,0.0,0.0,0.0,0.0,0.0,0.0,0.0,0.0,0.0,0.0,0.0,0.0,0.0,0.0
Swiss Cottage,NB,TWT,1745.7979076000001,0.0,0.21309102,0.56582626,1.2087737400000005,1.9946405800000004,3.3510911800000005,4.680157360000001,6.518096720000001,7.78181184,11.7798882,16.927146999999998,25.276164800000004,29.6190558,33.2383332,30.0406998,28.1693582,20.9913858,16.106869200000002,13.253786600000002,13.3685226,10.553783,9.750900199999998,10.414264800000002,10.4742852,11.5174332,13.019302,14.640573999999999,14.9824042,15.3927278,15.485932800000002,15.423957200000002,15.8599062,17.2178748,17.6392454,19.2892574,20.512934,21.031760600000002,21.164246200000004,22.154899200000006,22.791947400000005,23.740749800000003,29.219321600000008,38.9739076,46.6316052,56.20054620000001,63.95569900000001,67.23567580000001,67.09679980000001,64.0407672,57.85759440000001,53.505523200000006,50.65936320000001,43.4347142,41.2946096,39.80488560000001,36.6627856,30.46880400000001,28.069174800000006,25.801617000000004,23.447204200000005,20.769580200000004,20.401925,19.3154228,17.583351800000006,17.124993000000003,19.0142602,19.202795,19.591129,20.230090000000004,17.987828600000004,15.231981700000002,13.7286297,11.961701099999999,9.898010760000002,8.724616280000001,7.61434978,5.799127240000002,4.12809424,2.53566698,1.7435912600000003,0.7070794600000001,0.0,0.0,0.0,0.0,0.0,0.0,0.0,0.0,0.0,0.0,0.0,0.0,0.0,0.0,0.0
Waterloo,NB,TWT,15334.135441000002,2.502787,6.251516800000001,12.355665199999999,28.4989102,50.1574122,71.78916720000001,97.9592334,141.13660900000005,206.494104,271.634314,361.490812,446.383246,513.3452880000001,525.987798,536.197046,489.41106000000013,423.71799400000015,348.225236,292.645752,235.98787799999997,210.99821400000005,202.891002,196.68742,195.237096,194.90993799999998,187.586202,183.427274,185.872538,181.704738,170.365296,163.47740399999995,156.92331,152.35338000000004,147.28878400000002,148.066134,148.524688,147.68834800000005,144.47665600000002,153.27961000000002,156.55642,161.85754400000005,162.26203400000003,169.54509600000003,181.054136,195.978044,211.435222,247.754562,275.55589200000003,301.042712,321.9171780000001,349.1438500000001,350.994142,355.66377400000005,343.203482,318.715384,283.8430180000001,244.674744,200.15644200000003,161.76901999999995,141.505358,124.76876599999999,119.31154679999999,116.23864480000002,117.8773988,119.05192179999999,121.9396178,127.66774699999999,135.66400900000002,136.137087,130.21918000000002,120.39461,105.20618600000002,90.33224399999999,74.3387452,66.81168720000001,54.7876892,43.7142022,29.2181942,20.267715,8.753897,2.8764369999999997,0.0,0.0,0.0,0.0,0.0,0.0,0.0,0.0,0.0,0.0,0.0,0.0,0.0,0.0,0.0
Wembley Park,NB,TWT,6509.030082799999,0.6232415600000001,0.93889904,3.32105304,5.46997764,8.18120544,12.79249028,18.3167116,25.877279200000004,39.29543260000001,54.441404799999994,66.89368040000001,84.4924616,90.924376,87.49740040000002,76.4890024,66.9526424,48.096326399999995,37.4878308,30.3686284,30.234365000000004,29.939899000000004,32.04272100000001,33.8202474,37.798460799999994,41.542487799999996,41.2365652,42.64849400000001,43.6658012,44.3942666,43.0802902,45.3184158,49.7630484,53.88592239999999,56.8279642,60.214825600000005,64.6747636,68.13997020000001,72.36838420000002,76.03277360000001,81.45849620000001,85.8758272,93.2681492,102.93032920000002,121.4159192,131.97512600000002,151.196898,166.42594400000004,183.537986,217.21907600000003,240.47022599999997,279.140238,298.1674240000001,313.0529200000001,285.908022,271.476798,225.172272,185.636656,152.59948200000005,131.6138392,108.9801732,98.4163232,91.13277920000002,84.32840920000002,73.37841,73.3511332,60.3702446,61.983532,50.1412148,54.0051948,47.8862976,47.074135600000005,42.0534902,41.4893144,33.92963579999999,27.091148600000004,23.767117300000002,17.771060419999994,12.375466720000002,6.65101532,4.933036520000001,2.36126242,0.9283493,0.0,0.0,0.0,0.0,0.0,0.0,0.0,0.0,0.0,0.0,0.0,0.0,0.0,0.0
West Ham,NB,TWT,22668.156427500002,42.523043799999996,112.3152238,185.4379598,329.3143798000001,455.2674488,607.00277,749.31663,855.2167460000002,896.916058,901.261298,921.900064,915.7942640000001,938.180298,877.8394460000002,875.9879360000001,808.720008,690.058028,560.963876,498.90393600000004,420.22063399999996,331.3466180000001,294.521282,263.88478,254.71356000000003,227.45849200000004,235.121298,219.88115,224.636458,207.407844,204.9245,190.354132,205.760726,197.61136,200.64733200000003,198.39044800000005,207.86080400000003,192.77389,189.672598,185.556494,188.849328,191.417186,204.29295800000003,216.73394,237.46273399999998,252.10303199999998,264.921596,281.73084,324.005506,322.603064,329.395764,318.26941,303.05919000000006,256.899918,245.846218,213.564234,193.955286,171.337908,148.91038600000005,117.9448108,109.5532968,96.14270480000002,85.48906680000002,74.84379279999997,75.01398800000003,66.0502936,63.8278442,59.41747620000001,61.3862514,59.566047399999995,56.48722420000002,50.90719360000002,44.2793246,33.93730540000001,25.942339399999998,20.0696193,12.8732613,7.1152622999999995,4.8220443,1.4649683,0.0,0.0,0.0,0.0,0.0,0.0,0.0,0.0,0.0,0.0,0.0,0.0,0.0,0.0,0.0,0.0,0.0
West Hampstead,NB,TWT,2475.8678176000003,0.0,0.9914448,1.49967234,3.21186114,6.1877371399999985,9.92775174,12.52494414,17.009915,23.3075822,31.927275800000004,42.30579920000001,48.97409860000001,52.30729820000001,50.83062100000001,44.026041799999994,32.858068599999996,25.25603160000001,19.2118406,15.7122277,14.6553587,14.2091369,14.000488100000002,14.0851283,13.825547200000004,13.090293,13.8814476,14.311785999999998,15.3916842,16.031276599999998,17.107464800000002,17.7430428,19.3540582,20.391639399999995,21.6435396,21.702757,22.805169400000004,23.916808800000002,23.885213200000006,24.956336999999998,27.150856800000003,32.455544800000006,33.571135399999996,42.033700399999994,47.88697120000001,52.48209380000001,59.24965660000001,62.42988280000001,72.18750080000002,80.3665708,90.2292756,88.71278080000002,100.261518,99.523894,93.36368,82.90238500000002,74.255815,59.0942024,42.4740552,35.587052,30.143968,29.6658532,29.2640488,28.8469178,26.3255332,25.0948542,23.385194600000002,21.6881304,19.7009604,20.970703,22.8924328,20.0244992,20.998463800000003,20.306530400000003,17.0579324,12.986684,12.667846100000002,8.4242278,6.3176132800000016,4.09612848,2.59408508,1.02595698,0.11229388,0.0,0.0,0.0,0.0,0.0,0.0,0.0,0.0,0.0,0.0,0.0,0.0,0.0,0.0
Westminster,NB,TWT,14130.786719299997,0.4412723,1.5738455000000002,2.9725916000000003,6.643911200000002,12.4982984,17.751478100000003,24.358803500000004,31.469418000000005,35.5270328,40.082766,46.0673576,51.63321500000001,56.9723454,63.427547,61.7253766,60.97557640000001,57.11867240000001,57.14917460000001,52.9898846,58.6641126,60.58279519999999,69.67416120000001,79.12589799999999,91.71146600000002,102.405776,121.702176,137.76843799999997,152.81867800000003,167.662638,175.796764,178.76230800000002,183.084256,181.933584,185.35538400000002,194.172306,201.681568,211.744018,227.2786,240.06274600000003,257.35789600000004,277.26405000000005,291.96267200000005,325.42732000000007,373.87659400000007,402.161528,442.59532199999995,485.28197000000006,529.056382,534.3952879999999,564.2813279999998,554.26482,548.8632319999998,492.888088,461.023816,400.45086000000003,364.869658,310.5961640000001,275.047058,236.11012999999997,214.818722,188.754496,172.47454199999999,162.91450600000005,151.937406,146.185472,140.24266200000002,137.258898,138.331648,137.093519,125.672889,117.042527,106.635347,89.53158300000003,75.86227059999999,62.2994622,51.81475260000001,36.12910926,23.24046926,12.477710660000005,7.5837870600000015,1.3445246600000005,0.0,0.0,0.0,0.0,0.0,0.0,0.0,0.0,0.0,0.0,0.0,0.0,0.0,0.0,0.0
Willesden Green,NB,TWT,1372.8925097300003,0.0,0.9571145000000001,1.73458136,3.05848956,4.70208516,8.08565796,10.324235860000002,15.984729800000002,22.437718200000006,30.881630600000005,41.68084280000001,50.3328064,50.811663,47.91167100000001,41.638975,30.3514032,22.5923828,18.8331818,18.9019452,18.9723732,19.411015,18.048546,17.545966,15.364545699999999,14.3491173,12.9932273,13.1683677,13.820910699999999,13.732324599999998,14.070093,15.8148872,16.942127399999997,16.912363199999998,18.8117046,19.4783438,18.775407,18.493996399999997,18.932240400000005,18.430187000000004,18.322633000000003,20.0799292,20.026955800000003,19.688077800000002,19.6144828,20.6618874,20.398908400000003,22.449992,25.6146288,26.2301642,26.735794400000003,29.66971,31.790597800000004,31.448039399999995,31.685852800000006,30.193849,27.1881398,21.688136800000002,18.442685,16.407331399999997,15.121405800000002,12.5145442,11.73174,10.817711200000002,9.5831046,8.219671860000002,7.789984180000001,8.068087180000001,7.38493126,6.72609772,6.146075760000001,6.06993698,4.59928106,4.14428858,3.7676024,4.01379438,3.3799241600000003,3.3022173400000003,2.4625036460000005,1.9152801659999998,1.0707722860000002,0.374984566,0.061916906000000015,0.0,0.0,0.0,0.0,0.0,0.0,0.0,0.0,0.0,0.0,0.0,0.0,0.0,0.0
Baker Street,SB,TWT,19515.751374080002,3.81322192,13.69493732,17.09932152,36.08958552,57.982845,78.0874276,101.8384582,142.321346,200.446702,232.47186800000003,301.437118,378.567384,443.516432,453.663984,485.709676,474.468162,437.735014,382.42917400000005,342.460356,309.88093599999996,290.33985,262.21611,251.757962,249.73548600000004,240.50022599999997,225.662952,230.84940600000004,239.10982600000003,244.99899800000003,245.74141800000004,247.336978,245.123712,242.18628199999998,236.692658,233.024222,230.499016,234.467812,237.07435,247.26847200000003,263.779584,283.7018720000001,295.0415240000001,305.644718,332.48103399999997,351.858766,383.127778,407.635672,457.55419000000006,469.49479,508.47531,503.393524,525.32815,495.68799800000005,478.034128,418.639268,385.101926,327.041152,284.225298,245.731838,224.80334,199.342268,174.266692,161.512316,151.10669800000005,140.843936,133.634624,130.53106599999998,128.577086,122.214824,112.799322,104.187288,102.104158,91.22048800000002,78.21708000000002,67.260272,55.236668,36.99577420000001,23.5202342,14.800388199999999,8.2322982,4.0663482,0.0,0.0,0.0,0.0,0.0,0.0,0.0,0.0,0.0,0.0,0.0,0.0,0.0,0.0,0.0
Bermondsey,SB,TWT,4969.695960000002,3.1426224000000005,10.242650400000002,15.003111800000005,22.2462408,30.943480800000003,38.4912476,43.7324724,51.39390040000001,58.616170600000004,70.49913259999998,78.53981740000002,91.37568259999999,105.79590120000002,117.616332,120.186994,124.434026,116.699798,102.66605,88.65848160000002,77.99151420000003,64.78233420000001,55.0738886,50.3907086,48.258933000000006,44.28517640000001,43.20198500000001,45.01851940000001,48.74144540000001,47.30713440000001,46.49438900000001,46.70553700000001,47.690870200000006,44.31937020000001,45.99811620000001,47.754945600000006,50.6261454,49.270026,51.9183956,51.097086,57.486192,73.48157760000002,89.30534300000002,96.1536714,111.183234,120.596524,114.954348,112.08936100000001,126.16055700000001,123.28679699999999,123.810921,123.647765,127.54944,113.10935400000001,112.503994,101.925028,98.170682,81.8726874,72.01166140000001,60.1487698,54.28002320000001,44.4478452,42.03596320000001,43.257538800000006,42.97400040000001,40.63866420000001,39.1408276,37.5776066,34.3129642,30.592175199999996,28.301023800000007,27.224786800000004,29.106281600000006,29.3124862,25.850193,24.388652399999998,20.7366708,14.463871,9.3920758,7.601534000000001,4.356530800000002,2.210974,0.8347306000000001,0.0,0.0,0.0,0.0,0.0,0.0,0.0,0.0,0.0,0.0,0.0,0.0,0.0,0.0
Bond Street,SB,TWT,29423.144047799997,4.407994400000001,10.2150504,26.6093424,45.9988016,68.8917832,103.384068,142.791154,177.39201200000005,221.46872080000003,260.10175200000003,287.45579399999997,343.504112,386.813882,427.022384,440.6546,462.7856440000001,430.65326799999997,388.16940000000005,332.458206,304.53571,269.67582200000004,257.86420200000003,247.00421800000004,247.96920000000003,252.178616,249.788012,248.55993400000003,265.211926,279.252096,277.570736,284.942954,290.239164,296.31093,294.688914,308.0244340000001,319.24882599999995,334.127134,344.99879599999997,363.114672,380.404822,403.318634,421.915296,449.1746480000001,498.20616600000005,548.3776359999998,608.8264320000002,668.232712,769.677552,832.4369260000002,906.6323259999999,942.919326,996.5538,958.59208,912.2782880000001,820.822968,750.4055000000002,655.2947320000002,570.7401440000001,510.58904400000006,475.00146400000006,431.568744,384.60762400000004,369.726492,352.671384,340.325374,324.684078,324.540976,331.00002,321.362692,306.908278,286.783568,277.08522800000003,239.280416,201.89655600000003,165.99788800000005,144.99527799999996,98.81633740000001,64.2988654,43.5866734,26.7127654,9.8100494,0.0,0.0,0.0,0.0,0.0,0.0,0.0,0.0,0.0,0.0,0.0,0.0,0.0,0.0,0.0
Canada Water,SB,TWT,15065.510735699994,4.9292820000000015,18.11032,41.71359200000001,76.094988,108.460918,148.391102,187.779418,238.98192000000003,289.131938,337.505048,387.670496,438.41494200000005,450.813342,430.28238800000014,401.41928200000007,367.671348,311.575706,263.937252,230.23947200000003,207.268192,168.648418,143.19277680000002,126.4558348,123.8166768,125.7748588,129.7792528,139.745022,145.994628,149.493438,144.58606799999998,147.409554,142.948398,141.05782,139.18346200000002,138.079952,134.869506,136.12104000000002,134.07138400000002,130.60531,138.848578,148.744992,163.445494,192.87665,211.80893799999998,237.41840200000001,269.342582,309.0494040000001,349.060994,384.80539,419.000928,425.064824,420.37873600000006,384.70502400000015,358.71190000000007,311.4880040000001,285.485152,239.417092,212.29279,190.70806000000002,171.87405800000002,149.35392,141.26914519999997,133.2194542,124.0002222,120.1022652,115.19824799999999,110.2359036,110.1199286,106.4569446,100.56397760000002,94.38399560000002,85.89381240000002,72.76222240000001,59.22163700000001,46.57728680000001,33.61742352000001,23.9887946,15.03931114,8.54138254,4.13432874,2.5420512200000003,1.5361425400000002,0.0,0.0,0.0,0.0,0.0,0.0,0.0,0.0,0.0,0.0,0.0,0.0,0.0,0.0
Canary Wharf,SB,TWT,18530.373934,3.2019078000000003,8.302497200000001,23.582771200000003,32.864048600000004,43.6186366,47.126744,56.7011086,58.3308474,64.00194400000001,69.36147600000001,82.7397288,87.79830679999999,91.316174,95.50395999999999,93.265164,88.520204,83.01193600000002,79.991577,77.507655,86.29286100000002,87.404155,88.808875,95.783924,97.299426,103.464854,112.69749000000002,128.920926,131.863338,148.12922,145.39522200000005,153.280978,149.702256,155.15434,152.65568000000002,166.40394600000005,169.428736,192.08969199999999,203.14476600000003,234.48646800000003,238.57842000000002,263.678276,267.627754,309.702664,311.88833999999997,372.040942,397.74637200000006,504.8717,578.88312,702.057894,752.157194,837.994456,811.367796,778.6805259999999,717.203492,681.1878320000001,621.24712,581.533486,540.0744540000001,473.21381,412.67149,359.25681000000003,313.20349,279.71894199999997,267.8211,248.99168200000003,227.36689200000004,216.26997800000004,196.97966600000004,182.61971400000004,176.13401800000003,164.024884,141.933922,132.47093600000002,114.67561,95.1005348,75.39933959999999,65.3689416,50.39674120000001,34.14642520000001,21.410514400000004,14.960693600000004,8.562121600000001,0.0,0.0,0.0,0.0,0.0,0.0,0.0,0.0,0.0,0.0,0.0,0.0,0.0,0.0
Canning Town,SB,TWT,16286.5968175,9.55696,11.1895118,22.3293838,59.2248038,84.29700079999999,97.84393879999999,126.98858500000001,151.98941100000005,167.542371,202.230604,269.534402,311.941334,362.83358200000015,365.66500200000013,364.958292,308.48455600000005,264.69501,213.547504,199.56967200000003,184.71522600000003,198.58713799999998,198.036548,196.63110000000003,192.22673,194.24840600000005,208.17885,233.316332,264.33544800000004,279.8097,296.907084,278.947916,279.17167000000006,255.607144,260.135618,248.53588400000004,264.75318799999997,252.48899800000004,270.943496,259.548238,285.091314,290.81790200000006,313.1052380000001,320.6810260000001,339.8918000000001,335.17421,330.32963,350.0739220000001,359.929866,365.69115,364.984804,371.96374,344.596252,311.811146,294.010956,264.15177200000005,249.566566,229.82686200000003,225.109186,197.891692,184.71873,162.69136600000004,151.177896,129.264836,126.80485280000002,109.77497740000004,97.94275340000002,88.08245140000001,87.3943174,75.2156066,82.23445,75.006485,71.8343938,64.3269658,60.56916920000001,46.178247999999996,37.22881340000001,29.3857688,20.24361906,13.5220021,9.118361300000002,5.8851589,1.4085907,0.34133244,0.0,0.0,0.0,0.0,0.0,0.0,0.0,0.0,0.0,0.0,0.0,0.0,0.0
Canons Park,SB,TWT,3642.936862540002,7.8711106000000015,17.061770000000003,32.021146,47.728856,66.06101020000001,87.0333234,104.488564,115.893868,131.793372,147.028408,165.629492,176.40016599999996,184.475962,176.251148,160.16727600000004,135.11682199999998,110.488028,88.848881,76.04724499999999,62.014779,55.51060700000001,50.53819500000001,45.62639460000001,42.3047072,42.176441800000006,37.6332612,36.40553720000001,35.3201156,34.27133860000001,31.612889800000005,32.3182348,31.822265200000004,30.494057,29.143604999999997,29.478216800000002,28.3292006,27.3798114,26.9420946,26.505707,26.623382799999998,28.710711600000003,36.2808898,42.1368492,50.3409112,55.2635312,55.79225279999999,54.3384282,52.595607400000006,49.982789399999994,46.925508799999996,47.3750472,43.377382399999995,39.8864942,34.4228916,31.3090782,24.884451400000003,19.9334468,16.436357,14.154659400000002,11.5600934,10.4111692,9.6010284,8.587354880000001,7.19867328,6.661736200000001,6.8804022,6.54976268,6.27096152,6.22779372,5.86664308,4.31651682,3.8481954000000007,3.182644460000001,2.8373039800000006,1.96987162,1.710701248,1.0098335880000002,0.804516608,0.31230268800000005,0.124779368,0.0,0.0,0.0,0.0,0.0,0.0,0.0,0.0,0.0,0.0,0.0,0.0,0.0,0.0,0.0,0.0
Dollis Hill,SB,TWT,4435.4116981,9.6823832,15.9730418,23.7661318,33.2403694,47.19611200000001,63.115745200000006,82.34391140000002,98.3258234,123.2488928,138.08833080000002,160.9630888,166.17215000000004,185.88971,173.03946000000005,176.78297000000003,158.36341000000002,148.53666800000005,118.75895600000001,110.335912,90.86665,82.44676600000003,69.57462,66.45165700000001,63.1839922,59.80366899999999,52.98170699999999,54.269059,53.08914,49.488664799999995,46.7086,46.4644224,46.989478399999996,47.2760684,46.80035720000001,47.2333638,47.9788274,47.9173462,47.1964188,48.2577674,55.2986508,56.0792118,58.719257000000006,61.08880960000001,64.3429802,61.05993420000001,58.93923879999999,61.9704376,63.2859672,65.6784952,63.87363180000001,67.93267220000001,60.97159940000001,58.4476294,49.778501399999996,45.856624,40.2023588,37.019614399999995,31.411349800000004,28.2752578,25.096600400000003,21.081393200000004,18.7042824,16.7427526,15.5476274,14.6464316,12.838061999999999,12.224308700000002,11.281127100000004,9.873274,8.231859400000001,7.4151919999999985,5.86291014,4.6545780400000005,3.7389912400000007,2.87620392,2.1723943,1.40818866,0.99075396,0.71035306,0.28055098,0.0,0.0,0.0,0.0,0.0,0.0,0.0,0.0,0.0,0.0,0.0,0.0,0.0,0.0,0.0,0.0
Finchley Road,SB,TWT,21899.739515300014,3.7549966,17.2322656,72.40473360000001,122.50373960000002,225.85104160000003,322.952361,427.62912,503.13395199999997,608.4622860000001,681.18548,811.456228,902.0312,966.45524,949.1543400000003,914.70628,796.7925799999999,698.0210599999999,574.55044,511.185706,431.00240600000006,389.06141800000006,343.2414740000001,327.0569200000001,310.56964,302.49018,285.593438,270.474714,269.833956,262.258608,249.278708,240.073634,239.248338,229.577152,218.488974,215.91271400000002,214.676706,209.001762,203.88577400000003,205.106546,210.71993200000003,213.129764,216.85563199999999,228.109492,250.04273999999998,262.790414,278.722034,297.09831,313.98992400000003,331.408544,361.839312,367.031764,374.278102,352.2128,318.770734,265.77194199999997,235.38553199999998,185.948605,161.472933,129.647707,111.447455,90.69705100000002,81.09965400000002,72.4971,68.82807199999999,63.054056,59.77499400000001,57.44894040000001,54.57446120000001,53.69298440000001,50.3297912,46.837647800000006,45.815692799999994,41.65247720000001,38.281271999999994,31.2422641,23.975494460000004,14.922142060000002,8.939656860000003,1.94511886,0.72949196,0.4313690000000001,0.0,0.0,0.0,0.0,0.0,0.0,0.0,0.0,0.0,0.0,0.0,0.0,0.0,0.0,0.0
Green Park,SB,TWT,28014.799006999998,11.9360218,25.7092898,43.2698178,71.5137718,92.90660279999999,122.94278999999999,168.33989,203.509648,232.81719,264.89736400000004,291.76764199999997,314.942684,357.042024,387.31657800000005,403.741002,425.46807000000007,413.65905,375.155236,330.682976,298.324484,260.525694,240.58208399999998,220.75717799999998,228.06259599999998,234.62389,234.00583000000003,239.015894,256.17400200000003,254.58788600000003,253.86559000000003,252.32486800000004,250.452328,256.72112799999996,260.32938400000006,266.330604,286.62377599999996,301.937918,312.44422799999995,337.19232,369.930156,389.607772,406.29697999999996,449.839308,468.705382,502.64555600000006,552.1245200000001,615.1126859999998,679.1669459999998,743.441684,813.7492040000002,843.3424039999999,870.775174,826.4541300000002,792.9324500000001,704.90755,640.5396099999999,559.535924,505.3213,451.69478,426.53556,395.8651,367.441516,353.294616,353.31806400000005,353.59255800000005,354.54582999999997,353.96401000000014,366.306606,363.882846,348.82787800000006,340.87893400000013,333.42163000000005,300.70749200000006,262.44729400000006,223.82984200000004,189.79850400000004,140.6092514,97.6356206,64.87407859999999,40.8940446,11.5019146,2.0029712,0.0,0.0,0.0,0.0,0.0,0.0,0.0,0.0,0.0,0.0,0.0,0.0,0.0,0.0
Kilburn,SB,TWT,7790.011487000001,9.6922888,16.213178,26.425353,40.41846760000001,61.05143280000002,82.3739482,105.35570700000001,131.98451200000002,156.553922,183.702624,223.426004,273.639152,316.25054,336.96416000000005,344.8081180000001,321.9512220000001,280.06074,222.8887752,187.3281072,154.00997420000004,131.91134820000002,113.15522820000001,109.66219380000001,102.6825938,97.2369908,91.7930628,89.67714480000002,89.461776,85.73460200000002,81.10844400000002,81.96373,82.67094399999999,79.40519599999999,77.61619,78.27619720000001,77.93437320000001,74.3930162,73.4871902,75.5329282,77.71759899999999,78.46893500000002,82.27008600000002,86.01511800000002,90.933262,101.223752,103.5874492,114.29535520000002,118.9767344,134.01344840000002,128.94274840000003,143.31137719999998,136.68274019999998,140.225255,120.94177700000002,118.781493,96.9425738,85.55065400000001,68.20170920000001,59.97405380000001,47.54307980000001,41.331521,36.070621200000005,32.459911,30.250203200000005,28.3848532,33.41671720000001,35.84102340000001,36.653634,35.2646066,33.98251520000001,28.64045280000001,24.79406520000001,22.36396120000001,19.5565949,16.53838038,12.31678246,8.89431952,5.10211592,2.6861348200000004,1.56030874,0.50218906,0.0,0.0,0.0,0.0,0.0,0.0,0.0,0.0,0.0,0.0,0.0,0.0,0.0,0.0,0.0
Kingsbury,SB,TWT,5487.344032399999,14.485588800000002,36.227128799999996,66.21182879999999,97.8148248,135.6654232,174.81288800000004,193.35323200000005,201.726362,214.36899,199.241778,211.35076400000003,200.58434599999998,205.827626,184.6660748,180.41730680000003,146.39147680000005,138.7446228,108.0871128,100.07163,87.48025200000002,78.4444792,67.73154579999999,68.6206148,67.2579608,65.19637680000001,63.16921840000001,64.0329574,62.45615840000001,60.5913264,58.98167340000001,58.665433400000005,57.8919142,57.0417022,57.8268532,58.7176338,57.473271,56.0944578,56.12774640000001,57.6267714,58.90086180000001,73.75106380000003,86.73228460000001,92.19174,89.989936,89.31981200000001,75.5385394,69.6808126,64.98424059999999,68.3608426,64.27301299999999,66.3364828,55.6595998,52.3989532,41.95911279999999,40.1347072,32.521965,29.490883399999998,26.107769199999996,25.671661600000004,22.414385,20.1983014,19.8103584,17.766711800000003,15.509127200000002,15.717586400000002,14.353873000000002,14.174779000000001,12.4804343,12.036677100000002,9.50669824,8.17422396,6.377608560000001,5.38002246,4.65501658,4.27596342,3.55460544,2.6356432400000003,1.81315144,0.8153691200000001,0.21186374,0.0,0.0,0.0,0.0,0.0,0.0,0.0,0.0,0.0,0.0,0.0,0.0,0.0,0.0,0.0,0.0
London Bridge,SB,TWT,32732.281350000005,12.459690000000002,29.179338000000005,49.10315800000001,77.78495400000001,132.434478,195.40643400000002,281.814626,386.674254,501.32167,602.786886,711.2932900000001,826.3425299999999,944.020502,975.99359,983.699858,942.736796,829.7563560000001,661.11501,556.4452600000002,449.22540000000015,354.9308660000001,297.9883,266.602716,243.203558,235.776864,234.250804,237.711086,247.59209199999998,253.95665,253.47611400000002,258.584256,260.29378,263.64002800000003,262.174702,268.253144,272.95333999999997,275.270616,268.981226,282.593756,297.167972,321.176334,338.460794,374.2444880000001,403.416434,448.712278,489.675694,561.971458,659.0267620000002,741.4575420000001,846.3957220000002,910.378892,962.345378,926.735506,902.475492,792.6314639999999,715.6134920000002,620.5287059999999,557.575096,490.24631800000014,453.13149200000015,412.53478400000006,372.009078,348.757528,323.7103800000001,312.77321,305.342536,301.219038,300.5608900000001,292.1459700000001,278.73172800000003,265.399422,249.50023,223.545738,197.060968,168.767096,131.209902,97.839828,68.281276,42.469026,22.492564000000005,12.509738000000002,4.2251280000000015,0.0,0.0,0.0,0.0,0.0,0.0,0.0,0.0,0.0,0.0,0.0,0.0,0.0,0.0
Neasden,SB,TWT,3739.384328700002,10.050217800000002,17.1679858,28.745600400000004,42.0382624,63.93237940000001,86.87769340000001,103.7434694,126.6077948,133.43843180000002,141.646757,141.686147,153.22083700000005,142.288124,145.505905,136.551291,127.78813899999999,106.817049,95.159885,80.298969,67.592315,58.11398060000001,54.55009,51.6982842,49.876808200000006,47.25324880000001,45.77291040000001,41.746899600000006,40.7273118,38.3690864,36.418863200000004,36.5136424,37.0996198,36.2996504,35.63282680000001,37.00200340000001,35.98771580000001,35.4881218,34.9128318,37.29606920000001,38.612736,38.53040920000001,38.05263400000001,40.877082,44.15155480000001,47.617102,51.090063,59.28863940000001,61.5724662,61.92421180000001,59.07486580000001,59.04325280000001,51.06160080000001,45.88305920000001,39.46098979999999,35.632337400000004,28.502246999999997,24.6221884,21.1694522,17.670802600000002,14.2599694,12.171531199999999,10.800279,9.673917800000002,9.109645400000002,8.483424860000001,7.99300186,7.76851272,6.9736718400000015,6.6344258400000005,6.62972948,6.29592688,5.88775442,5.68597076,4.7367843,3.49278162,2.95216456,2.05336176,1.0939405,0.63327556,0.29934674,0.0,0.0,0.0,0.0,0.0,0.0,0.0,0.0,0.0,0.0,0.0,0.0,0.0,0.0,0.0,0.0
North Greenwich,SB,TWT,14945.807836699998,16.812514,25.194119600000004,30.0488242,47.86273420000001,72.43097420000002,71.8126842,90.5535186,112.24270800000002,119.21420800000001,125.933102,135.92354,138.202886,147.245582,147.052788,136.089833,124.16824780000002,115.4878038,98.5733458,95.361165,90.52403800000002,106.12570720000002,108.50768719999999,106.129476,108.10848280000002,114.9479598,107.3813778,110.5005438,119.297941,124.856799,127.1607,133.11924399999998,136.243616,139.521524,136.91241599999998,137.90812599999998,135.71794599999998,143.396578,135.50252,136.21925800000002,147.730036,150.57523600000005,145.19713199999995,161.645344,183.609704,191.464826,201.095618,224.077496,240.15165,265.804714,274.727488,318.093968,312.125234,308.006888,273.36528599999997,273.32552599999997,231.60437599999997,231.55062200000003,210.55963800000004,212.36109,198.94714800000003,196.224404,181.927468,191.270776,187.17472200000003,181.27441600000003,183.393798,191.15328799999997,249.22777,324.11036,414.280374,491.756526,567.082214,589.1473,558.4084399999998,481.021434,373.91641,266.0711168,149.69824885999995,68.73940034,21.39558634,11.43997034,1.89024354,0.89203148,0.0,0.0,0.0,0.0,0.0,0.0,0.0,0.0,0.0,0.0,0.0,0.0,0.0
Queensbury,SB,TWT,5222.902674380002,22.048050000000003,51.4238,80.229372,131.402174,193.612278,227.387898,253.996168,265.45754600000004,248.328052,227.347314,225.933416,218.76235000000003,205.296376,209.811768,178.67576000000003,155.64137200000005,126.938796,110.57482399999999,85.010202,77.02729400000003,71.7018308,63.15079800000001,63.87169280000001,63.0046794,59.44560180000001,53.6590326,51.9892526,50.532150400000006,46.99928379999999,45.85081580000001,45.39221280000001,44.11996860000001,41.890464,41.865811,42.4657896,42.5487296,40.865743200000004,40.66957320000001,40.208995,39.9782516,39.398921,39.34220240000001,41.201464400000006,40.8692004,42.6310482,43.5003462,47.2144162,49.14393680000001,49.926103999999995,48.5877272,46.7441244,45.02885600000001,42.256369799999995,42.4204002,37.242721200000005,34.2875602,30.5691962,26.040224,21.2473422,20.9977896,19.488675200000007,16.8846264,15.3601324,13.4244066,11.3109464,10.053821200000002,9.393341,9.004192399999999,8.560540000000001,8.1020178,7.423565400000001,6.02345988,4.56649238,3.200467568,2.386828808,1.566508676,1.073089596,0.6812534960000001,0.4966379080000001,0.136234068,0.0,0.0,0.0,0.0,0.0,0.0,0.0,0.0,0.0,0.0,0.0,0.0,0.0,0.0,0.0,0.0
Southwark,SB,TWT,7135.230484700001,1.20501194,2.76229354,5.38487454,11.12198614,16.351236540000002,25.621579399999998,31.385123800000002,40.389487599999995,54.89830799999999,63.56473560000001,75.26527680000002,89.70733879999999,99.634486,96.2458752,99.77632920000002,92.0229892,82.30705479999999,70.61606320000001,62.896015399999996,52.3888798,47.300948999999996,42.32369979999999,39.56572400000001,42.201144600000006,45.41256500000001,45.43330260000001,52.79433820000001,59.2841096,62.24801360000001,61.2694598,65.50363300000001,64.14045300000001,63.978153000000006,60.95390160000001,65.99725860000001,67.51523259999999,71.4792746,74.12453060000001,84.14390700000001,98.111975,107.361151,113.026283,127.181039,140.91306799999998,150.96948,164.50048999999999,187.808304,210.02937000000003,228.94151000000002,242.176906,248.36016600000002,242.06147400000003,219.52788400000003,207.24776799999998,182.652478,161.540222,143.725544,131.95490919999997,110.42060320000002,98.4499192,91.5288,85.46972500000003,85.2423378,81.4908578,83.16603980000002,85.94521,93.544731,91.935797,96.269961,97.056331,102.52105,93.7873248,92.09716879999999,74.82015619999999,61.61911619999999,41.4569382,29.9431414,16.100162599999997,12.2330212,8.0833872,3.9640952000000005,0.7799931999999999,0.0,0.0,0.0,0.0,0.0,0.0,0.0,0.0,0.0,0.0,0.0,0.0,0.0,0.0
St. John's Wood,SB,TWT,8318.36286832,3.5367186800000003,5.96323868,9.39257108,14.75011908,21.842241800000004,30.215606000000005,41.571744,57.9202796,76.9087016,109.7585364,141.790284,195.66129400000003,227.7548,263.355004,260.180008,256.11066400000004,215.03057,184.454436,148.26695500000002,131.816633,115.344486,108.425569,103.313125,98.110734,97.491618,95.122282,97.69158900000001,104.211403,107.438974,105.19920600000002,104.168735,103.24125380000002,101.8343618,99.8038716,100.3086276,103.3399316,103.14097679999999,102.2765708,109.060148,118.91107199999999,124.65083,133.773252,155.373986,160.72378400000005,175.57527800000003,182.292756,209.546386,206.850772,227.38014,214.10297000000003,224.070194,196.10853999999998,189.227732,157.862034,152.3379868,124.46471880000001,112.9295668,93.4045288,87.42847280000002,76.15940800000001,72.44599160000001,65.44145660000001,62.0735506,54.03045920000001,46.68144960000001,39.5639504,36.4209594,34.3007174,33.629961200000004,33.711383999999995,34.283413200000005,31.0189624,27.803692400000006,22.2287086,17.6254378,12.111161000000005,7.933970080000001,3.70680208,2.92126148,1.06369708,0.38760628,0.0,0.0,0.0,0.0,0.0,0.0,0.0,0.0,0.0,0.0,0.0,0.0,0.0,0.0,0.0
Stanmore,SB,TWT,5214.965162800002,13.8073166,19.6820892,37.9813072,67.6224912,85.38001320000002,103.44686159999999,131.756573,150.218847,177.63631700000005,207.51578899999998,239.608806,258.27506600000004,256.701282,228.68032000000002,199.35273,161.68636600000005,130.49583,105.1930006,90.82578060000002,82.19247659999999,72.76722459999998,62.955392599999996,65.162746,62.16912480000001,54.6235748,55.63878380000001,53.1590434,50.51732180000001,47.893371,45.657800400000006,44.99860540000001,44.683150399999995,44.66346,44.030572600000006,44.71214620000001,45.13787020000001,44.544123600000006,43.7151652,43.975547399999996,44.9375972,50.32066,51.701415399999995,57.7473978,65.07654699999999,76.0645602,77.3768542,93.5123088,94.8995868,102.8475828,94.6888368,93.52854,80.706924,74.53188279999999,60.96826600000001,54.958755,46.4448216,38.6921318,32.79576900000001,26.4730716,23.893998600000003,20.041825000000006,17.4469117,15.5319115,14.046830300000002,11.6347725,11.267538499999999,10.090774800000002,9.59352852,7.913079080000001,7.681908880000001,6.29100156,5.634473260000001,4.6605323200000015,4.16618122,3.07794038,2.2849907000000003,1.3118578,0.73432722,0.32298316,0.0,0.0,0.0,0.0,0.0,0.0,0.0,0.0,0.0,0.0,0.0,0.0,0.0,0.0,0.0,0.0,0.0
Swiss Cottage,SB,TWT,7600.147848300003,4.435175800000001,7.1051106,10.650628999999999,15.539906599999998,21.530796399999996,33.4144078,45.813693,67.11926460000001,91.419193,128.86782200000002,166.63538,221.225272,247.55839200000003,271.45508600000005,267.250988,256.4995620000001,215.66222800000003,183.92193999999998,151.65607200000005,136.10171400000002,118.344782,107.71576599999999,105.141276,101.491677,93.89209780000002,87.44376779999997,85.958005,87.716289,86.949974,83.36673420000002,83.43996820000002,82.575467,78.403485,76.99731899999999,77.397518,76.01357,75.21242600000002,74.617451,77.49994500000003,81.378703,86.26398499999999,99.359301,115.28003,126.881134,143.52802200000005,161.137394,178.21659600000004,188.95623799999998,189.629996,182.22345400000003,172.16457400000004,156.93694399999998,142.417258,136.69617200000002,128.42487,118.8590168,101.4761214,86.1491134,74.1944114,64.1434998,53.722065799999996,51.1825412,50.1957486,46.778109,49.0963554,55.25267660000001,55.0674466,52.887255599999996,51.57502120000001,44.935944,36.742758,30.8453066,25.7930574,19.840765000000005,15.309895600000004,9.81794498,6.1384399000000025,3.6832366999999997,1.8858831000000005,0.7367769000000001,0.30363552000000005,0.0,0.0,0.0,0.0,0.0,0.0,0.0,0.0,0.0,0.0,0.0,0.0,0.0,0.0,0.0
Waterloo,SB,TWT,41752.49960800002,9.6479248,21.8255142,35.9830782,92.8795742,156.65198020000003,240.21783540000004,354.0287600000001,512.3555220000002,656.036646,816.6433400000001,1015.79372,1202.166826,1295.75316,1328.1455400000002,1301.754452,1193.737424,1003.696752,834.5386520000002,679.3781120000001,560.849866,461.320134,405.028434,371.025402,360.38013200000006,354.15272000000004,328.8756,329.886952,339.30962,341.182784,329.774862,344.947826,356.6248520000001,361.336272,359.369164,374.16967200000005,377.576442,377.42515,369.16486000000003,380.154538,396.538138,409.41237400000006,425.61994,460.25454600000006,492.93556200000006,555.2791340000001,639.3661960000002,704.554344,805.9348259999999,894.195866,975.4400939999999,997.6921679999999,1048.07404,1009.611466,976.584606,866.4771860000002,791.3511120000002,664.708786,583.304966,508.37004600000006,480.81848000000014,437.79412800000017,431.393014,430.33224600000005,418.18099200000006,403.71073400000006,408.05972,437.42952,459.71156799999994,475.21877600000005,468.033724,458.726644,405.234204,362.47786400000007,314.33182999999997,264.339536,217.565106,180.571236,119.40587340000002,73.15575340000001,45.8660034,18.4155674,2.2315973999999996,0.0,0.0,0.0,0.0,0.0,0.0,0.0,0.0,0.0,0.0,0.0,0.0,0.0,0.0
Wembley Park,SB,TWT,9723.788679760002,16.206462520000002,25.88880512,40.75473312,67.61593420000001,103.475773,134.60425859999998,172.24769200000003,205.37028000000004,219.25738600000003,240.52386,262.444516,280.42883,299.33858,322.6568240000001,296.11534400000005,279.127054,258.245306,218.89857200000003,174.67507319999999,162.0367072,140.06945119999997,112.1999892,109.8403512,105.416862,100.592558,100.633222,104.22606,102.201915,108.01015,105.83816999999999,106.21899599999999,108.62854499999999,109.07038200000001,108.783789,108.4168062,108.0236612,107.3615662,106.7408702,109.0440582,120.703107,134.237942,149.31851799999998,166.32837600000005,186.513384,186.867806,192.106516,194.406148,206.34864,201.306554,215.49843000000004,208.461884,197.637012,166.69055600000004,147.72824599999998,116.77902600000002,100.43172400000002,85.7926808,76.77151140000002,72.17796740000001,70.61795540000001,65.4291428,61.86561740000001,60.20925820000001,53.2940022,48.8634696,46.4971382,44.2128548,42.94017940000001,42.9081214,40.3681404,38.4873518,33.5708106,27.1130674,21.559865200000004,19.9373512,13.84298064,10.79186584,8.20502904,5.184403240000001,0.55465284,0.0,0.0,0.0,0.0,0.0,0.0,0.0,0.0,0.0,0.0,0.0,0.0,0.0,0.0,0.0,0.0
West Ham,SB,TWT,5636.914164418696,1.508159,6.360022000000002,9.776174,45.85807,76.16069399999998,86.792845,106.747235,126.900433,127.955657,153.697013,188.498563,205.05479800000003,237.33298200000004,229.336596,203.32947,187.624024,164.28195200000005,121.948009,110.903706,102.745522,85.1897172,78.5802232,78.1281882,69.8983184,60.2517624,67.64671320000001,66.9116052,72.73655720000002,74.85459300000001,80.203641,67.4412204,69.1635464,59.4400964,59.9717294,53.04577679999999,55.6738414,52.0793614,57.02610260000001,54.04772060000001,61.9884012,64.833182,72.40180400000001,68.0888058,66.2029368,59.327904,57.86166720000002,60.6277052,77.2773602,88.42195400000001,99.6644548,105.8065628,104.9408608,96.2088608,90.71441999999999,73.39266059999999,61.53568820000001,50.51397120000001,40.34613,34.5305886,37.407636,40.6283524,38.5192628,37.32301260000001,37.69943080000001,35.67941879999999,32.6539882,32.05537140000001,31.594618800000003,27.698386199999998,23.941899400000004,18.7888802,17.735047200000004,12.0997276,8.910415940000002,6.49175202,4.871491610000001,1.3946349219999998,1.15577467,0.3783101437394501,0.054826863739450005,0.027937073739450004,0.01543216173945,1.373945e-08,0.0,0.0,0.0,0.0,0.0,0.0,0.0,0.0,0.0,0.0,0.0,0.0,0.0
West Hampstead,SB,TWT,11596.068664699997,4.204173000000001,7.362626799999999,17.679788800000004,36.641286799999996,52.98505340000001,89.63761780000002,131.95584200000002,179.46885600000002,237.16773799999999,327.219596,412.451922,526.109304,607.4024559999999,635.214736,618.103846,559.184844,448.87753,341.846172,274.67322,213.07800000000003,173.215278,149.64167680000003,138.06060159999998,126.06158960000002,119.44357560000002,117.07288760000002,114.35872600000002,118.35928320000002,113.48643600000004,109.10326200000004,104.94524800000002,104.017776,98.28492,96.8386092,95.4416844,97.6733624,95.0622392,94.5268872,95.0822952,101.46852,101.066046,102.235828,112.27806000000001,119.190992,128.78066,146.88414600000004,164.23449,179.194774,200.358946,213.043224,215.192708,212.32980200000003,205.761802,189.78082000000003,174.97569200000004,149.78989119999997,131.84120120000003,107.6197926,86.8004842,66.39354700000001,58.4855568,50.4517372,45.36258480000001,42.178824799999994,38.2452486,37.887710799999994,36.482550399999994,36.2806308,36.480319200000004,37.1812446,34.330258799999996,33.0965908,29.8569734,24.823718799999998,20.628196100000004,17.17956596,11.482079620000002,7.55641762,4.7599842200000015,1.81731492,0.33878366000000004,0.0,0.0,0.0,0.0,0.0,0.0,0.0,0.0,0.0,0.0,0.0,0.0,0.0,0.0,0.0
Westminster,SB,TWT,26661.310667900012,6.0477925400000005,15.39691754,22.21048494,34.40170294,50.33583594,87.59367040000001,109.3144974,173.59804400000004,205.87760000000003,252.706044,276.984104,372.241252,407.007918,487.363704,499.16298400000005,526.8939839999999,455.592924,400.27168,307.92365600000005,268.154442,222.047972,206.955116,193.09022,207.37348400000002,215.745908,222.45844800000003,234.85223,258.09477000000004,267.15911800000003,275.73643799999996,281.44195800000006,297.840638,302.314298,309.791898,317.5561780000001,337.19350799999995,329.66103799999996,337.777824,352.144316,374.546876,387.38365,421.081478,452.10771200000005,477.128252,519.6192000000002,552.622492,613.865548,702.5641479999998,796.9016760000002,838.6730759999999,913.2442880000001,918.960228,876.683398,806.0486300000001,763.1195160000002,642.2686920000001,558.255178,466.032888,395.935308,327.6216060000001,303.65487,277.85496400000005,264.09732600000007,258.41504399999997,244.706324,236.59332200000003,228.791802,244.55822400000002,240.09155000000004,236.56292200000004,226.28922800000004,219.56633200000005,186.4806140000001,159.64954800000004,133.76044000000002,104.8570424,72.8458584,46.32066724,27.00472924,10.46201324,5.6351948400000005,0.13421484,0.0,0.0,0.0,0.0,0.0,0.0,0.0,0.0,0.0,0.0,0.0,0.0,0.0,0.0
Willesden Green,SB,TWT,7980.58666575,10.72202284,18.75226204,37.16869604,52.640926199999996,73.99729260000002,106.2797132,134.24533,170.84301599999995,217.26703000000003,254.02633799999998,299.69904400000013,348.4687340000001,367.848498,372.59448599999996,361.964478,339.81122799999997,293.7827240000001,248.859164,205.20193200000003,183.12841799999998,147.51045480000005,134.4025608,127.0951928,125.31319479999999,113.1034948,106.72519400000002,98.10365,94.6349628,89.4935968,84.3011448,83.97122580000001,84.5950938,82.59317300000002,80.81146899999999,82.162052,83.2337118,80.016075,77.317173,77.592259,77.22472400000002,74.5295212,74.84490500000001,77.95652700000002,81.4399482,84.0667662,84.7996962,93.37991020000001,98.6305802,102.160833,103.670363,110.388173,107.303132,101.3130312,94.03396320000002,87.96887120000002,76.7994348,65.57558,57.04892680000001,48.45206080000001,41.6240408,34.7398176,31.242410000000003,27.605398200000003,25.5873492,22.857172199999997,21.5840094,19.100250600000003,17.6859126,15.8356254,13.543327,12.1274946,10.9009498,9.1844846,7.6718426000000015,6.599061840000001,4.6521431,2.956242966,1.8850739660000004,0.941558166,0.30161632600000005,0.096925866,0.0,0.0,0.0,0.0,0.0,0.0,0.0,0.0,0.0,0.0,0.0,0.0,0.0,0.0,0.0
Baker Street,NB,FRI,8061.269854330801,0.7028430000000001,1.2994087800000005,4.05018658,7.106573580000001,11.236725580000002,15.472036580000005,20.216190000000005,24.910464200000003,38.1667372,52.70267120000001,72.6842804,88.17972520000002,101.000756,94.18418740000001,87.85037740000001,71.1561482,60.66954700000001,51.37425740000001,53.53825000000001,53.183034000000006,57.20774600000001,56.907775199999996,56.427606999999995,55.94066379999999,55.360293799999994,54.48972240000001,58.06886039999999,61.7920474,64.40282859999999,68.56498859999999,72.163434,75.33098000000003,78.07647600000001,80.08203920000003,82.39249720000002,86.13113440000002,90.56803560000002,95.0401348,105.41985359999998,116.21039960000002,130.7807784,147.2143892,166.66114199999998,176.25051399999998,198.235856,203.335226,211.58153,205.697614,212.33628599999997,196.091456,197.548124,189.31182400000003,199.06412000000003,192.27249,193.972182,183.899528,173.48703600000002,156.880724,145.21225599999997,132.77244199999998,124.25213200000002,114.82333799999999,105.46755600000004,100.2891112,96.6004782,95.7557082,102.6124462,110.38422020000002,116.66044699999999,113.3060448,114.9649728,113.3485728,110.80134779999999,106.4604898,105.3933802,91.9437222,82.6972132,64.50382420000001,45.999644,34.0792792,26.43919288,14.81304828,9.88478654,10.138518140000002,7.81855134,7.68148906,5.47829866,4.5909544,3.9146282,4.7121564000000005,4.434369599999999,5.60830892,5.65306363,3.8884971936,1.7812013936000002,1.2214267936
Bermondsey,NB,FRI,7439.845456496,5.5108422,11.177759199999999,19.0009532,30.2997852,43.8037024,54.9902338,75.91946479999999,92.6260088,116.06709679999999,129.9789828,158.755482,171.15890000000005,198.00971600000003,196.25046000000003,204.15166400000004,189.948938,184.336708,153.0478868,141.2005418,125.3583098,117.531929,103.03300900000002,100.3139502,96.6313752,92.53315820000002,87.809821,84.75336300000002,84.15813299999999,85.960739,86.0019728,85.6778148,86.4638348,84.9668568,79.89110079999999,76.87283199999999,76.32190800000002,75.955686,77.7182452,79.5007292,84.5718952,90.62447240000002,95.8295224,105.9520972,111.9257182,121.4499522,121.14053899999999,131.999175,130.50525700000003,142.622284,142.71273000000005,154.17374800000005,150.38150000000005,157.82908600000005,148.37217400000003,143.122884,136.192296,127.17836,110.0154228,99.64107680000002,86.8291122,71.78191960000002,62.608339,57.7876534,52.7929802,49.7456574,45.912264,43.6949786,42.7059482,42.93891860000001,42.47303860000001,43.9289234,46.3600386,45.4796492,38.49975560000001,36.777709400000006,33.258551399999995,25.2833122,16.66406838,16.35699898,11.3193361,7.8991573000000015,5.7366755000000005,6.48457106,4.7831610200000005,4.7520511,2.989413548,2.577627348,1.980943328,2.8709129680000003,2.659380788,3.21765816,3.66673436,3.14483962,1.7919147320000002,1.429367312,0.7318114920000001
Bond Street,NB,FRI,18141.663044121997,0.11408691999999998,1.90733472,10.64375972,22.10074292,39.71450292,57.409142,82.73932620000002,97.82561520000002,123.045756,134.157534,148.213552,150.97815400000002,167.398156,157.12017400000005,150.25087000000005,139.25709799999998,129.561022,107.063006,98.962149,95.812355,96.480437,95.213539,97.292585,100.46502,106.525531,106.405293,111.63810300000002,118.40309900000004,125.564181,129.45075200000002,138.50686800000003,147.01472600000002,152.58028000000004,156.957872,167.94907,178.36108599999997,188.21589,199.80601399999998,213.64005200000003,231.266066,260.705204,278.058122,306.5390920000001,345.34653199999997,376.8262380000001,398.128092,434.04252600000007,459.531236,490.62070400000016,490.50850400000013,505.53640400000006,507.59592000000004,515.68852,482.36437199999995,470.08829199999997,441.64882800000004,409.456368,364.953,344.83628799999997,325.682874,304.1841980000001,288.43351600000005,279.63169800000003,268.65335400000004,263.935288,257.711182,265.57377599999995,274.272946,281.583114,276.34656,266.33458199999995,249.274502,225.681582,205.89955200000003,182.800974,167.04638900000003,139.629096,119.97633200000001,103.06815,88.74520920000002,83.04520300000001,76.51462600000002,73.523678,59.022631200000006,64.40882280000001,46.496713799999995,39.737811799999996,24.7737598,30.9664006,20.4917878,26.675116400000004,29.814096800000005,33.46956060000001,18.853178374000002,14.108992374000001,6.810747973999999
Canada Water,NB,FRI,24583.59844827,7.52984726,20.42162426,45.40547626,83.92887026,133.52565740000003,180.12661500000004,240.339648,315.296226,382.300612,443.4663000000001,518.5984599999999,584.67251,625.7444399999998,625.83096,631.709408,605.963644,562.001496,509.14477000000005,473.040626,422.370782,387.098992,351.04397400000005,327.685472,322.38069600000006,317.761232,308.0663540000001,309.828732,306.004568,305.538158,302.9906180000001,305.568298,308.32327799999996,311.338238,303.493854,299.058914,294.371006,288.8510179999999,282.754758,290.210972,302.195644,319.66015,335.947852,359.907374,368.866218,389.005012,393.940286,413.546444,423.471798,465.64249400000006,467.98791600000015,499.58185600000013,500.08668400000005,513.630586,480.82558200000005,473.963082,436.334982,406.927938,350.17132799999996,310.83211,265.407848,228.080248,192.66691200000002,173.708926,159.466162,149.00394599999998,140.691172,146.720552,161.945192,164.71597000000003,166.15411800000004,166.86605,156.4771392,138.20037319999997,123.0338752,103.7645282,85.54387980000003,64.7460618,40.7836492,29.00711,21.628062600000003,17.3779188,15.1426894,16.5551698,14.787851999999999,14.4393608,11.1717422,8.8269484,7.4490397,7.9248311,7.4415113,8.729907100000002,9.829425500000003,7.90300654,5.31331273,3.94266013,1.83885713
Canary Wharf,NB,FRI,30864.126576436804,9.629464,22.836598000000002,34.770902,56.132844999999996,76.1517694,99.245005,125.744997,164.020633,195.06551,235.12272,277.40877,333.64309199999997,380.42977200000007,407.933412,412.574562,419.33775,382.099696,343.50683,320.24785400000013,311.1377,293.97582200000005,291.490028,286.5464,286.793872,289.9030360000001,288.50333,295.48642600000005,307.5956720000001,315.78118200000006,313.45187799999997,315.629202,320.497238,322.060126,321.29122399999994,327.47753,339.331792,348.41502,360.43461000000013,386.481886,414.10494000000006,436.689858,460.96724400000005,512.359108,552.4879179999999,615.088958,681.2052420000001,816.4306760000002,917.016922,1033.044092,1086.805272,1137.1545199999998,1086.654232,1042.7418260000004,942.977386,884.5597940000001,786.6183139999999,716.8225820000004,610.7489559999999,541.929342,451.08480400000013,394.82593600000007,329.427924,299.3831160000001,267.64633200000003,247.87194,237.639132,236.32859399999998,231.05363400000005,222.497852,228.39610800000003,227.454216,217.46234600000003,213.174276,198.36369399999998,186.342674,162.259774,137.754062,107.58685000000004,88.239681,62.00001040000001,41.7700703,33.7393615,24.461470300000002,25.5095127,16.810286599999998,15.313237100000002,8.191317900000001,9.6060265,6.10468076,7.96051186,8.11347306,9.65058546,6.1479275002,5.1776608322,2.5831324322,1.6010288321999997
Canning Town,NB,FRI,29676.80455335097,55.621990000000004,103.09374,189.763954,282.812202,359.2433680000001,449.12362400000006,530.432734,587.9433799999999,591.0137720000001,626.7280000000002,630.5549000000002,660.91851,640.9087900000002,681.266518,668.401198,659.993878,585.038354,551.4409440000001,495.157728,460.10850199999993,419.740288,392.544676,374.41573999999997,367.624114,354.57277000000005,343.635464,364.795126,360.078244,362.965066,356.396136,365.026576,354.565786,362.19009,350.498196,367.41837599999997,359.22909599999997,373.14273,352.59345,397.321422,389.58990200000005,408.492812,435.21788,470.1541600000001,482.53631400000006,510.918758,533.948648,529.0264599999999,563.633804,548.7461940000002,568.7190400000002,565.25771,570.641262,540.4169860000002,537.882428,489.55758600000013,448.45137200000005,409.386896,378.926356,324.0695340000001,297.827962,268.96434,240.734262,208.979992,192.78075800000002,176.37868200000003,165.543248,151.99145,148.004826,139.359958,129.42928,121.950807,118.75541300000002,114.454757,103.0832182,98.76807620000002,88.01278920000001,68.24390079999999,45.39859474,32.38446637,18.50175847,12.514338070000004,11.578338470000002,14.64856993,17.523209700000002,17.014360399999997,13.666514320000005,13.640870720000002,14.01095252,16.21783232,18.98607772,23.788739000000003,25.140301800000003,21.44830994,16.17019222032,11.117884020319998,5.89598922032
Canons Park,NB,FRI,67.61224465799998,0.006001503399999999,0.006001503399999999,0.1418079914,0.2787521114,0.3336895914,0.4991556280000001,0.7824518480000001,0.8147287400000002,1.01570678,1.3765697,1.87007636,2.40841794,2.67544656,2.65755268,2.59895014,2.17985672,1.70528944,1.3707771000000002,1.136217428,0.8984038080000001,0.7564390780000001,0.486491574,0.455606134,0.46405514,0.39269588200000005,0.370185876,0.39957136,0.5157079999999999,0.5901579140000001,0.6530525979999999,0.6292933060000001,0.6622678160000002,0.606993876,0.656359668,0.7453300620000001,0.97446683,1.10478516,1.18672166,1.1459428480000002,1.0596608880000002,1.0388157679999999,1.4450900680000005,1.5515596480000002,1.6743535400000005,1.7486235000000003,1.7249722400000005,1.3626698999999998,1.24622766,1.25281288,1.20710637,1.045320662,0.8232601220000002,0.8605993820000001,0.685836862,0.5910004,0.6258410080000001,0.648545508,0.568209308,0.4567241612,0.6084018932,0.5980255992,0.5759072232,0.4966092792,0.566925094,0.41571712200000005,0.439659816,0.459128972,0.4439937559999999,0.363089076,0.33595091799999993,0.304673348,0.192905308,0.16573341600000002,0.194140818,0.2772507280000001,0.314720318,0.390645812,0.3527070440000001,0.314802554,0.211025954,0.09733581400000002,0.045214849,0.069019377,0.069019377,0.069019377,0.047609057,0.023804528,0.0,0.0,0.0,0.0,0.0,0.0,0.0,0.0,0.0
Dollis Hill,NB,FRI,1150.2592816889412,0.0,0.35613094,1.7506840200000005,3.0903474200000005,4.585422620000001,7.599388020000001,10.52644228,14.933310999999998,22.962165,27.07160260000001,36.2643032,39.56020800000001,39.9816392,33.9889652,32.8262572,24.583328400000006,21.248855,17.606858900000006,16.737877100000002,14.7144853,13.578036699999998,11.829973300000002,11.8336288,12.1616532,12.1211119,10.947536900000001,11.419172900000001,10.7559063,10.1898145,9.9151014,10.2810127,10.867118099999999,10.7352273,10.3330621,10.936482300000002,11.7568726,12.895599400000002,14.5030784,15.709532800000002,14.929672,15.6937788,15.882182199999999,17.705145,18.8784434,23.1210168,23.761169400000004,26.798078000000004,26.294200000000004,28.443122999999996,26.6474026,26.081325400000004,23.913966600000002,23.564564999999998,22.3231082,21.9396182,21.560474399999997,19.340941,17.633095,14.755859599999999,12.618172800000002,10.6839386,9.45632154,8.00277894,7.0351292600000015,6.405521780000001,6.89192478,7.55892324,7.90829084,7.55155792,7.117759940000001,5.86936534,4.48923054,3.61890554,3.0056232000000005,3.06651326,2.8322245400000003,2.7944594200000004,2.2055647659999997,2.016170238,1.327140068,1.026830794,0.6298367260000001,0.7170232900000001,0.6381286220000001,0.5646503279999999,0.561096586,0.405167974,0.22270486400000006,0.15204640000000005,0.122532034,0.05846340546000001,0.058842321820000015,0.08388430382,0.08450642109999999,0.02665045110000001,0.026043015640000004
Finchley Road,NB,FRI,5228.953463635602,0.0,0.6089756400000002,1.21069116,1.7801312800000002,4.57691848,8.60846608,13.339121040000002,22.24240812,33.376908,45.484803799999995,56.4884262,64.7267836,66.32912660000001,64.48500179999999,59.3895938,54.3871692,46.65592880000001,43.03027520000001,39.57907400000001,36.38337300000001,32.2236088,32.104665000000004,31.825889000000004,33.77203900000001,35.36257700000001,37.50493460000001,39.667988799999996,42.591600799999995,44.2801328,46.87649680000001,48.9644714,53.3247578,55.0029584,56.58233780000001,58.4578898,62.82090840000001,66.255638,70.36366540000002,76.398472,73.42113259999998,77.4502026,84.75430859999999,93.9538106,107.3065286,121.09144600000002,134.874328,145.256858,150.22598,157.836486,162.36567200000005,161.30450800000003,157.56364200000004,158.160156,149.72803000000002,149.77746000000005,140.19657800000002,129.394396,112.52755800000004,97.39437,83.39608000000001,73.44218680000002,66.36219600000001,63.02753320000001,58.72130320000001,56.160419999999995,56.29273820000001,55.98338300000001,59.33291580000001,60.05581779999999,61.32183500000002,62.25462460000001,60.965784600000006,54.17002220000001,47.50762460000002,38.482076000000006,29.89167800000001,23.1531766,16.270812492,12.034830092000004,8.587845592,5.255657192,2.172448952,2.68575014,2.6317676600000004,3.29621696,2.6690172500000005,2.33945089,1.67835021,1.7020999900000002,0.87760875,0.9254492,0.969454516,1.207166456,0.6663240511999999,0.5298330911999999,0.2843261512
Green Park,NB,FRI,19390.98804038001,2.2701666,7.268059000000001,16.7468698,37.54571780000001,57.607364800000006,73.0111782,97.40496379999999,122.772107,145.13836300000003,167.940648,198.80031,224.739772,251.6664260000001,252.59370400000003,249.8395040000001,241.146372,220.566916,192.03446,181.039734,172.329206,163.99938,158.117072,147.892014,143.59804400000004,146.13194199999998,145.185344,151.08269199999998,165.27272200000004,170.413226,170.92457800000003,173.09431200000003,176.67656200000005,180.786724,183.646394,186.08234000000004,198.53491,205.90703600000003,208.31659,221.13107999999997,243.24442,257.590794,280.76849400000003,308.684682,360.66995800000007,391.05754200000007,437.21602600000006,464.74427000000014,502.52950200000015,525.1604100000002,535.1486460000001,541.4976379999999,550.830954,547.743622,515.802154,489.01699400000007,444.402834,392.39834600000006,334.66059800000005,290.085752,260.713144,233.88188,218.19633,204.54845000000003,198.360494,196.217098,190.09084000000004,194.586924,207.673264,214.50828400000003,221.07426600000002,225.67592,224.04400200000003,214.703892,213.273756,203.87690200000003,197.03635,189.20403800000003,156.36483320000005,127.89549920000002,97.83107779999999,80.2271618,53.41685820000001,61.80397900000001,50.120170400000006,53.8983922,40.17551352,33.88364112,19.63619512,25.76796372,19.15864412,26.3784648,29.9577148,35.2482792,22.61869126,17.27668646,9.15400046
Kilburn,NB,FRI,1714.85085817044,0.0,0.24995558,1.27449134,2.30189474,3.11298974,4.15272294,6.444051160000001,9.5184274,13.905440000000002,17.8936378,26.482275200000004,30.582364,30.651729800000005,28.00934020000001,26.551055000000005,19.685603600000004,15.792029800000005,13.150941260000002,12.39165746,10.97571046,10.42889486,9.89842106,10.5564282,11.185710000000002,12.061407,12.522986200000002,13.022999200000005,13.888087599999999,14.1221888,14.1287446,15.444529199999998,16.496492,16.6482774,17.206912,18.5877146,18.991192400000006,19.221400200000005,19.678194200000004,20.7118856,22.608521600000003,22.4096864,25.2613078,27.134142200000003,30.817272599999995,35.2267146,36.9543782,44.486195,47.794923,57.333367,57.644591399999996,66.77886260000001,60.386263,66.5753484,57.8718374,55.974806,49.67348,46.2717176,36.9865336,31.4827034,25.722137399999998,20.0955222,18.439576400000004,15.5496274,15.009868599999999,13.761725199999997,12.720686800000001,13.125071799999999,13.153287599999999,12.493834800000002,12.568143400000002,12.00819106,11.62647546,10.05523634,9.86836054,10.22252434,9.94864248,8.67598908,8.02855576,6.06910868,4.1655421200000005,3.0787870000000006,1.85731446,1.2974036400000002,1.5449830600000003,1.1573594759999999,1.239898456,0.7787159960000001,0.6747044560000001,0.289974716,0.39716014,0.22130909999999998,0.35279989,0.35359509619999996,0.35425506807999996,0.21010978807999997,0.13294596808
Kingsbury,NB,FRI,596.3916618321,0.10614164,0.27015183,1.41842435,2.91690635,3.90491335,4.38692837,4.61852356,4.4136925200000015,4.910118720000002,6.76399412,7.91117606,10.103586280000002,10.191074940000002,10.23109874,8.64689334,8.09108726,6.590278780000002,6.298181640000001,5.55801824,5.89272564,6.018002020000001,6.683005499999999,7.4381007000000015,7.2189977600000015,7.1498659600000005,6.98352606,7.67278486,8.69925946,9.5429246,9.7516562,10.4807371,12.3182693,17.963311500000003,21.915210300000002,21.6634339,21.5154922,18.60102488,11.985208620000002,7.84489482,7.923167220000002,8.26798102,8.92222954,9.2040148,9.2488957,9.7490009,9.5613055,9.4026533,9.4187699,9.661501199999998,9.7249946,9.4327334,9.6883164,10.061872800000002,11.177442,11.249033,11.8849752,11.1238038,9.91469486,8.07637116,6.772986960000001,5.37063496,5.41678522,4.9492554,4.8125456999999985,4.3594511,4.490226959999998,3.34926084,3.45385186,2.57278894,2.47092024,1.82420612,1.9914051,2.0648437,1.786855084644,1.7181735846439998,1.757550304644,1.421693804644,0.942313084644,1.0869535,0.9558548000000001,0.6922977699999999,0.6796055599999999,0.43708601746,0.3476693254600001,0.21572091746000005,0.17180958946000002,0.09343297946,0.092855382,0.037619394000000014,0.18250793,0.198692628,0.330292708,0.33117830152,0.33204438402,0.18356215602,0.13335175602000002
London Bridge,NB,FRI,33775.126948448,6.942666,16.7265756,30.2499308,55.4739288,93.6836788,142.9638928,197.38905319999998,257.993878,310.856446,350.389276,385.624702,447.114192,484.43027200000006,505.626672,512.9842620000002,499.010508,449.83216799999997,423.57517600000006,397.82251,390.06011400000006,387.437122,385.579798,372.1491400000001,375.78100400000005,379.15131,385.95075,396.27083799999997,413.65716000000003,432.526082,444.88345,456.554536,468.02819800000003,472.97174,474.821134,481.79330200000015,488.230176,498.01261600000004,505.462592,523.7089179999999,562.43739,583.03089,592.869804,641.604826,670.29655,679.915462,710.732782,769.5657680000003,784.106966,811.2165960000002,811.5073660000003,815.5529520000001,787.3519260000003,758.579616,710.6208160000001,669.740906,627.043872,566.4760020000001,509.49998200000005,455.59719400000006,412.414024,356.7550280000001,325.73827400000005,295.632494,276.355742,259.98427200000003,256.751508,260.09687599999995,276.70792,299.0979700000001,328.27534199999997,340.2794100000001,328.10874800000005,319.429318,283.889264,240.08882999999997,207.628374,168.955604,131.230988,96.878321,76.85139299999999,48.42018580000001,53.98781380000001,39.525863799999996,47.14337080000001,36.335480800000006,33.988634399999995,20.793734399999998,22.9610924,14.807977800000002,17.782189000000006,18.3349004,22.018593399999997,15.184356312,12.565188512,6.807637312000001,3.8527955119999997
Neasden,NB,FRI,1007.8581174482462,0.0,0.65702466,1.70436206,3.11253152,4.20411744,5.7916608400000005,8.35529158,12.18491338,15.38473532,19.319294600000003,26.2968818,32.341034400000005,33.785721,34.2019018,32.2380282,26.501814399999997,19.7013462,16.4457576,14.2436478,13.315956000000002,12.225751700000002,11.5971355,10.3758433,9.6664649,9.368329699999999,9.5526496,10.054033800000001,10.36829,10.0643644,10.0640994,10.2630014,9.753958599999999,9.1768326,9.667454800000002,10.292758599999999,10.5862538,11.012159,11.6026696,11.793361,11.6401712,11.752690800000002,13.4542272,15.5966282,17.0117926,18.1715432,20.958823000000002,23.044631400000004,24.393276,28.2134668,28.78054520000001,29.65142040000001,27.984430600000003,28.411390200000003,24.3730246,22.8823002,18.985352399999996,16.634973199999994,12.3481374,10.374567200000003,9.1837531,8.458852499999999,7.142016,6.3553907999999995,5.635726200000001,5.0777944,4.03188258,3.87508008,3.68722468,3.54485758,3.34052618,3.2844522000000005,3.50194878,3.11241364,2.75013736,2.35736449,2.15559135,1.76597449,1.42751149,0.995647782,0.862072284,0.6672657559999999,0.3012266200000001,0.36121248799999994,0.33507669199999995,0.37619472,0.31076586359999997,0.29861827960000004,0.1375359516,0.10635203560000002,0.06281105560000001,0.09300012,0.0949632124,0.0968397724,0.096920838482,0.034371258482,0.003920718482
North Greenwich,NB,FRI,27764.789932002004,47.523590000000006,64.29847,99.147598,143.80379,172.585936,199.327108,256.21394000000004,296.6830060000001,317.823854,356.9126940000001,373.59670200000005,393.630662,388.32364400000006,406.79893599999997,389.18712,392.295512,350.4079339999999,339.69887000000006,306.483118,290.983088,261.231142,252.643318,241.15413000000004,237.831462,233.361528,228.05798600000003,229.83135400000003,231.13381400000003,235.19437200000004,238.33644000000004,250.78201600000003,260.16760800000003,262.75613599999997,258.48528999999996,255.403744,250.90603600000003,244.51644600000003,235.41788600000004,240.95387600000004,249.56213400000004,256.62076600000006,274.29877799999997,289.2145260000001,315.648144,330.28858,350.37331,357.4392380000001,384.60963,378.783006,400.210294,401.86599,421.6396,406.08980200000013,404.70371800000015,366.55156400000016,340.347804,299.1451140000001,273.58119,247.04718,238.67030400000002,226.373972,209.32973600000003,201.94911800000008,192.38867,182.435788,181.958008,197.752252,251.652774,398.347128,708.630116,1115.9904820000004,1269.6788820000004,1365.085408,1258.4286080000004,979.80028,578.105322,382.5990328,215.01311680000003,140.35410872,82.51651792000001,39.59794592000001,38.91489152,23.36552252,28.0798386,20.46696354,19.78740494,12.23384054,21.61951614,17.99609254,28.3820124,30.8305684,41.51690120000001,29.780997776000003,27.201989042000005,15.263783042000005,10.781515642000002
Queensbury,NB,FRI,198.76436677500004,0.12447776000000002,0.24789682,1.3906659600000002,2.8413451600000004,3.77234036,4.60302532,4.957106800000001,4.84884686,5.03492266,6.17988126,6.73421714,8.5003722,8.17352686,7.51207166,5.8969329,4.91830926,3.20889876,2.80534726,2.05244296,1.7285556679999998,1.440381628,1.158677308,1.115270368,1.123690268,1.17401948,1.1701919200000002,1.1683165000000002,1.2078769400000002,1.3742871600000002,1.56135324,1.54988366,1.53576572,1.53224034,1.457373,1.4223916,1.59999356,1.8494596999999997,2.1708539,2.33986386,2.4423199600000003,2.8350360800000005,3.1954966000000007,3.0644326200000007,3.157230820000001,3.3172766200000012,3.09675422,2.86161022,2.8532914600000003,3.1350642200000003,3.2250733400000007,3.3656441200000007,3.5601433800000004,3.91567432,3.6773282,3.8683752,3.9951918000000006,3.94319746,3.44369282,3.1162361,2.8835706400000003,2.39492436,1.9723266,2.0797662400000005,2.0250764,1.4299257900000002,1.2338834900000002,0.97915851,0.6112541100000001,0.4226409300000001,0.41052262,0.27093302300000005,0.282623913,0.294895053,0.26643853300000003,0.29448466500000003,0.33071238199999997,0.242509232,0.15592461200000002,0.127547792,0.05653638000000001,0.025932484,0.025932484,0.08931363199999999,0.08931363199999999,0.08931363199999999,0.063381148,0.063381148,0.0,0.0,0.0,0.0,0.0,0.0,0.0,0.0,0.0
Southwark,NB,FRI,6197.034506632001,1.4381486800000003,4.45245048,9.45707768,22.60862168,45.67775168,58.638351799999995,72.22599699999999,94.1651718,112.94864779999999,115.62207179999999,145.392787,165.9915,176.998718,155.891344,148.175258,123.470952,108.8878472,80.50292320000001,90.8423304,86.38027840000002,83.8956594,70.1494022,74.71350220000002,69.19042700000001,68.755701,60.55819600000001,64.93114080000001,63.1275368,63.54817080000001,60.10733199999999,64.873424,65.52108720000001,71.6868752,66.4381912,71.464174,68.4921652,69.98707720000002,62.7722378,71.89875380000002,69.8114802,81.66836900000001,87.13862900000002,98.3242464,104.46061440000001,130.127302,132.548786,151.33551599999998,154.09266599999998,174.618728,160.45577200000002,173.918028,156.94743799999998,157.161024,124.532496,120.52988,90.810567,78.4497438,61.9801824,58.63702500000001,46.370334,47.082313,46.4772736,45.759011,42.00429000000001,42.0488122,42.4092956,38.8428112,36.87249,38.37317120000001,41.206330799999996,37.04228240000001,37.2609828,34.5227306,29.179597600000005,21.1582468,18.5554994,13.4489437,10.946521500000005,8.281083180000001,6.897551180000002,4.33288062,3.89086698,3.13290392,3.4555634199999994,2.37371104,2.1234079080000003,1.312405848,1.6130224480000002,1.187924768,1.658869748,1.82709958,2.1501487800000003,1.5742038596,1.3130864308,0.5892098308,0.3318540908
St. John's Wood,NB,FRI,1972.5613678760594,0.0,0.132777428,0.469529168,0.874124208,1.470156548,2.159400008,2.81611824,4.2648277000000006,7.142064660000001,11.50791972,17.13163786,24.2858222,27.973037400000006,29.27063320000001,27.342278800000006,23.331541199999997,17.391440600000006,14.5737416,12.1762094,11.9891996,12.3512136,13.144657400000002,13.2729168,13.6599874,13.989235399999998,14.1409194,15.242614199999998,15.431940400000002,15.7461606,16.0022838,17.5505718,18.654319200000003,20.0976098,21.3810628,23.5883712,25.5557182,26.7666016,28.310778000000006,32.6845206,41.80907979999999,46.043304799999994,49.135009000000004,54.3259304,56.0485458,54.6541498,56.183076799999995,62.634618599999996,66.22860320000001,68.1265218,64.82384660000001,66.5815596,63.706432799999995,58.83890880000001,54.0308424,51.7321316,46.5557116,38.87698519999999,34.7441322,32.30090980000001,29.4760108,25.9956002,26.179920200000005,23.981005600000003,22.251565,19.7989774,16.933636600000003,14.0813758,13.351595999999999,12.943735200000004,12.9792155,13.5651223,14.2775715,13.2829723,11.30546176,9.92245738,7.73366358,5.7918028800000005,4.38150588,3.81690042,2.7463005560000004,2.131247976,0.989241956,0.6320946840000001,0.441755998,0.463313914,0.380650098,0.21726681800000006,0.16344569000000006,0.24113977600000006,0.18110175400000006,0.18605729600000004,0.18720542124000006,0.18759094614,0.07033259956000001,0.036443249560000016,0.0018405035600000002
Stratford,NB,FRI,45275.58859013999,90.853522,151.159766,239.44742599999998,359.375606,515.324696,611.105922,765.9352780000003,900.051858,1002.460258,1003.566848,1052.5871120000004,1075.701992,1122.932352,1126.317352,1085.317182,1068.08671,962.4510300000001,802.2981300000001,673.655542,598.2255319999998,516.156778,466.500254,434.119482,427.840416,433.853246,432.63426,444.59413600000005,473.67490800000013,488.31999000000013,507.77987200000007,513.8903200000002,525.6989480000001,519.7988220000002,512.7617180000002,506.69969400000014,520.666186,525.677146,521.9205840000002,513.858554,516.293586,525.4634860000001,535.142434,552.4096940000002,601.70694,652.0333800000002,655.2830600000002,719.7651720000001,746.5232900000001,811.3811900000002,804.06893,880.0004240000001,829.860864,874.2793340000002,809.8830939999998,778.3289739999999,704.9136599999999,685.613112,587.694892,541.591058,530.067986,491.28303200000005,468.240844,477.45521200000013,480.87600600000013,469.23117,466.53649200000007,443.72948800000006,417.53190600000005,383.989606,339.55556,316.84623999999997,278.277308,243.47694199999998,209.8093,181.713126,131.5251052,109.116396,81.179765,51.60846340000001,38.86987420000001,31.358409,27.618444000000004,26.084210199999998,32.0068494,30.2200416,26.761107600000006,29.090846999999997,26.831425800000005,23.4621987,21.809861700000006,21.923197299999998,16.929549899999998,16.265887499999998,13.17223208,9.39715408,6.20135048
Swiss Cottage,NB,FRI,1799.569153814,0.0,0.24324184,0.6079495,1.15494662,1.80594442,2.8319638200000004,4.37165778,5.96332432,7.518711200000001,10.984321,16.710628600000003,22.6034928,26.179441,28.301861400000003,26.291839399999997,23.993278600000004,19.227077899999998,16.261021900000003,14.778462699999999,14.4528351,12.0994369,11.330243,11.123974,11.0258074,11.6963414,12.0023198,12.4513094,12.625883199999999,13.0447254,13.593490200000002,14.0129668,14.4690196,14.913457800000002,15.535646800000002,16.4826534,18.013849800000006,19.787693,21.0612272,25.0879566,30.4593104,33.858529600000004,39.1602034,46.3025118,50.1243442,53.65347500000001,55.07811840000001,57.841483600000004,58.88171079999999,57.36922320000001,54.47865820000001,52.8827776,50.53815640000001,45.78392720000001,43.4173468,42.0827898,41.79113240000001,35.692021800000006,32.3100048,28.7296142,24.043288800000006,19.9418116,18.7321518,17.8603024,16.9102518,15.392075199999997,16.331605600000003,16.178492600000002,16.4731238,17.4963216,18.1745038,16.932065400000006,18.911141200000007,17.850777800000003,15.732739600000002,13.91513146,13.26017226,9.3312142,7.4166280800000015,6.83071448,6.0758798800000005,5.05510918,4.33128754,4.71056116,3.4380970200000003,3.714582220000001,2.8319932000000003,2.4278717000000003,1.3019328000000001,2.06203354,1.67285684,1.94475592,2.16008876,2.31287201,1.388086748,0.976914788,0.37437582799999997
Waterloo,NB,FRI,11254.568570989997,2.4373986,4.9593254,9.8703522,22.001613600000002,36.7248056,50.446389,67.6687162,90.35001340000001,117.248846,145.27581800000004,181.24753,209.683836,237.30922400000003,240.03051200000004,237.00193600000003,219.091346,201.351986,170.09151599999998,157.009082,145.01115800000005,141.124962,139.024008,141.741552,140.45914399999998,141.98849199999998,139.106162,139.43575,139.664804,137.37931600000002,133.44069000000002,130.571464,127.182992,126.55483,124.408276,123.63786280000001,120.94292279999999,119.6766208,117.5666368,123.50878279999999,127.614804,136.365978,141.12166000000005,147.79950200000005,161.085506,171.02120000000005,184.014548,210.882838,233.60084200000003,256.15526600000004,273.58067400000004,290.3489840000001,295.00932400000005,304.079744,294.5064720000001,279.25386000000003,257.34541,221.872582,180.58777000000003,147.34587100000005,126.48101799999999,104.491118,93.28889500000002,84.85967500000002,76.82499600000001,72.020195,70.49017700000002,75.39800600000002,83.967252,92.482936,92.095974,91.49526999999999,87.892786,82.11591200000002,70.32845400000001,70.58415400000001,63.53249340000001,54.26082540000001,47.66833140000001,42.14708460000001,35.53883300000001,32.6809626,32.8033232,27.550823600000005,28.005206800000003,22.3926956,18.59336034,12.81300174,10.225350340000002,9.383913540000002,11.54094434,13.613081200000005,16.216204200000004,15.38512074,10.700934850000003,5.80709885,3.07265625
Wembley Park,NB,FRI,6206.037754353999,0.6259332,0.8802941200000001,3.7637785200000007,6.200603520000001,8.919844920000003,13.79578812,19.473038000000006,26.6413068,38.19933780000001,51.50439140000001,62.99078700000001,79.7780922,85.04438400000002,83.98125100000001,75.673322,68.76779160000001,52.8950076,45.3350106,37.692682,37.283776,34.5854664,33.3277838,33.32540520000001,35.4498032,35.8613372,35.57019920000001,37.59692620000001,38.263674200000004,39.8795372,41.9178246,45.0127722,49.27883900000001,51.425212,54.25974120000001,57.479803800000006,63.26368620000001,67.775733,72.88398659999999,77.19064399999998,82.08194400000002,82.425894,89.250548,103.410224,121.21679600000002,129.27918799999998,146.108662,155.49936599999998,160.1226,179.11520000000004,191.41112400000003,212.931244,219.993456,229.59944199999998,209.98895800000003,206.775126,179.26617400000003,155.80574400000003,135.082884,120.72166999999999,98.58827200000002,89.225622,83.09245000000001,75.43114,64.4729286,73.5206278,68.6452238,83.65537979999998,82.78292780000002,96.8316392,94.966854,92.3062204,77.99919120000001,72.7806622,59.458099,43.155905,33.987799,30.176464799999998,21.641287500000004,13.26441444,10.362826040000002,9.53064006,2.62838294,1.6890456920000003,1.5042143120000002,1.037803812,1.0616340119999998,0.994840532,0.8785660799999999,0.6740177199999999,0.8367791600000001,0.8689539600000001,1.0838201,1.09947734,1.115590318,0.5603777780000001,0.246636358
West Ham,NB,FRI,22050.198690168818,49.281126,125.21826000000001,201.727628,346.857708,473.836522,625.458374,749.19574,833.6076519999999,855.2150519999999,832.0894300000001,794.3281099999999,726.5183900000002,705.656338,628.3069019999999,618.254704,570.536784,509.13477800000015,431.93362400000007,400.32297200000005,348.3957640000001,290.1278220000001,269.759768,249.311416,244.07927599999996,222.639492,234.19171,220.416484,227.716,213.242714,217.896404,207.468682,224.52467599999997,214.155504,220.36757400000002,217.776994,230.15172000000004,216.25318200000004,217.144992,218.40907400000003,225.25376800000004,226.11839799999998,243.366076,258.93967999999995,275.45419000000004,287.456702,295.313476,300.443008,330.995668,326.88177,334.7937740000001,328.1178220000001,326.172568,297.5275440000001,294.93802400000004,263.54357400000004,249.953514,226.497694,198.444454,160.24812200000005,148.391184,125.44324000000003,111.516768,97.392328,102.11343000000001,91.651684,90.586113,83.703119,82.78809100000001,74.404627,70.142667,63.014129200000006,55.2609052,45.79825780000001,38.8583658,32.0737296,25.256093600000003,19.5836744,15.9003228,10.627740600000001,7.2702719400000015,5.4502682600000005,3.5228993400000004,2.62136188,1.46607398,1.5931363800000002,1.1664168614819197,1.0462477714819198,0.5385102554819197,0.9796640554819196,0.9413427154819196,1.5258959940000003,1.5622140840000005,1.6512345519999998,1.0785972598000002,0.9467350598,0.3621817798
West Hampstead,NB,FRI,2247.9876508795996,0.0,0.2181225,0.6117404200000001,2.1222280200000005,3.8065168200000006,6.600499520000001,8.318261820000002,10.5561607,14.008107900000002,20.657944699999998,29.736175000000006,34.647466200000004,38.5568554,39.0111892,34.781043000000004,25.4433578,20.7958824,16.1112966,12.5568472,10.6114136,9.47900506,9.20754206,9.13410086,9.48546866,9.23458186,10.4707616,10.8858254,12.384766599999999,13.134901,14.3649196,14.958138,16.4050648,17.5146172,18.609922,19.1262506,20.4594744,22.512962200000004,23.5997406,25.565809800000004,26.987645600000004,30.563003800000004,30.464744400000004,38.9401094,45.469982,51.12118080000001,60.28396940000001,63.21804000000001,69.25601600000002,72.419379,79.84523420000002,74.79936220000002,85.64797980000002,87.9516658,86.20611480000002,78.99855880000001,73.44120079999999,60.7649474,43.90708980000001,36.67210040000001,30.906588600000006,30.040678600000003,28.3605336,27.0039814,24.4927328,23.272631000000004,21.089246600000006,19.482109,18.726282,19.345213800000003,19.3683118,18.081307199999998,20.5785454,20.2062206,18.0012478,16.878435999999997,17.501884200000006,12.764477200000002,11.904819999999999,9.946921,7.72692404,5.125008040000001,3.92612265,2.38076901,1.808692658,1.3848180979999998,1.162761358,1.037206748,0.48960118799999996,0.49304906600000004,0.32555216600000003,0.299208766,0.35867306600000004,0.36160964619999997,0.2486598998000001,0.20001571980000005,0.06352465980000001
Westminster,NB,FRI,13360.025832370382,0.4494423000000001,1.7720543000000004,3.1810792,6.2751456,11.2513052,15.646355700000004,21.420358500000006,27.862656600000005,32.839118600000006,37.68384820000001,43.33842,47.9125592,53.5919462,60.02780180000001,59.62264139999999,60.3798924,60.236414399999994,61.27457440000001,58.11315840000001,65.2217116,69.98502400000001,77.55194500000002,84.585115,95.068455,103.195101,119.587097,135.175614,153.620454,173.219274,190.026254,203.911426,213.99728199999998,215.35982200000004,219.53788800000004,226.36912000000004,225.37323999999998,232.081562,248.180342,255.550764,276.359548,302.109004,317.762904,341.45377,398.613482,419.68527200000005,442.78646,459.7307540000001,471.55294,432.707846,423.95944,396.92582999999996,387.67932,351.1545220000001,335.4185980000001,297.024262,277.45217599999995,238.193544,215.839202,192.82196399999998,179.44245,159.73301800000004,151.24898000000005,143.34138000000002,135.501874,132.85328600000003,129.174248,127.57085079999999,133.99962680000002,138.70761480000002,131.2069428,125.7046588,119.43592199999999,101.99649,92.66335,79.850608,71.2040636,59.09565200000001,46.812675,28.921188400000005,24.2435086,15.748186400000002,9.88031914,8.56994614,9.64365514,8.402643300000001,7.0676765800000005,5.830183440000001,5.865275840000002,3.56510984,3.93439274,4.57094626,5.4257944600000005,3.7636274398,2.8098372568600003,1.6737899968600003,0.85895979686
Willesden Green,NB,FRI,1487.4075810535462,0.0,0.7585296600000001,1.4558171800000004,2.8224530800000007,4.437991880000001,7.238238880000003,9.51806602,15.1900205,20.291926999999998,27.207644199999997,41.648512,49.654973999999996,49.2186804,48.2608352,45.86958360000001,32.577301799999994,25.8937802,23.1093116,22.6269756,19.0142746,17.209657399999998,15.618720999999999,14.835350199999997,12.055191400000002,11.7523338,11.908055599999999,12.0858523,12.7370826,13.373142,14.4829636,15.5569678,16.997698100000004,17.871478000000003,19.1680112,20.2599386,20.967381399999997,21.252104000000006,21.183774400000004,20.9727438,21.43877,22.1677744,21.489717199999998,22.0295274,22.6241894,23.188791,24.1617288,25.973233200000006,28.181351400000004,29.583441399999998,30.377800800000006,31.0744652,33.7877156,34.805367600000004,35.85601720000001,35.5472196,35.1837704,29.1249356,25.057945999999998,21.7016264,19.153319399999997,15.7789986,15.5020924,13.844287400000002,11.954780600000005,10.0661873,9.0627061,8.910362300000003,8.9427349,8.369332400000001,7.88608856,7.52766786,5.9931519400000015,5.01987028,4.4571241000000015,4.210293440000001,3.4802898000000004,3.5780535600000003,2.9656206800000007,2.3696736200000004,1.90353394,1.320532494,0.897170894,0.6473831260000001,0.7769740860000002,0.5999379660000002,0.5327152252340002,0.3606057852340001,0.301160093234,0.132325273234,0.045833013234000006,0.0471079344,0.0847274844,0.08474660714400001,0.08476272194399999,0.039021181944,0.037654787544
Baker Street,SB,FRI,17847.71654151999,3.5666356,11.613804400000001,15.0898484,32.2235704,46.895712599999996,65.12331280000001,82.708736,105.529296,120.272616,135.428796,158.136688,185.271082,212.523458,231.41890800000002,248.844926,253.225118,247.84853399999997,239.477518,230.08882400000002,230.077366,236.24173,231.353864,227.201162,227.57417,221.87752200000003,212.760212,218.29912799999997,228.31713599999998,238.788986,247.59443800000003,253.321492,257.33056,259.02815,258.227034,255.981786,259.569148,265.745422,272.09837400000004,283.5709260000001,299.722488,319.58255400000013,338.8341900000001,351.951652,376.13058,388.17508,404.209778,403.173798,424.95170800000005,415.69748799999996,429.80508800000007,415.26060600000005,429.08586800000006,409.85656000000006,404.10588800000005,370.439028,355.3316,322.35104,292.43105400000013,259.90686600000004,237.38162600000004,210.79021400000002,183.084708,164.15520600000005,149.48338999999999,139.14858600000002,131.653694,130.99908399999998,133.33803600000002,137.300356,140.09321200000002,145.29077,149.23710400000004,148.44071599999998,137.402158,124.44049800000002,102.63999079999999,79.6341142,56.263320799999995,42.8267604,30.035172600000003,26.4635442,18.061666199999998,17.851260200000006,15.1782086,15.8326388,10.136128912000002,8.670513512000001,4.7987609120000005,6.548369712,4.2726402519999995,5.873749540000001,6.227633720000001,6.582356080000001,3.1539205200000007,2.4554755800000003,0.7220537800000001
Bermondsey,SB,FRI,4516.856699279999,3.0928153999999997,9.111032199999999,13.800070000000002,19.476670199999997,25.120715399999998,32.091201000000005,38.1307776,46.674349799999995,54.1599496,66.35773240000002,71.57600040000001,77.95755700000002,84.834027,90.672265,89.578175,94.128914,91.419136,82.846175,73.2482218,66.5530388,54.157236,44.8161158,41.27703820000001,41.5865974,38.79005040000001,39.55594120000001,41.1369314,41.94140400000001,40.441396000000005,40.69463940000001,39.99417280000001,41.639544,42.101455400000006,41.9671374,42.5151606,46.29801660000001,47.2065054,49.126309,50.907527,55.2684964,67.479055,85.51635300000002,92.8004992,102.2160992,110.3254212,105.6559352,95.0281892,102.02995,101.02788600000002,103.12684900000002,102.210495,105.4895138,96.4647138,97.7418198,89.33177679999999,88.6204998,78.94578500000001,70.9214364,61.33602239999999,56.3684024,47.3399988,43.1534088,41.94470340000001,39.1390934,37.032563399999994,35.188141400000006,34.01329140000001,33.233897400000004,31.875018800000007,30.9377342,31.166687600000003,32.86974,33.15727639999999,32.3903734,31.7101282,30.776346399999998,26.5211738,22.4032394,18.166892999999998,13.8757331,9.24349362,6.503498340000001,4.288487160000002,3.812877040000001,3.4365004000000003,2.6444172800000003,1.76081476,1.37433594,1.6201098000000005,1.2781795400000002,1.6852621400000003,2.1257398400000005,2.1479097740000004,1.5954809820000004,1.0801415820000002,0.47680858200000004
Bond Street,SB,FRI,27048.50845324001,5.5607204,12.247189,33.948003799999995,53.104031799999994,78.73635920000001,107.6967854,140.4311108,163.82872400000005,193.08462,210.97024199999998,215.349592,237.089448,246.95832400000003,261.27624000000003,263.00275800000003,286.588318,278.74502000000007,270.32799600000004,251.980904,252.630106,241.412562,241.092078,236.86734199999998,239.852458,240.881014,240.334524,242.004606,255.450622,269.230024,277.58911800000004,286.2387,293.3682780000001,301.013088,303.54291,316.742184,331.564724,343.830648,356.9227860000001,378.692338,401.152958,429.19879,458.93040600000006,492.56273800000014,541.0253500000001,573.565732,604.505932,638.6219639999999,692.539244,701.5099720000003,725.8191400000002,735.9598460000002,748.706058,711.3283580000002,684.788398,637.8614580000002,601.0005220000003,557.08703,505.14917,467.227882,435.82075599999996,395.3839580000002,348.7968140000001,331.0603200000001,310.35022799999996,300.661942,288.2924040000001,283.416836,289.374564,287.14768399999997,276.73508799999996,271.84179800000004,281.83848400000005,269.94605800000005,244.32213200000004,222.25352000000004,204.57486799999998,161.78747399999997,124.16321599999999,120.015398,99.92488459999998,90.06502660000002,74.8512316,76.4822476,57.9792976,62.53307700000001,43.41521400000001,36.139609,21.061483000000006,29.356687,19.4348362,26.1841048,28.8001038,31.170241600000004,16.268057480000003,12.74514228,5.5862226800000006
Canada Water,SB,FRI,13515.42659415,5.302332,15.4446286,29.189950600000003,55.347998600000004,80.77924859999999,114.02042860000002,142.67339600000003,174.95266600000005,203.901112,231.64629600000004,249.04424,278.093036,295.535044,292.513804,289.46257,286.55827400000004,262.33364800000004,233.04382400000003,206.19405,182.73978799999998,150.41747800000005,127.071902,113.24568,109.95777200000002,107.494677,108.998447,112.663461,116.88260300000002,120.13667099999999,120.20671399999999,121.40493600000002,121.418127,122.80976899999999,122.129212,123.430978,126.321396,129.704243,131.259659,133.88362000000004,141.811418,153.34283,173.40057800000002,196.850786,218.790676,245.486272,269.77641400000005,287.42075,320.1912880000001,345.74058199999996,362.70178800000014,363.86743400000006,371.065554,342.813494,327.038238,299.148958,286.154464,250.108248,231.62809600000003,205.182036,181.39889399999998,157.904952,144.698442,126.673636,112.75833000000002,106.118595,97.1277,94.247668,99.442174,101.127652,101.3001222,104.2281452,99.62931400000002,95.012404,86.45837740000002,78.8142402,61.736191399999996,48.8028267,33.7670723,25.507112900000006,19.3294097,19.2544965,20.9590496,19.282557399999998,20.150591600000002,19.7637468,17.9036112,13.628898,10.783066600000002,6.5459344,6.3591868,6.773227799999999,8.6675382,9.93050988,10.00323219,5.374099790000002,3.2300043900000004
Canary Wharf,SB,FRI,13477.917112637198,3.1234990000000007,7.571005,19.8933676,26.566302399999998,36.15852440000001,40.7413318,53.5555858,57.9219892,66.22807239999999,72.99277939999997,83.003541,85.590911,89.594513,92.98807200000002,96.682939,96.892719,97.702209,92.115328,85.63712699999998,82.635888,77.83938,70.84414500000003,73.18487400000002,76.80358079999999,81.0383598,86.17251580000001,96.0748778,100.8046358,111.848919,113.028327,120.575143,121.12198300000001,128.210151,127.62809299999999,142.090109,147.19698300000005,160.104936,164.20410200000003,182.703532,183.388172,201.085076,211.999924,243.26597999999998,250.034122,285.92659199999997,297.12797,349.16460199999995,378.833498,434.017608,453.15335,498.289682,480.782908,472.660142,442.74576200000007,419.520078,375.793498,356.2448040000001,327.43949399999997,291.413718,262.70094600000004,240.70723399999997,207.982034,181.46518,168.518422,159.228906,149.539376,150.740384,143.99795600000004,147.00442800000005,137.15498000000002,130.71163400000003,115.446098,113.867209,99.171825,96.749111,86.152879,81.98991,75.26852500000003,64.7586876,53.575416800000006,42.6849862,34.780180400000006,20.649646800000006,19.1671294,12.8956142,14.111154199999998,10.052105000000001,8.3720106,4.513201400000001,5.1024058000000005,2.6714970800000004,3.8104597400000007,3.8271000008000007,3.8455142988000017,1.5716178988,1.1740172188
Canning Town,SB,FRI,12834.4363173436,6.077603599999999,6.999121000000001,15.366033800000002,29.430869800000004,41.1559898,53.83223220000001,89.2631688,124.573242,166.034712,213.524012,285.529456,315.50352799999996,357.4894940000001,350.294178,355.582712,305.1066560000001,277.425974,233.16385,216.76863200000003,176.808752,163.254982,142.41900800000005,122.49483800000002,117.77851399999999,122.47408,133.970458,147.148684,167.216344,170.886432,181.545484,172.05956799999998,180.573422,169.33386199999995,176.66018,170.87414800000005,185.65459,175.112176,185.57976599999998,175.66472,194.51792,196.250418,216.26236,227.45013799999998,253.74533799999998,260.680264,265.05512000000004,277.19782200000003,286.646686,287.381488,287.373422,292.75352000000004,278.736396,252.47336,245.41552,213.292996,200.449876,180.573606,176.38843400000005,148.137762,140.80133120000005,119.1470652,108.7769632,93.3469752,91.9409912,80.89446339999998,75.6352954,69.5660704,67.47639240000001,57.213608400000005,60.956757999999994,57.18792,55.05414860000001,50.805665600000005,47.47716380000001,41.23088680000001,33.94960280000001,30.18559860000001,24.096357600000005,20.916652000000006,14.47169756,11.70409056,7.261178880000001,5.701981760000002,4.38054898,5.3797090800000005,4.75560496,4.3148332400000005,2.7706383600000004,2.24674854,2.0223555400000004,3.4756444600000003,4.08047958,4.611589240000002,4.624651641200002,3.4117289812,1.1490071812
Canons Park,SB,FRI,3395.9346845492696,7.993921200000001,16.5298686,28.6872386,41.7688076,54.29907300000001,68.05035240000001,79.96017900000001,87.7439558,97.1578028,102.48741679999999,110.8408578,114.1277406,114.6462078,107.2373638,99.85000580000002,90.35215579999999,78.22018259999999,69.99020060000001,65.25991860000002,56.39323940000001,50.07279580000001,46.564427200000004,42.6235312,39.7542172,40.704797,38.5641096,36.650626,34.38256679999999,34.074545799999996,33.8628598,33.25640739999999,33.533891600000004,32.814426,31.301326399999997,32.398156400000005,33.1341664,32.1094522,32.740038399999996,31.946998800000006,30.376238200000003,31.89990760000001,41.89240140000001,50.698448,62.8687262,68.26629720000001,69.2790886,65.2247934,61.3223714,55.538934,54.079302,59.0329436,59.9314022,59.80243420000001,55.72582439999999,53.783020400000005,44.09249100000001,36.5994938,29.879458800000005,26.228237600000003,21.480491600000004,19.333274199999998,16.9367488,14.9154116,13.370073,11.1959182,10.0102336,9.12181276,8.569240960000002,8.105886660000001,8.56092366,7.7328068,7.87907554,7.021464539999998,6.3967657199999985,4.383418800000001,3.757029820000001,2.2059326900000005,2.10830389,1.49359815,1.68891983,1.394355162,1.583822792,1.1785037520000001,1.025055964,0.6107560085700645,0.4571859166966067,0.24915284669660676,0.3619998866966068,0.30643222869660675,0.5519177241265422,0.7467412760000001,0.8317994860000001,0.66798017988,0.5932674859689774,0.34778198596897736,0.15295843396897732
Dollis Hill,SB,FRI,4336.8036636548,10.504020400000002,17.662260999999997,24.8678816,33.629328799999996,44.4025152,57.16207920000001,74.3761686,89.54897199999999,109.956868,122.33551800000002,137.56027,135.02379000000002,142.95646599999998,127.71913899999998,128.597827,116.47229499999999,114.13135700000001,97.725039,98.062136,85.5331928,80.92515,69.9490314,66.26164440000001,60.534003399999996,58.0192078,51.01396940000001,53.01904680000001,53.081300399999996,52.22814800000001,51.46897820000001,52.5289362,52.55504780000001,51.05141120000001,49.577644,49.6006006,49.708891799999996,49.960634399999996,51.7625612,53.47868520000001,58.3271112,58.72867020000001,59.65601620000001,60.10740540000001,61.51176480000001,59.8259138,58.83057760000001,63.6847406,66.15238860000001,70.07322579999999,68.05285140000001,72.28212860000002,66.49820460000001,66.44032460000001,59.9870926,58.315389399999994,53.906183,50.47405500000001,43.965289,40.49210100000001,35.72112040000001,29.555314199999998,26.318836600000004,22.792630600000006,19.946903400000004,17.9379758,16.872127199999998,15.957735999999999,15.5720208,14.416614000000001,13.487654999999998,12.5727622,11.5919754,9.33962548,7.80767198,7.274690380000003,6.372798300000001,4.2892112,4.118234320000001,3.89148162,2.56166562,1.7690418999999997,1.92147002,1.47270667,1.32784595,1.071102484,0.880814302,0.5764468819999999,0.723780292,0.576262852,0.6279358300000001,0.909866992,1.0917648720000002,0.8048160531999999,0.9992757532,0.8496056411999999,0.5384264611999999
Finchley Road,SB,FRI,20507.939883110994,3.9514742,17.349770200000002,70.62140020000002,113.86803619999999,198.05000060000003,271.52128000000005,345.86534400000005,392.616206,463.79558399999996,489.53353,571.610006,605.152186,619.376314,588.226088,575.6909880000002,491.46408399999996,453.28895,403.055202,388.210514,348.42014400000005,339.6110680000001,315.835914,305.58976200000006,292.3359220000001,286.31760200000014,272.40817799999996,265.40041,265.689116,261.54708800000003,255.35163000000003,251.43503200000004,249.57345800000004,242.17525800000004,234.94794,229.56624399999998,225.71304200000003,219.17947999999998,216.08301800000004,216.06967200000003,219.96971800000003,223.478294,234.36605000000003,240.75104400000004,257.52988200000004,272.42008599999997,281.553664,284.97316000000006,298.0323620000001,320.46112200000005,356.580026,373.871026,409.14617799999996,406.31054200000005,385.182748,336.15435,311.068166,250.801754,221.93416600000003,183.479368,161.65111800000003,133.820798,118.20291600000002,104.03117879999999,97.3293508,91.7276968,102.5879028,106.5502408,120.86394200000002,129.67456520000002,141.22368920000005,149.63670520000005,179.1589712,164.44863,154.4006668,125.7216146,87.19110254,38.57331714000001,22.29423046,7.74154616,6.181624560000001,6.004290420000001,4.4635875600000015,4.51568294,5.99818544,4.27773781,3.950741656,2.995167916,2.741382316,0.42079359,0.7662534599999999,0.84629226,1.1133429,0.8616090303,0.7747008929000001,0.3670404529,0.27062600690000005
Green Park,SB,FRI,25643.971218780007,15.8766918,31.36638300000001,48.64619400000001,75.337366,95.2553736,115.7468382,147.12543300000002,170.81267,186.03801399999998,201.089444,208.774226,209.98525800000002,218.08578799999998,222.60447799999997,224.846092,235.849354,231.43007000000003,226.035804,217.691858,212.76469200000003,207.06864400000003,204.128172,192.13591200000002,200.774062,211.64371,214.12179800000004,225.711716,246.361504,249.852062,252.00224000000003,254.629538,256.07739399999997,262.486054,266.103106,272.73840800000005,296.14175,307.799466,313.8689740000001,331.323814,359.535884,370.23095,396.448778,445.04911,461.999596,492.915206,531.4982259999998,556.036306,583.0658579999998,620.2581319999998,643.726502,644.3356100000002,664.176576,630.955652,613.4284520000001,564.2707819999998,534.6253059999999,482.541292,450.78577600000006,408.59011600000014,383.840504,355.66699200000005,326.42258800000013,307.274766,306.37285,300.993314,293.885362,293.9441020000001,302.497282,307.42537200000004,312.654304,325.16399,334.250068,327.896808,304.741954,272.666664,247.307396,205.075328,178.123528,153.813102,160.281378,129.31140200000002,135.9335,115.48994480000002,121.1374108,96.7051448,91.7133422,63.49498620000001,52.3757914,35.8375214,41.60079140000001,38.736835000000006,52.40468300000001,58.17521020000001,48.34233366000001,26.62285966,20.98734866
Kilburn,SB,FRI,7376.023948384003,6.7657327600000015,13.331513360000002,23.605729360000005,38.39970728000001,54.57918560000001,70.53122940000002,89.82865079999999,108.7368788,127.3423948,145.4757368,171.688792,193.93236399999998,213.748202,217.57758399999997,225.22177000000002,212.78285400000001,196.07125,169.493856,157.13159199999998,136.85555200000002,121.41401000000002,109.462244,105.185886,99.581972,94.57821,93.076372,90.356278,89.413892,86.580528,85.48512200000002,84.41272800000002,85.37732199999999,83.34720200000002,81.01935300000002,78.63891100000002,77.83635699999998,75.139728,75.27150400000001,75.8289,78.5665,81.40294499999999,83.412903,86.034113,92.049474,101.748912,101.946837,116.285872,121.2223412,138.44532519999998,135.20696999999998,152.78387200000003,146.62886799999998,155.42170880000003,138.82456280000002,141.03883000000005,122.10068600000001,113.039096,95.925258,87.03716,72.98116999999999,64.00027200000001,55.515764,48.69833880000001,45.8580548,42.237016800000006,44.50884420000001,45.2744008,43.6622376,40.0178532,37.7564498,33.5900804,31.928821000000003,32.732510999999995,32.3020282,29.0915428,25.1311516,20.640379600000006,14.758935000000005,10.6110946,8.332871440000002,6.736385440000001,4.8002296200000005,5.171037620000001,3.96596592,3.98702606,2.662468996,2.345933616,1.289311516,1.352810216,1.078193296,1.7027259,1.95906478,1.658382136,1.477672176,1.3177529159999999,0.6598425760000001
Kingsbury,SB,FRI,5551.892304382043,16.046502,39.666994,66.39842800000001,99.427676,131.52985859999998,163.66567400000002,176.600186,185.910088,191.79433799999998,174.657598,177.911144,162.39693200000005,159.74746600000003,138.81516919999999,137.8200432,116.24165320000002,113.7760612,93.9840712,91.80535,83.62752800000001,76.43562200000002,70.50045259999999,70.98904660000002,69.93394659999998,68.74603859999999,68.4641726,70.89474279999997,72.49351879999999,71.5313048,71.26572680000002,71.9837816,75.14844480000002,82.1369488,87.70621679999998,87.59301879999998,86.30120299999999,79.05600559999998,67.43359699999999,60.252293,60.549297,63.56812400000001,69.0459814,76.09448080000001,76.96887280000001,76.68841280000002,70.77770720000002,72.83059320000002,67.37966159999999,70.80617559999999,68.458398,76.41302759999998,68.559843,68.73946579999999,60.3607346,61.59932720000001,53.31225720000001,47.96860760000001,41.41267600000001,40.00516800000001,31.759725399999997,27.9137966,25.556999800000003,23.5179666,20.7411856,21.953221600000006,19.3669516,20.373808200000006,19.063685600000003,18.6718398,14.66893434,14.217375939999998,12.43644234,10.79930628,7.5652467,6.892436160000001,5.32769064,4.04480278,2.938794526000001,3.1054959460000005,2.351495986,1.988012906,1.210132906,1.50578822,1.2033668,1.3304433999999998,1.15011602,1.32214632,1.0065966,1.3043800600000002,1.04272024,1.0779483600000002,0.8440975860000001,0.7381989860000001,0.29102510668112225,0.25544988668112223,0.12702494668112224
London Bridge,SB,FRI,29303.370874761004,9.0546852,26.6211472,44.807627200000006,71.86915920000001,117.46625719999999,161.11246400000005,219.33772600000003,296.340712,366.57638,412.751254,454.850532,486.024868,512.308082,513.382422,511.63425,499.96810000000005,466.30071,403.51006200000006,362.569736,319.883772,280.331316,250.95760000000004,229.85757200000003,218.12759000000003,217.14774599999998,216.97515400000003,222.04263200000003,232.79909200000003,237.71402000000003,239.65881400000004,247.08744,250.506388,257.206944,260.378016,267.43791400000003,275.52735600000005,284.93332799999996,286.68256800000006,303.1062500000001,319.879314,345.095354,366.495042,402.304712,436.517338,480.3684300000001,516.65804,566.49108,637.3176,687.3624,756.7277320000002,789.817052,834.233172,814.317362,818.4602900000001,748.620448,711.102588,639.0091180000002,583.369064,507.16630999999995,459.96646,406.341466,357.35347600000006,323.130124,293.89728199999996,280.336414,275.65829,276.78349000000003,284.81198,288.949436,295.7357080000001,299.1442100000001,308.913696,300.8609620000001,290.39355,267.58004600000004,240.124476,201.10897000000003,169.27162200000004,129.7744426,99.397319,79.11929500000002,55.525165599999994,46.050022799999994,42.232849200000004,45.1039552,34.3069474,29.637156800000003,17.3286576,21.0465142,12.3615,16.3529848,17.34677534,18.65590434,11.415569427000001,8.882221226999999,2.311804227
Neasden,SB,FRI,3625.198072745568,9.823552000000001,17.13984,28.068352,40.500789399999995,59.60984740000001,80.0246708,95.0536236,114.3330096,122.17924380000002,129.9757538,127.56314180000001,130.7976998,118.5638018,115.5765028,103.4967188,97.4324018,85.681813,78.90583860000002,70.85424599999999,63.22965880000001,57.426850400000006,55.033967800000006,52.145451400000006,51.4576606,49.2601264,44.47319940000001,40.756249200000006,39.96911000000001,36.5062374,35.34448740000001,38.44944879999999,39.1219326,38.750485,38.5832604,39.7777218,38.89684940000001,37.823046399999996,38.077674,39.0422986,40.36724340000001,39.65847880000001,39.705376,41.57008900000001,44.687401799999996,47.206919,49.263552,55.20652380000001,56.94289680000001,58.77345600000001,57.308024,58.322900399999995,53.154925399999996,49.6807494,43.524962200000004,41.1741576,36.04909979999999,32.6149798,28.912902799999998,25.16233740000001,21.264552,17.853624200000006,15.540543200000002,14.15252,13.789924,12.327504199999998,11.505418400000002,11.214744,10.9381728,11.1438166,11.2860652,10.93518874,10.23352174,9.48543974,7.86838826,5.64585974,4.7798504600000005,3.638481880000001,2.3802874060000003,1.642919774,1.5586629740000002,1.1107719340000002,1.141699614,1.161320928,1.37414942,0.99657854,0.96710476,0.6771360599999999,0.8447160199999999,0.5551764760000001,0.926183396,0.90801917,1.38653189,1.53111697,1.4413588358559999,1.027345315856,0.969840101856
North Greenwich,SB,FRI,13166.528093268005,16.129628,22.809993,27.216274199999997,39.3066032,54.4052792,55.476795200000005,83.2326402,110.26553700000001,123.317718,137.346224,148.97318,148.22155600000005,145.74868400000003,143.250676,136.181486,126.47525400000002,118.236159,106.08788900000002,100.47620700000002,89.27190900000002,88.94891500000001,77.086664,75.14693299999999,78.47749200000001,83.586478,82.91435800000002,86.75488399999999,89.89262099999999,89.24784100000002,93.81365219999999,95.4188642,100.0991822,104.5912462,106.3330032,104.91295,107.989024,116.38092400000002,111.52738500000002,112.327141,127.302889,126.180131,125.379685,140.38718400000002,158.482198,162.66015800000002,177.103046,195.233332,205.42363200000003,221.70452200000003,227.215142,256.64164800000003,248.806344,251.689696,229.96272000000002,228.712382,196.306916,194.77922,173.09775919999998,174.7050552,170.74950719999998,169.41765320000005,161.6694192,165.694868,158.67818400000004,148.44000000000003,150.28618400000005,156.43617,173.98622400000005,221.83585200000005,318.435024,431.502664,506.13296799999995,540.32006,516.268784,438.03735599999993,308.01257000000004,217.89713999999998,158.08218400000004,116.0368144,73.139077,65.05238100000001,45.7479318,31.7695158,22.6635322,22.9123912,16.867985400000002,14.7929846,8.7695046,6.6228538,6.039773200000001,9.4823048,11.935733600000002,14.021234800000002,14.028379956000002,10.563898956000001,4.546075156000001
Queensbury,SB,FRI,5247.173266914443,22.6995324,51.839314400000006,79.87482440000002,133.97402440000002,190.8959628,223.20366,245.566674,253.609948,226.394812,196.79296,186.207496,169.790684,154.717356,155.602496,134.902964,121.97361799999999,106.484884,95.7134566,79.89397340000001,73.0329514,68.45701540000002,60.90006840000001,61.94356780000001,61.42603700000001,59.710072200000006,54.3564082,53.607181800000006,51.999763400000006,50.55679,50.15403200000001,50.1074326,47.30201960000001,46.856012799999995,45.99407820000001,45.4935074,46.0829428,45.155241200000006,44.1227628,43.867307800000006,45.2690908,45.35166080000001,45.84702280000001,49.18388640000001,49.22220540000001,51.37342460000001,51.338971,55.727429,58.52372580000001,61.02811460000001,61.77049279999999,64.74857440000001,67.3720954,65.3571816,67.156102,61.55620280000001,56.6967294,49.03656640000001,41.65827120000001,33.3311586,30.7535562,26.502315999999997,22.377394,21.226308600000007,19.318985400000006,17.0359582,15.886158800000002,15.1051466,13.838471599999998,13.3427864,12.0507356,11.0592954,9.67704756,7.830523900000001,5.795692859999999,5.384427260000002,4.0187656600000015,3.0285120120000006,2.7211459520000005,2.5043534120000004,1.6629996919999999,1.22430802,1.203534894,0.90353154,0.8074163000000002,0.5965499400000001,0.4550704121287895,0.3951986941287895,0.6816479081287895,0.6890102481287896,0.8789852081287894,1.176686848,1.3474712800000002,1.068900708,0.9321764686,0.5885799886,0.2908783486
Southwark,SB,FRI,3719.8555269652,0.38104774,1.20264408,3.07448748,7.02201348,10.90203288,17.504715140000002,22.4235058,29.500219,37.148557800000006,41.67182640000001,47.23882640000001,53.47973280000001,56.15511720000001,51.71793540000001,50.81867800000001,47.32839120000001,43.0983482,35.528543400000004,33.4839134,30.2240918,25.233298600000005,21.135920400000003,21.101333,22.239780600000003,23.1240346,23.647560199999997,26.598508000000002,28.808181199999996,29.4968412,28.8089674,29.876205199999998,29.943988,31.458915,31.6191884,34.746732800000004,35.966817999999996,37.3412016,37.8433416,41.1370064,45.4223334,49.03044800000001,53.48655600000001,59.745501,66.437365,72.4629484,77.4980352,81.20530480000002,88.2028508,90.666554,92.30451,93.861812,95.556026,87.898498,81.161546,72.009964,66.780845,60.58139620000001,55.90534280000001,52.7102628,50.0625648,47.05106980000001,45.09514860000001,42.954136,41.0153,44.753846,46.240004000000006,48.959025,51.37180300000001,59.09180500000001,64.633386,77.37909200000001,78.5973682,81.584829,72.7088884,66.6769204,48.4754096,37.679021,25.68969008,20.602604740000004,10.08331602,6.333478700000001,3.80136214,4.29016256,3.03627969,3.3662325500000003,2.5144430900000003,2.15644305,1.22854875,1.55252,1.0637171800000005,1.4413111,1.54602142,1.649786908,1.1438773223999998,0.8561370023999999,0.20942866240000005
St. John's Wood,SB,FRI,8147.683823478004,2.95347166,4.84833246,7.245992060000002,11.54789246,17.535576199999998,23.082722800000006,31.4156788,43.1340952,56.19481280000001,78.24877959999999,101.5165028,132.86381400000002,152.73735800000003,172.29078400000003,168.246669,163.87306700000005,142.934981,128.784007,114.976079,111.04968400000001,106.64586000000001,107.37280800000002,104.33591,102.036368,107.20865,107.251938,106.914854,111.0872408,112.3568668,106.4388896,105.83681760000002,107.2394296,108.0560678,107.7698178,110.475467,112.86246899999999,114.8026638,116.5323528,126.5900588,141.5330368,153.2342748,165.077832,182.88996,181.881792,186.274392,183.63052,200.76745800000003,195.148548,216.345812,206.11518600000002,219.393636,198.434914,199.35737600000004,171.66261200000002,171.90345200000004,144.66155,136.047354,116.17799199999999,109.621278,93.249973,87.8562998,76.00594180000002,70.37971879999999,60.798514,53.39141239999999,47.514856,44.074962,41.378638,42.1308482,41.7984988,41.79021720000001,40.066188,37.7920084,31.171886600000004,26.272882399999997,19.9399806,14.8235744,9.53421634,8.359020139999998,5.79500498,4.7891768799999985,3.4923915800000005,3.3279491400000003,2.70395148,2.1654059940000003,1.8151944819999999,1.465377182,1.107712302,0.8225477220000001,0.877518082,0.8008891459999999,1.0302098860000002,0.6741725749999999,0.464981269,0.2914197550000001,0.276479303
Stanmore,SB,FRI,5025.49576011314,14.019869,19.6763764,36.63233440000001,64.01435640000001,76.84886900000002,88.2891914,109.932552,117.39882,128.07587,141.64917400000004,158.50923400000005,163.21843,160.12628519999998,143.2121312,127.9651642,110.64226920000002,102.54604520000001,90.37297159999999,82.85964760000002,79.65180059999999,70.67405759999998,58.385864399999996,62.336931799999995,61.358864800000006,56.514509200000006,59.75056120000001,59.973138799999994,59.538069799999995,59.040792,59.37458639999999,59.8838564,59.6998468,56.6608054,53.4650942,51.687173,51.574441799999995,50.35698300000001,50.7655404,53.1595252,55.56074200000001,62.739654400000006,65.1754284,70.5611992,76.3802704,86.22113600000002,84.25765179999999,99.8691018,101.904463,111.383371,104.83634500000002,108.2321992,100.2807592,98.6239132,86.9264452,81.9372452,71.76427159999999,60.1000236,49.19618559999999,39.392938,34.4961206,28.950538,24.20442,21.954324400000004,19.995400600000004,16.858735999999997,15.528568000000002,14.040016399999999,14.173608800000002,12.48786948,12.45760988,11.95377168,10.57587516,8.949922820000003,8.26667802,7.20737802,5.45412782,4.81112096,4.11066084,3.63765224,2.6270409800000003,2.08431638,1.6446517720000002,1.3602141719999998,1.08015476,0.698083234,0.4695772345542771,0.8363454225542772,0.9104084825542772,1.0632743345542772,1.4009258205542772,1.64180012,1.401409,1.1617946848,0.9381183651910888,0.5593712651910888,0.3184969651910889
Swiss Cottage,SB,FRI,7367.893929369841,3.5491292000000003,6.5141964,10.227103,15.6966762,21.4148606,29.768684399999998,38.970088200000006,54.4943184,70.2734192,98.2551518,123.43719979999999,157.54723280000005,172.576612,186.154916,179.82251000000005,174.60911400000003,155.72888,143.24318200000005,129.80519479999998,127.37695079999999,118.6072088,110.88831,106.74866000000002,104.9676892,99.6396472,96.4530192,96.724525,98.529687,99.912965,96.150449,96.21735600000001,94.230337,90.905709,84.98366,83.87572300000002,83.02876400000002,83.21489600000002,84.06158200000002,89.36710699999999,96.832142,104.51586999999999,118.462644,131.77081600000002,143.58838,153.146152,160.398678,165.353042,172.482872,169.21311799999995,166.76658799999996,161.48456599999997,157.559392,147.50484799999995,145.09488399999995,137.209674,131.34869999999998,114.09096200000002,100.1039368,86.3571048,75.01604780000002,62.87693880000001,57.39626580000001,57.043496999999995,54.058061,50.0245672,53.679852800000006,53.62554920000001,47.8870232,47.16134420000001,47.4384698,44.4035166,41.2652432,39.762156,35.2396614,29.5425778,20.626178399999997,14.2818497,10.397694100000002,6.471616900000001,5.68610756,5.17680684,5.21584174,3.6584193,3.631874320000001,2.32389076,2.155720112,1.268047912,1.4619024919999999,1.1054535120000002,1.4705822119999998,1.399302586,1.5617928660000002,1.0400126200600002,0.8311416812600001,0.27417668126000005,0.17766167526
Waterloo,SB,FRI,30966.21003768,6.349660400000001,11.788211800000004,23.53944240000001,65.04143839999999,108.6486384,166.20167800000004,230.51735660000003,306.895636,351.18944,398.049366,446.603846,483.25805599999995,504.992816,516.8246280000002,499.30022199999996,458.35172200000005,418.17274200000014,359.52874200000014,315.43558400000006,293.773772,276.00004,250.66107,245.73730800000004,242.2115,245.508138,236.961234,245.659312,253.349764,258.792254,258.42983799999996,271.1184,282.980388,291.744752,295.1744700000001,305.4055600000001,313.7173640000001,319.92160800000005,320.401424,334.341224,358.29048400000005,377.969594,407.03490600000015,435.050342,457.600812,507.271632,564.426084,601.772652,666.554916,733.5202419999999,772.428422,775.3702900000001,811.4220799999999,805.09366,785.57029,718.63023,686.9492900000001,597.338554,530.069194,471.404186,449.96663400000006,403.45974200000006,383.99802200000005,359.93692600000014,336.56180400000005,312.26167599999997,313.878014,336.3793760000001,365.707276,396.47569,407.561274,410.347988,382.980758,360.093588,327.24344800000006,281.021658,249.051848,231.66496400000003,196.158182,165.777118,159.09700700000002,131.07122800000002,105.06338999999998,86.632499,72.22162700000001,68.17081200000001,61.04347900000001,48.25805500000001,37.38503400000001,40.207162,32.4337316,34.5424896,40.591711,44.9496566,28.71563836,18.05946076,10.894564760000002
Wembley Park,SB,FRI,11552.652179379997,14.96384066,24.75633326,38.78722926,63.31614800000001,92.618488,122.7393146,151.24834400000003,180.36754800000003,193.274154,210.40899,218.056352,226.377166,230.92799,235.55553799999998,216.572884,208.289694,204.78197,186.928726,166.07538599999995,158.596296,142.99922800000004,116.762599,115.05903899999998,108.89531699999999,105.95964380000001,109.5771658,118.1182648,114.9522636,124.5067536,124.36883880000002,124.6434548,124.00026280000002,122.79380600000002,119.819992,119.034779,122.53273899999999,123.26095819999999,126.5260462,133.1891222,146.1971112,153.8498812,165.47127,177.246162,194.98877199999998,188.627606,189.283262,184.02552,192.534514,177.92703600000004,188.06825200000003,183.113332,180.89259600000003,157.49033920000005,149.07037119999998,125.97988020000001,114.394173,101.14977900000001,91.51179379999999,85.076091,83.865586,78.57961800000001,75.60101800000001,74.46581,70.54860079999999,109.8140768,126.457422,176.97917600000005,211.20106200000004,253.49343200000004,274.761562,324.51195400000006,275.74434400000007,240.20012799999998,195.052528,132.679578,54.55366580000001,39.80171564000001,28.468042500000006,20.096566100000004,8.214254700000001,8.4558829,9.70233566,10.602202340000002,9.21065322,7.29246708,4.38653108,3.68321608,3.2353688,3.56536242,3.89497396,5.525872959999999,5.13098082,9.83367816,9.26610446,8.43345046,6.80255146
West Ham,SB,FRI,5524.459651251898,0.9831316999999999,3.9090805,6.4313871,26.605249100000005,43.1962631,51.92500939999999,73.9293036,96.520265,114.224717,153.693993,185.25990500000003,197.91738200000003,219.12902600000004,207.03546000000003,181.54787600000003,176.64110399999996,159.13115,127.548816,114.0036348,95.2977628,67.76142420000001,55.300597,48.1563542,43.968205,39.410194399999995,45.00685900000001,46.33300420000001,51.57315700000001,52.08994620000001,56.92935680000001,48.88849160000001,49.01875560000001,43.2753084,44.4215236,40.2012704,42.6702826,40.3656816,45.8469168,42.7967214,51.1844816,53.89860960000001,62.2071966,60.99898400000001,63.95659740000001,60.89677640000001,61.17015140000001,64.3920094,74.272574,82.481466,88.77131999999999,93.90658,93.75619,90.301192,88.945786,75.70341780000003,65.1751598,53.6257598,45.16520320000001,35.8723342,38.4158184,43.20427640000001,45.528743799999994,44.2045572,48.0404206,47.8078556,48.324674400000006,46.69767700000001,48.3715402,44.2100488,47.229029800000006,45.0938796,52.493987600000004,50.178129600000005,49.802496600000005,57.9384166,73.10320200000002,58.52609580000001,51.167612561000006,44.687324948740006,24.99616594074,0.33426518673999994,0.45740278673999996,0.5214734857400001,0.7463764580000001,0.71741542,0.8799179940000001,0.6369065939999999,0.5644271340000001,0.3386157740000001,0.8246062200000002,0.60168395,0.660275882,0.6642446584,0.6668371026000001,0.1317407026,0.06515315260000001
West Hampstead,SB,FRI,8441.452036131857,3.5016617000000005,5.368288100000001,11.601724700000002,21.4558393,32.13733740000001,53.90157960000001,82.9327332,107.4045666,144.6029,184.191524,221.044292,256.24013199999996,284.641436,286.968972,280.608512,260.017538,227.81948599999998,194.899396,171.428604,149.869886,131.56188600000002,117.09881320000002,107.7626112,102.24336120000002,97.0716032,92.31848320000002,89.21805400000001,91.748502,91.211646,89.57462679999999,89.53248200000002,92.226766,89.229552,84.59302,82.491984,83.9773798,81.58853280000002,83.52496479999999,86.5452348,92.76844399999999,93.956188,97.183005,105.55890700000002,111.45068900000004,120.20713100000002,135.10146600000002,148.45910400000002,159.74191600000003,174.73043,189.812504,189.94459600000005,186.92194200000003,187.375882,176.74588400000002,162.84956400000004,146.776871,137.00366100000002,114.29106780000001,99.0154978,79.9309938,70.7923318,60.92376880000001,52.38957320000001,47.4320912,41.56508579999999,39.2611588,34.893040400000004,35.339762,34.78137,36.7620986,36.3881836,39.615989,38.20514,35.489655799999994,33.74627460000001,30.075705600000006,22.0791254,19.7818658,15.6548299,9.8778782,7.625480499999999,6.7249429,3.24804936,2.7271791800000003,2.2415433700000005,1.5148441900000005,0.99474399,0.9955566500000002,1.02802545,1.02879124,1.11825668,1.29174664,0.8584190008000001,0.4937495336860001,0.335529253686,0.188594693686
Westminster,SB,FRI,22946.479783876595,7.0535298,15.241408999999999,21.165343,32.0957004,41.739111799999996,68.3791086,81.2162054,125.5107654,145.059962,174.769398,182.55934,229.38026800000003,235.05038399999998,278.6171,284.100496,307.5619660000001,278.65505800000005,261.7341,216.83463000000003,200.17741600000005,178.07619000000003,170.61878600000003,164.00056600000005,179.530294,187.965002,199.822858,217.954812,243.42698,257.638172,277.16387000000003,289.499856,304.79401,307.5112400000001,311.846432,310.05852999999996,324.837284,324.04722999999996,336.4903040000001,356.07837199999994,387.29248800000005,407.20198999999997,440.20953400000013,468.385144,491.035504,519.537544,529.747192,556.572762,595.334148,633.590728,637.1032520000001,671.944292,668.172712,644.7360020000001,602.25333,581.7154380000002,507.68547199999995,457.309198,400.18482000000006,351.1341000000001,300.0310120000001,280.99287400000003,256.45059399999997,234.375708,222.997646,208.67586,203.347854,197.83399599999998,213.72379400000003,228.530884,239.05615200000003,235.02232999999998,242.16452400000003,225.40863,198.775716,176.28539400000003,148.7608888,117.4576548,85.2782092,60.13892920000001,39.97778320000001,30.5121065,18.4146097,15.153897099999998,15.8096459,12.014501700000002,11.50530952,8.01707832,7.04040652,4.71747212,5.1376205200000005,4.96822436,6.01261256,6.0369689939999995,3.866661874200001,1.5058916742,1.0726139142
Willesden Green,SB,FRI,8084.651267860002,11.898285800000002,20.2387048,38.3439528,53.8060622,71.580647,97.420969,122.22313999999999,152.817876,190.018932,219.194004,246.307708,274.23161,281.735722,276.31345,261.570168,255.110392,234.248454,207.868406,182.213479,177.53246900000005,152.304431,140.828823,132.741957,132.99193000000002,121.63477600000002,115.65965,106.286786,105.95227,102.40648000000002,96.961201,96.408294,99.880868,97.3545952,94.5304572,95.0520452,97.6376442,92.1835594,90.6745342,92.9691222,91.0240692,86.3218792,85.66130600000001,87.867386,88.753964,91.685902,93.088888,103.420556,108.829365,114.409939,121.169315,129.80685300000002,130.157809,129.241072,125.77576600000002,119.833412,111.500577,98.361567,86.21922360000002,75.4652772,64.8311072,55.15230820000001,47.9769102,42.54369260000001,37.7290366,33.1292634,29.9276444,27.5195222,26.0611972,24.7088866,23.9038112,22.504932,21.4626162,19.044795399999998,16.245089000000004,13.799745199999998,10.80195056,7.900101060000001,5.57201942,4.24557034,2.84486142,2.40991072,1.90917386,2.19182546,1.90446166,1.99861278,1.53490002,1.30571038,1.15745738,1.35170152,1.4184388,2.0500084000000003,2.5321351200000004,2.3748647000000003,2.14130824,1.7386151600000004,0.99910186
Baker Street,NB,SAT,7823.138407600001,3.4157306000000007,4.15769032,6.10048132,7.324381720000001,8.37458632,8.54811292,9.9410184,10.369179199999998,11.484931199999998,11.764941699999998,12.7895401,14.4706329,16.5442943,18.5050179,20.452385999999997,23.0691728,25.961155400000006,28.496525800000004,31.671207400000004,35.469378999999996,39.3966142,42.38309260000001,44.640809,48.44715220000001,53.05090820000001,56.9801374,62.0973804,66.50739920000001,72.766554,80.308128,87.18222759999999,94.00095759999999,101.9341488,107.75736780000001,109.51939660000002,112.3191298,113.71809980000002,117.7808118,118.9543058,124.17722500000002,127.24863300000001,134.146081,140.357787,151.241998,159.288824,169.499312,173.294154,179.469564,182.497336,183.53357600000004,182.02062400000003,182.326508,179.353858,173.575922,168.14556000000002,170.49865200000005,169.58296,165.65968,161.57511,157.706006,146.79505999999995,138.21417200000002,133.764566,131.13084600000002,132.73062600000003,133.002474,143.759622,158.98098000000005,171.41429000000005,165.45184920000003,165.58169719999998,156.52269720000004,133.89272520000003,119.0841712,110.15523000000002,91.963918,76.22758400000002,61.006956,39.296035,28.566078000000005,20.8391922,13.06446,9.770458840000002,9.897994440000002,8.139231380000002,8.053540100000001,5.335502300000001,4.573543460000002,3.633863920000001,3.74039794,3.54761222,5.19133742,5.35191122,4.73982406,3.1760261,2.6875789
Bermondsey,NB,SAT,6807.886102380001,2.58874232,4.78909532,7.67483032,12.11836142,18.727694600000003,23.7398438,28.943259800000003,33.8227302,38.2367744,39.184874799999996,44.83828280000001,52.916439800000006,60.92103240000001,65.27600100000001,73.2699814,80.73643200000002,86.073542,88.30369400000002,95.221905,101.0281022,101.40278020000001,101.6530954,107.33604740000001,111.4687844,115.1650464,118.64636200000001,121.84651880000001,123.6727668,123.3444468,120.9983348,122.57078600000001,122.61652,122.95109599999999,123.257769,126.035095,125.85888899999999,124.233267,119.12092900000002,115.39425520000002,111.9143132,110.7192852,109.33441119999999,111.4123512,112.26978000000001,111.41148800000002,109.40266399999999,113.289452,130.41283800000002,148.944778,158.52257400000005,165.67271400000004,168.091794,157.69916400000002,143.379734,137.01022,129.51353200000003,120.23873800000004,109.52013000000002,97.822374,86.09248200000002,77.07528520000002,70.36239760000001,63.919380800000006,58.01398420000001,54.15118020000001,49.9545036,47.9064362,45.34514779999999,46.507951399999996,49.49187020000001,52.678594200000006,52.15710980000001,51.43963900000001,45.651534399999996,40.196143600000006,34.11489400000001,26.5142854,17.9197609,15.6506111,9.470144780000002,6.05465886,4.971004400000001,5.7799247000000005,4.43740106,4.56033002,3.09982322,2.73070568,2.03783624,2.27597716,1.7510286400000004,2.4286582800000005,2.6349395600000003,2.7367000000000004,2.1464029200000003,1.8994248,1.16120688
Bond Street,NB,SAT,15122.919624960003,6.80478894,9.01255374,13.66001574,16.77460254,20.6156532,24.741403,29.622730200000003,34.508527799999996,35.066651,38.3820336,42.496543599999995,47.7859222,49.7997314,54.510048399999995,58.80230279999999,62.797170799999996,66.18448020000001,68.34356140000001,67.11259240000001,69.19405400000001,71.882898,72.72463,74.938574,81.907674,93.545666,102.2631028,114.8285888,126.9684128,137.22857679999998,140.72720280000001,156.23188000000005,165.608002,179.74034200000003,194.202358,209.152476,212.70588999999998,223.256862,226.35130400000003,234.301362,244.244662,257.09074200000003,268.311798,281.98962400000005,290.941834,301.60976000000005,310.581598,320.71841,336.01417999999995,353.84506400000004,358.782276,365.47741,368.58329,367.535482,363.321134,369.765318,362.284998,342.373446,318.961434,298.706294,272.480522,256.501394,246.910116,246.97294,236.93471600000004,233.030804,225.03472000000002,221.156598,212.344064,214.89067400000002,219.607082,221.64056200000002,228.93463599999998,213.16325,207.195846,175.54659800000005,150.54476600000004,118.34902800000003,116.69111200000002,101.20072200000004,94.487188,93.877186,87.77473100000002,83.868769,70.8389658,76.4662478,59.44352960000001,50.2647606,30.5492586,34.218217800000005,23.7230092,34.266268200000006,37.7885652,44.2337724,31.289062800000004,23.066677399999996,11.713342599999999
Canada Water,NB,SAT,23230.78297514002,8.2650936,17.602446399999998,40.30674320000001,56.5560952,75.35280060000002,97.55271360000002,118.48334880000002,132.969674,145.969336,161.76306599999998,177.69157800000005,197.972076,208.063132,233.555304,256.153774,293.384944,312.528402,327.332824,340.326306,360.17348599999997,362.029644,373.885368,402.970408,428.709916,442.849746,452.494204,461.44254400000005,473.055384,470.06595599999997,464.547858,470.59977599999996,470.125188,463.75163800000007,458.54837000000015,461.21211000000005,455.57125800000006,451.09949000000006,430.682096,419.90076799999997,410.28931200000005,402.27578200000005,388.9108700000001,391.660924,403.80842200000006,412.630186,410.032016,414.309006,429.183476,444.982738,443.865246,450.21429000000006,452.22485,440.11495,411.90923,390.16175,369.511638,347.960522,317.27499000000006,288.413696,260.921106,235.08063399999998,212.582284,192.302836,174.66541800000005,163.23766,153.95627199999998,153.108252,162.67676799999998,169.529296,173.75944600000003,180.689232,177.13212600000003,167.19783,150.60899920000003,128.75539260000002,99.64550359999998,73.877954,44.8842894,28.9461966,18.295607399999998,14.772330200000004,11.839984199999998,13.3419546,10.336873720000002,9.95614152,6.80786138,5.4900589800000015,4.16032098,4.32021686,3.93519314,4.6681462,5.2600678,5.796704,5.21979888,4.4505606,3.29489988
Canary Wharf,NB,SAT,23599.100431779996,10.151758340000002,17.80496034,26.89031954,42.01947379999999,51.46154900000001,61.5266074,74.5558814,90.5409982,98.771593,108.596959,118.456942,128.76774,140.48681200000001,156.59913999999998,181.693332,214.774286,239.860346,260.580594,283.720234,308.0103420000001,328.793312,348.5229500000001,371.46811400000007,391.743522,410.65602800000005,421.18313200000006,432.4611840000002,445.01388400000013,453.68043,452.420742,462.588108,468.84371,468.11749000000003,466.338784,467.220646,455.32380000000006,451.48788200000007,446.86009800000005,446.58883800000007,442.88089,446.449246,449.196828,452.773646,456.029038,461.135508,459.98487800000004,467.58016,476.960116,478.032474,477.56490199999996,481.257616,476.07005599999997,466.97110599999996,465.739996,450.895872,423.912064,387.671176,349.94417999999996,309.133328,281.6202340000001,259.229468,239.51807600000004,227.826652,211.19650400000003,197.51051200000003,189.15764400000003,190.46628600000003,187.324722,183.47587,187.394752,189.74948600000005,185.441196,181.04693000000003,167.13599520000002,155.6153132,132.0765122,109.16435619999999,85.5713322,71.12274559999999,53.52926160000001,40.06772900000001,32.990337000000004,24.4464812,25.494418600000003,15.9184984,14.642137599999998,8.921601599999997,10.3138472,6.40495,7.5371958,7.619461200000001,10.1391522,6.629873739999999,7.588410739999999,5.62611514,4.82077214
Canning Town,NB,SAT,24064.9317477,39.70144000000001,65.50892200000001,101.233076,137.723646,176.98795600000003,205.73410600000003,235.200924,251.4927,257.21068399999996,253.536588,264.23089400000003,263.74206200000003,266.27643200000006,274.04705800000005,291.429318,311.294122,326.07232,342.90973399999996,362.83847600000007,384.280616,388.866632,403.12316200000015,413.39246,426.07460800000007,424.20476800000006,429.78882,431.98195999999996,445.044308,446.032928,449.877104,456.400358,464.349016,455.652476,450.55096400000014,445.02681800000005,443.55612800000006,441.50024400000007,444.765004,440.471144,447.561066,440.55065,430.09724000000006,422.07899,425.77673799999997,415.461992,414.511772,415.678102,417.72927999999996,411.88678799999997,414.55089399999997,411.385994,411.67881,412.95815600000003,410.292696,391.629264,370.760476,337.448414,297.17093,260.62476200000003,234.535548,207.240894,188.164954,170.831656,159.35718400000005,147.81158200000004,145.36192400000004,140.08390200000002,144.902982,141.41338000000005,145.179222,132.319468,127.44579000000002,120.88499399999999,108.68513000000002,89.8361694,82.30527640000001,67.9256998,45.044825,35.9246722,27.7280146,21.390203000000003,19.1923796,22.075127800000004,20.3406494,19.5495396,16.46422354,17.40682734,16.46003174,17.72828914,18.849533940000004,22.452092600000004,23.8314176,25.1826752,27.446949800000002,23.086226999999997,18.549323
Canons Park,NB,SAT,43.627399055500014,0.0,0.0,0.0,0.02685482,0.08522843999999999,0.11276509199999997,0.129061824,0.167549586,0.200495814,0.142122194,0.18847317,0.22972015,0.274389414,0.3023459900000001,0.4962340100000001,0.5399113420000001,0.587144536,0.553457112,0.64472068,0.595492108,0.586896428,0.551450846,0.719702744,0.6511624720000001,0.830525324,0.750134552,0.745620948,0.682392288,0.61806136,0.4251433200000001,0.467545772,0.45022334,0.6231006400000001,0.786103928,0.7824441879999999,0.7994884520000001,0.8533455940000001,0.582925248,0.40359725,0.322191388,0.442809664,0.43760901,0.5881336560000001,0.7763546140000002,0.927833556,0.8546734280000001,1.1392964920000002,1.454105232,1.541151372,1.5844982719999998,1.68480418,1.45151747,1.23747995,1.131900458,1.0407719579999999,0.8745417640000002,0.9547552340000002,0.744147048,0.66465088,0.627793786,0.5582347000000001,0.35215121600000004,0.348524388,0.34583662200000004,0.25082034880000004,0.3699001408000001,0.3825939568,0.4025939708,0.3304671768,0.338715372,0.29700988,0.28247069399999997,0.19595042399999998,0.188348834,0.16223800600000002,0.09016531859999999,0.15079097260000002,0.1271176336,0.0915091963,0.0915091963,0.08620758369999999,0.0127196703,0.015813105900000003,0.0178696586,0.021918344,0.021918344,0.0150078574,0.0080973708,0.0040486854,0.0,0.0,0.0,0.0,0.0,0.0,0.0
Dollis Hill,NB,SAT,753.2545720438001,0.228448696,0.6096842560000001,1.262124656,2.345833206,3.0928942139999998,4.209943,5.03509058,5.69925346,6.22342076,6.80562206,7.26839566,8.283256920000001,8.90582524,8.78569854,9.902150599999999,11.1820076,11.482437399999998,12.0832028,12.992587599999998,12.854287800000002,11.9317568,10.73940494,10.44534854,10.77162874,10.82203354,11.13963114,12.494518199999998,12.377368400000002,12.0744864,12.7622102,13.2697802,13.7851168,15.136250599999999,15.8613364,15.4554014,15.975114,15.4185588,15.0010233,14.3290809,14.725906100000005,13.9307597,13.7048795,13.4583778,13.256405599999999,12.824023000000002,12.8372605,12.5874589,12.6967065,12.5972321,12.4747661,12.1697246,13.157531599999999,12.518334800000002,12.942721400000002,12.453948000000002,12.1810514,10.6858144,10.151895800000002,9.2177368,9.062437599999999,9.219042199999999,9.973139199999999,9.5582554,8.73643208,8.189934880000001,7.13612638,6.064717980000001,5.60712638,5.41897502,4.67656788,4.4284365,3.66870738,3.2161671000000003,3.02932748,2.60006932,1.862173994,1.801083674,1.4822714740000005,1.0949986340000002,1.064208814,0.993247,0.5016319600000001,0.54684094,0.5407915879999999,0.5756978680000001,0.5383253880000001,0.5081922680000001,0.3548515680000001,0.23989066000000006,0.16672288000000002,0.145001522,0.1488667786,0.1642573118,0.1890540318,0.0921994518,0.04405250980000001
Finchley Road,NB,SAT,3525.2393918380017,0.452801986,0.525970126,1.8881749260000005,2.649784546,3.8085224739999997,5.46836134,7.508487799999998,8.547396800000001,9.7285338,11.1889614,12.1203648,14.690054800000002,16.8920816,19.2131566,22.025975,25.604704800000004,26.817350200000003,29.616134400000004,31.982180600000003,34.34274300000001,36.2865868,39.19271079999999,40.64801800000001,42.568780600000004,43.8057376,44.441,46.268592,49.345302399999994,52.64454940000001,54.4353306,55.6491954,55.55225060000001,55.694637199999995,56.374150199999995,58.595325,61.3813402,62.8990764,62.8680622,62.0150652,60.15330060000001,58.83345580000001,58.07549760000001,57.62370080000001,59.7242618,63.7682932,67.812444,69.88112280000001,76.2333748,77.7868398,76.9676962,74.23861620000002,74.49430020000001,71.4101902,70.1616192,69.243788,67.3824754,65.22956479999999,62.1388568,61.174412800000006,60.55197760000001,59.7065934,59.029202399999996,57.30956120000001,53.46452320000001,49.6666664,48.6501032,47.884633799999996,48.2893716,46.965399600000005,48.909045000000006,46.8359202,45.8589442,45.437871,40.034199799999996,32.244168,29.694742400000006,25.1379274,15.580046180000002,14.05391508,11.11207174,7.507076060000001,3.157815894,3.2129712140000004,2.1579257940000005,2.4295982940000003,2.028975874,1.89125604,1.3590065400000002,1.47007996,1.04111406,0.7480871600000001,0.855047874,1.060882434,0.8137616540000001,0.6437107940000001,0.373936194
Green Park,NB,SAT,17196.112050900003,10.9397752,15.7587172,20.0343368,24.6024582,28.625241800000005,35.449575,42.337677,52.660835399999996,57.14656660000001,64.8381536,64.90789300000002,68.14326700000001,72.553999,76.82900500000002,80.5709392,93.8823224,101.9262384,103.61630040000001,108.09272040000002,115.6759172,118.207628,125.317376,136.81493,144.32586400000002,150.634928,159.402104,166.216248,168.281582,178.348202,187.647554,198.888046,211.344312,227.77479,237.752866,247.56187600000004,256.48427599999997,258.79294400000003,260.262066,263.47727000000003,275.171868,284.37962799999997,300.646768,316.419736,334.284704,346.39239399999997,358.50639400000006,364.85235,382.56422799999996,396.69984,408.275674,413.70846800000004,417.761178,414.422872,403.40258000000006,389.58018799999996,370.24627799999996,352.7656120000001,326.883702,301.8408560000001,279.951496,261.895052,241.77551400000004,228.41320000000005,217.989642,210.53337600000003,208.25059600000003,215.42793799999998,222.29639,238.78102400000003,249.72378799999998,258.915014,242.18225,236.97810800000002,229.04350600000004,205.34511200000003,178.13680720000005,177.8247132,138.84044719999997,108.94595620000004,86.79546219999997,79.5039262,56.274497399999994,67.0519314,57.342676399999995,64.2617216,48.42506306000001,40.78124586000001,24.25939186,30.94263186,22.15230586,30.008604800000004,33.984521799999996,40.05410120000001,29.89969360000001,23.430336399999998,14.761890800000002
Kilburn,NB,SAT,1166.8325291299993,0.861691628,1.115449868,1.7811660480000002,2.3759285080000003,2.6378475480000003,2.71440683,3.29009253,3.76256585,4.25469677,4.76757993,5.94529356,6.5550054200000005,7.17742822,7.6109911000000015,8.5167061,9.2301029,10.117119699999998,10.7911521,11.2314693,11.3362385,11.8177613,12.7458447,13.6157536,14.4061688,16.237332600000002,17.395737200000006,17.869748200000004,18.2538794,20.097412400000003,19.4267956,21.1101026,22.089284600000006,23.3903958,22.4090024,23.985061600000005,22.959154,22.624005,21.954242999999998,21.141567,20.062759600000003,19.537163,18.484141,18.162977400000006,19.002438400000006,19.703973,20.636281600000004,21.9201892,22.814199400000003,23.101026,22.6509868,22.3325142,22.750156600000004,22.856555000000004,23.18678,22.6220072,21.7566868,20.0618896,17.688351,16.199957400000002,15.490413199999999,14.716695199999998,13.640112799999999,13.4198498,13.100487400000002,12.182425000000002,11.6159266,12.980823,13.2472218,12.915973199999998,13.7584592,13.107324400000001,12.441301400000002,12.3417436,12.795826199999999,11.067865800000002,11.0351027,9.859226099999999,7.895329500000001,5.266423940000001,4.9124036800000015,3.67672358,2.58054624,2.14542932,2.65936212,2.12826568,2.22191708,1.54564922,1.3723443400000002,0.6708929,0.68884378,0.40073858,0.60831928,0.7547585400000001,1.0336073,0.7881125200000001,0.63286872
Kingsbury,NB,SAT,375.5819418892572,0.15882418325912698,0.6971906832591271,1.0412683432591272,1.4209232960000002,1.6311110860000002,1.7404066260000004,1.579893706,1.6106200860000002,1.5537052059999998,1.6048598260000002,1.9704638200000004,2.1460442800000004,2.71136024,2.87589916,3.61980098,3.63872856,4.02308186,4.22678846,4.6527391200000014,4.735991800000001,5.2814232200000015,5.409581600000001,5.664043599999999,6.1302870600000015,6.61623078,6.7584489,6.7064167800000005,6.672102460000001,6.275897140000001,5.58017806,5.116188600000001,5.8021946,5.7283814600000005,7.06141586,8.129455140000001,9.91045204,10.24055924,10.859027700000002,9.719012,9.7348422,8.5135115,8.270544500000002,7.5191286999999996,7.767670000000002,6.7093311400000015,6.5979760800000005,5.940145280000001,6.3872412800000005,6.5082756800000015,7.76954454,7.62894854,7.98560254,8.11073514,8.16538414,6.8922080800000005,6.948321140000003,6.25376954,5.6328229400000005,4.7053074000000015,4.8688902,4.148595040000001,4.1849976400000015,3.3818835000000003,3.4297050400000004,2.56500094,2.9457717,2.48055454,2.7909602000000002,2.20740283,2.33988393,1.95526673,2.05947167,1.70241883,1.73934416,1.510370626,1.208285146,0.759548332,0.54532751,0.450378446,0.43878448,0.3452883,0.388507814,0.381441614,0.38396421399999997,0.23884137140000006,0.2363610054,0.17515652539999998,0.1377090674,0.0559503714,0.055965860400000005,0.0095265722,0.026195296200000003,0.02666002254,0.02714750058,0.02045601418,0.017620928379999998
London Bridge,NB,SAT,43216.898714920004,6.3096002,12.4425502,21.246899,37.6094368,52.10904020000001,68.9761316,85.10625759999999,105.8700888,121.265194,137.027148,152.14577200000005,179.691058,198.347012,219.59284399999999,247.807156,304.2196800000001,338.66173399999997,374.051004,406.781246,446.81817199999995,456.9558980000001,486.65188200000006,524.101308,582.286384,623.2758680000002,676.384442,719.097342,763.4635920000002,778.7716200000001,805.29217,824.2139500000002,855.3602780000001,874.3654260000002,900.4856460000002,907.95585,918.58769,909.559422,905.960814,894.0583939999999,901.896712,894.6781520000002,908.0047599999999,918.81772,931.90488,937.1155679999999,951.9194480000003,956.5074,957.77396,950.382848,945.2703680000003,920.0602680000003,883.8254880000002,844.6374880000002,823.0205940000003,783.2094940000002,744.0271940000001,694.9028139999999,649.5821740000001,589.706716,543.214776,508.27727,478.54153800000006,449.73991400000006,430.72853,404.19867999999997,383.28773600000005,377.70918400000005,393.49819800000006,411.875774,449.17036400000006,460.646474,451.007502,427.383792,372.53818600000005,296.1367340000001,238.11626200000003,195.038108,146.58825000000004,110.82334679999998,97.35136280000002,75.8186812,64.4017912,45.170468,50.743326399999994,35.3405372,33.072676,21.188216,25.7243292,15.255857,18.7690782,19.4773548,24.084979999999998,16.34656128,16.78130808,10.47361208,8.22791028
Neasden,NB,SAT,657.4522482324794,0.15717118646482742,0.8279528864648275,1.1118876264648274,2.205856577464828,2.5923023659999997,3.91239584,4.82391254,6.156637,6.8230102000000015,8.03161932,8.954022720000003,8.91179932,8.90712172,8.90624212,9.3466608,8.7016762,9.0569782,9.082934800000002,9.084785400000001,9.0649496,9.711139300000001,9.7333645,10.1824227,10.8537597,11.3752658,11.606411100000004,12.245087500000002,12.301984300000004,11.681076500000005,11.2629394,11.344464,11.6309054,12.591595800000002,13.6777652,14.5437014,14.7933198,15.1014856,14.251211799999998,13.2588962,12.4962434,12.237317,11.231587,11.3931712,11.455813999999998,11.8691962,11.2147414,12.2413194,11.6844866,12.795131800000002,11.7596956,12.4415688,11.556966200000002,12.4324906,11.114088699999998,11.827919099999999,10.57401362,9.5247409,8.2078435,7.567749320000001,6.30988472,5.654301340000001,4.98168992,4.375354120000001,4.27672188,4.54514376,4.59200256,4.7796704000000005,4.5970074,4.09013752,3.48164484,3.2850956000000004,2.87011738,2.48097006,2.37737786,1.99097676,1.61693694,1.44794835,1.27854933,0.92927406,0.6161908548,0.3920234108,0.22341807750000006,0.16294030110000002,0.14974256510000006,0.22300667830000004,0.16419117830000002,0.16384842160000002,0.15418313800000005,0.10512954400000002,0.04983213,0.111406138,0.11278768566,0.14374313366,0.1440743816,0.1094607876,0.032668243600000015
North Greenwich,NB,SAT,23122.383355200003,21.053674800000003,29.933664800000006,45.09535080000001,58.111644999999996,69.55020880000001,73.54720900000002,88.431601,97.74940500000001,104.950725,105.089846,109.87582900000001,113.21707099999999,115.81411899999999,123.109575,139.81942,155.77871800000003,167.23581000000001,176.839444,189.383486,199.43649,205.02094200000005,211.554826,227.76028599999998,240.46617200000003,252.53857200000004,267.63180800000004,278.686734,285.34639599999997,294.4805340000001,301.91421,302.627066,313.5678680000001,321.47115800000006,321.540684,325.203652,330.696162,327.028394,328.07162999999997,332.150454,335.07655200000005,338.973546,347.068218,353.936786,367.237398,385.417708,395.251268,400.379176,405.115754,402.126698,393.554152,395.891272,394.792952,391.306558,388.880662,372.84736,346.3076900000001,319.39572999999996,288.3740380000001,259.59608199999997,241.54612200000003,227.479154,214.19983399999998,206.36931000000004,196.21524200000005,181.96267000000003,171.704562,184.781608,221.86149600000005,320.43932000000007,508.850904,742.66473,862.4267140000003,947.9862500000003,881.0271560000001,728.840272,490.42268600000006,327.6277452,176.27434839999995,112.2282848,53.4321628,28.581567600000003,26.3442462,18.1348926,16.4800092,7.966659560000003,7.394169100000001,4.2298613,6.6894133,5.390306000000002,7.699515040000001,7.852425900000001,11.5007337,9.4393434,13.032202300000002,10.3643689,9.632629699999999
Queensbury,NB,SAT,126.29594379499996,0.2718647200000001,0.3906781,1.1833893,1.6678661,1.84958648,1.79841924,2.0371687400000003,1.5329071600000002,1.4715066000000003,1.5192157800000003,1.7469886000000003,1.7048113400000002,1.70540006,1.53294104,1.62845798,1.4353954800000002,1.4188116400000002,1.4297236800000002,1.47795118,1.65825142,1.74775366,1.78203616,1.90206668,1.91929524,1.6568032599999998,1.78810306,1.8328689,1.7475420000000002,1.6198571860000004,1.6505866059999998,1.4484807860000002,1.509243506,1.781440306,2.01534656,2.36283302,2.5634422800000003,2.8780995000000003,2.86542098,3.0441342999999996,2.92967916,3.23603454,2.80518302,2.5349152999999998,2.26542806,2.3302259800000003,1.96706408,2.15848598,2.4071252800000003,2.47569288,2.28485886,2.11840624,1.92190878,1.8075155400000005,1.8085842400000005,1.8455997000000004,1.8727619000000004,2.18027586,1.86448254,1.85384792,1.67431564,1.54860386,1.1945471800000005,1.2427333400000002,1.01141358,0.8351999040000001,0.8414736040000002,0.639472946,0.4602721080000001,0.3520243080000001,0.304715222,0.269330442,0.35694537200000004,0.5218108300000001,0.5320697780000001,0.6260427500000001,0.57338336,0.432796141,0.272443655,0.21122978700000006,0.10281699700000002,0.031682907,0.015855594,0.0,0.0,0.0,0.0,0.0,0.0,0.0,0.0,0.0,0.0,0.0,0.0,0.0,0.0
Southwark,NB,SAT,3640.962930686801,0.12967766,2.3240272600000003,5.94294086,7.670977472000001,9.659588366,12.394620399999999,14.8437568,16.963723,20.262619,23.3020464,26.0518238,29.803969200000004,32.224773400000004,34.735851399999994,37.343210600000006,43.9935794,48.23255,47.06072800000001,48.1144272,51.7328668,52.48543700000001,49.842663,55.688681,59.1993398,63.00677380000001,60.36759280000001,60.9355988,58.60041080000001,59.39855279999999,53.93732320000001,57.00642220000001,56.9384378,60.375127799999994,56.8201718,56.840085200000004,54.4171306,58.552335,54.79428000000001,54.61075200000001,58.8088782,67.34188780000001,65.86065380000001,69.24686600000001,74.01867,77.2660292,72.4184252,73.6641472,75.981622,83.692278,84.92051,83.44298599999998,82.256249,81.43859499999999,73.632857,63.79375040000001,59.03378740000001,59.6670664,53.50030519999999,47.0687084,44.1049946,45.62328760000001,42.1421436,39.75406480000001,37.8912386,38.350501799999996,39.829307799999995,36.924140799999996,37.81262020000001,39.54990000000001,43.64724220000001,39.479169399999996,36.93822479999999,31.274062400000002,25.7774858,18.834468200000003,12.354901880000002,8.295887360000002,6.738945610000001,4.987127926,1.969179632,1.286646626,0.513997472,0.373975582,0.439508946,0.293821486,0.27407495080000005,0.19491022480000006,0.2478999048,0.1650319208,0.20434732879999998,0.211541012,0.24566961,0.17753673920000002,0.1889241292,0.11062307519999999,0.0963820532
St. John's Wood,NB,SAT,1171.31630051943,0.23658095571,0.40076171571,0.6794443157100001,0.62202389571,0.8176133617100001,1.24945656,1.4014974000000002,1.76700806,2.15425834,2.7010597400000003,3.19549302,4.169412820000002,5.870773560000001,7.877094520000001,9.156936199999999,10.4617756,11.2295254,10.612328199999999,10.039383,10.060493200000002,10.6103728,11.556617999999999,13.1851566,14.2089252,15.368511999999999,15.450714800000002,15.3871108,15.625673600000002,16.5404076,17.5149842,19.5109716,21.8845492,23.574059,24.6871018,26.043559,27.545499000000003,27.823304200000006,27.555777800000005,27.60278940000001,27.232182000000005,25.439808000000006,24.692495800000003,25.4918918,26.119651,26.5725958,27.862868,29.36733,29.675244,28.644209600000003,27.371312000000003,27.1359452,26.006036200000004,24.2901392,23.1688782,22.64043,20.9347544,18.122415,16.3595456,16.055718,15.537504,14.876899600000002,15.721550200000005,15.2369272,14.293815400000002,12.707696,11.0440446,9.8631586,9.313301,8.7781505,8.782262699999999,9.5914159,9.1440469,9.3219853,8.910341500000003,7.98059946,6.5927004600000005,5.7877496000000015,4.130579774,3.084429474,2.4593345880000004,1.4963547680000002,0.8779775879999999,0.822140344,0.5745373640000001,0.461690542,0.435981792,0.236097632,0.15966170200000002,0.156783222,0.32548435,0.42750277200000003,0.5731807520000001,0.5738016767199999,0.69269826872,0.4549796887200001,0.32647903672
Stratford,NB,SAT,60437.575916400005,101.6865806,147.1168406,235.9737006,294.792904,378.181464,456.001924,573.5362440000001,677.5794580000003,762.9554340000002,773.5997860000001,772.6758060000002,758.9633380000001,721.349544,729.2979839999999,761.6509920000002,816.7385920000003,859.9803400000002,888.65948,839.950866,790.220266,723.704686,671.641526,620.187006,662.81578,716.5365800000002,751.5017400000003,767.1084800000001,804.9772060000001,827.418086,849.1778560000001,861.8690560000001,909.4201660000003,939.2206,952.39708,951.55005,979.05347,963.234292,959.021692,963.190352,990.5826720000001,1001.3688119999999,1026.09298,995.534772,981.522532,956.382912,941.640922,929.713542,965.60014,972.43674,965.6850400000001,951.17646,943.1365,928.78468,937.55965,992.6759100000003,1063.41716,1089.32696,1102.594538,1078.93426,1025.37058,922.65135,855.6249820000003,805.9414859999998,795.3392040000001,752.5609240000001,762.454846,731.1251820000001,707.3854,639.7539180000001,587.123188,542.288536,474.517724,441.89331,399.865102,355.63731600000006,259.738788,222.36660099999997,147.7864802,100.4899372,71.49289399999999,68.59417679999999,73.27506059999997,65.4592128,75.07793280000001,69.33629,60.66523480000001,61.49533000000001,55.952283400000006,47.99461240000001,45.681091,43.9187984,29.699692200000005,31.280920000000005,32.89711440000001,25.114137799999998,20.621850800000004
Swiss Cottage,NB,SAT,1143.6347175960007,0.245185755,0.35913654300000003,0.543556543,1.206738743,1.6023155,1.7355729480000002,2.08206436,2.3507667800000003,2.32772278,2.68249154,3.39947096,3.98425616,4.60043074,5.3995292799999985,7.387549000000001,8.558720600000001,9.5503695,10.6532405,11.658240500000002,11.445009900000002,11.493157900000002,12.263876200000002,12.572541,12.420915400000002,12.652208800000002,12.7825692,12.362903,13.135339000000002,14.1714552,14.336856599999999,15.7830068,17.4189802,18.059243399999996,18.2643104,19.7576102,20.293083399999997,20.155588400000006,19.9714668,20.7673892,20.971322600000004,22.2690838,23.108207200000006,24.6012398,25.4920278,26.224825800000005,28.026692399999998,30.683813800000003,30.811008800000003,29.617883600000003,28.19567360000001,24.457808400000005,20.762864,19.351250800000006,18.9392414,18.305439399999997,17.7588258,17.583740000000002,17.524685199999997,17.207359600000004,16.7022346,15.625910200000002,14.856791200000002,13.473190400000002,12.6756698,12.932174,14.305941,14.0766894,14.376954399999999,15.3614974,14.950601999999998,15.6832474,15.923485400000002,15.6267474,13.5039419,11.60705978,8.14606118,5.99799518,4.24913898,3.7002644,3.3341799400000003,3.40432568,3.12899194,3.24925244,2.58012756,3.08639594,2.8533777999999996,2.52228874,1.67198824,1.97401474,1.38319048,1.58703138,1.7167219919999999,1.9629928719999998,1.48256896,1.16881062,0.4249987200000001
Waterloo,NB,SAT,10456.889306219999,3.8365593999999996,6.688614600000001,8.531117199999999,11.64612828,15.19160634,17.467133999999998,20.4268182,24.283916199999997,27.107949199999997,28.6683374,34.7467856,39.8948602,49.813382399999995,56.57845640000001,65.25596960000001,70.95578180000003,78.51673380000003,83.04417980000002,91.1738598,102.1150678,116.6400648,126.0345308,134.19065,140.49496399999998,149.11555,151.97475200000005,154.68816600000005,156.79728400000005,162.14552400000005,157.992598,157.90679000000003,161.252286,167.13987799999995,163.41445000000004,165.19816200000002,168.65162399999997,173.54951,170.62671999999995,173.047088,176.96536600000005,181.702262,188.048996,194.113962,210.23782799999998,223.82433199999997,233.8919,243.92291200000003,258.401888,262.966922,259.253412,254.607722,243.89380000000003,237.043762,224.241958,212.939658,200.68667,188.034628,169.32441800000004,154.05148400000002,143.043098,131.10709,117.9604488,110.0374078,105.09620780000002,103.5425478,103.0862098,109.477105,113.197458,115.892723,117.1072798,113.71959299999999,104.1912422,101.6728682,95.8643612,88.31504840000002,76.61095379999999,68.60049660000001,55.85239180000002,44.00068080000001,34.2635348,32.82591180000001,32.237360800000005,28.074783000000004,29.987896000000003,27.010302199999998,22.601843100000004,15.601138099999998,11.95405936,9.80988796,11.781923160000002,13.89775246,16.12757606,17.116417000000002,14.5385452,9.2214318,6.5060020000000005
Wembley Park,NB,SAT,3872.5680272020004,1.5944696400000002,2.2698701800000003,4.32834478,5.13281622,6.54240286,7.828752000000001,9.45757506,10.88225086,13.659610800000001,15.886724,17.384061000000006,19.559086999999998,21.6332906,23.0156092,24.2648158,26.289750800000004,28.276237599999998,29.232526400000005,29.209433200000007,30.28367980000001,31.3172868,31.400979800000005,31.178258000000003,32.809993199999994,33.66104,34.806052,35.4066386,37.4471446,39.952692600000006,43.2538538,48.88382779999999,51.9316758,62.197100799999994,63.3310796,70.54875679999999,70.58161280000002,79.3834228,72.03040940000001,79.48059860000002,73.21597779999999,76.82193980000002,69.69573780000002,76.36694720000001,71.3333412,78.28734600000001,73.931128,81.85244600000001,76.56809260000001,88.65419059999999,85.26524460000002,96.4975056,90.12975259999999,99.947724,87.73352200000002,91.520412,76.168525,78.40883600000002,65.31894799999999,67.222403,57.26588800000001,62.03250120000001,53.62732820000001,56.408123200000006,48.9283448,53.654925799999994,48.9851186,55.316339600000006,52.71387060000001,57.1595944,54.0333864,52.40688640000001,53.66023640000001,57.17955240000001,50.72088580000001,47.5657566,40.83210630000001,30.385468700000004,17.758139720000006,13.1571398,6.38400066,6.24847132,1.938364432,1.811294512,1.3699734520000002,1.3378521520000002,1.261830412,1.1718289,0.8698078000000001,0.6847449800000001,0.78522756,0.5851250700000001,0.6691617540000001,0.7151749220000001,0.8932423220000001,0.4684653820000001,0.308117252
West Ham,NB,SAT,15197.038180250001,34.4813468,59.13892679999999,95.9416148,147.335992,186.723106,223.06002400000003,255.07269,273.406494,268.298484,252.48667799999998,238.423806,222.967776,212.559936,200.115484,200.500078,201.366702,199.99152400000003,187.547818,191.4913,199.53618400000002,212.303654,218.052412,235.967,250.74478599999998,260.771848,256.86397600000004,260.03139600000003,259.995814,261.182722,257.25224199999997,262.501908,271.639338,281.842916,276.71227600000003,276.61116200000004,277.13349,276.507208,265.280056,264.51623800000004,262.404148,261.87838,254.200436,254.24757799999998,255.63468199999997,260.011126,259.4864,262.11701600000004,264.53179,266.158764,258.55528599999997,256.29447799999997,255.497756,256.50727800000004,245.71253600000003,237.75228600000003,226.644916,211.83201000000003,184.93143000000003,166.23226900000003,151.814347,137.180933,123.197526,117.25980800000002,110.14158300000004,100.48174700000004,90.439067,83.14309,79.340562,77.591984,71.99015800000002,69.035526,62.986648,54.04417599999999,44.661566799999996,36.36030340000001,26.161089800000006,20.298295600000007,14.074805,10.088652200000002,8.20397238,6.820391720000001,3.5330782880000005,3.1870274480000003,1.7076494880000002,1.9541024480000002,1.4905221000000002,1.657157652,1.370047332,1.4067158320000002,1.093831478,1.350075966,1.3171075660000002,1.4596653260000003,1.2539742260000002,1.1566208400000002,0.7974009600000002
West Hampstead,NB,SAT,1854.9451335724807,1.6701378480000002,1.923961748,2.417332048,3.6016106280000004,4.4504889,4.90582176,6.55255766,7.019836080000001,5.88015118,5.69513108,5.1414310200000015,4.1235254999999995,4.169273840000002,4.70928624,5.63253674,6.667022340000001,7.90114986,8.764541,9.227795599999999,10.345807,11.3844978,12.9743914,14.544642199999998,16.1932218,16.8706128,18.0306478,18.7865838,19.517306,21.2079206,24.1743788,27.4632396,28.9237044,32.7155164,34.358556799999995,36.4656348,35.5398374,38.519678000000006,37.0684028,38.89919879999999,36.785004799999996,38.1727276,35.4246222,37.4805062,35.58607540000001,37.8950844,36.9294596,39.68681700000001,38.78461160000001,42.63730440000001,42.821008000000006,45.95760900000001,45.1332172,47.472792999999996,44.623744,43.0354554,41.18112440000001,37.74165360000001,31.965059399999998,29.1462664,25.7333256,22.787473199999997,23.721614,23.3835218,22.169167400000006,23.1057634,21.7362698,21.3487228,21.8042276,23.847366,24.86685600000001,25.7152948,28.933457800000006,28.173164600000003,26.091317999999998,23.3770778,21.178646,14.32516628,12.45762128,9.67568928,7.27664368,4.99792734,3.88602214,2.67218108,1.99731345,1.34988253,1.2052174062,0.7575393262000001,0.25384778620000004,0.2008978362,0.15708999620000005,0.49771154,0.61220558,0.625139984,0.5239597151600001,0.47410307516,0.12819399516
Westminster,NB,SAT,12406.79434154,2.0554462,3.24270226,4.48659512,5.77051266,8.09684506,10.10616932,11.95529026,13.8276098,14.0680822,14.149908200000002,14.378345800000002,15.5854056,17.673765399999997,21.6992466,25.2693244,28.946251600000004,34.35408080000001,39.885070000000006,46.70098400000001,52.39575780000001,63.1516058,71.46594780000002,81.44637840000001,90.0384372,102.35553879999999,110.2519968,122.53682480000002,134.95337080000002,147.25025600000004,159.907854,175.02850400000003,189.209174,200.89542,210.00259599999998,220.55347000000003,230.53236400000003,242.625128,260.757174,282.672472,299.19941,324.811194,351.948444,369.164302,369.746608,372.84202999999997,366.333124,356.8408280000001,348.8747140000001,347.00273799999997,338.230516,331.93567400000006,315.053356,302.8507120000001,290.8903880000001,282.25133999999997,268.083486,254.816416,234.910054,226.205056,209.50916,193.55857800000004,176.470672,163.997928,146.634168,138.594557,130.19526299999998,128.96297700000002,136.594279,140.289545,137.66777679999998,134.6193488,129.61839479999998,111.51174280000001,102.5498768,87.16860240000001,73.6389478,58.53599320000001,43.2716076,25.329303000000003,20.025514200000003,13.05251392,8.76054092,8.23138152,8.439456120000001,7.27414162,6.046806720000001,4.74344432,4.74135652,3.3611203200000004,3.22565662,3.52850746,4.11284486,3.3806929399999994,2.8620096200000003,2.21236222,1.80497516
Willesden Green,NB,SAT,966.9430097124998,0.8931345359999999,1.5193512759999999,1.8424973759999999,1.969996476,2.32505978,2.21708106,2.75794132,3.55091232,4.34798608,5.1575977800000015,6.1807122,7.013954300000001,7.648551400000001,8.180723799999999,10.4793739,11.4827631,11.7697808,12.878717800000002,13.874730599999998,12.961605800000001,13.5552592,13.8469492,14.0799984,14.502673800000002,15.115794400000002,15.039918,15.3111226,15.0397886,15.170148,14.765697800000002,14.5486458,15.6642804,17.3651324,18.2627638,19.4817358,21.6409638,21.7365766,20.5685212,20.1626462,20.7953814,19.5241818,19.160197600000004,19.588506,19.265659799999998,18.2666958,18.4684158,18.383472,19.004970600000004,18.9470422,19.089665399999998,19.272788400000003,20.2845834,19.541311,19.509212400000006,19.158740800000004,18.411372600000004,16.267709600000003,14.7959004,13.491838399999999,12.385332000000002,10.671133200000002,10.012613400000001,9.822797999999999,9.865931199999999,9.092263,8.88516094,9.42716154,9.03079994,8.059728060000001,7.18555946,6.528106479999999,5.41125562,4.62569862,4.176112000000002,4.085076000000001,4.5775129,3.63617776,3.242249,2.6105701908000003,2.1406201508,0.9736901848,0.7310977308000001,0.3817995168000001,0.5456560579999999,0.47679925799999995,0.4736075440000001,0.410222398,0.336294972,0.15118054000000006,0.12626635400000005,0.04414740994,0.07857475193999999,0.10175169913999998,0.19603197114,0.15341219713999998,0.1518845612
Baker Street,SB,SAT,16622.897149859997,4.88257408,7.486849080000002,13.99095368,22.984711880000006,29.124523280000005,38.1876066,45.1542436,47.721265,46.0288858,49.0961808,50.8105536,58.3792946,66.2978966,77.67343079999999,88.4684498,107.933619,128.45136599999998,150.5024,168.505217,195.088732,220.290644,237.415734,246.930386,269.599218,283.341382,290.236182,304.7764160000001,332.957874,338.374048,348.020428,353.259344,360.68046,350.808132,356.6742700000001,351.1292640000001,353.001952,344.97295200000013,346.66212800000005,339.94477000000006,339.66621600000013,334.132658,338.05547,339.530638,345.590642,346.261056,353.06483399999996,348.427722,345.573954,335.327624,332.5535680000001,319.6517,313.2126100000001,300.50342,298.5988700000001,288.79518600000006,280.81184,264.36753999999996,251.0563,229.15114000000003,211.542434,195.16325600000002,179.775912,165.46447200000003,156.479462,147.391494,137.36958800000002,137.132028,140.032116,138.9528,136.61035800000002,135.844647,135.460531,141.519857,131.156513,123.174319,111.5913492,88.44244780000002,57.31144820000001,45.509494,30.5212652,22.924417000000002,18.141747660000004,17.61439926,13.97328366,15.04785146,10.306531908000002,9.129972647999999,4.985656648000001,5.811724248000001,3.2886907080000003,4.41231596,4.91122386,5.72846366,4.1363294,3.52377394,2.3376512400000005
Bermondsey,SB,SAT,4306.89134016,4.502155340000002,8.85666574,14.209240740000002,15.70088974,16.296893739999998,17.365608399999996,16.305856600000002,14.918867,15.873171,17.050358000000006,18.7819238,20.297566800000002,22.3954626,24.698113400000004,28.574697000000004,35.0783156,40.14789800000001,43.86407979999999,46.79473540000001,50.462209,51.7056774,54.1733954,59.054758400000004,65.2487844,68.54877160000001,70.565618,69.69430600000001,69.45150500000001,71.09471820000002,73.0961982,72.55836219999999,75.4946642,77.0105812,76.342704,75.60950000000003,79.428186,81.0936068,79.74715400000002,77.40016200000002,76.25888400000002,73.30472320000001,72.10893920000002,71.87820400000003,74.8789008,76.17951679999999,77.7083376,75.7416628,77.62038679999998,76.834358,76.54951799999998,76.01934,80.51258399999999,80.634311,82.500419,84.13511100000002,85.1210782,80.38895699999999,74.95517600000002,67.689707,60.6850718,53.069325600000006,49.3624368,46.84058580000001,45.09378180000001,43.385999,42.13477520000001,41.4152466,43.8158524,43.5460994,43.7254902,47.41723900000001,51.68916040000001,49.57356820000001,46.317961800000006,44.50710100000001,38.21077380000001,29.031309000000004,23.8686702,20.703587600000002,15.24898352,11.22015172,9.12865712,6.45962972,5.04544298,5.09167766,4.367106448,3.115785048,2.260664648,2.4479893880000003,1.8220751280000005,2.76275006,3.1762884600000003,3.6201271,2.9143446200000005,2.18256028,1.11959556
Bond Street,SB,SAT,26509.45941392002,7.30790728,11.43287528,18.77631028,27.00183508,37.581241399999996,50.821830600000006,61.571607799999995,69.4824988,72.6689384,75.9894572,75.87404520000003,80.48486,89.685182,98.212293,108.587261,123.170449,141.88968100000002,153.540807,171.51081200000004,194.92721,221.018384,232.57713199999998,259.655824,285.62098599999996,313.42385200000007,328.926152,365.299788,383.585162,403.94299400000006,407.712408,425.95647800000006,422.340836,435.403176,432.25984400000016,440.453796,439.88518,461.308346,462.53693200000004,484.680332,507.626952,529.845738,540.4018980000001,564.161572,575.457544,584.381884,594.200072,605.551732,612.644212,625.04204,632.467928,637.66822,644.8371,647.1677199999998,631.444512,609.4341720000001,578.849632,528.7229580000002,479.119858,447.72396,421.748426,401.480332,387.99207600000005,380.18552800000015,364.56611400000014,356.075708,336.066282,320.760478,304.447656,279.419212,253.956622,242.491718,241.9552,219.927414,205.30966200000003,177.97479800000005,151.59025720000002,120.1546252,95.41546559999999,92.50895060000002,83.3086926,81.1385254,66.45730400000001,76.11281360000002,58.08653960000001,63.420925600000004,47.70631996,40.25902536,22.14939136,29.10063336,18.11523536,23.6980646,25.626872,29.3788748,16.728348999999998,13.140673,7.1502414000000005
Canada Water,SB,SAT,12999.369204260007,8.45536692,15.44779932,27.09801932,39.8080644,44.744587599999996,53.28826140000001,58.1486762,61.102358200000005,60.39157900000001,60.0075664,60.52144739999999,66.36667299999999,67.501139,73.6774922,83.3722958,99.7376878,108.601999,119.761183,128.73541699999998,144.629322,153.598576,162.43474600000005,172.33595400000004,189.687184,193.507744,202.19294,205.906014,213.938014,215.86267,222.671948,220.57563199999998,229.17530800000003,238.00261600000005,244.38347200000004,248.24335,258.78382200000004,262.423758,254.539256,245.936408,248.037394,241.210002,236.41981,236.09998199999998,249.861412,258.930204,269.235826,274.379654,284.75038400000005,278.24212,272.76056000000005,266.53014,264.625184,261.15830200000005,262.12713,252.606988,242.60157599999997,232.17927200000003,214.96749599999998,192.038484,175.051546,157.509792,142.15270519999999,128.50502120000002,118.4917752,112.74187820000002,115.2428462,116.478253,134.356207,144.60279300000005,149.068872,143.50921,134.85753880000001,118.8857098,100.9215166,86.67752259999999,69.19695999999999,56.61353259999999,36.827039000000006,26.2322234,18.252636000000006,17.126573399999998,16.478509000000006,14.968366000000005,16.341067400000004,13.715195,12.930235699999999,9.557462699999999,7.449848299999998,4.0075117,4.190250499999999,3.931522960000001,5.987995560000001,7.9115085600000015,10.33682356,7.4971885600000014,6.4053005999999995
Canary Wharf,SB,SAT,14718.196024260002,4.5643199999999995,10.058016600000002,20.502551600000004,24.472664,29.61856120000001,34.591306200000005,43.36587440000001,42.32785940000001,45.0969248,51.07046880000001,51.1238174,54.5823826,53.0635106,55.13765000000001,54.24732940000001,61.8145974,63.2032566,75.28979059999999,88.5518066,97.8452092,111.53304920000001,120.03494200000002,131.537856,144.834172,158.48138200000002,169.07657000000003,180.96279600000003,188.846332,198.16003999999998,215.32256200000003,233.28352200000003,257.32322999999997,266.22389000000004,265.971516,262.23682,256.43352999999996,244.700066,247.002628,256.53726000000006,264.7781140000001,264.294284,264.218432,263.52751600000005,267.65293600000007,270.785078,285.80739,296.01785400000006,308.071948,315.975404,323.61856000000006,325.02672800000005,336.1493240000001,349.7285320000001,360.590952,373.65177400000005,374.761722,361.773942,336.303016,299.600346,253.551922,227.24944600000003,199.20526200000003,184.86836200000005,177.99512,175.955196,172.62966799999998,175.60501200000002,181.02141800000004,180.793714,179.039622,169.099424,159.452896,148.57514,141.44406999999998,138.12981600000003,129.3388968,118.2508188,102.08982880000002,81.4049944,65.0698578,47.48271640000001,37.51192320000001,25.605935600000002,25.918644600000004,17.231390200000003,18.4742736,14.169232800000001,11.9991464,5.8908578,7.676790799999999,4.70761586,6.54454126,7.134196,8.1659868,4.090004800000001,3.4583709400000013
Canning Town,SB,SAT,15899.821189459997,6.705045440000001,13.378383440000002,33.753131440000004,63.40755624000001,82.28792580000002,108.426634,143.728354,148.00051800000003,145.64609000000004,151.814247,145.10321100000004,131.492835,139.88642900000002,142.26773899999998,181.90882400000004,208.56057600000003,239.99112799999997,253.91973199999998,285.67128199999996,260.282242,276.464426,270.63854000000003,289.6155540000001,281.1936380000001,328.46717000000007,315.81996600000014,326.9678540000001,320.96433800000005,335.97082,306.0947220000001,324.58797000000004,311.206518,336.20233800000005,316.7725920000001,322.3889180000001,305.756522,318.235642,285.823118,295.9080820000001,283.9978260000001,291.6869680000001,275.451214,276.27288000000004,255.63127000000003,261.77432600000003,244.399698,254.51268,241.65591800000004,253.175066,236.63369,244.74038399999998,222.21306600000003,232.91484599999998,222.97352,238.43863200000004,218.57981,225.616648,207.86468,204.565056,176.488498,173.40376,151.071216,134.248108,123.906774,112.99354200000002,105.74588400000002,98.06096100000002,111.424269,104.043283,110.8647542,99.6297618,106.6143748,88.7478988,78.325998,60.94927760000001,65.49035400000001,57.5632446,49.00023460000001,39.80578320000001,34.782270000000004,21.061205600000005,10.5020524,11.5639992,11.968209600000002,14.1086924,12.5781172,11.495581800000002,6.882300999999999,5.0490648,5.011526600000002,7.0406460000000015,8.689318100000001,11.9875549,13.633076699999998,10.088376500000004,6.5924307
Canons Park,SB,SAT,2776.0361964219996,4.2397173200000005,8.60799272,15.24714212,20.26441052,24.1161188,29.0928232,31.710515800000003,32.424364399999995,33.247209999999995,34.381931200000004,34.28252760000001,34.4838528,34.18360139999999,35.0048544,38.17135220000001,40.1734954,40.4997794,42.3970374,44.183609,43.7633568,44.5919342,48.95239300000001,52.1610454,55.784056799999995,57.67659200000001,58.864794999999994,57.868453,54.49873100000001,53.2983674,55.1441066,55.1283006,59.362986600000006,61.43945079999999,61.242806400000006,57.527794799999995,56.19662400000001,49.2773684,47.55978560000001,44.47793160000001,44.62026940000001,42.72335020000001,43.82155780000001,42.3616084,44.834423,44.5156622,48.1249196,54.27948960000001,62.5528066,60.97745400000001,62.20743680000001,59.648162600000006,56.1986618,47.0082218,48.0891628,42.5292606,38.5131224,30.092722600000002,26.7343778,20.3660364,19.065283800000003,17.059450599999998,15.5815896,14.2213164,12.813738800000001,11.5290436,10.876155,10.695725,10.4325778,9.721477400000001,9.0443058,8.478628400000002,8.5001836,7.55716428,6.5578902999999995,5.49160584,4.50203884,2.8891326000000004,2.66410588,1.998719068,1.526024082,1.387743682,1.6420214419999999,1.07957971,1.245484992,1.273023022,0.944757006,0.438424294,0.5531304260000001,0.394855302,0.427259552,0.4028567380000001,0.61690315,0.469846328,0.812470282,0.7231416479999999,0.6906200779999999
Dollis Hill,SB,SAT,3487.573257560758,5.613323599999999,7.6890042,11.465245800000002,15.9395256,19.3822778,25.043649,32.0389984,35.2102208,38.01128920000001,39.699067799999995,40.8136948,43.1471714,48.3824134,51.5388766,56.827559400000005,62.8296814,64.84777,64.3118772,65.5386302,67.2283694,66.5277954,66.67473620000001,68.94373300000001,72.11246200000002,72.80054000000001,72.82046120000003,74.1014832,75.5926862,76.1645122,75.65837420000003,77.113375,77.6362042,76.1221932,71.07901059999999,68.8832926,66.30692660000001,63.44797139999999,59.9037554,59.9690828,59.50406219999999,57.4326074,54.89928740000001,53.7915262,53.1346294,51.9009624,50.9300672,50.8740482,51.1389606,50.7395234,48.71690460000001,48.41341060000001,48.14027460000001,48.65609260000001,47.2228618,47.82237880000001,46.70342880000001,45.26447080000001,42.00594040000001,38.59902460000001,34.1262612,31.007056800000004,27.330667,24.2293388,21.8129343,20.540125699999997,19.546183499999998,18.8257737,18.336005899999996,17.8504678,17.1682,14.187303080000005,12.50890828,10.96215368,9.83520714,8.85368974,7.89909942,5.9610295,4.793229759999999,3.74370936,2.26017986,1.88928004,2.16251194,2.00467596,2.01729692,1.67025276,1.4578961649518,0.9849295849518002,1.0591371049518,0.9225611849518,0.8000852849518001,1.10570716,1.4765935600000002,1.160921244,1.450977344,1.3154135040000001,1.0097898840000001
Finchley Road,SB,SAT,16317.697468888,2.648302112,9.773329512,24.645045512000003,40.81581600000001,69.02022579999999,88.18858940000001,111.43876000000002,133.67836,149.37888,151.745014,163.866592,173.62428200000005,180.423476,192.78053400000002,205.02583600000003,222.31608800000004,232.014974,232.219238,230.064968,233.82177799999997,235.61081600000003,240.363198,253.69965,279.15805,296.95342999999997,310.2473960000001,322.4358900000001,333.31559599999997,344.72247999999996,358.57184400000006,367.07413199999996,377.781248,383.395376,372.92124800000005,362.087618,351.871816,334.05927,317.71322999999995,307.472142,300.634588,298.1609620000001,300.9748140000001,301.64203399999997,304.049748,303.505968,305.0281480000001,307.575416,314.48575,318.11932,316.633254,308.7459540000001,302.684044,294.072174,276.963612,259.34812999999997,241.716108,215.63619800000004,187.09771800000004,164.33687719999998,146.93548400000003,128.46848,113.25008,103.58546,95.61368879999999,86.29138499999999,82.679608,84.099452,87.13353199999999,98.488854,101.160303,103.206454,103.116706,89.825186,73.968278,59.3220366,44.81238780000001,27.5582342,20.615415399999996,8.941307980000003,7.0540965,4.48907932,3.750076060000001,2.92709074,3.60462828,3.04736532,2.79199984,1.7869407,1.7535009,0.8738324000000002,1.3737513,1.43381262,1.6430765399999998,1.394082532,1.3506465,0.55884944,0.43697158
Green Park,SB,SAT,24918.996502,22.7762276,31.6423456,39.3322206,42.0327348,50.22528240000001,54.701286399999994,61.6749374,73.2793604,79.320459,75.955809,79.342625,78.647986,78.657978,80.415042,88.460468,93.710654,107.455078,112.73527,128.16593600000002,138.84970400000003,155.05695400000005,164.85413400000004,184.725594,197.591082,217.97799999999998,232.524948,248.69490400000004,266.43847400000004,289.034462,300.244272,319.293338,337.52922,348.906094,352.244038,363.274918,365.290208,370.44661,377.088614,390.457324,404.10857799999997,425.07401799999997,441.168812,465.425496,485.18195600000007,507.206534,523.2912140000002,545.94398,555.0956400000001,567.45072,580.518554,602.271346,609.282172,618.711626,614.6050660000002,598.1400400000001,554.923228,525.084148,481.46491,442.50178000000005,406.49644600000005,383.178712,350.21608399999997,334.827608,323.408168,312.8232920000001,309.74623399999996,310.2458860000001,317.7368160000001,328.7625740000001,326.63114000000013,335.9591440000001,337.312006,313.6719760000001,293.74618799999996,265.285812,228.71581,193.384188,183.362722,144.12046000000004,151.77022200000005,132.671698,139.22301000000002,113.95063200000004,131.733092,111.653624,105.746466,71.46861000000001,58.863080000000004,40.18965,44.47983,39.976293,54.644225,59.383352,55.0407536,33.8861396,28.180148600000006
Kilburn,SB,SAT,7078.002253280004,6.89830546,9.32173646,14.105410460000002,20.32089,29.0608038,34.8615084,44.4167454,51.00372539999999,52.9099848,54.75845800000001,58.714578,64.699472,70.724176,79.217095,87.764639,100.443621,107.3100822,111.1459402,117.9973572,122.7731912,122.6454852,122.549044,128.33615600000002,132.82028799999998,136.824258,138.387998,141.094684,142.824016,148.647748,147.75624399999998,152.64852199999999,156.83002199999999,156.29066600000004,149.59581,147.159192,141.070602,134.570992,130.8405552,125.76984120000002,126.2488632,123.5632352,119.5948112,116.98466200000001,117.49043400000001,113.875877,117.275357,118.64913700000001,118.81661799999999,117.557012,115.689089,110.2439398,110.17295779999999,110.391424,111.50429199999999,110.128008,106.6575692,102.1537932,93.77779,83.73195600000003,74.75721000000001,67.09240000000001,58.64662940000001,54.54273740000001,50.74048180000001,49.10713180000001,49.26653900000001,50.667804800000006,49.43100280000001,48.20057900000001,47.007315399999996,43.0574742,39.7678318,38.1797324,34.844454999999996,30.571849600000004,26.211742,20.6008057,14.732614220000002,12.339565020000002,9.49634022,9.33142682,7.834080720000001,8.5721074,6.75686354,6.328941380000002,4.070492120000001,3.56016572,2.3585498000000005,2.33805346,1.95661694,2.71062472,3.0131415200000005,3.41886844,2.74732884,2.48565332,1.6404278
Kingsbury,SB,SAT,3973.6904239,12.3101064,19.9326132,31.720986,51.9083344,64.05803159999999,73.64075160000002,81.89115679999999,90.34869599999999,80.76438320000001,77.3137952,71.92430000000002,67.479282,59.35216120000001,58.71779200000001,59.88921600000001,58.508102,57.679036,54.99055400000001,55.05490000000001,56.14018400000001,57.0825828,59.89922680000001,64.03283060000001,68.10322159999998,69.10682259999999,72.20384899999998,72.783795,72.05204599999999,70.834811,71.23942600000002,71.71856600000002,74.130611,76.97399500000002,78.555051,77.555761,76.22682300000002,71.736562,69.021546,67.94450479999999,66.77379140000001,66.36824539999999,66.6755174,65.3682722,63.387251799999994,63.33047120000001,60.5243292,59.52445780000001,57.37006700000001,58.03672579999999,54.090177800000006,56.1406118,55.833289799999996,57.6200358,50.95036720000001,52.2606212,44.7606632,40.4809398,34.2635508,34.660220200000005,30.000242200000002,28.949594800000003,26.098985200000005,25.423419400000004,21.004715,20.594095000000003,18.446957,18.677526399999998,17.0417326,18.356718,15.188728400000002,15.259460800000005,14.347689000000004,12.732344,9.88693552,9.86927412,7.351660640000001,4.765766260000001,3.9528372400000014,3.3245418600000005,1.843461234,1.6854403340000002,1.220826594,1.110357774,0.7809964340000001,0.89199278,0.635190194,0.8500627139999999,0.769957294,0.911937634,0.7411402699999999,1.134927236,0.9233535159999999,0.955344396,1.731512056,1.7055566999999998,1.2791236999999998
London Bridge,SB,SAT,28229.106607399997,12.097342,21.542282999999998,30.126062199999996,37.84791660000001,44.41826500000001,51.1829564,56.4976734,66.3273482,72.45440819999997,78.27292940000001,82.715402,88.059242,91.860182,99.77834,113.75372800000001,129.009284,145.61249600000005,163.48181200000005,185.21522,211.13357,235.10782000000003,258.29737,283.528156,308.524648,330.2820220000001,355.2491720000001,380.65500600000007,402.009462,420.48925,438.79183200000006,445.173784,454.95183,467.932158,481.396126,485.120728,499.74717599999997,505.287202,496.76109,482.972058,481.166864,471.96055199999995,472.59553800000015,485.83533,505.168394,523.8111140000002,550.493606,574.2781259999999,596.441466,614.484526,631.1990920000002,646.6222720000002,666.875532,682.622278,698.3249780000001,685.57777,658.970956,613.1701320000002,559.137638,494.331494,446.88314800000006,408.11197599999997,373.5706,341.797462,322.3751860000001,305.01806000000005,295.6715260000001,299.38024800000005,317.7705180000001,322.3509380000001,330.62473200000005,333.50650800000005,339.0424700000001,336.5519060000001,327.94472,310.938864,288.17653800000005,246.26132,200.98152600000003,165.838054,129.0277512,114.20921520000002,87.24137940000001,76.3812434,61.5528154,67.50405620000001,44.21181860000001,38.89945640000001,22.672266399999998,25.9139344,14.440934799999999,19.2566852,20.76816028,25.80017708,18.802454880000006,15.130338480000002,7.766611680000001
Neasden,SB,SAT,2741.48016418,5.082469860000002,8.70340726,15.241153660000002,21.5659883,28.0067532,35.1384944,42.3843966,43.7509742,45.6954168,44.84709960000001,44.25587760000001,42.6094428,44.01418640000001,44.08231920000001,46.589165,48.63694980000001,48.980425,48.30440800000001,49.011953600000005,49.192591799999995,50.737807399999994,49.625975800000006,50.74448380000001,50.8722502,49.129894,45.80287680000001,47.02679740000001,47.2907348,45.7538558,48.4386398,48.946977200000006,49.6765922,50.5359978,51.7641022,50.8975816,50.92115580000001,49.72077120000001,46.9940556,46.5037342,45.66616079999999,44.0476144,42.27533820000001,42.07836760000001,41.9904388,41.579725599999996,41.8426148,42.2113784,43.0154822,42.523278999999995,41.12351760000001,41.87545,41.68019520000001,40.06002,38.5788034,37.070764200000006,33.2335362,30.772377000000002,28.400330800000006,25.0265788,22.8202932,20.716966800000005,17.9266548,15.828636999999999,15.8409266,15.089750199999997,14.4661682,14.6092794,14.5203514,13.708936800000002,12.925768800000002,11.534309880000002,10.83498968,9.654693400000001,7.95973814,6.1277336,5.06164134,3.58827344,3.0953394,2.22569516,2.49269974,2.3399315000000005,2.8379528,2.12512174,2.5635736400000004,1.8660870219999999,1.7470017519999999,0.923596552,1.4983958920000002,1.088738112,1.6362984900000002,1.6084825,2.08503646,1.41142386,1.80124644,1.23082184,1.15787892
North Greenwich,SB,SAT,18045.581881600006,18.8235176,23.609926200000004,32.0700902,42.36627860000001,53.50100580000001,55.8647478,63.1355432,74.75493720000001,68.435766,62.4547968,60.40265020000001,63.4157842,56.80642020000001,59.9674294,77.75615340000002,93.00991,98.716598,100.22350400000002,107.12693880000002,97.4280936,93.10268560000002,91.4675636,104.98455759999999,112.33689680000002,131.92354600000002,135.805992,148.32216200000005,154.338758,162.13044200000004,162.30767200000003,169.57046000000003,173.578502,186.893852,191.341014,202.312882,215.69284600000003,227.25507,224.851722,231.05533799999998,231.39602400000004,232.15428000000003,232.04854,239.876984,248.59747400000003,255.54793199999997,261.889836,266.433276,269.791026,275.80133800000004,280.20058600000004,283.007086,279.817544,274.27950400000003,267.517874,271.277834,272.85583399999996,277.256896,276.66603399999997,275.90788000000003,267.78999200000004,262.016212,254.674302,247.22501,242.515854,236.46318599999998,231.17448600000003,259.75661,304.02104199999997,398.295834,508.02720999999997,630.24139,731.758996,774.7606920000002,720.8479360000001,614.3768280000003,501.470688,335.78248900000006,219.70730600000002,149.114827,103.9947126,58.3388162,51.00218580000001,45.0073714,29.466817200000005,27.1766056,20.1420444,17.5314938,9.3046712,6.9379484,6.6568534,6.9756508,10.4231632,16.2016278,18.4195856,15.0716746,11.4439348
Queensbury,SB,SAT,3633.888859016,11.62962486,22.99503686,38.08935086,65.2146846,78.29187519999999,93.4890028,101.32207079999999,103.1526256,87.03495900000001,80.835806,72.66900980000001,66.15618740000001,61.196865,60.88297420000001,60.3332192,61.078227399999996,60.11562120000001,57.967361399999994,57.07899400000001,58.200726,56.9019406,56.8641218,59.7941306,63.0383194,63.7881794,64.62092200000001,65.342839,66.7563396,64.4279512,65.9036772,62.85147720000001,61.94036720000001,60.18419840000001,59.28810620000001,57.2950802,58.7414816,59.474952,55.71977680000001,56.951772999999996,53.462663000000006,53.8458126,50.05611260000001,51.91174940000001,49.56843500000001,51.67506160000001,49.3090066,52.8125086,52.21304380000001,52.08020160000001,47.71924580000001,48.03253900000001,44.9513684,44.3862324,41.881327399999996,41.9610096,37.6607376,34.5078376,29.5561816,27.8936358,24.140872800000004,22.386658000000004,19.407680600000006,17.763844000000006,15.7317632,15.1761802,14.5809722,13.861245600000002,13.947921400000002,12.750683400000002,12.112581600000002,11.516285200000002,10.533361,8.822971400000002,7.8808226999999995,6.295622900000001,4.7097525000000005,4.01276846,3.1339485,2.4401211000000003,1.7959338200000003,1.43985832,1.2968250280000002,1.2309087280000002,0.7419289940000001,0.5113986992,0.3931025992000001,0.39695389119999996,0.6274699912,0.9089913051999999,1.19298056,1.41644528,1.46587214,1.45919798,1.83543874,1.54419766,1.32073294
Southwark,SB,SAT,5253.497509894002,1.09431388,1.32553764,6.959779640000002,7.29359534,8.431058,8.759109599999999,11.46035244,8.32442844,10.33121188,14.0130562,16.0799294,15.916623,15.4356402,15.3886836,14.232466400000005,15.087976,15.9924814,17.853161399999998,18.413097600000004,19.1585634,19.797801,20.395201999999998,22.5092308,27.76381,29.9711228,31.844265400000005,36.578095399999995,38.5480474,38.36601200000001,37.461585,40.1061102,40.71192840000001,44.23369640000001,47.4082968,52.3342444,54.27712220000001,53.93826020000001,52.85881680000002,53.333324399999995,54.39466640000001,60.54798220000001,66.90882140000001,73.11048679999998,76.27625079999999,84.0243588,90.94747600000002,102.91882800000002,111.53061600000002,128.26167200000003,135.33336000000003,136.11954300000002,131.348527,124.176575,113.71799299999999,102.976293,94.13643,92.135358,85.2165272,82.84355120000002,78.6812422,74.35298420000002,76.648375,79.04977579999998,72.22894079999998,90.8511438,100.0013526,112.80752379999998,116.1758318,129.7405128,131.1650088,169.734038,159.69886200000005,185.843934,173.346024,176.30210800000003,124.511392,104.247135,61.94586856000001,50.36471700000001,16.092037,9.0995282,3.6128158519999998,3.3409173320000005,2.1993118920000003,2.489473272000001,1.684153648,1.5367809959999998,1.0681739559999999,1.410490856,0.836891044,1.077389828,1.805141568,2.775150228,2.1656495660000004,1.9774939980000001,1.715987638
St. John's Wood,SB,SAT,5595.324398100001,1.9174074,2.6492452,4.2599350000000005,5.5758449200000015,7.145998500000001,8.0612438,10.08138,11.2989336,13.594683800000002,15.2136128,18.756007200000006,22.9522876,27.8001522,32.3099526,36.5659136,40.85854440000001,45.28882700000001,49.15690540000001,54.674193599999995,60.97970760000001,66.2333072,69.2898802,73.46516379999998,78.36802879999999,84.50367760000002,90.15875880000002,96.5268228,103.9466128,109.99819580000002,112.356551,119.06378899999999,124.61736299999998,126.838475,125.3713348,126.7260568,121.8740428,117.97227079999999,115.79684479999999,117.69888400000002,117.17336400000002,117.31993280000002,120.42642480000002,124.1456788,126.0358668,126.34150560000002,124.9559496,123.0943276,120.12190160000002,121.62832760000002,121.44302280000002,126.479616,131.393192,133.00436000000002,128.209012,126.561658,117.285595,103.602295,89.892589,78.1165238,70.2296358,64.80263760000001,60.19416560000001,57.0431356,52.6828848,45.5012156,40.4317682,37.564605799999995,35.45188980000001,35.0725074,34.111656599999996,35.3283872,33.4842858,32.811562800000004,27.6027626,23.8711082,18.1330656,13.275389500000005,8.26170164,6.8286064400000015,5.118609040000001,3.65400074,3.4751125600000004,3.34659136,3.2808251600000005,2.8297276200000003,2.3057678960000003,1.7319459760000004,1.376968976,0.937976076,0.8198511059999999,0.89714177,1.051296976,1.1259735560000002,1.309420436,1.174202746,1.028034706
Stanmore,SB,SAT,3743.1175630450016,5.16197266,7.37898766,14.35897366,15.7746252,20.2943468,24.261133800000003,25.524520000000003,24.040782000000004,26.58567900000001,27.572900800000006,29.620681599999998,33.949351799999995,38.026387799999995,42.589663,46.1072328,50.2204902,54.7821394,56.6114514,59.646057600000006,65.48520880000001,71.57507740000001,75.23153880000002,80.74835480000002,87.11358399999997,89.82934600000002,88.801252,89.345242,90.275788,85.85174,83.01248000000002,76.6083936,75.3966484,74.0106724,73.49891240000002,70.7785264,72.68451920000003,70.9243004,67.06852239999999,65.7739552,65.77961520000001,66.2851048,64.963854,67.056838,70.8244632,69.00338520000001,72.5527352,72.3880134,72.81963739999998,70.4626324,70.04109919999999,68.50298120000001,68.84989279999999,67.2149208,63.21008180000001,62.135628000000004,54.924554,48.77550580000001,41.36587380000001,35.88177420000001,31.448202200000004,27.135298,25.5714032,23.5892366,22.3226836,18.624289800000003,18.911828200000002,16.524394599999994,15.1239866,13.2965104,14.0994136,11.224035060000002,10.97083086,9.781249060000002,9.23490846,7.159073800000002,6.8380863000000005,5.06455584,3.95427364,2.92391244,2.14392462,1.68912282,1.59572706,1.3082347200000002,1.05447358,0.8690544060000001,0.5988315240000001,0.8056780640000001,0.927196824,0.97799589,0.8993643109999999,0.923736837,0.8401333770000001,1.217612037,1.333793091,1.3189579240000002,1.25552392
Swiss Cottage,SB,SAT,5155.613111279999,2.2704725800000003,3.749991660000001,5.60161066,6.7918189400000015,8.10428868,9.37692068,12.317401,15.010913000000002,18.0239384,21.874400600000005,26.7117244,30.352240999999996,36.5172266,41.915302000000004,46.98831000000001,52.3679836,57.9642806,60.821720000000006,66.767684,73.54093060000002,76.533631,78.40849399999999,81.96910120000003,86.19183020000001,89.73538820000002,93.849735,98.373547,104.42377579999999,102.69404279999999,99.406532,98.7322324,97.7812424,94.8834704,95.81699240000002,95.6578852,95.29528000000002,93.743411,90.337335,91.405467,93.62003979999999,93.8435626,95.4809468,99.3045138,97.1261338,99.02893900000001,105.8915242,112.839045,114.54602279999999,118.9376348,116.0411048,111.94077279999999,106.2553528,103.902582,101.10421200000002,99.415548,92.96589,87.56737199999999,79.66941120000001,71.11941479999999,62.8711608,55.67810600000001,49.364245399999994,46.5080202,43.4696566,43.719852,47.200953999999996,47.5150538,45.987389799999995,45.90062440000001,43.82728540000001,41.01067180000001,38.00685100000001,34.5722542,30.8112844,25.294360100000002,17.623021499999997,13.0149287,9.73333682,6.01099498,5.785089880000001,4.9816727400000005,4.54638022,3.9279203000000007,4.592302620000002,3.5545689800000004,3.1727414928000006,2.1661124128000004,2.2304245728000005,1.1188337808000002,1.0425250408,1.2171390800000002,1.48119214,1.1145422740000002,1.506398166,1.166563546,0.9800771340000001
Waterloo,SB,SAT,39119.44156119999,11.697240400000002,17.309499400000004,22.604041,24.091393400000005,35.0009372,41.5137516,57.3428126,71.213387,81.30353600000002,78.78869,87.26710800000002,91.0872428,102.47169079999999,111.0972896,129.74720359999998,147.0224576,161.81733880000004,180.06840680000005,207.13470600000005,234.491762,265.50009,293.95518599999997,328.82928599999997,365.287426,418.78175800000014,456.69497199999995,500.9654,527.1618599999999,556.87399,575.5778100000001,586.643716,599.9064760000001,622.447584,622.022522,607.2201420000001,611.412808,620.354548,600.083088,606.3961879999999,627.9579480000001,657.8682960000001,682.6473040000002,730.9176940000001,784.3958800000001,832.6990600000001,866.5499040000002,901.8265560000001,928.3492980000001,944.508758,929.037028,932.288276,912.3908759999999,909.464936,874.6003420000002,840.2150400000003,804.4068080000003,780.6235480000001,725.6712660000002,686.613874,662.2530940000001,635.958954,575.937144,541.826102,506.3462080000001,493.16416600000014,468.781378,497.14895600000006,514.7641600000002,575.5774260000002,580.651528,565.6454000000001,542.678524,535.317452,467.322778,411.520868,368.16944600000005,328.57504400000005,257.042592,209.951914,180.751258,151.81980600000003,109.925576,89.55795,72.7063708,70.9908408,63.2851598,48.0335398,34.734777799999996,39.084693,32.976843,55.362804,94.940856,100.285798,90.31177320000002,80.84655120000002,52.97579320000001
Wembley Park,SB,SAT,9115.668726443999,13.426750600000002,19.460432000000004,28.27431060000001,38.0669802,46.83431160000001,52.6752356,60.51699620000001,69.3954436,69.56989159999999,70.2671816,72.767507,77.73664500000002,77.74290699999999,82.0239682,91.6575832,103.9015992,107.92630919999999,112.67714440000002,117.98583119999999,120.2891772,117.7461132,119.6056944,124.80621119999999,131.70153520000002,138.1564892,147.07764519999998,153.43111399999995,156.88549,163.311754,167.770118,171.88897400000005,177.86536200000003,181.375558,176.94276000000005,173.640498,171.127568,164.97691799999998,161.44191,161.133242,160.14513599999995,157.535086,158.10298999999998,159.58606799999998,161.471406,162.489622,161.344784,161.684376,161.048744,159.15006,152.27426599999998,149.070224,146.693218,141.52950800000002,136.91132199999998,133.559279,124.30110900000001,114.192249,104.930305,95.301261,87.875712,84.71004,78.77801120000002,75.6637752,70.3337418,67.75941379999999,73.8151298,91.4363346,129.1466946,142.5366132,142.3862384,134.0081724,127.6283384,84.46685240000002,66.8841146,69.49616739999999,59.0370446,37.1292132,28.44121414,23.51400294,12.168341740000002,12.650516140000002,11.922936940000005,15.208930600000002,13.464631200000005,10.147204140000003,7.2517028888,6.5064237887999985,4.1013033888,4.0113688888,5.3677375488,7.1985818,6.88377724,6.9376538399999985,8.93227014,7.15664574,5.309703140000001
West Ham,SB,SAT,4004.4253462579986,4.395806226,5.796040166000002,10.966882166,17.898484240000005,31.70926144,44.91493574,60.8208698,59.6567196,61.5508358,52.94407480000001,49.93026879999999,40.46989400000001,45.77404960000001,44.7373362,45.965159,44.097611,50.6170278,48.5297094,50.322595,49.762650799999996,54.1993748,49.77586779999999,55.66012679999999,55.99714920000001,64.80337180000001,63.1319698,70.7325068,71.93556280000001,79.15138320000001,75.341032,86.84682800000002,86.533041,91.342205,88.37781500000001,96.38561500000002,89.16208900000002,96.55017800000002,93.418818,94.622344,89.58422800000002,95.984804,83.84185140000002,85.5064886,81.6971406,78.20480260000002,68.50618,75.23396540000002,66.78347420000001,69.8821562,65.19855820000001,68.38877880000001,59.6856714,61.03743680000001,54.05153180000001,59.80631579999999,55.2824244,53.13389300000001,48.7801942,47.6781992,36.5036102,28.748286200000006,23.5013258,23.375443200000007,21.247353200000006,20.852082199999998,20.1857648,19.414302199999998,17.2043866,15.1598532,13.934431400000001,12.60936126,13.061692460000002,10.32421966,10.10822706,9.66469906,10.762515800000001,8.138463419999999,7.170816599999998,4.8921940579999985,3.461208458,1.367543538,1.6552801980000005,1.6048995780000002,1.88436018,1.37555777,1.20226775,0.75493927,0.6453771100000001,0.34173505,0.70128178,0.61830098,1.02272818,1.22597784,2.56236864,2.10283972,1.94406766
West Hampstead,SB,SAT,8602.588224539999,2.4318082800000003,3.2330855400000003,5.10990354,10.10518094,13.9012278,21.05816826,30.272739,37.688857,40.0843866,46.197043799999996,49.4920832,56.0655022,62.4842662,71.5724622,80.115689,95.65721100000002,103.62610600000002,111.44887400000002,118.939421,128.849975,129.715203,139.34588300000001,145.42856500000005,154.45529399999998,161.160244,171.20756800000004,173.863626,185.42092399999999,184.25829000000004,186.3948,186.10919199999998,190.64418799999999,187.064112,190.66829199999998,185.33258400000003,180.42349199999998,174.097854,169.96854199999999,162.57755600000004,161.583654,155.891332,150.993394,143.855824,146.18846399999995,143.998712,146.97062400000004,146.18870800000005,150.645202,156.82700400000004,159.161872,160.40858,165.90141200000002,169.30530600000003,165.24909200000005,158.81485519999998,152.9468132,140.04556719999997,125.9285272,108.55937320000001,100.058246,88.56042000000002,79.11918800000002,69.998002,64.74818859999999,58.9447442,55.1955494,55.26021400000001,57.02193520000001,58.41063540000001,60.81675580000001,65.83259260000001,62.923578000000006,59.32309420000001,53.03205,48.7778416,40.988675,33.82039520000001,29.214246399999997,25.665881400000004,18.519444399999998,11.937230200000002,10.3272245,7.303361400000001,5.78766064,4.81381592,3.846731896,2.944609396,1.9241455360000004,1.5240064359999999,1.269180856,1.5816410200000002,1.7587754000000002,1.54279066,1.68832322,1.26236692,0.91016758
Westminster,SB,SAT,20995.588640680005,1.8840378,4.588796,8.2592768,12.733422440000002,16.383827720000006,24.1040828,28.663451199999997,34.01671760000001,38.2605364,41.37654480000001,39.70825620000001,43.429282,48.8370508,54.58109079999999,62.4590128,76.17374840000002,87.07367400000003,97.075796,109.488768,123.272518,136.95576599999998,152.238644,167.03534399999998,188.656842,212.393838,232.957804,252.81434199999998,282.851552,304.4252800000001,330.6720400000001,355.7741660000001,381.266762,392.873506,400.075996,397.429712,395.824102,396.523412,401.190612,408.94714799999997,424.26204800000005,445.14864000000006,466.06693200000007,484.06489400000004,499.595846,513.1155040000001,519.7238560000002,514.7402999999998,521.513246,535.375882,540.3087760000002,534.263588,541.150844,528.4986799999998,500.99142,468.92358,445.343984,409.74280600000003,375.78572600000007,347.66452599999997,325.5116260000001,297.3887600000001,274.27544400000005,253.412074,236.780308,225.616864,220.366506,218.59783200000004,230.98913800000003,253.68307200000004,269.27272999999997,272.06038,272.97927599999997,251.722158,221.767314,187.897444,153.08847519999995,117.7297444,86.93408620000001,55.9126076,35.34473300000001,26.288935,19.306174,17.35604586,17.21021566,14.04320806,13.1038574,8.971229200000002,7.74304154,6.90320014,6.5717890400000005,6.5464772400000015,8.144791040000001,8.70978404,6.716385880000002,3.87675518,3.20834244
Willesden Green,SB,SAT,6608.809669030003,7.713788600000001,11.188596,18.510282600000004,26.5651212,31.682211200000005,39.29562740000001,48.14765720000001,58.1204706,59.3207482,63.9474012,70.2936898,80.80350659999998,84.70109939999998,93.49944,105.71394,115.541454,116.364407,115.8155882,120.495373,125.478655,124.184627,124.75279000000002,132.059028,137.73671400000003,140.71413800000002,143.911868,147.121262,150.17490600000005,142.61194519999998,134.77049720000002,134.02330320000002,135.82081119999998,131.51658319999999,134.22051000000002,134.668598,132.858358,127.28913600000001,122.88660000000002,119.9565,119.719784,115.698026,111.196838,109.151284,106.96935320000001,101.6965072,96.6505072,98.45314120000002,100.3085172,101.017498,100.465322,104.4815868,105.4561016,105.2214496,102.23051159999999,100.6615436,95.6767748,87.677642,79.23572600000001,72.21675079999999,64.98240279999999,57.1783648,51.32744279999999,45.33589480000001,39.3896244,35.98399639999999,33.6401776,30.942231,29.1309244,29.711905200000004,27.809550400000006,27.621460000000006,26.326369800000002,24.5711244,20.436625000000006,17.9512056,13.700857300000004,12.0119011,8.61036934,7.773609540000002,6.0476844000000005,5.2708679400000005,3.30191334,3.65093502,2.73465354,2.79620172,2.1836360900000003,1.74322769,1.18533329,1.32546617,1.21040347,2.02074626,2.2592458,2.99931574,2.83553012,2.54642198,1.59995278
Baker Street,NB,SUN,5085.927771080001,1.4320328800000002,2.22688888,2.4901323200000003,3.75702736,3.30837916,4.63108074,5.49620774,8.643657300000001,13.190977900000002,18.1911912,20.917288600000003,23.3769188,24.336448999999998,22.1306354,21.0017414,21.619329,24.5679738,26.7836782,28.3743864,31.438588,32.057604999999995,33.0702422,35.899851,41.2630266,44.499245,49.050238,53.1068348,56.1593434,59.2118126,61.9765134,68.0074598,71.854677,76.9785312,78.0912252,82.9816512,83.5487064,87.14039120000002,87.23578200000001,92.046654,94.486792,99.4475688,103.7871416,110.46265060000002,117.3848006,123.91291660000002,128.5776018,131.655891,132.602583,132.859437,129.42601499999998,132.248931,131.527129,135.04726200000002,133.958444,142.018274,134.545272,127.59985800000001,119.28796799999999,111.67936,93.1790248,87.4340748,80.10276280000001,74.19440279999999,68.60012040000001,69.9472748,66.9092708,67.47045740000002,62.1914682,62.54428940000001,65.6550922,63.2061848,56.87608420000001,55.012372600000006,46.02308020000001,34.367014399999995,23.8125878,17.585773800000002,10.1191006,6.0870842000000005,0.0,0.0,0.0,0.0,0.0,0.0,0.0,0.0,0.0,0.0,0.0,0.0,0.0,0.0,0.0,0.0,0.0
Bermondsey,NB,SUN,4188.779975346003,3.2043782200000006,4.09061108,8.41344248,8.86462792,12.540751579999998,12.86699746,15.1152114,18.1343196,22.9071972,25.4949908,30.3672326,34.815308400000006,37.95345380000001,42.0219544,47.8954636,58.24662360000001,67.794112,72.958752,80.7874628,86.473826,89.703923,90.318224,93.811587,97.6233822,102.3576462,103.0994932,105.49010120000001,108.06681319999998,107.848178,106.01826799999999,103.786582,100.429724,96.9799508,92.5935608,89.04468080000002,88.39527480000002,87.84530480000002,85.06182100000002,83.26187100000001,80.411403,78.672449,77.803938,77.081535,76.85860500000003,76.348325,73.722102,73.123637,73.255871,71.386953,70.294201,69.965846,68.693502,66.1418786,64.3195436,61.24535360000001,56.77444560000001,50.49872900000001,44.408863200000006,39.0955956,34.5178482,29.856269000000005,27.075540399999998,25.653906200000005,23.5078518,21.419880199999998,20.365796600000003,19.3249534,18.0105052,16.5793282,15.414471400000005,14.348671200000002,13.199094400000002,11.562489800000002,9.501395800000001,7.096997600000001,4.940432599999999,2.6985257999999996,0.8213280000000001,0.0,0.0,0.0,0.0,0.0,0.0,0.0,0.0,0.0,0.0,0.0,0.0,0.0,0.0,0.015236382,0.027858008000000004,0.027858008000000004,0.027858008000000004
Bond Street,NB,SUN,10623.75059318239,7.51027148,10.21458168,15.90900528,18.008153800000006,24.485548200000004,24.100578,25.735737400000005,23.0687592,29.195687400000004,26.2749474,28.184290999999998,30.269789399999997,36.01737,37.541714,40.3846668,45.043677200000005,52.814719200000006,57.1427792,57.7436576,65.5798448,69.1481776,69.35986360000001,70.76999160000003,75.81491120000003,77.5573892,82.527188,85.97832000000002,92.870128,100.896808,110.195656,119.984824,131.35479800000002,144.21838799999998,150.46371200000004,163.01257800000005,166.97158800000003,184.796992,185.458654,199.594838,201.531358,218.71209199999998,218.39831000000004,235.08415600000004,244.517344,261.005394,270.263768,298.3353560000001,317.58842599999997,340.63932400000004,357.96420400000005,385.157002,389.266022,389.273638,362.30428,339.7113540000001,287.840752,254.20347999999998,213.60493,199.555694,177.51317,170.39408400000002,151.15693000000002,145.06429719999997,130.09453520000002,122.6369032,113.63247,109.48054599999999,108.5621068,105.549782,101.58635799999999,99.4617532,92.1464952,80.25369859999999,70.9456382,53.78618660000001,36.462480600000006,21.883056600000003,10.5086692,1.4732024,0.0,0.0,0.0,0.0,0.0,0.0,0.0,0.0,0.0,0.0,0.0,0.0,0.0,0.00013468106000000002,0.00020908711,0.00020908711,0.00020908711
Canada Water,NB,SUN,17895.279211784,8.861661060000003,11.531450760000002,23.609049360000004,27.364184160000004,40.42753810000001,44.9453889,58.581571200000006,76.2883566,91.7425474,104.0064054,119.3469938,138.53950780000002,139.6489558,159.5684548,177.65850480000003,218.352774,236.912248,279.403496,302.145552,343.0936460000001,349.6667300000001,377.851434,386.75165,420.628462,415.93569400000007,435.37406,436.473596,458.357428,451.850066,470.78152400000005,467.408218,469.559218,445.44519800000006,434.068428,413.05237000000005,406.449418,399.48633200000006,388.366252,374.138048,363.712802,350.32997800000015,337.979558,333.77332,340.70506800000004,345.80692800000014,343.41264,338.4556320000001,335.54919400000006,321.34368600000005,304.54776,295.696028,291.707562,285.95796399999995,276.58816,264.78245000000004,251.374152,230.043774,202.041904,177.806912,154.711796,129.3918888,111.0399236,98.7384168,91.03554880000002,82.68612480000002,79.13648200000002,74.76033720000002,72.62056199999999,67.72961480000001,65.6693194,61.49739340000001,55.9207284,45.8688804,37.7527908,26.1790222,15.2349722,7.635905200000002,4.0581512,0.0,0.0,0.0,0.0,0.0,0.0,0.0,0.0,0.0,0.0,0.0,0.0,0.0,0.0,4.5685372000000015,4.584977548,4.584977548,4.584977548
Canary Wharf,NB,SUN,15919.151518364008,7.2782274,15.068679399999999,20.877512799999998,34.273821000000005,34.1443174,49.8461726,52.030165999999994,68.01728259999999,65.874616,78.1701868,79.77070280000002,92.9876314,97.6089294,115.30521999999999,139.68204,167.615482,194.990908,219.58457,247.835242,278.797122,306.642968,327.138852,349.5232180000001,369.61623600000013,377.93148000000014,380.25116600000007,382.99707,386.12669000000005,385.09228400000006,381.18438800000007,373.956008,367.23235,359.061154,347.0406940000001,339.68317,336.14134,339.3712500000001,336.28681000000006,334.36127,336.359956,340.275252,336.8587520000001,330.94478399999997,323.846424,310.71822599999996,295.783514,287.218154,281.566382,280.12475,276.26534200000003,281.24233200000003,275.64840200000003,272.81572600000004,265.786158,252.02602400000004,225.40818,201.49667,173.11443000000003,150.77329200000003,140.13464399999998,130.110174,122.95358600000002,119.974048,115.16476000000002,102.659984,95.29400400000002,89.66456000000002,87.229562,82.64760000000003,82.93193000000001,83.145062,84.866612,80.16982999999998,66.18516100000001,49.229569,32.259387,14.496329000000001,2.119043,0.0,0.0,0.0,0.0,0.0,0.0,0.0,0.0,0.0,0.0,0.0,0.0,0.0,0.0,0.025602468000000003,0.07336443200000001,0.07336443200000001,0.07336443200000001
Canning Town,NB,SUN,20195.76344968779,57.411131999999995,86.57395600000002,120.615264,135.707226,144.225962,132.05590120000002,168.2307472,164.40830920000005,180.86230920000003,197.1733352,226.32223199999999,211.323192,225.392702,237.12674600000003,244.013994,271.49014400000004,298.0681580000001,316.8426780000001,341.2403460000001,375.760636,392.806432,407.55068800000015,434.35794200000015,447.63237400000014,455.92587800000007,461.58948200000015,451.46709000000004,451.7084420000001,441.06269,437.27248600000013,425.263094,422.028166,403.679716,394.520764,377.97767799999997,377.04637800000006,372.53464400000007,371.17222200000015,361.57838599999997,360.041442,348.3336480000001,343.4504320000001,343.45551800000004,349.3913740000001,347.80333800000005,351.6624040000001,350.457314,352.0241220000001,344.374496,342.32737000000003,334.6151,330.8843,314.558712,304.69307799999996,286.632698,270.332408,246.103332,234.06151200000002,213.315064,196.533098,176.22968600000004,162.52241200000003,140.14944599999998,128.42010500000004,114.994289,110.896215,103.57356700000001,102.925989,95.4744448,95.6508068,88.54274880000001,79.4530068,73.55310680000002,57.81270000000001,39.015352,24.308676000000002,14.684676000000001,0.0,0.0,0.0,0.0,0.0,0.0,0.0,0.0,0.0,0.0,0.0,0.0,0.0,0.0,0.0,0.12103916,0.1216338426,0.1216338426,0.1216338426
Canons Park,NB,SUN,35.96839946899998,0.0,0.0,0.0,0.0,0.0,0.0,0.037595343999999996,0.037595343999999996,0.07524999800000001,0.11680943200000002,0.22295503200000005,0.30662345399999996,0.40936017399999997,0.54204856,0.6111168119999999,0.5568552520000001,0.490057274,0.4478275840000001,0.38578285799999995,0.43203054399999996,0.562234844,0.6107986960000001,0.69589034,0.680636998,0.606664832,0.6834642120000001,0.789995592,0.7471250700000001,0.7272558320000001,0.797227386,0.7896826459999999,0.699481226,0.8150255740000001,0.84772634,0.7816769440000001,0.710784564,0.725002024,0.628742624,0.628240824,0.70667148,0.80587572,0.8778579400000001,0.94951888,0.905789086,0.8719352659999999,0.7069031859999999,0.7081318659999999,0.5977157160000001,0.611215398,0.5424160179999999,0.5849974379999999,0.5351928060000001,0.529871292,0.5092580040000001,0.5217993500000001,0.48438255,0.441395962,0.503355106,0.48860192,0.5417660019999999,0.5368619139999999,0.4432808168000001,0.34480341080000004,0.4772424268000001,0.4645275388000001,0.3623898308,0.34622308420000003,0.3194771482,0.1937038122,0.13920597620000005,0.15106579220000002,0.1530797288,0.1384075508,0.09196375680000002,0.0598323128,0.0352269128,0.02896408,0.02896408,0.02896408,0.0,0.0,0.0,0.0,0.0,0.0,0.0,0.0,0.0,0.0,0.0,0.0,0.0,0.0,0.0,0.0,0.0
Dollis Hill,NB,SUN,587.6791158567812,0.24486986874242544,0.4703426287424254,0.6165826607424254,0.5474845807424253,0.6512732520000001,0.839678012,1.063630712,1.65231672,2.51188346,3.0835423,3.8864813,4.19696872,4.44326108,4.84344296,5.97237984,7.01704076,8.274786480000001,8.65889388,9.184889,9.0344624,8.45550934,8.00140234,9.16259154,12.15470874,14.23117654,14.334033860000002,15.156039860000002,14.533370260000002,11.10386886,9.508589060000002,10.551767199999999,11.557289600000002,12.275669,13.297860000000002,13.653654,13.2019144,12.316312600000002,12.0971878,11.480844400000002,11.064468199999999,11.031792800000002,10.4745576,10.1249796,10.153101,9.7262578,9.0115468,8.737545599999999,8.679521000000001,8.270463800000002,8.240021500000001,8.05086818,7.920730380000001,7.406987580000001,7.656009580000001,8.297853880000002,11.869072200000002,14.378581400000002,15.783602599999998,16.1491762,14.882534260000002,10.88485346,8.014957800000001,5.9440993,4.5832445,4.2611751,4.15536978,3.80144224,3.4408821200000004,3.04583058,2.6646159,2.23465608,1.6261151800000002,1.4764799600000005,1.6692311000000002,1.9211748,1.84974304,1.6284939400000005,1.3227719800000002,0.75870998,0.2175699,0.0,0.0,0.0,0.0,0.0,0.0,0.0,0.0,0.0,0.0,0.0,0.0,3.1428884000000007e-06,7.999641000000001e-06,7.999641000000001e-06,7.999641000000001e-06
Finchley Road,NB,SUN,2965.16602978065,0.6584864880000001,0.7548685580000001,1.114274458,1.15936855,1.1557571700000002,1.1119087900000002,1.75459684,2.48375754,2.7375288400000004,3.2394678000000003,5.796675180000001,7.493991660000002,8.997074860000003,11.74824784,13.795646,15.222365800000002,15.291507600000001,16.8285706,18.068306600000003,19.845412600000003,20.304004000000006,22.514707200000004,24.038940200000006,25.6805698,29.185927799999998,33.0571596,36.78452800000001,39.91200420000001,44.17113620000001,47.0941642,50.151377200000006,52.0544278,56.5706478,57.284901,57.714994999999995,57.390790599999995,59.474833999999994,57.78102560000001,58.69026640000001,58.30392320000001,58.7016032,59.1233412,60.9624396,62.641346,67.9279152,70.93508680000002,74.2321828,74.4506828,77.1127638,72.1172348,71.282206,67.0767874,68.45250659999999,65.4447916,67.85224780000001,66.6783298,66.6542652,61.560269999999996,57.89397600000001,56.5792412,53.12010480000001,49.51246920000001,47.41855379999999,45.60220100000001,42.21398920000001,40.52040960000001,39.84135300000001,39.26482480000001,38.3785066,33.95479400000001,33.352765999999995,28.4322352,27.505414200000004,25.6500796,21.83655946,14.822285460000002,12.10946366,5.76457226,0.7680818600000001,0.0,0.0,0.0,0.0,0.0,0.0,0.0,0.0,0.0,0.0,0.0,0.0,0.0,9.22596e-07,1.2613512e-06,1.2613512e-06,1.2613512e-06
Green Park,NB,SUN,12657.218457554281,8.9422946,12.909851,19.324593,27.4766468,33.9211604,33.463943400000005,37.506988,42.776644,49.7402876,49.641309,59.12770420000001,65.4862164,68.37756159999999,67.76171640000001,74.25587540000002,81.00003939999998,90.2557492,103.751372,113.10434,126.912899,131.584311,137.267694,140.932188,149.303254,162.305426,182.075752,192.031832,206.825526,221.61818200000005,226.187558,230.078424,238.72485,232.76317000000003,224.72527400000004,220.96631800000003,212.39527,204.356262,209.37258799999998,212.25829600000003,217.754316,223.178442,230.181902,237.744454,252.11191,261.166332,275.92467999999997,289.508952,297.00461400000006,301.025104,305.509052,307.3714,310.386994,312.8129340000001,303.523904,293.6188860000001,276.65429,251.031548,226.574308,210.700204,195.089194,178.251224,173.302516,162.575738,157.40954399999998,145.73234,143.765088,138.090018,139.929724,132.258284,134.291176,129.1638428,126.81897080000002,117.7514568,103.8293468,81.11083800000002,59.3450132,34.461375200000006,13.8048472,3.8714752,0.0,0.0,0.0,0.0,0.0,0.0,0.0,0.0,0.0,0.0,0.0,0.0,0.0,0.26771038,0.26838092476,0.26838092476,0.26838092476
Kilburn,NB,SUN,861.67488072,0.66431594,1.02045122,1.26041992,1.76628226,1.686175468,2.073522628,2.007532908,2.336193288,2.374551448,3.3721260600000003,3.85827752,4.59932026,5.54793238,6.51061856,8.00420006,8.6568246,9.09262762,8.76928376,8.50353224,7.729279140000001,7.72769914,8.213902820000001,8.84109048,9.7500584,10.305942800000002,11.0606668,11.9550478,12.5183074,13.2759848,13.9013788,14.487075400000002,15.401323399999999,16.7928448,17.198855399999996,17.200423800000006,17.9030498,17.6902142,17.7229312,18.419096600000003,18.9593558,18.156860400000006,18.1041348,17.614840800000003,16.252399800000003,15.855521799999998,17.0014734,16.536939800000006,16.821625400000002,17.195524000000002,17.788585,17.348815600000002,18.0338954,18.451176800000002,20.018698,20.182015600000003,20.0827626,19.012836399999998,17.46777,14.837152599999998,14.0574802,12.5172684,11.3543119,10.5926207,10.034845599999999,8.450092800000002,8.1730602,9.0376913,8.597731040000001,8.15835944,8.45268284,8.31996984,6.74802134,6.71539748,6.701762180000001,6.067803640000001,4.43189984,3.65529094,2.41337666,1.2734692600000002,0.0,0.0,0.0,0.0,0.0,0.0,0.0,0.0,0.0,0.0,0.0,0.0,0.0,0.0,0.0,0.0,0.0
Kingsbury,NB,SUN,300.35319586799994,0.104357732,0.21714282199999999,0.36227724200000005,0.744402022,0.74855453,1.00742631,0.938875732,0.959695192,0.945766632,1.219486852,1.160774132,1.183466492,1.4363958319999999,1.5158743720000003,1.7422644320000005,2.169234972,2.7810713,2.94505388,2.9685763,3.13392216,3.3897498999999995,3.66585558,4.12221118,4.761817400000001,5.1419230800000015,5.3358828,5.77352432,6.23353932,6.60753152,7.27555632,7.0909163,7.4924829000000015,7.479841099999999,7.8387194,7.292023599999999,7.8855825,6.88142878,6.8153162400000005,5.988088740000001,5.97512234,5.4548244200000005,5.95420334,5.71227488,7.07937168,6.5645656200000015,6.958586080000001,6.47917482,6.6146632200000015,5.160705420000001,5.4762230800000005,5.080802940000001,5.525666740000001,4.92505186,5.0488664000000005,4.84148874,4.90185154,4.43756244,4.8157784600000015,4.39562272,4.479626380000001,4.234422480000001,4.212553720000002,3.82088856,3.5850426800000004,3.3326125,3.0458049600000003,2.6147146200000004,2.0692122200000003,1.8940994600000003,1.44910164,1.13418162,0.877829588,0.918894282,0.8572154620000001,1.139190962,1.129794622,1.048640114,0.85309984,0.6924931000000001,0.20476040000000004,0.0,0.0,0.0,0.0,0.0,0.0,0.0,0.0,0.0,0.0,0.0,0.0,0.0,0.0,0.0,0.0
London Bridge,NB,SUN,26461.3598884226,4.87112414,10.77975154,12.54407214,16.0998142,15.792194800000004,23.033801,35.84934960000001,53.119651,68.2211534,87.84470060000002,110.31220719999999,119.0052372,139.90669319999998,155.29091920000005,174.87746600000003,200.55768799999998,224.98109399999998,247.68353,283.5816880000001,324.084154,349.8973860000001,404.008614,434.944086,468.404662,489.22914199999997,520.647586,525.028546,553.92386,570.1525220000002,588.4717420000002,591.22867,620.51533,623.806382,618.039212,628.0554920000002,642.6372,620.998868,618.060342,613.1217519999999,617.1012920000002,611.9677340000002,619.6480660000002,617.5063660000002,629.477166,601.686586,579.071396,555.8713859999998,537.27633,524.06028,521.96429,516.137262,505.834088,488.866584,474.266024,452.666434,426.323386,397.55951,372.99596400000013,332.80332400000003,305.69184800000005,284.06602200000003,265.597568,243.740212,232.01137200000002,215.245518,201.160518,194.53032,193.95113600000002,182.507206,170.50623000000002,161.41416999999998,149.54478999999998,123.28135120000002,124.2810432,96.3887492,69.80787120000001,43.3815032,31.527462000000003,0.0,0.0,0.0,0.0,0.0,0.0,0.0,0.0,0.0,0.0,0.0,0.0,0.0,0.0,0.0026524964000000004,0.0103982354,0.0103982354,0.0103982354
Neasden,NB,SUN,455.0968402780001,0.256058306,0.379588194,0.823428994,0.936761672,1.338424502,1.3455202019999999,1.901845574,1.870139894,3.09268814,3.2889910800000006,3.9970697400000006,5.02070588,5.91900856,5.92961494,7.19221626,8.225306660000001,8.911530260000003,8.49581066,8.201362999999999,7.4263601999999995,6.830097800000001,5.7924086,6.3100786000000015,7.0434058,7.753881199999999,7.616441099999999,7.510911900000001,7.6323769000000015,7.2049603000000015,7.078276700000001,7.6899836000000015,8.0854928,8.476141400000001,8.655710000000001,8.830194400000002,9.048091200000002,9.5730944,9.2225896,9.446776,9.4217614,9.5114716,9.4528258,10.185273400000002,9.9449414,9.6418264,8.9723293,8.7807285,8.2258015,8.470280899999999,9.0116027,9.4536439,9.09911284,8.74167504,8.099849840000001,7.36791596,6.679187260000001,6.08984972,5.55247406,5.848337,5.072882420000001,4.96883902,5.1893708200000015,5.096939480000001,4.39210934,4.4279975,4.0103045,3.145455220000001,2.77359502,2.28100964,1.86600428,1.49651044,1.33989914,1.2032250800000002,1.22899496,1.094973392,0.960694032,0.788729012,0.532990472,0.199008572,0.1230744,0.0,0.0,0.0,0.0,0.0,0.0,0.0,0.0,0.0,0.0,0.0,0.0,0.0,0.0,0.0,0.0
North Greenwich,NB,SUN,12468.382815105995,24.0604206,51.122240600000005,66.9726306,100.612663,101.985167,127.84362,116.580683,117.750547,98.467988,101.465414,85.71854599999999,89.47115699999999,97.630255,104.57190200000002,109.884942,123.118074,138.532184,146.319818,158.608176,176.82342200000005,188.529034,198.17314,211.74377000000004,222.57746200000003,236.27334000000005,243.90628800000005,250.45486,253.450248,258.97284800000006,256.55352999999997,251.58969,245.762222,242.05682400000003,235.95561400000003,230.13178800000003,229.60439600000004,230.83977400000003,231.137754,228.92043400000003,227.07525400000003,227.51988799999998,227.922108,227.097648,226.817524,230.12129400000003,230.688326,228.841184,229.735008,227.785026,218.831666,212.381578,204.23163,193.481882,183.050486,171.52187,155.972216,140.287238,128.28894,115.51057,108.250874,100.544822,93.44904,84.63812399999998,80.739329,75.11522000000002,74.64881700000001,83.69825499999997,107.68910499999998,143.99501400000003,171.809027,177.747936,177.15281399999998,155.836924,107.7541668,66.13239480000001,43.400588799999994,20.7557108,3.4447628000000003,0.0,0.0,0.0,0.0,0.0,0.0,0.0,0.0,0.0,0.0,0.0,0.0,0.0,0.0,0.03223257,0.07115191200000001,0.07115191200000001,0.07115191200000001
Queensbury,NB,SUN,98.45014564800002,0.07503121800000001,0.205074238,0.298772178,0.5307021780000001,0.536614186,0.766316854,0.6934175220000001,0.8233282020000001,0.847650262,1.2503335279999999,1.276387788,1.59247072,1.89553542,1.95584634,1.7309980999999999,1.73180536,1.6743826000000002,1.61774384,1.61981732,1.87572962,1.8121548600000004,1.73263774,1.4417339800000002,1.7063614400000002,1.60464216,1.7145552200000005,1.80843346,1.96775664,1.81801132,1.93191286,1.89650134,1.8319133000000003,2.06612944,2.0996661600000004,2.06325078,2.00642166,2.1397166600000004,1.75820476,1.64312194,1.4803029800000005,1.6261863,1.5443962,2.01852262,2.16568796,2.19157178,2.13476536,2.12162108,1.8007371800000005,1.7936431600000002,1.7887561,1.7854027,1.8740944,1.8275999000000005,1.5177373000000005,1.45342962,1.209367104,0.972871174,0.8279476740000001,0.8100497060000001,0.7090009460000001,0.7091695980000001,0.6443797120000001,0.6717428120000001,0.698733332,0.6641654840000001,0.643332088,0.5938682240000001,0.47133256,0.2975268188,0.1916948268,0.1430675288,0.18207410480000005,0.2093723768,0.191904346,0.191904346,0.165994604,0.085108448,0.0,0.0,0.0,0.0,0.0,0.0,0.0,0.0,0.0,0.0,0.0,0.0,0.0,0.0,0.0,0.0,0.0,0.0,0.0
Southwark,NB,SUN,3002.9527501496414,0.60104162,0.96124288,1.0961398999999998,1.41251264,1.213405252,1.6805576519999998,1.796536752,2.090713212,10.669928932000001,12.25718396,18.68371004,20.47445688,28.2864494,22.068539,32.09027880000001,30.495284,36.350369799999996,35.1442838,41.43278839999999,42.24106620000001,47.06505580000001,49.2472894,54.2511346,59.595053,59.64177240000001,60.247610400000006,60.68660260000001,61.431979399999996,59.449341,58.53578280000001,57.3852188,56.70555040000001,51.98033120000001,47.65858200000001,45.05874080000001,45.3049614,45.281694,47.75621640000001,50.1548004,53.231390399999995,53.56018140000001,53.82227560000001,54.45139400000001,60.1928676,58.0839204,61.0632416,69.4817276,72.67351,66.36345399999999,72.71049400000003,71.0939016,65.60722240000001,59.106824399999994,64.6886664,56.61734440000001,61.17254600000001,56.92519740000001,59.2473334,58.90654540000001,53.57797300000001,45.221225,38.89798640000001,39.468295399999995,26.429907000000004,27.2036984,24.367110800000003,27.554672399999998,17.7072236,16.54123308,14.25145088,14.93322968,14.170905880000005,13.897650560000002,15.00946548,13.51670268,7.84104348,2.7521888800000003,2.12644,0.0,0.0,0.0,0.0,0.0,0.0,0.0,0.0,0.0,0.0,0.0,0.0,0.0,0.0,0.0,3.4543213999999996e-05,3.4543213999999996e-05,3.4543213999999996e-05
St. John's Wood,NB,SUN,928.0786921100001,0.23099341399999998,0.341364994,0.4213056940000001,0.5866521880000001,0.587026344,0.6988689640000001,0.7604286440000001,0.8332651740000001,1.104445754,2.01368133,2.63874943,3.72319529,5.11731338,6.41386064,6.928633240000001,7.39601938,7.4132394,7.275459200000001,7.217806200000001,7.560939000000001,8.363690260000002,9.18193482,10.293093300000002,11.365528700000002,12.6102145,14.197684099999998,15.3252294,16.623678400000003,17.837840600000003,18.8929356,19.088085600000007,19.9800298,20.3265872,20.540476400000006,20.573757999999998,20.757230600000003,20.774925000000003,20.7327888,20.2832,20.715284800000006,21.1204254,22.099163800000003,22.4432052,23.071238,23.6733554,23.3095288,22.4583408,22.4114456,21.8540828,21.164533600000002,21.1240076,20.428550600000005,19.651757000000003,19.1543858,17.417239600000002,16.2630562,15.1007094,14.1628304,13.875853200000002,13.962025700000002,14.2434819,14.4326728,13.592479199999998,11.7752203,10.26510792,8.45579798,7.556799680000001,6.940739580000002,6.85466656,6.3395325,5.77953964,5.067714240000001,4.517622320000001,3.61797378,2.8379984339999997,1.9728484340000003,0.995709034,0.296437254,0.063172114,0.0,0.0,0.0,0.0,0.0,0.0,0.0,0.0,0.0,0.0,0.0,0.0,0.0,0.0,0.0,0.0,0.0
Stratford,NB,SUN,41513.967109083984,55.24004179999999,76.83659980000002,105.1495518,152.0954108,177.94370800000004,203.64276,239.128752,270.533788,259.990044,258.19919400000003,241.82612400000002,254.52769400000003,255.295382,287.020906,322.7262360000001,371.26392599999997,376.047286,417.94539,433.98773000000006,484.369426,539.797486,597.2304340000002,637.5721940000002,693.051046,716.9172440000001,735.3673980000002,758.767116,767.5040759999999,787.402008,793.4126600000003,806.8904460000001,804.0721120000003,846.999792,836.098124,872.2957039999999,872.819824,926.110932,929.823532,984.32386,969.13712,1016.5719400000003,1008.054074,1003.264746,965.4072259999999,984.970666,931.736014,911.190934,855.3172900000002,828.27115,768.9147300000002,789.6388880000002,765.0844940000002,766.0888060000002,712.5706720000002,726.722512,652.701366,636.789346,600.2253059999999,602.9032200000001,539.5024900000002,504.38473799999997,441.26757000000015,392.63821600000006,352.1532420000001,318.986392,295.57805,271.800312,272.840998,259.47497000000004,240.762782,241.680848,227.679538,190.72372,143.467042,104.39235,52.782938,17.335594,0.0,0.0,0.0,0.0,0.0,0.0,0.0,0.0,0.0,0.0,0.0,0.0,0.0,0.0,0.0,0.014575256000000003,0.238101876,0.238101876,0.238101876
Swiss Cottage,NB,SUN,821.404917766,0.645522464,0.7818638640000001,1.1198604840000002,0.8870195900000001,1.016318366,0.8488662260000001,1.0877688859999999,1.819832066,2.126688,2.76193474,3.5160937000000003,3.6532517999999996,3.5954170000000003,4.40568396,4.942189880000001,5.9910400799999985,7.899844120000001,8.57732972,9.23290212,10.0885043,10.3380757,10.0451349,10.414154300000002,10.4270021,10.214925599999999,10.267021000000002,10.714925,11.282950999999999,12.050988199999999,13.2129908,14.2836092,14.873188800000001,15.0833542,14.712999,14.973776,14.922073,14.688695200000002,14.288623199999998,14.9262212,14.3084362,14.6426464,15.0107732,15.3483828,15.759242600000002,16.4779652,16.047382600000002,15.9453968,16.481281000000006,16.547934599999998,15.6886024,15.6289478,15.904669199999999,16.3144566,16.361413,17.380071,18.5822058,18.2234934,17.1477046,16.787746600000002,15.5600732,13.7221538,12.364801000000002,11.327450599999999,10.252895600000002,9.57113,8.7561746,8.6718168,8.973142600000003,9.7649162,10.0381671,10.4731759,10.8575893,10.8162589,8.662995420000001,7.78915662,5.771134420000001,3.71291042,1.84592362,1.1656601,0.0,0.0,0.0,0.0,0.0,0.0,0.0,0.0,0.0,0.0,0.0,0.0,0.0,0.0,0.0,0.0,0.0
Waterloo,NB,SUN,5875.26761701856,3.4613024800000005,6.17540618,7.612179980000001,12.53409412,12.83883042,18.0752047,16.951189000000003,19.7399542,20.7588656,22.0420172,19.4882994,22.509622,24.2707358,27.6756346,32.026541800000004,39.4958838,47.476594399999996,55.1202596,63.289486,75.60942080000002,84.7194412,93.10198200000002,98.9189128,102.17803680000002,104.0651736,105.5931736,110.6385116,113.21384679999998,116.043328,116.31560120000002,117.6839072,114.86983320000002,115.1602632,114.870686,114.63129800000004,111.89858999999998,110.04977,110.61183999999999,106.948718,106.728646,108.29372200000002,112.05401720000002,110.54208919999999,112.2783362,113.9502602,118.47882220000001,120.932381,128.547805,134.891716,138.410962,138.43532199999999,133.368294,127.213342,122.921752,116.873674,108.307222,102.54446,96.4543052,85.04760920000002,78.57390020000003,71.5087902,69.61930219999999,62.1038,60.43669600000001,53.55783620000001,53.65060079999999,48.644118799999994,50.67359879999999,50.2441898,54.1197262,52.98994160000001,51.409667000000006,49.8326994,45.083179,33.7476214,23.37106140000001,15.106136000000005,5.435652600000001,0.0,0.0,0.0,0.0,0.0,0.0,0.0,0.0,0.0,0.0,0.0,0.0,0.0,0.0,0.00042624664,0.07316683064,0.07316683064,0.07316683064
Wembley Park,NB,SUN,2803.121944590001,0.982545826,1.213542366,2.012795886,2.496000686,2.7611328260000003,3.04699958,4.24984164,5.55822692,7.60136018,8.31206118,11.0644685,11.680449099999999,12.6278283,12.6237415,14.9821406,18.3775682,22.045758600000003,24.6229478,26.683929600000006,28.2481316,27.1454106,26.865410600000004,27.229881199999998,29.385880600000004,31.047928999999996,32.9791994,35.010527200000006,36.886228,38.324218,38.690248,40.2184712,42.7241638,46.56110220000001,48.9693462,53.23016820000001,54.68261640000001,56.59645520000001,56.28514540000001,56.670151399999995,55.93724140000001,58.22838520000001,57.1506392,60.450593999999995,63.866836000000006,66.23798920000002,65.89303079999999,68.361674,68.808988,69.840438,72.26123280000002,72.768642,71.12653399999999,66.87869140000001,61.33192420000001,55.755323399999995,52.406725400000006,49.770769400000006,47.947964,46.3134066,46.048601399999995,48.0064474,44.912646,43.3750794,40.28114980000001,37.571531,33.2115846,35.446385,32.600569199999995,32.28701860000001,31.603759399999998,27.497810600000005,23.441709600000006,21.3883116,20.2007246,13.988297699999999,14.3368549,10.250254900000002,7.6124073,3.7131371,3.316612,0.0,0.0,0.0,0.0,0.0,0.0,0.0,0.0,0.0,0.0,0.0,0.0,0.0,0.0,0.0,0.0
West Ham,NB,SUN,10821.535370049982,4.2353375,5.333628040000002,39.37048404,54.95172344,121.49416074,154.29166574,173.2540812,177.88847719999998,195.23423400000001,159.085046,157.38446399999998,175.219434,171.427118,178.74891000000005,173.354506,179.099992,173.460606,177.72019600000004,169.40058000000005,190.837446,189.48663800000003,198.613618,192.14881200000002,204.60165,200.377886,202.23521000000002,193.24201,202.68340200000003,193.35752,190.60697,183.45325600000004,190.56387800000005,186.32956600000003,189.75730000000004,182.34347,189.809406,186.801918,184.627722,176.307096,181.11553999999998,173.058118,173.549404,167.04789399999999,176.29926,176.009228,179.088442,172.946328,182.42078200000003,180.877814,179.537302,178.29090000000005,183.073042,175.591094,169.547848,157.50656999999998,153.42732800000005,139.71617200000003,135.13367000000002,119.67913,116.32002400000002,102.299956,96.453468,82.809162,79.23252300000001,70.72700900000002,66.3170164,60.12516680000001,57.73192680000001,53.4482198,48.06556500000001,42.727866799999994,38.37335220000001,31.915522999999997,22.444482999999998,15.7203978,9.6402326,4.119722800000001,0.0,0.0,0.0,0.0,0.0,0.0,0.0,0.0,0.0,0.0,0.0,0.0,0.0,0.0,0.0,0.0016032138000000005,0.002289312060000001,0.002289312060000001,0.002289312060000001
West Hampstead,NB,SUN,1393.659682696,0.255496378,0.3959323480000001,0.5425823280000001,0.48476807,0.491077252,0.545201292,0.879175182,0.8331966479999999,1.18952912,1.19350047,1.48088447,1.4602964500000002,2.2065385240000004,2.9341913840000005,3.4566779000000003,3.6909942,4.912788160000002,5.999811640000001,7.41981898,9.2357477,11.126836599999999,11.8956296,12.6116868,13.382244400000001,14.239536,14.200481,15.523444199999998,16.3046684,18.820568800000004,20.481404800000004,22.206827800000006,23.9026012,26.9203448,24.7311598,25.3050794,25.3253992,25.3581362,23.6424234,25.627703,25.3291668,26.9607124,27.065289,30.0085832,31.310462199999996,33.6606904,33.6536356,36.4615078,36.239481,37.8408638,37.9410302,40.290408600000006,38.3536122,39.0036144,36.7436574,35.8752926,32.6697434,33.2175498,30.443109000000003,29.545300800000003,25.5979074,25.419576600000006,21.6890224,21.0584,18.676943800000004,20.501764400000006,18.954110999999997,19.651349600000003,17.621402399999997,17.7519112,16.598754800000002,15.881507000000001,13.4533224,12.975781800000002,11.681979,8.69532952,6.12898672,4.5711457200000005,2.37917792,0.54321452,0.0,0.0,0.0,0.0,0.0,0.0,0.0,0.0,0.0,0.0,0.0,0.0,0.0,0.0,0.0,0.0,0.0
Westminster,NB,SUN,8975.335384103122,1.66187926,2.16529442,2.91373134,3.84012386,3.99650866,5.311926799999999,6.30347014,9.47557682,9.49837382,12.922135620000002,15.13058282,18.70727472,20.69821332,25.5318894,28.129912800000003,32.21826,35.78113159999999,39.1566184,42.843951,48.355564,54.47869100000001,62.78135500000001,72.0247128,83.7859878,96.7520898,111.8867378,130.8463238,153.026857,169.516292,178.28106,184.353032,185.065468,176.63793400000003,172.01377400000004,171.71428999999998,169.587398,166.09977199999997,170.266736,182.86134400000003,196.942306,208.626028,235.27944,260.00961800000005,278.651076,299.729866,312.10183,307.425408,294.62302200000005,276.555298,255.883922,240.52105800000004,226.47931800000003,219.47920600000003,208.49817600000003,194.942234,183.21911799999998,169.64066200000002,152.566778,141.266288,128.29897200000002,119.046002,110.9239248,103.5477808,95.0094448,87.72656080000002,78.96265279999999,71.21848940000002,64.5878146,60.635732,56.61479960000001,54.685598999999996,49.29353920000001,49.60283860000001,44.3369592,33.9511636,23.622766199999997,17.402690600000003,6.796124000000002,0.0,0.0,0.0,0.0,0.0,0.0,0.0,0.0,0.0,0.0,0.0,0.0,0.0,0.0,0.0006630160799999999,0.00264709568,0.00264709568,0.00264709568
Willesden Green,NB,SUN,691.0389992300002,0.59325022,0.9702778,1.32674824,1.51004256,1.6049662940000002,1.6213774940000003,1.887091514,2.331061194,3.3681242540000005,4.4463335200000005,4.7664827600000015,5.5417968800000015,6.107200820000001,5.673806100000001,6.01127004,7.141029400000001,7.8727938800000015,8.193669020000002,8.91266364,8.74563636,8.37516956,8.03121596,8.04510396,8.75699666,9.6546034,9.955853200000002,10.1358596,10.6108106,10.650193199999999,11.792807199999999,13.1160886,14.7722768,16.312870000000004,16.983631199999998,16.4390878,16.299001999999998,15.630875,14.7847622,14.984703,14.886392,15.040553599999999,14.603930000000002,14.737237599999998,14.249537600000002,14.0116228,12.781977800000002,12.355160099999999,12.809337900000004,12.8497041,12.9925629,13.431834899999998,14.0536564,13.4160566,12.916439700000002,12.7823627,12.9058625,12.553900700000002,11.5236963,11.2526532,10.376393199999999,9.555432199999998,8.4809372,7.9431114,7.438498399999999,7.09113766,6.5201620600000005,6.49611818,6.0421849000000005,5.331130160000002,4.5610049,4.29420004,3.6532346800000006,3.2653669600000006,2.82487872,2.5242780400000004,1.86023356,1.2193851999999998,0.8092921999999999,0.46381958,0.17618866,0.0,0.0,0.0,0.0,0.0,0.0,0.0,0.0,0.0,0.0,0.0,0.0,0.0,0.0,0.0,0.0
Baker Street,SB,SUN,11570.926556329998,3.8512646,4.27886464,6.99878724,8.273516440000002,16.37986944,18.61200104,24.802198999999998,27.352512599999997,37.9329894,51.19129780000001,62.46554500000001,68.39104760000001,75.87978199999999,76.207652,70.5538272,73.025826,86.6010974,103.4677528,120.5563988,142.51213080000002,161.81947399999999,177.182592,190.19669,202.931752,212.11997600000004,218.24927,223.90895,234.76703999999998,242.324698,247.876744,249.84242400000002,252.42861200000002,252.169922,245.83576000000002,234.77736800000002,232.75336600000003,229.29963400000003,220.03657000000004,220.32646600000004,218.81777799999998,216.698854,219.52796800000002,224.06888200000003,228.924636,238.882202,246.93971,245.62452400000004,248.11312,246.01973200000003,245.55889600000003,242.83561800000004,241.39957200000003,233.183666,223.82017600000003,213.007302,203.609572,187.81372,173.95552,162.255908,150.260798,139.76694400000002,134.98758800000002,125.80716,119.441863,110.923175,100.1329802,92.1154942,92.91453620000001,92.84227520000002,91.20730120000002,89.18854400000002,93.32695600000001,90.843666,85.85297600000001,68.903592,54.876169999999995,32.978744,14.911956000000002,0.0,0.0,0.0,0.0,0.0,0.0,0.0,0.0,0.0,0.0,0.0,0.0,0.0,0.0,0.07635193400000001,0.109486532,0.109486532,0.109486532
Bermondsey,SB,SUN,3491.7397990734794,2.70918164,3.69447244,5.69901764,6.70608872,7.46059282,8.587826699999999,10.872058700000002,11.180161900000002,15.1629274,15.857833,17.0096348,17.248711,18.954224600000003,18.987451,21.680390600000006,24.439930800000006,28.402011800000004,31.093095800000004,32.0903496,34.573159000000004,36.0868274,36.96127840000001,39.68041000000001,43.5329598,48.4624856,53.17160500000001,58.87258200000001,61.83742240000001,66.23517740000001,70.326797,73.59698,76.32589200000002,79.30041999999999,78.39896999999998,75.614065,74.9614602,71.15018020000002,68.140333,67.57265100000001,66.07547100000001,62.54723780000001,64.23734300000001,67.2671302,67.80273299999999,69.97387800000001,72.450164,71.95423880000001,71.29678080000002,72.811832,73.369998,73.270678,74.004724,72.15544799999999,69.120326,65.7379784,61.732936800000004,56.4647402,54.192753599999996,52.674659600000005,53.2876252,50.51699840000001,50.794957,48.3381424,44.6976104,38.3430432,36.874060799999995,33.148358800000004,32.08482000000001,30.655450599999998,29.0978224,30.5442532,32.409820399999994,32.277855800000005,28.2008726,27.472798,20.208244,12.1666508,5.210003400000001,3.629382,0.0,0.0,0.0,0.0,0.0,0.0,0.0,0.0,0.0,0.0,0.0,0.0,0.0,0.00030358764,0.0006861752799999999,0.0006861752799999999,0.0006861752799999999
Bond Street,SB,SUN,17606.703313223406,8.55558,10.8069734,18.499904,21.6285802,34.6979896,39.5300676,47.9004714,51.47807880000001,57.8420552,54.247171400000006,55.69372140000001,63.3435242,67.2390642,74.5399046,83.6998092,99.826518,108.38183400000001,124.51611000000001,133.696378,149.245808,163.165324,181.58840200000003,188.71978,197.17789199999999,215.533768,216.62122200000002,229.57402400000004,233.32957,263.868034,253.26597,272.709208,263.890222,296.243344,291.255156,317.96471600000007,323.524444,349.89658399999996,349.8314900000001,361.551538,361.338804,378.673222,381.99552000000006,397.1017020000001,407.555438,435.921948,433.0985720000001,454.403084,453.86637200000007,468.993338,457.956376,490.513212,501.15445199999994,527.551796,498.613776,485.988476,430.93721199999993,381.26139200000006,309.624594,288.63977400000005,256.53667400000006,235.22730600000003,206.179906,198.272656,180.490622,172.43808,164.356808,160.93243800000005,159.051102,156.37515800000003,149.232606,146.62184200000004,144.19519200000005,124.68214600000002,118.0467448,90.7299248,63.4833008,37.0335408,22.5298508,0.0,0.0,0.0,0.0,0.0,0.0,0.0,0.0,0.0,0.0,0.0,0.0,0.0,0.0,0.0015740638000000002,0.005516653200000001,0.005516653200000001,0.005516653200000001
Canada Water,SB,SUN,12452.515459701202,5.3850362,10.626113199999999,12.4930808,19.1211356,17.709243,25.5153258,27.226506800000006,42.05270640000001,47.774699600000005,60.227586200000005,64.4983802,72.9390382,69.325257,74.13643499999999,76.848836,87.379683,90.1572382,104.83097420000001,106.7163162,118.9891122,120.2021752,133.76666200000003,136.82274800000002,158.28759000000005,163.50749000000005,188.36610600000003,197.32815400000004,218.03776600000003,219.40613399999998,241.35843800000004,252.199886,269.39696000000004,275.337546,284.05998,280.107356,273.420906,267.25786600000004,258.340776,258.06622600000003,256.21626000000003,248.756058,247.472852,257.824796,264.26207,272.50952800000005,280.19185600000003,283.982212,274.48496200000005,271.57528199999996,259.177836,254.658566,243.35275,237.45632000000003,226.52737400000004,234.994208,230.20243599999998,232.44630400000003,229.99640800000003,223.767304,202.83717,196.213628,181.604756,168.74765200000004,166.52614200000005,156.929437,142.155241,133.408953,125.82306800000002,108.63442500000002,96.77769280000004,90.97844080000002,81.7231848,70.5166052,57.6706456,49.10778880000001,31.339690800000003,18.773864800000002,9.3727494,4.235692,0.0,0.0,0.0,0.0,0.0,0.0,0.0,0.0,0.0,0.0,0.0,0.0,0.0,0.0018923848,0.0192964388,0.0192964388,0.0192964388
Canary Wharf,SB,SUN,11219.645155937122,3.50972694,6.3778133399999986,9.11661414,15.720347699999998,15.1417411,20.681363,22.267764600000003,30.6530848,28.288762400000003,35.21452580000001,33.315619000000005,34.741549400000004,32.273894399999996,35.0635968,34.9505136,42.697852399999995,49.465984000000006,55.464117,62.318261,69.624167,73.496903,78.298621,82.30163399999999,92.117436,104.40466,113.026702,124.03254,138.43196600000002,149.92018000000004,161.883652,179.70310800000001,197.982128,209.50783,219.167884,222.30338799999998,223.36467800000003,219.379032,217.519938,216.613106,230.80177799999998,235.30681,245.13833599999998,257.112224,271.6799,266.410038,268.68057799999997,270.61478200000005,271.574724,268.036296,277.85930600000006,296.577678,302.87376000000006,298.8423840000001,302.4172200000001,291.0999300000001,269.26923200000004,248.94888799999998,236.029048,219.620548,199.612136,182.55739000000003,161.3390052,153.42140519999998,135.0617472,127.9960572,121.34260520000001,131.546992,123.210724,128.56224600000002,130.030807,122.5237758,116.25391580000002,107.38613080000002,84.20227480000001,74.82505180000003,58.44407500000001,35.23698500000001,21.652378,15.19845,0.0,0.0,0.0,0.0,0.0,0.0,0.0,0.0,0.0,0.0,0.0,0.0,0.0,0.00060791028,0.00141720228,0.00141720228,0.00141720228
Canning Town,SB,SUN,15179.020971734202,7.42631376,9.20520156,13.69131556,13.74992336,18.967979,17.3962936,24.159688600000006,23.1383478,27.7543392,28.522577200000004,35.43921160000001,38.7050908,68.28789760000001,78.90565840000002,102.229621,108.073736,131.50283000000002,121.750456,147.49297800000005,144.75535200000004,181.770446,176.39823800000005,202.264772,191.804344,222.88847400000003,211.40854,242.31947999999997,237.81598599999998,269.41528600000004,264.8438520000001,310.652956,313.883774,348.339016,344.89657200000005,365.590962,331.945876,341.50383999999997,314.48312000000004,322.800362,298.89942600000006,315.736966,287.5651640000001,312.46799599999997,298.518008,334.8898480000001,323.914392,357.7147960000001,335.355688,343.169098,303.9556340000001,310.82931,275.615422,284.5506400000001,264.091032,286.362206,282.202214,297.701454,279.284718,279.71862999999996,251.31597800000003,221.28803600000003,177.53781080000005,195.0894368,186.17936480000003,184.6598308,181.1430648,199.70344,163.309756,157.715076,137.26164200000002,128.074024,111.915663,105.02535300000001,95.527287,83.82720900000002,69.86408360000001,51.7335706,32.310964600000005,12.484802600000002,4.296736599999999,0.0,0.0,0.0,0.0,0.0,0.0,0.0,0.0,0.0,0.0,0.0,0.0,0.005601541000000001,0.009630384399999999,0.009630384399999999,0.009630384399999999
Canons Park,SB,SUN,1746.5131288377465,2.31836922,5.83444822,7.143668720000001,11.3843671,10.94257674,13.29371174,14.50919714,16.84719004,14.30722784,17.3227182,18.197717800000003,18.0233098,19.0909596,21.4289062,23.198554800000004,26.9738226,28.246365200000003,29.116133,31.915417000000005,32.938225,32.570983399999996,34.265760400000005,37.7675124,40.471431200000005,43.4232492,45.098395000000004,47.344341,47.9401816,49.371491799999994,49.8512968,48.4046736,47.2904444,44.532649400000004,41.7339924,38.4325626,38.5378078,36.1135466,35.918228000000006,32.420644,32.18584180000001,29.745759600000003,29.678226200000005,28.001727400000004,28.459988600000006,25.474718200000005,26.11515360000001,24.612548200000006,26.0184758,24.8325996,25.5792496,23.1618068,23.1146076,19.481865600000003,19.513074600000003,17.4652551,17.329532500000003,15.0366331,15.6648857,12.848477900000002,13.089387,12.0967516,12.228964,10.13645634,10.86237434,9.20027214,8.0000584,6.8522272000000015,6.909857560000002,5.82411704,6.2097371400000005,6.10346188,6.1718324,4.887728610000001,4.00844349,2.83507872634,1.7125241263400004,0.33807820634,0.20300989634,0.00022933634,0.0,0.0,0.0,0.0,0.0,0.0,0.0,0.0,0.0,0.0,0.0,0.0,0.0,3.8987834e-06,1.0149087800000001e-05,1.0149087800000001e-05,1.0149087800000001e-05
Dollis Hill,SB,SUN,2515.2392966440807,2.70404216,4.5356277600000015,6.368016560000001,8.785420860000002,10.8750904,13.319187,15.014676199999998,17.8204622,21.159198800000002,23.3844168,24.9827712,28.574054999999998,31.5040076,32.3330312,36.010000399999996,41.9827844,45.7085862,48.44744420000001,52.652122600000006,56.434551,58.11476880000001,59.3698836,61.752085,63.18846300000001,64.25216900000001,65.47094480000001,66.1200276,66.5720828,69.6042578,65.9296946,63.62349980000001,64.55573180000002,63.59381040000001,59.034807400000005,59.91903600000001,59.2867834,55.2543304,52.414654399999996,49.2609354,47.082014,44.6870158,42.2189074,41.587234,41.97746980000001,41.04477979999999,39.47690720000001,39.329675,36.933446999999994,34.6505342,31.9068848,30.6043304,29.1286556,28.5520332,27.144187199999998,27.091149800000004,25.596242000000004,24.660047,22.559421,20.749840600000002,17.943944000000005,15.650284999999998,13.418845400000002,11.974578,11.141702800000001,10.36137388,10.67105968,9.90176968,9.13197128,8.04892802,7.48812614,6.062138820000001,4.94906568,4.29160332,3.07026418,2.20609438,1.2700905,0.76296664,0.0,0.0,0.0,0.0,0.0,0.0,0.0,0.0,0.0,0.0,0.0,0.0,0.0,0.0,0.0,2.8932979999999998e-05,7.53237e-05,7.53237e-05,7.53237e-05
Finchley Road,SB,SUN,12182.614860739795,1.41360992,2.0943519200000003,2.6511810400000004,4.7694104600000005,5.14362238,8.42723612,12.291600720000002,35.623812799999996,64.0272564,73.61062100000002,79.55601300000002,101.7638064,103.5904852,100.5704592,123.47167320000001,152.14493800000002,166.709794,180.642488,196.43544599999998,214.31783,231.56952,243.49964000000003,258.667566,277.990946,293.78177400000004,305.280272,318.395796,332.76051000000007,337.6966700000001,342.622696,336.201368,333.6571820000001,324.414464,315.6824680000001,295.68896199999995,289.449422,277.292512,262.356882,247.40273600000003,237.80116800000005,228.63532200000003,220.520332,215.094686,212.292344,211.749036,209.767364,207.49871800000003,212.64613799999998,209.85678,202.210328,191.99476400000003,184.995908,168.94591599999998,159.700314,149.25129800000005,141.25959400000005,127.15158680000002,117.0224668,104.6778436,98.5343176,88.75502440000001,85.71100279999999,82.35031280000003,80.56704400000002,76.84163000000001,74.0364108,70.14070759999998,70.32744759999999,69.20446960000001,74.73131860000002,77.532747,77.90550300000002,65.90577499999999,55.76466960000001,35.85599660000001,20.7598866,7.155050600000001,3.7833606,0.0,0.0,0.0,0.0,0.0,0.0,0.0,0.0,0.0,0.0,0.0,0.0,0.0,0.0,0.001506965,0.003916671599999999,0.003916671599999999,0.003916671599999999
Green Park,SB,SUN,17834.0193669756,14.6848222,28.0793242,34.762211400000005,51.653026200000006,56.86096240000001,74.62409240000001,68.7270688,88.59179759999998,82.79393359999997,89.0895204,80.3839064,90.880714,79.45308100000003,82.08803499999999,79.12333199999999,85.82294,94.884888,100.25741100000002,109.783749,124.56731599999999,141.75024399999998,149.518898,168.233838,190.64306400000004,213.97882200000004,238.507128,265.801734,288.18053599999996,316.450376,324.1422760000001,326.29159599999997,328.066646,328.881158,313.8412580000001,309.341448,301.874952,299.007154,296.61257,299.69549,310.3505140000001,322.085334,334.24748,352.320664,368.465904,377.825302,393.118912,395.501084,400.24225600000005,401.73557200000005,406.6183,411.735598,440.851354,452.029772,454.29587599999996,445.503878,422.68217999999996,370.63961,331.77240000000006,298.206874,272.26298600000007,254.31536200000002,239.20836400000005,225.38031,213.383042,201.126254,188.17044199999998,193.613094,190.74304200000003,194.279522,195.63059200000004,198.308148,193.401282,195.013254,179.481414,153.027626,114.467452,76.394414,36.34880800000001,11.034661999999999,0.0,0.0,0.0,0.0,0.0,0.0,0.0,0.0,0.0,0.0,0.0,0.0,0.0,0.0002626684,0.0896169024,0.0896169024,0.0896169024
Kilburn,SB,SUN,5173.537889086382,4.57658352,5.15286502,9.25333082,11.1234367,19.802496500000004,19.931587500000006,27.322278000000004,33.623595200000004,43.552721999999996,43.0535842,49.88444120000001,56.97520120000001,60.961438199999996,63.20948420000001,71.7754972,80.280618,86.1127512,90.9499872,97.0509632,104.6132412,114.83312120000001,121.81269,130.20578799999998,136.474894,139.95465000000002,138.401868,136.347916,134.69512,133.256058,130.816092,127.69444,122.1459548,121.3192,115.526316,108.37678999999999,104.83849,103.6157544,96.0865952,93.96919720000001,93.2373632,89.9185812,85.66260000000003,84.40466599999998,80.98141799999998,77.454936,74.49305600000002,74.46668700000002,73.66293700000001,72.39768900000001,71.6556362,70.4049868,70.19635380000001,67.914147,68.00871020000001,65.558471,63.236563200000006,56.96718040000001,51.01290320000001,45.680446,40.607591000000006,36.4940168,32.8150762,30.612172200000003,29.313918199999996,30.1623518,29.701068199999998,30.819101399999997,30.6390332,27.849111400000005,24.127846400000006,23.507803000000006,20.5831974,18.914407399999998,15.75180316,12.19008556,7.13678196,4.33839976,1.07868596,0.0,0.0,0.0,0.0,0.0,0.0,0.0,0.0,0.0,0.0,0.0,0.0,0.0,0.0,0.00050611734,0.0008545696800000001,0.0008545696800000001,0.0008545696800000001
Kingsbury,SB,SUN,2938.22093980704,6.985177159999999,9.42903036,17.38456936,20.16196516,31.6070008,34.5958768,38.5925936,35.4776712,38.327701399999995,32.411503,31.990228400000003,33.7588434,37.203325799999995,39.57276900000001,42.0346054,46.96713400000001,47.56488100000001,48.58796080000001,49.73664720000001,51.3001092,50.944758799999995,55.4555248,58.68799700000001,61.78038060000001,63.7736706,65.43645500000001,66.179153,64.5124926,64.3534606,61.3224752,63.226890399999995,62.67942320000001,65.79818660000001,66.5465066,69.22284599999999,66.35717480000001,64.2249886,60.83690460000001,57.152044,55.60017,53.618113199999996,52.1912446,51.324144,51.9243736,51.1272206,50.74011060000001,50.3495846,47.4268376,44.91711160000001,39.9539532,38.23432200000001,33.8868904,34.00479120000001,30.149678200000004,31.74587260000001,28.2357918,28.4854684,25.671718400000003,27.879644400000004,24.589391400000004,23.1045482,21.310929800000004,19.5641592,16.4129968,15.527701500000004,16.0826255,14.290062699999998,13.8594453,12.2758937,11.357788200000002,9.067122,9.1039052,7.61541544,6.1386318200000005,4.3618552400000015,2.72678344,0.81058844,0.357493,0.01216462,0.0,0.0,0.0,0.0,0.0,0.0,0.0,0.0,0.0,0.0,0.0,0.0,0.0,0.0006693634000000001,0.00093396788,0.00093396788,0.00093396788
London Bridge,SB,SUN,20368.37736329139,6.877098720000001,8.24780642,12.814651020000005,12.528280420000002,17.870800300000006,19.604532100000004,43.5519472,44.13098000000001,64.0553572,77.67949200000002,99.2529012,91.26724240000001,104.161256,105.195079,110.3179938,114.13526380000002,125.39506979999999,142.0818188,154.68322680000003,173.49728800000003,188.258648,209.495132,220.990858,245.166746,262.950718,283.7944740000001,297.765292,320.3142400000001,331.4362240000001,343.396178,344.5976720000001,359.148168,363.09921400000013,359.48033,358.7079980000001,367.42955000000006,357.629274,356.5981940000001,354.8604620000001,362.25262599999996,364.350966,375.585806,380.449386,402.27346,408.846188,411.35717400000004,411.398702,421.270814,432.867138,437.81448400000005,446.85266800000005,458.06218400000006,463.181318,457.72010000000006,444.88724400000007,437.38962800000013,424.06845999999996,398.38703399999997,368.357426,352.35412400000007,328.375538,308.24270200000007,294.9015940000001,292.30771,294.817918,290.71008400000005,288.529162,290.73258599999997,280.37519199999997,256.32597200000004,247.44542,236.31455,215.118106,197.19444,169.73327799999996,124.33243,80.06255,46.531998,14.013058,0.0,0.0,0.0,0.0,0.0,0.0,0.0,0.0,0.0,0.0,0.0,0.0,0.0,0.02893304,0.0299184238,0.0299184238,0.0299184238
Neasden,SB,SUN,2050.7880194712,3.04490206,6.09785726,7.9165686599999985,14.06301546,15.01945546,19.4851796,20.5699888,24.4923548,23.601838800000003,25.3264686,27.025604600000005,29.847460800000004,31.4479354,31.640130199999998,35.2533586,36.8573862,38.2912256,39.0526086,41.96687100000001,44.76110700000001,44.648989,44.999859,45.8917628,46.1757422,42.7784222,40.95721260000001,38.604589,37.8536422,35.3955778,36.3865794,37.598675,38.6364402,37.670528999999995,39.7070526,39.326957,38.483425,37.9362266,36.881555799999994,35.12578920000001,34.739730200000004,34.215387400000004,34.48415479999999,36.0500608,36.421974799999994,36.051213,36.50259580000001,36.10840560000001,35.25675220000001,34.50240960000001,33.6135432,32.489309999999996,32.242399600000006,31.962897000000005,31.445212600000005,30.7216484,28.950412,25.8343642,22.010860600000004,19.1696342,15.6822176,13.672878,12.1456346,11.7946324,10.386475,9.978152,9.359294199999999,8.94411788,8.04845622,7.47233382,6.60250596,6.307607259999998,5.58406228,4.33533182,3.14771502,2.27917988,1.0670895800000002,0.33916208000000003,0.0,0.0,0.0,0.0,0.0,0.0,0.0,0.0,0.0,0.0,0.0,0.0,0.0,0.0,0.0,0.0053258507999999994,0.0141793068,0.0141793068,0.0141793068
North Greenwich,SB,SUN,12389.8849016538,15.966797,18.8807846,33.2240666,35.3353046,46.0252146,40.3874066,55.228329,48.2260542,56.43148620000001,47.4707184,50.813694399999996,41.6952658,45.185590999999995,41.00706339999999,47.6222768,52.10635360000001,59.33015020000001,60.3758052,69.24074480000002,71.69103620000001,76.69897940000001,75.35397940000001,82.67630600000003,84.03595000000001,102.57409,110.023259,125.668571,131.52927900000003,152.40479100000005,158.746221,187.45208,205.575086,231.46072400000003,236.14617200000004,239.76589400000003,230.37926400000003,231.06072200000003,223.27843199999998,221.84471800000003,224.09010200000003,226.156972,225.84276000000003,240.11073,259.86796400000003,282.989938,294.8966920000001,310.19228599999997,313.32332599999995,322.522446,301.523862,287.293088,272.217456,257.32295,230.535758,232.47560400000003,233.881646,227.065548,226.36233200000004,219.70526800000005,214.61744800000002,205.00388600000002,189.654176,178.64187800000005,173.667576,155.941004,153.444504,163.027984,179.451184,202.35947600000003,230.80637,246.239064,247.61542000000003,219.5957972,170.9101668,117.29689598000002,68.99665304000001,31.33182104,8.97588384,0.47958024,0.25979106,0.0,0.0,0.0,0.0,0.0,0.0,0.0,0.0,0.0,0.0,0.0,0.0,0.06497385,0.0693265346,0.0693265346,0.0693265346
Queensbury,SB,SUN,2522.9303529205595,6.63937894,11.56661554,19.19719254,28.2140894,32.271577799999996,38.0738642,39.105142,43.2887496,40.483622800000006,43.2661604,43.54494160000001,46.4428442,42.8256322,44.55879940000001,45.838449,41.981887799999996,42.7214798,44.12478880000001,45.14279500000001,44.80008940000001,49.4132294,50.718525799999995,51.6745802,54.0667628,55.245254,56.0431466,55.848804599999994,55.8330356,54.45343680000001,55.8158804,55.81318280000001,54.981033999999994,54.99060660000001,53.68898460000001,50.94420620000001,49.21359700000001,47.84270040000001,44.465954,42.7833162,40.38759780000001,40.0519706,39.1119326,41.1643774,43.1359214,40.3224682,39.0253226,35.73666300000001,31.93241040000001,27.698502600000005,27.684087800000004,24.725459,25.5263306,24.2753172,23.861183,23.2394062,23.0725052,21.5011852,21.352757200000006,19.6045902,18.1082328,16.4814454,15.306440000000002,13.575436200000002,13.1203212,13.040485199999999,11.8948964,11.4401692,10.5583158,9.2410814,8.517379199999999,7.6139826,6.6262063,5.71279582,4.46009836,2.6365786200000003,1.82146282,0.93419972,0.4383234,0.057909860000000014,0.0,0.0,0.0,0.0,0.0,0.0,0.0,0.0,0.0,0.0,0.0,0.0,0.0,0.00123875774,0.0030090809399999996,0.0030090809399999996,0.0030090809399999996
Southwark,SB,SUN,4244.998228519769,0.6619074600000001,0.7750105200000001,1.1788504400000002,1.07471158,1.4568649999999999,2.20191866,6.7108058,7.23128258,21.03378658,24.90163718,30.1604777,28.1758083,32.205565,21.355530399999996,20.6496272,18.2352304,19.5583424,18.071466,20.0781398,21.2790988,22.290457600000003,23.4196756,24.786260800000004,25.6875148,27.689968800000006,28.516532799999997,31.215560800000002,33.442289599999995,33.8176044,40.750111,47.1632034,49.4275222,50.20492860000001,54.005281999999994,50.34182060000001,48.44605800000001,47.451055200000006,55.8738218,56.92845240000001,62.68964980000001,62.75184600000001,79.65433320000002,84.30017720000002,92.4046712,90.52004920000002,103.51514399999999,93.964366,103.884688,99.69023,114.58651600000002,106.655442,106.5414,88.45932400000002,101.94285800000002,90.807108,97.539778,91.4319952,97.1409712,77.3612566,78.60096259999999,66.4927392,77.33925400000003,67.63077679999999,75.88378940000003,63.28599040000001,72.29400900000002,59.689404,66.97940799999999,55.991856000000006,62.06808700000001,52.74145980000001,61.27322780000001,80.036617,85.47154640000001,99.1615244,89.43713840000001,72.4755814,37.6769154,26.17178,0.0,0.0,0.0,0.0,0.0,0.0,0.0,0.0,0.0,0.0,0.0,0.0,0.0,4.3929942e-05,4.3929942e-05,4.3929942e-05,4.3929942e-05
St. John's Wood,SB,SUN,4519.608135659744,1.94453402,2.76170542,3.74832702,4.96775968,6.4717250800000015,7.636019999999999,7.77448434,9.21947654,10.10145554,11.59854614,14.45088094,20.247550800000006,25.640835600000006,30.2222522,33.98834779999999,40.1093078,45.3791968,49.158945200000005,54.4496522,61.848604599999994,66.1946566,68.98956100000001,73.255708,77.4602558,83.040115,89.20316400000002,97.419552,105.721764,113.93745,120.22469280000001,125.9103718,127.3034408,125.11088079999999,122.529082,117.5747,111.014948,107.059572,103.432074,100.401134,98.517579,97.99829100000001,96.29899499999999,98.86141500000001,97.805675,96.551232,94.6018028,95.4615568,93.8393628,93.8340608,91.7300718,91.328378,87.905703,84.26450299999998,79.38243899999998,74.71101860000002,69.379526,62.4428142,54.32673120000001,50.303327200000005,46.9860322,42.58977820000001,39.309217800000006,37.36450980000001,32.77944900000001,29.2047854,26.008323600000004,25.014011400000005,24.22926080000001,23.883029200000006,22.155953200000006,20.0500268,17.3901544,14.839369,11.73322808,8.40030808,5.85081188,3.51330568,1.25765868,0.0,0.0,0.0,0.0,0.0,0.0,0.0,0.0,0.0,0.0,0.0,0.0,0.0,0.0,7.6464132e-05,0.000544491872,0.000544491872,0.000544491872
Stanmore,SB,SUN,3223.3873469241216,4.5418324000000005,8.047729200000001,10.8070084,16.5797834,18.7629388,22.8036528,22.198864,25.2415704,27.158457799999997,32.6787684,34.12556840000001,37.908537,43.5988862,44.6471408,46.1025234,46.88589660000001,51.9745334,53.7902866,59.0666986,63.83712540000001,72.9559632,78.4129038,83.47772979999998,87.38217979999997,91.3456258,94.22265959999999,99.8775916,105.72707759999999,102.2897376,99.3833188,91.69905920000001,82.23470640000002,71.7133584,67.240238,61.21037140000001,58.8290572,54.61858600000001,50.93139000000001,49.0425236,47.40835920000001,47.76641120000001,47.9233156,46.83911500000001,48.40365739999999,48.9888334,48.90996240000001,48.16968920000001,48.28980260000001,46.45413820000001,44.6098152,41.6962028,40.0433716,37.929899600000006,35.22690880000001,33.3674782,32.0707286,29.680291999999998,26.7898692,25.739825000000003,23.789778800000004,21.551304600000005,21.766913199999998,20.110744800000006,18.3141978,17.3835866,16.15042,13.115281800000002,12.6323192,11.2176564,10.174218200000002,9.04164392,8.940315320000002,7.452352600000001,5.5949658960000015,3.670788554000001,2.1787516340000006,0.516484434,0.09770415400000003,0.027224458000000003,0.0,0.0,0.0,0.0,0.0,0.0,0.0,0.0,0.0,0.0,0.0,0.0,0.0,0.00021463599999999998,0.00030830604,0.00030830604,0.00030830604
Swiss Cottage,SB,SUN,3954.812960374479,1.6986727,2.7672537,3.77427598,6.3471968400000005,6.34448804,8.96057368,9.14228174,11.23555486,13.57303726,17.66218706,19.718406660000007,25.117945200000005,30.834271800000003,34.82669620000001,41.7193274,49.22017879999999,57.8297692,65.4273684,72.5557218,77.88150540000002,85.31206020000002,90.2137094,92.1828742,95.70044140000002,99.98127440000002,99.9616024,100.71350920000002,104.6420292,109.82571800000002,110.00146,113.01096799999999,111.74889399999999,106.382948,98.464776,93.978338,86.80309399999999,81.46695679999999,77.55381679999999,75.1120868,72.97916479999999,72.4084908,72.392774,72.395364,72.52595500000002,70.51387100000002,67.22757299999999,64.3625244,63.62988240000001,60.4969204,58.521723,58.096861399999995,58.3244416,54.89598,53.3399214,52.223636799999994,50.368876799999995,46.5774132,44.570539200000006,41.357508200000005,36.6365662,32.5318822,28.929898600000005,26.1511338,23.269476000000004,21.103693600000003,19.2234964,19.9250834,20.971135999999998,20.4915222,20.736759600000006,20.508392,17.567498999999998,14.980204,13.162191600000002,9.6232446,6.234091,4.2052666,1.6578414000000001,0.0,0.0,0.0,0.0,0.0,0.0,0.0,0.0,0.0,0.0,0.0,0.0,0.0,0.0,4.9960550000000014e-05,0.00028043131,0.00028043131,0.00028043131
Waterloo,SB,SUN,24835.000157623042,9.4476208,15.5572674,20.2087444,35.8082254,40.4557394,49.1163116,52.06980580000001,57.373446799999996,59.452456000000005,55.1044536,59.5346326,61.7459784,70.77998240000001,77.4224952,89.2294136,97.5548786,109.128044,120.526188,131.88273600000002,161.83140200000003,183.562076,216.26182999999997,249.05603399999998,294.77139,321.907894,354.011056,374.17692,400.766562,399.428916,423.758182,429.93139000000014,434.850688,429.557024,439.81705,424.911772,414.90626,413.65183600000006,411.005048,408.46971200000013,413.646464,431.859032,457.48258800000013,483.211754,504.96033000000006,522.4393500000001,551.356486,574.205466,590.1557720000002,603.1159600000002,601.3999200000001,587.25774,587.95072,568.0224680000001,572.67848,562.2961600000001,564.3152600000002,515.5894519999999,493.25810400000006,437.75469800000013,432.04125800000014,394.67485800000014,393.44332599999996,372.55074,361.58963200000005,334.868156,332.83151000000004,323.88105000000013,349.54546400000004,380.43197799999996,398.702346,384.31882400000006,362.807418,312.442538,251.914282,179.828982,123.42211,75.297656,39.640176,7.981692,0.0,0.0,0.0,0.0,0.0,0.0,0.0,0.0,0.0,0.0,0.0,0.0,0.0,0.00038430576,0.26603710575999995,0.26603710575999995,0.26603710575999995
Wembley Park,SB,SUN,7267.951140049299,16.094569800000002,25.2574258,39.7316506,52.592375,63.188923200000005,65.46499,90.989908,87.85139320000002,82.60181840000001,77.52249859999999,77.784835,54.93569300000001,56.001600399999994,59.8885092,64.5140498,73.7111194,81.7107814,91.484438,98.737866,110.13326599999999,115.69609400000002,121.627572,126.601862,135.80103799999998,140.087486,147.436386,153.10070000000005,152.60938200000004,155.87980800000003,158.252296,158.28665800000005,158.91535800000003,162.17910600000005,157.25571399999998,153.33947,150.19836,147.706326,144.27586000000002,138.924498,137.226194,136.01888200000002,133.330158,135.13326600000002,137.31565,132.4877252,128.51719920000002,124.4756132,120.1751072,112.5466132,108.898192,104.074122,101.012333,96.799015,95.885491,93.367099,88.71288420000002,81.21746920000002,72.845534,66.29496600000002,58.92540840000001,53.63642360000001,48.45827360000001,46.10711780000001,41.949901800000006,40.1866854,41.421490000000006,49.959958,57.767418000000006,75.52039400000002,85.40799700000002,84.91765740000002,77.72811220000001,65.7399352,41.06294276000001,23.75774434,14.110126940000002,5.65611614,0.7791121400000001,0.12979458,0.0,0.0,0.0,0.0,0.0,0.0,0.0,0.0,0.0,0.0,0.0,0.0,0.0,0.0042893584,0.0063477303,0.0063477303,0.0063477303
West Ham,SB,SUN,3977.7912255713195,0.95154139,1.67887369,2.1545558500000004,4.949143640000001,5.18775744,5.917085400000001,5.623645580000002,6.615727420000002,12.41468342,15.93506428,20.615308480000003,24.5492994,26.943451000000003,22.2359946,25.9529558,27.343612,32.9970786,37.8528686,48.111581,49.44386780000001,57.18277640000001,57.806822800000006,64.13646820000001,63.475666200000006,73.0095474,77.37582540000001,85.65004420000001,91.3097812,106.1472452,110.62145520000001,125.0185472,134.13020600000002,144.30289399999998,135.08303600000002,138.814978,122.17998920000002,118.492276,101.9868988,102.0287948,91.5316508,92.04809759999999,77.89731320000001,82.02473040000002,77.03870840000002,78.2771644,71.0038672,69.7083368,56.79793360000001,53.61955320000001,43.10677800000001,41.8959132,40.7195152,44.7236484,44.619226399999995,53.1102596,58.66809360000001,65.2249316,63.61225300000001,63.68281940000001,52.34591540000001,42.4244278,30.6798608,29.2588814,23.7908624,27.9724864,25.3492378,27.2098872,23.808542199999998,21.750201,15.102649,14.797935999999998,15.341730199999999,16.926072,15.451127800000002,14.444321400000002,12.90435986,7.966797260000001,3.22191246,1.19966886,0.28939526,0.0,0.0,0.0,0.0,0.0,0.0,0.0,0.0,0.0,0.0,0.0,0.0,0.0015424140799999999,0.00508968908,0.00508968908,0.00508968908
West Hampstead,SB,SUN,5777.433883422163,1.41609218,1.87549222,2.95194248,4.1473071400000014,5.839167860000001,7.2646255,14.40816666,17.171322399999998,22.7333262,27.610554200000006,35.54048620000001,35.714825399999995,44.8557834,51.6890734,60.7650912,65.88624920000001,76.62250279999999,80.48632359999999,91.3912696,97.2061468,107.9073808,109.2540668,120.45903600000001,121.820924,129.46755000000002,128.360058,142.11355,146.85101799999998,153.68057199999996,154.923294,162.37803799999998,156.702358,150.67664200000004,139.964976,134.27352199999999,125.781132,120.78046,114.025646,114.628352,111.52466799999999,110.88819600000002,107.456993,108.532517,104.45864900000002,99.32756500000002,95.732309,98.34865200000002,97.771017,102.396931,103.5582878,107.5950638,101.79913979999999,99.5487368,91.90195279999999,90.437646,80.04177200000002,78.19069200000001,69.84093800000001,67.202188,57.63418660000001,52.83047560000001,44.7398466,44.227262599999996,36.2065724,37.2087086,33.706534600000005,38.78846060000001,34.538439000000004,35.240142999999996,32.117695399999995,32.2829608,25.640214200000006,22.8364018,17.90349528,12.988082080000002,8.114077680000001,3.29003128,0.95242528,0.0,0.0,0.0,0.0,0.0,0.0,0.0,0.0,0.0,0.0,0.0,0.0,0.0,0.0,0.0021067344,0.00250841592,0.00250841592,0.00250841592
Westminster,SB,SUN,14622.244722275724,2.31495856,3.74036156,4.26128232,6.030256960000001,5.61904164,11.70300704,15.14352504,23.41856028,30.89527648,40.874146,39.9982004,52.3419634,59.4850494,65.833588,73.2643994,89.37600979999998,91.9684598,98.87098979999999,104.8087958,115.19037279999999,122.561304,134.48562600000002,139.914284,153.622982,165.239898,181.472108,196.534674,223.68708400000003,241.05902000000003,263.90961200000004,276.10040200000003,288.1061600000001,291.14325,304.02271800000005,296.385054,296.042522,293.385174,291.417912,281.196984,283.1371400000001,283.179304,293.8988480000001,304.42336,322.164648,343.973048,360.16198800000006,359.9692280000001,366.363362,372.630392,368.9229,360.36446800000004,361.906232,350.781354,332.758136,312.7947640000001,300.034744,276.827558,253.824108,233.51722200000003,221.03986200000003,207.238032,203.83329799999998,202.18871400000003,197.461452,186.451822,176.961382,169.132868,162.069522,148.853786,142.399998,144.732524,141.87917600000003,128.83147200000002,128.099379,103.90191786,72.68544186000003,41.77324386,24.246091860000003,1.40667686,0.0,0.0,0.0,0.0,0.0,0.0,0.0,0.0,0.0,0.0,0.0,0.0,0.0,2.8262226e-05,7.27445e-05,7.27445e-05,7.27445e-05
Willesden Green,SB,SUN,4832.3727182983,4.770133599999999,6.0168742,11.684954199999998,12.6389568,18.868513399999998,19.9696876,29.270647000000004,29.3223042,36.43593840000001,37.13868080000001,46.80100720000001,49.478272200000006,57.1574502,61.153246200000005,70.5559782,76.5151762,84.14346520000002,89.97879800000003,98.09871800000002,105.92249200000002,110.3749948,113.149904,119.41787920000002,124.93952520000002,126.7621252,126.7551324,129.2889652,132.56839399999998,128.31348799999998,125.98190200000002,130.09639200000004,130.06512800000002,123.63071799999999,120.829504,117.197938,111.35096399999999,103.25518,99.6042408,97.9135668,93.7070548,88.32574079999999,85.52057680000001,81.44242200000002,77.60378800000002,74.745338,72.30034599999999,69.73725139999999,69.75370740000001,68.53446339999999,66.4458304,64.0922376,63.093967000000006,59.4058818,56.56065080000001,54.1844644,50.3754098,45.99046420000001,41.837541400000006,37.7172422,34.708762799999995,31.4090618,28.3813858,25.3903978,22.2975466,19.755508,18.938414399999996,18.0250764,17.0114033,15.8627046,13.376368000000005,11.6713296,10.396667800000001,9.02456744,6.96740554,5.45861954,3.48463194,1.41683454,0.0,0.0,0.0,0.0,0.0,0.0,0.0,0.0,0.0,0.0,0.0,0.0,0.0,0.0,0.0,0.0009008518,0.0011727155,0.0011727155,0.0011727155
